<?xml version="1.0" encoding="UTF-8"?>
<gpx creator="StravaGPX" version="1.1" xmlns="http://www.topografix.com/GPX/1/1" xmlns:xsi="http://www.w3.org/2001/XMLSchema-instance" xsi:schemaLocation="http://www.topografix.com/GPX/1/1 http://www.topografix.com/GPX/1/1/gpx.xsd">
 <metadata>
  <name>Bernstol ring</name>
  <author>
   <name>Gabriele Zeni</name>
   <link href="https://www.strava.com/athletes/11915744"/>
  </author>
  <copyright author="OpenStreetMap contributors">
   <year>2020</year>
   <license>https://www.openstreetmap.org/copyright</license>
  </copyright>
  <link href="https://www.strava.com/routes/3359778834253649668"/>
 </metadata>
 <trk>
  <name>Bernstol ring</name>
  <link href="https://www.strava.com/routes/3359778834253649668"/>
  <type>running</type>
  <trkseg>
   <trkpt lat="46.07123000000001" lon="11.25801">
    <ele>523.94</ele>
   </trkpt>
   <trkpt lat="46.07114000000001" lon="11.25758">
    <ele>523.12</ele>
   </trkpt>
   <trkpt lat="46.07083" lon="11.25674">
    <ele>521.5500000000001</ele>
   </trkpt>
   <trkpt lat="46.070640003608254" lon="11.255829996855478">
    <ele>519.66</ele>
   </trkpt>
   <trkpt lat="46.07045" lon="11.25492">
    <ele>516.9</ele>
   </trkpt>
   <trkpt lat="46.070350000000005" lon="11.2542">
    <ele>515.4000000000001</ele>
   </trkpt>
   <trkpt lat="46.07029000000001" lon="11.254140000000001">
    <ele>515.4000000000001</ele>
   </trkpt>
   <trkpt lat="46.070130000000006" lon="11.254150000000001">
    <ele>514.5300000000001</ele>
   </trkpt>
   <trkpt lat="46.070080000000004" lon="11.254100000000001">
    <ele>514.5300000000001</ele>
   </trkpt>
   <trkpt lat="46.069880000000005" lon="11.25303">
    <ele>512.66</ele>
   </trkpt>
   <trkpt lat="46.06991000000001" lon="11.25298">
    <ele>512.66</ele>
   </trkpt>
   <trkpt lat="46.07052" lon="11.252510000000001">
    <ele>510.63</ele>
   </trkpt>
   <trkpt lat="46.07059" lon="11.252410000000001">
    <ele>510.63</ele>
   </trkpt>
   <trkpt lat="46.070620000000005" lon="11.252">
    <ele>509.92</ele>
   </trkpt>
   <trkpt lat="46.07067000000001" lon="11.25106">
    <ele>508.56</ele>
   </trkpt>
   <trkpt lat="46.070710000000005" lon="11.25078">
    <ele>508.21999999999997</ele>
   </trkpt>
   <trkpt lat="46.070800000000006" lon="11.250810000000001">
    <ele>508.63</ele>
   </trkpt>
   <trkpt lat="46.07094" lon="11.250670000000001">
    <ele>508.92</ele>
   </trkpt>
   <trkpt lat="46.07106" lon="11.250610000000002">
    <ele>509.25000000000006</ele>
   </trkpt>
   <trkpt lat="46.07121" lon="11.25064">
    <ele>510.32</ele>
   </trkpt>
   <trkpt lat="46.07132000000001" lon="11.25056">
    <ele>510.71</ele>
   </trkpt>
   <trkpt lat="46.071450000000006" lon="11.2504">
    <ele>511.21999999999997</ele>
   </trkpt>
   <trkpt lat="46.07155" lon="11.25017">
    <ele>511.3500000000001</ele>
   </trkpt>
   <trkpt lat="46.071600000000004" lon="11.249860000000002">
    <ele>511.2</ele>
   </trkpt>
   <trkpt lat="46.071690000000004" lon="11.24872">
    <ele>511.44</ele>
   </trkpt>
   <trkpt lat="46.07197" lon="11.247610000000002">
    <ele>507.09999999999997</ele>
   </trkpt>
   <trkpt lat="46.07206" lon="11.247420000000002">
    <ele>506.11000000000007</ele>
   </trkpt>
   <trkpt lat="46.07218" lon="11.247420000000002">
    <ele>505.51</ele>
   </trkpt>
   <trkpt lat="46.0722" lon="11.247610000000002">
    <ele>506.36</ele>
   </trkpt>
   <trkpt lat="46.07224" lon="11.24773">
    <ele>506.53999999999996</ele>
   </trkpt>
   <trkpt lat="46.07231" lon="11.247800000000002">
    <ele>506.86000000000007</ele>
   </trkpt>
   <trkpt lat="46.07238" lon="11.24783">
    <ele>506.86000000000007</ele>
   </trkpt>
   <trkpt lat="46.072900000000004" lon="11.247890000000002">
    <ele>508.99000000000007</ele>
   </trkpt>
   <trkpt lat="46.07303" lon="11.247900000000001">
    <ele>509.8</ele>
   </trkpt>
   <trkpt lat="46.073130000000006" lon="11.24787">
    <ele>510.4200000000001</ele>
   </trkpt>
   <trkpt lat="46.073240000000006" lon="11.247760000000001">
    <ele>511.09000000000003</ele>
   </trkpt>
   <trkpt lat="46.073350000000005" lon="11.247520000000002">
    <ele>513.1999999999999</ele>
   </trkpt>
   <trkpt lat="46.07336" lon="11.24741">
    <ele>513.99</ele>
   </trkpt>
   <trkpt lat="46.073420000000006" lon="11.24731">
    <ele>514.85</ele>
   </trkpt>
   <trkpt lat="46.0735" lon="11.24731">
    <ele>516.21</ele>
   </trkpt>
   <trkpt lat="46.073530000000005" lon="11.247280000000002">
    <ele>516.21</ele>
   </trkpt>
   <trkpt lat="46.07359" lon="11.247380000000001">
    <ele>516.21</ele>
   </trkpt>
   <trkpt lat="46.073600000000006" lon="11.247440000000001">
    <ele>517.37</ele>
   </trkpt>
   <trkpt lat="46.07358000000001" lon="11.24754">
    <ele>517.37</ele>
   </trkpt>
   <trkpt lat="46.07374" lon="11.247670000000001">
    <ele>521.3100000000001</ele>
   </trkpt>
   <trkpt lat="46.07399" lon="11.247710000000001">
    <ele>525.7400000000001</ele>
   </trkpt>
   <trkpt lat="46.07432000000001" lon="11.247630000000001">
    <ele>532.66</ele>
   </trkpt>
   <trkpt lat="46.074450000000006" lon="11.247580000000001">
    <ele>534.33</ele>
   </trkpt>
   <trkpt lat="46.074600000000004" lon="11.247560000000002">
    <ele>535.9200000000001</ele>
   </trkpt>
   <trkpt lat="46.074940000000005" lon="11.247700000000002">
    <ele>543.2600000000001</ele>
   </trkpt>
   <trkpt lat="46.075070000000004" lon="11.247630000000001">
    <ele>545.64</ele>
   </trkpt>
   <trkpt lat="46.0752" lon="11.247700000000002">
    <ele>547.1600000000001</ele>
   </trkpt>
   <trkpt lat="46.07522" lon="11.247750000000002">
    <ele>547.86</ele>
   </trkpt>
   <trkpt lat="46.075160000000004" lon="11.24812">
    <ele>550.83</ele>
   </trkpt>
   <trkpt lat="46.075160000000004" lon="11.248550000000002">
    <ele>552.22</ele>
   </trkpt>
   <trkpt lat="46.075190000000006" lon="11.24887">
    <ele>552.83</ele>
   </trkpt>
   <trkpt lat="46.07524" lon="11.249020000000002">
    <ele>553.2600000000001</ele>
   </trkpt>
   <trkpt lat="46.075250000000004" lon="11.249220000000001">
    <ele>553.6500000000001</ele>
   </trkpt>
   <trkpt lat="46.07524" lon="11.249440000000002">
    <ele>553.64</ele>
   </trkpt>
   <trkpt lat="46.075190000000006" lon="11.24967">
    <ele>553.12</ele>
   </trkpt>
   <trkpt lat="46.07504" lon="11.25013">
    <ele>552.8000000000001</ele>
   </trkpt>
   <trkpt lat="46.07509" lon="11.250530000000001">
    <ele>553.0200000000001</ele>
   </trkpt>
   <trkpt lat="46.075160000000004" lon="11.2507">
    <ele>553.3800000000001</ele>
   </trkpt>
   <trkpt lat="46.07517000000001" lon="11.250910000000001">
    <ele>553.94</ele>
   </trkpt>
   <trkpt lat="46.07513" lon="11.25112">
    <ele>554.74</ele>
   </trkpt>
   <trkpt lat="46.07526000000001" lon="11.251370000000001">
    <ele>557.15</ele>
   </trkpt>
   <trkpt lat="46.075230000000005" lon="11.251600000000002">
    <ele>558.49</ele>
   </trkpt>
   <trkpt lat="46.07527" lon="11.251750000000001">
    <ele>560.84</ele>
   </trkpt>
   <trkpt lat="46.075430000000004" lon="11.251990000000001">
    <ele>563.58</ele>
   </trkpt>
   <trkpt lat="46.075540000000004" lon="11.252030000000001">
    <ele>567.2700000000001</ele>
   </trkpt>
   <trkpt lat="46.07556" lon="11.25215">
    <ele>568.07</ele>
   </trkpt>
   <trkpt lat="46.075750000000006" lon="11.252490000000002">
    <ele>575.1200000000001</ele>
   </trkpt>
   <trkpt lat="46.07582" lon="11.252550000000001">
    <ele>577.38</ele>
   </trkpt>
   <trkpt lat="46.075880000000005" lon="11.25233">
    <ele>580.37</ele>
   </trkpt>
   <trkpt lat="46.075900000000004" lon="11.25191">
    <ele>584.2</ele>
   </trkpt>
   <trkpt lat="46.07592" lon="11.251840000000001">
    <ele>584.2</ele>
   </trkpt>
   <trkpt lat="46.076010000000004" lon="11.251800000000001">
    <ele>584.2</ele>
   </trkpt>
   <trkpt lat="46.07602000000001" lon="11.251430000000001">
    <ele>592.31</ele>
   </trkpt>
   <trkpt lat="46.07612" lon="11.251090000000001">
    <ele>599.45</ele>
   </trkpt>
   <trkpt lat="46.076190000000004" lon="11.25097">
    <ele>602.1800000000001</ele>
   </trkpt>
   <trkpt lat="46.076240000000006" lon="11.25097">
    <ele>604.11</ele>
   </trkpt>
   <trkpt lat="46.07641" lon="11.251270000000002">
    <ele>607.72</ele>
   </trkpt>
   <trkpt lat="46.076570000000004" lon="11.251800000000001">
    <ele>618.0300000000001</ele>
   </trkpt>
   <trkpt lat="46.07676000000001" lon="11.25214">
    <ele>620.3700000000001</ele>
   </trkpt>
   <trkpt lat="46.076950000000004" lon="11.25239">
    <ele>626.7900000000001</ele>
   </trkpt>
   <trkpt lat="46.077110000000005" lon="11.25286">
    <ele>630.87</ele>
   </trkpt>
   <trkpt lat="46.07744" lon="11.25323">
    <ele>640.3700000000001</ele>
   </trkpt>
   <trkpt lat="46.077760000000005" lon="11.254010000000001">
    <ele>647.46</ele>
   </trkpt>
   <trkpt lat="46.0778" lon="11.25393">
    <ele>647.48</ele>
   </trkpt>
   <trkpt lat="46.07772000000001" lon="11.25298">
    <ele>652.34</ele>
   </trkpt>
   <trkpt lat="46.07771" lon="11.252690000000001">
    <ele>653.34</ele>
   </trkpt>
   <trkpt lat="46.07773" lon="11.25248">
    <ele>654.22</ele>
   </trkpt>
   <trkpt lat="46.0778" lon="11.25233">
    <ele>655.2600000000001</ele>
   </trkpt>
   <trkpt lat="46.07793" lon="11.252220000000001">
    <ele>656.49</ele>
   </trkpt>
   <trkpt lat="46.078050000000005" lon="11.252160000000002">
    <ele>658.0400000000001</ele>
   </trkpt>
   <trkpt lat="46.07827" lon="11.2521">
    <ele>659.84</ele>
   </trkpt>
   <trkpt lat="46.07838" lon="11.251970000000002">
    <ele>663.2</ele>
   </trkpt>
   <trkpt lat="46.078480000000006" lon="11.25144">
    <ele>668.6800000000001</ele>
   </trkpt>
   <trkpt lat="46.078480000000006" lon="11.25112">
    <ele>670.76</ele>
   </trkpt>
   <trkpt lat="46.07853" lon="11.250670000000001">
    <ele>674.33</ele>
   </trkpt>
   <trkpt lat="46.07862" lon="11.250380000000002">
    <ele>676.18</ele>
   </trkpt>
   <trkpt lat="46.07878" lon="11.250100000000002">
    <ele>680.7700000000001</ele>
   </trkpt>
   <trkpt lat="46.079040000000006" lon="11.249820000000001">
    <ele>684.49</ele>
   </trkpt>
   <trkpt lat="46.079190000000004" lon="11.24937">
    <ele>689.1100000000001</ele>
   </trkpt>
   <trkpt lat="46.07945" lon="11.24872">
    <ele>692.9300000000001</ele>
   </trkpt>
   <trkpt lat="46.07954" lon="11.248360000000002">
    <ele>695.2900000000001</ele>
   </trkpt>
   <trkpt lat="46.079750000000004" lon="11.248080000000002">
    <ele>698.55</ele>
   </trkpt>
   <trkpt lat="46.07983" lon="11.24807">
    <ele>699.61</ele>
   </trkpt>
   <trkpt lat="46.08043000000001" lon="11.247720000000001">
    <ele>714.2400000000001</ele>
   </trkpt>
   <trkpt lat="46.08057" lon="11.247700000000002">
    <ele>718.71</ele>
   </trkpt>
   <trkpt lat="46.08075" lon="11.247720000000001">
    <ele>722.01</ele>
   </trkpt>
   <trkpt lat="46.08093" lon="11.24783">
    <ele>734.01</ele>
   </trkpt>
   <trkpt lat="46.08109" lon="11.24783">
    <ele>738.63</ele>
   </trkpt>
   <trkpt lat="46.081160000000004" lon="11.24787">
    <ele>739.9000000000001</ele>
   </trkpt>
   <trkpt lat="46.08146000000001" lon="11.24796">
    <ele>748.92</ele>
   </trkpt>
   <trkpt lat="46.08169" lon="11.24793">
    <ele>753.6100000000001</ele>
   </trkpt>
   <trkpt lat="46.08176" lon="11.247890000000002">
    <ele>755.9</ele>
   </trkpt>
   <trkpt lat="46.08189" lon="11.247890000000002">
    <ele>759.96</ele>
   </trkpt>
   <trkpt lat="46.08198" lon="11.24793">
    <ele>762.61</ele>
   </trkpt>
   <trkpt lat="46.082080000000005" lon="11.24793">
    <ele>765.11</ele>
   </trkpt>
   <trkpt lat="46.082190000000004" lon="11.247890000000002">
    <ele>767.33</ele>
   </trkpt>
   <trkpt lat="46.08227" lon="11.247900000000001">
    <ele>769.1300000000001</ele>
   </trkpt>
   <trkpt lat="46.08236" lon="11.247900000000001">
    <ele>770.6200000000001</ele>
   </trkpt>
   <trkpt lat="46.08269000000001" lon="11.24802">
    <ele>777.36</ele>
   </trkpt>
   <trkpt lat="46.08281" lon="11.24797">
    <ele>781.7900000000001</ele>
   </trkpt>
   <trkpt lat="46.082980000000006" lon="11.24798">
    <ele>785.69</ele>
   </trkpt>
   <trkpt lat="46.08305000000001" lon="11.24796">
    <ele>785.69</ele>
   </trkpt>
   <trkpt lat="46.083310000000004" lon="11.247950000000001">
    <ele>793.1</ele>
   </trkpt>
   <trkpt lat="46.08337" lon="11.24792">
    <ele>794.34</ele>
   </trkpt>
   <trkpt lat="46.08352000000001" lon="11.24793">
    <ele>797.98</ele>
   </trkpt>
   <trkpt lat="46.08386" lon="11.2481">
    <ele>811.74</ele>
   </trkpt>
   <trkpt lat="46.084010000000006" lon="11.248220000000002">
    <ele>816.1600000000001</ele>
   </trkpt>
   <trkpt lat="46.08410000000001" lon="11.24834">
    <ele>819.2900000000001</ele>
   </trkpt>
   <trkpt lat="46.084300000000006" lon="11.24845">
    <ele>826.1600000000001</ele>
   </trkpt>
   <trkpt lat="46.08438" lon="11.248470000000001">
    <ele>833.49</ele>
   </trkpt>
   <trkpt lat="46.08447" lon="11.24839">
    <ele>836.9700000000001</ele>
   </trkpt>
   <trkpt lat="46.084630000000004" lon="11.248320000000001">
    <ele>843.5300000000001</ele>
   </trkpt>
   <trkpt lat="46.08466000000001" lon="11.248280000000001">
    <ele>843.5300000000001</ele>
   </trkpt>
   <trkpt lat="46.08471" lon="11.248280000000001">
    <ele>846.61</ele>
   </trkpt>
   <trkpt lat="46.084740000000004" lon="11.2483">
    <ele>846.61</ele>
   </trkpt>
   <trkpt lat="46.084830000000004" lon="11.24825">
    <ele>849.35</ele>
   </trkpt>
   <trkpt lat="46.08509" lon="11.24787">
    <ele>854.37</ele>
   </trkpt>
   <trkpt lat="46.0852" lon="11.247480000000001">
    <ele>853.7900000000001</ele>
   </trkpt>
   <trkpt lat="46.08536" lon="11.24726">
    <ele>853.49</ele>
   </trkpt>
   <trkpt lat="46.08538" lon="11.247150000000001">
    <ele>853.5</ele>
   </trkpt>
   <trkpt lat="46.085420000000006" lon="11.24707">
    <ele>853.37</ele>
   </trkpt>
   <trkpt lat="46.08543" lon="11.24693">
    <ele>853.1400000000001</ele>
   </trkpt>
   <trkpt lat="46.085660000000004" lon="11.246640000000001">
    <ele>854.6300000000001</ele>
   </trkpt>
   <trkpt lat="46.08585" lon="11.24647">
    <ele>857.83</ele>
   </trkpt>
   <trkpt lat="46.0859" lon="11.246400000000001">
    <ele>858.38</ele>
   </trkpt>
   <trkpt lat="46.08596000000001" lon="11.24618">
    <ele>860.5600000000001</ele>
   </trkpt>
   <trkpt lat="46.08607000000001" lon="11.246020000000001">
    <ele>862.6600000000001</ele>
   </trkpt>
   <trkpt lat="46.086130000000004" lon="11.245980000000001">
    <ele>864.2700000000001</ele>
   </trkpt>
   <trkpt lat="46.0861" lon="11.2461">
    <ele>868.3700000000001</ele>
   </trkpt>
   <trkpt lat="46.0861" lon="11.24638">
    <ele>869.94</ele>
   </trkpt>
   <trkpt lat="46.08605000000001" lon="11.24657">
    <ele>869.94</ele>
   </trkpt>
   <trkpt lat="46.086000000000006" lon="11.246670000000002">
    <ele>873.01</ele>
   </trkpt>
   <trkpt lat="46.08599" lon="11.246770000000001">
    <ele>873.01</ele>
   </trkpt>
   <trkpt lat="46.085840000000005" lon="11.246860000000002">
    <ele>875.3000000000001</ele>
   </trkpt>
   <trkpt lat="46.085770000000004" lon="11.247020000000001">
    <ele>876.2700000000001</ele>
   </trkpt>
   <trkpt lat="46.08576" lon="11.24751">
    <ele>880.9000000000001</ele>
   </trkpt>
   <trkpt lat="46.085840000000005" lon="11.24839">
    <ele>893.29</ele>
   </trkpt>
   <trkpt lat="46.085860000000004" lon="11.24887">
    <ele>897.6600000000001</ele>
   </trkpt>
   <trkpt lat="46.085860000000004" lon="11.24948">
    <ele>902.2700000000001</ele>
   </trkpt>
   <trkpt lat="46.08576" lon="11.249780000000001">
    <ele>903.9100000000001</ele>
   </trkpt>
   <trkpt lat="46.085860000000004" lon="11.25065">
    <ele>907.7400000000001</ele>
   </trkpt>
   <trkpt lat="46.085860000000004" lon="11.250860000000001">
    <ele>907.94</ele>
   </trkpt>
   <trkpt lat="46.08603" lon="11.25139">
    <ele>906.9</ele>
   </trkpt>
   <trkpt lat="46.08606" lon="11.251560000000001">
    <ele>905.44</ele>
   </trkpt>
   <trkpt lat="46.086180000000006" lon="11.25172">
    <ele>903.4300000000001</ele>
   </trkpt>
   <trkpt lat="46.086310000000005" lon="11.25177">
    <ele>902.0400000000001</ele>
   </trkpt>
   <trkpt lat="46.08648" lon="11.251750000000001">
    <ele>900.73</ele>
   </trkpt>
   <trkpt lat="46.086780000000005" lon="11.25181">
    <ele>899.96</ele>
   </trkpt>
   <trkpt lat="46.08686" lon="11.251900000000001">
    <ele>899.84</ele>
   </trkpt>
   <trkpt lat="46.086890000000004" lon="11.252020000000002">
    <ele>899.7400000000001</ele>
   </trkpt>
   <trkpt lat="46.08686" lon="11.252170000000001">
    <ele>899.6200000000001</ele>
   </trkpt>
   <trkpt lat="46.08704" lon="11.2522">
    <ele>901.19</ele>
   </trkpt>
   <trkpt lat="46.0872" lon="11.25215">
    <ele>901.97</ele>
   </trkpt>
   <trkpt lat="46.08747" lon="11.2522">
    <ele>904.12</ele>
   </trkpt>
   <trkpt lat="46.08776" lon="11.252130000000001">
    <ele>909.39</ele>
   </trkpt>
   <trkpt lat="46.088280000000005" lon="11.25191">
    <ele>914.09</ele>
   </trkpt>
   <trkpt lat="46.08840000000001" lon="11.25182">
    <ele>914.1300000000001</ele>
   </trkpt>
   <trkpt lat="46.08883" lon="11.25178">
    <ele>920.09</ele>
   </trkpt>
   <trkpt lat="46.08952" lon="11.25159">
    <ele>924.6400000000001</ele>
   </trkpt>
   <trkpt lat="46.08999" lon="11.251410000000002">
    <ele>928.6800000000001</ele>
   </trkpt>
   <trkpt lat="46.09011" lon="11.251230000000001">
    <ele>930.9200000000001</ele>
   </trkpt>
   <trkpt lat="46.09022" lon="11.251040000000001">
    <ele>934.58</ele>
   </trkpt>
   <trkpt lat="46.090410000000006" lon="11.250910000000001">
    <ele>937.9600000000002</ele>
   </trkpt>
   <trkpt lat="46.09051" lon="11.250950000000001">
    <ele>940.9200000000001</ele>
   </trkpt>
   <trkpt lat="46.0906" lon="11.251080000000002">
    <ele>941.7</ele>
   </trkpt>
   <trkpt lat="46.09067" lon="11.251100000000001">
    <ele>944.13</ele>
   </trkpt>
   <trkpt lat="46.09093000000001" lon="11.25079">
    <ele>949.27</ele>
   </trkpt>
   <trkpt lat="46.0912" lon="11.250610000000002">
    <ele>953.19</ele>
   </trkpt>
   <trkpt lat="46.09152" lon="11.250490000000001">
    <ele>957.98</ele>
   </trkpt>
   <trkpt lat="46.091770000000004" lon="11.25064">
    <ele>962.0300000000001</ele>
   </trkpt>
   <trkpt lat="46.092200000000005" lon="11.250800000000002">
    <ele>969.5500000000001</ele>
   </trkpt>
   <trkpt lat="46.092560000000006" lon="11.25083">
    <ele>972.1500000000001</ele>
   </trkpt>
   <trkpt lat="46.09292000000001" lon="11.25097">
    <ele>976.99</ele>
   </trkpt>
   <trkpt lat="46.09348000000001" lon="11.250960000000001">
    <ele>982.5400000000001</ele>
   </trkpt>
   <trkpt lat="46.09378" lon="11.25107">
    <ele>986.65</ele>
   </trkpt>
   <trkpt lat="46.09426500011051" lon="11.251030000343242">
    <ele>992.25</ele>
   </trkpt>
   <trkpt lat="46.094750000000005" lon="11.250990000000002">
    <ele>999.11</ele>
   </trkpt>
   <trkpt lat="46.09498000000001" lon="11.25088">
    <ele>1001.6900000000002</ele>
   </trkpt>
   <trkpt lat="46.09521" lon="11.250680000000001">
    <ele>1003.97</ele>
   </trkpt>
   <trkpt lat="46.09573" lon="11.250480000000001">
    <ele>1007.53</ele>
   </trkpt>
   <trkpt lat="46.09624" lon="11.25031">
    <ele>1008.51</ele>
   </trkpt>
   <trkpt lat="46.09649" lon="11.250160000000001">
    <ele>1008.6000000000001</ele>
   </trkpt>
   <trkpt lat="46.09675000000001" lon="11.250110000000001">
    <ele>1008.96</ele>
   </trkpt>
   <trkpt lat="46.09702" lon="11.250020000000001">
    <ele>1008.88</ele>
   </trkpt>
   <trkpt lat="46.09733000000001" lon="11.24994">
    <ele>1008.9300000000001</ele>
   </trkpt>
   <trkpt lat="46.097970000000004" lon="11.24995">
    <ele>1009.3500000000001</ele>
   </trkpt>
   <trkpt lat="46.09821" lon="11.24985">
    <ele>1009.52</ele>
   </trkpt>
   <trkpt lat="46.098490000000005" lon="11.249870000000001">
    <ele>1010.4000000000002</ele>
   </trkpt>
   <trkpt lat="46.0989" lon="11.250110000000001">
    <ele>1013.9500000000002</ele>
   </trkpt>
   <trkpt lat="46.09931" lon="11.25031">
    <ele>1019.2100000000002</ele>
   </trkpt>
   <trkpt lat="46.09946" lon="11.25031">
    <ele>1020.4900000000001</ele>
   </trkpt>
   <trkpt lat="46.09957000000001" lon="11.250340000000001">
    <ele>1019.2800000000002</ele>
   </trkpt>
   <trkpt lat="46.09937" lon="11.250430000000001">
    <ele>1018.88</ele>
   </trkpt>
   <trkpt lat="46.09886" lon="11.25054">
    <ele>1017.3700000000001</ele>
   </trkpt>
   <trkpt lat="46.09857" lon="11.25051">
    <ele>1016.9300000000001</ele>
   </trkpt>
   <trkpt lat="46.098330000000004" lon="11.25055">
    <ele>1017.33</ele>
   </trkpt>
   <trkpt lat="46.0977" lon="11.250760000000001">
    <ele>1017.4800000000001</ele>
   </trkpt>
   <trkpt lat="46.09718" lon="11.25098">
    <ele>1018.27</ele>
   </trkpt>
   <trkpt lat="46.096920000000004" lon="11.25115">
    <ele>1017.1300000000001</ele>
   </trkpt>
   <trkpt lat="46.09662" lon="11.25112">
    <ele>1017.8200000000002</ele>
   </trkpt>
   <trkpt lat="46.09646" lon="11.251130000000002">
    <ele>1019.22</ele>
   </trkpt>
   <trkpt lat="46.09628000000001" lon="11.251320000000002">
    <ele>1020.7700000000002</ele>
   </trkpt>
   <trkpt lat="46.096500000000006" lon="11.251360000000002">
    <ele>1029.77</ele>
   </trkpt>
   <trkpt lat="46.09667" lon="11.25154">
    <ele>1038.19</ele>
   </trkpt>
   <trkpt lat="46.0968" lon="11.251610000000001">
    <ele>1041.42</ele>
   </trkpt>
   <trkpt lat="46.09684" lon="11.25168">
    <ele>1042.93</ele>
   </trkpt>
   <trkpt lat="46.09687" lon="11.25228">
    <ele>1056.8000000000002</ele>
   </trkpt>
   <trkpt lat="46.097010000000004" lon="11.25247">
    <ele>1062.88</ele>
   </trkpt>
   <trkpt lat="46.097120000000004" lon="11.252580000000002">
    <ele>1065.8500000000001</ele>
   </trkpt>
   <trkpt lat="46.09716" lon="11.252580000000002">
    <ele>1067.64</ele>
   </trkpt>
   <trkpt lat="46.09722000000001" lon="11.252220000000001">
    <ele>1079.8000000000002</ele>
   </trkpt>
   <trkpt lat="46.09729" lon="11.252180000000001">
    <ele>1079.8000000000002</ele>
   </trkpt>
   <trkpt lat="46.097500000000004" lon="11.25215">
    <ele>1088.5500000000002</ele>
   </trkpt>
   <trkpt lat="46.09747" lon="11.25237">
    <ele>1091.5000000000002</ele>
   </trkpt>
   <trkpt lat="46.09756" lon="11.252600000000001">
    <ele>1098.45</ele>
   </trkpt>
   <trkpt lat="46.09763" lon="11.253070000000001">
    <ele>1108.5500000000002</ele>
   </trkpt>
   <trkpt lat="46.09765" lon="11.253440000000001">
    <ele>1115.93</ele>
   </trkpt>
   <trkpt lat="46.097770000000004" lon="11.254150000000001">
    <ele>1131.0600000000002</ele>
   </trkpt>
   <trkpt lat="46.09832" lon="11.25469">
    <ele>1142.9</ele>
   </trkpt>
   <trkpt lat="46.098530000000004" lon="11.254800000000001">
    <ele>1144.1100000000001</ele>
   </trkpt>
   <trkpt lat="46.09888" lon="11.255090000000001">
    <ele>1148.8700000000001</ele>
   </trkpt>
   <trkpt lat="46.09904" lon="11.2553">
    <ele>1152.26</ele>
   </trkpt>
   <trkpt lat="46.09931" lon="11.255540000000002">
    <ele>1156.1000000000001</ele>
   </trkpt>
   <trkpt lat="46.09964" lon="11.25558">
    <ele>1162.59</ele>
   </trkpt>
   <trkpt lat="46.099830000000004" lon="11.255540000000002">
    <ele>1164.98</ele>
   </trkpt>
   <trkpt lat="46.09989" lon="11.25557">
    <ele>1165.5000000000002</ele>
   </trkpt>
   <trkpt lat="46.10004000000001" lon="11.25562">
    <ele>1160.95</ele>
   </trkpt>
   <trkpt lat="46.1002" lon="11.25572">
    <ele>1155.2</ele>
   </trkpt>
   <trkpt lat="46.100390000000004" lon="11.2559">
    <ele>1152.2400000000002</ele>
   </trkpt>
   <trkpt lat="46.10058" lon="11.255930000000001">
    <ele>1147.96</ele>
   </trkpt>
   <trkpt lat="46.100660000000005" lon="11.2559">
    <ele>1145.51</ele>
   </trkpt>
   <trkpt lat="46.100730000000006" lon="11.25543">
    <ele>1145.2</ele>
   </trkpt>
   <trkpt lat="46.10080000000001" lon="11.25525">
    <ele>1145.21</ele>
   </trkpt>
   <trkpt lat="46.10098000000001" lon="11.25501">
    <ele>1145.4</ele>
   </trkpt>
   <trkpt lat="46.10123" lon="11.25482">
    <ele>1145.2600000000002</ele>
   </trkpt>
   <trkpt lat="46.101310000000005" lon="11.255">
    <ele>1147.98</ele>
   </trkpt>
   <trkpt lat="46.10148" lon="11.255210000000002">
    <ele>1149.44</ele>
   </trkpt>
   <trkpt lat="46.10173" lon="11.255680000000002">
    <ele>1153.79</ele>
   </trkpt>
   <trkpt lat="46.10181" lon="11.25575">
    <ele>1155.48</ele>
   </trkpt>
   <trkpt lat="46.10195" lon="11.25594">
    <ele>1156.35</ele>
   </trkpt>
   <trkpt lat="46.102160000000005" lon="11.25628">
    <ele>1160.05</ele>
   </trkpt>
   <trkpt lat="46.10251" lon="11.256730000000001">
    <ele>1167.57</ele>
   </trkpt>
   <trkpt lat="46.10257000000001" lon="11.256910000000001">
    <ele>1168.47</ele>
   </trkpt>
   <trkpt lat="46.10264" lon="11.257010000000001">
    <ele>1169.0900000000001</ele>
   </trkpt>
   <trkpt lat="46.10273" lon="11.257090000000002">
    <ele>1169.5300000000002</ele>
   </trkpt>
   <trkpt lat="46.10295000000001" lon="11.257200000000001">
    <ele>1170.8100000000002</ele>
   </trkpt>
   <trkpt lat="46.10304000000001" lon="11.2573">
    <ele>1171.3600000000001</ele>
   </trkpt>
   <trkpt lat="46.103370000000005" lon="11.25758">
    <ele>1175.03</ele>
   </trkpt>
   <trkpt lat="46.1039" lon="11.258130000000001">
    <ele>1179.3200000000002</ele>
   </trkpt>
   <trkpt lat="46.10441" lon="11.258510000000001">
    <ele>1188.8500000000001</ele>
   </trkpt>
   <trkpt lat="46.10448" lon="11.25871">
    <ele>1199.5500000000002</ele>
   </trkpt>
   <trkpt lat="46.10457" lon="11.25881">
    <ele>1199.5500000000002</ele>
   </trkpt>
   <trkpt lat="46.104870000000005" lon="11.259">
    <ele>1211.21</ele>
   </trkpt>
   <trkpt lat="46.10502" lon="11.259150000000002">
    <ele>1215.4</ele>
   </trkpt>
   <trkpt lat="46.10533" lon="11.259590000000001">
    <ele>1226.66</ele>
   </trkpt>
   <trkpt lat="46.105450000000005" lon="11.259720000000002">
    <ele>1228.19</ele>
   </trkpt>
   <trkpt lat="46.10551" lon="11.259720000000002">
    <ele>1229.0800000000002</ele>
   </trkpt>
   <trkpt lat="46.105650000000004" lon="11.259620000000002">
    <ele>1230.72</ele>
   </trkpt>
   <trkpt lat="46.10573" lon="11.259500000000001">
    <ele>1231.5900000000001</ele>
   </trkpt>
   <trkpt lat="46.105850000000004" lon="11.25938">
    <ele>1232.5300000000002</ele>
   </trkpt>
   <trkpt lat="46.10595000000001" lon="11.259350000000001">
    <ele>1233.5800000000002</ele>
   </trkpt>
   <trkpt lat="46.106100000000005" lon="11.25941">
    <ele>1235.8500000000001</ele>
   </trkpt>
   <trkpt lat="46.1062" lon="11.259580000000001">
    <ele>1237.81</ele>
   </trkpt>
   <trkpt lat="46.10636" lon="11.25999">
    <ele>1241.1100000000001</ele>
   </trkpt>
   <trkpt lat="46.10642000000001" lon="11.260290000000001">
    <ele>1241.7</ele>
   </trkpt>
   <trkpt lat="46.10643" lon="11.260510000000002">
    <ele>1243.66</ele>
   </trkpt>
   <trkpt lat="46.106500000000004" lon="11.260890000000002">
    <ele>1244.39</ele>
   </trkpt>
   <trkpt lat="46.106660000000005" lon="11.26116">
    <ele>1245.5800000000002</ele>
   </trkpt>
   <trkpt lat="46.107020000000006" lon="11.261370000000001">
    <ele>1248.24</ele>
   </trkpt>
   <trkpt lat="46.10714" lon="11.261510000000001">
    <ele>1248.92</ele>
   </trkpt>
   <trkpt lat="46.10689000000001" lon="11.261510000000001">
    <ele>1248.92</ele>
   </trkpt>
   <trkpt lat="46.10667" lon="11.261610000000001">
    <ele>1275.1200000000001</ele>
   </trkpt>
   <trkpt lat="46.10649" lon="11.261730000000002">
    <ele>1275.1200000000001</ele>
   </trkpt>
   <trkpt lat="46.106460000000006" lon="11.261780000000002">
    <ele>1275.1200000000001</ele>
   </trkpt>
   <trkpt lat="46.10633000000001" lon="11.261790000000001">
    <ele>1275.1200000000001</ele>
   </trkpt>
   <trkpt lat="46.106460000000006" lon="11.261780000000002">
    <ele>1275.1200000000001</ele>
   </trkpt>
   <trkpt lat="46.10649" lon="11.261730000000002">
    <ele>1275.1200000000001</ele>
   </trkpt>
   <trkpt lat="46.10667" lon="11.261610000000001">
    <ele>1275.1200000000001</ele>
   </trkpt>
   <trkpt lat="46.10689000000001" lon="11.261510000000001">
    <ele>1248.92</ele>
   </trkpt>
   <trkpt lat="46.10718000000001" lon="11.26152">
    <ele>1249.45</ele>
   </trkpt>
   <trkpt lat="46.10723" lon="11.26158">
    <ele>1249.45</ele>
   </trkpt>
   <trkpt lat="46.107400000000005" lon="11.26187">
    <ele>1250.38</ele>
   </trkpt>
   <trkpt lat="46.107490000000006" lon="11.26209">
    <ele>1252.1200000000001</ele>
   </trkpt>
   <trkpt lat="46.10748" lon="11.262680000000001">
    <ele>1253.46</ele>
   </trkpt>
   <trkpt lat="46.10754000000001" lon="11.262810000000002">
    <ele>1254.0900000000001</ele>
   </trkpt>
   <trkpt lat="46.107710000000004" lon="11.26309">
    <ele>1256.51</ele>
   </trkpt>
   <trkpt lat="46.107890000000005" lon="11.26351">
    <ele>1261.9900000000002</ele>
   </trkpt>
   <trkpt lat="46.107960000000006" lon="11.26379">
    <ele>1264.45</ele>
   </trkpt>
   <trkpt lat="46.107960000000006" lon="11.263940000000002">
    <ele>1265.4800000000002</ele>
   </trkpt>
   <trkpt lat="46.107980000000005" lon="11.26406">
    <ele>1266.94</ele>
   </trkpt>
   <trkpt lat="46.108180000000004" lon="11.26407">
    <ele>1269.8600000000001</ele>
   </trkpt>
   <trkpt lat="46.108450000000005" lon="11.2643">
    <ele>1274.21</ele>
   </trkpt>
   <trkpt lat="46.108520000000006" lon="11.264330000000001">
    <ele>1274.21</ele>
   </trkpt>
   <trkpt lat="46.108670000000004" lon="11.264320000000001">
    <ele>1277.14</ele>
   </trkpt>
   <trkpt lat="46.108850000000004" lon="11.264190000000001">
    <ele>1278.27</ele>
   </trkpt>
   <trkpt lat="46.108920000000005" lon="11.2642">
    <ele>1279.2700000000002</ele>
   </trkpt>
   <trkpt lat="46.108990000000006" lon="11.26439">
    <ele>1280.5600000000002</ele>
   </trkpt>
   <trkpt lat="46.10893" lon="11.26459">
    <ele>1283.41</ele>
   </trkpt>
   <trkpt lat="46.10889" lon="11.264840000000001">
    <ele>1283.91</ele>
   </trkpt>
   <trkpt lat="46.108900000000006" lon="11.265080000000001">
    <ele>1286.3</ele>
   </trkpt>
   <trkpt lat="46.10895000000001" lon="11.265450000000001">
    <ele>1290.34</ele>
   </trkpt>
   <trkpt lat="46.10904" lon="11.265770000000002">
    <ele>1294.57</ele>
   </trkpt>
   <trkpt lat="46.109230000000004" lon="11.26585">
    <ele>1297.3000000000002</ele>
   </trkpt>
   <trkpt lat="46.109280000000005" lon="11.26589">
    <ele>1298.6100000000001</ele>
   </trkpt>
   <trkpt lat="46.109300000000005" lon="11.26595">
    <ele>1299.23</ele>
   </trkpt>
   <trkpt lat="46.10922" lon="11.26627">
    <ele>1302.38</ele>
   </trkpt>
   <trkpt lat="46.109230000000004" lon="11.266480000000001">
    <ele>1303.45</ele>
   </trkpt>
   <trkpt lat="46.10945" lon="11.26683">
    <ele>1307.5500000000002</ele>
   </trkpt>
   <trkpt lat="46.1096" lon="11.26688">
    <ele>1309.8899999999999</ele>
   </trkpt>
   <trkpt lat="46.110040000000005" lon="11.26693">
    <ele>1312.17</ele>
   </trkpt>
   <trkpt lat="46.110110000000006" lon="11.267050000000001">
    <ele>1312.38</ele>
   </trkpt>
   <trkpt lat="46.11014" lon="11.2672">
    <ele>1312.65</ele>
   </trkpt>
   <trkpt lat="46.110200000000006" lon="11.26735">
    <ele>1313.0400000000002</ele>
   </trkpt>
   <trkpt lat="46.11039" lon="11.267470000000001">
    <ele>1313.94</ele>
   </trkpt>
   <trkpt lat="46.11056000000001" lon="11.26749">
    <ele>1315.65</ele>
   </trkpt>
   <trkpt lat="46.11077" lon="11.267470000000001">
    <ele>1317.97</ele>
   </trkpt>
   <trkpt lat="46.11088" lon="11.26753">
    <ele>1319.88</ele>
   </trkpt>
   <trkpt lat="46.11099" lon="11.267660000000001">
    <ele>1322.23</ele>
   </trkpt>
   <trkpt lat="46.111070000000005" lon="11.267710000000001">
    <ele>1323.3100000000002</ele>
   </trkpt>
   <trkpt lat="46.11122" lon="11.267650000000001">
    <ele>1325.2700000000002</ele>
   </trkpt>
   <trkpt lat="46.11144" lon="11.26736">
    <ele>1327.89</ele>
   </trkpt>
   <trkpt lat="46.11150000000001" lon="11.267380000000001">
    <ele>1328.8000000000002</ele>
   </trkpt>
   <trkpt lat="46.11178" lon="11.267980000000001">
    <ele>1335.1000000000001</ele>
   </trkpt>
   <trkpt lat="46.11205" lon="11.268450000000001">
    <ele>1339.7</ele>
   </trkpt>
   <trkpt lat="46.112170000000006" lon="11.268590000000001">
    <ele>1340.5800000000002</ele>
   </trkpt>
   <trkpt lat="46.112280000000005" lon="11.26866">
    <ele>1341.52</ele>
   </trkpt>
   <trkpt lat="46.11281" lon="11.26875">
    <ele>1349.5400000000002</ele>
   </trkpt>
   <trkpt lat="46.11280000000001" lon="11.269060000000001">
    <ele>1352.2500000000002</ele>
   </trkpt>
   <trkpt lat="46.112880000000004" lon="11.26931">
    <ele>1353.43</ele>
   </trkpt>
   <trkpt lat="46.113220000000005" lon="11.26998">
    <ele>1363.0800000000002</ele>
   </trkpt>
   <trkpt lat="46.113200000000006" lon="11.2703">
    <ele>1366.97</ele>
   </trkpt>
   <trkpt lat="46.113330000000005" lon="11.27077">
    <ele>1371.7700000000002</ele>
   </trkpt>
   <trkpt lat="46.11341" lon="11.27097">
    <ele>1374.77</ele>
   </trkpt>
   <trkpt lat="46.11356000000001" lon="11.27106">
    <ele>1378.1100000000001</ele>
   </trkpt>
   <trkpt lat="46.11365000000001" lon="11.271220000000001">
    <ele>1379.65</ele>
   </trkpt>
   <trkpt lat="46.11377" lon="11.271360000000001">
    <ele>1383.4700000000003</ele>
   </trkpt>
   <trkpt lat="46.113980000000005" lon="11.27144">
    <ele>1389.21</ele>
   </trkpt>
   <trkpt lat="46.11419" lon="11.27143">
    <ele>1389.21</ele>
   </trkpt>
   <trkpt lat="46.11430000000001" lon="11.271460000000001">
    <ele>1393.99</ele>
   </trkpt>
   <trkpt lat="46.11431" lon="11.271560000000001">
    <ele>1393.99</ele>
   </trkpt>
   <trkpt lat="46.11417" lon="11.271650000000001">
    <ele>1400.2700000000002</ele>
   </trkpt>
   <trkpt lat="46.114070000000005" lon="11.271680000000002">
    <ele>1401.14</ele>
   </trkpt>
   <trkpt lat="46.11415" lon="11.272070000000001">
    <ele>1412.5700000000002</ele>
   </trkpt>
   <trkpt lat="46.114290000000004" lon="11.27247">
    <ele>1418.5500000000002</ele>
   </trkpt>
   <trkpt lat="46.114450000000005" lon="11.27274">
    <ele>1429.03</ele>
   </trkpt>
   <trkpt lat="46.114650000000005" lon="11.27321">
    <ele>1438.23</ele>
   </trkpt>
   <trkpt lat="46.11477000000001" lon="11.273330000000001">
    <ele>1442.18</ele>
   </trkpt>
   <trkpt lat="46.11484" lon="11.273370000000002">
    <ele>1444.94</ele>
   </trkpt>
   <trkpt lat="46.11486000000001" lon="11.273480000000001">
    <ele>1447.07</ele>
   </trkpt>
   <trkpt lat="46.114720000000005" lon="11.27363">
    <ele>1451.03</ele>
   </trkpt>
   <trkpt lat="46.11459000000001" lon="11.273900000000001">
    <ele>1454.8500000000001</ele>
   </trkpt>
   <trkpt lat="46.114580000000004" lon="11.27401">
    <ele>1455.0800000000002</ele>
   </trkpt>
   <trkpt lat="46.11413" lon="11.274550000000001">
    <ele>1456.69</ele>
   </trkpt>
   <trkpt lat="46.11403000000001" lon="11.274730000000002">
    <ele>1457.7600000000002</ele>
   </trkpt>
   <trkpt lat="46.114020000000004" lon="11.27477">
    <ele>1457.7600000000002</ele>
   </trkpt>
   <trkpt lat="46.114110000000004" lon="11.274830000000001">
    <ele>1457.66</ele>
   </trkpt>
   <trkpt lat="46.114200000000004" lon="11.27495">
    <ele>1457.45</ele>
   </trkpt>
   <trkpt lat="46.11426" lon="11.275110000000002">
    <ele>1459.24</ele>
   </trkpt>
   <trkpt lat="46.114270000000005" lon="11.275310000000001">
    <ele>1459.24</ele>
   </trkpt>
   <trkpt lat="46.114540000000005" lon="11.275580000000001">
    <ele>1460.32</ele>
   </trkpt>
   <trkpt lat="46.114740000000005" lon="11.275920000000001">
    <ele>1460.97</ele>
   </trkpt>
   <trkpt lat="46.11486000000001" lon="11.276390000000001">
    <ele>1462.14</ele>
   </trkpt>
   <trkpt lat="46.114920000000005" lon="11.276510000000002">
    <ele>1462.3600000000001</ele>
   </trkpt>
   <trkpt lat="46.11518" lon="11.276610000000002">
    <ele>1463.94</ele>
   </trkpt>
   <trkpt lat="46.115500000000004" lon="11.276840000000002">
    <ele>1468.29</ele>
   </trkpt>
   <trkpt lat="46.115730000000006" lon="11.27706">
    <ele>1474.8100000000002</ele>
   </trkpt>
   <trkpt lat="46.115860000000005" lon="11.27725">
    <ele>1477.8600000000001</ele>
   </trkpt>
   <trkpt lat="46.11625" lon="11.27805">
    <ele>1490.2600000000002</ele>
   </trkpt>
   <trkpt lat="46.116310000000006" lon="11.278110000000002">
    <ele>1490.2600000000002</ele>
   </trkpt>
   <trkpt lat="46.11636" lon="11.278120000000001">
    <ele>1497.02</ele>
   </trkpt>
   <trkpt lat="46.11643" lon="11.2781">
    <ele>1497.02</ele>
   </trkpt>
   <trkpt lat="46.11648" lon="11.277930000000001">
    <ele>1498.89</ele>
   </trkpt>
   <trkpt lat="46.11652" lon="11.277880000000001">
    <ele>1498.89</ele>
   </trkpt>
   <trkpt lat="46.11657" lon="11.2779">
    <ele>1500.63</ele>
   </trkpt>
   <trkpt lat="46.116640000000004" lon="11.27809">
    <ele>1502.16</ele>
   </trkpt>
   <trkpt lat="46.11663" lon="11.278270000000001">
    <ele>1503.54</ele>
   </trkpt>
   <trkpt lat="46.11657" lon="11.278500000000001">
    <ele>1506.8300000000002</ele>
   </trkpt>
   <trkpt lat="46.11657" lon="11.27861">
    <ele>1507.0</ele>
   </trkpt>
   <trkpt lat="46.116600000000005" lon="11.278690000000001">
    <ele>1507.09</ele>
   </trkpt>
   <trkpt lat="46.116690000000006" lon="11.278780000000001">
    <ele>1507.06</ele>
   </trkpt>
   <trkpt lat="46.11699" lon="11.27936">
    <ele>1508.18</ele>
   </trkpt>
   <trkpt lat="46.1174" lon="11.279770000000001">
    <ele>1513.5</ele>
   </trkpt>
   <trkpt lat="46.11768000000001" lon="11.279990000000002">
    <ele>1517.06</ele>
   </trkpt>
   <trkpt lat="46.117760000000004" lon="11.28011">
    <ele>1517.73</ele>
   </trkpt>
   <trkpt lat="46.11787" lon="11.280230000000001">
    <ele>1517.9</ele>
   </trkpt>
   <trkpt lat="46.11795" lon="11.28021">
    <ele>1518.4400000000003</ele>
   </trkpt>
   <trkpt lat="46.11798" lon="11.280130000000002">
    <ele>1518.82</ele>
   </trkpt>
   <trkpt lat="46.11787" lon="11.279890000000002">
    <ele>1521.3100000000002</ele>
   </trkpt>
   <trkpt lat="46.11789" lon="11.279490000000001">
    <ele>1523.3500000000001</ele>
   </trkpt>
   <trkpt lat="46.11784" lon="11.278830000000001">
    <ele>1526.8700000000001</ele>
   </trkpt>
   <trkpt lat="46.117850000000004" lon="11.278630000000001">
    <ele>1527.3200000000002</ele>
   </trkpt>
   <trkpt lat="46.11806000000001" lon="11.27814">
    <ele>1529.22</ele>
   </trkpt>
   <trkpt lat="46.11815000000001" lon="11.278160000000002">
    <ele>1530.6000000000001</ele>
   </trkpt>
   <trkpt lat="46.118210000000005" lon="11.278270000000001">
    <ele>1532.91</ele>
   </trkpt>
   <trkpt lat="46.11825" lon="11.27846">
    <ele>1534.3600000000001</ele>
   </trkpt>
   <trkpt lat="46.118190000000006" lon="11.278770000000002">
    <ele>1538.16</ele>
   </trkpt>
   <trkpt lat="46.118210000000005" lon="11.27894">
    <ele>1538.16</ele>
   </trkpt>
   <trkpt lat="46.118280000000006" lon="11.279000000000002">
    <ele>1540.93</ele>
   </trkpt>
   <trkpt lat="46.11838" lon="11.27898">
    <ele>1542.14</ele>
   </trkpt>
   <trkpt lat="46.118640000000006" lon="11.278860000000002">
    <ele>1545.2500000000002</ele>
   </trkpt>
   <trkpt lat="46.118840000000006" lon="11.278720000000002">
    <ele>1549.6200000000001</ele>
   </trkpt>
   <trkpt lat="46.118950000000005" lon="11.278670000000002">
    <ele>1549.6200000000001</ele>
   </trkpt>
   <trkpt lat="46.119060000000005" lon="11.278680000000001">
    <ele>1551.77</ele>
   </trkpt>
   <trkpt lat="46.11918000000001" lon="11.27879">
    <ele>1552.3600000000001</ele>
   </trkpt>
   <trkpt lat="46.11945" lon="11.279160000000001">
    <ele>1558.6700000000003</ele>
   </trkpt>
   <trkpt lat="46.11954" lon="11.27932">
    <ele>1563.5700000000002</ele>
   </trkpt>
   <trkpt lat="46.119580000000006" lon="11.279480000000001">
    <ele>1563.5700000000002</ele>
   </trkpt>
   <trkpt lat="46.119690000000006" lon="11.279630000000001">
    <ele>1568.15</ele>
   </trkpt>
   <trkpt lat="46.11992" lon="11.27978">
    <ele>1571.6200000000001</ele>
   </trkpt>
   <trkpt lat="46.12004" lon="11.279900000000001">
    <ele>1573.67</ele>
   </trkpt>
   <trkpt lat="46.12017" lon="11.280230000000001">
    <ele>1577.3600000000001</ele>
   </trkpt>
   <trkpt lat="46.12053" lon="11.28082">
    <ele>1583.3400000000001</ele>
   </trkpt>
   <trkpt lat="46.12071" lon="11.28095">
    <ele>1583.73</ele>
   </trkpt>
   <trkpt lat="46.12084" lon="11.28101">
    <ele>1584.2900000000002</ele>
   </trkpt>
   <trkpt lat="46.12104" lon="11.281070000000001">
    <ele>1584.7300000000002</ele>
   </trkpt>
   <trkpt lat="46.121140000000004" lon="11.281120000000001">
    <ele>1585.22</ele>
   </trkpt>
   <trkpt lat="46.12131" lon="11.281260000000001">
    <ele>1585.3400000000001</ele>
   </trkpt>
   <trkpt lat="46.121500000000005" lon="11.281300000000002">
    <ele>1584.91</ele>
   </trkpt>
   <trkpt lat="46.121570000000006" lon="11.281120000000001">
    <ele>1588.8000000000002</ele>
   </trkpt>
   <trkpt lat="46.12178" lon="11.28115">
    <ele>1589.3300000000002</ele>
   </trkpt>
   <trkpt lat="46.121970000000005" lon="11.28115">
    <ele>1591.02</ele>
   </trkpt>
   <trkpt lat="46.12221" lon="11.281030000000001">
    <ele>1595.0700000000002</ele>
   </trkpt>
   <trkpt lat="46.122350000000004" lon="11.281020000000002">
    <ele>1597.5800000000002</ele>
   </trkpt>
   <trkpt lat="46.12241" lon="11.281110000000002">
    <ele>1602.5800000000002</ele>
   </trkpt>
   <trkpt lat="46.12252" lon="11.28109">
    <ele>1603.91</ele>
   </trkpt>
   <trkpt lat="46.122640000000004" lon="11.2812">
    <ele>1610.2900000000002</ele>
   </trkpt>
   <trkpt lat="46.12268" lon="11.28137">
    <ele>1613.91</ele>
   </trkpt>
   <trkpt lat="46.12276000000001" lon="11.28143">
    <ele>1617.7800000000002</ele>
   </trkpt>
   <trkpt lat="46.12292" lon="11.28147">
    <ele>1624.5900000000001</ele>
   </trkpt>
   <trkpt lat="46.123000000000005" lon="11.281410000000001">
    <ele>1626.77</ele>
   </trkpt>
   <trkpt lat="46.12314000000001" lon="11.281270000000001">
    <ele>1630.0100000000002</ele>
   </trkpt>
   <trkpt lat="46.123180000000005" lon="11.281300000000002">
    <ele>1630.91</ele>
   </trkpt>
   <trkpt lat="46.123270000000005" lon="11.281630000000002">
    <ele>1637.64</ele>
   </trkpt>
   <trkpt lat="46.12333" lon="11.28171">
    <ele>1639.91</ele>
   </trkpt>
   <trkpt lat="46.12335" lon="11.2817">
    <ele>1639.91</ele>
   </trkpt>
   <trkpt lat="46.12351" lon="11.281300000000002">
    <ele>1643.93</ele>
   </trkpt>
   <trkpt lat="46.12364" lon="11.281160000000002">
    <ele>1644.13</ele>
   </trkpt>
   <trkpt lat="46.12375" lon="11.281160000000002">
    <ele>1643.96</ele>
   </trkpt>
   <trkpt lat="46.123900000000006" lon="11.281320000000001">
    <ele>1644.0500000000002</ele>
   </trkpt>
   <trkpt lat="46.12416" lon="11.28195">
    <ele>1652.4</ele>
   </trkpt>
   <trkpt lat="46.124340000000004" lon="11.282010000000001">
    <ele>1655.0500000000002</ele>
   </trkpt>
   <trkpt lat="46.124410000000005" lon="11.28212">
    <ele>1657.5700000000002</ele>
   </trkpt>
   <trkpt lat="46.12458" lon="11.282300000000001">
    <ele>1664.8600000000001</ele>
   </trkpt>
   <trkpt lat="46.124500000000005" lon="11.28245">
    <ele>1664.8</ele>
   </trkpt>
   <trkpt lat="46.124520000000004" lon="11.282520000000002">
    <ele>1664.7800000000002</ele>
   </trkpt>
   <trkpt lat="46.12451" lon="11.2826">
    <ele>1665.22</ele>
   </trkpt>
   <trkpt lat="46.124550000000006" lon="11.28279">
    <ele>1667.2600000000002</ele>
   </trkpt>
   <trkpt lat="46.12464000000001" lon="11.28292">
    <ele>1670.4</ele>
   </trkpt>
   <trkpt lat="46.12465" lon="11.283000000000001">
    <ele>1672.7800000000002</ele>
   </trkpt>
   <trkpt lat="46.124680000000005" lon="11.283050000000001">
    <ele>1672.7800000000002</ele>
   </trkpt>
   <trkpt lat="46.124680000000005" lon="11.283270000000002">
    <ele>1677.2600000000002</ele>
   </trkpt>
   <trkpt lat="46.12474" lon="11.283290000000001">
    <ele>1677.2600000000002</ele>
   </trkpt>
   <trkpt lat="46.124750000000006" lon="11.283380000000001">
    <ele>1681.1</ele>
   </trkpt>
   <trkpt lat="46.124790000000004" lon="11.283370000000001">
    <ele>1681.1</ele>
   </trkpt>
   <trkpt lat="46.12496" lon="11.283470000000001">
    <ele>1686.73</ele>
   </trkpt>
   <trkpt lat="46.124990000000004" lon="11.2834">
    <ele>1687.99</ele>
   </trkpt>
   <trkpt lat="46.12503" lon="11.283430000000001">
    <ele>1689.3200000000002</ele>
   </trkpt>
   <trkpt lat="46.12507" lon="11.283550000000002">
    <ele>1692.32</ele>
   </trkpt>
   <trkpt lat="46.12509000000001" lon="11.283790000000002">
    <ele>1699.54</ele>
   </trkpt>
   <trkpt lat="46.12509000000001" lon="11.28396">
    <ele>1699.54</ele>
   </trkpt>
   <trkpt lat="46.12507" lon="11.28401">
    <ele>1708.64</ele>
   </trkpt>
   <trkpt lat="46.12509000000001" lon="11.28406">
    <ele>1708.64</ele>
   </trkpt>
   <trkpt lat="46.12514" lon="11.284030000000001">
    <ele>1708.64</ele>
   </trkpt>
   <trkpt lat="46.12514" lon="11.28415">
    <ele>1714.59</ele>
   </trkpt>
   <trkpt lat="46.12516" lon="11.28419">
    <ele>1714.59</ele>
   </trkpt>
   <trkpt lat="46.12523" lon="11.2842">
    <ele>1716.5100000000002</ele>
   </trkpt>
   <trkpt lat="46.12523" lon="11.28467">
    <ele>1728.8500000000001</ele>
   </trkpt>
   <trkpt lat="46.12525" lon="11.284730000000001">
    <ele>1728.8500000000001</ele>
   </trkpt>
   <trkpt lat="46.12529000000001" lon="11.2847">
    <ele>1728.8500000000001</ele>
   </trkpt>
   <trkpt lat="46.12534" lon="11.28461">
    <ele>1735.1000000000001</ele>
   </trkpt>
   <trkpt lat="46.12538000000001" lon="11.28458">
    <ele>1735.1000000000001</ele>
   </trkpt>
   <trkpt lat="46.125420000000005" lon="11.28458">
    <ele>1736.5300000000002</ele>
   </trkpt>
   <trkpt lat="46.125420000000005" lon="11.28475">
    <ele>1740.55</ele>
   </trkpt>
   <trkpt lat="46.12545" lon="11.284770000000002">
    <ele>1740.55</ele>
   </trkpt>
   <trkpt lat="46.12547000000001" lon="11.28499">
    <ele>1747.3400000000001</ele>
   </trkpt>
   <trkpt lat="46.125490000000006" lon="11.285060000000001">
    <ele>1747.3400000000001</ele>
   </trkpt>
   <trkpt lat="46.12552" lon="11.28504">
    <ele>1748.8100000000002</ele>
   </trkpt>
   <trkpt lat="46.12557" lon="11.28514">
    <ele>1752.22</ele>
   </trkpt>
   <trkpt lat="46.125620000000005" lon="11.285060000000001">
    <ele>1757.94</ele>
   </trkpt>
   <trkpt lat="46.12565" lon="11.285070000000001">
    <ele>1757.94</ele>
   </trkpt>
   <trkpt lat="46.12568" lon="11.285050000000002">
    <ele>1757.94</ele>
   </trkpt>
   <trkpt lat="46.12572" lon="11.285070000000001">
    <ele>1759.74</ele>
   </trkpt>
   <trkpt lat="46.125730000000004" lon="11.28513">
    <ele>1761.3400000000001</ele>
   </trkpt>
   <trkpt lat="46.125710000000005" lon="11.285430000000002">
    <ele>1765.38</ele>
   </trkpt>
   <trkpt lat="46.125690000000006" lon="11.285520000000002">
    <ele>1766.7400000000002</ele>
   </trkpt>
   <trkpt lat="46.1257" lon="11.285680000000001">
    <ele>1770.1000000000001</ele>
   </trkpt>
   <trkpt lat="46.125730000000004" lon="11.285680000000001">
    <ele>1771.91</ele>
   </trkpt>
   <trkpt lat="46.12577" lon="11.28565">
    <ele>1774.01</ele>
   </trkpt>
   <trkpt lat="46.125780000000006" lon="11.28569">
    <ele>1774.01</ele>
   </trkpt>
   <trkpt lat="46.12585000000001" lon="11.285630000000001">
    <ele>1778.4400000000003</ele>
   </trkpt>
   <trkpt lat="46.12592" lon="11.2856">
    <ele>1781.9900000000002</ele>
   </trkpt>
   <trkpt lat="46.12604" lon="11.285480000000002">
    <ele>1784.4400000000003</ele>
   </trkpt>
   <trkpt lat="46.126090000000005" lon="11.285480000000002">
    <ele>1784.8400000000001</ele>
   </trkpt>
   <trkpt lat="46.12624" lon="11.28561">
    <ele>1788.51</ele>
   </trkpt>
   <trkpt lat="46.126310000000004" lon="11.285730000000001">
    <ele>1790.0600000000002</ele>
   </trkpt>
   <trkpt lat="46.12639" lon="11.285760000000002">
    <ele>1796.92</ele>
   </trkpt>
   <trkpt lat="46.12655" lon="11.28602">
    <ele>1802.3500000000001</ele>
   </trkpt>
   <trkpt lat="46.126580000000004" lon="11.286130000000002">
    <ele>1805.0700000000002</ele>
   </trkpt>
   <trkpt lat="46.126560000000005" lon="11.286200000000001">
    <ele>1805.0700000000002</ele>
   </trkpt>
   <trkpt lat="46.12659000000001" lon="11.2863">
    <ele>1806.78</ele>
   </trkpt>
   <trkpt lat="46.12670000000001" lon="11.286420000000001">
    <ele>1808.88</ele>
   </trkpt>
   <trkpt lat="46.126900000000006" lon="11.286570000000001">
    <ele>1813.93</ele>
   </trkpt>
   <trkpt lat="46.12722" lon="11.28668">
    <ele>1825.5400000000002</ele>
   </trkpt>
   <trkpt lat="46.12738" lon="11.28669">
    <ele>1825.5400000000002</ele>
   </trkpt>
   <trkpt lat="46.127460000000006" lon="11.28678">
    <ele>1828.01</ele>
   </trkpt>
   <trkpt lat="46.127660000000006" lon="11.286900000000001">
    <ele>1833.5800000000002</ele>
   </trkpt>
   <trkpt lat="46.127840000000006" lon="11.2871">
    <ele>1842.71</ele>
   </trkpt>
   <trkpt lat="46.127930000000006" lon="11.28715">
    <ele>1842.71</ele>
   </trkpt>
   <trkpt lat="46.12812" lon="11.287360000000001">
    <ele>1850.14</ele>
   </trkpt>
   <trkpt lat="46.12818" lon="11.28739">
    <ele>1859.64</ele>
   </trkpt>
   <trkpt lat="46.128310000000006" lon="11.287500000000001">
    <ele>1859.64</ele>
   </trkpt>
   <trkpt lat="46.128370000000004" lon="11.287640000000001">
    <ele>1866.24</ele>
   </trkpt>
   <trkpt lat="46.12841" lon="11.287680000000002">
    <ele>1866.24</ele>
   </trkpt>
   <trkpt lat="46.128460000000004" lon="11.28789">
    <ele>1873.6200000000001</ele>
   </trkpt>
   <trkpt lat="46.128490000000006" lon="11.2879">
    <ele>1873.6200000000001</ele>
   </trkpt>
   <trkpt lat="46.12852" lon="11.2878">
    <ele>1874.64</ele>
   </trkpt>
   <trkpt lat="46.12858000000001" lon="11.28776">
    <ele>1875.2000000000003</ele>
   </trkpt>
   <trkpt lat="46.12863" lon="11.2878">
    <ele>1876.3700000000001</ele>
   </trkpt>
   <trkpt lat="46.12876000000001" lon="11.288020000000001">
    <ele>1883.0900000000001</ele>
   </trkpt>
   <trkpt lat="46.12885000000001" lon="11.288110000000001">
    <ele>1883.0900000000001</ele>
   </trkpt>
   <trkpt lat="46.12886" lon="11.28818">
    <ele>1891.3500000000001</ele>
   </trkpt>
   <trkpt lat="46.12904" lon="11.288400000000001">
    <ele>1898.13</ele>
   </trkpt>
   <trkpt lat="46.129360000000005" lon="11.288640000000001">
    <ele>1910.5600000000002</ele>
   </trkpt>
   <trkpt lat="46.12964" lon="11.288730000000001">
    <ele>1916.0100000000002</ele>
   </trkpt>
   <trkpt lat="46.12977" lon="11.2888">
    <ele>1917.5300000000002</ele>
   </trkpt>
   <trkpt lat="46.13006" lon="11.288910000000001">
    <ele>1924.43</ele>
   </trkpt>
   <trkpt lat="46.13013" lon="11.289010000000001">
    <ele>1926.44</ele>
   </trkpt>
   <trkpt lat="46.13062" lon="11.289050000000001">
    <ele>1933.8700000000001</ele>
   </trkpt>
   <trkpt lat="46.130680000000005" lon="11.289040000000002">
    <ele>1934.5800000000002</ele>
   </trkpt>
   <trkpt lat="46.130750000000006" lon="11.289060000000001">
    <ele>1936.14</ele>
   </trkpt>
   <trkpt lat="46.130860000000006" lon="11.28912">
    <ele>1939.44</ele>
   </trkpt>
   <trkpt lat="46.13094" lon="11.28921">
    <ele>1940.23</ele>
   </trkpt>
   <trkpt lat="46.130970000000005" lon="11.289190000000001">
    <ele>1940.98</ele>
   </trkpt>
   <trkpt lat="46.131" lon="11.28922">
    <ele>1940.98</ele>
   </trkpt>
   <trkpt lat="46.13112" lon="11.28927">
    <ele>1942.6900000000003</ele>
   </trkpt>
   <trkpt lat="46.13120000000001" lon="11.28926">
    <ele>1943.21</ele>
   </trkpt>
   <trkpt lat="46.131310000000006" lon="11.289290000000001">
    <ele>1943.43</ele>
   </trkpt>
   <trkpt lat="46.13154" lon="11.28941">
    <ele>1944.3000000000002</ele>
   </trkpt>
   <trkpt lat="46.13172" lon="11.28941">
    <ele>1945.6000000000001</ele>
   </trkpt>
   <trkpt lat="46.13204" lon="11.28927">
    <ele>1946.4500000000003</ele>
   </trkpt>
   <trkpt lat="46.13208" lon="11.28922">
    <ele>1946.2700000000002</ele>
   </trkpt>
   <trkpt lat="46.13215" lon="11.28921">
    <ele>1946.2400000000002</ele>
   </trkpt>
   <trkpt lat="46.132160000000006" lon="11.28921">
    <ele>1946.2400000000002</ele>
   </trkpt>
   <trkpt lat="46.13219" lon="11.28927">
    <ele>1946.2400000000002</ele>
   </trkpt>
   <trkpt lat="46.13219" lon="11.28936">
    <ele>1944.6900000000003</ele>
   </trkpt>
   <trkpt lat="46.13259" lon="11.29029">
    <ele>1932.46</ele>
   </trkpt>
   <trkpt lat="46.13279000000001" lon="11.290540000000002">
    <ele>1927.58</ele>
   </trkpt>
   <trkpt lat="46.133140000000004" lon="11.29086">
    <ele>1922.0300000000002</ele>
   </trkpt>
   <trkpt lat="46.13354" lon="11.291480000000002">
    <ele>1912.67</ele>
   </trkpt>
   <trkpt lat="46.13394" lon="11.29188">
    <ele>1907.7800000000002</ele>
   </trkpt>
   <trkpt lat="46.13423" lon="11.29236">
    <ele>1903.3300000000002</ele>
   </trkpt>
   <trkpt lat="46.13445" lon="11.29269">
    <ele>1897.18</ele>
   </trkpt>
   <trkpt lat="46.13456" lon="11.29302">
    <ele>1891.45</ele>
   </trkpt>
   <trkpt lat="46.13459" lon="11.293270000000001">
    <ele>1889.7100000000003</ele>
   </trkpt>
   <trkpt lat="46.134660000000004" lon="11.293640000000002">
    <ele>1883.7800000000002</ele>
   </trkpt>
   <trkpt lat="46.134550000000004" lon="11.29405">
    <ele>1879.5100000000002</ele>
   </trkpt>
   <trkpt lat="46.134550000000004" lon="11.29418">
    <ele>1876.2</ele>
   </trkpt>
   <trkpt lat="46.134420000000006" lon="11.294300000000002">
    <ele>1874.69</ele>
   </trkpt>
   <trkpt lat="46.13452" lon="11.294690000000001">
    <ele>1873.19</ele>
   </trkpt>
   <trkpt lat="46.13452" lon="11.29484">
    <ele>1872.9700000000003</ele>
   </trkpt>
   <trkpt lat="46.13443" lon="11.29523">
    <ele>1871.5000000000002</ele>
   </trkpt>
   <trkpt lat="46.13439" lon="11.295490000000001">
    <ele>1870.72</ele>
   </trkpt>
   <trkpt lat="46.13441" lon="11.295750000000002">
    <ele>1869.3100000000002</ele>
   </trkpt>
   <trkpt lat="46.134460000000004" lon="11.29598">
    <ele>1867.66</ele>
   </trkpt>
   <trkpt lat="46.13463" lon="11.29611">
    <ele>1867.0400000000002</ele>
   </trkpt>
   <trkpt lat="46.13496000000001" lon="11.29621">
    <ele>1864.4</ele>
   </trkpt>
   <trkpt lat="46.13553" lon="11.296600000000002">
    <ele>1855.16</ele>
   </trkpt>
   <trkpt lat="46.13568" lon="11.296750000000001">
    <ele>1855.16</ele>
   </trkpt>
   <trkpt lat="46.13577" lon="11.29687">
    <ele>1849.5700000000002</ele>
   </trkpt>
   <trkpt lat="46.13586" lon="11.2972">
    <ele>1848.3100000000002</ele>
   </trkpt>
   <trkpt lat="46.13586" lon="11.297410000000001">
    <ele>1845.2400000000002</ele>
   </trkpt>
   <trkpt lat="46.13582" lon="11.297870000000001">
    <ele>1840.7700000000002</ele>
   </trkpt>
   <trkpt lat="46.13586" lon="11.298250000000001">
    <ele>1835.44</ele>
   </trkpt>
   <trkpt lat="46.13584" lon="11.298490000000001">
    <ele>1834.15</ele>
   </trkpt>
   <trkpt lat="46.13591" lon="11.298660000000002">
    <ele>1832.47</ele>
   </trkpt>
   <trkpt lat="46.13609" lon="11.298850000000002">
    <ele>1830.2600000000002</ele>
   </trkpt>
   <trkpt lat="46.13622" lon="11.298910000000001">
    <ele>1828.71</ele>
   </trkpt>
   <trkpt lat="46.13627" lon="11.298960000000001">
    <ele>1828.71</ele>
   </trkpt>
   <trkpt lat="46.13642" lon="11.2992">
    <ele>1826.7700000000002</ele>
   </trkpt>
   <trkpt lat="46.13664000000001" lon="11.29949">
    <ele>1824.03</ele>
   </trkpt>
   <trkpt lat="46.136900000000004" lon="11.299790000000002">
    <ele>1819.6100000000001</ele>
   </trkpt>
   <trkpt lat="46.13763" lon="11.300210000000002">
    <ele>1806.1200000000001</ele>
   </trkpt>
   <trkpt lat="46.137910000000005" lon="11.300260000000002">
    <ele>1800.95</ele>
   </trkpt>
   <trkpt lat="46.138090000000005" lon="11.300270000000001">
    <ele>1800.95</ele>
   </trkpt>
   <trkpt lat="46.138220000000004" lon="11.30025">
    <ele>1794.9800000000002</ele>
   </trkpt>
   <trkpt lat="46.13877" lon="11.300160000000002">
    <ele>1786.85</ele>
   </trkpt>
   <trkpt lat="46.13899000000001" lon="11.300070000000002">
    <ele>1782.2600000000002</ele>
   </trkpt>
   <trkpt lat="46.13904" lon="11.300020000000002">
    <ele>1782.2600000000002</ele>
   </trkpt>
   <trkpt lat="46.139070000000004" lon="11.300020000000002">
    <ele>1782.2600000000002</ele>
   </trkpt>
   <trkpt lat="46.13908000000001" lon="11.300040000000001">
    <ele>1782.2600000000002</ele>
   </trkpt>
   <trkpt lat="46.139070000000004" lon="11.300120000000001">
    <ele>1782.2600000000002</ele>
   </trkpt>
   <trkpt lat="46.13870000000001" lon="11.30048">
    <ele>1773.8200000000002</ele>
   </trkpt>
   <trkpt lat="46.13857" lon="11.300650000000001">
    <ele>1771.17</ele>
   </trkpt>
   <trkpt lat="46.138510000000004" lon="11.30075">
    <ele>1771.17</ele>
   </trkpt>
   <trkpt lat="46.13828" lon="11.30128">
    <ele>1765.2</ele>
   </trkpt>
   <trkpt lat="46.13817" lon="11.30146">
    <ele>1762.38</ele>
   </trkpt>
   <trkpt lat="46.13792" lon="11.301720000000001">
    <ele>1758.0800000000002</ele>
   </trkpt>
   <trkpt lat="46.13781" lon="11.301770000000001">
    <ele>1754.7800000000002</ele>
   </trkpt>
   <trkpt lat="46.13765" lon="11.301770000000001">
    <ele>1750.5100000000002</ele>
   </trkpt>
   <trkpt lat="46.13738" lon="11.301720000000001">
    <ele>1746.4400000000003</ele>
   </trkpt>
   <trkpt lat="46.13676" lon="11.301540000000001">
    <ele>1736.11</ele>
   </trkpt>
   <trkpt lat="46.136590000000005" lon="11.301530000000001">
    <ele>1732.52</ele>
   </trkpt>
   <trkpt lat="46.13629" lon="11.301570000000002">
    <ele>1727.42</ele>
   </trkpt>
   <trkpt lat="46.13622" lon="11.301590000000001">
    <ele>1727.42</ele>
   </trkpt>
   <trkpt lat="46.136320000000005" lon="11.30179">
    <ele>1726.11</ele>
   </trkpt>
   <trkpt lat="46.13635000000001" lon="11.30194">
    <ele>1725.8300000000002</ele>
   </trkpt>
   <trkpt lat="46.1364" lon="11.302040000000002">
    <ele>1725.65</ele>
   </trkpt>
   <trkpt lat="46.13662" lon="11.30225">
    <ele>1724.3000000000002</ele>
   </trkpt>
   <trkpt lat="46.13674" lon="11.3024">
    <ele>1723.5500000000002</ele>
   </trkpt>
   <trkpt lat="46.13685" lon="11.30288">
    <ele>1720.29</ele>
   </trkpt>
   <trkpt lat="46.13687" lon="11.30311">
    <ele>1718.9800000000002</ele>
   </trkpt>
   <trkpt lat="46.136790000000005" lon="11.303220000000001">
    <ele>1718.3100000000002</ele>
   </trkpt>
   <trkpt lat="46.13667" lon="11.30334">
    <ele>1717.2500000000002</ele>
   </trkpt>
   <trkpt lat="46.13655000000001" lon="11.30386">
    <ele>1712.8200000000002</ele>
   </trkpt>
   <trkpt lat="46.136320000000005" lon="11.30405">
    <ele>1708.2700000000002</ele>
   </trkpt>
   <trkpt lat="46.136250000000004" lon="11.304160000000001">
    <ele>1707.5000000000002</ele>
   </trkpt>
   <trkpt lat="46.136190000000006" lon="11.30433">
    <ele>1706.71</ele>
   </trkpt>
   <trkpt lat="46.13613" lon="11.304770000000001">
    <ele>1703.3700000000001</ele>
   </trkpt>
   <trkpt lat="46.13608000000001" lon="11.30489">
    <ele>1702.76</ele>
   </trkpt>
   <trkpt lat="46.13591" lon="11.305180000000002">
    <ele>1700.8500000000001</ele>
   </trkpt>
   <trkpt lat="46.135810000000006" lon="11.3053">
    <ele>1698.6200000000001</ele>
   </trkpt>
   <trkpt lat="46.13579000000001" lon="11.305370000000002">
    <ele>1697.7400000000002</ele>
   </trkpt>
   <trkpt lat="46.13584" lon="11.305390000000001">
    <ele>1697.7400000000002</ele>
   </trkpt>
   <trkpt lat="46.13586" lon="11.30545">
    <ele>1697.7400000000002</ele>
   </trkpt>
   <trkpt lat="46.135830000000006" lon="11.305620000000001">
    <ele>1699.0900000000001</ele>
   </trkpt>
   <trkpt lat="46.13571" lon="11.30578">
    <ele>1700.0400000000002</ele>
   </trkpt>
   <trkpt lat="46.13562" lon="11.30601">
    <ele>1702.1100000000001</ele>
   </trkpt>
   <trkpt lat="46.135560000000005" lon="11.30629">
    <ele>1702.7500000000002</ele>
   </trkpt>
   <trkpt lat="46.13546" lon="11.306410000000001">
    <ele>1699.21</ele>
   </trkpt>
   <trkpt lat="46.135450000000006" lon="11.306510000000001">
    <ele>1695.3700000000001</ele>
   </trkpt>
   <trkpt lat="46.135490000000004" lon="11.306590000000002">
    <ele>1695.3700000000001</ele>
   </trkpt>
   <trkpt lat="46.13553" lon="11.306590000000002">
    <ele>1697.7300000000002</ele>
   </trkpt>
   <trkpt lat="46.135670000000005" lon="11.306500000000002">
    <ele>1700.25</ele>
   </trkpt>
   <trkpt lat="46.13571" lon="11.306500000000002">
    <ele>1700.25</ele>
   </trkpt>
   <trkpt lat="46.135830000000006" lon="11.306560000000001">
    <ele>1708.5500000000002</ele>
   </trkpt>
   <trkpt lat="46.136" lon="11.306540000000002">
    <ele>1711.17</ele>
   </trkpt>
   <trkpt lat="46.13611" lon="11.30755">
    <ele>1712.9900000000002</ele>
   </trkpt>
   <trkpt lat="46.13608000000001" lon="11.308530000000001">
    <ele>1710.89</ele>
   </trkpt>
   <trkpt lat="46.135960000000004" lon="11.30854">
    <ele>1708.32</ele>
   </trkpt>
   <trkpt lat="46.13589" lon="11.3086">
    <ele>1703.8000000000002</ele>
   </trkpt>
   <trkpt lat="46.136" lon="11.309050000000001">
    <ele>1696.4500000000003</ele>
   </trkpt>
   <trkpt lat="46.13590000000001" lon="11.3091">
    <ele>1694.3700000000001</ele>
   </trkpt>
   <trkpt lat="46.135830000000006" lon="11.309180000000001">
    <ele>1690.73</ele>
   </trkpt>
   <trkpt lat="46.1358" lon="11.309270000000001">
    <ele>1690.73</ele>
   </trkpt>
   <trkpt lat="46.13570000000001" lon="11.309280000000001">
    <ele>1683.9</ele>
   </trkpt>
   <trkpt lat="46.13561000000001" lon="11.309370000000001">
    <ele>1683.9</ele>
   </trkpt>
   <trkpt lat="46.13561000000001" lon="11.30954">
    <ele>1682.3600000000001</ele>
   </trkpt>
   <trkpt lat="46.13570000000001" lon="11.30973">
    <ele>1681.46</ele>
   </trkpt>
   <trkpt lat="46.135740000000006" lon="11.31033">
    <ele>1679.3300000000002</ele>
   </trkpt>
   <trkpt lat="46.135720000000006" lon="11.31043">
    <ele>1678.1200000000001</ele>
   </trkpt>
   <trkpt lat="46.13548" lon="11.31108">
    <ele>1676.1800000000003</ele>
   </trkpt>
   <trkpt lat="46.13537" lon="11.31126">
    <ele>1675.8500000000001</ele>
   </trkpt>
   <trkpt lat="46.135290000000005" lon="11.311440000000001">
    <ele>1674.7800000000002</ele>
   </trkpt>
   <trkpt lat="46.13517" lon="11.311940000000002">
    <ele>1672.47</ele>
   </trkpt>
   <trkpt lat="46.13514000000001" lon="11.31234">
    <ele>1670.83</ele>
   </trkpt>
   <trkpt lat="46.13508" lon="11.312560000000001">
    <ele>1671.1100000000001</ele>
   </trkpt>
   <trkpt lat="46.13497" lon="11.31276">
    <ele>1671.89</ele>
   </trkpt>
   <trkpt lat="46.134910000000005" lon="11.312930000000001">
    <ele>1670.46</ele>
   </trkpt>
   <trkpt lat="46.13488" lon="11.3131">
    <ele>1668.2400000000002</ele>
   </trkpt>
   <trkpt lat="46.13486" lon="11.313300000000002">
    <ele>1667.1100000000001</ele>
   </trkpt>
   <trkpt lat="46.13488" lon="11.3137">
    <ele>1662.5400000000002</ele>
   </trkpt>
   <trkpt lat="46.13483" lon="11.31394">
    <ele>1657.22</ele>
   </trkpt>
   <trkpt lat="46.134840000000004" lon="11.314330000000002">
    <ele>1651.91</ele>
   </trkpt>
   <trkpt lat="46.13481" lon="11.314580000000001">
    <ele>1651.91</ele>
   </trkpt>
   <trkpt lat="46.134820000000005" lon="11.31474">
    <ele>1646.6600000000003</ele>
   </trkpt>
   <trkpt lat="46.13488" lon="11.314900000000002">
    <ele>1644.8300000000002</ele>
   </trkpt>
   <trkpt lat="46.1349" lon="11.3152">
    <ele>1638.3400000000001</ele>
   </trkpt>
   <trkpt lat="46.13486" lon="11.315470000000001">
    <ele>1635.3400000000001</ele>
   </trkpt>
   <trkpt lat="46.134730000000005" lon="11.315900000000001">
    <ele>1632.17</ele>
   </trkpt>
   <trkpt lat="46.13472" lon="11.31601">
    <ele>1631.72</ele>
   </trkpt>
   <trkpt lat="46.13477" lon="11.316450000000001">
    <ele>1630.81</ele>
   </trkpt>
   <trkpt lat="46.134750000000004" lon="11.31667">
    <ele>1630.36</ele>
   </trkpt>
   <trkpt lat="46.13463" lon="11.31689">
    <ele>1629.3400000000001</ele>
   </trkpt>
   <trkpt lat="46.13459" lon="11.31717">
    <ele>1627.5700000000002</ele>
   </trkpt>
   <trkpt lat="46.13439" lon="11.31731">
    <ele>1625.75</ele>
   </trkpt>
   <trkpt lat="46.13403" lon="11.317760000000002">
    <ele>1621.7400000000002</ele>
   </trkpt>
   <trkpt lat="46.133750000000006" lon="11.31827">
    <ele>1618.63</ele>
   </trkpt>
   <trkpt lat="46.1336" lon="11.31872">
    <ele>1618.2500000000002</ele>
   </trkpt>
   <trkpt lat="46.13349" lon="11.31892">
    <ele>1618.75</ele>
   </trkpt>
   <trkpt lat="46.133070000000004" lon="11.31919">
    <ele>1619.8000000000002</ele>
   </trkpt>
   <trkpt lat="46.13295" lon="11.31939">
    <ele>1619.38</ele>
   </trkpt>
   <trkpt lat="46.13286" lon="11.319500000000001">
    <ele>1618.72</ele>
   </trkpt>
   <trkpt lat="46.13273" lon="11.31947">
    <ele>1618.09</ele>
   </trkpt>
   <trkpt lat="46.132220000000004" lon="11.31948">
    <ele>1619.48</ele>
   </trkpt>
   <trkpt lat="46.131640000000004" lon="11.319400000000002">
    <ele>1620.96</ele>
   </trkpt>
   <trkpt lat="46.131550000000004" lon="11.319400000000002">
    <ele>1621.7400000000002</ele>
   </trkpt>
   <trkpt lat="46.131420000000006" lon="11.31944">
    <ele>1624.09</ele>
   </trkpt>
   <trkpt lat="46.131310000000006" lon="11.319510000000001">
    <ele>1625.14</ele>
   </trkpt>
   <trkpt lat="46.13123" lon="11.319590000000002">
    <ele>1625.7100000000003</ele>
   </trkpt>
   <trkpt lat="46.131170000000004" lon="11.319730000000002">
    <ele>1625.7800000000002</ele>
   </trkpt>
   <trkpt lat="46.13112" lon="11.320070000000001">
    <ele>1624.3</ele>
   </trkpt>
   <trkpt lat="46.131080000000004" lon="11.32009">
    <ele>1623.31</ele>
   </trkpt>
   <trkpt lat="46.130990000000004" lon="11.32">
    <ele>1617.76</ele>
   </trkpt>
   <trkpt lat="46.13094" lon="11.32005">
    <ele>1617.76</ele>
   </trkpt>
   <trkpt lat="46.130880000000005" lon="11.320160000000001">
    <ele>1615.28</ele>
   </trkpt>
   <trkpt lat="46.13082000000001" lon="11.32041">
    <ele>1611.3400000000001</ele>
   </trkpt>
   <trkpt lat="46.130810000000004" lon="11.32061">
    <ele>1606.4600000000003</ele>
   </trkpt>
   <trkpt lat="46.13085" lon="11.320730000000001">
    <ele>1606.4600000000003</ele>
   </trkpt>
   <trkpt lat="46.13082000000001" lon="11.32085">
    <ele>1600.1200000000001</ele>
   </trkpt>
   <trkpt lat="46.13073000000001" lon="11.32099">
    <ele>1598.89</ele>
   </trkpt>
   <trkpt lat="46.13065" lon="11.321340000000001">
    <ele>1593.19</ele>
   </trkpt>
   <trkpt lat="46.13058" lon="11.3215">
    <ele>1591.5700000000002</ele>
   </trkpt>
   <trkpt lat="46.13056" lon="11.32163">
    <ele>1591.13</ele>
   </trkpt>
   <trkpt lat="46.1306" lon="11.321810000000001">
    <ele>1591.0700000000002</ele>
   </trkpt>
   <trkpt lat="46.13062" lon="11.322090000000001">
    <ele>1589.97</ele>
   </trkpt>
   <trkpt lat="46.130590000000005" lon="11.32216">
    <ele>1589.97</ele>
   </trkpt>
   <trkpt lat="46.130570000000006" lon="11.322420000000001">
    <ele>1587.9200000000003</ele>
   </trkpt>
   <trkpt lat="46.1306" lon="11.322460000000001">
    <ele>1587.9200000000003</ele>
   </trkpt>
   <trkpt lat="46.131130000000006" lon="11.32291">
    <ele>1582.7600000000002</ele>
   </trkpt>
   <trkpt lat="46.13141" lon="11.322930000000001">
    <ele>1581.86</ele>
   </trkpt>
   <trkpt lat="46.131530000000005" lon="11.322920000000002">
    <ele>1582.17</ele>
   </trkpt>
   <trkpt lat="46.13176000000001" lon="11.322970000000002">
    <ele>1582.45</ele>
   </trkpt>
   <trkpt lat="46.13185000000001" lon="11.322970000000002">
    <ele>1582.4600000000003</ele>
   </trkpt>
   <trkpt lat="46.131910000000005" lon="11.32295">
    <ele>1582.4300000000003</ele>
   </trkpt>
   <trkpt lat="46.13223000000001" lon="11.32305">
    <ele>1577.5400000000002</ele>
   </trkpt>
   <trkpt lat="46.132850000000005" lon="11.322920000000002">
    <ele>1561.0000000000002</ele>
   </trkpt>
   <trkpt lat="46.13349" lon="11.322880000000001">
    <ele>1547.97</ele>
   </trkpt>
   <trkpt lat="46.13369" lon="11.322780000000002">
    <ele>1543.88</ele>
   </trkpt>
   <trkpt lat="46.133900000000004" lon="11.322610000000001">
    <ele>1536.94</ele>
   </trkpt>
   <trkpt lat="46.1347" lon="11.322090000000001">
    <ele>1512.3700000000001</ele>
   </trkpt>
   <trkpt lat="46.135180000000005" lon="11.32192">
    <ele>1500.4400000000003</ele>
   </trkpt>
   <trkpt lat="46.13555500072557" lon="11.321525002642108">
    <ele>1488.5100000000002</ele>
   </trkpt>
   <trkpt lat="46.13593" lon="11.32113">
    <ele>1478.9800000000002</ele>
   </trkpt>
   <trkpt lat="46.136250000000004" lon="11.320920000000001">
    <ele>1470.97</ele>
   </trkpt>
   <trkpt lat="46.136320000000005" lon="11.320960000000001">
    <ele>1470.23</ele>
   </trkpt>
   <trkpt lat="46.13644" lon="11.321200000000001">
    <ele>1467.5600000000002</ele>
   </trkpt>
   <trkpt lat="46.13651" lon="11.321250000000001">
    <ele>1466.0300000000002</ele>
   </trkpt>
   <trkpt lat="46.136570000000006" lon="11.32126">
    <ele>1464.3600000000001</ele>
   </trkpt>
   <trkpt lat="46.1366" lon="11.321370000000002">
    <ele>1464.17</ele>
   </trkpt>
   <trkpt lat="46.136860000000006" lon="11.321720000000001">
    <ele>1457.2900000000002</ele>
   </trkpt>
   <trkpt lat="46.136860000000006" lon="11.32183">
    <ele>1457.2900000000002</ele>
   </trkpt>
   <trkpt lat="46.13678" lon="11.322090000000001">
    <ele>1452.3700000000001</ele>
   </trkpt>
   <trkpt lat="46.136790000000005" lon="11.32221">
    <ele>1450.88</ele>
   </trkpt>
   <trkpt lat="46.13687" lon="11.3223">
    <ele>1449.51</ele>
   </trkpt>
   <trkpt lat="46.136680000000005" lon="11.32252">
    <ele>1450.43</ele>
   </trkpt>
   <trkpt lat="46.13597" lon="11.32309">
    <ele>1453.71</ele>
   </trkpt>
   <trkpt lat="46.13573" lon="11.32338">
    <ele>1454.47</ele>
   </trkpt>
   <trkpt lat="46.13559" lon="11.3236">
    <ele>1454.35</ele>
   </trkpt>
   <trkpt lat="46.13532500140355" lon="11.324195003177472">
    <ele>1452.64</ele>
   </trkpt>
   <trkpt lat="46.13506" lon="11.32479">
    <ele>1449.5500000000002</ele>
   </trkpt>
   <trkpt lat="46.13532500168347" lon="11.324195002548985">
    <ele>1452.64</ele>
   </trkpt>
   <trkpt lat="46.13559" lon="11.3236">
    <ele>1454.35</ele>
   </trkpt>
   <trkpt lat="46.13573" lon="11.32338">
    <ele>1454.47</ele>
   </trkpt>
   <trkpt lat="46.13597" lon="11.32309">
    <ele>1453.71</ele>
   </trkpt>
   <trkpt lat="46.136680000000005" lon="11.32252">
    <ele>1450.43</ele>
   </trkpt>
   <trkpt lat="46.13687" lon="11.3223">
    <ele>1449.51</ele>
   </trkpt>
   <trkpt lat="46.136680000000005" lon="11.323060000000002">
    <ele>1459.39</ele>
   </trkpt>
   <trkpt lat="46.13645" lon="11.323860000000002">
    <ele>1474.88</ele>
   </trkpt>
   <trkpt lat="46.13638" lon="11.32432">
    <ele>1481.88</ele>
   </trkpt>
   <trkpt lat="46.136410000000005" lon="11.32478">
    <ele>1490.4400000000003</ele>
   </trkpt>
   <trkpt lat="46.136390000000006" lon="11.325180000000001">
    <ele>1499.93</ele>
   </trkpt>
   <trkpt lat="46.136300000000006" lon="11.325600000000001">
    <ele>1510.22</ele>
   </trkpt>
   <trkpt lat="46.13629" lon="11.325880000000002">
    <ele>1513.6100000000001</ele>
   </trkpt>
   <trkpt lat="46.136250000000004" lon="11.32615">
    <ele>1519.8200000000002</ele>
   </trkpt>
   <trkpt lat="46.13613" lon="11.32633">
    <ele>1524.34</ele>
   </trkpt>
   <trkpt lat="46.135870000000004" lon="11.32665">
    <ele>1532.38</ele>
   </trkpt>
   <trkpt lat="46.1358" lon="11.3269">
    <ele>1536.31</ele>
   </trkpt>
   <trkpt lat="46.135400000000004" lon="11.327330000000002">
    <ele>1545.4800000000002</ele>
   </trkpt>
   <trkpt lat="46.1351" lon="11.327580000000001">
    <ele>1550.21</ele>
   </trkpt>
   <trkpt lat="46.13499" lon="11.327770000000001">
    <ele>1554.49</ele>
   </trkpt>
   <trkpt lat="46.134930000000004" lon="11.32801">
    <ele>1557.15</ele>
   </trkpt>
   <trkpt lat="46.13481" lon="11.32881">
    <ele>1566.4600000000003</ele>
   </trkpt>
   <trkpt lat="46.13472" lon="11.32914">
    <ele>1569.7200000000003</ele>
   </trkpt>
   <trkpt lat="46.13461" lon="11.329460000000001">
    <ele>1572.16</ele>
   </trkpt>
   <trkpt lat="46.134150000000005" lon="11.33027">
    <ele>1587.22</ele>
   </trkpt>
   <trkpt lat="46.13411000000001" lon="11.330400000000001">
    <ele>1591.0400000000002</ele>
   </trkpt>
   <trkpt lat="46.13403" lon="11.33084">
    <ele>1599.0400000000002</ele>
   </trkpt>
   <trkpt lat="46.13403" lon="11.331290000000001">
    <ele>1603.04</ele>
   </trkpt>
   <trkpt lat="46.13449000000001" lon="11.33074">
    <ele>1610.91</ele>
   </trkpt>
   <trkpt lat="46.13490000047158" lon="11.33039000265915">
    <ele>1614.27</ele>
   </trkpt>
   <trkpt lat="46.135310000000004" lon="11.33004">
    <ele>1621.4</ele>
   </trkpt>
   <trkpt lat="46.13548" lon="11.32981">
    <ele>1623.28</ele>
   </trkpt>
   <trkpt lat="46.13552000000001" lon="11.329830000000001">
    <ele>1623.75</ele>
   </trkpt>
   <trkpt lat="46.135540000000006" lon="11.3299">
    <ele>1624.26</ele>
   </trkpt>
   <trkpt lat="46.13539" lon="11.330100000000002">
    <ele>1625.94</ele>
   </trkpt>
   <trkpt lat="46.135160000000006" lon="11.330660000000002">
    <ele>1632.45</ele>
   </trkpt>
   <trkpt lat="46.13512" lon="11.331180000000002">
    <ele>1637.0000000000002</ele>
   </trkpt>
   <trkpt lat="46.13521" lon="11.331750000000001">
    <ele>1641.07</ele>
   </trkpt>
   <trkpt lat="46.13534000000001" lon="11.332180000000001">
    <ele>1645.76</ele>
   </trkpt>
   <trkpt lat="46.13557" lon="11.332500000000001">
    <ele>1649.01</ele>
   </trkpt>
   <trkpt lat="46.13561000000001" lon="11.3327">
    <ele>1652.02</ele>
   </trkpt>
   <trkpt lat="46.13559" lon="11.33331">
    <ele>1655.8000000000002</ele>
   </trkpt>
   <trkpt lat="46.135720000000006" lon="11.334180000000002">
    <ele>1662.3100000000002</ele>
   </trkpt>
   <trkpt lat="46.13577" lon="11.334200000000001">
    <ele>1662.3100000000002</ele>
   </trkpt>
   <trkpt lat="46.13582" lon="11.334150000000001">
    <ele>1664.16</ele>
   </trkpt>
   <trkpt lat="46.1358" lon="11.334010000000001">
    <ele>1665.3300000000002</ele>
   </trkpt>
   <trkpt lat="46.13582" lon="11.33333">
    <ele>1671.95</ele>
   </trkpt>
   <trkpt lat="46.13590000000001" lon="11.332870000000002">
    <ele>1675.2900000000002</ele>
   </trkpt>
   <trkpt lat="46.136100000000006" lon="11.33228">
    <ele>1679.3300000000002</ele>
   </trkpt>
   <trkpt lat="46.13624" lon="11.331700000000001">
    <ele>1684.5</ele>
   </trkpt>
   <trkpt lat="46.13658" lon="11.330990000000002">
    <ele>1691.71</ele>
   </trkpt>
   <trkpt lat="46.13671" lon="11.330490000000001">
    <ele>1696.0400000000002</ele>
   </trkpt>
   <trkpt lat="46.136720000000004" lon="11.330390000000001">
    <ele>1696.0400000000002</ele>
   </trkpt>
   <trkpt lat="46.13676" lon="11.33032">
    <ele>1696.53</ele>
   </trkpt>
   <trkpt lat="46.13682000000001" lon="11.33032">
    <ele>1697.5900000000001</ele>
   </trkpt>
   <trkpt lat="46.13685" lon="11.330400000000001">
    <ele>1697.5900000000001</ele>
   </trkpt>
   <trkpt lat="46.13682000000001" lon="11.33088">
    <ele>1700.38</ele>
   </trkpt>
   <trkpt lat="46.13673000000001" lon="11.3314">
    <ele>1705.71</ele>
   </trkpt>
   <trkpt lat="46.13665" lon="11.332040000000001">
    <ele>1714.14</ele>
   </trkpt>
   <trkpt lat="46.13662" lon="11.33305">
    <ele>1720.74</ele>
   </trkpt>
   <trkpt lat="46.136660000000006" lon="11.333540000000001">
    <ele>1723.95</ele>
   </trkpt>
   <trkpt lat="46.13678" lon="11.33388">
    <ele>1729.0900000000001</ele>
   </trkpt>
   <trkpt lat="46.137240000000006" lon="11.334420000000001">
    <ele>1735.3200000000002</ele>
   </trkpt>
   <trkpt lat="46.13743" lon="11.33454">
    <ele>1736.4400000000003</ele>
   </trkpt>
   <trkpt lat="46.13781" lon="11.334610000000001">
    <ele>1742.0300000000002</ele>
   </trkpt>
   <trkpt lat="46.13803" lon="11.33459">
    <ele>1746.2000000000003</ele>
   </trkpt>
   <trkpt lat="46.138600000000004" lon="11.33486">
    <ele>1750.39</ele>
   </trkpt>
   <trkpt lat="46.139100000000006" lon="11.335">
    <ele>1753.3500000000001</ele>
   </trkpt>
   <trkpt lat="46.139590000000005" lon="11.334990000000001">
    <ele>1756.55</ele>
   </trkpt>
   <trkpt lat="46.13984000000001" lon="11.334930000000002">
    <ele>1756.55</ele>
   </trkpt>
   <trkpt lat="46.14009" lon="11.334930000000002">
    <ele>1758.25</ele>
   </trkpt>
   <trkpt lat="46.14034" lon="11.33496">
    <ele>1758.89</ele>
   </trkpt>
   <trkpt lat="46.140480000000004" lon="11.33515">
    <ele>1759.9000000000003</ele>
   </trkpt>
   <trkpt lat="46.140890000000006" lon="11.335870000000002">
    <ele>1761.89</ele>
   </trkpt>
   <trkpt lat="46.14105000000001" lon="11.335960000000002">
    <ele>1762.43</ele>
   </trkpt>
   <trkpt lat="46.1413" lon="11.336030000000001">
    <ele>1763.36</ele>
   </trkpt>
   <trkpt lat="46.14141" lon="11.336110000000001">
    <ele>1763.36</ele>
   </trkpt>
   <trkpt lat="46.141470000000005" lon="11.33627">
    <ele>1763.36</ele>
   </trkpt>
   <trkpt lat="46.14146" lon="11.336530000000002">
    <ele>1764.45</ele>
   </trkpt>
   <trkpt lat="46.14148" lon="11.336960000000001">
    <ele>1764.8500000000001</ele>
   </trkpt>
   <trkpt lat="46.141450000000006" lon="11.337720000000001">
    <ele>1766.8100000000002</ele>
   </trkpt>
   <trkpt lat="46.141510000000004" lon="11.33806">
    <ele>1768.43</ele>
   </trkpt>
   <trkpt lat="46.14175" lon="11.33866">
    <ele>1770.41</ele>
   </trkpt>
   <trkpt lat="46.14177" lon="11.33899">
    <ele>1771.06</ele>
   </trkpt>
   <trkpt lat="46.14181000000001" lon="11.33924">
    <ele>1771.26</ele>
   </trkpt>
   <trkpt lat="46.14195" lon="11.3397">
    <ele>1771.7500000000002</ele>
   </trkpt>
   <trkpt lat="46.14215" lon="11.34018">
    <ele>1772.38</ele>
   </trkpt>
   <trkpt lat="46.142520000000005" lon="11.34069">
    <ele>1772.97</ele>
   </trkpt>
   <trkpt lat="46.14258" lon="11.34083">
    <ele>1773.2900000000002</ele>
   </trkpt>
   <trkpt lat="46.142610000000005" lon="11.34097">
    <ele>1773.43</ele>
   </trkpt>
   <trkpt lat="46.1426" lon="11.34162">
    <ele>1775.4800000000002</ele>
   </trkpt>
   <trkpt lat="46.14275000000001" lon="11.34143">
    <ele>1787.6200000000001</ele>
   </trkpt>
   <trkpt lat="46.14296" lon="11.341330000000001">
    <ele>1794.5000000000002</ele>
   </trkpt>
   <trkpt lat="46.14311000000001" lon="11.34129">
    <ele>1802.7400000000002</ele>
   </trkpt>
   <trkpt lat="46.14312" lon="11.341230000000001">
    <ele>1802.7400000000002</ele>
   </trkpt>
   <trkpt lat="46.14320000000001" lon="11.34106">
    <ele>1807.91</ele>
   </trkpt>
   <trkpt lat="46.14321" lon="11.34098">
    <ele>1807.91</ele>
   </trkpt>
   <trkpt lat="46.14327" lon="11.34083">
    <ele>1813.3600000000001</ele>
   </trkpt>
   <trkpt lat="46.143330000000006" lon="11.340760000000001">
    <ele>1813.3600000000001</ele>
   </trkpt>
   <trkpt lat="46.14340000000001" lon="11.340570000000001">
    <ele>1822.8000000000002</ele>
   </trkpt>
   <trkpt lat="46.14347" lon="11.34055">
    <ele>1826.3600000000001</ele>
   </trkpt>
   <trkpt lat="46.143530000000005" lon="11.340570000000001">
    <ele>1826.3600000000001</ele>
   </trkpt>
   <trkpt lat="46.143600000000006" lon="11.34068">
    <ele>1829.74</ele>
   </trkpt>
   <trkpt lat="46.14361" lon="11.34078">
    <ele>1836.3400000000001</ele>
   </trkpt>
   <trkpt lat="46.1439" lon="11.340890000000002">
    <ele>1844.9700000000003</ele>
   </trkpt>
   <trkpt lat="46.144020000000005" lon="11.34101">
    <ele>1849.44</ele>
   </trkpt>
   <trkpt lat="46.14412" lon="11.341140000000001">
    <ele>1853.35</ele>
   </trkpt>
   <trkpt lat="46.144180000000006" lon="11.341280000000001">
    <ele>1855.53</ele>
   </trkpt>
   <trkpt lat="46.14432" lon="11.341450000000002">
    <ele>1860.98</ele>
   </trkpt>
   <trkpt lat="46.144380000000005" lon="11.341640000000002">
    <ele>1864.9700000000003</ele>
   </trkpt>
   <trkpt lat="46.144470000000005" lon="11.341750000000001">
    <ele>1867.76</ele>
   </trkpt>
   <trkpt lat="46.14459" lon="11.341830000000002">
    <ele>1867.76</ele>
   </trkpt>
   <trkpt lat="46.14466" lon="11.34195">
    <ele>1881.28</ele>
   </trkpt>
   <trkpt lat="46.144780000000004" lon="11.34204">
    <ele>1881.28</ele>
   </trkpt>
   <trkpt lat="46.144870000000004" lon="11.34204">
    <ele>1884.0700000000002</ele>
   </trkpt>
   <trkpt lat="46.145100000000006" lon="11.342080000000001">
    <ele>1892.9600000000003</ele>
   </trkpt>
   <trkpt lat="46.145590000000006" lon="11.34223">
    <ele>1906.09</ele>
   </trkpt>
   <trkpt lat="46.14574" lon="11.34223">
    <ele>1911.93</ele>
   </trkpt>
   <trkpt lat="46.145830000000004" lon="11.342170000000001">
    <ele>1914.0100000000002</ele>
   </trkpt>
   <trkpt lat="46.14612" lon="11.342120000000001">
    <ele>1918.7800000000002</ele>
   </trkpt>
   <trkpt lat="46.14640000000001" lon="11.341980000000001">
    <ele>1924.73</ele>
   </trkpt>
   <trkpt lat="46.14654" lon="11.341930000000001">
    <ele>1926.0400000000002</ele>
   </trkpt>
   <trkpt lat="46.146640000000005" lon="11.34195">
    <ele>1929.8000000000002</ele>
   </trkpt>
   <trkpt lat="46.147020000000005" lon="11.341970000000002">
    <ele>1932.17</ele>
   </trkpt>
   <trkpt lat="46.14707000000001" lon="11.34204">
    <ele>1932.17</ele>
   </trkpt>
   <trkpt lat="46.147090000000006" lon="11.342160000000002">
    <ele>1933.17</ele>
   </trkpt>
   <trkpt lat="46.14714" lon="11.34234">
    <ele>1935.6200000000001</ele>
   </trkpt>
   <trkpt lat="46.14719" lon="11.34243">
    <ele>1937.89</ele>
   </trkpt>
   <trkpt lat="46.14715" lon="11.342730000000001">
    <ele>1943.4</ele>
   </trkpt>
   <trkpt lat="46.14719" lon="11.34285">
    <ele>1949.5600000000002</ele>
   </trkpt>
   <trkpt lat="46.147270000000006" lon="11.343000000000002">
    <ele>1951.0600000000002</ele>
   </trkpt>
   <trkpt lat="46.147270000000006" lon="11.34303">
    <ele>1952.5</ele>
   </trkpt>
   <trkpt lat="46.14717" lon="11.343160000000001">
    <ele>1957.7600000000002</ele>
   </trkpt>
   <trkpt lat="46.1471" lon="11.34332">
    <ele>1959.16</ele>
   </trkpt>
   <trkpt lat="46.147110000000005" lon="11.34356">
    <ele>1965.21</ele>
   </trkpt>
   <trkpt lat="46.14715" lon="11.343610000000002">
    <ele>1969.64</ele>
   </trkpt>
   <trkpt lat="46.14696000000001" lon="11.34407">
    <ele>1981.3600000000001</ele>
   </trkpt>
   <trkpt lat="46.146800000000006" lon="11.344370000000001">
    <ele>1988.76</ele>
   </trkpt>
   <trkpt lat="46.1467" lon="11.34444">
    <ele>1993.7700000000002</ele>
   </trkpt>
   <trkpt lat="46.14658000000001" lon="11.344830000000002">
    <ele>2005.7900000000002</ele>
   </trkpt>
   <trkpt lat="46.14652" lon="11.34496">
    <ele>2005.7900000000002</ele>
   </trkpt>
   <trkpt lat="46.14649000000001" lon="11.34509">
    <ele>2008.76</ele>
   </trkpt>
   <trkpt lat="46.14649000000001" lon="11.345220000000001">
    <ele>2013.02</ele>
   </trkpt>
   <trkpt lat="46.14634" lon="11.34567">
    <ele>2023.3400000000001</ele>
   </trkpt>
   <trkpt lat="46.146420000000006" lon="11.345790000000001">
    <ele>2027.6200000000001</ele>
   </trkpt>
   <trkpt lat="46.14647" lon="11.345820000000002">
    <ele>2027.6200000000001</ele>
   </trkpt>
   <trkpt lat="46.14683" lon="11.34586">
    <ele>2043.2700000000002</ele>
   </trkpt>
   <trkpt lat="46.14688" lon="11.34584">
    <ele>2043.2700000000002</ele>
   </trkpt>
   <trkpt lat="46.146930000000005" lon="11.345910000000002">
    <ele>2043.2700000000002</ele>
   </trkpt>
   <trkpt lat="46.14723" lon="11.34604">
    <ele>2054.2100000000005</ele>
   </trkpt>
   <trkpt lat="46.147330000000004" lon="11.346190000000002">
    <ele>2058.6600000000003</ele>
   </trkpt>
   <trkpt lat="46.147380000000005" lon="11.34632">
    <ele>2061.75</ele>
   </trkpt>
   <trkpt lat="46.147470000000006" lon="11.346430000000002">
    <ele>2061.75</ele>
   </trkpt>
   <trkpt lat="46.147450000000006" lon="11.346540000000001">
    <ele>2073.6700000000005</ele>
   </trkpt>
   <trkpt lat="46.14748" lon="11.34659">
    <ele>2073.6700000000005</ele>
   </trkpt>
   <trkpt lat="46.147490000000005" lon="11.346680000000001">
    <ele>2073.6700000000005</ele>
   </trkpt>
   <trkpt lat="46.14752000000001" lon="11.34669">
    <ele>2073.6700000000005</ele>
   </trkpt>
   <trkpt lat="46.14761" lon="11.346860000000001">
    <ele>2081.8700000000003</ele>
   </trkpt>
   <trkpt lat="46.147650000000006" lon="11.34698">
    <ele>2081.8700000000003</ele>
   </trkpt>
   <trkpt lat="46.14777" lon="11.347010000000001">
    <ele>2089.05</ele>
   </trkpt>
   <trkpt lat="46.147780000000004" lon="11.34711">
    <ele>2089.05</ele>
   </trkpt>
   <trkpt lat="46.14786" lon="11.34711">
    <ele>2096.08</ele>
   </trkpt>
   <trkpt lat="46.14793" lon="11.347180000000002">
    <ele>2096.08</ele>
   </trkpt>
   <trkpt lat="46.147940000000006" lon="11.34726">
    <ele>2104.61</ele>
   </trkpt>
   <trkpt lat="46.14829" lon="11.34736">
    <ele>2118.38</ele>
   </trkpt>
   <trkpt lat="46.148430000000005" lon="11.34744">
    <ele>2124.86</ele>
   </trkpt>
   <trkpt lat="46.1486" lon="11.347470000000001">
    <ele>2132.63</ele>
   </trkpt>
   <trkpt lat="46.148590000000006" lon="11.347550000000002">
    <ele>2134.37</ele>
   </trkpt>
   <trkpt lat="46.14862" lon="11.34767">
    <ele>2137.65</ele>
   </trkpt>
   <trkpt lat="46.1486" lon="11.347710000000001">
    <ele>2139.17</ele>
   </trkpt>
   <trkpt lat="46.14857000000001" lon="11.347710000000001">
    <ele>2140.5800000000004</ele>
   </trkpt>
   <trkpt lat="46.14857000000001" lon="11.34797">
    <ele>2144.82</ele>
   </trkpt>
   <trkpt lat="46.148590000000006" lon="11.347990000000001">
    <ele>2144.82</ele>
   </trkpt>
   <trkpt lat="46.14858" lon="11.348320000000001">
    <ele>2148.4400000000005</ele>
   </trkpt>
   <trkpt lat="46.14862" lon="11.348790000000001">
    <ele>2153.63</ele>
   </trkpt>
   <trkpt lat="46.148700000000005" lon="11.34895">
    <ele>2154.19</ele>
   </trkpt>
   <trkpt lat="46.1488" lon="11.349250000000001">
    <ele>2156.52</ele>
   </trkpt>
   <trkpt lat="46.148830000000004" lon="11.349580000000001">
    <ele>2159.8</ele>
   </trkpt>
   <trkpt lat="46.14891" lon="11.34979">
    <ele>2163.86</ele>
   </trkpt>
   <trkpt lat="46.14896" lon="11.349820000000001">
    <ele>2165.2200000000003</ele>
   </trkpt>
   <trkpt lat="46.14898" lon="11.349920000000001">
    <ele>2166.6600000000003</ele>
   </trkpt>
   <trkpt lat="46.149010000000004" lon="11.349960000000001">
    <ele>2166.6600000000003</ele>
   </trkpt>
   <trkpt lat="46.14902000000001" lon="11.35011">
    <ele>2171.17</ele>
   </trkpt>
   <trkpt lat="46.14905" lon="11.350180000000002">
    <ele>2174.1</ele>
   </trkpt>
   <trkpt lat="46.14902000000001" lon="11.350330000000001">
    <ele>2176.8500000000004</ele>
   </trkpt>
   <trkpt lat="46.14903" lon="11.35041">
    <ele>2178.15</ele>
   </trkpt>
   <trkpt lat="46.149060000000006" lon="11.35045">
    <ele>2180.65</ele>
   </trkpt>
   <trkpt lat="46.14904000000001" lon="11.350480000000001">
    <ele>2180.65</ele>
   </trkpt>
   <trkpt lat="46.149060000000006" lon="11.350670000000001">
    <ele>2184.1700000000005</ele>
   </trkpt>
   <trkpt lat="46.14904000000001" lon="11.35072">
    <ele>2184.1700000000005</ele>
   </trkpt>
   <trkpt lat="46.149100000000004" lon="11.350890000000001">
    <ele>2192.07</ele>
   </trkpt>
   <trkpt lat="46.14909" lon="11.350990000000001">
    <ele>2192.07</ele>
   </trkpt>
   <trkpt lat="46.14912" lon="11.35102">
    <ele>2192.07</ele>
   </trkpt>
   <trkpt lat="46.14913000000001" lon="11.3511">
    <ele>2193.12</ele>
   </trkpt>
   <trkpt lat="46.14912" lon="11.351170000000002">
    <ele>2193.12</ele>
   </trkpt>
   <trkpt lat="46.14913000000001" lon="11.35125">
    <ele>2193.12</ele>
   </trkpt>
   <trkpt lat="46.14911" lon="11.35138">
    <ele>2196.88</ele>
   </trkpt>
   <trkpt lat="46.149080000000005" lon="11.35143">
    <ele>2197.9100000000003</ele>
   </trkpt>
   <trkpt lat="46.14909" lon="11.35162">
    <ele>2201.51</ele>
   </trkpt>
   <trkpt lat="46.149210000000004" lon="11.351730000000002">
    <ele>2207.02</ele>
   </trkpt>
   <trkpt lat="46.149260000000005" lon="11.35181">
    <ele>2208.28</ele>
   </trkpt>
   <trkpt lat="46.14934" lon="11.351880000000001">
    <ele>2210.28</ele>
   </trkpt>
   <trkpt lat="46.14940000000001" lon="11.35199">
    <ele>2211.67</ele>
   </trkpt>
   <trkpt lat="46.14947" lon="11.35219">
    <ele>2213.62</ele>
   </trkpt>
   <trkpt lat="46.149480000000004" lon="11.352290000000002">
    <ele>2214.11</ele>
   </trkpt>
   <trkpt lat="46.149550000000005" lon="11.352480000000002">
    <ele>2215.83</ele>
   </trkpt>
   <trkpt lat="46.149620000000006" lon="11.3526">
    <ele>2217.13</ele>
   </trkpt>
   <trkpt lat="46.149730000000005" lon="11.35271">
    <ele>2217.62</ele>
   </trkpt>
   <trkpt lat="46.14978000000001" lon="11.352870000000001">
    <ele>2218.3700000000003</ele>
   </trkpt>
   <trkpt lat="46.149860000000004" lon="11.353010000000001">
    <ele>2221.2599999999998</ele>
   </trkpt>
   <trkpt lat="46.149860000000004" lon="11.35307">
    <ele>2221.2599999999998</ele>
   </trkpt>
   <trkpt lat="46.15021" lon="11.35359">
    <ele>2236.13</ele>
   </trkpt>
   <trkpt lat="46.150450000000006" lon="11.35401">
    <ele>2250.61</ele>
   </trkpt>
   <trkpt lat="46.15048" lon="11.354030000000002">
    <ele>2251.73</ele>
   </trkpt>
   <trkpt lat="46.15048" lon="11.354080000000002">
    <ele>2251.73</ele>
   </trkpt>
   <trkpt lat="46.15053" lon="11.35416">
    <ele>2253.52</ele>
   </trkpt>
   <trkpt lat="46.15061" lon="11.35425">
    <ele>2255.0600000000004</ele>
   </trkpt>
   <trkpt lat="46.150710000000004" lon="11.35453">
    <ele>2260.66</ele>
   </trkpt>
   <trkpt lat="46.150740000000006" lon="11.354560000000001">
    <ele>2260.66</ele>
   </trkpt>
   <trkpt lat="46.150850000000005" lon="11.35458">
    <ele>2265.3700000000003</ele>
   </trkpt>
   <trkpt lat="46.150870000000005" lon="11.35471">
    <ele>2268.23</ele>
   </trkpt>
   <trkpt lat="46.15091" lon="11.354740000000001">
    <ele>2268.23</ele>
   </trkpt>
   <trkpt lat="46.15093" lon="11.354800000000001">
    <ele>2272.18</ele>
   </trkpt>
   <trkpt lat="46.15099000000001" lon="11.35482">
    <ele>2273.54</ele>
   </trkpt>
   <trkpt lat="46.150980000000004" lon="11.35491">
    <ele>2276.39</ele>
   </trkpt>
   <trkpt lat="46.15106" lon="11.35505">
    <ele>2277.8900000000003</ele>
   </trkpt>
   <trkpt lat="46.15110000000001" lon="11.35505">
    <ele>2277.8900000000003</ele>
   </trkpt>
   <trkpt lat="46.151120000000006" lon="11.3551">
    <ele>2284.1400000000003</ele>
   </trkpt>
   <trkpt lat="46.1512" lon="11.35514">
    <ele>2284.1400000000003</ele>
   </trkpt>
   <trkpt lat="46.15122" lon="11.355170000000001">
    <ele>2287.07</ele>
   </trkpt>
   <trkpt lat="46.151270000000004" lon="11.35518">
    <ele>2287.07</ele>
   </trkpt>
   <trkpt lat="46.151360000000004" lon="11.355300000000002">
    <ele>2292.7200000000003</ele>
   </trkpt>
   <trkpt lat="46.151500000000006" lon="11.35538">
    <ele>2296.34</ele>
   </trkpt>
   <trkpt lat="46.15175000000001" lon="11.35575">
    <ele>2301.39</ele>
   </trkpt>
   <trkpt lat="46.15178" lon="11.35584">
    <ele>2303.0000000000005</ele>
   </trkpt>
   <trkpt lat="46.15189" lon="11.356000000000002">
    <ele>2307.05</ele>
   </trkpt>
   <trkpt lat="46.15195000000001" lon="11.35603">
    <ele>2307.05</ele>
   </trkpt>
   <trkpt lat="46.15207" lon="11.356280000000002">
    <ele>2314.02</ele>
   </trkpt>
   <trkpt lat="46.15213000000001" lon="11.35636">
    <ele>2314.98</ele>
   </trkpt>
   <trkpt lat="46.1522" lon="11.35636">
    <ele>2316.2900000000004</ele>
   </trkpt>
   <trkpt lat="46.15227" lon="11.3564">
    <ele>2316.82</ele>
   </trkpt>
   <trkpt lat="46.152420000000006" lon="11.356710000000001">
    <ele>2317.6400000000003</ele>
   </trkpt>
   <trkpt lat="46.152570000000004" lon="11.35684">
    <ele>2318.8500000000004</ele>
   </trkpt>
   <trkpt lat="46.15267" lon="11.35702">
    <ele>2320.7</ele>
   </trkpt>
   <trkpt lat="46.15285" lon="11.35726">
    <ele>2326.47</ele>
   </trkpt>
   <trkpt lat="46.15292" lon="11.357780000000002">
    <ele>2334.3900000000003</ele>
   </trkpt>
   <trkpt lat="46.15307000000001" lon="11.358220000000001">
    <ele>2337.99</ele>
   </trkpt>
   <trkpt lat="46.15314" lon="11.358490000000002">
    <ele>2337.99</ele>
   </trkpt>
   <trkpt lat="46.15323" lon="11.359060000000001">
    <ele>2338.81</ele>
   </trkpt>
   <trkpt lat="46.153220000000005" lon="11.35923">
    <ele>2341.87</ele>
   </trkpt>
   <trkpt lat="46.15328" lon="11.3594">
    <ele>2346.84</ele>
   </trkpt>
   <trkpt lat="46.153330000000004" lon="11.35974">
    <ele>2351.05</ele>
   </trkpt>
   <trkpt lat="46.15343000000001" lon="11.36002">
    <ele>2352.25</ele>
   </trkpt>
   <trkpt lat="46.15337" lon="11.360240000000001">
    <ele>2354.28</ele>
   </trkpt>
   <trkpt lat="46.15339" lon="11.3604">
    <ele>2355.98</ele>
   </trkpt>
   <trkpt lat="46.15337" lon="11.360570000000001">
    <ele>2359.21</ele>
   </trkpt>
   <trkpt lat="46.153380000000006" lon="11.36086">
    <ele>2363.77</ele>
   </trkpt>
   <trkpt lat="46.15348" lon="11.3612">
    <ele>2364.51</ele>
   </trkpt>
   <trkpt lat="46.153600000000004" lon="11.36153">
    <ele>2361.26</ele>
   </trkpt>
   <trkpt lat="46.153690000000005" lon="11.361680000000002">
    <ele>2359.96</ele>
   </trkpt>
   <trkpt lat="46.15368" lon="11.361770000000002">
    <ele>2359.96</ele>
   </trkpt>
   <trkpt lat="46.153710000000004" lon="11.361970000000001">
    <ele>2358.69</ele>
   </trkpt>
   <trkpt lat="46.153800000000004" lon="11.36212">
    <ele>2357.17</ele>
   </trkpt>
   <trkpt lat="46.15381000000001" lon="11.362260000000001">
    <ele>2357.1600000000003</ele>
   </trkpt>
   <trkpt lat="46.153800000000004" lon="11.36242">
    <ele>2358.0</ele>
   </trkpt>
   <trkpt lat="46.15388" lon="11.36265">
    <ele>2361.03</ele>
   </trkpt>
   <trkpt lat="46.15390000000001" lon="11.362990000000002">
    <ele>2367.55</ele>
   </trkpt>
   <trkpt lat="46.153960000000005" lon="11.36316">
    <ele>2374.8300000000004</ele>
   </trkpt>
   <trkpt lat="46.154" lon="11.363430000000001">
    <ele>2379.56</ele>
   </trkpt>
   <trkpt lat="46.15424" lon="11.36368">
    <ele>2374.93</ele>
   </trkpt>
   <trkpt lat="46.154300000000006" lon="11.36378">
    <ele>2372.22</ele>
   </trkpt>
   <trkpt lat="46.15439000000001" lon="11.363880000000002">
    <ele>2369.31</ele>
   </trkpt>
   <trkpt lat="46.154450000000004" lon="11.363900000000001">
    <ele>2366.3</ele>
   </trkpt>
   <trkpt lat="46.154450000000004" lon="11.364070000000002">
    <ele>2361.26</ele>
   </trkpt>
   <trkpt lat="46.155100000000004" lon="11.36444">
    <ele>2354.9</ele>
   </trkpt>
   <trkpt lat="46.15513000000001" lon="11.364590000000002">
    <ele>2357.53</ele>
   </trkpt>
   <trkpt lat="46.155190000000005" lon="11.36467">
    <ele>2362.3199999999997</ele>
   </trkpt>
   <trkpt lat="46.15536" lon="11.3648">
    <ele>2366.7200000000003</ele>
   </trkpt>
   <trkpt lat="46.155460000000005" lon="11.3648">
    <ele>2370.0400000000004</ele>
   </trkpt>
   <trkpt lat="46.155570000000004" lon="11.3649">
    <ele>2372.0800000000004</ele>
   </trkpt>
   <trkpt lat="46.15581" lon="11.36518">
    <ele>2375.3900000000003</ele>
   </trkpt>
   <trkpt lat="46.15585" lon="11.36527">
    <ele>2376.98</ele>
   </trkpt>
   <trkpt lat="46.156040000000004" lon="11.36537">
    <ele>2381.61</ele>
   </trkpt>
   <trkpt lat="46.1561" lon="11.365490000000001">
    <ele>2382.5600000000004</ele>
   </trkpt>
   <trkpt lat="46.15625000000001" lon="11.365530000000001">
    <ele>2386.07</ele>
   </trkpt>
   <trkpt lat="46.15661" lon="11.3658">
    <ele>2385.52</ele>
   </trkpt>
   <trkpt lat="46.15681000000001" lon="11.36589">
    <ele>2385.4100000000003</ele>
   </trkpt>
   <trkpt lat="46.157000000000004" lon="11.365900000000002">
    <ele>2384.1200000000003</ele>
   </trkpt>
   <trkpt lat="46.15715" lon="11.365950000000002">
    <ele>2381.33</ele>
   </trkpt>
   <trkpt lat="46.157300000000006" lon="11.366090000000002">
    <ele>2379.61</ele>
   </trkpt>
   <trkpt lat="46.15737" lon="11.36611">
    <ele>2379.01</ele>
   </trkpt>
   <trkpt lat="46.15762" lon="11.366240000000001">
    <ele>2377.57</ele>
   </trkpt>
   <trkpt lat="46.157740000000004" lon="11.36627">
    <ele>2377.17</ele>
   </trkpt>
   <trkpt lat="46.157900000000005" lon="11.36626">
    <ele>2376.04</ele>
   </trkpt>
   <trkpt lat="46.15802" lon="11.36621">
    <ele>2375.4900000000002</ele>
   </trkpt>
   <trkpt lat="46.15836" lon="11.36616">
    <ele>2370.54</ele>
   </trkpt>
   <trkpt lat="46.158440000000006" lon="11.36617">
    <ele>2370.54</ele>
   </trkpt>
   <trkpt lat="46.158680000000004" lon="11.366040000000002">
    <ele>2369.38</ele>
   </trkpt>
   <trkpt lat="46.158750000000005" lon="11.36602">
    <ele>2369.84</ele>
   </trkpt>
   <trkpt lat="46.15917" lon="11.36603">
    <ele>2361.3700000000003</ele>
   </trkpt>
   <trkpt lat="46.1591" lon="11.366190000000001">
    <ele>2360.36</ele>
   </trkpt>
   <trkpt lat="46.158910000000006" lon="11.366320000000002">
    <ele>2356.56</ele>
   </trkpt>
   <trkpt lat="46.158620000000006" lon="11.366570000000001">
    <ele>2347.42</ele>
   </trkpt>
   <trkpt lat="46.158100000000005" lon="11.367140000000001">
    <ele>2337.26</ele>
   </trkpt>
   <trkpt lat="46.157810000000005" lon="11.367510000000001">
    <ele>2329.58</ele>
   </trkpt>
   <trkpt lat="46.15747" lon="11.36805">
    <ele>2310.75</ele>
   </trkpt>
   <trkpt lat="46.157560000000004" lon="11.368160000000001">
    <ele>2307.29</ele>
   </trkpt>
   <trkpt lat="46.15753" lon="11.36822">
    <ele>2307.29</ele>
   </trkpt>
   <trkpt lat="46.15757000000001" lon="11.368260000000001">
    <ele>2307.29</ele>
   </trkpt>
   <trkpt lat="46.157500000000006" lon="11.36832">
    <ele>2296.55</ele>
   </trkpt>
   <trkpt lat="46.15751" lon="11.368350000000001">
    <ele>2296.55</ele>
   </trkpt>
   <trkpt lat="46.157430000000005" lon="11.368400000000001">
    <ele>2296.55</ele>
   </trkpt>
   <trkpt lat="46.15748000000001" lon="11.36847">
    <ele>2293.1000000000004</ele>
   </trkpt>
   <trkpt lat="46.15747" lon="11.368540000000001">
    <ele>2293.1000000000004</ele>
   </trkpt>
   <trkpt lat="46.15751" lon="11.36861">
    <ele>2290.2500000000005</ele>
   </trkpt>
   <trkpt lat="46.15748000204275" lon="11.369295000441147">
    <ele>2284.5600000000004</ele>
   </trkpt>
   <trkpt lat="46.157450000000004" lon="11.369980000000002">
    <ele>2279.35</ele>
   </trkpt>
   <trkpt lat="46.15739000000001" lon="11.370420000000001">
    <ele>2278.2400000000002</ele>
   </trkpt>
   <trkpt lat="46.15728000000001" lon="11.37082">
    <ele>2272.61</ele>
   </trkpt>
   <trkpt lat="46.157090000000004" lon="11.371300000000002">
    <ele>2261.84</ele>
   </trkpt>
   <trkpt lat="46.15701000000001" lon="11.37142">
    <ele>2261.84</ele>
   </trkpt>
   <trkpt lat="46.15693" lon="11.371590000000001">
    <ele>2256.1600000000003</ele>
   </trkpt>
   <trkpt lat="46.156850000000006" lon="11.371810000000002">
    <ele>2253.1000000000004</ele>
   </trkpt>
   <trkpt lat="46.15672000000001" lon="11.37231">
    <ele>2246.65</ele>
   </trkpt>
   <trkpt lat="46.156560000000006" lon="11.372670000000001">
    <ele>2240.5099999999998</ele>
   </trkpt>
   <trkpt lat="46.15652" lon="11.372900000000001">
    <ele>2235.8</ele>
   </trkpt>
   <trkpt lat="46.15652" lon="11.373080000000002">
    <ele>2233.61</ele>
   </trkpt>
   <trkpt lat="46.15648" lon="11.37325">
    <ele>2228.93</ele>
   </trkpt>
   <trkpt lat="46.15637" lon="11.373360000000002">
    <ele>2227.11</ele>
   </trkpt>
   <trkpt lat="46.15617" lon="11.37363">
    <ele>2223.84</ele>
   </trkpt>
   <trkpt lat="46.15607000000001" lon="11.37372">
    <ele>2222.3</ele>
   </trkpt>
   <trkpt lat="46.156000000000006" lon="11.373750000000001">
    <ele>2219.57</ele>
   </trkpt>
   <trkpt lat="46.15588" lon="11.37391">
    <ele>2217.2200000000003</ele>
   </trkpt>
   <trkpt lat="46.15581" lon="11.373980000000001">
    <ele>2216.3700000000003</ele>
   </trkpt>
   <trkpt lat="46.15560000000001" lon="11.3741">
    <ele>2214.5200000000004</ele>
   </trkpt>
   <trkpt lat="46.15534" lon="11.3742">
    <ele>2211.04</ele>
   </trkpt>
   <trkpt lat="46.155210000000004" lon="11.374220000000001">
    <ele>2208.7700000000004</ele>
   </trkpt>
   <trkpt lat="46.154790000000006" lon="11.374360000000001">
    <ele>2206.57</ele>
   </trkpt>
   <trkpt lat="46.154630000000004" lon="11.37438">
    <ele>2205.3</ele>
   </trkpt>
   <trkpt lat="46.15449" lon="11.374450000000001">
    <ele>2204.4700000000003</ele>
   </trkpt>
   <trkpt lat="46.15439000000001" lon="11.37456">
    <ele>2203.97</ele>
   </trkpt>
   <trkpt lat="46.15428000000001" lon="11.374600000000001">
    <ele>2203.9500000000003</ele>
   </trkpt>
   <trkpt lat="46.15404" lon="11.37462">
    <ele>2204.88</ele>
   </trkpt>
   <trkpt lat="46.15393" lon="11.37467">
    <ele>2205.67</ele>
   </trkpt>
   <trkpt lat="46.15373" lon="11.37485">
    <ele>2206.21</ele>
   </trkpt>
   <trkpt lat="46.153600000000004" lon="11.374920000000001">
    <ele>2206.0699999999997</ele>
   </trkpt>
   <trkpt lat="46.153380000000006" lon="11.374960000000002">
    <ele>2205.3</ele>
   </trkpt>
   <trkpt lat="46.153270000000006" lon="11.375010000000001">
    <ele>2205.3</ele>
   </trkpt>
   <trkpt lat="46.153150000000004" lon="11.37512">
    <ele>2204.58</ele>
   </trkpt>
   <trkpt lat="46.15274" lon="11.37541">
    <ele>2201.14</ele>
   </trkpt>
   <trkpt lat="46.152620000000006" lon="11.37554">
    <ele>2192.15</ele>
   </trkpt>
   <trkpt lat="46.1525" lon="11.375770000000001">
    <ele>2188.8900000000003</ele>
   </trkpt>
   <trkpt lat="46.15247" lon="11.375710000000002">
    <ele>2186.8100000000004</ele>
   </trkpt>
   <trkpt lat="46.15245" lon="11.375340000000001">
    <ele>2182.0600000000004</ele>
   </trkpt>
   <trkpt lat="46.15243" lon="11.37522">
    <ele>2177.9</ele>
   </trkpt>
   <trkpt lat="46.15238" lon="11.375240000000002">
    <ele>2177.9</ele>
   </trkpt>
   <trkpt lat="46.152210000000004" lon="11.375750000000002">
    <ele>2169.4300000000003</ele>
   </trkpt>
   <trkpt lat="46.152170000000005" lon="11.37615">
    <ele>2164.0</ele>
   </trkpt>
   <trkpt lat="46.15209" lon="11.376230000000001">
    <ele>2164.0</ele>
   </trkpt>
   <trkpt lat="46.15189" lon="11.37672">
    <ele>2157.2500000000005</ele>
   </trkpt>
   <trkpt lat="46.151790000000005" lon="11.37692">
    <ele>2153.61</ele>
   </trkpt>
   <trkpt lat="46.15175000000001" lon="11.3771">
    <ele>2149.98</ele>
   </trkpt>
   <trkpt lat="46.151720000000005" lon="11.377170000000001">
    <ele>2149.98</ele>
   </trkpt>
   <trkpt lat="46.15162" lon="11.37705">
    <ele>2142.0600000000004</ele>
   </trkpt>
   <trkpt lat="46.151610000000005" lon="11.377180000000001">
    <ele>2142.0600000000004</ele>
   </trkpt>
   <trkpt lat="46.15151" lon="11.37711">
    <ele>2136.28</ele>
   </trkpt>
   <trkpt lat="46.15148000000001" lon="11.37725">
    <ele>2134.88</ele>
   </trkpt>
   <trkpt lat="46.15148000000001" lon="11.37756">
    <ele>2129.9300000000003</ele>
   </trkpt>
   <trkpt lat="46.15156" lon="11.37798">
    <ele>2122.25</ele>
   </trkpt>
   <trkpt lat="46.151520000000005" lon="11.378160000000001">
    <ele>2118.88</ele>
   </trkpt>
   <trkpt lat="46.1514" lon="11.378390000000001">
    <ele>2114.98</ele>
   </trkpt>
   <trkpt lat="46.151340000000005" lon="11.37845">
    <ele>2112.9500000000003</ele>
   </trkpt>
   <trkpt lat="46.15129" lon="11.378540000000001">
    <ele>2111.8</ele>
   </trkpt>
   <trkpt lat="46.15129" lon="11.378570000000002">
    <ele>2110.6000000000004</ele>
   </trkpt>
   <trkpt lat="46.15115" lon="11.3787">
    <ele>2111.94</ele>
   </trkpt>
   <trkpt lat="46.151050000000005" lon="11.378960000000001">
    <ele>2114.6800000000003</ele>
   </trkpt>
   <trkpt lat="46.15088" lon="11.378990000000002">
    <ele>2117.36</ele>
   </trkpt>
   <trkpt lat="46.150380000000006" lon="11.379290000000001">
    <ele>2126.84</ele>
   </trkpt>
   <trkpt lat="46.149890000000006" lon="11.379370000000002">
    <ele>2137.82</ele>
   </trkpt>
   <trkpt lat="46.149480000000004" lon="11.379620000000001">
    <ele>2144.66</ele>
   </trkpt>
   <trkpt lat="46.14904000000001" lon="11.379790000000002">
    <ele>2149.48</ele>
   </trkpt>
   <trkpt lat="46.148520000000005" lon="11.37982">
    <ele>2159.6800000000003</ele>
   </trkpt>
   <trkpt lat="46.147980000000004" lon="11.37977">
    <ele>2170.5400000000004</ele>
   </trkpt>
   <trkpt lat="46.14768" lon="11.37969">
    <ele>2174.6800000000003</ele>
   </trkpt>
   <trkpt lat="46.14699" lon="11.380080000000001">
    <ele>2184.67</ele>
   </trkpt>
   <trkpt lat="46.14647" lon="11.380070000000002">
    <ele>2194.22</ele>
   </trkpt>
   <trkpt lat="46.146300000000004" lon="11.3809">
    <ele>2203.38</ele>
   </trkpt>
   <trkpt lat="46.146300000000004" lon="11.38108">
    <ele>2204.0800000000004</ele>
   </trkpt>
   <trkpt lat="46.146370000000005" lon="11.38161">
    <ele>2203.0000000000005</ele>
   </trkpt>
   <trkpt lat="46.14638" lon="11.38184">
    <ele>2202.15</ele>
   </trkpt>
   <trkpt lat="46.14634" lon="11.38221">
    <ele>2201.98</ele>
   </trkpt>
   <trkpt lat="46.14625" lon="11.38258">
    <ele>2201.83</ele>
   </trkpt>
   <trkpt lat="46.1462" lon="11.38272">
    <ele>2201.68</ele>
   </trkpt>
   <trkpt lat="46.14605" lon="11.382950000000001">
    <ele>2201.11</ele>
   </trkpt>
   <trkpt lat="46.14573" lon="11.383600000000001">
    <ele>2201.94</ele>
   </trkpt>
   <trkpt lat="46.145500000000006" lon="11.383920000000002">
    <ele>2204.2300000000005</ele>
   </trkpt>
   <trkpt lat="46.145300000000006" lon="11.384020000000001">
    <ele>2204.9</ele>
   </trkpt>
   <trkpt lat="46.14518" lon="11.384150000000002">
    <ele>2204.9</ele>
   </trkpt>
   <trkpt lat="46.145120000000006" lon="11.384360000000001">
    <ele>2204.1600000000003</ele>
   </trkpt>
   <trkpt lat="46.145140000000005" lon="11.384530000000002">
    <ele>2203.51</ele>
   </trkpt>
   <trkpt lat="46.1452" lon="11.38474">
    <ele>2201.46</ele>
   </trkpt>
   <trkpt lat="46.14509" lon="11.38503">
    <ele>2197.55</ele>
   </trkpt>
   <trkpt lat="46.144940000000005" lon="11.38521">
    <ele>2195.92</ele>
   </trkpt>
   <trkpt lat="46.14473" lon="11.385250000000001">
    <ele>2197.6600000000003</ele>
   </trkpt>
   <trkpt lat="46.14443000000001" lon="11.3854">
    <ele>2199.76</ele>
   </trkpt>
   <trkpt lat="46.144290000000005" lon="11.385380000000001">
    <ele>2201.86</ele>
   </trkpt>
   <trkpt lat="46.14417" lon="11.38531">
    <ele>2202.69</ele>
   </trkpt>
   <trkpt lat="46.14396000000001" lon="11.38531">
    <ele>2203.8100000000004</ele>
   </trkpt>
   <trkpt lat="46.14376" lon="11.385370000000002">
    <ele>2205.09</ele>
   </trkpt>
   <trkpt lat="46.14352" lon="11.38536">
    <ele>2207.4800000000005</ele>
   </trkpt>
   <trkpt lat="46.143420000000006" lon="11.385340000000001">
    <ele>2207.4800000000005</ele>
   </trkpt>
   <trkpt lat="46.14311000000001" lon="11.38517">
    <ele>2212.26</ele>
   </trkpt>
   <trkpt lat="46.14302000000001" lon="11.385190000000001">
    <ele>2213.14</ele>
   </trkpt>
   <trkpt lat="46.14291" lon="11.38526">
    <ele>2212.07</ele>
   </trkpt>
   <trkpt lat="46.142830000000004" lon="11.385440000000001">
    <ele>2210.71</ele>
   </trkpt>
   <trkpt lat="46.14273" lon="11.38597">
    <ele>2204.4300000000003</ele>
   </trkpt>
   <trkpt lat="46.14266000000001" lon="11.385700000000002">
    <ele>2199.53</ele>
   </trkpt>
   <trkpt lat="46.14255000000001" lon="11.38602">
    <ele>2190.34</ele>
   </trkpt>
   <trkpt lat="46.14253" lon="11.386330000000001">
    <ele>2184.59</ele>
   </trkpt>
   <trkpt lat="46.14237000000001" lon="11.38616">
    <ele>2177.9900000000002</ele>
   </trkpt>
   <trkpt lat="46.14229" lon="11.38601">
    <ele>2177.9900000000002</ele>
   </trkpt>
   <trkpt lat="46.142230000000005" lon="11.38602">
    <ele>2168.31</ele>
   </trkpt>
   <trkpt lat="46.142210000000006" lon="11.38611">
    <ele>2168.31</ele>
   </trkpt>
   <trkpt lat="46.1422" lon="11.386360000000002">
    <ele>2165.4</ele>
   </trkpt>
   <trkpt lat="46.142050000000005" lon="11.38682">
    <ele>2153.6600000000003</ele>
   </trkpt>
   <trkpt lat="46.14199000000001" lon="11.38687">
    <ele>2147.54</ele>
   </trkpt>
   <trkpt lat="46.14177" lon="11.387160000000002">
    <ele>2140.69</ele>
   </trkpt>
   <trkpt lat="46.14171" lon="11.38714">
    <ele>2138.49</ele>
   </trkpt>
   <trkpt lat="46.14173" lon="11.38691">
    <ele>2135.46</ele>
   </trkpt>
   <trkpt lat="46.141690000000004" lon="11.386920000000002">
    <ele>2133.34</ele>
   </trkpt>
   <trkpt lat="46.141510000000004" lon="11.38715">
    <ele>2127.54</ele>
   </trkpt>
   <trkpt lat="46.141220000000004" lon="11.38757">
    <ele>2117.32</ele>
   </trkpt>
   <trkpt lat="46.141130000000004" lon="11.38775">
    <ele>2114.17</ele>
   </trkpt>
   <trkpt lat="46.141040000000004" lon="11.38785">
    <ele>2111.81</ele>
   </trkpt>
   <trkpt lat="46.14085" lon="11.387960000000001">
    <ele>2104.7900000000004</ele>
   </trkpt>
   <trkpt lat="46.14072" lon="11.388150000000001">
    <ele>2101.0</ele>
   </trkpt>
   <trkpt lat="46.14052" lon="11.38818">
    <ele>2098.37</ele>
   </trkpt>
   <trkpt lat="46.14027" lon="11.38826">
    <ele>2094.01</ele>
   </trkpt>
   <trkpt lat="46.139540000000004" lon="11.38817">
    <ele>2084.75</ele>
   </trkpt>
   <trkpt lat="46.13936" lon="11.38827">
    <ele>2078.29</ele>
   </trkpt>
   <trkpt lat="46.139070000000004" lon="11.3885">
    <ele>2068.92</ele>
   </trkpt>
   <trkpt lat="46.139" lon="11.388530000000001">
    <ele>2068.92</ele>
   </trkpt>
   <trkpt lat="46.13868" lon="11.388630000000001">
    <ele>2063.7100000000005</ele>
   </trkpt>
   <trkpt lat="46.138600000000004" lon="11.38864">
    <ele>2063.0800000000004</ele>
   </trkpt>
   <trkpt lat="46.13839" lon="11.388620000000001">
    <ele>2064.7200000000003</ele>
   </trkpt>
   <trkpt lat="46.13835" lon="11.388570000000001">
    <ele>2067.1600000000003</ele>
   </trkpt>
   <trkpt lat="46.13832000000001" lon="11.388670000000001">
    <ele>2067.1600000000003</ele>
   </trkpt>
   <trkpt lat="46.13819" lon="11.388580000000001">
    <ele>2071.04</ele>
   </trkpt>
   <trkpt lat="46.13815" lon="11.388580000000001">
    <ele>2076.32</ele>
   </trkpt>
   <trkpt lat="46.13814000000001" lon="11.3887">
    <ele>2076.32</ele>
   </trkpt>
   <trkpt lat="46.138070000000006" lon="11.388630000000001">
    <ele>2078.85</ele>
   </trkpt>
   <trkpt lat="46.138040000000004" lon="11.388630000000001">
    <ele>2080.07</ele>
   </trkpt>
   <trkpt lat="46.13803" lon="11.38873">
    <ele>2080.07</ele>
   </trkpt>
   <trkpt lat="46.13801" lon="11.38874">
    <ele>2080.07</ele>
   </trkpt>
   <trkpt lat="46.1379" lon="11.38865">
    <ele>2085.96</ele>
   </trkpt>
   <trkpt lat="46.13787000000001" lon="11.38865">
    <ele>2085.96</ele>
   </trkpt>
   <trkpt lat="46.13781" lon="11.3887">
    <ele>2089.6000000000004</ele>
   </trkpt>
   <trkpt lat="46.137660000000004" lon="11.38869">
    <ele>2092.1600000000003</ele>
   </trkpt>
   <trkpt lat="46.13761" lon="11.38873">
    <ele>2092.1600000000003</ele>
   </trkpt>
   <trkpt lat="46.13756" lon="11.38873">
    <ele>2096.23</ele>
   </trkpt>
   <trkpt lat="46.137350000000005" lon="11.388630000000001">
    <ele>2100.06</ele>
   </trkpt>
   <trkpt lat="46.13718" lon="11.38864">
    <ele>2103.58</ele>
   </trkpt>
   <trkpt lat="46.13723" lon="11.388850000000001">
    <ele>2109.63</ele>
   </trkpt>
   <trkpt lat="46.13714" lon="11.388900000000001">
    <ele>2113.34</ele>
   </trkpt>
   <trkpt lat="46.13711000000001" lon="11.38898">
    <ele>2114.53</ele>
   </trkpt>
   <trkpt lat="46.136860000000006" lon="11.388990000000002">
    <ele>2121.28</ele>
   </trkpt>
   <trkpt lat="46.13671" lon="11.388940000000002">
    <ele>2128.9500000000003</ele>
   </trkpt>
   <trkpt lat="46.136660000000006" lon="11.38898">
    <ele>2128.9500000000003</ele>
   </trkpt>
   <trkpt lat="46.13664000000001" lon="11.38892">
    <ele>2130.4700000000003</ele>
   </trkpt>
   <trkpt lat="46.136540000000004" lon="11.38896">
    <ele>2133.15</ele>
   </trkpt>
   <trkpt lat="46.136480000000006" lon="11.38888">
    <ele>2135.06</ele>
   </trkpt>
   <trkpt lat="46.136410000000005" lon="11.38893">
    <ele>2134.49</ele>
   </trkpt>
   <trkpt lat="46.13635000000001" lon="11.388860000000001">
    <ele>2133.15</ele>
   </trkpt>
   <trkpt lat="46.13629" lon="11.388860000000001">
    <ele>2130.17</ele>
   </trkpt>
   <trkpt lat="46.13624" lon="11.388890000000002">
    <ele>2130.17</ele>
   </trkpt>
   <trkpt lat="46.1362" lon="11.388860000000001">
    <ele>2130.17</ele>
   </trkpt>
   <trkpt lat="46.13615" lon="11.388890000000002">
    <ele>2123.79</ele>
   </trkpt>
   <trkpt lat="46.13598" lon="11.38873">
    <ele>2118.02</ele>
   </trkpt>
   <trkpt lat="46.1358" lon="11.388670000000001">
    <ele>2114.59</ele>
   </trkpt>
   <trkpt lat="46.135690000000004" lon="11.388570000000001">
    <ele>2110.57</ele>
   </trkpt>
   <trkpt lat="46.13561000000001" lon="11.388440000000001">
    <ele>2109.5</ele>
   </trkpt>
   <trkpt lat="46.13541" lon="11.388290000000001">
    <ele>2101.8700000000003</ele>
   </trkpt>
   <trkpt lat="46.135310000000004" lon="11.388240000000001">
    <ele>2098.8900000000003</ele>
   </trkpt>
   <trkpt lat="46.13515" lon="11.388250000000001">
    <ele>2096.71</ele>
   </trkpt>
   <trkpt lat="46.13508" lon="11.388200000000001">
    <ele>2094.28</ele>
   </trkpt>
   <trkpt lat="46.135070000000006" lon="11.38822">
    <ele>2094.28</ele>
   </trkpt>
   <trkpt lat="46.135090000000005" lon="11.38832">
    <ele>2094.28</ele>
   </trkpt>
   <trkpt lat="46.135160000000006" lon="11.3884">
    <ele>2087.85</ele>
   </trkpt>
   <trkpt lat="46.13519" lon="11.388530000000001">
    <ele>2085.4500000000003</ele>
   </trkpt>
   <trkpt lat="46.135250000000006" lon="11.38864">
    <ele>2084.3199999999997</ele>
   </trkpt>
   <trkpt lat="46.1353" lon="11.38884">
    <ele>2081.23</ele>
   </trkpt>
   <trkpt lat="46.13532000000001" lon="11.38915">
    <ele>2077.41</ele>
   </trkpt>
   <trkpt lat="46.135130000000004" lon="11.38939">
    <ele>2071.42</ele>
   </trkpt>
   <trkpt lat="46.13494" lon="11.38949">
    <ele>2065.78</ele>
   </trkpt>
   <trkpt lat="46.13487000000001" lon="11.38963">
    <ele>2060.6600000000003</ele>
   </trkpt>
   <trkpt lat="46.13477" lon="11.38972">
    <ele>2056.9300000000003</ele>
   </trkpt>
   <trkpt lat="46.13463" lon="11.389780000000002">
    <ele>2054.6000000000004</ele>
   </trkpt>
   <trkpt lat="46.134460000000004" lon="11.38982">
    <ele>2050.7500000000005</ele>
   </trkpt>
   <trkpt lat="46.13439" lon="11.38986">
    <ele>2049.9500000000003</ele>
   </trkpt>
   <trkpt lat="46.13425" lon="11.389890000000001">
    <ele>2047.1600000000003</ele>
   </trkpt>
   <trkpt lat="46.13414" lon="11.389980000000001">
    <ele>2045.69</ele>
   </trkpt>
   <trkpt lat="46.134040000000006" lon="11.390110000000002">
    <ele>2043.24</ele>
   </trkpt>
   <trkpt lat="46.133950000000006" lon="11.390310000000001">
    <ele>2040.6200000000001</ele>
   </trkpt>
   <trkpt lat="46.13387" lon="11.39037">
    <ele>2040.0900000000001</ele>
   </trkpt>
   <trkpt lat="46.13383" lon="11.39052">
    <ele>2040.15</ele>
   </trkpt>
   <trkpt lat="46.13382000000001" lon="11.3907">
    <ele>2039.9199999999998</ele>
   </trkpt>
   <trkpt lat="46.133770000000005" lon="11.39093">
    <ele>2036.8799999999999</ele>
   </trkpt>
   <trkpt lat="46.13376" lon="11.391110000000001">
    <ele>2034.2700000000002</ele>
   </trkpt>
   <trkpt lat="46.133700000000005" lon="11.391100000000002">
    <ele>2028.3999999999999</ele>
   </trkpt>
   <trkpt lat="46.13354" lon="11.39127">
    <ele>2025.5800000000002</ele>
   </trkpt>
   <trkpt lat="46.13346000000001" lon="11.391250000000001">
    <ele>2022.94</ele>
   </trkpt>
   <trkpt lat="46.133300000000006" lon="11.39126">
    <ele>2017.97</ele>
   </trkpt>
   <trkpt lat="46.133210000000005" lon="11.39131">
    <ele>2015.41</ele>
   </trkpt>
   <trkpt lat="46.13313" lon="11.39113">
    <ele>2009.91</ele>
   </trkpt>
   <trkpt lat="46.133" lon="11.39137">
    <ele>2004.5000000000002</ele>
   </trkpt>
   <trkpt lat="46.13298" lon="11.391470000000002">
    <ele>2001.5800000000002</ele>
   </trkpt>
   <trkpt lat="46.13291" lon="11.39154">
    <ele>1998.52</ele>
   </trkpt>
   <trkpt lat="46.132850000000005" lon="11.39151">
    <ele>1998.52</ele>
   </trkpt>
   <trkpt lat="46.1328" lon="11.391610000000002">
    <ele>1990.5300000000002</ele>
   </trkpt>
   <trkpt lat="46.13279000000001" lon="11.391710000000002">
    <ele>1990.5300000000002</ele>
   </trkpt>
   <trkpt lat="46.132670000000005" lon="11.39184">
    <ele>1987.44</ele>
   </trkpt>
   <trkpt lat="46.13261000000001" lon="11.391850000000002">
    <ele>1984.53</ele>
   </trkpt>
   <trkpt lat="46.132580000000004" lon="11.391940000000002">
    <ele>1981.8600000000001</ele>
   </trkpt>
   <trkpt lat="46.13253" lon="11.391990000000002">
    <ele>1980.65</ele>
   </trkpt>
   <trkpt lat="46.1325" lon="11.39207">
    <ele>1979.5600000000002</ele>
   </trkpt>
   <trkpt lat="46.132380000000005" lon="11.392100000000001">
    <ele>1977.3400000000001</ele>
   </trkpt>
   <trkpt lat="46.132360000000006" lon="11.392130000000002">
    <ele>1976.91</ele>
   </trkpt>
   <trkpt lat="46.13232000000001" lon="11.392140000000001">
    <ele>1976.67</ele>
   </trkpt>
   <trkpt lat="46.132290000000005" lon="11.39174">
    <ele>1972.97</ele>
   </trkpt>
   <trkpt lat="46.13237" lon="11.391010000000001">
    <ele>1969.2500000000002</ele>
   </trkpt>
   <trkpt lat="46.13242" lon="11.39081">
    <ele>1968.3600000000001</ele>
   </trkpt>
   <trkpt lat="46.13241000000001" lon="11.390730000000001">
    <ele>1967.8400000000001</ele>
   </trkpt>
   <trkpt lat="46.132340000000006" lon="11.39067">
    <ele>1966.65</ele>
   </trkpt>
   <trkpt lat="46.13235" lon="11.390260000000001">
    <ele>1963.39</ele>
   </trkpt>
   <trkpt lat="46.13241000000001" lon="11.390120000000001">
    <ele>1963.39</ele>
   </trkpt>
   <trkpt lat="46.13239" lon="11.390020000000002">
    <ele>1962.74</ele>
   </trkpt>
   <trkpt lat="46.13239" lon="11.389830000000002">
    <ele>1961.5900000000001</ele>
   </trkpt>
   <trkpt lat="46.1325" lon="11.388850000000001">
    <ele>1957.4300000000003</ele>
   </trkpt>
   <trkpt lat="46.13242" lon="11.388470000000002">
    <ele>1951.8500000000001</ele>
   </trkpt>
   <trkpt lat="46.13224" lon="11.388200000000001">
    <ele>1946.0600000000002</ele>
   </trkpt>
   <trkpt lat="46.132130000000004" lon="11.388110000000001">
    <ele>1942.13</ele>
   </trkpt>
   <trkpt lat="46.1319" lon="11.387640000000001">
    <ele>1931.49</ele>
   </trkpt>
   <trkpt lat="46.13181" lon="11.387400000000001">
    <ele>1925.58</ele>
   </trkpt>
   <trkpt lat="46.131690000000006" lon="11.387360000000001">
    <ele>1920.98</ele>
   </trkpt>
   <trkpt lat="46.131550000000004" lon="11.387070000000001">
    <ele>1915.6000000000001</ele>
   </trkpt>
   <trkpt lat="46.13154" lon="11.386940000000001">
    <ele>1914.5100000000002</ele>
   </trkpt>
   <trkpt lat="46.131420000000006" lon="11.386500000000002">
    <ele>1906.74</ele>
   </trkpt>
   <trkpt lat="46.131400000000006" lon="11.3863">
    <ele>1903.0700000000002</ele>
   </trkpt>
   <trkpt lat="46.13134" lon="11.38615">
    <ele>1901.28</ele>
   </trkpt>
   <trkpt lat="46.13125" lon="11.386050000000001">
    <ele>1900.4600000000003</ele>
   </trkpt>
   <trkpt lat="46.13123" lon="11.38606">
    <ele>1900.42</ele>
   </trkpt>
   <trkpt lat="46.13105" lon="11.385810000000001">
    <ele>1898.5600000000002</ele>
   </trkpt>
   <trkpt lat="46.1308" lon="11.38555">
    <ele>1896.2</ele>
   </trkpt>
   <trkpt lat="46.130700000000004" lon="11.385330000000002">
    <ele>1895.5700000000002</ele>
   </trkpt>
   <trkpt lat="46.13045" lon="11.384910000000001">
    <ele>1893.4700000000003</ele>
   </trkpt>
   <trkpt lat="46.130320000000005" lon="11.38461">
    <ele>1891.5000000000002</ele>
   </trkpt>
   <trkpt lat="46.130160000000004" lon="11.38457">
    <ele>1890.1100000000001</ele>
   </trkpt>
   <trkpt lat="46.13002" lon="11.38457">
    <ele>1888.26</ele>
   </trkpt>
   <trkpt lat="46.12986" lon="11.38451">
    <ele>1885.0200000000002</ele>
   </trkpt>
   <trkpt lat="46.129780000000004" lon="11.38443">
    <ele>1884.41</ele>
   </trkpt>
   <trkpt lat="46.129580000000004" lon="11.384170000000001">
    <ele>1880.6</ele>
   </trkpt>
   <trkpt lat="46.129470000000005" lon="11.38409">
    <ele>1877.01</ele>
   </trkpt>
   <trkpt lat="46.12928" lon="11.38386">
    <ele>1873.72</ele>
   </trkpt>
   <trkpt lat="46.12908" lon="11.38382">
    <ele>1870.18</ele>
   </trkpt>
   <trkpt lat="46.128890000000006" lon="11.383560000000001">
    <ele>1862.7600000000002</ele>
   </trkpt>
   <trkpt lat="46.128820000000005" lon="11.383500000000002">
    <ele>1860.44</ele>
   </trkpt>
   <trkpt lat="46.12881" lon="11.38349">
    <ele>1860.44</ele>
   </trkpt>
   <trkpt lat="46.128550000000004" lon="11.38348">
    <ele>1859.0900000000001</ele>
   </trkpt>
   <trkpt lat="46.128510000000006" lon="11.38358">
    <ele>1859.9</ele>
   </trkpt>
   <trkpt lat="46.12807" lon="11.38358">
    <ele>1864.7700000000002</ele>
   </trkpt>
   <trkpt lat="46.12787" lon="11.38372">
    <ele>1868.45</ele>
   </trkpt>
   <trkpt lat="46.127570000000006" lon="11.38377">
    <ele>1877.3000000000002</ele>
   </trkpt>
   <trkpt lat="46.127480000000006" lon="11.383750000000001">
    <ele>1880.0700000000002</ele>
   </trkpt>
   <trkpt lat="46.12747" lon="11.384010000000002">
    <ele>1887.3300000000002</ele>
   </trkpt>
   <trkpt lat="46.12733" lon="11.383970000000001">
    <ele>1891.63</ele>
   </trkpt>
   <trkpt lat="46.12707" lon="11.383740000000001">
    <ele>1900.77</ele>
   </trkpt>
   <trkpt lat="46.127" lon="11.383590000000002">
    <ele>1902.71</ele>
   </trkpt>
   <trkpt lat="46.12661000000001" lon="11.38343">
    <ele>1911.3700000000001</ele>
   </trkpt>
   <trkpt lat="46.12641000000001" lon="11.38344">
    <ele>1915.4700000000003</ele>
   </trkpt>
   <trkpt lat="46.126340000000006" lon="11.38334">
    <ele>1915.4700000000003</ele>
   </trkpt>
   <trkpt lat="46.12622" lon="11.38343">
    <ele>1918.23</ele>
   </trkpt>
   <trkpt lat="46.12615" lon="11.38339">
    <ele>1919.55</ele>
   </trkpt>
   <trkpt lat="46.12606" lon="11.38324">
    <ele>1921.3200000000002</ele>
   </trkpt>
   <trkpt lat="46.125820000000004" lon="11.382930000000002">
    <ele>1924.41</ele>
   </trkpt>
   <trkpt lat="46.125620000000005" lon="11.38287">
    <ele>1926.5400000000002</ele>
   </trkpt>
   <trkpt lat="46.12541" lon="11.382750000000001">
    <ele>1931.96</ele>
   </trkpt>
   <trkpt lat="46.12491000000001" lon="11.382620000000001">
    <ele>1949.0800000000002</ele>
   </trkpt>
   <trkpt lat="46.12463" lon="11.3826">
    <ele>1957.88</ele>
   </trkpt>
   <trkpt lat="46.12447" lon="11.382760000000001">
    <ele>1961.1200000000001</ele>
   </trkpt>
   <trkpt lat="46.12433" lon="11.38278">
    <ele>1962.32</ele>
   </trkpt>
   <trkpt lat="46.1242" lon="11.38273">
    <ele>1962.94</ele>
   </trkpt>
   <trkpt lat="46.12407" lon="11.382790000000002">
    <ele>1963.15</ele>
   </trkpt>
   <trkpt lat="46.123940000000005" lon="11.382790000000002">
    <ele>1962.8</ele>
   </trkpt>
   <trkpt lat="46.123830000000005" lon="11.382760000000001">
    <ele>1962.1100000000001</ele>
   </trkpt>
   <trkpt lat="46.123740000000005" lon="11.38268">
    <ele>1962.2</ele>
   </trkpt>
   <trkpt lat="46.12359000000001" lon="11.382700000000002">
    <ele>1964.0300000000002</ele>
   </trkpt>
   <trkpt lat="46.12353" lon="11.38277">
    <ele>1965.0500000000002</ele>
   </trkpt>
   <trkpt lat="46.1231" lon="11.382840000000002">
    <ele>1973.6100000000001</ele>
   </trkpt>
   <trkpt lat="46.12285000000001" lon="11.382840000000002">
    <ele>1975.3500000000001</ele>
   </trkpt>
   <trkpt lat="46.12266" lon="11.38287">
    <ele>1976.9200000000003</ele>
   </trkpt>
   <trkpt lat="46.12248" lon="11.38301">
    <ele>1975.5600000000002</ele>
   </trkpt>
   <trkpt lat="46.122370000000004" lon="11.38316">
    <ele>1971.96</ele>
   </trkpt>
   <trkpt lat="46.12239" lon="11.38329">
    <ele>1970.5</ele>
   </trkpt>
   <trkpt lat="46.12216" lon="11.38363">
    <ele>1969.9</ele>
   </trkpt>
   <trkpt lat="46.121680000000005" lon="11.38447">
    <ele>1982.5500000000002</ele>
   </trkpt>
   <trkpt lat="46.121680000000005" lon="11.38465">
    <ele>1985.1200000000001</ele>
   </trkpt>
   <trkpt lat="46.12156" lon="11.38503">
    <ele>1992.8000000000002</ele>
   </trkpt>
   <trkpt lat="46.12135000000001" lon="11.38521">
    <ele>1991.4900000000002</ele>
   </trkpt>
   <trkpt lat="46.12133" lon="11.385280000000002">
    <ele>1991.0</ele>
   </trkpt>
   <trkpt lat="46.12135000000001" lon="11.38545">
    <ele>1989.51</ele>
   </trkpt>
   <trkpt lat="46.12133" lon="11.385580000000001">
    <ele>1988.97</ele>
   </trkpt>
   <trkpt lat="46.12126000000001" lon="11.38563">
    <ele>1989.1600000000003</ele>
   </trkpt>
   <trkpt lat="46.12113" lon="11.3856">
    <ele>1990.14</ele>
   </trkpt>
   <trkpt lat="46.12107" lon="11.38554">
    <ele>1990.0300000000002</ele>
   </trkpt>
   <trkpt lat="46.12104" lon="11.385380000000001">
    <ele>1988.8400000000001</ele>
   </trkpt>
   <trkpt lat="46.12097000000001" lon="11.385380000000001">
    <ele>1986.7800000000002</ele>
   </trkpt>
   <trkpt lat="46.12093" lon="11.38535">
    <ele>1985.5600000000002</ele>
   </trkpt>
   <trkpt lat="46.12089" lon="11.385380000000001">
    <ele>1984.26</ele>
   </trkpt>
   <trkpt lat="46.12088000000001" lon="11.385470000000002">
    <ele>1982.91</ele>
   </trkpt>
   <trkpt lat="46.12073" lon="11.385580000000001">
    <ele>1977.45</ele>
   </trkpt>
   <trkpt lat="46.12062" lon="11.3856">
    <ele>1975.5700000000002</ele>
   </trkpt>
   <trkpt lat="46.120380000000004" lon="11.38578">
    <ele>1974.93</ele>
   </trkpt>
   <trkpt lat="46.12021000000001" lon="11.385950000000001">
    <ele>1974.59</ele>
   </trkpt>
   <trkpt lat="46.120000000000005" lon="11.38602">
    <ele>1979.98</ele>
   </trkpt>
   <trkpt lat="46.119870000000006" lon="11.38634">
    <ele>1985.3100000000002</ele>
   </trkpt>
   <trkpt lat="46.11974000000001" lon="11.386470000000001">
    <ele>1986.7</ele>
   </trkpt>
   <trkpt lat="46.119670000000006" lon="11.386510000000001">
    <ele>1987.95</ele>
   </trkpt>
   <trkpt lat="46.11943" lon="11.386790000000001">
    <ele>1996.3800000000003</ele>
   </trkpt>
   <trkpt lat="46.11921" lon="11.38687">
    <ele>2006.37</ele>
   </trkpt>
   <trkpt lat="46.11909000000001" lon="11.386790000000001">
    <ele>2009.4700000000003</ele>
   </trkpt>
   <trkpt lat="46.119110000000006" lon="11.386730000000002">
    <ele>2010.8600000000001</ele>
   </trkpt>
   <trkpt lat="46.119080000000004" lon="11.386640000000002">
    <ele>2012.1200000000003</ele>
   </trkpt>
   <trkpt lat="46.11903" lon="11.386600000000001">
    <ele>2014.52</ele>
   </trkpt>
   <trkpt lat="46.118950000000005" lon="11.386660000000001">
    <ele>2017.2099999999998</ele>
   </trkpt>
   <trkpt lat="46.118930000000006" lon="11.386730000000002">
    <ele>2018.6900000000003</ele>
   </trkpt>
   <trkpt lat="46.118880000000004" lon="11.38671">
    <ele>2018.6900000000003</ele>
   </trkpt>
   <trkpt lat="46.1188" lon="11.38676">
    <ele>2026.4900000000002</ele>
   </trkpt>
   <trkpt lat="46.118750000000006" lon="11.38676">
    <ele>2026.4900000000002</ele>
   </trkpt>
   <trkpt lat="46.11874" lon="11.386800000000001">
    <ele>2026.4900000000002</ele>
   </trkpt>
   <trkpt lat="46.118700000000004" lon="11.386780000000002">
    <ele>2028.0</ele>
   </trkpt>
   <trkpt lat="46.11867" lon="11.386830000000002">
    <ele>2029.44</ele>
   </trkpt>
   <trkpt lat="46.11845" lon="11.38677">
    <ele>2035.0300000000002</ele>
   </trkpt>
   <trkpt lat="46.11836" lon="11.386700000000001">
    <ele>2036.5600000000002</ele>
   </trkpt>
   <trkpt lat="46.11813" lon="11.38663">
    <ele>2038.1</ele>
   </trkpt>
   <trkpt lat="46.117960000000004" lon="11.386500000000002">
    <ele>2036.9399999999998</ele>
   </trkpt>
   <trkpt lat="46.117760000000004" lon="11.38626">
    <ele>2031.14</ele>
   </trkpt>
   <trkpt lat="46.11764" lon="11.38616">
    <ele>2029.08</ele>
   </trkpt>
   <trkpt lat="46.11753" lon="11.38591">
    <ele>2025.7200000000003</ele>
   </trkpt>
   <trkpt lat="46.11748" lon="11.385850000000001">
    <ele>2023.2900000000002</ele>
   </trkpt>
   <trkpt lat="46.11731" lon="11.385470000000002">
    <ele>2019.3700000000003</ele>
   </trkpt>
   <trkpt lat="46.11719" lon="11.384960000000001">
    <ele>2011.3500000000001</ele>
   </trkpt>
   <trkpt lat="46.1171" lon="11.384730000000001">
    <ele>2010.4300000000003</ele>
   </trkpt>
   <trkpt lat="46.117070000000005" lon="11.38433">
    <ele>2013.71</ele>
   </trkpt>
   <trkpt lat="46.11708" lon="11.38408">
    <ele>2018.52</ele>
   </trkpt>
   <trkpt lat="46.11699" lon="11.383550000000001">
    <ele>2018.1599999999999</ele>
   </trkpt>
   <trkpt lat="46.116890000000005" lon="11.383080000000001">
    <ele>2012.7200000000003</ele>
   </trkpt>
   <trkpt lat="46.11679" lon="11.382330000000001">
    <ele>2013.03</ele>
   </trkpt>
   <trkpt lat="46.1167" lon="11.38213">
    <ele>2013.02</ele>
   </trkpt>
   <trkpt lat="46.11652" lon="11.38202">
    <ele>2010.2900000000004</ele>
   </trkpt>
   <trkpt lat="46.116150000000005" lon="11.38222">
    <ele>2004.8600000000004</ele>
   </trkpt>
   <trkpt lat="46.116060000000004" lon="11.3823">
    <ele>2005.92</ele>
   </trkpt>
   <trkpt lat="46.11605" lon="11.382430000000001">
    <ele>2007.86</ele>
   </trkpt>
   <trkpt lat="46.115950000000005" lon="11.38254">
    <ele>2009.03</ele>
   </trkpt>
   <trkpt lat="46.11576" lon="11.382530000000001">
    <ele>2010.7500000000002</ele>
   </trkpt>
   <trkpt lat="46.115610000000004" lon="11.38258">
    <ele>2011.94</ele>
   </trkpt>
   <trkpt lat="46.11534" lon="11.38258">
    <ele>2018.9099999999999</ele>
   </trkpt>
   <trkpt lat="46.115280000000006" lon="11.3826">
    <ele>2020.2500000000002</ele>
   </trkpt>
   <trkpt lat="46.11486000000001" lon="11.38255">
    <ele>2025.7900000000002</ele>
   </trkpt>
   <trkpt lat="46.114700000000006" lon="11.38244">
    <ele>2026.3600000000004</ele>
   </trkpt>
   <trkpt lat="46.114610000000006" lon="11.382420000000002">
    <ele>2026.44</ele>
   </trkpt>
   <trkpt lat="46.114540000000005" lon="11.382460000000002">
    <ele>2026.3400000000001</ele>
   </trkpt>
   <trkpt lat="46.114450000000005" lon="11.382340000000001">
    <ele>2025.1100000000001</ele>
   </trkpt>
   <trkpt lat="46.11426" lon="11.38221">
    <ele>2021.5400000000002</ele>
   </trkpt>
   <trkpt lat="46.113980000000005" lon="11.381870000000001">
    <ele>2013.3700000000001</ele>
   </trkpt>
   <trkpt lat="46.11397" lon="11.38174">
    <ele>2008.28</ele>
   </trkpt>
   <trkpt lat="46.11383000000001" lon="11.38141">
    <ele>2001.6899999999998</ele>
   </trkpt>
   <trkpt lat="46.113800000000005" lon="11.381060000000002">
    <ele>1999.98</ele>
   </trkpt>
   <trkpt lat="46.113850000000006" lon="11.38067">
    <ele>2000.6500000000003</ele>
   </trkpt>
   <trkpt lat="46.11397" lon="11.380270000000001">
    <ele>1997.5</ele>
   </trkpt>
   <trkpt lat="46.114000000000004" lon="11.379710000000001">
    <ele>1989.78</ele>
   </trkpt>
   <trkpt lat="46.11395" lon="11.37925">
    <ele>1996.4100000000003</ele>
   </trkpt>
   <trkpt lat="46.113820000000004" lon="11.37865">
    <ele>2004.3900000000003</ele>
   </trkpt>
   <trkpt lat="46.11384" lon="11.378250000000001">
    <ele>2011.4300000000003</ele>
   </trkpt>
   <trkpt lat="46.113690000000005" lon="11.378020000000001">
    <ele>2015.7000000000003</ele>
   </trkpt>
   <trkpt lat="46.11339" lon="11.37795">
    <ele>2016.81</ele>
   </trkpt>
   <trkpt lat="46.11298" lon="11.3778">
    <ele>2017.16</ele>
   </trkpt>
   <trkpt lat="46.112640000000006" lon="11.37753">
    <ele>2015.19</ele>
   </trkpt>
   <trkpt lat="46.11243" lon="11.377440000000002">
    <ele>2015.54</ele>
   </trkpt>
   <trkpt lat="46.112030000000004" lon="11.37706">
    <ele>2015.2900000000002</ele>
   </trkpt>
   <trkpt lat="46.111810000000006" lon="11.37692">
    <ele>2012.21</ele>
   </trkpt>
   <trkpt lat="46.11178" lon="11.37682">
    <ele>2009.0600000000002</ele>
   </trkpt>
   <trkpt lat="46.111650000000004" lon="11.376700000000001">
    <ele>2006.6800000000003</ele>
   </trkpt>
   <trkpt lat="46.11157" lon="11.376700000000001">
    <ele>2001.24</ele>
   </trkpt>
   <trkpt lat="46.111380000000004" lon="11.376470000000001">
    <ele>1995.7300000000002</ele>
   </trkpt>
   <trkpt lat="46.11122" lon="11.37648">
    <ele>1995.3500000000001</ele>
   </trkpt>
   <trkpt lat="46.11101" lon="11.37631">
    <ele>1996.5700000000002</ele>
   </trkpt>
   <trkpt lat="46.110960000000006" lon="11.376100000000001">
    <ele>1998.5800000000002</ele>
   </trkpt>
   <trkpt lat="46.1109" lon="11.37602">
    <ele>2000.17</ele>
   </trkpt>
   <trkpt lat="46.110710000000005" lon="11.375860000000001">
    <ele>2002.9600000000003</ele>
   </trkpt>
   <trkpt lat="46.11059" lon="11.375620000000001">
    <ele>2006.1599999999999</ele>
   </trkpt>
   <trkpt lat="46.11057" lon="11.375530000000001">
    <ele>2006.8000000000002</ele>
   </trkpt>
   <trkpt lat="46.11059" lon="11.375490000000001">
    <ele>2007.3800000000003</ele>
   </trkpt>
   <trkpt lat="46.11057" lon="11.375250000000001">
    <ele>2010.0000000000002</ele>
   </trkpt>
   <trkpt lat="46.110580000000006" lon="11.374970000000001">
    <ele>2012.9800000000002</ele>
   </trkpt>
   <trkpt lat="46.11057" lon="11.374920000000001">
    <ele>2012.9800000000002</ele>
   </trkpt>
   <trkpt lat="46.11061" lon="11.374740000000001">
    <ele>2014.1400000000003</ele>
   </trkpt>
   <trkpt lat="46.11052" lon="11.374730000000001">
    <ele>2014.1</ele>
   </trkpt>
   <trkpt lat="46.11023" lon="11.37479">
    <ele>2017.9500000000003</ele>
   </trkpt>
   <trkpt lat="46.110040000000005" lon="11.374880000000001">
    <ele>2019.3100000000004</ele>
   </trkpt>
   <trkpt lat="46.11001" lon="11.374920000000001">
    <ele>2019.3100000000004</ele>
   </trkpt>
   <trkpt lat="46.10987" lon="11.374970000000001">
    <ele>2020.5200000000002</ele>
   </trkpt>
   <trkpt lat="46.10967" lon="11.37498">
    <ele>2024.27</ele>
   </trkpt>
   <trkpt lat="46.109480000000005" lon="11.375070000000001">
    <ele>2026.85</ele>
   </trkpt>
   <trkpt lat="46.10898" lon="11.37518">
    <ele>2033.3200000000002</ele>
   </trkpt>
   <trkpt lat="46.108830000000005" lon="11.375250000000001">
    <ele>2036.3100000000002</ele>
   </trkpt>
   <trkpt lat="46.108760000000004" lon="11.37532">
    <ele>2038.8000000000002</ele>
   </trkpt>
   <trkpt lat="46.10868000000001" lon="11.375470000000002">
    <ele>2043.19</ele>
   </trkpt>
   <trkpt lat="46.10862" lon="11.375490000000001">
    <ele>2044.82</ele>
   </trkpt>
   <trkpt lat="46.10844" lon="11.37579">
    <ele>2062.58</ele>
   </trkpt>
   <trkpt lat="46.1084" lon="11.375910000000001">
    <ele>2062.58</ele>
   </trkpt>
   <trkpt lat="46.1084" lon="11.375990000000002">
    <ele>2062.58</ele>
   </trkpt>
   <trkpt lat="46.108140000000006" lon="11.376320000000002">
    <ele>2075.53</ele>
   </trkpt>
   <trkpt lat="46.10799" lon="11.37658">
    <ele>2079.33</ele>
   </trkpt>
   <trkpt lat="46.10795" lon="11.376790000000002">
    <ele>2085.69</ele>
   </trkpt>
   <trkpt lat="46.107910000000004" lon="11.376840000000001">
    <ele>2085.69</ele>
   </trkpt>
   <trkpt lat="46.107870000000005" lon="11.377130000000001">
    <ele>2089.36</ele>
   </trkpt>
   <trkpt lat="46.107910000000004" lon="11.37733">
    <ele>2090.91</ele>
   </trkpt>
   <trkpt lat="46.10797" lon="11.377440000000002">
    <ele>2093.07</ele>
   </trkpt>
   <trkpt lat="46.10797" lon="11.377540000000002">
    <ele>2094.73</ele>
   </trkpt>
   <trkpt lat="46.107890000000005" lon="11.37781">
    <ele>2099.32</ele>
   </trkpt>
   <trkpt lat="46.1079" lon="11.378">
    <ele>2103.59</ele>
   </trkpt>
   <trkpt lat="46.10783000000001" lon="11.378200000000001">
    <ele>2108.9200000000005</ele>
   </trkpt>
   <trkpt lat="46.10774000000001" lon="11.37798">
    <ele>2113.8700000000003</ele>
   </trkpt>
   <trkpt lat="46.107710000000004" lon="11.37795">
    <ele>2115.2200000000003</ele>
   </trkpt>
   <trkpt lat="46.107690000000005" lon="11.378010000000002">
    <ele>2115.2200000000003</ele>
   </trkpt>
   <trkpt lat="46.10755" lon="11.377870000000001">
    <ele>2122.09</ele>
   </trkpt>
   <trkpt lat="46.1075" lon="11.37771">
    <ele>2124.28</ele>
   </trkpt>
   <trkpt lat="46.107490000000006" lon="11.37756">
    <ele>2126.62</ele>
   </trkpt>
   <trkpt lat="46.10743" lon="11.37753">
    <ele>2127.17</ele>
   </trkpt>
   <trkpt lat="46.107220000000005" lon="11.377080000000001">
    <ele>2130.56</ele>
   </trkpt>
   <trkpt lat="46.10717" lon="11.377040000000001">
    <ele>2135.28</ele>
   </trkpt>
   <trkpt lat="46.10672" lon="11.37692">
    <ele>2144.34</ele>
   </trkpt>
   <trkpt lat="46.10665" lon="11.376930000000002">
    <ele>2150.89</ele>
   </trkpt>
   <trkpt lat="46.10654" lon="11.376990000000001">
    <ele>2150.89</ele>
   </trkpt>
   <trkpt lat="46.10652" lon="11.376930000000002">
    <ele>2157.68</ele>
   </trkpt>
   <trkpt lat="46.106500000000004" lon="11.376930000000002">
    <ele>2157.68</ele>
   </trkpt>
   <trkpt lat="46.106460000000006" lon="11.376990000000001">
    <ele>2157.68</ele>
   </trkpt>
   <trkpt lat="46.10645" lon="11.376940000000001">
    <ele>2157.68</ele>
   </trkpt>
   <trkpt lat="46.1064" lon="11.37695">
    <ele>2160.84</ele>
   </trkpt>
   <trkpt lat="46.10636" lon="11.37691">
    <ele>2163.6900000000005</ele>
   </trkpt>
   <trkpt lat="46.10633000000001" lon="11.376830000000002">
    <ele>2163.6900000000005</ele>
   </trkpt>
   <trkpt lat="46.10625" lon="11.376900000000001">
    <ele>2166.3</ele>
   </trkpt>
   <trkpt lat="46.106210000000004" lon="11.377020000000002">
    <ele>2168.81</ele>
   </trkpt>
   <trkpt lat="46.10615000000001" lon="11.37705">
    <ele>2171.2400000000002</ele>
   </trkpt>
   <trkpt lat="46.10611" lon="11.377040000000001">
    <ele>2171.2400000000002</ele>
   </trkpt>
   <trkpt lat="46.106010000000005" lon="11.37686">
    <ele>2177.82</ele>
   </trkpt>
   <trkpt lat="46.105920000000005" lon="11.376790000000002">
    <ele>2178.9700000000003</ele>
   </trkpt>
   <trkpt lat="46.105700000000006" lon="11.37677">
    <ele>2184.38</ele>
   </trkpt>
   <trkpt lat="46.10544" lon="11.37691">
    <ele>2193.54</ele>
   </trkpt>
   <trkpt lat="46.10535" lon="11.37682">
    <ele>2198.42</ele>
   </trkpt>
   <trkpt lat="46.10524" lon="11.376980000000001">
    <ele>2204.26</ele>
   </trkpt>
   <trkpt lat="46.10519" lon="11.376940000000001">
    <ele>2205.35</ele>
   </trkpt>
   <trkpt lat="46.10517" lon="11.37696">
    <ele>2205.35</ele>
   </trkpt>
   <trkpt lat="46.105140000000006" lon="11.37695">
    <ele>2205.35</ele>
   </trkpt>
   <trkpt lat="46.10512000000001" lon="11.376980000000001">
    <ele>2207.44</ele>
   </trkpt>
   <trkpt lat="46.10512000000001" lon="11.376900000000001">
    <ele>2207.2000000000003</ele>
   </trkpt>
   <trkpt lat="46.105070000000005" lon="11.37681">
    <ele>2207.58</ele>
   </trkpt>
   <trkpt lat="46.105070000000005" lon="11.376740000000002">
    <ele>2208.06</ele>
   </trkpt>
   <trkpt lat="46.10504" lon="11.376650000000001">
    <ele>2208.09</ele>
   </trkpt>
   <trkpt lat="46.10493" lon="11.3765">
    <ele>2207.4800000000005</ele>
   </trkpt>
   <trkpt lat="46.104870000000005" lon="11.37634">
    <ele>2207.3</ele>
   </trkpt>
   <trkpt lat="46.10481" lon="11.37625">
    <ele>2207.26</ele>
   </trkpt>
   <trkpt lat="46.10468" lon="11.376140000000001">
    <ele>2205.11</ele>
   </trkpt>
   <trkpt lat="46.104470000000006" lon="11.37587">
    <ele>2196.78</ele>
   </trkpt>
   <trkpt lat="46.10419" lon="11.375800000000002">
    <ele>2193.42</ele>
   </trkpt>
   <trkpt lat="46.104060000000004" lon="11.375720000000001">
    <ele>2193.36</ele>
   </trkpt>
   <trkpt lat="46.1039" lon="11.375680000000001">
    <ele>2193.2200000000003</ele>
   </trkpt>
   <trkpt lat="46.103750000000005" lon="11.37556">
    <ele>2192.34</ele>
   </trkpt>
   <trkpt lat="46.103530000000006" lon="11.375470000000002">
    <ele>2189.6400000000003</ele>
   </trkpt>
   <trkpt lat="46.10338" lon="11.375350000000001">
    <ele>2189.7300000000005</ele>
   </trkpt>
   <trkpt lat="46.10327" lon="11.375210000000001">
    <ele>2192.05</ele>
   </trkpt>
   <trkpt lat="46.1032" lon="11.375150000000001">
    <ele>2192.66</ele>
   </trkpt>
   <trkpt lat="46.102920000000005" lon="11.37503">
    <ele>2195.79</ele>
   </trkpt>
   <trkpt lat="46.10262" lon="11.37495">
    <ele>2198.0000000000005</ele>
   </trkpt>
   <trkpt lat="46.10233" lon="11.374780000000001">
    <ele>2195.3</ele>
   </trkpt>
   <trkpt lat="46.10224" lon="11.374680000000001">
    <ele>2191.6600000000003</ele>
   </trkpt>
   <trkpt lat="46.10197" lon="11.37461">
    <ele>2188.1000000000004</ele>
   </trkpt>
   <trkpt lat="46.10188" lon="11.374410000000001">
    <ele>2185.59</ele>
   </trkpt>
   <trkpt lat="46.101760000000006" lon="11.374250000000002">
    <ele>2184.52</ele>
   </trkpt>
   <trkpt lat="46.10175" lon="11.37419">
    <ele>2183.86</ele>
   </trkpt>
   <trkpt lat="46.10166" lon="11.3741">
    <ele>2183.86</ele>
   </trkpt>
   <trkpt lat="46.1015" lon="11.373980000000001">
    <ele>2182.04</ele>
   </trkpt>
   <trkpt lat="46.10134" lon="11.373750000000001">
    <ele>2178.9900000000002</ele>
   </trkpt>
   <trkpt lat="46.1013" lon="11.37372">
    <ele>2177.83</ele>
   </trkpt>
   <trkpt lat="46.10128" lon="11.373650000000001">
    <ele>2176.54</ele>
   </trkpt>
   <trkpt lat="46.10119" lon="11.37357">
    <ele>2172.53</ele>
   </trkpt>
   <trkpt lat="46.10107000000001" lon="11.373410000000002">
    <ele>2168.92</ele>
   </trkpt>
   <trkpt lat="46.10096" lon="11.37339">
    <ele>2166.51</ele>
   </trkpt>
   <trkpt lat="46.10083" lon="11.373220000000002">
    <ele>2165.05</ele>
   </trkpt>
   <trkpt lat="46.100660000000005" lon="11.37312">
    <ele>2163.8300000000004</ele>
   </trkpt>
   <trkpt lat="46.100590000000004" lon="11.37306">
    <ele>2163.7500000000005</ele>
   </trkpt>
   <trkpt lat="46.100440000000006" lon="11.373030000000002">
    <ele>2163.9300000000003</ele>
   </trkpt>
   <trkpt lat="46.100350000000006" lon="11.37297">
    <ele>2164.39</ele>
   </trkpt>
   <trkpt lat="46.10029" lon="11.372910000000001">
    <ele>2164.6800000000003</ele>
   </trkpt>
   <trkpt lat="46.10025" lon="11.372800000000002">
    <ele>2165.68</ele>
   </trkpt>
   <trkpt lat="46.100120000000004" lon="11.372720000000001">
    <ele>2166.04</ele>
   </trkpt>
   <trkpt lat="46.099880000000006" lon="11.372480000000001">
    <ele>2166.2000000000003</ele>
   </trkpt>
   <trkpt lat="46.09977000000001" lon="11.372430000000001">
    <ele>2166.1</ele>
   </trkpt>
   <trkpt lat="46.09955" lon="11.37226">
    <ele>2166.63</ele>
   </trkpt>
   <trkpt lat="46.09931" lon="11.37222">
    <ele>2167.86</ele>
   </trkpt>
   <trkpt lat="46.09906" lon="11.37223">
    <ele>2171.21</ele>
   </trkpt>
   <trkpt lat="46.09877" lon="11.37213">
    <ele>2172.5600000000004</ele>
   </trkpt>
   <trkpt lat="46.098670000000006" lon="11.37213">
    <ele>2172.7700000000004</ele>
   </trkpt>
   <trkpt lat="46.09812" lon="11.371780000000001">
    <ele>2174.4100000000003</ele>
   </trkpt>
   <trkpt lat="46.097950000000004" lon="11.3717">
    <ele>2176.1000000000004</ele>
   </trkpt>
   <trkpt lat="46.09778000000001" lon="11.37165">
    <ele>2177.71</ele>
   </trkpt>
   <trkpt lat="46.09751000000001" lon="11.371540000000001">
    <ele>2182.2799999999997</ele>
   </trkpt>
   <trkpt lat="46.097300000000004" lon="11.371340000000002">
    <ele>2184.36</ele>
   </trkpt>
   <trkpt lat="46.09689" lon="11.3711">
    <ele>2187.7400000000002</ele>
   </trkpt>
   <trkpt lat="46.09684" lon="11.371020000000001">
    <ele>2189.3900000000003</ele>
   </trkpt>
   <trkpt lat="46.0968" lon="11.370870000000002">
    <ele>2192.4900000000002</ele>
   </trkpt>
   <trkpt lat="46.09677000000001" lon="11.37082">
    <ele>2192.4900000000002</ele>
   </trkpt>
   <trkpt lat="46.096700000000006" lon="11.37082">
    <ele>2193.9300000000003</ele>
   </trkpt>
   <trkpt lat="46.096610000000005" lon="11.370750000000001">
    <ele>2194.15</ele>
   </trkpt>
   <trkpt lat="46.09604" lon="11.370610000000001">
    <ele>2201.33</ele>
   </trkpt>
   <trkpt lat="46.09595" lon="11.37053">
    <ele>2204.05</ele>
   </trkpt>
   <trkpt lat="46.09591" lon="11.370410000000001">
    <ele>2206.26</ele>
   </trkpt>
   <trkpt lat="46.09581000000001" lon="11.3704">
    <ele>2208.4900000000002</ele>
   </trkpt>
   <trkpt lat="46.09573" lon="11.37035">
    <ele>2208.94</ele>
   </trkpt>
   <trkpt lat="46.09559" lon="11.370330000000001">
    <ele>2208.6400000000003</ele>
   </trkpt>
   <trkpt lat="46.095530000000004" lon="11.3703">
    <ele>2208.5600000000004</ele>
   </trkpt>
   <trkpt lat="46.0955" lon="11.370230000000001">
    <ele>2208.55</ele>
   </trkpt>
   <trkpt lat="46.095470000000006" lon="11.37005">
    <ele>2208.9</ele>
   </trkpt>
   <trkpt lat="46.09539" lon="11.369900000000001">
    <ele>2208.9800000000005</ele>
   </trkpt>
   <trkpt lat="46.09517" lon="11.369720000000001">
    <ele>2207.53</ele>
   </trkpt>
   <trkpt lat="46.09507000000001" lon="11.369520000000001">
    <ele>2204.7799999999997</ele>
   </trkpt>
   <trkpt lat="46.09503" lon="11.3695">
    <ele>2204.45</ele>
   </trkpt>
   <trkpt lat="46.094930000000005" lon="11.36949">
    <ele>2203.53</ele>
   </trkpt>
   <trkpt lat="46.09489000000001" lon="11.36946">
    <ele>2203.09</ele>
   </trkpt>
   <trkpt lat="46.09481" lon="11.369330000000001">
    <ele>2202.71</ele>
   </trkpt>
   <trkpt lat="46.094710000000006" lon="11.36927">
    <ele>2202.9100000000003</ele>
   </trkpt>
   <trkpt lat="46.094640000000005" lon="11.36918">
    <ele>2203.55</ele>
   </trkpt>
   <trkpt lat="46.094500000000004" lon="11.369090000000002">
    <ele>2205.41</ele>
   </trkpt>
   <trkpt lat="46.0944" lon="11.36908">
    <ele>2205.0400000000004</ele>
   </trkpt>
   <trkpt lat="46.094280000000005" lon="11.36903">
    <ele>2203.29</ele>
   </trkpt>
   <trkpt lat="46.094210000000004" lon="11.368950000000002">
    <ele>2202.6700000000005</ele>
   </trkpt>
   <trkpt lat="46.094190000000005" lon="11.36884">
    <ele>2202.6000000000004</ele>
   </trkpt>
   <trkpt lat="46.09422000000001" lon="11.3688">
    <ele>2202.5800000000004</ele>
   </trkpt>
   <trkpt lat="46.09423" lon="11.36869">
    <ele>2202.5800000000004</ele>
   </trkpt>
   <trkpt lat="46.094210000000004" lon="11.36861">
    <ele>2198.9400000000005</ele>
   </trkpt>
   <trkpt lat="46.09423" lon="11.36846">
    <ele>2198.9400000000005</ele>
   </trkpt>
   <trkpt lat="46.094210000000004" lon="11.368260000000001">
    <ele>2191.4500000000003</ele>
   </trkpt>
   <trkpt lat="46.0942" lon="11.367730000000002">
    <ele>2182.49</ele>
   </trkpt>
   <trkpt lat="46.09418" lon="11.36772">
    <ele>2182.49</ele>
   </trkpt>
   <trkpt lat="46.094170000000005" lon="11.367730000000002">
    <ele>2182.49</ele>
   </trkpt>
   <trkpt lat="46.094120000000004" lon="11.36786">
    <ele>2180.21</ele>
   </trkpt>
   <trkpt lat="46.09398" lon="11.368">
    <ele>2174.51</ele>
   </trkpt>
   <trkpt lat="46.09386000000001" lon="11.36808">
    <ele>2167.11</ele>
   </trkpt>
   <trkpt lat="46.093830000000004" lon="11.36808">
    <ele>2167.11</ele>
   </trkpt>
   <trkpt lat="46.09382" lon="11.368060000000002">
    <ele>2167.11</ele>
   </trkpt>
   <trkpt lat="46.09382" lon="11.367980000000001">
    <ele>2165.3700000000003</ele>
   </trkpt>
   <trkpt lat="46.093970000000006" lon="11.36719">
    <ele>2146.2400000000002</ele>
   </trkpt>
   <trkpt lat="46.093990000000005" lon="11.366430000000001">
    <ele>2139.23</ele>
   </trkpt>
   <trkpt lat="46.093970000000006" lon="11.366090000000002">
    <ele>2139.11</ele>
   </trkpt>
   <trkpt lat="46.094" lon="11.365920000000001">
    <ele>2139.45</ele>
   </trkpt>
   <trkpt lat="46.094030000000004" lon="11.365850000000002">
    <ele>2140.11</ele>
   </trkpt>
   <trkpt lat="46.093990000000005" lon="11.365850000000002">
    <ele>2140.11</ele>
   </trkpt>
   <trkpt lat="46.09395000000001" lon="11.365870000000001">
    <ele>2140.11</ele>
   </trkpt>
   <trkpt lat="46.09394" lon="11.365860000000001">
    <ele>2140.11</ele>
   </trkpt>
   <trkpt lat="46.09384000000001" lon="11.36569">
    <ele>2136.84</ele>
   </trkpt>
   <trkpt lat="46.093830000000004" lon="11.36561">
    <ele>2136.84</ele>
   </trkpt>
   <trkpt lat="46.09373" lon="11.365490000000001">
    <ele>2132.4400000000005</ele>
   </trkpt>
   <trkpt lat="46.093680000000006" lon="11.36547">
    <ele>2130.7500000000005</ele>
   </trkpt>
   <trkpt lat="46.09344" lon="11.365020000000001">
    <ele>2135.23</ele>
   </trkpt>
   <trkpt lat="46.093230000000005" lon="11.364740000000001">
    <ele>2139.0200000000004</ele>
   </trkpt>
   <trkpt lat="46.09310000000001" lon="11.36444">
    <ele>2143.94</ele>
   </trkpt>
   <trkpt lat="46.09286" lon="11.36415">
    <ele>2148.2200000000003</ele>
   </trkpt>
   <trkpt lat="46.092600000000004" lon="11.363800000000001">
    <ele>2150.7599999999998</ele>
   </trkpt>
   <trkpt lat="46.09245000000001" lon="11.3635">
    <ele>2152.4700000000003</ele>
   </trkpt>
   <trkpt lat="46.09217" lon="11.36336">
    <ele>2155.25</ele>
   </trkpt>
   <trkpt lat="46.09203" lon="11.363240000000001">
    <ele>2156.75</ele>
   </trkpt>
   <trkpt lat="46.09172" lon="11.362760000000002">
    <ele>2167.8300000000004</ele>
   </trkpt>
   <trkpt lat="46.09123" lon="11.36232">
    <ele>2174.02</ele>
   </trkpt>
   <trkpt lat="46.09102" lon="11.362200000000001">
    <ele>2176.9</ele>
   </trkpt>
   <trkpt lat="46.09087" lon="11.362160000000001">
    <ele>2178.2799999999997</ele>
   </trkpt>
   <trkpt lat="46.09069" lon="11.36208">
    <ele>2180.51</ele>
   </trkpt>
   <trkpt lat="46.09055" lon="11.36204">
    <ele>2182.1800000000003</ele>
   </trkpt>
   <trkpt lat="46.09028000000001" lon="11.361870000000001">
    <ele>2186.32</ele>
   </trkpt>
   <trkpt lat="46.08957" lon="11.361270000000001">
    <ele>2194.08</ele>
   </trkpt>
   <trkpt lat="46.08941" lon="11.36109">
    <ele>2194.86</ele>
   </trkpt>
   <trkpt lat="46.088860000000004" lon="11.36029">
    <ele>2202.09</ele>
   </trkpt>
   <trkpt lat="46.08869000000001" lon="11.360090000000001">
    <ele>2203.4100000000003</ele>
   </trkpt>
   <trkpt lat="46.088010000000004" lon="11.359620000000001">
    <ele>2200.9100000000003</ele>
   </trkpt>
   <trkpt lat="46.08784000000001" lon="11.35955">
    <ele>2201.48</ele>
   </trkpt>
   <trkpt lat="46.08758" lon="11.359300000000001">
    <ele>2203.05</ele>
   </trkpt>
   <trkpt lat="46.08731" lon="11.359000000000002">
    <ele>2203.9600000000005</ele>
   </trkpt>
   <trkpt lat="46.0872" lon="11.358920000000001">
    <ele>2203.9900000000002</ele>
   </trkpt>
   <trkpt lat="46.087070000000004" lon="11.35871">
    <ele>2204.4100000000003</ele>
   </trkpt>
   <trkpt lat="46.08702" lon="11.358540000000001">
    <ele>2204.33</ele>
   </trkpt>
   <trkpt lat="46.086960000000005" lon="11.35847">
    <ele>2204.1400000000003</ele>
   </trkpt>
   <trkpt lat="46.08677" lon="11.35806">
    <ele>2202.38</ele>
   </trkpt>
   <trkpt lat="46.086710000000004" lon="11.358">
    <ele>2201.81</ele>
   </trkpt>
   <trkpt lat="46.08668" lon="11.357800000000001">
    <ele>2201.83</ele>
   </trkpt>
   <trkpt lat="46.08666" lon="11.357780000000002">
    <ele>2201.83</ele>
   </trkpt>
   <trkpt lat="46.08661" lon="11.35787">
    <ele>2202.7000000000003</ele>
   </trkpt>
   <trkpt lat="46.08657" lon="11.35804">
    <ele>2204.28</ele>
   </trkpt>
   <trkpt lat="46.086510000000004" lon="11.358130000000001">
    <ele>2205.2</ele>
   </trkpt>
   <trkpt lat="46.086220000000004" lon="11.35828">
    <ele>2207.46</ele>
   </trkpt>
   <trkpt lat="46.085730000000005" lon="11.358450000000001">
    <ele>2207.79</ele>
   </trkpt>
   <trkpt lat="46.08556" lon="11.358390000000002">
    <ele>2208.1600000000003</ele>
   </trkpt>
   <trkpt lat="46.08541" lon="11.358310000000001">
    <ele>2208.4100000000003</ele>
   </trkpt>
   <trkpt lat="46.08518" lon="11.358120000000001">
    <ele>2209.19</ele>
   </trkpt>
   <trkpt lat="46.08503" lon="11.35791">
    <ele>2208.7000000000003</ele>
   </trkpt>
   <trkpt lat="46.08494" lon="11.357750000000001">
    <ele>2207.61</ele>
   </trkpt>
   <trkpt lat="46.08451" lon="11.357270000000002">
    <ele>2204.45</ele>
   </trkpt>
   <trkpt lat="46.084230000000005" lon="11.35693">
    <ele>2202.4300000000003</ele>
   </trkpt>
   <trkpt lat="46.08395" lon="11.35664">
    <ele>2201.21</ele>
   </trkpt>
   <trkpt lat="46.08379" lon="11.356530000000001">
    <ele>2199.5</ele>
   </trkpt>
   <trkpt lat="46.08334000000001" lon="11.35635">
    <ele>2189.7999999999997</ele>
   </trkpt>
   <trkpt lat="46.083090000000006" lon="11.356340000000001">
    <ele>2185.9900000000002</ele>
   </trkpt>
   <trkpt lat="46.082420000000006" lon="11.3565">
    <ele>2171.19</ele>
   </trkpt>
   <trkpt lat="46.08212" lon="11.35654">
    <ele>2162.44</ele>
   </trkpt>
   <trkpt lat="46.081970000000005" lon="11.356520000000002">
    <ele>2160.8</ele>
   </trkpt>
   <trkpt lat="46.08176" lon="11.35641">
    <ele>2155.9500000000003</ele>
   </trkpt>
   <trkpt lat="46.08158" lon="11.35626">
    <ele>2153.34</ele>
   </trkpt>
   <trkpt lat="46.08147" lon="11.35613">
    <ele>2151.94</ele>
   </trkpt>
   <trkpt lat="46.08127" lon="11.355810000000002">
    <ele>2146.64</ele>
   </trkpt>
   <trkpt lat="46.081230000000005" lon="11.3557">
    <ele>2145.86</ele>
   </trkpt>
   <trkpt lat="46.081160000000004" lon="11.355690000000001">
    <ele>2144.4700000000003</ele>
   </trkpt>
   <trkpt lat="46.081030000000005" lon="11.35556">
    <ele>2141.44</ele>
   </trkpt>
   <trkpt lat="46.08086" lon="11.35543">
    <ele>2139.7400000000002</ele>
   </trkpt>
   <trkpt lat="46.08048" lon="11.355030000000001">
    <ele>2135.44</ele>
   </trkpt>
   <trkpt lat="46.08019" lon="11.354750000000001">
    <ele>2139.71</ele>
   </trkpt>
   <trkpt lat="46.080040000000004" lon="11.35463">
    <ele>2140.6800000000003</ele>
   </trkpt>
   <trkpt lat="46.07994" lon="11.354460000000001">
    <ele>2142.61</ele>
   </trkpt>
   <trkpt lat="46.079750000000004" lon="11.354410000000001">
    <ele>2146.1</ele>
   </trkpt>
   <trkpt lat="46.079640000000005" lon="11.354270000000001">
    <ele>2147.9500000000003</ele>
   </trkpt>
   <trkpt lat="46.07954" lon="11.3541">
    <ele>2149.74</ele>
   </trkpt>
   <trkpt lat="46.079440000000005" lon="11.353980000000002">
    <ele>2151.2200000000003</ele>
   </trkpt>
   <trkpt lat="46.07927" lon="11.353850000000001">
    <ele>2154.25</ele>
   </trkpt>
   <trkpt lat="46.079130000000006" lon="11.35369">
    <ele>2157.35</ele>
   </trkpt>
   <trkpt lat="46.07898" lon="11.35355">
    <ele>2159.91</ele>
   </trkpt>
   <trkpt lat="46.07858" lon="11.35327">
    <ele>2171.5600000000004</ele>
   </trkpt>
   <trkpt lat="46.078390000000006" lon="11.35308">
    <ele>2179.67</ele>
   </trkpt>
   <trkpt lat="46.07818" lon="11.353040000000002">
    <ele>2188.9100000000003</ele>
   </trkpt>
   <trkpt lat="46.07813" lon="11.35298">
    <ele>2188.9100000000003</ele>
   </trkpt>
   <trkpt lat="46.07809" lon="11.352810000000002">
    <ele>2195.28</ele>
   </trkpt>
   <trkpt lat="46.07799000000001" lon="11.35269">
    <ele>2202.9900000000002</ele>
   </trkpt>
   <trkpt lat="46.07790000000001" lon="11.35265">
    <ele>2206.4900000000002</ele>
   </trkpt>
   <trkpt lat="46.077760000000005" lon="11.35265">
    <ele>2209.73</ele>
   </trkpt>
   <trkpt lat="46.07741" lon="11.3527">
    <ele>2220.03</ele>
   </trkpt>
   <trkpt lat="46.07705000000001" lon="11.35285">
    <ele>2236.66</ele>
   </trkpt>
   <trkpt lat="46.076840000000004" lon="11.35275">
    <ele>2244.9700000000003</ele>
   </trkpt>
   <trkpt lat="46.07667000000001" lon="11.3527">
    <ele>2251.92</ele>
   </trkpt>
   <trkpt lat="46.07652" lon="11.352720000000001">
    <ele>2255.1400000000003</ele>
   </trkpt>
   <trkpt lat="46.07636" lon="11.352760000000002">
    <ele>2258.01</ele>
   </trkpt>
   <trkpt lat="46.076190000000004" lon="11.352870000000001">
    <ele>2263.1200000000003</ele>
   </trkpt>
   <trkpt lat="46.076040000000006" lon="11.35293">
    <ele>2272.32</ele>
   </trkpt>
   <trkpt lat="46.07596" lon="11.35299">
    <ele>2273.6</ele>
   </trkpt>
   <trkpt lat="46.075900000000004" lon="11.353000000000002">
    <ele>2273.6</ele>
   </trkpt>
   <trkpt lat="46.07587" lon="11.352970000000001">
    <ele>2276.05</ele>
   </trkpt>
   <trkpt lat="46.07583" lon="11.352910000000001">
    <ele>2276.05</ele>
   </trkpt>
   <trkpt lat="46.07593000000001" lon="11.352640000000001">
    <ele>2288.32</ele>
   </trkpt>
   <trkpt lat="46.075900000000004" lon="11.35256">
    <ele>2288.32</ele>
   </trkpt>
   <trkpt lat="46.07589" lon="11.352440000000001">
    <ele>2288.32</ele>
   </trkpt>
   <trkpt lat="46.075970000000005" lon="11.35227">
    <ele>2296.9700000000003</ele>
   </trkpt>
   <trkpt lat="46.076010000000004" lon="11.35213">
    <ele>2304.2400000000002</ele>
   </trkpt>
   <trkpt lat="46.076" lon="11.35199">
    <ele>2304.2400000000002</ele>
   </trkpt>
   <trkpt lat="46.07603" lon="11.351840000000001">
    <ele>2309.5600000000004</ele>
   </trkpt>
   <trkpt lat="46.07612" lon="11.351600000000001">
    <ele>2317.78</ele>
   </trkpt>
   <trkpt lat="46.07609" lon="11.35143">
    <ele>2320.8100000000004</ele>
   </trkpt>
   <trkpt lat="46.076100000000004" lon="11.35129">
    <ele>2323.42</ele>
   </trkpt>
   <trkpt lat="46.076" lon="11.35115">
    <ele>2326.92</ele>
   </trkpt>
   <trkpt lat="46.07593000000001" lon="11.351">
    <ele>2325.2000000000003</ele>
   </trkpt>
   <trkpt lat="46.07585" lon="11.350710000000001">
    <ele>2321.93</ele>
   </trkpt>
   <trkpt lat="46.075810000000004" lon="11.35045">
    <ele>2317.84</ele>
   </trkpt>
   <trkpt lat="46.07555000000001" lon="11.350480000000001">
    <ele>2310.0400000000004</ele>
   </trkpt>
   <trkpt lat="46.075320000000005" lon="11.35022">
    <ele>2300.11</ele>
   </trkpt>
   <trkpt lat="46.07527" lon="11.349900000000002">
    <ele>2294.03</ele>
   </trkpt>
   <trkpt lat="46.075030000000005" lon="11.34975">
    <ele>2285.7100000000005</ele>
   </trkpt>
   <trkpt lat="46.07491" lon="11.349870000000001">
    <ele>2282.41</ele>
   </trkpt>
   <trkpt lat="46.0748" lon="11.34993">
    <ele>2271.79</ele>
   </trkpt>
   <trkpt lat="46.074630000000006" lon="11.349710000000002">
    <ele>2266.2400000000002</ele>
   </trkpt>
   <trkpt lat="46.07453" lon="11.349680000000001">
    <ele>2262.7300000000005</ele>
   </trkpt>
   <trkpt lat="46.07442" lon="11.34961">
    <ele>2253.61</ele>
   </trkpt>
   <trkpt lat="46.07421" lon="11.349570000000002">
    <ele>2248.8900000000003</ele>
   </trkpt>
   <trkpt lat="46.07387000000001" lon="11.34922">
    <ele>2241.0</ele>
   </trkpt>
   <trkpt lat="46.07374" lon="11.348980000000001">
    <ele>2235.78</ele>
   </trkpt>
   <trkpt lat="46.073510000000006" lon="11.348680000000002">
    <ele>2229.73</ele>
   </trkpt>
   <trkpt lat="46.07341" lon="11.34866">
    <ele>2228.39</ele>
   </trkpt>
   <trkpt lat="46.073260000000005" lon="11.34872">
    <ele>2222.98</ele>
   </trkpt>
   <trkpt lat="46.07318" lon="11.34862">
    <ele>2218.5400000000004</ele>
   </trkpt>
   <trkpt lat="46.07307" lon="11.348400000000002">
    <ele>2216.48</ele>
   </trkpt>
   <trkpt lat="46.07289" lon="11.348230000000001">
    <ele>2210.48</ele>
   </trkpt>
   <trkpt lat="46.072810000000004" lon="11.348">
    <ele>2206.2400000000002</ele>
   </trkpt>
   <trkpt lat="46.072720000000004" lon="11.34782">
    <ele>2204.27</ele>
   </trkpt>
   <trkpt lat="46.07267" lon="11.34763">
    <ele>2198.5</ele>
   </trkpt>
   <trkpt lat="46.072430000000004" lon="11.347150000000001">
    <ele>2189.2</ele>
   </trkpt>
   <trkpt lat="46.07222" lon="11.346660000000002">
    <ele>2172.07</ele>
   </trkpt>
   <trkpt lat="46.07215" lon="11.346340000000001">
    <ele>2163.8700000000003</ele>
   </trkpt>
   <trkpt lat="46.07209" lon="11.34595">
    <ele>2153.92</ele>
   </trkpt>
   <trkpt lat="46.07206" lon="11.34553">
    <ele>2143.34</ele>
   </trkpt>
   <trkpt lat="46.07197" lon="11.34528">
    <ele>2132.84</ele>
   </trkpt>
   <trkpt lat="46.07170000000001" lon="11.344830000000002">
    <ele>2118.11</ele>
   </trkpt>
   <trkpt lat="46.071160000000006" lon="11.344330000000001">
    <ele>2090.31</ele>
   </trkpt>
   <trkpt lat="46.07096000000001" lon="11.344100000000001">
    <ele>2078.7500000000005</ele>
   </trkpt>
   <trkpt lat="46.070870000000006" lon="11.343860000000001">
    <ele>2069.77</ele>
   </trkpt>
   <trkpt lat="46.070600000000006" lon="11.343530000000001">
    <ele>2054.32</ele>
   </trkpt>
   <trkpt lat="46.069950000000006" lon="11.34304">
    <ele>2030.79</ele>
   </trkpt>
   <trkpt lat="46.069100000000006" lon="11.342680000000001">
    <ele>2011.9800000000002</ele>
   </trkpt>
   <trkpt lat="46.068450000000006" lon="11.342360000000001">
    <ele>2006.6399999999999</ele>
   </trkpt>
   <trkpt lat="46.06821" lon="11.34228">
    <ele>2006.5</ele>
   </trkpt>
   <trkpt lat="46.06808" lon="11.342260000000001">
    <ele>2006.5</ele>
   </trkpt>
   <trkpt lat="46.06792" lon="11.3422">
    <ele>2007.06</ele>
   </trkpt>
   <trkpt lat="46.06746000006276" lon="11.342230000246165">
    <ele>2008.82</ele>
   </trkpt>
   <trkpt lat="46.06700000000001" lon="11.342260000000001">
    <ele>2014.18</ele>
   </trkpt>
   <trkpt lat="46.06654" lon="11.34233">
    <ele>2020.28</ele>
   </trkpt>
   <trkpt lat="46.06568" lon="11.34233">
    <ele>2023.7800000000004</ele>
   </trkpt>
   <trkpt lat="46.065580000000004" lon="11.342410000000001">
    <ele>2023.52</ele>
   </trkpt>
   <trkpt lat="46.065490000000004" lon="11.342410000000001">
    <ele>2022.9000000000003</ele>
   </trkpt>
   <trkpt lat="46.06546" lon="11.34233">
    <ele>2021.7900000000002</ele>
   </trkpt>
   <trkpt lat="46.06542" lon="11.34232">
    <ele>2021.7900000000002</ele>
   </trkpt>
   <trkpt lat="46.06519" lon="11.34246">
    <ele>2017.3100000000002</ele>
   </trkpt>
   <trkpt lat="46.06497" lon="11.34252">
    <ele>2012.7800000000002</ele>
   </trkpt>
   <trkpt lat="46.06443" lon="11.34256">
    <ele>2003.5500000000002</ele>
   </trkpt>
   <trkpt lat="46.064150000000005" lon="11.342540000000001">
    <ele>2000.6699999999998</ele>
   </trkpt>
   <trkpt lat="46.064040000000006" lon="11.342400000000001">
    <ele>1997.6100000000001</ele>
   </trkpt>
   <trkpt lat="46.063840000000006" lon="11.34237">
    <ele>1995.47</ele>
   </trkpt>
   <trkpt lat="46.06362" lon="11.342210000000001">
    <ele>1992.5600000000002</ele>
   </trkpt>
   <trkpt lat="46.0632" lon="11.341970000000002">
    <ele>1988.96</ele>
   </trkpt>
   <trkpt lat="46.06306000000001" lon="11.341830000000002">
    <ele>1986.52</ele>
   </trkpt>
   <trkpt lat="46.06286" lon="11.341740000000001">
    <ele>1984.3600000000001</ele>
   </trkpt>
   <trkpt lat="46.062630000000006" lon="11.341600000000001">
    <ele>1982.25</ele>
   </trkpt>
   <trkpt lat="46.06253" lon="11.341420000000001">
    <ele>1980.73</ele>
   </trkpt>
   <trkpt lat="46.06235" lon="11.341320000000001">
    <ele>1974.8700000000001</ele>
   </trkpt>
   <trkpt lat="46.062070000000006" lon="11.34106">
    <ele>1966.0800000000002</ele>
   </trkpt>
   <trkpt lat="46.06185000000001" lon="11.34098">
    <ele>1960.19</ele>
   </trkpt>
   <trkpt lat="46.06114" lon="11.34079">
    <ele>1945.78</ele>
   </trkpt>
   <trkpt lat="46.060970000000005" lon="11.340770000000001">
    <ele>1943.95</ele>
   </trkpt>
   <trkpt lat="46.060790000000004" lon="11.340710000000001">
    <ele>1937.3700000000001</ele>
   </trkpt>
   <trkpt lat="46.06064000000001" lon="11.34068">
    <ele>1934.8</ele>
   </trkpt>
   <trkpt lat="46.06056" lon="11.3406">
    <ele>1929.4</ele>
   </trkpt>
   <trkpt lat="46.060230000000004" lon="11.34055">
    <ele>1921.18</ele>
   </trkpt>
   <trkpt lat="46.060030000000005" lon="11.34049">
    <ele>1918.5800000000002</ele>
   </trkpt>
   <trkpt lat="46.05986" lon="11.34046">
    <ele>1915.3600000000001</ele>
   </trkpt>
   <trkpt lat="46.05968000000001" lon="11.340470000000002">
    <ele>1911.5900000000001</ele>
   </trkpt>
   <trkpt lat="46.059540000000005" lon="11.340390000000001">
    <ele>1908.2500000000002</ele>
   </trkpt>
   <trkpt lat="46.059470000000005" lon="11.34027">
    <ele>1903.9800000000002</ele>
   </trkpt>
   <trkpt lat="46.05935" lon="11.340150000000001">
    <ele>1896.77</ele>
   </trkpt>
   <trkpt lat="46.05924" lon="11.339950000000002">
    <ele>1893.82</ele>
   </trkpt>
   <trkpt lat="46.059070000000006" lon="11.339720000000002">
    <ele>1886.1100000000001</ele>
   </trkpt>
   <trkpt lat="46.05894000000001" lon="11.33947">
    <ele>1873.46</ele>
   </trkpt>
   <trkpt lat="46.05879" lon="11.339390000000002">
    <ele>1873.46</ele>
   </trkpt>
   <trkpt lat="46.05848" lon="11.33942">
    <ele>1860.2</ele>
   </trkpt>
   <trkpt lat="46.05836" lon="11.339220000000001">
    <ele>1856.1100000000001</ele>
   </trkpt>
   <trkpt lat="46.05836" lon="11.339120000000001">
    <ele>1856.1100000000001</ele>
   </trkpt>
   <trkpt lat="46.05829000000001" lon="11.338920000000002">
    <ele>1849.73</ele>
   </trkpt>
   <trkpt lat="46.058080000000004" lon="11.338940000000001">
    <ele>1840.2</ele>
   </trkpt>
   <trkpt lat="46.05772" lon="11.338740000000001">
    <ele>1835.5800000000002</ele>
   </trkpt>
   <trkpt lat="46.05747" lon="11.33857">
    <ele>1831.8700000000001</ele>
   </trkpt>
   <trkpt lat="46.05753000000001" lon="11.33815">
    <ele>1831.0900000000001</ele>
   </trkpt>
   <trkpt lat="46.05771000000001" lon="11.33778">
    <ele>1826.7000000000003</ele>
   </trkpt>
   <trkpt lat="46.05773000000001" lon="11.33755">
    <ele>1824.03</ele>
   </trkpt>
   <trkpt lat="46.05776" lon="11.337480000000001">
    <ele>1821.5400000000002</ele>
   </trkpt>
   <trkpt lat="46.05783" lon="11.337370000000002">
    <ele>1821.5400000000002</ele>
   </trkpt>
   <trkpt lat="46.05798" lon="11.33731">
    <ele>1815.0900000000001</ele>
   </trkpt>
   <trkpt lat="46.058040000000005" lon="11.337250000000001">
    <ele>1811.14</ele>
   </trkpt>
   <trkpt lat="46.05805" lon="11.33721">
    <ele>1811.14</ele>
   </trkpt>
   <trkpt lat="46.057990000000004" lon="11.337100000000001">
    <ele>1809.9</ele>
   </trkpt>
   <trkpt lat="46.05753000000001" lon="11.33665">
    <ele>1801.1000000000001</ele>
   </trkpt>
   <trkpt lat="46.05729" lon="11.336300000000001">
    <ele>1798.8400000000001</ele>
   </trkpt>
   <trkpt lat="46.05707" lon="11.33581">
    <ele>1797.2800000000002</ele>
   </trkpt>
   <trkpt lat="46.05704" lon="11.33567">
    <ele>1796.16</ele>
   </trkpt>
   <trkpt lat="46.056900000000006" lon="11.33534">
    <ele>1795.88</ele>
   </trkpt>
   <trkpt lat="46.05675" lon="11.335080000000001">
    <ele>1796.8000000000002</ele>
   </trkpt>
   <trkpt lat="46.056700000000006" lon="11.335030000000001">
    <ele>1796.8600000000001</ele>
   </trkpt>
   <trkpt lat="46.056610000000006" lon="11.33483">
    <ele>1796.42</ele>
   </trkpt>
   <trkpt lat="46.05650000000001" lon="11.334470000000001">
    <ele>1796.0</ele>
   </trkpt>
   <trkpt lat="46.056200000000004" lon="11.33394">
    <ele>1795.3400000000001</ele>
   </trkpt>
   <trkpt lat="46.055780000000006" lon="11.33364">
    <ele>1794.72</ele>
   </trkpt>
   <trkpt lat="46.055510000000005" lon="11.333520000000002">
    <ele>1794.85</ele>
   </trkpt>
   <trkpt lat="46.055350000000004" lon="11.333430000000002">
    <ele>1794.52</ele>
   </trkpt>
   <trkpt lat="46.055240000000005" lon="11.333480000000002">
    <ele>1793.8300000000002</ele>
   </trkpt>
   <trkpt lat="46.055150000000005" lon="11.33341">
    <ele>1793.65</ele>
   </trkpt>
   <trkpt lat="46.05505" lon="11.333400000000001">
    <ele>1793.63</ele>
   </trkpt>
   <trkpt lat="46.054840000000006" lon="11.333250000000001">
    <ele>1793.73</ele>
   </trkpt>
   <trkpt lat="46.054750000000006" lon="11.333160000000001">
    <ele>1793.3600000000001</ele>
   </trkpt>
   <trkpt lat="46.05465" lon="11.333010000000002">
    <ele>1793.26</ele>
   </trkpt>
   <trkpt lat="46.054570000000005" lon="11.33299">
    <ele>1793.3500000000001</ele>
   </trkpt>
   <trkpt lat="46.05442" lon="11.332820000000002">
    <ele>1792.48</ele>
   </trkpt>
   <trkpt lat="46.05434" lon="11.332510000000001">
    <ele>1791.74</ele>
   </trkpt>
   <trkpt lat="46.054230000000004" lon="11.33225">
    <ele>1790.8400000000001</ele>
   </trkpt>
   <trkpt lat="46.05411" lon="11.3321">
    <ele>1790.1000000000001</ele>
   </trkpt>
   <trkpt lat="46.05398" lon="11.331980000000001">
    <ele>1788.8400000000001</ele>
   </trkpt>
   <trkpt lat="46.05389" lon="11.331930000000002">
    <ele>1788.5600000000002</ele>
   </trkpt>
   <trkpt lat="46.053850000000004" lon="11.331880000000002">
    <ele>1788.18</ele>
   </trkpt>
   <trkpt lat="46.053630000000005" lon="11.33148">
    <ele>1787.6000000000001</ele>
   </trkpt>
   <trkpt lat="46.05350000000001" lon="11.331010000000001">
    <ele>1787.8</ele>
   </trkpt>
   <trkpt lat="46.05341000000001" lon="11.330850000000002">
    <ele>1786.99</ele>
   </trkpt>
   <trkpt lat="46.05331" lon="11.33059">
    <ele>1786.22</ele>
   </trkpt>
   <trkpt lat="46.05303000000001" lon="11.330110000000001">
    <ele>1783.5400000000002</ele>
   </trkpt>
   <trkpt lat="46.05292" lon="11.329720000000002">
    <ele>1779.91</ele>
   </trkpt>
   <trkpt lat="46.05284" lon="11.329310000000001">
    <ele>1776.66</ele>
   </trkpt>
   <trkpt lat="46.052760000000006" lon="11.32878">
    <ele>1773.7200000000003</ele>
   </trkpt>
   <trkpt lat="46.05275" lon="11.32859">
    <ele>1773.7200000000003</ele>
   </trkpt>
   <trkpt lat="46.05279" lon="11.328410000000002">
    <ele>1771.0400000000002</ele>
   </trkpt>
   <trkpt lat="46.052800000000005" lon="11.328270000000002">
    <ele>1771.0400000000002</ele>
   </trkpt>
   <trkpt lat="46.052710000000005" lon="11.32736">
    <ele>1767.54</ele>
   </trkpt>
   <trkpt lat="46.052690000000005" lon="11.3267">
    <ele>1767.7800000000002</ele>
   </trkpt>
   <trkpt lat="46.05272" lon="11.326440000000002">
    <ele>1768.6200000000001</ele>
   </trkpt>
   <trkpt lat="46.05281" lon="11.326">
    <ele>1768.6200000000001</ele>
   </trkpt>
   <trkpt lat="46.05281" lon="11.32582">
    <ele>1768.22</ele>
   </trkpt>
   <trkpt lat="46.052780000000006" lon="11.325640000000002">
    <ele>1767.47</ele>
   </trkpt>
   <trkpt lat="46.05246" lon="11.32493">
    <ele>1761.0200000000002</ele>
   </trkpt>
   <trkpt lat="46.05200000000001" lon="11.324160000000001">
    <ele>1750.55</ele>
   </trkpt>
   <trkpt lat="46.05187" lon="11.323550000000001">
    <ele>1747.54</ele>
   </trkpt>
   <trkpt lat="46.05171000000001" lon="11.32318">
    <ele>1747.8300000000002</ele>
   </trkpt>
   <trkpt lat="46.051590000000004" lon="11.32304">
    <ele>1748.02</ele>
   </trkpt>
   <trkpt lat="46.05151" lon="11.323">
    <ele>1748.3400000000001</ele>
   </trkpt>
   <trkpt lat="46.051300000000005" lon="11.322830000000002">
    <ele>1749.7300000000002</ele>
   </trkpt>
   <trkpt lat="46.051030000000004" lon="11.32248">
    <ele>1753.9700000000003</ele>
   </trkpt>
   <trkpt lat="46.05080000171716" lon="11.321849997339562">
    <ele>1757.0700000000002</ele>
   </trkpt>
   <trkpt lat="46.05057" lon="11.32122">
    <ele>1761.3</ele>
   </trkpt>
   <trkpt lat="46.05050000000001" lon="11.32074">
    <ele>1765.6200000000001</ele>
   </trkpt>
   <trkpt lat="46.0504" lon="11.320490000000001">
    <ele>1767.98</ele>
   </trkpt>
   <trkpt lat="46.050200000000004" lon="11.31953">
    <ele>1773.0800000000002</ele>
   </trkpt>
   <trkpt lat="46.050140000000006" lon="11.319080000000001">
    <ele>1776.3600000000001</ele>
   </trkpt>
   <trkpt lat="46.05015" lon="11.318900000000001">
    <ele>1776.0600000000002</ele>
   </trkpt>
   <trkpt lat="46.05028" lon="11.31854">
    <ele>1774.21</ele>
   </trkpt>
   <trkpt lat="46.050320000000006" lon="11.31835">
    <ele>1772.3600000000001</ele>
   </trkpt>
   <trkpt lat="46.05048" lon="11.317290000000002">
    <ele>1764.52</ele>
   </trkpt>
   <trkpt lat="46.050720000000005" lon="11.317060000000001">
    <ele>1757.8600000000001</ele>
   </trkpt>
   <trkpt lat="46.05107" lon="11.31634">
    <ele>1738.3300000000002</ele>
   </trkpt>
   <trkpt lat="46.05142" lon="11.315940000000001">
    <ele>1729.17</ele>
   </trkpt>
   <trkpt lat="46.0514" lon="11.315890000000001">
    <ele>1732.8600000000001</ele>
   </trkpt>
   <trkpt lat="46.05154" lon="11.315660000000001">
    <ele>1728.29</ele>
   </trkpt>
   <trkpt lat="46.051570000000005" lon="11.31553">
    <ele>1726.8100000000002</ele>
   </trkpt>
   <trkpt lat="46.05163" lon="11.3154">
    <ele>1723.93</ele>
   </trkpt>
   <trkpt lat="46.051730000000006" lon="11.31564">
    <ele>1719.74</ele>
   </trkpt>
   <trkpt lat="46.05227000000001" lon="11.315140000000001">
    <ele>1683.0800000000002</ele>
   </trkpt>
   <trkpt lat="46.05272500004498" lon="11.314925001845285">
    <ele>1666.8200000000002</ele>
   </trkpt>
   <trkpt lat="46.053180000000005" lon="11.314710000000002">
    <ele>1650.0500000000002</ele>
   </trkpt>
   <trkpt lat="46.0536949999517" lon="11.314605000998803">
    <ele>1636.7600000000002</ele>
   </trkpt>
   <trkpt lat="46.054210000000005" lon="11.3145">
    <ele>1622.0100000000002</ele>
   </trkpt>
   <trkpt lat="46.05456" lon="11.31414">
    <ele>1608.72</ele>
   </trkpt>
   <trkpt lat="46.05516" lon="11.31399">
    <ele>1601.0000000000002</ele>
   </trkpt>
   <trkpt lat="46.05514" lon="11.313820000000002">
    <ele>1598.6</ele>
   </trkpt>
   <trkpt lat="46.055260000000004" lon="11.31384">
    <ele>1594.96</ele>
   </trkpt>
   <trkpt lat="46.055440000000004" lon="11.313920000000001">
    <ele>1591.23</ele>
   </trkpt>
   <trkpt lat="46.055440000000004" lon="11.31389">
    <ele>1590.5200000000002</ele>
   </trkpt>
   <trkpt lat="46.05552" lon="11.31384">
    <ele>1599.42</ele>
   </trkpt>
   <trkpt lat="46.05572" lon="11.3138">
    <ele>1594.75</ele>
   </trkpt>
   <trkpt lat="46.05642" lon="11.313250000000002">
    <ele>1574.3700000000001</ele>
   </trkpt>
   <trkpt lat="46.05659000000001" lon="11.31304">
    <ele>1567.22</ele>
   </trkpt>
   <trkpt lat="46.056810000000006" lon="11.31292">
    <ele>1561.8200000000002</ele>
   </trkpt>
   <trkpt lat="46.05697000000001" lon="11.31291">
    <ele>1562.16</ele>
   </trkpt>
   <trkpt lat="46.05709" lon="11.31304">
    <ele>1562.16</ele>
   </trkpt>
   <trkpt lat="46.05715000000001" lon="11.313260000000001">
    <ele>1561.46</ele>
   </trkpt>
   <trkpt lat="46.05716" lon="11.313500000000001">
    <ele>1561.1000000000001</ele>
   </trkpt>
   <trkpt lat="46.057100000000005" lon="11.31367">
    <ele>1560.8000000000002</ele>
   </trkpt>
   <trkpt lat="46.05697000000001" lon="11.313870000000001">
    <ele>1560.43</ele>
   </trkpt>
   <trkpt lat="46.05653" lon="11.31446">
    <ele>1555.22</ele>
   </trkpt>
   <trkpt lat="46.056340000000006" lon="11.31502">
    <ele>1551.26</ele>
   </trkpt>
   <trkpt lat="46.05626" lon="11.315610000000001">
    <ele>1546.52</ele>
   </trkpt>
   <trkpt lat="46.05612000000001" lon="11.316120000000002">
    <ele>1543.53</ele>
   </trkpt>
   <trkpt lat="46.05586" lon="11.3167">
    <ele>1539.8400000000001</ele>
   </trkpt>
   <trkpt lat="46.055820000000004" lon="11.31703">
    <ele>1538.8600000000001</ele>
   </trkpt>
   <trkpt lat="46.05574000000001" lon="11.317340000000002">
    <ele>1537.77</ele>
   </trkpt>
   <trkpt lat="46.05563" lon="11.317540000000001">
    <ele>1536.69</ele>
   </trkpt>
   <trkpt lat="46.05559" lon="11.31816">
    <ele>1533.6900000000003</ele>
   </trkpt>
   <trkpt lat="46.05566" lon="11.318480000000001">
    <ele>1533.6900000000003</ele>
   </trkpt>
   <trkpt lat="46.055690000000006" lon="11.31873">
    <ele>1531.0700000000002</ele>
   </trkpt>
   <trkpt lat="46.05575" lon="11.31888">
    <ele>1530.5000000000002</ele>
   </trkpt>
   <trkpt lat="46.055800000000005" lon="11.31896">
    <ele>1530.5000000000002</ele>
   </trkpt>
   <trkpt lat="46.05585000000001" lon="11.318990000000001">
    <ele>1529.23</ele>
   </trkpt>
   <trkpt lat="46.0561" lon="11.318940000000001">
    <ele>1528.66</ele>
   </trkpt>
   <trkpt lat="46.05626" lon="11.31902">
    <ele>1527.14</ele>
   </trkpt>
   <trkpt lat="46.05644" lon="11.319210000000002">
    <ele>1525.8</ele>
   </trkpt>
   <trkpt lat="46.056700000000006" lon="11.31957">
    <ele>1523.94</ele>
   </trkpt>
   <trkpt lat="46.05686" lon="11.319680000000002">
    <ele>1523.13</ele>
   </trkpt>
   <trkpt lat="46.056990000000006" lon="11.31981">
    <ele>1522.48</ele>
   </trkpt>
   <trkpt lat="46.057080000000006" lon="11.31999">
    <ele>1521.5</ele>
   </trkpt>
   <trkpt lat="46.05727" lon="11.320780000000001">
    <ele>1519.4800000000002</ele>
   </trkpt>
   <trkpt lat="46.057280000000006" lon="11.32079">
    <ele>1519.4800000000002</ele>
   </trkpt>
   <trkpt lat="46.057080000000006" lon="11.31999">
    <ele>1521.5</ele>
   </trkpt>
   <trkpt lat="46.056990000000006" lon="11.31981">
    <ele>1522.48</ele>
   </trkpt>
   <trkpt lat="46.05686" lon="11.319680000000002">
    <ele>1523.13</ele>
   </trkpt>
   <trkpt lat="46.056700000000006" lon="11.31957">
    <ele>1523.94</ele>
   </trkpt>
   <trkpt lat="46.05644" lon="11.319210000000002">
    <ele>1525.8</ele>
   </trkpt>
   <trkpt lat="46.05626" lon="11.31902">
    <ele>1527.14</ele>
   </trkpt>
   <trkpt lat="46.0561" lon="11.318940000000001">
    <ele>1528.66</ele>
   </trkpt>
   <trkpt lat="46.05585000000001" lon="11.318990000000001">
    <ele>1529.23</ele>
   </trkpt>
   <trkpt lat="46.055800000000005" lon="11.31896">
    <ele>1530.5000000000002</ele>
   </trkpt>
   <trkpt lat="46.05575" lon="11.31888">
    <ele>1530.5000000000002</ele>
   </trkpt>
   <trkpt lat="46.055690000000006" lon="11.31873">
    <ele>1531.0700000000002</ele>
   </trkpt>
   <trkpt lat="46.05566" lon="11.318480000000001">
    <ele>1531.0700000000002</ele>
   </trkpt>
   <trkpt lat="46.05559" lon="11.31816">
    <ele>1533.6900000000003</ele>
   </trkpt>
   <trkpt lat="46.05563" lon="11.317540000000001">
    <ele>1536.69</ele>
   </trkpt>
   <trkpt lat="46.05574000000001" lon="11.317340000000002">
    <ele>1537.77</ele>
   </trkpt>
   <trkpt lat="46.055820000000004" lon="11.31703">
    <ele>1538.8600000000001</ele>
   </trkpt>
   <trkpt lat="46.05586" lon="11.3167">
    <ele>1539.8400000000001</ele>
   </trkpt>
   <trkpt lat="46.05612000000001" lon="11.316120000000002">
    <ele>1543.53</ele>
   </trkpt>
   <trkpt lat="46.05626" lon="11.315610000000001">
    <ele>1546.52</ele>
   </trkpt>
   <trkpt lat="46.056340000000006" lon="11.31502">
    <ele>1551.26</ele>
   </trkpt>
   <trkpt lat="46.05653" lon="11.31446">
    <ele>1555.22</ele>
   </trkpt>
   <trkpt lat="46.05697000000001" lon="11.313870000000001">
    <ele>1560.43</ele>
   </trkpt>
   <trkpt lat="46.057100000000005" lon="11.31367">
    <ele>1560.8000000000002</ele>
   </trkpt>
   <trkpt lat="46.05716" lon="11.313500000000001">
    <ele>1561.1000000000001</ele>
   </trkpt>
   <trkpt lat="46.05715000000001" lon="11.313260000000001">
    <ele>1561.46</ele>
   </trkpt>
   <trkpt lat="46.05709" lon="11.31304">
    <ele>1562.16</ele>
   </trkpt>
   <trkpt lat="46.05697000000001" lon="11.31291">
    <ele>1562.16</ele>
   </trkpt>
   <trkpt lat="46.057" lon="11.31286">
    <ele>1559.93</ele>
   </trkpt>
   <trkpt lat="46.05713" lon="11.312800000000001">
    <ele>1555.29</ele>
   </trkpt>
   <trkpt lat="46.05735000000001" lon="11.312660000000001">
    <ele>1550.81</ele>
   </trkpt>
   <trkpt lat="46.05751" lon="11.312360000000002">
    <ele>1545.9900000000002</ele>
   </trkpt>
   <trkpt lat="46.05765" lon="11.31234">
    <ele>1539.4800000000002</ele>
   </trkpt>
   <trkpt lat="46.05785" lon="11.31217">
    <ele>1535.6100000000001</ele>
   </trkpt>
   <trkpt lat="46.05836" lon="11.31184">
    <ele>1528.0</ele>
   </trkpt>
   <trkpt lat="46.058460000000004" lon="11.311800000000002">
    <ele>1524.8700000000001</ele>
   </trkpt>
   <trkpt lat="46.05854" lon="11.31183">
    <ele>1524.8700000000001</ele>
   </trkpt>
   <trkpt lat="46.058670000000006" lon="11.311910000000001">
    <ele>1522.79</ele>
   </trkpt>
   <trkpt lat="46.058730000000004" lon="11.31182">
    <ele>1520.63</ele>
   </trkpt>
   <trkpt lat="46.05874" lon="11.31164">
    <ele>1518.63</ele>
   </trkpt>
   <trkpt lat="46.0587" lon="11.3115">
    <ele>1515.2200000000003</ele>
   </trkpt>
   <trkpt lat="46.05863" lon="11.311390000000001">
    <ele>1513.64</ele>
   </trkpt>
   <trkpt lat="46.05843" lon="11.311160000000001">
    <ele>1510.2700000000002</ele>
   </trkpt>
   <trkpt lat="46.05820000000001" lon="11.31095">
    <ele>1505.14</ele>
   </trkpt>
   <trkpt lat="46.05803" lon="11.31075">
    <ele>1500.64</ele>
   </trkpt>
   <trkpt lat="46.05781" lon="11.310630000000002">
    <ele>1495.3500000000001</ele>
   </trkpt>
   <trkpt lat="46.057570000000005" lon="11.310630000000002">
    <ele>1492.1000000000001</ele>
   </trkpt>
   <trkpt lat="46.057320000000004" lon="11.310690000000001">
    <ele>1489.19</ele>
   </trkpt>
   <trkpt lat="46.05688000000001" lon="11.31066">
    <ele>1480.0700000000002</ele>
   </trkpt>
   <trkpt lat="46.056810000000006" lon="11.310500000000001">
    <ele>1478.7100000000003</ele>
   </trkpt>
   <trkpt lat="46.05682" lon="11.31009">
    <ele>1475.21</ele>
   </trkpt>
   <trkpt lat="46.057050000000004" lon="11.309270000000001">
    <ele>1470.22</ele>
   </trkpt>
   <trkpt lat="46.05706000000001" lon="11.308980000000002">
    <ele>1468.9</ele>
   </trkpt>
   <trkpt lat="46.057140000000004" lon="11.308580000000001">
    <ele>1465.3200000000002</ele>
   </trkpt>
   <trkpt lat="46.057280000000006" lon="11.30813">
    <ele>1460.43</ele>
   </trkpt>
   <trkpt lat="46.05731" lon="11.307640000000001">
    <ele>1456.46</ele>
   </trkpt>
   <trkpt lat="46.05738" lon="11.30729">
    <ele>1454.9900000000002</ele>
   </trkpt>
   <trkpt lat="46.057570000000005" lon="11.30672">
    <ele>1451.3400000000001</ele>
   </trkpt>
   <trkpt lat="46.05756" lon="11.30601">
    <ele>1448.6100000000001</ele>
   </trkpt>
   <trkpt lat="46.057480000000005" lon="11.30563">
    <ele>1447.0500000000002</ele>
   </trkpt>
   <trkpt lat="46.05733" lon="11.30536">
    <ele>1444.25</ele>
   </trkpt>
   <trkpt lat="46.057210000000005" lon="11.305180000000002">
    <ele>1443.4900000000002</ele>
   </trkpt>
   <trkpt lat="46.05713" lon="11.30497">
    <ele>1442.38</ele>
   </trkpt>
   <trkpt lat="46.05711" lon="11.30456">
    <ele>1441.3200000000002</ele>
   </trkpt>
   <trkpt lat="46.05704" lon="11.304110000000001">
    <ele>1439.93</ele>
   </trkpt>
   <trkpt lat="46.05698" lon="11.303920000000002">
    <ele>1438.76</ele>
   </trkpt>
   <trkpt lat="46.05664" lon="11.30361">
    <ele>1433.46</ele>
   </trkpt>
   <trkpt lat="46.056380000000004" lon="11.30334">
    <ele>1431.6700000000003</ele>
   </trkpt>
   <trkpt lat="46.056270000000005" lon="11.303130000000001">
    <ele>1428.8700000000001</ele>
   </trkpt>
   <trkpt lat="46.056380000000004" lon="11.302750000000001">
    <ele>1427.2600000000002</ele>
   </trkpt>
   <trkpt lat="46.056520000000006" lon="11.30236">
    <ele>1424.19</ele>
   </trkpt>
   <trkpt lat="46.056610000000006" lon="11.30202">
    <ele>1420.69</ele>
   </trkpt>
   <trkpt lat="46.056670000000004" lon="11.30174">
    <ele>1419.14</ele>
   </trkpt>
   <trkpt lat="46.056670000000004" lon="11.301540000000001">
    <ele>1416.15</ele>
   </trkpt>
   <trkpt lat="46.05651" lon="11.301300000000001">
    <ele>1413.51</ele>
   </trkpt>
   <trkpt lat="46.056360000000005" lon="11.30113">
    <ele>1409.9</ele>
   </trkpt>
   <trkpt lat="46.05628" lon="11.30089">
    <ele>1407.93</ele>
   </trkpt>
   <trkpt lat="46.05633" lon="11.300510000000001">
    <ele>1404.4800000000002</ele>
   </trkpt>
   <trkpt lat="46.05624" lon="11.300370000000001">
    <ele>1401.6000000000001</ele>
   </trkpt>
   <trkpt lat="46.055820000000004" lon="11.299940000000001">
    <ele>1394.7600000000002</ele>
   </trkpt>
   <trkpt lat="46.055730000000004" lon="11.29977">
    <ele>1392.42</ele>
   </trkpt>
   <trkpt lat="46.05563" lon="11.29931">
    <ele>1387.73</ele>
   </trkpt>
   <trkpt lat="46.055490000000006" lon="11.29906">
    <ele>1383.8700000000001</ele>
   </trkpt>
   <trkpt lat="46.055490000000006" lon="11.298950000000001">
    <ele>1383.8100000000002</ele>
   </trkpt>
   <trkpt lat="46.05554" lon="11.29888">
    <ele>1382.3200000000002</ele>
   </trkpt>
   <trkpt lat="46.05585000000001" lon="11.298580000000001">
    <ele>1377.13</ele>
   </trkpt>
   <trkpt lat="46.055960000000006" lon="11.29832">
    <ele>1373.3500000000001</ele>
   </trkpt>
   <trkpt lat="46.05621000000001" lon="11.297830000000001">
    <ele>1367.5900000000001</ele>
   </trkpt>
   <trkpt lat="46.056360000000005" lon="11.297630000000002">
    <ele>1365.1100000000001</ele>
   </trkpt>
   <trkpt lat="46.05657" lon="11.297410000000001">
    <ele>1362.91</ele>
   </trkpt>
   <trkpt lat="46.05675" lon="11.29718">
    <ele>1358.96</ele>
   </trkpt>
   <trkpt lat="46.05698" lon="11.297070000000001">
    <ele>1356.78</ele>
   </trkpt>
   <trkpt lat="46.05724000000001" lon="11.296990000000001">
    <ele>1353.8400000000001</ele>
   </trkpt>
   <trkpt lat="46.057750000000006" lon="11.296880000000002">
    <ele>1349.0000000000002</ele>
   </trkpt>
   <trkpt lat="46.0581" lon="11.29663">
    <ele>1345.47</ele>
   </trkpt>
   <trkpt lat="46.05827" lon="11.296470000000001">
    <ele>1341.8500000000001</ele>
   </trkpt>
   <trkpt lat="46.058490000000006" lon="11.2963">
    <ele>1339.41</ele>
   </trkpt>
   <trkpt lat="46.05874" lon="11.29598">
    <ele>1335.17</ele>
   </trkpt>
   <trkpt lat="46.05879" lon="11.29578">
    <ele>1332.1200000000001</ele>
   </trkpt>
   <trkpt lat="46.058800000000005" lon="11.295580000000001">
    <ele>1330.0400000000002</ele>
   </trkpt>
   <trkpt lat="46.05908" lon="11.29517">
    <ele>1326.15</ele>
   </trkpt>
   <trkpt lat="46.05931" lon="11.29493">
    <ele>1320.8700000000001</ele>
   </trkpt>
   <trkpt lat="46.059490000000004" lon="11.294690000000001">
    <ele>1317.2100000000003</ele>
   </trkpt>
   <trkpt lat="46.05966" lon="11.294410000000001">
    <ele>1314.72</ele>
   </trkpt>
   <trkpt lat="46.059760000000004" lon="11.293980000000001">
    <ele>1312.3400000000001</ele>
   </trkpt>
   <trkpt lat="46.059810000000006" lon="11.293610000000001">
    <ele>1306.3600000000001</ele>
   </trkpt>
   <trkpt lat="46.05977" lon="11.293320000000001">
    <ele>1303.38</ele>
   </trkpt>
   <trkpt lat="46.059650000000005" lon="11.292890000000002">
    <ele>1301.52</ele>
   </trkpt>
   <trkpt lat="46.05955" lon="11.29241">
    <ele>1294.9700000000003</ele>
   </trkpt>
   <trkpt lat="46.05948" lon="11.29218">
    <ele>1293.46</ele>
   </trkpt>
   <trkpt lat="46.059340000000006" lon="11.29184">
    <ele>1286.93</ele>
   </trkpt>
   <trkpt lat="46.05933" lon="11.29175">
    <ele>1286.24</ele>
   </trkpt>
   <trkpt lat="46.059340000000006" lon="11.291620000000002">
    <ele>1284.28</ele>
   </trkpt>
   <trkpt lat="46.05937" lon="11.29157">
    <ele>1283.59</ele>
   </trkpt>
   <trkpt lat="46.05946" lon="11.29147">
    <ele>1282.07</ele>
   </trkpt>
   <trkpt lat="46.05978" lon="11.291350000000001">
    <ele>1275.89</ele>
   </trkpt>
   <trkpt lat="46.06" lon="11.29124">
    <ele>1271.26</ele>
   </trkpt>
   <trkpt lat="46.0608" lon="11.291030000000001">
    <ele>1256.64</ele>
   </trkpt>
   <trkpt lat="46.061060000000005" lon="11.290930000000001">
    <ele>1249.57</ele>
   </trkpt>
   <trkpt lat="46.061310000000006" lon="11.29081">
    <ele>1245.83</ele>
   </trkpt>
   <trkpt lat="46.061550000000004" lon="11.290740000000001">
    <ele>1239.48</ele>
   </trkpt>
   <trkpt lat="46.061690000000006" lon="11.2908">
    <ele>1236.8700000000001</ele>
   </trkpt>
   <trkpt lat="46.061930000000004" lon="11.290780000000002">
    <ele>1235.29</ele>
   </trkpt>
   <trkpt lat="46.062360000000005" lon="11.29063">
    <ele>1225.24</ele>
   </trkpt>
   <trkpt lat="46.06257" lon="11.290370000000001">
    <ele>1222.16</ele>
   </trkpt>
   <trkpt lat="46.06262" lon="11.29016">
    <ele>1220.3000000000002</ele>
   </trkpt>
   <trkpt lat="46.06255" lon="11.28972">
    <ele>1216.45</ele>
   </trkpt>
   <trkpt lat="46.06237" lon="11.28922">
    <ele>1212.47</ele>
   </trkpt>
   <trkpt lat="46.06237" lon="11.28893">
    <ele>1207.72</ele>
   </trkpt>
   <trkpt lat="46.062290000000004" lon="11.288440000000001">
    <ele>1203.0</ele>
   </trkpt>
   <trkpt lat="46.062290000000004" lon="11.288030000000001">
    <ele>1196.71</ele>
   </trkpt>
   <trkpt lat="46.06239" lon="11.287970000000001">
    <ele>1195.2900000000002</ele>
   </trkpt>
   <trkpt lat="46.06259000000001" lon="11.28795">
    <ele>1193.18</ele>
   </trkpt>
   <trkpt lat="46.06270000000001" lon="11.287970000000001">
    <ele>1191.38</ele>
   </trkpt>
   <trkpt lat="46.06295" lon="11.28818">
    <ele>1188.44</ele>
   </trkpt>
   <trkpt lat="46.06306000000001" lon="11.288210000000001">
    <ele>1187.3</ele>
   </trkpt>
   <trkpt lat="46.06342" lon="11.28804">
    <ele>1180.41</ele>
   </trkpt>
   <trkpt lat="46.063880000000005" lon="11.287880000000001">
    <ele>1170.4</ele>
   </trkpt>
   <trkpt lat="46.064080000000004" lon="11.287820000000002">
    <ele>1168.88</ele>
   </trkpt>
   <trkpt lat="46.06434" lon="11.287780000000001">
    <ele>1162.93</ele>
   </trkpt>
   <trkpt lat="46.06463" lon="11.287590000000002">
    <ele>1157.14</ele>
   </trkpt>
   <trkpt lat="46.06485000000001" lon="11.287540000000002">
    <ele>1154.15</ele>
   </trkpt>
   <trkpt lat="46.065070000000006" lon="11.287420000000001">
    <ele>1149.14</ele>
   </trkpt>
   <trkpt lat="46.06528" lon="11.287180000000001">
    <ele>1143.6200000000001</ele>
   </trkpt>
   <trkpt lat="46.06562" lon="11.28639">
    <ele>1125.07</ele>
   </trkpt>
   <trkpt lat="46.065760000000004" lon="11.286150000000001">
    <ele>1120.5800000000002</ele>
   </trkpt>
   <trkpt lat="46.065920000000006" lon="11.285960000000001">
    <ele>1114.42</ele>
   </trkpt>
   <trkpt lat="46.06617000000001" lon="11.285850000000002">
    <ele>1107.2300000000002</ele>
   </trkpt>
   <trkpt lat="46.066590000000005" lon="11.28578">
    <ele>1097.9</ele>
   </trkpt>
   <trkpt lat="46.06669" lon="11.285660000000002">
    <ele>1094.88</ele>
   </trkpt>
   <trkpt lat="46.06674" lon="11.28556">
    <ele>1094.88</ele>
   </trkpt>
   <trkpt lat="46.06682000000001" lon="11.28531">
    <ele>1089.8000000000002</ele>
   </trkpt>
   <trkpt lat="46.066840000000006" lon="11.28504">
    <ele>1085.4099999999999</ele>
   </trkpt>
   <trkpt lat="46.06692" lon="11.28456">
    <ele>1075.4099999999999</ele>
   </trkpt>
   <trkpt lat="46.06698" lon="11.284">
    <ele>1067.02</ele>
   </trkpt>
   <trkpt lat="46.06723" lon="11.28368">
    <ele>1064.1000000000001</ele>
   </trkpt>
   <trkpt lat="46.06756" lon="11.2832">
    <ele>1057.0300000000002</ele>
   </trkpt>
   <trkpt lat="46.06759" lon="11.28288">
    <ele>1054.7000000000003</ele>
   </trkpt>
   <trkpt lat="46.06748" lon="11.28241">
    <ele>1050.33</ele>
   </trkpt>
   <trkpt lat="46.06752" lon="11.282110000000001">
    <ele>1048.23</ele>
   </trkpt>
   <trkpt lat="46.067890000000006" lon="11.281">
    <ele>1037.28</ele>
   </trkpt>
   <trkpt lat="46.06808" lon="11.280140000000001">
    <ele>1025.86</ele>
   </trkpt>
   <trkpt lat="46.06817" lon="11.279580000000001">
    <ele>1015.7900000000002</ele>
   </trkpt>
   <trkpt lat="46.06819" lon="11.279050000000002">
    <ele>1009.2800000000002</ele>
   </trkpt>
   <trkpt lat="46.068310000000004" lon="11.278310000000001">
    <ele>1001.63</ele>
   </trkpt>
   <trkpt lat="46.068380000000005" lon="11.27818">
    <ele>999.1600000000001</ele>
   </trkpt>
   <trkpt lat="46.068470000000005" lon="11.278120000000001">
    <ele>999.1600000000001</ele>
   </trkpt>
   <trkpt lat="46.0686" lon="11.278060000000002">
    <ele>994.62</ele>
   </trkpt>
   <trkpt lat="46.068850000000005" lon="11.278020000000001">
    <ele>983.8700000000001</ele>
   </trkpt>
   <trkpt lat="46.069190000000006" lon="11.278">
    <ele>981.84</ele>
   </trkpt>
   <trkpt lat="46.069370000000006" lon="11.277970000000002">
    <ele>974.49</ele>
   </trkpt>
   <trkpt lat="46.06967" lon="11.27795">
    <ele>971.01</ele>
   </trkpt>
   <trkpt lat="46.069720000000004" lon="11.27776">
    <ele>969.2400000000001</ele>
   </trkpt>
   <trkpt lat="46.069790000000005" lon="11.27763">
    <ele>969.2400000000001</ele>
   </trkpt>
   <trkpt lat="46.069880000000005" lon="11.277610000000001">
    <ele>959.5400000000001</ele>
   </trkpt>
   <trkpt lat="46.07" lon="11.277700000000001">
    <ele>959.5400000000001</ele>
   </trkpt>
   <trkpt lat="46.070570000000004" lon="11.278220000000001">
    <ele>947.09</ele>
   </trkpt>
   <trkpt lat="46.07065" lon="11.278220000000001">
    <ele>944.91</ele>
   </trkpt>
   <trkpt lat="46.07074" lon="11.27818">
    <ele>943.32</ele>
   </trkpt>
   <trkpt lat="46.07083" lon="11.2781">
    <ele>942.3500000000001</ele>
   </trkpt>
   <trkpt lat="46.07088" lon="11.27796">
    <ele>941.45</ele>
   </trkpt>
   <trkpt lat="46.070910000000005" lon="11.27768">
    <ele>939.3100000000001</ele>
   </trkpt>
   <trkpt lat="46.070980000000006" lon="11.27762">
    <ele>939.3100000000001</ele>
   </trkpt>
   <trkpt lat="46.07104" lon="11.277590000000002">
    <ele>934.8700000000001</ele>
   </trkpt>
   <trkpt lat="46.07112" lon="11.277600000000001">
    <ele>934.8700000000001</ele>
   </trkpt>
   <trkpt lat="46.071340000000006" lon="11.27771">
    <ele>931.48</ele>
   </trkpt>
   <trkpt lat="46.071740000000005" lon="11.27782">
    <ele>920.58</ele>
   </trkpt>
   <trkpt lat="46.071780000000004" lon="11.27781">
    <ele>920.58</ele>
   </trkpt>
   <trkpt lat="46.071830000000006" lon="11.27772">
    <ele>920.58</ele>
   </trkpt>
   <trkpt lat="46.07184" lon="11.27771">
    <ele>920.58</ele>
   </trkpt>
   <trkpt lat="46.071850000000005" lon="11.277610000000001">
    <ele>920.58</ele>
   </trkpt>
   <trkpt lat="46.071810000000006" lon="11.277500000000002">
    <ele>917.54</ele>
   </trkpt>
   <trkpt lat="46.07170000000001" lon="11.27729">
    <ele>912.5400000000001</ele>
   </trkpt>
   <trkpt lat="46.07162" lon="11.27687">
    <ele>906.09</ele>
   </trkpt>
   <trkpt lat="46.071490000000004" lon="11.27649">
    <ele>899.2800000000001</ele>
   </trkpt>
   <trkpt lat="46.071400000000004" lon="11.27608">
    <ele>896.6800000000001</ele>
   </trkpt>
   <trkpt lat="46.07115" lon="11.275530000000002">
    <ele>888.57</ele>
   </trkpt>
   <trkpt lat="46.07094" lon="11.27523">
    <ele>883.24</ele>
   </trkpt>
   <trkpt lat="46.070420000000006" lon="11.274230000000001">
    <ele>860.95</ele>
   </trkpt>
   <trkpt lat="46.070370000000004" lon="11.274080000000001">
    <ele>860.95</ele>
   </trkpt>
   <trkpt lat="46.070350000000005" lon="11.273940000000001">
    <ele>858.33</ele>
   </trkpt>
   <trkpt lat="46.07023" lon="11.27374">
    <ele>854.45</ele>
   </trkpt>
   <trkpt lat="46.070100000000004" lon="11.273610000000001">
    <ele>850.32</ele>
   </trkpt>
   <trkpt lat="46.06998" lon="11.273520000000001">
    <ele>847.07</ele>
   </trkpt>
   <trkpt lat="46.069970000000005" lon="11.2733">
    <ele>844.1500000000001</ele>
   </trkpt>
   <trkpt lat="46.07001" lon="11.27322">
    <ele>844.1500000000001</ele>
   </trkpt>
   <trkpt lat="46.070170000000005" lon="11.273150000000001">
    <ele>838.89</ele>
   </trkpt>
   <trkpt lat="46.07025" lon="11.27317">
    <ele>838.89</ele>
   </trkpt>
   <trkpt lat="46.07036" lon="11.273150000000001">
    <ele>838.89</ele>
   </trkpt>
   <trkpt lat="46.070440000000005" lon="11.27303">
    <ele>832.5300000000001</ele>
   </trkpt>
   <trkpt lat="46.0705" lon="11.272810000000002">
    <ele>828.08</ele>
   </trkpt>
   <trkpt lat="46.07052" lon="11.272590000000001">
    <ele>828.08</ele>
   </trkpt>
   <trkpt lat="46.07040000000001" lon="11.272060000000002">
    <ele>818.18</ele>
   </trkpt>
   <trkpt lat="46.070330000000006" lon="11.27186">
    <ele>818.18</ele>
   </trkpt>
   <trkpt lat="46.07023" lon="11.27172">
    <ele>813.8900000000001</ele>
   </trkpt>
   <trkpt lat="46.07002000000001" lon="11.271650000000001">
    <ele>806.74</ele>
   </trkpt>
   <trkpt lat="46.070040000000006" lon="11.27142">
    <ele>804.5500000000001</ele>
   </trkpt>
   <trkpt lat="46.069990000000004" lon="11.271090000000001">
    <ele>799.75</ele>
   </trkpt>
   <trkpt lat="46.07" lon="11.270900000000001">
    <ele>791.5600000000001</ele>
   </trkpt>
   <trkpt lat="46.07003" lon="11.27078">
    <ele>791.5600000000001</ele>
   </trkpt>
   <trkpt lat="46.070190000000004" lon="11.270520000000001">
    <ele>786.73</ele>
   </trkpt>
   <trkpt lat="46.07020000000001" lon="11.270340000000001">
    <ele>783.5000000000001</ele>
   </trkpt>
   <trkpt lat="46.070190000000004" lon="11.2702">
    <ele>781.46</ele>
   </trkpt>
   <trkpt lat="46.07007" lon="11.26989">
    <ele>775.73</ele>
   </trkpt>
   <trkpt lat="46.07005" lon="11.26975">
    <ele>773.61</ele>
   </trkpt>
   <trkpt lat="46.070080000000004" lon="11.26964">
    <ele>773.61</ele>
   </trkpt>
   <trkpt lat="46.070240000000005" lon="11.269730000000001">
    <ele>769.09</ele>
   </trkpt>
   <trkpt lat="46.07056" lon="11.270040000000002">
    <ele>761.6400000000001</ele>
   </trkpt>
   <trkpt lat="46.070710000000005" lon="11.270090000000001">
    <ele>751.62</ele>
   </trkpt>
   <trkpt lat="46.070710000000005" lon="11.270010000000001">
    <ele>751.62</ele>
   </trkpt>
   <trkpt lat="46.070640000000004" lon="11.269850000000002">
    <ele>751.62</ele>
   </trkpt>
   <trkpt lat="46.070600000000006" lon="11.269710000000002">
    <ele>745.07</ele>
   </trkpt>
   <trkpt lat="46.07045" lon="11.26946">
    <ele>741.9000000000001</ele>
   </trkpt>
   <trkpt lat="46.07027" lon="11.269100000000002">
    <ele>730.89</ele>
   </trkpt>
   <trkpt lat="46.07016" lon="11.269070000000001">
    <ele>730.89</ele>
   </trkpt>
   <trkpt lat="46.07002000000001" lon="11.26895">
    <ele>728.86</ele>
   </trkpt>
   <trkpt lat="46.069950000000006" lon="11.26875">
    <ele>724.5600000000001</ele>
   </trkpt>
   <trkpt lat="46.069900000000004" lon="11.268510000000001">
    <ele>724.5600000000001</ele>
   </trkpt>
   <trkpt lat="46.069880000000005" lon="11.268210000000002">
    <ele>714.13</ele>
   </trkpt>
   <trkpt lat="46.06978" lon="11.268030000000001">
    <ele>714.13</ele>
   </trkpt>
   <trkpt lat="46.069410000000005" lon="11.267080000000002">
    <ele>692.22</ele>
   </trkpt>
   <trkpt lat="46.06945" lon="11.266900000000001">
    <ele>688.86</ele>
   </trkpt>
   <trkpt lat="46.06942" lon="11.26636">
    <ele>681.96</ele>
   </trkpt>
   <trkpt lat="46.06947" lon="11.266240000000002">
    <ele>674.5699999999999</ele>
   </trkpt>
   <trkpt lat="46.069590000000005" lon="11.26604">
    <ele>672.5500000000001</ele>
   </trkpt>
   <trkpt lat="46.069770000000005" lon="11.265550000000001">
    <ele>661.6200000000001</ele>
   </trkpt>
   <trkpt lat="46.069990000000004" lon="11.265030000000001">
    <ele>655.93</ele>
   </trkpt>
   <trkpt lat="46.07012" lon="11.264640000000002">
    <ele>649.8600000000001</ele>
   </trkpt>
   <trkpt lat="46.070260000000005" lon="11.263900000000001">
    <ele>638.96</ele>
   </trkpt>
   <trkpt lat="46.07036" lon="11.26355">
    <ele>633.9200000000001</ele>
   </trkpt>
   <trkpt lat="46.070460000000004" lon="11.263420000000002">
    <ele>630.45</ele>
   </trkpt>
   <trkpt lat="46.07059" lon="11.26313">
    <ele>625.84</ele>
   </trkpt>
   <trkpt lat="46.070550000000004" lon="11.262970000000001">
    <ele>625.84</ele>
   </trkpt>
   <trkpt lat="46.070440000000005" lon="11.262780000000001">
    <ele>619.73</ele>
   </trkpt>
   <trkpt lat="46.070330000000006" lon="11.262440000000002">
    <ele>614.71</ele>
   </trkpt>
   <trkpt lat="46.07032" lon="11.262080000000001">
    <ele>610.62</ele>
   </trkpt>
   <trkpt lat="46.07027" lon="11.26186">
    <ele>608.9100000000001</ele>
   </trkpt>
   <trkpt lat="46.07021" lon="11.261700000000001">
    <ele>606.26</ele>
   </trkpt>
   <trkpt lat="46.070240000000005" lon="11.261610000000001">
    <ele>604.44</ele>
   </trkpt>
   <trkpt lat="46.069970000000005" lon="11.261130000000001">
    <ele>595.33</ele>
   </trkpt>
   <trkpt lat="46.069790000000005" lon="11.260900000000001">
    <ele>591.5</ele>
   </trkpt>
   <trkpt lat="46.069720000000004" lon="11.26054">
    <ele>585.1200000000001</ele>
   </trkpt>
   <trkpt lat="46.069660000000006" lon="11.26036">
    <ele>578.9300000000001</ele>
   </trkpt>
   <trkpt lat="46.06956" lon="11.26022">
    <ele>578.9300000000001</ele>
   </trkpt>
   <trkpt lat="46.0694" lon="11.260140000000002">
    <ele>575.72</ele>
   </trkpt>
   <trkpt lat="46.0692" lon="11.259970000000001">
    <ele>566.06</ele>
   </trkpt>
   <trkpt lat="46.06884" lon="11.25975">
    <ele>561.9200000000001</ele>
   </trkpt>
   <trkpt lat="46.06864" lon="11.259580000000001">
    <ele>554.5600000000001</ele>
   </trkpt>
   <trkpt lat="46.06852000000001" lon="11.259390000000002">
    <ele>554.5600000000001</ele>
   </trkpt>
   <trkpt lat="46.068490000000004" lon="11.259200000000002">
    <ele>543.45</ele>
   </trkpt>
   <trkpt lat="46.068400000000004" lon="11.25904">
    <ele>543.45</ele>
   </trkpt>
   <trkpt lat="46.06814000000001" lon="11.25847">
    <ele>535.48</ele>
   </trkpt>
   <trkpt lat="46.06796000000001" lon="11.257950000000001">
    <ele>526.2600000000001</ele>
   </trkpt>
   <trkpt lat="46.06796000000001" lon="11.25772">
    <ele>524.93</ele>
   </trkpt>
   <trkpt lat="46.0679" lon="11.25745">
    <ele>521.9100000000001</ele>
   </trkpt>
   <trkpt lat="46.067890000000006" lon="11.257330000000001">
    <ele>520.82</ele>
   </trkpt>
   <trkpt lat="46.06796000000001" lon="11.257330000000001">
    <ele>520.14</ele>
   </trkpt>
   <trkpt lat="46.068340000000006" lon="11.257200000000001">
    <ele>518.08</ele>
   </trkpt>
   <trkpt lat="46.068850000000005" lon="11.256950000000002">
    <ele>517.9</ele>
   </trkpt>
   <trkpt lat="46.06949" lon="11.256070000000001">
    <ele>516.93</ele>
   </trkpt>
   <trkpt lat="46.06994667193436" lon="11.256849987028252">
    <ele>518.7900000000001</ele>
   </trkpt>
   <trkpt lat="46.0704033385632" lon="11.257629986963464">
    <ele>522.3500000000001</ele>
   </trkpt>
   <trkpt lat="46.07086" lon="11.258410000000001">
    <ele>524.12</ele>
   </trkpt>
  </trkseg>
 </trk>
</gpx>
