<?xml version="1.0" encoding="utf-8" standalone="yes"?>
<gpx version="1.1" creator="GPS Visualizer https://www.gpsvisualizer.com/" xmlns="http://www.topografix.com/GPX/1/1" xmlns:xsi="http://www.w3.org/2001/XMLSchema-instance" xsi:schemaLocation="http://www.topografix.com/GPX/1/1 http://www.topografix.com/GPX/1/1/gpx.xsd http://www.garmin.com/xmlschemas/TrackPointExtension/v2 http://www.garmin.com/xmlschemas/TrackPointExtensionv2.xsd http://www.garmin.com/xmlschemas/GpxExtensions/v3 http://www.garmin.com/xmlschemas/GpxExtensionsv3.xsd" xmlns:gpxtpx="http://www.garmin.com/xmlschemas/TrackPointExtension/v2" xmlns:gpxx="http://www.garmin.com/xmlschemas/GpxExtensions/v3">
<wpt lat="46.255488" lon="10.3513266">
  <ele>2096.1</ele>
  <name>II punto di controllo Malga Salina</name>
  <sym>https://www.gstatic.com/mapspro/images/stock/1085-biz-restaurant-generic.png</sym>
</wpt>
<wpt lat="46.2707006" lon="10.3906043">
  <ele>1559.4</ele>
  <name>III punto di controllo Locanda Valgrande - Cancello sab ore 08.00</name>
  <sym>https://www.gstatic.com/mapspro/images/stock/1085-biz-restaurant-generic.png</sym>
</wpt>
<wpt lat="46.2478046" lon="10.2955543">
  <ele>1795.3</ele>
  <name>I punto di controllo Rifugio Antonioli - Cancello orario Sab ore 02.30</name>
  <sym>https://www.gstatic.com/mapspro/images/stock/1085-biz-restaurant-generic.png</sym>
</wpt>
<wpt lat="46.2375576" lon="10.4019928">
  <ele>1015.0</ele>
  <name>Arrivo Corsa Bianca Centro Eventi Vezza d'Oglio Sab ore 13.00</name>
  <sym>https://www.gstatic.com/mapspro/images/stock/1195-fac-flag.png</sym>
</wpt>
<wpt lat="46.2513067" lon="10.3065812">
  <ele>1866.9</ele>
  <name>Particolare attenzione</name>
  <sym>https://www.gstatic.com/mapspro/images/stock/1141-crisis-electrical.png</sym>
</wpt>
<wpt lat="46.211556" lon="10.339669">
  <ele>1054.4</ele>
  <name>Partenza Corsa Bianca Monno Ven ore 22.00</name>
  <sym>https://www.gstatic.com/mapspro/images/stock/1195-fac-flag.png</sym>
</wpt>
<wpt lat="46.297911" lon="10.401262">
  <ele>1789.2</ele>
  <name>IV punto di controllo Malga Valgrande</name>
  <sym>https://www.gstatic.com/mapspro/images/stock/991-biz-cafe.png</sym>
</wpt>
<wpt lat="46.2826647" lon="10.399128">
  <ele>1668.8</ele>
  <name>Attenzione al bivio</name>
  <sym>https://www.gstatic.com/mapspro/images/stock/1141-crisis-electrical.png</sym>
</wpt>
<trk>
  <name>CB 2026 normale cancelli</name>
  <desc>descrizione: &lt;br&gt;Id: 0&lt;br&gt;long: 46173.68268000000</desc>
  <trkseg>
    <trkpt lat="46.211444" lon="10.339594">
      <ele>1052.915</ele>
    </trkpt>
    <trkpt lat="46.211571" lon="10.339609">
      <ele>1055.093</ele>
    </trkpt>
    <trkpt lat="46.211567" lon="10.339595">
      <ele>1055.122</ele>
    </trkpt>
    <trkpt lat="46.211545" lon="10.339512">
      <ele>1055.324</ele>
    </trkpt>
    <trkpt lat="46.211573" lon="10.339497">
      <ele>1055.936</ele>
    </trkpt>
    <trkpt lat="46.211636" lon="10.339457">
      <ele>1057.358</ele>
    </trkpt>
    <trkpt lat="46.211661" lon="10.339414">
      <ele>1058.227</ele>
    </trkpt>
    <trkpt lat="46.211682" lon="10.339378">
      <ele>1058.98</ele>
    </trkpt>
    <trkpt lat="46.211709" lon="10.339331">
      <ele>1059.925</ele>
    </trkpt>
    <trkpt lat="46.211715" lon="10.339321">
      <ele>1060.126</ele>
    </trkpt>
    <trkpt lat="46.211758" lon="10.339287">
      <ele>1061.158</ele>
    </trkpt>
    <trkpt lat="46.211826" lon="10.339236">
      <ele>1062.689</ele>
    </trkpt>
    <trkpt lat="46.211861" lon="10.339206">
      <ele>1063.473</ele>
    </trkpt>
    <trkpt lat="46.211886" lon="10.339184">
      <ele>1064.02</ele>
    </trkpt>
    <trkpt lat="46.211923" lon="10.339152">
      <ele>1065.016</ele>
    </trkpt>
    <trkpt lat="46.211965" lon="10.33911">
      <ele>1066.593</ele>
    </trkpt>
    <trkpt lat="46.212078" lon="10.33902">
      <ele>1069.783</ele>
    </trkpt>
    <trkpt lat="46.212079" lon="10.339019">
      <ele>1069.808</ele>
    </trkpt>
    <trkpt lat="46.212093" lon="10.339">
      <ele>1070.204</ele>
    </trkpt>
    <trkpt lat="46.212019" lon="10.338817">
      <ele>1072.701</ele>
    </trkpt>
    <trkpt lat="46.211873" lon="10.33851">
      <ele>1078.21</ele>
    </trkpt>
    <trkpt lat="46.211761" lon="10.338312">
      <ele>1081.718</ele>
    </trkpt>
    <trkpt lat="46.211729" lon="10.338234">
      <ele>1082.488</ele>
    </trkpt>
    <trkpt lat="46.211717" lon="10.338079">
      <ele>1084.719</ele>
    </trkpt>
    <trkpt lat="46.211728" lon="10.338013">
      <ele>1084.352</ele>
    </trkpt>
    <trkpt lat="46.211823" lon="10.337902">
      <ele>1086.135</ele>
    </trkpt>
    <trkpt lat="46.211977" lon="10.337797">
      <ele>1093.471</ele>
    </trkpt>
    <trkpt lat="46.212039" lon="10.337722">
      <ele>1094.854</ele>
    </trkpt>
    <trkpt lat="46.212098" lon="10.337574">
      <ele>1097.032</ele>
    </trkpt>
    <trkpt lat="46.2121" lon="10.337556">
      <ele>1097.19</ele>
    </trkpt>
    <trkpt lat="46.212109" lon="10.337457">
      <ele>1098.006</ele>
    </trkpt>
    <trkpt lat="46.21219" lon="10.337172">
      <ele>1104.329</ele>
    </trkpt>
    <trkpt lat="46.212205" lon="10.337119">
      <ele>1105.861</ele>
    </trkpt>
    <trkpt lat="46.212436" lon="10.336864">
      <ele>1114.141</ele>
    </trkpt>
    <trkpt lat="46.212671" lon="10.336646">
      <ele>1121.195</ele>
    </trkpt>
    <trkpt lat="46.212696" lon="10.336623">
      <ele>1121.425</ele>
    </trkpt>
    <trkpt lat="46.21277" lon="10.336398">
      <ele>1123.875</ele>
    </trkpt>
    <trkpt lat="46.212787" lon="10.336262">
      <ele>1126.402</ele>
    </trkpt>
    <trkpt lat="46.212819" lon="10.336013">
      <ele>1130.06</ele>
    </trkpt>
    <trkpt lat="46.212793" lon="10.335766">
      <ele>1130.936</ele>
    </trkpt>
    <trkpt lat="46.213215" lon="10.335515">
      <ele>1142.952</ele>
    </trkpt>
    <trkpt lat="46.213325" lon="10.335572">
      <ele>1143.732</ele>
    </trkpt>
    <trkpt lat="46.213442" lon="10.335644">
      <ele>1144.218</ele>
    </trkpt>
    <trkpt lat="46.21349" lon="10.335586">
      <ele>1145.363</ele>
    </trkpt>
    <trkpt lat="46.213534" lon="10.335511">
      <ele>1146.604</ele>
    </trkpt>
    <trkpt lat="46.213664" lon="10.335269">
      <ele>1150.99</ele>
    </trkpt>
    <trkpt lat="46.2138" lon="10.335067">
      <ele>1154.675</ele>
    </trkpt>
    <trkpt lat="46.214104" lon="10.335102">
      <ele>1160.912</ele>
    </trkpt>
    <trkpt lat="46.214331" lon="10.335272">
      <ele>1166.908</ele>
    </trkpt>
    <trkpt lat="46.2145" lon="10.335509">
      <ele>1172.067</ele>
    </trkpt>
    <trkpt lat="46.214884" lon="10.336054">
      <ele>1187.993</ele>
    </trkpt>
    <trkpt lat="46.215187" lon="10.336212">
      <ele>1193.906</ele>
    </trkpt>
    <trkpt lat="46.215302" lon="10.336105">
      <ele>1196.698</ele>
    </trkpt>
    <trkpt lat="46.215524" lon="10.335904">
      <ele>1203.091</ele>
    </trkpt>
    <trkpt lat="46.215659" lon="10.335743">
      <ele>1207.556</ele>
    </trkpt>
    <trkpt lat="46.215889" lon="10.335611">
      <ele>1215.405</ele>
    </trkpt>
    <trkpt lat="46.216022" lon="10.335628">
      <ele>1221.15</ele>
    </trkpt>
    <trkpt lat="46.21622" lon="10.335609">
      <ele>1228.362</ele>
    </trkpt>
    <trkpt lat="46.216281" lon="10.335603">
      <ele>1230.206</ele>
    </trkpt>
    <trkpt lat="46.216339" lon="10.335568">
      <ele>1231.673</ele>
    </trkpt>
    <trkpt lat="46.216491" lon="10.33541">
      <ele>1238.929</ele>
    </trkpt>
    <trkpt lat="46.216549" lon="10.335356">
      <ele>1241.548</ele>
    </trkpt>
    <trkpt lat="46.216688" lon="10.335228">
      <ele>1247.792</ele>
    </trkpt>
    <trkpt lat="46.216718" lon="10.3352">
      <ele>1249.707</ele>
    </trkpt>
    <trkpt lat="46.21684" lon="10.334924">
      <ele>1259.112</ele>
    </trkpt>
    <trkpt lat="46.216938" lon="10.334567">
      <ele>1264.685</ele>
    </trkpt>
    <trkpt lat="46.2169" lon="10.334107">
      <ele>1262.906</ele>
    </trkpt>
    <trkpt lat="46.216921" lon="10.333977">
      <ele>1264.386</ele>
    </trkpt>
    <trkpt lat="46.216986" lon="10.334168">
      <ele>1267.843</ele>
    </trkpt>
    <trkpt lat="46.217068" lon="10.334682">
      <ele>1273.516</ele>
    </trkpt>
    <trkpt lat="46.217078" lon="10.334819">
      <ele>1273.284</ele>
    </trkpt>
    <trkpt lat="46.21708" lon="10.334832">
      <ele>1273.298</ele>
    </trkpt>
    <trkpt lat="46.217114" lon="10.334879">
      <ele>1275.0</ele>
    </trkpt>
    <trkpt lat="46.217152" lon="10.334932">
      <ele>1276.749</ele>
    </trkpt>
    <trkpt lat="46.217518" lon="10.335436">
      <ele>1290.151</ele>
    </trkpt>
    <trkpt lat="46.217411" lon="10.336076">
      <ele>1285.882</ele>
    </trkpt>
    <trkpt lat="46.217472" lon="10.336529">
      <ele>1290.176</ele>
    </trkpt>
    <trkpt lat="46.217712" lon="10.336693">
      <ele>1295.257</ele>
    </trkpt>
    <trkpt lat="46.217871" lon="10.336802">
      <ele>1297.458</ele>
    </trkpt>
    <trkpt lat="46.218012" lon="10.336898">
      <ele>1299.77</ele>
    </trkpt>
    <trkpt lat="46.218013" lon="10.336899">
      <ele>1299.777</ele>
    </trkpt>
    <trkpt lat="46.218089" lon="10.336941">
      <ele>1301.303</ele>
    </trkpt>
    <trkpt lat="46.218444" lon="10.336928">
      <ele>1315.7</ele>
    </trkpt>
    <trkpt lat="46.218522" lon="10.33694">
      <ele>1318.979</ele>
    </trkpt>
    <trkpt lat="46.218757" lon="10.337255">
      <ele>1318.14</ele>
    </trkpt>
    <trkpt lat="46.218752" lon="10.337632">
      <ele>1317.793</ele>
    </trkpt>
    <trkpt lat="46.218607" lon="10.337834">
      <ele>1315.771</ele>
    </trkpt>
    <trkpt lat="46.218603" lon="10.338143">
      <ele>1328.265</ele>
    </trkpt>
    <trkpt lat="46.218623" lon="10.338487">
      <ele>1332.475</ele>
    </trkpt>
    <trkpt lat="46.218476" lon="10.338826">
      <ele>1330.83</ele>
    </trkpt>
    <trkpt lat="46.21833" lon="10.339131">
      <ele>1340.099</ele>
    </trkpt>
    <trkpt lat="46.218183" lon="10.339436">
      <ele>1347.635</ele>
    </trkpt>
    <trkpt lat="46.218183" lon="10.339441">
      <ele>1347.83</ele>
    </trkpt>
    <trkpt lat="46.218181" lon="10.339613">
      <ele>1353.547</ele>
    </trkpt>
    <trkpt lat="46.218178" lon="10.339882">
      <ele>1362.415</ele>
    </trkpt>
    <trkpt lat="46.218083" lon="10.340333">
      <ele>1370.152</ele>
    </trkpt>
    <trkpt lat="46.217937" lon="10.340717">
      <ele>1370.192</ele>
    </trkpt>
    <trkpt lat="46.217843" lon="10.340962">
      <ele>1374.05</ele>
    </trkpt>
    <trkpt lat="46.217833" lon="10.34098">
      <ele>1374.407</ele>
    </trkpt>
    <trkpt lat="46.217785" lon="10.341065">
      <ele>1376.255</ele>
    </trkpt>
    <trkpt lat="46.217709" lon="10.341235">
      <ele>1379.988</ele>
    </trkpt>
    <trkpt lat="46.217635" lon="10.341446">
      <ele>1383.649</ele>
    </trkpt>
    <trkpt lat="46.217575" lon="10.341637">
      <ele>1386.408</ele>
    </trkpt>
    <trkpt lat="46.217535" lon="10.341842">
      <ele>1390.458</ele>
    </trkpt>
    <trkpt lat="46.217538" lon="10.341945">
      <ele>1393.78</ele>
    </trkpt>
    <trkpt lat="46.217547" lon="10.342041">
      <ele>1394.371</ele>
    </trkpt>
    <trkpt lat="46.217599" lon="10.342056">
      <ele>1396.605</ele>
    </trkpt>
    <trkpt lat="46.217648" lon="10.341954">
      <ele>1398.906</ele>
    </trkpt>
    <trkpt lat="46.217754" lon="10.341792">
      <ele>1400.453</ele>
    </trkpt>
    <trkpt lat="46.217851" lon="10.341712">
      <ele>1403.142</ele>
    </trkpt>
    <trkpt lat="46.218032" lon="10.341668">
      <ele>1410.011</ele>
    </trkpt>
    <trkpt lat="46.218147" lon="10.34163">
      <ele>1413.057</ele>
    </trkpt>
    <trkpt lat="46.218266" lon="10.341612">
      <ele>1417.157</ele>
    </trkpt>
    <trkpt lat="46.218336" lon="10.341557">
      <ele>1418.754</ele>
    </trkpt>
    <trkpt lat="46.218461" lon="10.341459">
      <ele>1422.717</ele>
    </trkpt>
    <trkpt lat="46.218478" lon="10.341446">
      <ele>1423.311</ele>
    </trkpt>
    <trkpt lat="46.218569" lon="10.34134">
      <ele>1425.891</ele>
    </trkpt>
    <trkpt lat="46.218645" lon="10.341252">
      <ele>1428.122</ele>
    </trkpt>
    <trkpt lat="46.218651" lon="10.341244">
      <ele>1428.259</ele>
    </trkpt>
    <trkpt lat="46.218796" lon="10.341076">
      <ele>1431.726</ele>
    </trkpt>
    <trkpt lat="46.218922" lon="10.340949">
      <ele>1434.057</ele>
    </trkpt>
    <trkpt lat="46.219138" lon="10.34081">
      <ele>1438.053</ele>
    </trkpt>
    <trkpt lat="46.219244" lon="10.340757">
      <ele>1438.369</ele>
    </trkpt>
    <trkpt lat="46.2194" lon="10.340721">
      <ele>1439.752</ele>
    </trkpt>
    <trkpt lat="46.219737" lon="10.340737">
      <ele>1444.136</ele>
    </trkpt>
    <trkpt lat="46.219819" lon="10.340758">
      <ele>1448.46</ele>
    </trkpt>
    <trkpt lat="46.219929" lon="10.340713">
      <ele>1451.97</ele>
    </trkpt>
    <trkpt lat="46.220026" lon="10.340585">
      <ele>1454.69</ele>
    </trkpt>
    <trkpt lat="46.220084" lon="10.340477">
      <ele>1453.794</ele>
    </trkpt>
    <trkpt lat="46.220348" lon="10.340298">
      <ele>1461.484</ele>
    </trkpt>
    <trkpt lat="46.220488" lon="10.340157">
      <ele>1464.979</ele>
    </trkpt>
    <trkpt lat="46.220609" lon="10.340043">
      <ele>1468.954</ele>
    </trkpt>
    <trkpt lat="46.220705" lon="10.339902">
      <ele>1471.21</ele>
    </trkpt>
    <trkpt lat="46.220778" lon="10.339794">
      <ele>1472.689</ele>
    </trkpt>
    <trkpt lat="46.220904" lon="10.339612">
      <ele>1474.589</ele>
    </trkpt>
    <trkpt lat="46.220962" lon="10.339558">
      <ele>1476.303</ele>
    </trkpt>
    <trkpt lat="46.221044" lon="10.339457">
      <ele>1478.427</ele>
    </trkpt>
    <trkpt lat="46.221078" lon="10.339396">
      <ele>1477.456</ele>
    </trkpt>
    <trkpt lat="46.221126" lon="10.33939">
      <ele>1479.607</ele>
    </trkpt>
    <trkpt lat="46.22111" lon="10.339548">
      <ele>1484.176</ele>
    </trkpt>
    <trkpt lat="46.221016" lon="10.339799">
      <ele>1485.512</ele>
    </trkpt>
    <trkpt lat="46.220933" lon="10.339996">
      <ele>1487.54</ele>
    </trkpt>
    <trkpt lat="46.220883" lon="10.34016">
      <ele>1490.878</ele>
    </trkpt>
    <trkpt lat="46.220843" lon="10.340378">
      <ele>1495.262</ele>
    </trkpt>
    <trkpt lat="46.220802" lon="10.340604">
      <ele>1497.743</ele>
    </trkpt>
    <trkpt lat="46.220732" lon="10.340897">
      <ele>1503.008</ele>
    </trkpt>
    <trkpt lat="46.220695" lon="10.341157">
      <ele>1507.688</ele>
    </trkpt>
    <trkpt lat="46.220654" lon="10.341451">
      <ele>1509.844</ele>
    </trkpt>
    <trkpt lat="46.220672" lon="10.341561">
      <ele>1511.629</ele>
    </trkpt>
    <trkpt lat="46.220709" lon="10.34161">
      <ele>1513.577</ele>
    </trkpt>
    <trkpt lat="46.220782" lon="10.341523">
      <ele>1515.837</ele>
    </trkpt>
    <trkpt lat="46.22087" lon="10.341333">
      <ele>1518.614</ele>
    </trkpt>
    <trkpt lat="46.220974" lon="10.341161">
      <ele>1522.732</ele>
    </trkpt>
    <trkpt lat="46.221124" lon="10.340912">
      <ele>1527.298</ele>
    </trkpt>
    <trkpt lat="46.221218" lon="10.340718">
      <ele>1528.479</ele>
    </trkpt>
    <trkpt lat="46.221379" lon="10.340542">
      <ele>1534.857</ele>
    </trkpt>
    <trkpt lat="46.221496" lon="10.340339">
      <ele>1537.776</ele>
    </trkpt>
    <trkpt lat="46.221651" lon="10.340089">
      <ele>1542.264</ele>
    </trkpt>
    <trkpt lat="46.221706" lon="10.34003">
      <ele>1544.413</ele>
    </trkpt>
    <trkpt lat="46.22182" lon="10.339861">
      <ele>1545.588</ele>
    </trkpt>
    <trkpt lat="46.221835" lon="10.339833">
      <ele>1545.677</ele>
    </trkpt>
    <trkpt lat="46.221936" lon="10.339719">
      <ele>1550.107</ele>
    </trkpt>
    <trkpt lat="46.222124" lon="10.339525">
      <ele>1554.802</ele>
    </trkpt>
    <trkpt lat="46.222184" lon="10.339341">
      <ele>1555.154</ele>
    </trkpt>
    <trkpt lat="46.22226" lon="10.339241">
      <ele>1559.362</ele>
    </trkpt>
    <trkpt lat="46.222266" lon="10.339233">
      <ele>1559.532</ele>
    </trkpt>
    <trkpt lat="46.222319" lon="10.339152">
      <ele>1560.866</ele>
    </trkpt>
    <trkpt lat="46.222363" lon="10.339098">
      <ele>1561.727</ele>
    </trkpt>
    <trkpt lat="46.222411" lon="10.339051">
      <ele>1563.089</ele>
    </trkpt>
    <trkpt lat="46.222459" lon="10.339018">
      <ele>1564.851</ele>
    </trkpt>
    <trkpt lat="46.222486" lon="10.339094">
      <ele>1567.309</ele>
    </trkpt>
    <trkpt lat="46.222491" lon="10.339142">
      <ele>1568.247</ele>
    </trkpt>
    <trkpt lat="46.222509" lon="10.33917">
      <ele>1569.368</ele>
    </trkpt>
    <trkpt lat="46.222536" lon="10.339174">
      <ele>1570.449</ele>
    </trkpt>
    <trkpt lat="46.222654" lon="10.339078">
      <ele>1574.352</ele>
    </trkpt>
    <trkpt lat="46.222726" lon="10.33899">
      <ele>1576.958</ele>
    </trkpt>
    <trkpt lat="46.222798" lon="10.338903">
      <ele>1579.829</ele>
    </trkpt>
    <trkpt lat="46.222866" lon="10.338795">
      <ele>1582.494</ele>
    </trkpt>
    <trkpt lat="46.222915" lon="10.338659">
      <ele>1584.434</ele>
    </trkpt>
    <trkpt lat="46.222979" lon="10.338509">
      <ele>1587.235</ele>
    </trkpt>
    <trkpt lat="46.223014" lon="10.338373">
      <ele>1589.083</ele>
    </trkpt>
    <trkpt lat="46.223016" lon="10.338181">
      <ele>1590.154</ele>
    </trkpt>
    <trkpt lat="46.223018" lon="10.338044">
      <ele>1591.044</ele>
    </trkpt>
    <trkpt lat="46.223014" lon="10.337968">
      <ele>1591.292</ele>
    </trkpt>
    <trkpt lat="46.223005" lon="10.337892">
      <ele>1591.233</ele>
    </trkpt>
    <trkpt lat="46.222997" lon="10.337776">
      <ele>1591.427</ele>
    </trkpt>
    <trkpt lat="46.223004" lon="10.337597">
      <ele>1592.905</ele>
    </trkpt>
    <trkpt lat="46.22302" lon="10.33744">
      <ele>1594.972</ele>
    </trkpt>
    <trkpt lat="46.223036" lon="10.337317">
      <ele>1596.934</ele>
    </trkpt>
    <trkpt lat="46.223103" lon="10.337243">
      <ele>1602.228</ele>
    </trkpt>
    <trkpt lat="46.223129" lon="10.337106">
      <ele>1604.288</ele>
    </trkpt>
    <trkpt lat="46.223169" lon="10.336963">
      <ele>1607.168</ele>
    </trkpt>
    <trkpt lat="46.223194" lon="10.336834">
      <ele>1608.771</ele>
    </trkpt>
    <trkpt lat="46.223224" lon="10.336724">
      <ele>1610.478</ele>
    </trkpt>
    <trkpt lat="46.223254" lon="10.336602">
      <ele>1612.311</ele>
    </trkpt>
    <trkpt lat="46.223274" lon="10.33652">
      <ele>1613.784</ele>
    </trkpt>
    <trkpt lat="46.223298" lon="10.336466">
      <ele>1615.468</ele>
    </trkpt>
    <trkpt lat="46.223321" lon="10.336576">
      <ele>1616.557</ele>
    </trkpt>
    <trkpt lat="46.223323" lon="10.336789">
      <ele>1617.199</ele>
    </trkpt>
    <trkpt lat="46.22334" lon="10.336926">
      <ele>1619.184</ele>
    </trkpt>
    <trkpt lat="46.223387" lon="10.337023">
      <ele>1621.457</ele>
    </trkpt>
    <trkpt lat="46.223459" lon="10.336957">
      <ele>1624.861</ele>
    </trkpt>
    <trkpt lat="46.223543" lon="10.336712">
      <ele>1629.034</ele>
    </trkpt>
    <trkpt lat="46.223573" lon="10.336603">
      <ele>1631.627</ele>
    </trkpt>
    <trkpt lat="46.223588" lon="10.336479">
      <ele>1634.203</ele>
    </trkpt>
    <trkpt lat="46.223604" lon="10.336398">
      <ele>1636.385</ele>
    </trkpt>
    <trkpt lat="46.223619" lon="10.336322">
      <ele>1638.142</ele>
    </trkpt>
    <trkpt lat="46.223661" lon="10.336371">
      <ele>1639.876</ele>
    </trkpt>
    <trkpt lat="46.223703" lon="10.336482">
      <ele>1640.732</ele>
    </trkpt>
    <trkpt lat="46.223759" lon="10.336545">
      <ele>1643.037</ele>
    </trkpt>
    <trkpt lat="46.223802" lon="10.336505">
      <ele>1645.923</ele>
    </trkpt>
    <trkpt lat="46.223795" lon="10.336347">
      <ele>1647.283</ele>
    </trkpt>
    <trkpt lat="46.223778" lon="10.336182">
      <ele>1647.799</ele>
    </trkpt>
    <trkpt lat="46.223793" lon="10.336121">
      <ele>1649.084</ele>
    </trkpt>
    <trkpt lat="46.223854" lon="10.336198">
      <ele>1651.577</ele>
    </trkpt>
    <trkpt lat="46.223965" lon="10.336475">
      <ele>1654.358</ele>
    </trkpt>
    <trkpt lat="46.224016" lon="10.336579">
      <ele>1655.438</ele>
    </trkpt>
    <trkpt lat="46.224109" lon="10.336732">
      <ele>1657.99</ele>
    </trkpt>
    <trkpt lat="46.224171" lon="10.336754">
      <ele>1660.617</ele>
    </trkpt>
    <trkpt lat="46.224221" lon="10.336591">
      <ele>1664.983</ele>
    </trkpt>
    <trkpt lat="46.224257" lon="10.336352">
      <ele>1668.822</ele>
    </trkpt>
    <trkpt lat="46.224279" lon="10.33605">
      <ele>1672.019</ele>
    </trkpt>
    <trkpt lat="46.224305" lon="10.335886">
      <ele>1674.506</ele>
    </trkpt>
    <trkpt lat="46.224325" lon="10.335784">
      <ele>1676.258</ele>
    </trkpt>
    <trkpt lat="46.224392" lon="10.335799">
      <ele>1678.56</ele>
    </trkpt>
    <trkpt lat="46.224439" lon="10.335855">
      <ele>1679.646</ele>
    </trkpt>
    <trkpt lat="46.224539" lon="10.335823">
      <ele>1683.2</ele>
    </trkpt>
    <trkpt lat="46.224579" lon="10.335701">
      <ele>1686.034</ele>
    </trkpt>
    <trkpt lat="46.224604" lon="10.335544">
      <ele>1688.72</ele>
    </trkpt>
    <trkpt lat="46.224607" lon="10.335324">
      <ele>1691.182</ele>
    </trkpt>
    <trkpt lat="46.224608" lon="10.335194">
      <ele>1692.793</ele>
    </trkpt>
    <trkpt lat="46.224606" lon="10.335029">
      <ele>1694.86</ele>
    </trkpt>
    <trkpt lat="46.224584" lon="10.334843">
      <ele>1697.629</ele>
    </trkpt>
    <trkpt lat="46.224567" lon="10.334651">
      <ele>1700.925</ele>
    </trkpt>
    <trkpt lat="46.224507" lon="10.334457">
      <ele>1702.791</ele>
    </trkpt>
    <trkpt lat="46.224429" lon="10.334222">
      <ele>1705.938</ele>
    </trkpt>
    <trkpt lat="46.224392" lon="10.334133">
      <ele>1706.507</ele>
    </trkpt>
    <trkpt lat="46.224292" lon="10.333814">
      <ele>1710.008</ele>
    </trkpt>
    <trkpt lat="46.224278" lon="10.333752">
      <ele>1710.767</ele>
    </trkpt>
    <trkpt lat="46.224237" lon="10.333545">
      <ele>1713.231</ele>
    </trkpt>
    <trkpt lat="46.224199" lon="10.333286">
      <ele>1715.709</ele>
    </trkpt>
    <trkpt lat="46.224175" lon="10.332723">
      <ele>1719.21</ele>
    </trkpt>
    <trkpt lat="46.224206" lon="10.332529">
      <ele>1719.991</ele>
    </trkpt>
    <trkpt lat="46.224306" lon="10.332167">
      <ele>1720.91</ele>
    </trkpt>
    <trkpt lat="46.22445" lon="10.331748">
      <ele>1718.53</ele>
    </trkpt>
    <trkpt lat="46.224513" lon="10.331569">
      <ele>1719.313</ele>
    </trkpt>
    <trkpt lat="46.22459" lon="10.331406">
      <ele>1718.982</ele>
    </trkpt>
    <trkpt lat="46.224618" lon="10.33134">
      <ele>1718.78</ele>
    </trkpt>
    <trkpt lat="46.224621" lon="10.331331">
      <ele>1718.748</ele>
    </trkpt>
    <trkpt lat="46.224841" lon="10.330914">
      <ele>1719.279</ele>
    </trkpt>
    <trkpt lat="46.224883" lon="10.330857">
      <ele>1719.442</ele>
    </trkpt>
    <trkpt lat="46.224994" lon="10.330764">
      <ele>1720.601</ele>
    </trkpt>
    <trkpt lat="46.225113" lon="10.330669">
      <ele>1721.89</ele>
    </trkpt>
    <trkpt lat="46.225447" lon="10.330131">
      <ele>1719.772</ele>
    </trkpt>
    <trkpt lat="46.225819" lon="10.329827">
      <ele>1719.382</ele>
    </trkpt>
    <trkpt lat="46.226037" lon="10.329753">
      <ele>1722.175</ele>
    </trkpt>
    <trkpt lat="46.226241" lon="10.329634">
      <ele>1724.199</ele>
    </trkpt>
    <trkpt lat="46.226349" lon="10.329418">
      <ele>1722.362</ele>
    </trkpt>
    <trkpt lat="46.226417" lon="10.329209">
      <ele>1720.572</ele>
    </trkpt>
    <trkpt lat="46.226541" lon="10.328979">
      <ele>1720.003</ele>
    </trkpt>
    <trkpt lat="46.226695" lon="10.328765">
      <ele>1720.14</ele>
    </trkpt>
    <trkpt lat="46.226857" lon="10.328696">
      <ele>1723.315</ele>
    </trkpt>
    <trkpt lat="46.226984" lon="10.328677">
      <ele>1726.671</ele>
    </trkpt>
    <trkpt lat="46.227159" lon="10.328805">
      <ele>1734.6</ele>
    </trkpt>
    <trkpt lat="46.227265" lon="10.328779">
      <ele>1737.623</ele>
    </trkpt>
    <trkpt lat="46.227424" lon="10.328593">
      <ele>1740.57</ele>
    </trkpt>
    <trkpt lat="46.227478" lon="10.328577">
      <ele>1742.289</ele>
    </trkpt>
    <trkpt lat="46.227677" lon="10.328519">
      <ele>1747.202</ele>
    </trkpt>
    <trkpt lat="46.228161" lon="10.328546">
      <ele>1759.023</ele>
    </trkpt>
    <trkpt lat="46.22847" lon="10.328466">
      <ele>1762.538</ele>
    </trkpt>
    <trkpt lat="46.228718" lon="10.328457">
      <ele>1767.81</ele>
    </trkpt>
    <trkpt lat="46.229002" lon="10.328398">
      <ele>1773.982</ele>
    </trkpt>
    <trkpt lat="46.229412" lon="10.328227">
      <ele>1783.991</ele>
    </trkpt>
    <trkpt lat="46.22975" lon="10.327983">
      <ele>1792.719</ele>
    </trkpt>
    <trkpt lat="46.229874" lon="10.327733">
      <ele>1792.609</ele>
    </trkpt>
    <trkpt lat="46.230052" lon="10.327456">
      <ele>1796.765</ele>
    </trkpt>
    <trkpt lat="46.230222" lon="10.327276">
      <ele>1805.153</ele>
    </trkpt>
    <trkpt lat="46.230297" lon="10.327249">
      <ele>1809.54</ele>
    </trkpt>
    <trkpt lat="46.230512" lon="10.327215">
      <ele>1820.47</ele>
    </trkpt>
    <trkpt lat="46.230629" lon="10.327145">
      <ele>1823.507</ele>
    </trkpt>
    <trkpt lat="46.230682" lon="10.327113">
      <ele>1824.523</ele>
    </trkpt>
    <trkpt lat="46.230833" lon="10.326864">
      <ele>1823.961</ele>
    </trkpt>
    <trkpt lat="46.230901" lon="10.326826">
      <ele>1824.129</ele>
    </trkpt>
    <trkpt lat="46.231284" lon="10.32661">
      <ele>1823.781</ele>
    </trkpt>
    <trkpt lat="46.231344" lon="10.326576">
      <ele>1823.69</ele>
    </trkpt>
    <trkpt lat="46.231648" lon="10.326449">
      <ele>1827.261</ele>
    </trkpt>
    <trkpt lat="46.231808" lon="10.326383">
      <ele>1828.872</ele>
    </trkpt>
    <trkpt lat="46.232092" lon="10.326245">
      <ele>1828.656</ele>
    </trkpt>
    <trkpt lat="46.232229" lon="10.326248">
      <ele>1830.001</ele>
    </trkpt>
    <trkpt lat="46.232292" lon="10.32625">
      <ele>1830.754</ele>
    </trkpt>
    <trkpt lat="46.232391" lon="10.326252">
      <ele>1831.895</ele>
    </trkpt>
    <trkpt lat="46.232422" lon="10.326253">
      <ele>1832.266</ele>
    </trkpt>
    <trkpt lat="46.232797" lon="10.326359">
      <ele>1841.024</ele>
    </trkpt>
    <trkpt lat="46.233039" lon="10.326403">
      <ele>1845.422</ele>
    </trkpt>
    <trkpt lat="46.233334" lon="10.326488">
      <ele>1849.276</ele>
    </trkpt>
    <trkpt lat="46.233501" lon="10.326657">
      <ele>1854.793</ele>
    </trkpt>
    <trkpt lat="46.233627" lon="10.326806">
      <ele>1858.257</ele>
    </trkpt>
    <trkpt lat="46.233766" lon="10.326974">
      <ele>1861.408</ele>
    </trkpt>
    <trkpt lat="46.233804" lon="10.327188">
      <ele>1865.483</ele>
    </trkpt>
    <trkpt lat="46.233809" lon="10.327295">
      <ele>1867.123</ele>
    </trkpt>
    <trkpt lat="46.233854" lon="10.327505">
      <ele>1869.462</ele>
    </trkpt>
    <trkpt lat="46.233887" lon="10.327559">
      <ele>1870.08</ele>
    </trkpt>
    <trkpt lat="46.233961" lon="10.327619">
      <ele>1870.215</ele>
    </trkpt>
    <trkpt lat="46.234168" lon="10.327721">
      <ele>1869.762</ele>
    </trkpt>
    <trkpt lat="46.234363" lon="10.327745">
      <ele>1868.712</ele>
    </trkpt>
    <trkpt lat="46.234604" lon="10.327828">
      <ele>1870.446</ele>
    </trkpt>
    <trkpt lat="46.234745" lon="10.327851">
      <ele>1871.355</ele>
    </trkpt>
    <trkpt lat="46.235149" lon="10.327822">
      <ele>1875.785</ele>
    </trkpt>
    <trkpt lat="46.235446" lon="10.327829">
      <ele>1879.923</ele>
    </trkpt>
    <trkpt lat="46.235698" lon="10.327775">
      <ele>1880.945</ele>
    </trkpt>
    <trkpt lat="46.235732" lon="10.327767">
      <ele>1880.95</ele>
    </trkpt>
    <trkpt lat="46.236085" lon="10.327668">
      <ele>1875.009</ele>
    </trkpt>
    <trkpt lat="46.236356" lon="10.327595">
      <ele>1873.178</ele>
    </trkpt>
    <trkpt lat="46.236431" lon="10.327562">
      <ele>1873.617</ele>
    </trkpt>
    <trkpt lat="46.236594" lon="10.32743">
      <ele>1874.234</ele>
    </trkpt>
    <trkpt lat="46.236737" lon="10.327298">
      <ele>1875.643</ele>
    </trkpt>
    <trkpt lat="46.236869" lon="10.326971">
      <ele>1873.542</ele>
    </trkpt>
    <trkpt lat="46.236979" lon="10.32677">
      <ele>1870.799</ele>
    </trkpt>
    <trkpt lat="46.237378" lon="10.326624">
      <ele>1870.216</ele>
    </trkpt>
    <trkpt lat="46.237534" lon="10.326568">
      <ele>1869.679</ele>
    </trkpt>
    <trkpt lat="46.237734" lon="10.32646">
      <ele>1868.261</ele>
    </trkpt>
    <trkpt lat="46.237765" lon="10.326451">
      <ele>1868.26</ele>
    </trkpt>
    <trkpt lat="46.237914" lon="10.326396">
      <ele>1866.663</ele>
    </trkpt>
    <trkpt lat="46.238092" lon="10.326245">
      <ele>1864.572</ele>
    </trkpt>
    <trkpt lat="46.238184" lon="10.326159">
      <ele>1863.677</ele>
    </trkpt>
    <trkpt lat="46.238436" lon="10.325893">
      <ele>1860.58</ele>
    </trkpt>
    <trkpt lat="46.238449" lon="10.325882">
      <ele>1860.49</ele>
    </trkpt>
    <trkpt lat="46.238754" lon="10.325537">
      <ele>1855.711</ele>
    </trkpt>
    <trkpt lat="46.238764" lon="10.325523">
      <ele>1855.204</ele>
    </trkpt>
    <trkpt lat="46.238886" lon="10.3254">
      <ele>1851.791</ele>
    </trkpt>
    <trkpt lat="46.239034" lon="10.325413">
      <ele>1851.069</ele>
    </trkpt>
    <trkpt lat="46.23921" lon="10.325378">
      <ele>1846.928</ele>
    </trkpt>
    <trkpt lat="46.239418" lon="10.325422">
      <ele>1839.365</ele>
    </trkpt>
    <trkpt lat="46.239611" lon="10.325592">
      <ele>1836.603</ele>
    </trkpt>
    <trkpt lat="46.239737" lon="10.32575">
      <ele>1835.541</ele>
    </trkpt>
    <trkpt lat="46.239769" lon="10.325766">
      <ele>1835.846</ele>
    </trkpt>
    <trkpt lat="46.239902" lon="10.325811">
      <ele>1836.219</ele>
    </trkpt>
    <trkpt lat="46.239975" lon="10.325825">
      <ele>1836.022</ele>
    </trkpt>
    <trkpt lat="46.240051" lon="10.325839">
      <ele>1835.551</ele>
    </trkpt>
    <trkpt lat="46.240303" lon="10.325873">
      <ele>1833.701</ele>
    </trkpt>
    <trkpt lat="46.240609" lon="10.325805">
      <ele>1832.298</ele>
    </trkpt>
    <trkpt lat="46.240721" lon="10.325776">
      <ele>1831.372</ele>
    </trkpt>
    <trkpt lat="46.240829" lon="10.325748">
      <ele>1830.48</ele>
    </trkpt>
    <trkpt lat="46.240966" lon="10.325729">
      <ele>1828.212</ele>
    </trkpt>
    <trkpt lat="46.241574" lon="10.32578">
      <ele>1822.31</ele>
    </trkpt>
    <trkpt lat="46.241824" lon="10.325759">
      <ele>1820.98</ele>
    </trkpt>
    <trkpt lat="46.242136" lon="10.325752">
      <ele>1820.536</ele>
    </trkpt>
    <trkpt lat="46.242169" lon="10.325751">
      <ele>1820.518</ele>
    </trkpt>
    <trkpt lat="46.242501" lon="10.325744">
      <ele>1820.394</ele>
    </trkpt>
    <trkpt lat="46.242559" lon="10.325744">
      <ele>1820.536</ele>
    </trkpt>
    <trkpt lat="46.242638" lon="10.325712">
      <ele>1820.096</ele>
    </trkpt>
    <trkpt lat="46.242866" lon="10.325622">
      <ele>1818.994</ele>
    </trkpt>
    <trkpt lat="46.243165" lon="10.325574">
      <ele>1818.938</ele>
    </trkpt>
    <trkpt lat="46.243271" lon="10.325559">
      <ele>1818.286</ele>
    </trkpt>
    <trkpt lat="46.243339" lon="10.325538">
      <ele>1817.565</ele>
    </trkpt>
    <trkpt lat="46.243417" lon="10.325538">
      <ele>1816.793</ele>
    </trkpt>
    <trkpt lat="46.243437" lon="10.325536">
      <ele>1816.563</ele>
    </trkpt>
    <trkpt lat="46.243459" lon="10.325533">
      <ele>1816.303</ele>
    </trkpt>
    <trkpt lat="46.243493" lon="10.325503">
      <ele>1815.575</ele>
    </trkpt>
    <trkpt lat="46.243924" lon="10.325119">
      <ele>1809.431</ele>
    </trkpt>
    <trkpt lat="46.243951" lon="10.325095">
      <ele>1809.163</ele>
    </trkpt>
    <trkpt lat="46.244168" lon="10.325011">
      <ele>1808.293</ele>
    </trkpt>
    <trkpt lat="46.244337" lon="10.324948">
      <ele>1802.356</ele>
    </trkpt>
    <trkpt lat="46.24447" lon="10.324949">
      <ele>1800.003</ele>
    </trkpt>
    <trkpt lat="46.244584" lon="10.324951">
      <ele>1797.367</ele>
    </trkpt>
    <trkpt lat="46.244609" lon="10.324964">
      <ele>1797.322</ele>
    </trkpt>
    <trkpt lat="46.244849" lon="10.325042">
      <ele>1793.171</ele>
    </trkpt>
    <trkpt lat="46.245043" lon="10.325104">
      <ele>1789.75</ele>
    </trkpt>
    <trkpt lat="46.245083" lon="10.325106">
      <ele>1789.239</ele>
    </trkpt>
    <trkpt lat="46.245083" lon="10.32516">
      <ele>1790.989</ele>
    </trkpt>
    <trkpt lat="46.245488" lon="10.325172">
      <ele>1786.591</ele>
    </trkpt>
    <trkpt lat="46.245684" lon="10.325144">
      <ele>1783.537</ele>
    </trkpt>
    <trkpt lat="46.245793" lon="10.325128">
      <ele>1781.661</ele>
    </trkpt>
    <trkpt lat="46.246717" lon="10.324995">
      <ele>1770.704</ele>
    </trkpt>
    <trkpt lat="46.246758" lon="10.32496">
      <ele>1769.713</ele>
    </trkpt>
    <trkpt lat="46.246768" lon="10.324938">
      <ele>1769.133</ele>
    </trkpt>
    <trkpt lat="46.246777" lon="10.324903">
      <ele>1768.23</ele>
    </trkpt>
    <trkpt lat="46.246792" lon="10.324883">
      <ele>1767.642</ele>
    </trkpt>
    <trkpt lat="46.246844" lon="10.324784">
      <ele>1764.703</ele>
    </trkpt>
    <trkpt lat="46.246833" lon="10.324771">
      <ele>1764.467</ele>
    </trkpt>
    <trkpt lat="46.246706" lon="10.324513">
      <ele>1759.949</ele>
    </trkpt>
    <trkpt lat="46.246629" lon="10.324454">
      <ele>1759.211</ele>
    </trkpt>
    <trkpt lat="46.246542" lon="10.324397">
      <ele>1758.052</ele>
    </trkpt>
    <trkpt lat="46.246468" lon="10.324326">
      <ele>1756.747</ele>
    </trkpt>
    <trkpt lat="46.246348" lon="10.324159">
      <ele>1753.401</ele>
    </trkpt>
    <trkpt lat="46.246344" lon="10.324123">
      <ele>1752.623</ele>
    </trkpt>
    <trkpt lat="46.24634" lon="10.324022">
      <ele>1750.531</ele>
    </trkpt>
    <trkpt lat="46.246374" lon="10.323936">
      <ele>1748.946</ele>
    </trkpt>
    <trkpt lat="46.246417" lon="10.323874">
      <ele>1747.321</ele>
    </trkpt>
    <trkpt lat="46.246543" lon="10.323814">
      <ele>1744.448</ele>
    </trkpt>
    <trkpt lat="46.246581" lon="10.323732">
      <ele>1741.972</ele>
    </trkpt>
    <trkpt lat="46.246597" lon="10.323662">
      <ele>1740.035</ele>
    </trkpt>
    <trkpt lat="46.246622" lon="10.323618">
      <ele>1738.656</ele>
    </trkpt>
    <trkpt lat="46.246708" lon="10.323518">
      <ele>1735.555</ele>
    </trkpt>
    <trkpt lat="46.246714" lon="10.323472">
      <ele>1734.409</ele>
    </trkpt>
    <trkpt lat="46.246671" lon="10.323369">
      <ele>1731.897</ele>
    </trkpt>
    <trkpt lat="46.246672" lon="10.323342">
      <ele>1731.218</ele>
    </trkpt>
    <trkpt lat="46.246684" lon="10.323296">
      <ele>1730.194</ele>
    </trkpt>
    <trkpt lat="46.246709" lon="10.32324">
      <ele>1728.984</ele>
    </trkpt>
    <trkpt lat="46.246729" lon="10.323115">
      <ele>1726.284</ele>
    </trkpt>
    <trkpt lat="46.24673" lon="10.323101">
      <ele>1725.982</ele>
    </trkpt>
    <trkpt lat="46.246741" lon="10.323028">
      <ele>1724.359</ele>
    </trkpt>
    <trkpt lat="46.246774" lon="10.322977">
      <ele>1723.239</ele>
    </trkpt>
    <trkpt lat="46.246824" lon="10.322862">
      <ele>1720.912</ele>
    </trkpt>
    <trkpt lat="46.246865" lon="10.322714">
      <ele>1717.788</ele>
    </trkpt>
    <trkpt lat="46.24689" lon="10.32258">
      <ele>1714.331</ele>
    </trkpt>
    <trkpt lat="46.246884" lon="10.3225">
      <ele>1712.218</ele>
    </trkpt>
    <trkpt lat="46.246845" lon="10.322394">
      <ele>1710.723</ele>
    </trkpt>
    <trkpt lat="46.246814" lon="10.322263">
      <ele>1709.005</ele>
    </trkpt>
    <trkpt lat="46.246788" lon="10.322191">
      <ele>1707.98</ele>
    </trkpt>
    <trkpt lat="46.246729" lon="10.322077">
      <ele>1706.361</ele>
    </trkpt>
    <trkpt lat="46.246683" lon="10.321987">
      <ele>1705.44</ele>
    </trkpt>
    <trkpt lat="46.246606" lon="10.321803">
      <ele>1701.444</ele>
    </trkpt>
    <trkpt lat="46.246534" lon="10.321675">
      <ele>1699.108</ele>
    </trkpt>
    <trkpt lat="46.246429" lon="10.3215">
      <ele>1696.278</ele>
    </trkpt>
    <trkpt lat="46.246297" lon="10.321346">
      <ele>1694.146</ele>
    </trkpt>
    <trkpt lat="46.246134" lon="10.321205">
      <ele>1692.389</ele>
    </trkpt>
    <trkpt lat="46.246056" lon="10.321152">
      <ele>1691.678</ele>
    </trkpt>
    <trkpt lat="46.246017" lon="10.321089">
      <ele>1690.418</ele>
    </trkpt>
    <trkpt lat="46.245996" lon="10.321027">
      <ele>1688.902</ele>
    </trkpt>
    <trkpt lat="46.245938" lon="10.320909">
      <ele>1686.719</ele>
    </trkpt>
    <trkpt lat="46.245877" lon="10.320784">
      <ele>1684.933</ele>
    </trkpt>
    <trkpt lat="46.245786" lon="10.320637">
      <ele>1681.777</ele>
    </trkpt>
    <trkpt lat="46.245746" lon="10.320616">
      <ele>1681.656</ele>
    </trkpt>
    <trkpt lat="46.245701" lon="10.320543">
      <ele>1680.656</ele>
    </trkpt>
    <trkpt lat="46.245655" lon="10.320481">
      <ele>1680.13</ele>
    </trkpt>
    <trkpt lat="46.245649" lon="10.320465">
      <ele>1679.915</ele>
    </trkpt>
    <trkpt lat="46.245607" lon="10.320385">
      <ele>1679.075</ele>
    </trkpt>
    <trkpt lat="46.245585" lon="10.320267">
      <ele>1677.197</ele>
    </trkpt>
    <trkpt lat="46.245512" lon="10.320169">
      <ele>1674.833</ele>
    </trkpt>
    <trkpt lat="46.245492" lon="10.32014">
      <ele>1674.03</ele>
    </trkpt>
    <trkpt lat="46.245485" lon="10.32014">
      <ele>1674.03</ele>
    </trkpt>
    <trkpt lat="46.245417" lon="10.320088">
      <ele>1672.717</ele>
    </trkpt>
    <trkpt lat="46.245343" lon="10.320012">
      <ele>1671.045</ele>
    </trkpt>
    <trkpt lat="46.24525" lon="10.31995">
      <ele>1669.838</ele>
    </trkpt>
    <trkpt lat="46.245134" lon="10.319912">
      <ele>1668.746</ele>
    </trkpt>
    <trkpt lat="46.245018" lon="10.319896">
      <ele>1668.169</ele>
    </trkpt>
    <trkpt lat="46.24498" lon="10.319869">
      <ele>1667.422</ele>
    </trkpt>
    <trkpt lat="46.244941" lon="10.319841">
      <ele>1666.532</ele>
    </trkpt>
    <trkpt lat="46.24484" lon="10.319821">
      <ele>1665.216</ele>
    </trkpt>
    <trkpt lat="46.244776" lon="10.319797">
      <ele>1664.299</ele>
    </trkpt>
    <trkpt lat="46.244699" lon="10.319784">
      <ele>1663.5</ele>
    </trkpt>
    <trkpt lat="46.244572" lon="10.319768">
      <ele>1662.413</ele>
    </trkpt>
    <trkpt lat="46.244394" lon="10.319669">
      <ele>1659.418</ele>
    </trkpt>
    <trkpt lat="46.244203" lon="10.319614">
      <ele>1656.247</ele>
    </trkpt>
    <trkpt lat="46.244176" lon="10.319615">
      <ele>1656.005</ele>
    </trkpt>
    <trkpt lat="46.244064" lon="10.31954">
      <ele>1653.498</ele>
    </trkpt>
    <trkpt lat="46.243947" lon="10.319395">
      <ele>1650.044</ele>
    </trkpt>
    <trkpt lat="46.243891" lon="10.319334">
      <ele>1648.623</ele>
    </trkpt>
    <trkpt lat="46.243814" lon="10.319302">
      <ele>1647.515</ele>
    </trkpt>
    <trkpt lat="46.24374" lon="10.319287">
      <ele>1646.759</ele>
    </trkpt>
    <trkpt lat="46.243657" lon="10.31923">
      <ele>1644.889</ele>
    </trkpt>
    <trkpt lat="46.243562" lon="10.319163">
      <ele>1642.404</ele>
    </trkpt>
    <trkpt lat="46.243391" lon="10.319082">
      <ele>1639.099</ele>
    </trkpt>
    <trkpt lat="46.243306" lon="10.319053">
      <ele>1637.619</ele>
    </trkpt>
    <trkpt lat="46.243396" lon="10.318863">
      <ele>1635.731</ele>
    </trkpt>
    <trkpt lat="46.243513" lon="10.318678">
      <ele>1639.619</ele>
    </trkpt>
    <trkpt lat="46.243522" lon="10.317854">
      <ele>1646.759</ele>
    </trkpt>
    <trkpt lat="46.24364" lon="10.317555">
      <ele>1651.145</ele>
    </trkpt>
    <trkpt lat="46.243457" lon="10.316919">
      <ele>1653.376</ele>
    </trkpt>
    <trkpt lat="46.24348" lon="10.31659">
      <ele>1654.388</ele>
    </trkpt>
    <trkpt lat="46.243521" lon="10.316262">
      <ele>1656.616</ele>
    </trkpt>
    <trkpt lat="46.243127" lon="10.315731">
      <ele>1658.496</ele>
    </trkpt>
    <trkpt lat="46.242923" lon="10.315286">
      <ele>1663.468</ele>
    </trkpt>
    <trkpt lat="46.242757" lon="10.314816">
      <ele>1669.526</ele>
    </trkpt>
    <trkpt lat="46.242553" lon="10.314372">
      <ele>1674.759</ele>
    </trkpt>
    <trkpt lat="46.24227" lon="10.314063">
      <ele>1674.653</ele>
    </trkpt>
    <trkpt lat="46.242011" lon="10.313453">
      <ele>1675.763</ele>
    </trkpt>
    <trkpt lat="46.241939" lon="10.313094">
      <ele>1682.739</ele>
    </trkpt>
    <trkpt lat="46.241695" lon="10.312704">
      <ele>1688.152</ele>
    </trkpt>
    <trkpt lat="46.241453" lon="10.312231">
      <ele>1695.22</ele>
    </trkpt>
    <trkpt lat="46.241611" lon="10.311796">
      <ele>1703.195</ele>
    </trkpt>
    <trkpt lat="46.241802" lon="10.31169">
      <ele>1710.829</ele>
    </trkpt>
    <trkpt lat="46.241957" lon="10.311475">
      <ele>1715.284</ele>
    </trkpt>
    <trkpt lat="46.241852" lon="10.310648">
      <ele>1710.111</ele>
    </trkpt>
    <trkpt lat="46.241607" lon="10.310733">
      <ele>1710.092</ele>
    </trkpt>
    <trkpt lat="46.241496" lon="10.310828">
      <ele>1709.676</ele>
    </trkpt>
    <trkpt lat="46.241376" lon="10.31086">
      <ele>1709.519</ele>
    </trkpt>
    <trkpt lat="46.241224" lon="10.310835">
      <ele>1708.785</ele>
    </trkpt>
    <trkpt lat="46.241054" lon="10.310749">
      <ele>1708.15</ele>
    </trkpt>
    <trkpt lat="46.240955" lon="10.310678">
      <ele>1708.188</ele>
    </trkpt>
    <trkpt lat="46.240859" lon="10.310676">
      <ele>1706.997</ele>
    </trkpt>
    <trkpt lat="46.240749" lon="10.310721">
      <ele>1705.47</ele>
    </trkpt>
    <trkpt lat="46.240497" lon="10.310736">
      <ele>1704.716</ele>
    </trkpt>
    <trkpt lat="46.240397" lon="10.310679">
      <ele>1704.56</ele>
    </trkpt>
    <trkpt lat="46.240283" lon="10.310641">
      <ele>1702.974</ele>
    </trkpt>
    <trkpt lat="46.240164" lon="10.310652">
      <ele>1701.09</ele>
    </trkpt>
    <trkpt lat="46.24006" lon="10.310588">
      <ele>1700.629</ele>
    </trkpt>
    <trkpt lat="46.239781" lon="10.310458">
      <ele>1697.974</ele>
    </trkpt>
    <trkpt lat="46.239701" lon="10.310394">
      <ele>1697.477</ele>
    </trkpt>
    <trkpt lat="46.239625" lon="10.310303">
      <ele>1698.187</ele>
    </trkpt>
    <trkpt lat="46.23954" lon="10.310267">
      <ele>1698.689</ele>
    </trkpt>
    <trkpt lat="46.239463" lon="10.310299">
      <ele>1697.41</ele>
    </trkpt>
    <trkpt lat="46.239386" lon="10.310387">
      <ele>1697.121</ele>
    </trkpt>
    <trkpt lat="46.239295" lon="10.310467">
      <ele>1697.74</ele>
    </trkpt>
    <trkpt lat="46.239141" lon="10.310594">
      <ele>1697.884</ele>
    </trkpt>
    <trkpt lat="46.23879" lon="10.310846">
      <ele>1700.386</ele>
    </trkpt>
    <trkpt lat="46.238771" lon="10.310847">
      <ele>1700.7</ele>
    </trkpt>
    <trkpt lat="46.238684" lon="10.310853">
      <ele>1702.103</ele>
    </trkpt>
    <trkpt lat="46.238628" lon="10.310856">
      <ele>1703.038</ele>
    </trkpt>
    <trkpt lat="46.238362" lon="10.310877">
      <ele>1706.048</ele>
    </trkpt>
    <trkpt lat="46.238279" lon="10.310601">
      <ele>1713.464</ele>
    </trkpt>
    <trkpt lat="46.23831" lon="10.310382">
      <ele>1718.581</ele>
    </trkpt>
    <trkpt lat="46.238246" lon="10.310161">
      <ele>1723.158</ele>
    </trkpt>
    <trkpt lat="46.23824" lon="10.309817">
      <ele>1730.737</ele>
    </trkpt>
    <trkpt lat="46.238403" lon="10.309753">
      <ele>1731.446</ele>
    </trkpt>
    <trkpt lat="46.238614" lon="10.309661">
      <ele>1733.302</ele>
    </trkpt>
    <trkpt lat="46.238826" lon="10.309406">
      <ele>1737.604</ele>
    </trkpt>
    <trkpt lat="46.238942" lon="10.30923">
      <ele>1742.374</ele>
    </trkpt>
    <trkpt lat="46.239125" lon="10.309125">
      <ele>1743.478</ele>
    </trkpt>
    <trkpt lat="46.239298" lon="10.308964">
      <ele>1744.27</ele>
    </trkpt>
    <trkpt lat="46.239416" lon="10.308637">
      <ele>1748.962</ele>
    </trkpt>
    <trkpt lat="46.239522" lon="10.308489">
      <ele>1749.56</ele>
    </trkpt>
    <trkpt lat="46.239666" lon="10.308396">
      <ele>1747.446</ele>
    </trkpt>
    <trkpt lat="46.239727" lon="10.308123">
      <ele>1749.926</ele>
    </trkpt>
    <trkpt lat="46.239691" lon="10.307916">
      <ele>1752.96</ele>
    </trkpt>
    <trkpt lat="46.239579" lon="10.307694">
      <ele>1757.134</ele>
    </trkpt>
    <trkpt lat="46.239521" lon="10.307573">
      <ele>1759.126</ele>
    </trkpt>
    <trkpt lat="46.239463" lon="10.307379">
      <ele>1761.709</ele>
    </trkpt>
    <trkpt lat="46.239414" lon="10.307127">
      <ele>1763.318</ele>
    </trkpt>
    <trkpt lat="46.239417" lon="10.306839">
      <ele>1763.132</ele>
    </trkpt>
    <trkpt lat="46.239468" lon="10.306538">
      <ele>1765.785</ele>
    </trkpt>
    <trkpt lat="46.239466" lon="10.306445">
      <ele>1768.09</ele>
    </trkpt>
    <trkpt lat="46.239669" lon="10.305729">
      <ele>1776.829</ele>
    </trkpt>
    <trkpt lat="46.239697" lon="10.30565">
      <ele>1776.805</ele>
    </trkpt>
    <trkpt lat="46.239723" lon="10.305507">
      <ele>1777.354</ele>
    </trkpt>
    <trkpt lat="46.2397" lon="10.305382">
      <ele>1778.6</ele>
    </trkpt>
    <trkpt lat="46.239683" lon="10.305204">
      <ele>1779.793</ele>
    </trkpt>
    <trkpt lat="46.2397" lon="10.305026">
      <ele>1780.154</ele>
    </trkpt>
    <trkpt lat="46.23972" lon="10.304902">
      <ele>1780.024</ele>
    </trkpt>
    <trkpt lat="46.239809" lon="10.304657">
      <ele>1779.692</ele>
    </trkpt>
    <trkpt lat="46.239876" lon="10.30457">
      <ele>1779.149</ele>
    </trkpt>
    <trkpt lat="46.240058" lon="10.304526">
      <ele>1778.587</ele>
    </trkpt>
    <trkpt lat="46.24011" lon="10.304541">
      <ele>1778.695</ele>
    </trkpt>
    <trkpt lat="46.240176" lon="10.304591">
      <ele>1779.055</ele>
    </trkpt>
    <trkpt lat="46.240226" lon="10.304614">
      <ele>1779.221</ele>
    </trkpt>
    <trkpt lat="46.24026" lon="10.304646">
      <ele>1779.451</ele>
    </trkpt>
    <trkpt lat="46.240342" lon="10.304723">
      <ele>1780.696</ele>
    </trkpt>
    <trkpt lat="46.240372" lon="10.304751">
      <ele>1781.121</ele>
    </trkpt>
    <trkpt lat="46.2404" lon="10.304755">
      <ele>1781.438</ele>
    </trkpt>
    <trkpt lat="46.240402" lon="10.304757">
      <ele>1781.467</ele>
    </trkpt>
    <trkpt lat="46.240501" lon="10.304895">
      <ele>1783.033</ele>
    </trkpt>
    <trkpt lat="46.240664" lon="10.305122">
      <ele>1785.857</ele>
    </trkpt>
    <trkpt lat="46.240742" lon="10.305283">
      <ele>1788.705</ele>
    </trkpt>
    <trkpt lat="46.240747" lon="10.305295">
      <ele>1788.844</ele>
    </trkpt>
    <trkpt lat="46.24078" lon="10.305387">
      <ele>1789.731</ele>
    </trkpt>
    <trkpt lat="46.240911" lon="10.304744">
      <ele>1788.678</ele>
    </trkpt>
    <trkpt lat="46.241004" lon="10.30453">
      <ele>1790.578</ele>
    </trkpt>
    <trkpt lat="46.241008" lon="10.304514">
      <ele>1790.688</ele>
    </trkpt>
    <trkpt lat="46.241039" lon="10.304399">
      <ele>1791.778</ele>
    </trkpt>
    <trkpt lat="46.241074" lon="10.304291">
      <ele>1793.533</ele>
    </trkpt>
    <trkpt lat="46.241098" lon="10.304193">
      <ele>1795.172</ele>
    </trkpt>
    <trkpt lat="46.24114" lon="10.304101">
      <ele>1796.864</ele>
    </trkpt>
    <trkpt lat="46.241171" lon="10.304061">
      <ele>1797.541</ele>
    </trkpt>
    <trkpt lat="46.241199" lon="10.304039">
      <ele>1798.039</ele>
    </trkpt>
    <trkpt lat="46.241234" lon="10.304038">
      <ele>1798.491</ele>
    </trkpt>
    <trkpt lat="46.241268" lon="10.304047">
      <ele>1798.877</ele>
    </trkpt>
    <trkpt lat="46.241298" lon="10.304056">
      <ele>1799.22</ele>
    </trkpt>
    <trkpt lat="46.241327" lon="10.304064">
      <ele>1799.561</ele>
    </trkpt>
    <trkpt lat="46.241359" lon="10.304068">
      <ele>1799.963</ele>
    </trkpt>
    <trkpt lat="46.241395" lon="10.304075">
      <ele>1800.411</ele>
    </trkpt>
    <trkpt lat="46.241433" lon="10.304079">
      <ele>1800.892</ele>
    </trkpt>
    <trkpt lat="46.241472" lon="10.30409">
      <ele>1801.339</ele>
    </trkpt>
    <trkpt lat="46.241512" lon="10.304103">
      <ele>1801.762</ele>
    </trkpt>
    <trkpt lat="46.241548" lon="10.304119">
      <ele>1802.087</ele>
    </trkpt>
    <trkpt lat="46.241577" lon="10.304139">
      <ele>1802.266</ele>
    </trkpt>
    <trkpt lat="46.241604" lon="10.304155">
      <ele>1802.43</ele>
    </trkpt>
    <trkpt lat="46.241628" lon="10.304173">
      <ele>1802.556</ele>
    </trkpt>
    <trkpt lat="46.24165" lon="10.304197">
      <ele>1802.704</ele>
    </trkpt>
    <trkpt lat="46.241686" lon="10.304253">
      <ele>1803.224</ele>
    </trkpt>
    <trkpt lat="46.241708" lon="10.304314">
      <ele>1803.581</ele>
    </trkpt>
    <trkpt lat="46.241727" lon="10.304376">
      <ele>1803.82</ele>
    </trkpt>
    <trkpt lat="46.241745" lon="10.304408">
      <ele>1804.142</ele>
    </trkpt>
    <trkpt lat="46.241774" lon="10.304447">
      <ele>1804.685</ele>
    </trkpt>
    <trkpt lat="46.241794" lon="10.304498">
      <ele>1804.751</ele>
    </trkpt>
    <trkpt lat="46.24182" lon="10.304564">
      <ele>1804.721</ele>
    </trkpt>
    <trkpt lat="46.241855" lon="10.304588">
      <ele>1805.178</ele>
    </trkpt>
    <trkpt lat="46.241892" lon="10.304589">
      <ele>1805.892</ele>
    </trkpt>
    <trkpt lat="46.241926" lon="10.304577">
      <ele>1806.721</ele>
    </trkpt>
    <trkpt lat="46.241959" lon="10.304565">
      <ele>1807.332</ele>
    </trkpt>
    <trkpt lat="46.24199" lon="10.304554">
      <ele>1807.616</ele>
    </trkpt>
    <trkpt lat="46.242041" lon="10.304535">
      <ele>1808.036</ele>
    </trkpt>
    <trkpt lat="46.242083" lon="10.304527">
      <ele>1808.256</ele>
    </trkpt>
    <trkpt lat="46.242123" lon="10.30452">
      <ele>1808.437</ele>
    </trkpt>
    <trkpt lat="46.242157" lon="10.304525">
      <ele>1808.506</ele>
    </trkpt>
    <trkpt lat="46.242192" lon="10.304552">
      <ele>1808.486</ele>
    </trkpt>
    <trkpt lat="46.242213" lon="10.304602">
      <ele>1808.376</ele>
    </trkpt>
    <trkpt lat="46.242218" lon="10.304669">
      <ele>1808.155</ele>
    </trkpt>
    <trkpt lat="46.242217" lon="10.304742">
      <ele>1808.011</ele>
    </trkpt>
    <trkpt lat="46.242216" lon="10.304806">
      <ele>1808.214</ele>
    </trkpt>
    <trkpt lat="46.24222" lon="10.304859">
      <ele>1808.457</ele>
    </trkpt>
    <trkpt lat="46.242219" lon="10.304912">
      <ele>1808.625</ele>
    </trkpt>
    <trkpt lat="46.24222" lon="10.304957">
      <ele>1808.801</ele>
    </trkpt>
    <trkpt lat="46.242217" lon="10.305013">
      <ele>1808.841</ele>
    </trkpt>
    <trkpt lat="46.242217" lon="10.305083">
      <ele>1808.594</ele>
    </trkpt>
    <trkpt lat="46.242216" lon="10.305131">
      <ele>1808.405</ele>
    </trkpt>
    <trkpt lat="46.242218" lon="10.305182">
      <ele>1808.264</ele>
    </trkpt>
    <trkpt lat="46.242222" lon="10.305235">
      <ele>1808.15</ele>
    </trkpt>
    <trkpt lat="46.242229" lon="10.305293">
      <ele>1808.236</ele>
    </trkpt>
    <trkpt lat="46.242236" lon="10.305352">
      <ele>1808.416</ele>
    </trkpt>
    <trkpt lat="46.242243" lon="10.305407">
      <ele>1808.539</ele>
    </trkpt>
    <trkpt lat="46.24226" lon="10.305457">
      <ele>1808.834</ele>
    </trkpt>
    <trkpt lat="46.242282" lon="10.305513">
      <ele>1809.059</ele>
    </trkpt>
    <trkpt lat="46.242298" lon="10.305546">
      <ele>1809.148</ele>
    </trkpt>
    <trkpt lat="46.242311" lon="10.305573">
      <ele>1809.196</ele>
    </trkpt>
    <trkpt lat="46.242346" lon="10.305612">
      <ele>1809.489</ele>
    </trkpt>
    <trkpt lat="46.242388" lon="10.305654">
      <ele>1809.821</ele>
    </trkpt>
    <trkpt lat="46.242431" lon="10.305679">
      <ele>1810.228</ele>
    </trkpt>
    <trkpt lat="46.242479" lon="10.305694">
      <ele>1810.738</ele>
    </trkpt>
    <trkpt lat="46.242526" lon="10.305697">
      <ele>1811.215</ele>
    </trkpt>
    <trkpt lat="46.242569" lon="10.305676">
      <ele>1811.77</ele>
    </trkpt>
    <trkpt lat="46.242612" lon="10.305655">
      <ele>1812.349</ele>
    </trkpt>
    <trkpt lat="46.242637" lon="10.30561">
      <ele>1812.991</ele>
    </trkpt>
    <trkpt lat="46.242639" lon="10.305606">
      <ele>1813.047</ele>
    </trkpt>
    <trkpt lat="46.242652" lon="10.305602">
      <ele>1813.216</ele>
    </trkpt>
    <trkpt lat="46.242663" lon="10.305581">
      <ele>1813.523</ele>
    </trkpt>
    <trkpt lat="46.242673" lon="10.305564">
      <ele>1813.789</ele>
    </trkpt>
    <trkpt lat="46.242687" lon="10.305537">
      <ele>1814.33</ele>
    </trkpt>
    <trkpt lat="46.242739" lon="10.305533">
      <ele>1814.929</ele>
    </trkpt>
    <trkpt lat="46.242766" lon="10.305556">
      <ele>1814.868</ele>
    </trkpt>
    <trkpt lat="46.242795" lon="10.305593">
      <ele>1814.881</ele>
    </trkpt>
    <trkpt lat="46.242827" lon="10.305629">
      <ele>1814.952</ele>
    </trkpt>
    <trkpt lat="46.242866" lon="10.305665">
      <ele>1815.031</ele>
    </trkpt>
    <trkpt lat="46.242908" lon="10.305701">
      <ele>1815.037</ele>
    </trkpt>
    <trkpt lat="46.242973" lon="10.305709">
      <ele>1815.692</ele>
    </trkpt>
    <trkpt lat="46.243036" lon="10.305676">
      <ele>1817.138</ele>
    </trkpt>
    <trkpt lat="46.243102" lon="10.305636">
      <ele>1818.408</ele>
    </trkpt>
    <trkpt lat="46.243168" lon="10.305567">
      <ele>1819.803</ele>
    </trkpt>
    <trkpt lat="46.243214" lon="10.305512">
      <ele>1820.336</ele>
    </trkpt>
    <trkpt lat="46.243231" lon="10.30549">
      <ele>1820.534</ele>
    </trkpt>
    <trkpt lat="46.243291" lon="10.305415">
      <ele>1821.364</ele>
    </trkpt>
    <trkpt lat="46.243351" lon="10.305346">
      <ele>1822.454</ele>
    </trkpt>
    <trkpt lat="46.243404" lon="10.305283">
      <ele>1823.707</ele>
    </trkpt>
    <trkpt lat="46.24343" lon="10.305268">
      <ele>1824.231</ele>
    </trkpt>
    <trkpt lat="46.24346" lon="10.305251">
      <ele>1824.858</ele>
    </trkpt>
    <trkpt lat="46.243518" lon="10.305249">
      <ele>1825.478</ele>
    </trkpt>
    <trkpt lat="46.243574" lon="10.305272">
      <ele>1825.688</ele>
    </trkpt>
    <trkpt lat="46.243625" lon="10.305299">
      <ele>1826.028</ele>
    </trkpt>
    <trkpt lat="46.243681" lon="10.305318">
      <ele>1826.896</ele>
    </trkpt>
    <trkpt lat="46.243738" lon="10.305331">
      <ele>1827.884</ele>
    </trkpt>
    <trkpt lat="46.243799" lon="10.305357">
      <ele>1828.912</ele>
    </trkpt>
    <trkpt lat="46.243861" lon="10.30538">
      <ele>1830.056</ele>
    </trkpt>
    <trkpt lat="46.243912" lon="10.305401">
      <ele>1830.621</ele>
    </trkpt>
    <trkpt lat="46.243956" lon="10.30542">
      <ele>1830.594</ele>
    </trkpt>
    <trkpt lat="46.24399" lon="10.305429">
      <ele>1830.557</ele>
    </trkpt>
    <trkpt lat="46.244041" lon="10.305428">
      <ele>1830.621</ele>
    </trkpt>
    <trkpt lat="46.244073" lon="10.305422">
      <ele>1830.749</ele>
    </trkpt>
    <trkpt lat="46.244059" lon="10.305379">
      <ele>1831.357</ele>
    </trkpt>
    <trkpt lat="46.244052" lon="10.305364">
      <ele>1831.54</ele>
    </trkpt>
    <trkpt lat="46.244068" lon="10.305369">
      <ele>1831.547</ele>
    </trkpt>
    <trkpt lat="46.244087" lon="10.305368">
      <ele>1831.657</ele>
    </trkpt>
    <trkpt lat="46.244026" lon="10.305166">
      <ele>1834.284</ele>
    </trkpt>
    <trkpt lat="46.244017" lon="10.305109">
      <ele>1835.047</ele>
    </trkpt>
    <trkpt lat="46.244003" lon="10.305038">
      <ele>1835.886</ele>
    </trkpt>
    <trkpt lat="46.243994" lon="10.304977">
      <ele>1836.519</ele>
    </trkpt>
    <trkpt lat="46.243987" lon="10.304903">
      <ele>1837.167</ele>
    </trkpt>
    <trkpt lat="46.243976" lon="10.304841">
      <ele>1837.599</ele>
    </trkpt>
    <trkpt lat="46.243965" lon="10.304772">
      <ele>1838.106</ele>
    </trkpt>
    <trkpt lat="46.243967" lon="10.304714">
      <ele>1838.768</ele>
    </trkpt>
    <trkpt lat="46.243965" lon="10.304659">
      <ele>1839.264</ele>
    </trkpt>
    <trkpt lat="46.243962" lon="10.304612">
      <ele>1839.665</ele>
    </trkpt>
    <trkpt lat="46.24396" lon="10.304567">
      <ele>1840.069</ele>
    </trkpt>
    <trkpt lat="46.243955" lon="10.304494">
      <ele>1840.697</ele>
    </trkpt>
    <trkpt lat="46.24394" lon="10.304436">
      <ele>1840.956</ele>
    </trkpt>
    <trkpt lat="46.243942" lon="10.304392">
      <ele>1841.181</ele>
    </trkpt>
    <trkpt lat="46.243937" lon="10.304342">
      <ele>1841.299</ele>
    </trkpt>
    <trkpt lat="46.243924" lon="10.304284">
      <ele>1841.283</ele>
    </trkpt>
    <trkpt lat="46.243923" lon="10.304242">
      <ele>1841.432</ele>
    </trkpt>
    <trkpt lat="46.243926" lon="10.3042">
      <ele>1841.666</ele>
    </trkpt>
    <trkpt lat="46.243928" lon="10.304157">
      <ele>1841.919</ele>
    </trkpt>
    <trkpt lat="46.243932" lon="10.304112">
      <ele>1842.355</ele>
    </trkpt>
    <trkpt lat="46.243939" lon="10.304063">
      <ele>1842.896</ele>
    </trkpt>
    <trkpt lat="46.24395" lon="10.303984">
      <ele>1843.78</ele>
    </trkpt>
    <trkpt lat="46.243963" lon="10.303905">
      <ele>1844.736</ele>
    </trkpt>
    <trkpt lat="46.243972" lon="10.303859">
      <ele>1845.321</ele>
    </trkpt>
    <trkpt lat="46.24398" lon="10.303816">
      <ele>1845.825</ele>
    </trkpt>
    <trkpt lat="46.243986" lon="10.303766">
      <ele>1846.31</ele>
    </trkpt>
    <trkpt lat="46.24399" lon="10.303703">
      <ele>1846.825</ele>
    </trkpt>
    <trkpt lat="46.243998" lon="10.303645">
      <ele>1847.349</ele>
    </trkpt>
    <trkpt lat="46.244011" lon="10.303594">
      <ele>1847.827</ele>
    </trkpt>
    <trkpt lat="46.244028" lon="10.30355">
      <ele>1848.223</ele>
    </trkpt>
    <trkpt lat="46.244049" lon="10.303509">
      <ele>1848.617</ele>
    </trkpt>
    <trkpt lat="46.244069" lon="10.30347">
      <ele>1848.951</ele>
    </trkpt>
    <trkpt lat="46.244089" lon="10.303429">
      <ele>1849.248</ele>
    </trkpt>
    <trkpt lat="46.244107" lon="10.303386">
      <ele>1849.489</ele>
    </trkpt>
    <trkpt lat="46.244123" lon="10.303338">
      <ele>1849.68</ele>
    </trkpt>
    <trkpt lat="46.244132" lon="10.303288">
      <ele>1849.934</ele>
    </trkpt>
    <trkpt lat="46.244133" lon="10.303238">
      <ele>1850.142</ele>
    </trkpt>
    <trkpt lat="46.244131" lon="10.303228">
      <ele>1850.171</ele>
    </trkpt>
    <trkpt lat="46.244123" lon="10.303186">
      <ele>1850.299</ele>
    </trkpt>
    <trkpt lat="46.244109" lon="10.303146">
      <ele>1850.399</ele>
    </trkpt>
    <trkpt lat="46.244096" lon="10.303135">
      <ele>1850.387</ele>
    </trkpt>
    <trkpt lat="46.244069" lon="10.303108">
      <ele>1850.393</ele>
    </trkpt>
    <trkpt lat="46.244048" lon="10.303078">
      <ele>1850.457</ele>
    </trkpt>
    <trkpt lat="46.244025" lon="10.303057">
      <ele>1850.482</ele>
    </trkpt>
    <trkpt lat="46.243994" lon="10.303057">
      <ele>1850.37</ele>
    </trkpt>
    <trkpt lat="46.243961" lon="10.303049">
      <ele>1850.319</ele>
    </trkpt>
    <trkpt lat="46.24393" lon="10.303027">
      <ele>1850.384</ele>
    </trkpt>
    <trkpt lat="46.243908" lon="10.302999">
      <ele>1850.504</ele>
    </trkpt>
    <trkpt lat="46.243907" lon="10.302995">
      <ele>1850.53</ele>
    </trkpt>
    <trkpt lat="46.243893" lon="10.302962">
      <ele>1850.698</ele>
    </trkpt>
    <trkpt lat="46.24389" lon="10.302922">
      <ele>1850.969</ele>
    </trkpt>
    <trkpt lat="46.243882" lon="10.302881">
      <ele>1851.173</ele>
    </trkpt>
    <trkpt lat="46.243878" lon="10.302838">
      <ele>1851.44</ele>
    </trkpt>
    <trkpt lat="46.243874" lon="10.302798">
      <ele>1851.69</ele>
    </trkpt>
    <trkpt lat="46.243873" lon="10.302757">
      <ele>1852.136</ele>
    </trkpt>
    <trkpt lat="46.243871" lon="10.302712">
      <ele>1852.784</ele>
    </trkpt>
    <trkpt lat="46.243873" lon="10.302673">
      <ele>1853.38</ele>
    </trkpt>
    <trkpt lat="46.243871" lon="10.302629">
      <ele>1854.018</ele>
    </trkpt>
    <trkpt lat="46.243863" lon="10.302582">
      <ele>1854.671</ele>
    </trkpt>
    <trkpt lat="46.243856" lon="10.302544">
      <ele>1855.21</ele>
    </trkpt>
    <trkpt lat="46.24384" lon="10.302498">
      <ele>1855.855</ele>
    </trkpt>
    <trkpt lat="46.243816" lon="10.302458">
      <ele>1856.422</ele>
    </trkpt>
    <trkpt lat="46.2438" lon="10.30244">
      <ele>1856.682</ele>
    </trkpt>
    <trkpt lat="46.243786" lon="10.302425">
      <ele>1856.91</ele>
    </trkpt>
    <trkpt lat="46.243758" lon="10.302408">
      <ele>1857.166</ele>
    </trkpt>
    <trkpt lat="46.243727" lon="10.302408">
      <ele>1857.128</ele>
    </trkpt>
    <trkpt lat="46.243698" lon="10.302407">
      <ele>1857.112</ele>
    </trkpt>
    <trkpt lat="46.243664" lon="10.302398">
      <ele>1857.254</ele>
    </trkpt>
    <trkpt lat="46.243631" lon="10.302388">
      <ele>1857.433</ele>
    </trkpt>
    <trkpt lat="46.2436" lon="10.302387">
      <ele>1857.425</ele>
    </trkpt>
    <trkpt lat="46.243565" lon="10.30238">
      <ele>1857.52</ele>
    </trkpt>
    <trkpt lat="46.243533" lon="10.302371">
      <ele>1857.656</ele>
    </trkpt>
    <trkpt lat="46.2435" lon="10.302367">
      <ele>1857.681</ele>
    </trkpt>
    <trkpt lat="46.243497" lon="10.302365">
      <ele>1857.716</ele>
    </trkpt>
    <trkpt lat="46.243466" lon="10.302351">
      <ele>1857.938</ele>
    </trkpt>
    <trkpt lat="46.243441" lon="10.302327">
      <ele>1858.355</ele>
    </trkpt>
    <trkpt lat="46.24343" lon="10.302285">
      <ele>1859.139</ele>
    </trkpt>
    <trkpt lat="46.243416" lon="10.302239">
      <ele>1859.978</ele>
    </trkpt>
    <trkpt lat="46.243408" lon="10.302193">
      <ele>1860.536</ele>
    </trkpt>
    <trkpt lat="46.243395" lon="10.30214">
      <ele>1860.945</ele>
    </trkpt>
    <trkpt lat="46.243386" lon="10.302099">
      <ele>1861.245</ele>
    </trkpt>
    <trkpt lat="46.243382" lon="10.302068">
      <ele>1861.48</ele>
    </trkpt>
    <trkpt lat="46.243377" lon="10.302024">
      <ele>1861.809</ele>
    </trkpt>
    <trkpt lat="46.24337" lon="10.301985">
      <ele>1862.065</ele>
    </trkpt>
    <trkpt lat="46.243366" lon="10.301959">
      <ele>1862.236</ele>
    </trkpt>
    <trkpt lat="46.243364" lon="10.301911">
      <ele>1862.599</ele>
    </trkpt>
    <trkpt lat="46.243361" lon="10.301857">
      <ele>1862.991</ele>
    </trkpt>
    <trkpt lat="46.243358" lon="10.301818">
      <ele>1863.258</ele>
    </trkpt>
    <trkpt lat="46.243353" lon="10.301766">
      <ele>1863.588</ele>
    </trkpt>
    <trkpt lat="46.243346" lon="10.301721">
      <ele>1863.819</ele>
    </trkpt>
    <trkpt lat="46.243336" lon="10.301673">
      <ele>1864.002</ele>
    </trkpt>
    <trkpt lat="46.24333" lon="10.30163">
      <ele>1864.204</ele>
    </trkpt>
    <trkpt lat="46.243329" lon="10.301579">
      <ele>1864.553</ele>
    </trkpt>
    <trkpt lat="46.243342" lon="10.301539">
      <ele>1865.061</ele>
    </trkpt>
    <trkpt lat="46.243351" lon="10.301505">
      <ele>1865.445</ele>
    </trkpt>
    <trkpt lat="46.243391" lon="10.301477">
      <ele>1866.262</ele>
    </trkpt>
    <trkpt lat="46.243426" lon="10.301396">
      <ele>1867.292</ele>
    </trkpt>
    <trkpt lat="46.243452" lon="10.301326">
      <ele>1868.195</ele>
    </trkpt>
    <trkpt lat="46.243477" lon="10.301264">
      <ele>1868.953</ele>
    </trkpt>
    <trkpt lat="46.243506" lon="10.301209">
      <ele>1869.624</ele>
    </trkpt>
    <trkpt lat="46.243519" lon="10.30118">
      <ele>1869.924</ele>
    </trkpt>
    <trkpt lat="46.243533" lon="10.301151">
      <ele>1870.213</ele>
    </trkpt>
    <trkpt lat="46.243561" lon="10.301091">
      <ele>1870.771</ele>
    </trkpt>
    <trkpt lat="46.243593" lon="10.301023">
      <ele>1871.483</ele>
    </trkpt>
    <trkpt lat="46.243618" lon="10.300971">
      <ele>1872.058</ele>
    </trkpt>
    <trkpt lat="46.243653" lon="10.300905">
      <ele>1872.786</ele>
    </trkpt>
    <trkpt lat="46.243659" lon="10.300893">
      <ele>1872.915</ele>
    </trkpt>
    <trkpt lat="46.243683" lon="10.300838">
      <ele>1873.484</ele>
    </trkpt>
    <trkpt lat="46.243716" lon="10.30078">
      <ele>1874.331</ele>
    </trkpt>
    <trkpt lat="46.243751" lon="10.300721">
      <ele>1875.22</ele>
    </trkpt>
    <trkpt lat="46.243779" lon="10.300673">
      <ele>1875.94</ele>
    </trkpt>
    <trkpt lat="46.243802" lon="10.300626">
      <ele>1876.614</ele>
    </trkpt>
    <trkpt lat="46.243822" lon="10.300582">
      <ele>1877.233</ele>
    </trkpt>
    <trkpt lat="46.243843" lon="10.300537">
      <ele>1877.792</ele>
    </trkpt>
    <trkpt lat="46.243863" lon="10.300498">
      <ele>1878.209</ele>
    </trkpt>
    <trkpt lat="46.243883" lon="10.300461">
      <ele>1878.631</ele>
    </trkpt>
    <trkpt lat="46.243902" lon="10.30042">
      <ele>1879.0</ele>
    </trkpt>
    <trkpt lat="46.24392" lon="10.300379">
      <ele>1879.312</ele>
    </trkpt>
    <trkpt lat="46.243937" lon="10.300339">
      <ele>1879.597</ele>
    </trkpt>
    <trkpt lat="46.243952" lon="10.300295">
      <ele>1879.89</ele>
    </trkpt>
    <trkpt lat="46.243973" lon="10.300219">
      <ele>1880.423</ele>
    </trkpt>
    <trkpt lat="46.243985" lon="10.30018">
      <ele>1880.704</ele>
    </trkpt>
    <trkpt lat="46.244001" lon="10.300138">
      <ele>1881.006</ele>
    </trkpt>
    <trkpt lat="46.244021" lon="10.300094">
      <ele>1881.323</ele>
    </trkpt>
    <trkpt lat="46.244036" lon="10.300053">
      <ele>1881.618</ele>
    </trkpt>
    <trkpt lat="46.244042" lon="10.300009">
      <ele>1881.935</ele>
    </trkpt>
    <trkpt lat="46.244035" lon="10.299961">
      <ele>1882.207</ele>
    </trkpt>
    <trkpt lat="46.244036" lon="10.299958">
      <ele>1882.222</ele>
    </trkpt>
    <trkpt lat="46.244153" lon="10.29995">
      <ele>1882.189</ele>
    </trkpt>
    <trkpt lat="46.244338" lon="10.300102">
      <ele>1880.258</ele>
    </trkpt>
    <trkpt lat="46.244579" lon="10.3003">
      <ele>1877.91</ele>
    </trkpt>
    <trkpt lat="46.244765" lon="10.300453">
      <ele>1876.061</ele>
    </trkpt>
    <trkpt lat="46.244995" lon="10.300722">
      <ele>1873.426</ele>
    </trkpt>
    <trkpt lat="46.245302" lon="10.300938">
      <ele>1871.138</ele>
    </trkpt>
    <trkpt lat="46.245458" lon="10.301046">
      <ele>1870.165</ele>
    </trkpt>
    <trkpt lat="46.245649" lon="10.301181">
      <ele>1869.075</ele>
    </trkpt>
    <trkpt lat="46.245823" lon="10.301276">
      <ele>1867.683</ele>
    </trkpt>
    <trkpt lat="46.245944" lon="10.301361">
      <ele>1867.143</ele>
    </trkpt>
    <trkpt lat="46.246008" lon="10.301384">
      <ele>1866.736</ele>
    </trkpt>
    <trkpt lat="46.246061" lon="10.301402">
      <ele>1866.184</ele>
    </trkpt>
    <trkpt lat="46.246086" lon="10.301371">
      <ele>1866.175</ele>
    </trkpt>
    <trkpt lat="46.246118" lon="10.301357">
      <ele>1865.838</ele>
    </trkpt>
    <trkpt lat="46.246165" lon="10.301326">
      <ele>1864.818</ele>
    </trkpt>
    <trkpt lat="46.246215" lon="10.301296">
      <ele>1863.882</ele>
    </trkpt>
    <trkpt lat="46.246258" lon="10.301251">
      <ele>1863.348</ele>
    </trkpt>
    <trkpt lat="46.246287" lon="10.301221">
      <ele>1863.098</ele>
    </trkpt>
    <trkpt lat="46.246316" lon="10.301196">
      <ele>1862.886</ele>
    </trkpt>
    <trkpt lat="46.246331" lon="10.301186">
      <ele>1862.772</ele>
    </trkpt>
    <trkpt lat="46.246485" lon="10.301161">
      <ele>1861.217</ele>
    </trkpt>
    <trkpt lat="46.246501" lon="10.301159">
      <ele>1861.086</ele>
    </trkpt>
    <trkpt lat="46.246515" lon="10.301156">
      <ele>1861.005</ele>
    </trkpt>
    <trkpt lat="46.246538" lon="10.30115">
      <ele>1860.915</ele>
    </trkpt>
    <trkpt lat="46.246585" lon="10.301146">
      <ele>1860.554</ele>
    </trkpt>
    <trkpt lat="46.246631" lon="10.301126">
      <ele>1860.762</ele>
    </trkpt>
    <trkpt lat="46.246667" lon="10.301111">
      <ele>1860.992</ele>
    </trkpt>
    <trkpt lat="46.246694" lon="10.301103">
      <ele>1860.376</ele>
    </trkpt>
    <trkpt lat="46.246699" lon="10.3011">
      <ele>1860.297</ele>
    </trkpt>
    <trkpt lat="46.246858" lon="10.301025">
      <ele>1858.321</ele>
    </trkpt>
    <trkpt lat="46.246869" lon="10.30102">
      <ele>1858.246</ele>
    </trkpt>
    <trkpt lat="46.247044" lon="10.300937">
      <ele>1857.028</ele>
    </trkpt>
    <trkpt lat="46.247051" lon="10.300934">
      <ele>1856.945</ele>
    </trkpt>
    <trkpt lat="46.247058" lon="10.30093">
      <ele>1856.902</ele>
    </trkpt>
    <trkpt lat="46.247121" lon="10.300901">
      <ele>1856.236</ele>
    </trkpt>
    <trkpt lat="46.247142" lon="10.300895">
      <ele>1855.868</ele>
    </trkpt>
    <trkpt lat="46.247195" lon="10.300878">
      <ele>1855.015</ele>
    </trkpt>
    <trkpt lat="46.247223" lon="10.300852">
      <ele>1855.239</ele>
    </trkpt>
    <trkpt lat="46.247233" lon="10.300843">
      <ele>1855.311</ele>
    </trkpt>
    <trkpt lat="46.247244" lon="10.300837">
      <ele>1855.231</ele>
    </trkpt>
    <trkpt lat="46.247391" lon="10.300726">
      <ele>1854.382</ele>
    </trkpt>
    <trkpt lat="46.247397" lon="10.30072">
      <ele>1854.382</ele>
    </trkpt>
    <trkpt lat="46.247462" lon="10.300623">
      <ele>1855.256</ele>
    </trkpt>
    <trkpt lat="46.247523" lon="10.300532">
      <ele>1856.21</ele>
    </trkpt>
    <trkpt lat="46.247672" lon="10.300461">
      <ele>1853.662</ele>
    </trkpt>
    <trkpt lat="46.247692" lon="10.300444">
      <ele>1853.247</ele>
    </trkpt>
    <trkpt lat="46.247697" lon="10.300439">
      <ele>1853.141</ele>
    </trkpt>
    <trkpt lat="46.247745" lon="10.300198">
      <ele>1854.054</ele>
    </trkpt>
    <trkpt lat="46.247808" lon="10.300117">
      <ele>1854.295</ele>
    </trkpt>
    <trkpt lat="46.247818" lon="10.300088">
      <ele>1854.889</ele>
    </trkpt>
    <trkpt lat="46.247832" lon="10.300008">
      <ele>1856.269</ele>
    </trkpt>
    <trkpt lat="46.247859" lon="10.299997">
      <ele>1856.615</ele>
    </trkpt>
    <trkpt lat="46.247863" lon="10.299986">
      <ele>1856.746</ele>
    </trkpt>
    <trkpt lat="46.247874" lon="10.299944">
      <ele>1857.134</ele>
    </trkpt>
    <trkpt lat="46.247885" lon="10.299906">
      <ele>1857.366</ele>
    </trkpt>
    <trkpt lat="46.247919" lon="10.299832">
      <ele>1857.263</ele>
    </trkpt>
    <trkpt lat="46.247943" lon="10.299781">
      <ele>1856.762</ele>
    </trkpt>
    <trkpt lat="46.24803" lon="10.299659">
      <ele>1855.275</ele>
    </trkpt>
    <trkpt lat="46.248046" lon="10.299608">
      <ele>1856.089</ele>
    </trkpt>
    <trkpt lat="46.24807" lon="10.299512">
      <ele>1858.411</ele>
    </trkpt>
    <trkpt lat="46.248002" lon="10.298857">
      <ele>1859.956</ele>
    </trkpt>
    <trkpt lat="46.247986" lon="10.298793">
      <ele>1859.827</ele>
    </trkpt>
    <trkpt lat="46.247983" lon="10.29878">
      <ele>1859.795</ele>
    </trkpt>
    <trkpt lat="46.247981" lon="10.298773">
      <ele>1859.776</ele>
    </trkpt>
    <trkpt lat="46.247981" lon="10.298713">
      <ele>1859.66</ele>
    </trkpt>
    <trkpt lat="46.247962" lon="10.298651">
      <ele>1859.423</ele>
    </trkpt>
    <trkpt lat="46.247948" lon="10.298589">
      <ele>1859.018</ele>
    </trkpt>
    <trkpt lat="46.247921" lon="10.29853">
      <ele>1858.297</ele>
    </trkpt>
    <trkpt lat="46.247921" lon="10.298528">
      <ele>1858.279</ele>
    </trkpt>
    <trkpt lat="46.247915" lon="10.298518">
      <ele>1858.152</ele>
    </trkpt>
    <trkpt lat="46.24785" lon="10.298397">
      <ele>1856.778</ele>
    </trkpt>
    <trkpt lat="46.247806" lon="10.298314">
      <ele>1855.893</ele>
    </trkpt>
    <trkpt lat="46.247805" lon="10.298313">
      <ele>1855.878</ele>
    </trkpt>
    <trkpt lat="46.247653" lon="10.298166">
      <ele>1853.473</ele>
    </trkpt>
    <trkpt lat="46.247503" lon="10.298008">
      <ele>1850.679</ele>
    </trkpt>
    <trkpt lat="46.247452" lon="10.297963">
      <ele>1850.218</ele>
    </trkpt>
    <trkpt lat="46.24741" lon="10.297924">
      <ele>1849.746</ele>
    </trkpt>
    <trkpt lat="46.247382" lon="10.297892">
      <ele>1849.322</ele>
    </trkpt>
    <trkpt lat="46.247354" lon="10.297874">
      <ele>1849.006</ele>
    </trkpt>
    <trkpt lat="46.247342" lon="10.297863">
      <ele>1848.825</ele>
    </trkpt>
    <trkpt lat="46.247267" lon="10.297813">
      <ele>1847.789</ele>
    </trkpt>
    <trkpt lat="46.247252" lon="10.297782">
      <ele>1847.272</ele>
    </trkpt>
    <trkpt lat="46.247203" lon="10.297761">
      <ele>1846.689</ele>
    </trkpt>
    <trkpt lat="46.247148" lon="10.297738">
      <ele>1846.16</ele>
    </trkpt>
    <trkpt lat="46.247139" lon="10.297735">
      <ele>1846.084</ele>
    </trkpt>
    <trkpt lat="46.247054" lon="10.297701">
      <ele>1845.289</ele>
    </trkpt>
    <trkpt lat="46.246993" lon="10.297676">
      <ele>1844.709</ele>
    </trkpt>
    <trkpt lat="46.246985" lon="10.297672">
      <ele>1844.623</ele>
    </trkpt>
    <trkpt lat="46.246817" lon="10.297589">
      <ele>1844.199</ele>
    </trkpt>
    <trkpt lat="46.246811" lon="10.297584">
      <ele>1844.17</ele>
    </trkpt>
    <trkpt lat="46.246679" lon="10.297402">
      <ele>1842.5</ele>
    </trkpt>
    <trkpt lat="46.246678" lon="10.2974">
      <ele>1842.478</ele>
    </trkpt>
    <trkpt lat="46.246658" lon="10.297357">
      <ele>1842.018</ele>
    </trkpt>
    <trkpt lat="46.24664" lon="10.297336">
      <ele>1841.87</ele>
    </trkpt>
    <trkpt lat="46.246556" lon="10.297197">
      <ele>1840.47</ele>
    </trkpt>
    <trkpt lat="46.246553" lon="10.297192">
      <ele>1840.428</ele>
    </trkpt>
    <trkpt lat="46.246538" lon="10.297146">
      <ele>1839.956</ele>
    </trkpt>
    <trkpt lat="46.246498" lon="10.297104">
      <ele>1839.77</ele>
    </trkpt>
    <trkpt lat="46.246469" lon="10.297076">
      <ele>1839.692</ele>
    </trkpt>
    <trkpt lat="46.246421" lon="10.29701">
      <ele>1839.388</ele>
    </trkpt>
    <trkpt lat="46.246394" lon="10.296962">
      <ele>1839.136</ele>
    </trkpt>
    <trkpt lat="46.246371" lon="10.296898">
      <ele>1838.239</ele>
    </trkpt>
    <trkpt lat="46.246211" lon="10.296649">
      <ele>1835.067</ele>
    </trkpt>
    <trkpt lat="46.246085" lon="10.296425">
      <ele>1833.414</ele>
    </trkpt>
    <trkpt lat="46.246084" lon="10.296422">
      <ele>1833.381</ele>
    </trkpt>
    <trkpt lat="46.246018" lon="10.296338">
      <ele>1832.145</ele>
    </trkpt>
    <trkpt lat="46.245939" lon="10.296251">
      <ele>1830.826</ele>
    </trkpt>
    <trkpt lat="46.245899" lon="10.296225">
      <ele>1830.501</ele>
    </trkpt>
    <trkpt lat="46.245862" lon="10.2962">
      <ele>1830.21</ele>
    </trkpt>
    <trkpt lat="46.245775" lon="10.296151">
      <ele>1829.605</ele>
    </trkpt>
    <trkpt lat="46.245751" lon="10.296137">
      <ele>1829.4</ele>
    </trkpt>
    <trkpt lat="46.245736" lon="10.296129">
      <ele>1829.28</ele>
    </trkpt>
    <trkpt lat="46.245583" lon="10.29604">
      <ele>1827.72</ele>
    </trkpt>
    <trkpt lat="46.24557" lon="10.296027">
      <ele>1827.486</ele>
    </trkpt>
    <trkpt lat="46.245561" lon="10.296012">
      <ele>1827.216</ele>
    </trkpt>
    <trkpt lat="46.245412" lon="10.295983">
      <ele>1829.278</ele>
    </trkpt>
    <trkpt lat="46.245385" lon="10.295832">
      <ele>1827.045</ele>
    </trkpt>
    <trkpt lat="46.245448" lon="10.295818">
      <ele>1825.672</ele>
    </trkpt>
    <trkpt lat="46.24546" lon="10.295815">
      <ele>1825.411</ele>
    </trkpt>
    <trkpt lat="46.245494" lon="10.29579">
      <ele>1824.415</ele>
    </trkpt>
    <trkpt lat="46.245538" lon="10.295778">
      <ele>1823.494</ele>
    </trkpt>
    <trkpt lat="46.245585" lon="10.295776">
      <ele>1823.131</ele>
    </trkpt>
    <trkpt lat="46.245611" lon="10.29578">
      <ele>1823.155</ele>
    </trkpt>
    <trkpt lat="46.245666" lon="10.295789">
      <ele>1823.235</ele>
    </trkpt>
    <trkpt lat="46.245757" lon="10.295785">
      <ele>1823.052</ele>
    </trkpt>
    <trkpt lat="46.245891" lon="10.295775">
      <ele>1822.368</ele>
    </trkpt>
    <trkpt lat="46.245989" lon="10.29576">
      <ele>1821.443</ele>
    </trkpt>
    <trkpt lat="46.246042" lon="10.295739">
      <ele>1820.715</ele>
    </trkpt>
    <trkpt lat="46.246081" lon="10.295707">
      <ele>1819.893</ele>
    </trkpt>
    <trkpt lat="46.246128" lon="10.295698">
      <ele>1819.26</ele>
    </trkpt>
    <trkpt lat="46.246131" lon="10.295698">
      <ele>1819.206</ele>
    </trkpt>
    <trkpt lat="46.246208" lon="10.295648">
      <ele>1816.92</ele>
    </trkpt>
    <trkpt lat="46.246285" lon="10.295667">
      <ele>1815.876</ele>
    </trkpt>
    <trkpt lat="46.246391" lon="10.295728">
      <ele>1815.073</ele>
    </trkpt>
    <trkpt lat="46.246486" lon="10.295783">
      <ele>1814.855</ele>
    </trkpt>
    <trkpt lat="46.246575" lon="10.29582">
      <ele>1814.654</ele>
    </trkpt>
    <trkpt lat="46.246972" lon="10.295992">
      <ele>1813.53</ele>
    </trkpt>
    <trkpt lat="46.247114" lon="10.296064">
      <ele>1813.621</ele>
    </trkpt>
    <trkpt lat="46.247235" lon="10.296103">
      <ele>1813.584</ele>
    </trkpt>
    <trkpt lat="46.247322" lon="10.295962">
      <ele>1808.462</ele>
    </trkpt>
    <trkpt lat="46.247321" lon="10.295962">
      <ele>1808.474</ele>
    </trkpt>
    <trkpt lat="46.247186" lon="10.295775">
      <ele>1804.369</ele>
    </trkpt>
    <trkpt lat="46.24718" lon="10.295767">
      <ele>1804.169</ele>
    </trkpt>
    <trkpt lat="46.247129" lon="10.295741">
      <ele>1804.133</ele>
    </trkpt>
    <trkpt lat="46.247017" lon="10.295685">
      <ele>1804.215</ele>
    </trkpt>
    <trkpt lat="46.247008" lon="10.295681">
      <ele>1804.247</ele>
    </trkpt>
    <trkpt lat="46.246831" lon="10.295578">
      <ele>1803.784</ele>
    </trkpt>
    <trkpt lat="46.246796" lon="10.295555">
      <ele>1803.656</ele>
    </trkpt>
    <trkpt lat="46.246758" lon="10.295523">
      <ele>1803.378</ele>
    </trkpt>
    <trkpt lat="46.246711" lon="10.295493">
      <ele>1803.247</ele>
    </trkpt>
    <trkpt lat="46.246668" lon="10.295465">
      <ele>1803.045</ele>
    </trkpt>
    <trkpt lat="46.246658" lon="10.295458">
      <ele>1802.983</ele>
    </trkpt>
    <trkpt lat="46.246653" lon="10.29534">
      <ele>1799.158</ele>
    </trkpt>
    <trkpt lat="46.246648" lon="10.295247">
      <ele>1796.595</ele>
    </trkpt>
    <trkpt lat="46.246656" lon="10.295207">
      <ele>1795.822</ele>
    </trkpt>
    <trkpt lat="46.24666" lon="10.295187">
      <ele>1795.43</ele>
    </trkpt>
    <trkpt lat="46.246796" lon="10.295207">
      <ele>1794.448</ele>
    </trkpt>
    <trkpt lat="46.246897" lon="10.295277">
      <ele>1794.501</ele>
    </trkpt>
    <trkpt lat="46.246948" lon="10.295265">
      <ele>1793.753</ele>
    </trkpt>
    <trkpt lat="46.246947" lon="10.295263">
      <ele>1793.742</ele>
    </trkpt>
    <trkpt lat="46.246951" lon="10.295265">
      <ele>1793.7</ele>
    </trkpt>
    <trkpt lat="46.247001" lon="10.295252">
      <ele>1792.649</ele>
    </trkpt>
    <trkpt lat="46.247032" lon="10.295281">
      <ele>1792.502</ele>
    </trkpt>
    <trkpt lat="46.247038" lon="10.295278">
      <ele>1792.321</ele>
    </trkpt>
    <trkpt lat="46.247096" lon="10.295305">
      <ele>1791.905</ele>
    </trkpt>
    <trkpt lat="46.247122" lon="10.295325">
      <ele>1791.885</ele>
    </trkpt>
    <trkpt lat="46.247129" lon="10.295328">
      <ele>1791.823</ele>
    </trkpt>
    <trkpt lat="46.247207" lon="10.295403">
      <ele>1792.004</ele>
    </trkpt>
    <trkpt lat="46.247229" lon="10.295406">
      <ele>1791.758</ele>
    </trkpt>
    <trkpt lat="46.247354" lon="10.295366">
      <ele>1790.755</ele>
    </trkpt>
    <trkpt lat="46.247362" lon="10.295357">
      <ele>1790.568</ele>
    </trkpt>
    <trkpt lat="46.247367" lon="10.295352">
      <ele>1790.464</ele>
    </trkpt>
    <trkpt lat="46.247407" lon="10.295309">
      <ele>1789.6</ele>
    </trkpt>
    <trkpt lat="46.24746" lon="10.295251">
      <ele>1788.725</ele>
    </trkpt>
    <trkpt lat="46.247464" lon="10.295246">
      <ele>1788.672</ele>
    </trkpt>
    <trkpt lat="46.247469" lon="10.295241">
      <ele>1788.618</ele>
    </trkpt>
    <trkpt lat="46.247601" lon="10.295097">
      <ele>1788.011</ele>
    </trkpt>
    <trkpt lat="46.247652" lon="10.294798">
      <ele>1785.858</ele>
    </trkpt>
    <trkpt lat="46.247653" lon="10.294716">
      <ele>1785.158</ele>
    </trkpt>
    <trkpt lat="46.247654" lon="10.294669">
      <ele>1784.834</ele>
    </trkpt>
    <trkpt lat="46.247674" lon="10.294464">
      <ele>1783.646</ele>
    </trkpt>
    <trkpt lat="46.247735" lon="10.294311">
      <ele>1782.684</ele>
    </trkpt>
    <trkpt lat="46.247746" lon="10.294294">
      <ele>1782.562</ele>
    </trkpt>
    <trkpt lat="46.247808" lon="10.294201">
      <ele>1781.657</ele>
    </trkpt>
    <trkpt lat="46.247969" lon="10.294205">
      <ele>1782.62</ele>
    </trkpt>
    <trkpt lat="46.248088" lon="10.294148">
      <ele>1781.967</ele>
    </trkpt>
    <trkpt lat="46.248274" lon="10.294023">
      <ele>1780.939</ele>
    </trkpt>
    <trkpt lat="46.248422" lon="10.293977">
      <ele>1779.195</ele>
    </trkpt>
    <trkpt lat="46.248517" lon="10.293948">
      <ele>1777.488</ele>
    </trkpt>
    <trkpt lat="46.248565" lon="10.293915">
      <ele>1776.197</ele>
    </trkpt>
    <trkpt lat="46.248708" lon="10.293935">
      <ele>1775.647</ele>
    </trkpt>
    <trkpt lat="46.24884" lon="10.293973">
      <ele>1775.993</ele>
    </trkpt>
    <trkpt lat="46.248995" lon="10.293976">
      <ele>1776.024</ele>
    </trkpt>
    <trkpt lat="46.249139" lon="10.29398">
      <ele>1776.278</ele>
    </trkpt>
    <trkpt lat="46.249305" lon="10.294105">
      <ele>1779.052</ele>
    </trkpt>
    <trkpt lat="46.249473" lon="10.294108">
      <ele>1780.087</ele>
    </trkpt>
    <trkpt lat="46.249603" lon="10.294112">
      <ele>1780.449</ele>
    </trkpt>
    <trkpt lat="46.249772" lon="10.294133">
      <ele>1780.887</ele>
    </trkpt>
    <trkpt lat="46.249999" lon="10.294155">
      <ele>1782.244</ele>
    </trkpt>
    <trkpt lat="46.250141" lon="10.29428">
      <ele>1784.437</ele>
    </trkpt>
    <trkpt lat="46.250174" lon="10.294323">
      <ele>1784.985</ele>
    </trkpt>
    <trkpt lat="46.250439" lon="10.294504">
      <ele>1788.831</ele>
    </trkpt>
    <trkpt lat="46.250498" lon="10.29453">
      <ele>1789.442</ele>
    </trkpt>
    <trkpt lat="46.250664" lon="10.294654">
      <ele>1791.274</ele>
    </trkpt>
    <trkpt lat="46.250771" lon="10.294743">
      <ele>1793.269</ele>
    </trkpt>
    <trkpt lat="46.250877" lon="10.294884">
      <ele>1795.728</ele>
    </trkpt>
    <trkpt lat="46.251042" lon="10.295147">
      <ele>1799.797</ele>
    </trkpt>
    <trkpt lat="46.251159" lon="10.295374">
      <ele>1803.76</ele>
    </trkpt>
    <trkpt lat="46.251269" lon="10.295522">
      <ele>1807.876</ele>
    </trkpt>
    <trkpt lat="46.251418" lon="10.295725">
      <ele>1810.465</ele>
    </trkpt>
    <trkpt lat="46.251453" lon="10.295847">
      <ele>1811.559</ele>
    </trkpt>
    <trkpt lat="46.251608" lon="10.295937">
      <ele>1815.637</ele>
    </trkpt>
    <trkpt lat="46.251714" lon="10.296077">
      <ele>1818.095</ele>
    </trkpt>
    <trkpt lat="46.251821" lon="10.296166">
      <ele>1819.199</ele>
    </trkpt>
    <trkpt lat="46.251952" lon="10.296186">
      <ele>1820.007</ele>
    </trkpt>
    <trkpt lat="46.252044" lon="10.296166">
      <ele>1820.071</ele>
    </trkpt>
    <trkpt lat="46.252224" lon="10.296158">
      <ele>1820.184</ele>
    </trkpt>
    <trkpt lat="46.252288" lon="10.29616">
      <ele>1820.733</ele>
    </trkpt>
    <trkpt lat="46.252395" lon="10.29615">
      <ele>1821.558</ele>
    </trkpt>
    <trkpt lat="46.252443" lon="10.296146">
      <ele>1821.915</ele>
    </trkpt>
    <trkpt lat="46.252611" lon="10.29615">
      <ele>1822.476</ele>
    </trkpt>
    <trkpt lat="46.252742" lon="10.296205">
      <ele>1823.308</ele>
    </trkpt>
    <trkpt lat="46.252839" lon="10.296261">
      <ele>1823.837</ele>
    </trkpt>
    <trkpt lat="46.252897" lon="10.296295">
      <ele>1824.074</ele>
    </trkpt>
    <trkpt lat="46.253209" lon="10.296474">
      <ele>1825.673</ele>
    </trkpt>
    <trkpt lat="46.253492" lon="10.296637">
      <ele>1825.227</ele>
    </trkpt>
    <trkpt lat="46.253634" lon="10.296744">
      <ele>1824.843</ele>
    </trkpt>
    <trkpt lat="46.253716" lon="10.296829">
      <ele>1824.984</ele>
    </trkpt>
    <trkpt lat="46.25396" lon="10.297153">
      <ele>1825.548</ele>
    </trkpt>
    <trkpt lat="46.253976" lon="10.297218">
      <ele>1826.018</ele>
    </trkpt>
    <trkpt lat="46.25416" lon="10.297421">
      <ele>1824.805</ele>
    </trkpt>
    <trkpt lat="46.254295" lon="10.297571">
      <ele>1823.752</ele>
    </trkpt>
    <trkpt lat="46.25445" lon="10.297678">
      <ele>1821.933</ele>
    </trkpt>
    <trkpt lat="46.254568" lon="10.297802">
      <ele>1820.753</ele>
    </trkpt>
    <trkpt lat="46.254734" lon="10.297978">
      <ele>1819.612</ele>
    </trkpt>
    <trkpt lat="46.254898" lon="10.298241">
      <ele>1819.824</ele>
    </trkpt>
    <trkpt lat="46.255028" lon="10.298434">
      <ele>1820.399</ele>
    </trkpt>
    <trkpt lat="46.255205" lon="10.29868">
      <ele>1822.482</ele>
    </trkpt>
    <trkpt lat="46.255464" lon="10.299083">
      <ele>1826.426</ele>
    </trkpt>
    <trkpt lat="46.25557" lon="10.299172">
      <ele>1826.92</ele>
    </trkpt>
    <trkpt lat="46.2557" lon="10.29933">
      <ele>1827.486</ele>
    </trkpt>
    <trkpt lat="46.255807" lon="10.299419">
      <ele>1827.096</ele>
    </trkpt>
    <trkpt lat="46.255926" lon="10.299456">
      <ele>1825.485</ele>
    </trkpt>
    <trkpt lat="46.255973" lon="10.299595">
      <ele>1826.657</ele>
    </trkpt>
    <trkpt lat="46.255971" lon="10.299716">
      <ele>1828.424</ele>
    </trkpt>
    <trkpt lat="46.255993" lon="10.299941">
      <ele>1831.209</ele>
    </trkpt>
    <trkpt lat="46.256027" lon="10.300046">
      <ele>1832.547</ele>
    </trkpt>
    <trkpt lat="46.256084" lon="10.300306">
      <ele>1835.402</ele>
    </trkpt>
    <trkpt lat="46.256154" lon="10.300515">
      <ele>1837.585</ele>
    </trkpt>
    <trkpt lat="46.256199" lon="10.300723">
      <ele>1839.206</ele>
    </trkpt>
    <trkpt lat="46.256245" lon="10.300914">
      <ele>1840.0</ele>
    </trkpt>
    <trkpt lat="46.256278" lon="10.301139">
      <ele>1840.241</ele>
    </trkpt>
    <trkpt lat="46.256288" lon="10.301329">
      <ele>1841.854</ele>
    </trkpt>
    <trkpt lat="46.256226" lon="10.301535">
      <ele>1844.69</ele>
    </trkpt>
    <trkpt lat="46.256141" lon="10.301671">
      <ele>1846.943</ele>
    </trkpt>
    <trkpt lat="46.256007" lon="10.301823">
      <ele>1849.016</ele>
    </trkpt>
    <trkpt lat="46.255875" lon="10.301872">
      <ele>1849.661</ele>
    </trkpt>
    <trkpt lat="46.255464" lon="10.302242">
      <ele>1854.298</ele>
    </trkpt>
    <trkpt lat="46.255307" lon="10.302359">
      <ele>1857.265</ele>
    </trkpt>
    <trkpt lat="46.255054" lon="10.302474">
      <ele>1859.676</ele>
    </trkpt>
    <trkpt lat="46.254898" lon="10.302522">
      <ele>1860.505</ele>
    </trkpt>
    <trkpt lat="46.254488" lon="10.302737">
      <ele>1866.213</ele>
    </trkpt>
    <trkpt lat="46.254211" lon="10.302851">
      <ele>1870.935</ele>
    </trkpt>
    <trkpt lat="46.253982" lon="10.302984">
      <ele>1875.784</ele>
    </trkpt>
    <trkpt lat="46.2538" lon="10.303186">
      <ele>1880.556</ele>
    </trkpt>
    <trkpt lat="46.253667" lon="10.303339">
      <ele>1880.96</ele>
    </trkpt>
    <trkpt lat="46.253474" lon="10.303472">
      <ele>1884.488</ele>
    </trkpt>
    <trkpt lat="46.253267" lon="10.303502">
      <ele>1887.025</ele>
    </trkpt>
    <trkpt lat="46.253194" lon="10.303553">
      <ele>1889.463</ele>
    </trkpt>
    <trkpt lat="46.253031" lon="10.30373">
      <ele>1895.179</ele>
    </trkpt>
    <trkpt lat="46.252925" lon="10.303803">
      <ele>1897.754</ele>
    </trkpt>
    <trkpt lat="46.252641" lon="10.304037">
      <ele>1900.271</ele>
    </trkpt>
    <trkpt lat="46.25249" lon="10.304194">
      <ele>1900.0</ele>
    </trkpt>
    <trkpt lat="46.252358" lon="10.304393">
      <ele>1900.0</ele>
    </trkpt>
    <trkpt lat="46.252336" lon="10.304418">
      <ele>1900.0</ele>
    </trkpt>
    <trkpt lat="46.252244" lon="10.304499">
      <ele>1900.077</ele>
    </trkpt>
    <trkpt lat="46.25219" lon="10.304547">
      <ele>1899.988</ele>
    </trkpt>
    <trkpt lat="46.252048" lon="10.304719">
      <ele>1898.767</ele>
    </trkpt>
    <trkpt lat="46.251942" lon="10.304937">
      <ele>1895.684</ele>
    </trkpt>
    <trkpt lat="46.25193" lon="10.304972">
      <ele>1895.313</ele>
    </trkpt>
    <trkpt lat="46.251855" lon="10.305092">
      <ele>1894.349</ele>
    </trkpt>
    <trkpt lat="46.25185" lon="10.305129">
      <ele>1894.062</ele>
    </trkpt>
    <trkpt lat="46.251842" lon="10.30519">
      <ele>1893.559</ele>
    </trkpt>
    <trkpt lat="46.251829" lon="10.305289">
      <ele>1892.669</ele>
    </trkpt>
    <trkpt lat="46.251809" lon="10.305426">
      <ele>1891.236</ele>
    </trkpt>
    <trkpt lat="46.251748" lon="10.305553">
      <ele>1888.375</ele>
    </trkpt>
    <trkpt lat="46.251709" lon="10.305591">
      <ele>1886.953</ele>
    </trkpt>
    <trkpt lat="46.251652" lon="10.305645">
      <ele>1885.143</ele>
    </trkpt>
    <trkpt lat="46.251579" lon="10.305798">
      <ele>1882.991</ele>
    </trkpt>
    <trkpt lat="46.251499" lon="10.305967">
      <ele>1879.95</ele>
    </trkpt>
    <trkpt lat="46.251491" lon="10.305987">
      <ele>1879.49</ele>
    </trkpt>
    <trkpt lat="46.251414" lon="10.306171">
      <ele>1873.805</ele>
    </trkpt>
    <trkpt lat="46.251371" lon="10.306308">
      <ele>1870.061</ele>
    </trkpt>
    <trkpt lat="46.251345" lon="10.306479">
      <ele>1867.898</ele>
    </trkpt>
    <trkpt lat="46.251337" lon="10.306607">
      <ele>1866.789</ele>
    </trkpt>
    <trkpt lat="46.251318" lon="10.30677">
      <ele>1866.059</ele>
    </trkpt>
    <trkpt lat="46.251244" lon="10.306957">
      <ele>1863.213</ele>
    </trkpt>
    <trkpt lat="46.251191" lon="10.307056">
      <ele>1860.421</ele>
    </trkpt>
    <trkpt lat="46.251145" lon="10.307141">
      <ele>1857.565</ele>
    </trkpt>
    <trkpt lat="46.251116" lon="10.307194">
      <ele>1855.562</ele>
    </trkpt>
    <trkpt lat="46.251073" lon="10.307302">
      <ele>1855.122</ele>
    </trkpt>
    <trkpt lat="46.250945" lon="10.307619">
      <ele>1850.682</ele>
    </trkpt>
    <trkpt lat="46.250841" lon="10.307865">
      <ele>1844.087</ele>
    </trkpt>
    <trkpt lat="46.250731" lon="10.308077">
      <ele>1841.64</ele>
    </trkpt>
    <trkpt lat="46.250652" lon="10.308264">
      <ele>1837.197</ele>
    </trkpt>
    <trkpt lat="46.250541" lon="10.308465">
      <ele>1829.955</ele>
    </trkpt>
    <trkpt lat="46.25054" lon="10.308466">
      <ele>1829.94</ele>
    </trkpt>
    <trkpt lat="46.250485" lon="10.308572">
      <ele>1828.226</ele>
    </trkpt>
    <trkpt lat="46.250463" lon="10.308615">
      <ele>1827.278</ele>
    </trkpt>
    <trkpt lat="46.250471" lon="10.308663">
      <ele>1826.763</ele>
    </trkpt>
    <trkpt lat="46.250514" lon="10.30892">
      <ele>1825.097</ele>
    </trkpt>
    <trkpt lat="46.250521" lon="10.308964">
      <ele>1825.024</ele>
    </trkpt>
    <trkpt lat="46.250604" lon="10.309463">
      <ele>1827.444</ele>
    </trkpt>
    <trkpt lat="46.250715" lon="10.310217">
      <ele>1833.824</ele>
    </trkpt>
    <trkpt lat="46.250739" lon="10.310549">
      <ele>1834.545</ele>
    </trkpt>
    <trkpt lat="46.250782" lon="10.311135">
      <ele>1834.909</ele>
    </trkpt>
    <trkpt lat="46.250839" lon="10.311691">
      <ele>1835.199</ele>
    </trkpt>
    <trkpt lat="46.250864" lon="10.311936">
      <ele>1834.202</ele>
    </trkpt>
    <trkpt lat="46.250903" lon="10.312088">
      <ele>1835.084</ele>
    </trkpt>
    <trkpt lat="46.250948" lon="10.312233">
      <ele>1835.622</ele>
    </trkpt>
    <trkpt lat="46.251064" lon="10.312452">
      <ele>1836.537</ele>
    </trkpt>
    <trkpt lat="46.251157" lon="10.312691">
      <ele>1836.728</ele>
    </trkpt>
    <trkpt lat="46.251193" lon="10.312831">
      <ele>1836.982</ele>
    </trkpt>
    <trkpt lat="46.251228" lon="10.312967">
      <ele>1837.663</ele>
    </trkpt>
    <trkpt lat="46.251242" lon="10.313179">
      <ele>1836.943</ele>
    </trkpt>
    <trkpt lat="46.251224" lon="10.313191">
      <ele>1836.004</ele>
    </trkpt>
    <trkpt lat="46.251309" lon="10.313761">
      <ele>1836.798</ele>
    </trkpt>
    <trkpt lat="46.251375" lon="10.314341">
      <ele>1835.226</ele>
    </trkpt>
    <trkpt lat="46.25139" lon="10.314476">
      <ele>1834.569</ele>
    </trkpt>
    <trkpt lat="46.251395" lon="10.314511">
      <ele>1834.168</ele>
    </trkpt>
    <trkpt lat="46.251498" lon="10.314718">
      <ele>1833.031</ele>
    </trkpt>
    <trkpt lat="46.251662" lon="10.314834">
      <ele>1833.911</ele>
    </trkpt>
    <trkpt lat="46.251697" lon="10.314859">
      <ele>1834.412</ele>
    </trkpt>
    <trkpt lat="46.251872" lon="10.31505">
      <ele>1836.287</ele>
    </trkpt>
    <trkpt lat="46.251952" lon="10.315307">
      <ele>1835.001</ele>
    </trkpt>
    <trkpt lat="46.251955" lon="10.315368">
      <ele>1834.63</ele>
    </trkpt>
    <trkpt lat="46.251965" lon="10.315529">
      <ele>1833.649</ele>
    </trkpt>
    <trkpt lat="46.251945" lon="10.315837">
      <ele>1831.978</ele>
    </trkpt>
    <trkpt lat="46.251907" lon="10.316139">
      <ele>1829.892</ele>
    </trkpt>
    <trkpt lat="46.25189" lon="10.316496">
      <ele>1830.733</ele>
    </trkpt>
    <trkpt lat="46.251864" lon="10.316694">
      <ele>1831.897</ele>
    </trkpt>
    <trkpt lat="46.251825" lon="10.316912">
      <ele>1832.67</ele>
    </trkpt>
    <trkpt lat="46.251756" lon="10.317234">
      <ele>1833.384</ele>
    </trkpt>
    <trkpt lat="46.251675" lon="10.317512">
      <ele>1834.003</ele>
    </trkpt>
    <trkpt lat="46.251642" lon="10.317732">
      <ele>1834.399</ele>
    </trkpt>
    <trkpt lat="46.251523" lon="10.318523">
      <ele>1836.778</ele>
    </trkpt>
    <trkpt lat="46.251479" lon="10.319349">
      <ele>1838.847</ele>
    </trkpt>
    <trkpt lat="46.251573" lon="10.319524">
      <ele>1839.684</ele>
    </trkpt>
    <trkpt lat="46.251667" lon="10.319652">
      <ele>1840.768</ele>
    </trkpt>
    <trkpt lat="46.251737" lon="10.31978">
      <ele>1841.768</ele>
    </trkpt>
    <trkpt lat="46.251773" lon="10.319876">
      <ele>1842.591</ele>
    </trkpt>
    <trkpt lat="46.251788" lon="10.31994">
      <ele>1842.954</ele>
    </trkpt>
    <trkpt lat="46.251796" lon="10.32">
      <ele>1843.122</ele>
    </trkpt>
    <trkpt lat="46.251796" lon="10.320036">
      <ele>1843.303</ele>
    </trkpt>
    <trkpt lat="46.25176" lon="10.320035">
      <ele>1841.823</ele>
    </trkpt>
    <trkpt lat="46.25176" lon="10.320043">
      <ele>1841.852</ele>
    </trkpt>
    <trkpt lat="46.251786" lon="10.320153">
      <ele>1843.435</ele>
    </trkpt>
    <trkpt lat="46.251695" lon="10.320641">
      <ele>1841.193</ele>
    </trkpt>
    <trkpt lat="46.251697" lon="10.320684">
      <ele>1841.26</ele>
    </trkpt>
    <trkpt lat="46.251701" lon="10.320708">
      <ele>1841.415</ele>
    </trkpt>
    <trkpt lat="46.251775" lon="10.321091">
      <ele>1842.073</ele>
    </trkpt>
    <trkpt lat="46.252086" lon="10.321556">
      <ele>1846.004</ele>
    </trkpt>
    <trkpt lat="46.252334" lon="10.321736">
      <ele>1849.768</ele>
    </trkpt>
    <trkpt lat="46.252479" lon="10.321842">
      <ele>1850.711</ele>
    </trkpt>
    <trkpt lat="46.252662" lon="10.321975">
      <ele>1851.793</ele>
    </trkpt>
    <trkpt lat="46.252752" lon="10.32201">
      <ele>1853.005</ele>
    </trkpt>
    <trkpt lat="46.252923" lon="10.322145">
      <ele>1854.095</ele>
    </trkpt>
    <trkpt lat="46.253053" lon="10.322227">
      <ele>1854.807</ele>
    </trkpt>
    <trkpt lat="46.253135" lon="10.322272">
      <ele>1855.048</ele>
    </trkpt>
    <trkpt lat="46.253206" lon="10.322301">
      <ele>1855.593</ele>
    </trkpt>
    <trkpt lat="46.253208" lon="10.322302">
      <ele>1855.604</ele>
    </trkpt>
    <trkpt lat="46.253233" lon="10.322315">
      <ele>1855.735</ele>
    </trkpt>
    <trkpt lat="46.25324" lon="10.322319">
      <ele>1855.764</ele>
    </trkpt>
    <trkpt lat="46.253399" lon="10.322346">
      <ele>1858.194</ele>
    </trkpt>
    <trkpt lat="46.253585" lon="10.322439">
      <ele>1859.266</ele>
    </trkpt>
    <trkpt lat="46.253902" lon="10.322596">
      <ele>1860.864</ele>
    </trkpt>
    <trkpt lat="46.254435" lon="10.322651">
      <ele>1870.466</ele>
    </trkpt>
    <trkpt lat="46.254728" lon="10.32268">
      <ele>1873.941</ele>
    </trkpt>
    <trkpt lat="46.254784" lon="10.322686">
      <ele>1874.978</ele>
    </trkpt>
    <trkpt lat="46.254823" lon="10.32269">
      <ele>1875.705</ele>
    </trkpt>
    <trkpt lat="46.254994" lon="10.322707">
      <ele>1878.909</ele>
    </trkpt>
    <trkpt lat="46.255027" lon="10.32271">
      <ele>1879.341</ele>
    </trkpt>
    <trkpt lat="46.255187" lon="10.322725">
      <ele>1881.213</ele>
    </trkpt>
    <trkpt lat="46.255469" lon="10.322753">
      <ele>1883.779</ele>
    </trkpt>
    <trkpt lat="46.256056" lon="10.322557">
      <ele>1896.524</ele>
    </trkpt>
    <trkpt lat="46.256105" lon="10.32254">
      <ele>1897.757</ele>
    </trkpt>
    <trkpt lat="46.256651" lon="10.322553">
      <ele>1904.259</ele>
    </trkpt>
    <trkpt lat="46.25671" lon="10.322553">
      <ele>1904.971</ele>
    </trkpt>
    <trkpt lat="46.256978" lon="10.322551">
      <ele>1908.22</ele>
    </trkpt>
    <trkpt lat="46.257513" lon="10.322549">
      <ele>1918.269</ele>
    </trkpt>
    <trkpt lat="46.258039" lon="10.322739">
      <ele>1924.73</ele>
    </trkpt>
    <trkpt lat="46.258155" lon="10.322762">
      <ele>1925.85</ele>
    </trkpt>
    <trkpt lat="46.258326" lon="10.322796">
      <ele>1927.499</ele>
    </trkpt>
    <trkpt lat="46.258478" lon="10.322825">
      <ele>1930.105</ele>
    </trkpt>
    <trkpt lat="46.259011" lon="10.32308">
      <ele>1936.038</ele>
    </trkpt>
    <trkpt lat="46.259039" lon="10.323105">
      <ele>1936.337</ele>
    </trkpt>
    <trkpt lat="46.259134" lon="10.323167">
      <ele>1937.699</ele>
    </trkpt>
    <trkpt lat="46.259193" lon="10.323199">
      <ele>1938.513</ele>
    </trkpt>
    <trkpt lat="46.259199" lon="10.323202">
      <ele>1938.584</ele>
    </trkpt>
    <trkpt lat="46.259305" lon="10.323268">
      <ele>1939.253</ele>
    </trkpt>
    <trkpt lat="46.25933" lon="10.323281">
      <ele>1939.403</ele>
    </trkpt>
    <trkpt lat="46.259335" lon="10.323283">
      <ele>1939.447</ele>
    </trkpt>
    <trkpt lat="46.259614" lon="10.323462">
      <ele>1942.465</ele>
    </trkpt>
    <trkpt lat="46.26012" lon="10.323829">
      <ele>1950.505</ele>
    </trkpt>
    <trkpt lat="46.260308" lon="10.324316">
      <ele>1950.402</ele>
    </trkpt>
    <trkpt lat="46.26039" lon="10.324851">
      <ele>1950.676</ele>
    </trkpt>
    <trkpt lat="46.260508" lon="10.325335">
      <ele>1955.451</ele>
    </trkpt>
    <trkpt lat="46.260625" lon="10.325846">
      <ele>1959.887</ele>
    </trkpt>
    <trkpt lat="46.260303" lon="10.32632">
      <ele>1959.462</ele>
    </trkpt>
    <trkpt lat="46.260282" lon="10.326624">
      <ele>1962.615</ele>
    </trkpt>
    <trkpt lat="46.259977" lon="10.327124">
      <ele>1964.06</ele>
    </trkpt>
    <trkpt lat="46.259531" lon="10.327595">
      <ele>1965.546</ele>
    </trkpt>
    <trkpt lat="46.25952" lon="10.327603">
      <ele>1965.6</ele>
    </trkpt>
    <trkpt lat="46.259069" lon="10.327854">
      <ele>1964.771</ele>
    </trkpt>
    <trkpt lat="46.258869" lon="10.327965">
      <ele>1965.923</ele>
    </trkpt>
    <trkpt lat="46.258661" lon="10.328009">
      <ele>1965.851</ele>
    </trkpt>
    <trkpt lat="46.25817" lon="10.328195">
      <ele>1967.747</ele>
    </trkpt>
    <trkpt lat="46.257864" lon="10.328465">
      <ele>1972.367</ele>
    </trkpt>
    <trkpt lat="46.257603" lon="10.328449">
      <ele>1972.118</ele>
    </trkpt>
    <trkpt lat="46.257349" lon="10.328498">
      <ele>1971.382</ele>
    </trkpt>
    <trkpt lat="46.257242" lon="10.328519">
      <ele>1970.608</ele>
    </trkpt>
    <trkpt lat="46.256906" lon="10.328583">
      <ele>1970.301</ele>
    </trkpt>
    <trkpt lat="46.256852" lon="10.328594">
      <ele>1970.799</ele>
    </trkpt>
    <trkpt lat="46.256537" lon="10.32866">
      <ele>1973.211</ele>
    </trkpt>
    <trkpt lat="46.256508" lon="10.328666">
      <ele>1973.292</ele>
    </trkpt>
    <trkpt lat="46.256441" lon="10.328681">
      <ele>1973.499</ele>
    </trkpt>
    <trkpt lat="46.255856" lon="10.328851">
      <ele>1980.566</ele>
    </trkpt>
    <trkpt lat="46.255617" lon="10.328936">
      <ele>1983.998</ele>
    </trkpt>
    <trkpt lat="46.255543" lon="10.328962">
      <ele>1985.213</ele>
    </trkpt>
    <trkpt lat="46.255293" lon="10.329051">
      <ele>1989.239</ele>
    </trkpt>
    <trkpt lat="46.254752" lon="10.329243">
      <ele>1993.737</ele>
    </trkpt>
    <trkpt lat="46.254613" lon="10.329552">
      <ele>1997.202</ele>
    </trkpt>
    <trkpt lat="46.254583" lon="10.329615">
      <ele>1997.223</ele>
    </trkpt>
    <trkpt lat="46.254383" lon="10.330032">
      <ele>2000.887</ele>
    </trkpt>
    <trkpt lat="46.254377" lon="10.330553">
      <ele>2007.761</ele>
    </trkpt>
    <trkpt lat="46.254535" lon="10.33128">
      <ele>2012.326</ele>
    </trkpt>
    <trkpt lat="46.254558" lon="10.331387">
      <ele>2012.686</ele>
    </trkpt>
    <trkpt lat="46.254591" lon="10.331493">
      <ele>2013.374</ele>
    </trkpt>
    <trkpt lat="46.254675" lon="10.331669">
      <ele>2015.443</ele>
    </trkpt>
    <trkpt lat="46.254833" lon="10.332001">
      <ele>2017.98</ele>
    </trkpt>
    <trkpt lat="46.254955" lon="10.332418">
      <ele>2019.808</ele>
    </trkpt>
    <trkpt lat="46.254983" lon="10.332562">
      <ele>2020.09</ele>
    </trkpt>
    <trkpt lat="46.255066" lon="10.332833">
      <ele>2022.415</ele>
    </trkpt>
    <trkpt lat="46.255205" lon="10.333208">
      <ele>2025.472</ele>
    </trkpt>
    <trkpt lat="46.255417" lon="10.333523">
      <ele>2030.805</ele>
    </trkpt>
    <trkpt lat="46.255665" lon="10.334315">
      <ele>2033.732</ele>
    </trkpt>
    <trkpt lat="46.255942" lon="10.335066">
      <ele>2037.726</ele>
    </trkpt>
    <trkpt lat="46.25597" lon="10.335144">
      <ele>2038.41</ele>
    </trkpt>
    <trkpt lat="46.256052" lon="10.335366">
      <ele>2040.048</ele>
    </trkpt>
    <trkpt lat="46.256062" lon="10.335394">
      <ele>2040.241</ele>
    </trkpt>
    <trkpt lat="46.25611" lon="10.335524">
      <ele>2041.085</ele>
    </trkpt>
    <trkpt lat="46.256236" lon="10.335817">
      <ele>2043.232</ele>
    </trkpt>
    <trkpt lat="46.256363" lon="10.336075">
      <ele>2045.478</ele>
    </trkpt>
    <trkpt lat="46.256443" lon="10.336284">
      <ele>2047.0</ele>
    </trkpt>
    <trkpt lat="46.256511" lon="10.33675">
      <ele>2047.89</ele>
    </trkpt>
    <trkpt lat="46.256547" lon="10.336987">
      <ele>2048.999</ele>
    </trkpt>
    <trkpt lat="46.256578" lon="10.337527">
      <ele>2050.789</ele>
    </trkpt>
    <trkpt lat="46.256688" lon="10.337983">
      <ele>2054.123</ele>
    </trkpt>
    <trkpt lat="46.256711" lon="10.338042">
      <ele>2054.749</ele>
    </trkpt>
    <trkpt lat="46.256726" lon="10.338093">
      <ele>2054.962</ele>
    </trkpt>
    <trkpt lat="46.256835" lon="10.338448">
      <ele>2055.973</ele>
    </trkpt>
    <trkpt lat="46.256922" lon="10.338731">
      <ele>2056.596</ele>
    </trkpt>
    <trkpt lat="46.257056" lon="10.339156">
      <ele>2059.023</ele>
    </trkpt>
    <trkpt lat="46.257049" lon="10.339714">
      <ele>2059.852</ele>
    </trkpt>
    <trkpt lat="46.257026" lon="10.340195">
      <ele>2061.67</ele>
    </trkpt>
    <trkpt lat="46.256771" lon="10.340739">
      <ele>2063.016</ele>
    </trkpt>
    <trkpt lat="46.256755" lon="10.340772">
      <ele>2063.202</ele>
    </trkpt>
    <trkpt lat="46.256756" lon="10.340865">
      <ele>2064.329</ele>
    </trkpt>
    <trkpt lat="46.256757" lon="10.340975">
      <ele>2064.621</ele>
    </trkpt>
    <trkpt lat="46.25676" lon="10.341224">
      <ele>2064.746</ele>
    </trkpt>
    <trkpt lat="46.256761" lon="10.341271">
      <ele>2064.657</ele>
    </trkpt>
    <trkpt lat="46.256762" lon="10.341336">
      <ele>2064.527</ele>
    </trkpt>
    <trkpt lat="46.256766" lon="10.341759">
      <ele>2066.478</ele>
    </trkpt>
    <trkpt lat="46.256767" lon="10.341887">
      <ele>2066.96</ele>
    </trkpt>
    <trkpt lat="46.256772" lon="10.342371">
      <ele>2069.143</ele>
    </trkpt>
    <trkpt lat="46.25687" lon="10.342957">
      <ele>2071.084</ele>
    </trkpt>
    <trkpt lat="46.256693" lon="10.343054">
      <ele>2070.169</ele>
    </trkpt>
    <trkpt lat="46.256532" lon="10.343279">
      <ele>2070.983</ele>
    </trkpt>
    <trkpt lat="46.256405" lon="10.343631">
      <ele>2073.385</ele>
    </trkpt>
    <trkpt lat="46.256192" lon="10.343778">
      <ele>2073.528</ele>
    </trkpt>
    <trkpt lat="46.255894" lon="10.343669">
      <ele>2070.586</ele>
    </trkpt>
    <trkpt lat="46.255489" lon="10.34371">
      <ele>2075.236</ele>
    </trkpt>
    <trkpt lat="46.255275" lon="10.343908">
      <ele>2077.086</ele>
    </trkpt>
    <trkpt lat="46.255182" lon="10.344387">
      <ele>2077.35</ele>
    </trkpt>
    <trkpt lat="46.255184" lon="10.344443">
      <ele>2077.924</ele>
    </trkpt>
    <trkpt lat="46.255205" lon="10.344864">
      <ele>2079.942</ele>
    </trkpt>
    <trkpt lat="46.25521" lon="10.344972">
      <ele>2080.315</ele>
    </trkpt>
    <trkpt lat="46.255203" lon="10.345595">
      <ele>2080.308</ele>
    </trkpt>
    <trkpt lat="46.255198" lon="10.34599">
      <ele>2081.28</ele>
    </trkpt>
    <trkpt lat="46.255197" lon="10.346037">
      <ele>2081.457</ele>
    </trkpt>
    <trkpt lat="46.255172" lon="10.346587">
      <ele>2082.974</ele>
    </trkpt>
    <trkpt lat="46.255172" lon="10.346593">
      <ele>2082.99</ele>
    </trkpt>
    <trkpt lat="46.25515" lon="10.347076">
      <ele>2083.807</ele>
    </trkpt>
    <trkpt lat="46.255075" lon="10.347739">
      <ele>2085.29</ele>
    </trkpt>
    <trkpt lat="46.255052" lon="10.347941">
      <ele>2085.86</ele>
    </trkpt>
    <trkpt lat="46.254993" lon="10.348467">
      <ele>2085.811</ele>
    </trkpt>
    <trkpt lat="46.254992" lon="10.348472">
      <ele>2085.784</ele>
    </trkpt>
    <trkpt lat="46.254991" lon="10.348484">
      <ele>2085.758</ele>
    </trkpt>
    <trkpt lat="46.254969" lon="10.348618">
      <ele>2085.246</ele>
    </trkpt>
    <trkpt lat="46.254964" lon="10.34865">
      <ele>2085.251</ele>
    </trkpt>
    <trkpt lat="46.254958" lon="10.348685">
      <ele>2085.248</ele>
    </trkpt>
    <trkpt lat="46.254928" lon="10.348863">
      <ele>2085.327</ele>
    </trkpt>
    <trkpt lat="46.254903" lon="10.34901">
      <ele>2085.777</ele>
    </trkpt>
    <trkpt lat="46.255096" lon="10.350087">
      <ele>2092.657</ele>
    </trkpt>
    <trkpt lat="46.255306" lon="10.350841">
      <ele>2095.576</ele>
    </trkpt>
    <trkpt lat="46.255546" lon="10.351526">
      <ele>2096.351</ele>
    </trkpt>
    <trkpt lat="46.255706" lon="10.353375">
      <ele>2095.473</ele>
    </trkpt>
    <trkpt lat="46.25584" lon="10.354842">
      <ele>2098.445</ele>
    </trkpt>
    <trkpt lat="46.256106" lon="10.35651">
      <ele>2098.018</ele>
    </trkpt>
    <trkpt lat="46.256328" lon="10.357833">
      <ele>2098.176</ele>
    </trkpt>
    <trkpt lat="46.256264" lon="10.359974">
      <ele>2100.663</ele>
    </trkpt>
    <trkpt lat="46.255981" lon="10.36134">
      <ele>2114.927</ele>
    </trkpt>
    <trkpt lat="46.25579" lon="10.362214">
      <ele>2125.033</ele>
    </trkpt>
    <trkpt lat="46.255742" lon="10.362552">
      <ele>2129.005</ele>
    </trkpt>
    <trkpt lat="46.255806" lon="10.362906">
      <ele>2129.294</ele>
    </trkpt>
    <trkpt lat="46.255817" lon="10.362931">
      <ele>2129.054</ele>
    </trkpt>
    <trkpt lat="46.255828" lon="10.362957">
      <ele>2128.811</ele>
    </trkpt>
    <trkpt lat="46.255859" lon="10.363032">
      <ele>2128.084</ele>
    </trkpt>
    <trkpt lat="46.256053" lon="10.3635">
      <ele>2123.148</ele>
    </trkpt>
    <trkpt lat="46.256114" lon="10.363647">
      <ele>2121.918</ele>
    </trkpt>
    <trkpt lat="46.256228" lon="10.364043">
      <ele>2118.821</ele>
    </trkpt>
    <trkpt lat="46.256236" lon="10.364178">
      <ele>2118.422</ele>
    </trkpt>
    <trkpt lat="46.256237" lon="10.364185">
      <ele>2118.404</ele>
    </trkpt>
    <trkpt lat="46.256277" lon="10.364412">
      <ele>2117.75</ele>
    </trkpt>
    <trkpt lat="46.25634" lon="10.364483">
      <ele>2116.395</ele>
    </trkpt>
    <trkpt lat="46.256426" lon="10.364737">
      <ele>2115.023</ele>
    </trkpt>
    <trkpt lat="46.256446" lon="10.364805">
      <ele>2114.829</ele>
    </trkpt>
    <trkpt lat="46.256632" lon="10.365391">
      <ele>2110.656</ele>
    </trkpt>
    <trkpt lat="46.256715" lon="10.365626">
      <ele>2108.251</ele>
    </trkpt>
    <trkpt lat="46.256868" lon="10.366192">
      <ele>2102.594</ele>
    </trkpt>
    <trkpt lat="46.256963" lon="10.366577">
      <ele>2099.897</ele>
    </trkpt>
    <trkpt lat="46.256956" lon="10.367185">
      <ele>2100.501</ele>
    </trkpt>
    <trkpt lat="46.25693" lon="10.367991">
      <ele>2096.92</ele>
    </trkpt>
    <trkpt lat="46.256872" lon="10.36844">
      <ele>2096.101</ele>
    </trkpt>
    <trkpt lat="46.256813" lon="10.368856">
      <ele>2094.143</ele>
    </trkpt>
    <trkpt lat="46.25656" lon="10.369433">
      <ele>2091.396</ele>
    </trkpt>
    <trkpt lat="46.256186" lon="10.369779">
      <ele>2087.449</ele>
    </trkpt>
    <trkpt lat="46.256131" lon="10.369805">
      <ele>2087.119</ele>
    </trkpt>
    <trkpt lat="46.255968" lon="10.369881">
      <ele>2087.999</ele>
    </trkpt>
    <trkpt lat="46.255671" lon="10.37002">
      <ele>2089.533</ele>
    </trkpt>
    <trkpt lat="46.255619" lon="10.370044">
      <ele>2089.204</ele>
    </trkpt>
    <trkpt lat="46.255377" lon="10.370134">
      <ele>2088.736</ele>
    </trkpt>
    <trkpt lat="46.255054" lon="10.370254">
      <ele>2090.489</ele>
    </trkpt>
    <trkpt lat="46.254707" lon="10.370383">
      <ele>2089.714</ele>
    </trkpt>
    <trkpt lat="46.25437" lon="10.370508">
      <ele>2087.953</ele>
    </trkpt>
    <trkpt lat="46.253613" lon="10.37103">
      <ele>2081.455</ele>
    </trkpt>
    <trkpt lat="46.25312" lon="10.371018">
      <ele>2078.115</ele>
    </trkpt>
    <trkpt lat="46.252838" lon="10.371079">
      <ele>2075.679</ele>
    </trkpt>
    <trkpt lat="46.252013" lon="10.37143">
      <ele>2071.693</ele>
    </trkpt>
    <trkpt lat="46.250699" lon="10.371364">
      <ele>2055.56</ele>
    </trkpt>
    <trkpt lat="46.250212" lon="10.370912">
      <ele>2051.302</ele>
    </trkpt>
    <trkpt lat="46.250195" lon="10.370336">
      <ele>2051.575</ele>
    </trkpt>
    <trkpt lat="46.250143" lon="10.370113">
      <ele>2049.663</ele>
    </trkpt>
    <trkpt lat="46.250084" lon="10.36986">
      <ele>2047.326</ele>
    </trkpt>
    <trkpt lat="46.249977" lon="10.368978">
      <ele>2042.113</ele>
    </trkpt>
    <trkpt lat="46.24982" lon="10.368365">
      <ele>2035.894</ele>
    </trkpt>
    <trkpt lat="46.249645" lon="10.36924">
      <ele>2025.664</ele>
    </trkpt>
    <trkpt lat="46.249455" lon="10.368225">
      <ele>2017.547</ele>
    </trkpt>
    <trkpt lat="46.249407" lon="10.367971">
      <ele>2014.68</ele>
    </trkpt>
    <trkpt lat="46.249359" lon="10.367711">
      <ele>2011.142</ele>
    </trkpt>
    <trkpt lat="46.249301" lon="10.368039">
      <ele>2010.198</ele>
    </trkpt>
    <trkpt lat="46.249182" lon="10.368721">
      <ele>2004.344</ele>
    </trkpt>
    <trkpt lat="46.249201" lon="10.369128">
      <ele>2003.222</ele>
    </trkpt>
    <trkpt lat="46.249313" lon="10.369604">
      <ele>2007.303</ele>
    </trkpt>
    <trkpt lat="46.249294" lon="10.369692">
      <ele>2005.543</ele>
    </trkpt>
    <trkpt lat="46.249232" lon="10.369986">
      <ele>2000.814</ele>
    </trkpt>
    <trkpt lat="46.249213" lon="10.370075">
      <ele>1999.489</ele>
    </trkpt>
    <trkpt lat="46.249137" lon="10.370581">
      <ele>1993.23</ele>
    </trkpt>
    <trkpt lat="46.249126" lon="10.37146">
      <ele>1980.912</ele>
    </trkpt>
    <trkpt lat="46.248784" lon="10.370606">
      <ele>1975.237</ele>
    </trkpt>
    <trkpt lat="46.24865" lon="10.370061">
      <ele>1969.582</ele>
    </trkpt>
    <trkpt lat="46.248527" lon="10.370498">
      <ele>1962.314</ele>
    </trkpt>
    <trkpt lat="46.248543" lon="10.371175">
      <ele>1959.541</ele>
    </trkpt>
    <trkpt lat="46.248652" lon="10.371854">
      <ele>1955.148</ele>
    </trkpt>
    <trkpt lat="46.248947" lon="10.372673">
      <ele>1949.591</ele>
    </trkpt>
    <trkpt lat="46.248599" lon="10.372394">
      <ele>1943.205</ele>
    </trkpt>
    <trkpt lat="46.248491" lon="10.372282">
      <ele>1941.773</ele>
    </trkpt>
    <trkpt lat="46.248314" lon="10.372098">
      <ele>1938.746</ele>
    </trkpt>
    <trkpt lat="46.248066" lon="10.371839">
      <ele>1934.089</ele>
    </trkpt>
    <trkpt lat="46.248114" lon="10.372124">
      <ele>1932.234</ele>
    </trkpt>
    <trkpt lat="46.24821" lon="10.372872">
      <ele>1926.724</ele>
    </trkpt>
    <trkpt lat="46.24824" lon="10.373206">
      <ele>1922.964</ele>
    </trkpt>
    <trkpt lat="46.248326" lon="10.373906">
      <ele>1913.394</ele>
    </trkpt>
    <trkpt lat="46.248344" lon="10.374045">
      <ele>1911.05</ele>
    </trkpt>
    <trkpt lat="46.248451" lon="10.374893">
      <ele>1902.017</ele>
    </trkpt>
    <trkpt lat="46.248442" lon="10.375671">
      <ele>1891.394</ele>
    </trkpt>
    <trkpt lat="46.24902" lon="10.376395">
      <ele>1886.162</ele>
    </trkpt>
    <trkpt lat="46.249575" lon="10.377052">
      <ele>1872.66</ele>
    </trkpt>
    <trkpt lat="46.250064" lon="10.377402">
      <ele>1862.796</ele>
    </trkpt>
    <trkpt lat="46.250508" lon="10.377515">
      <ele>1854.946</ele>
    </trkpt>
    <trkpt lat="46.250885" lon="10.377389">
      <ele>1854.215</ele>
    </trkpt>
    <trkpt lat="46.251423" lon="10.377504">
      <ele>1840.267</ele>
    </trkpt>
    <trkpt lat="46.251088" lon="10.378037">
      <ele>1828.945</ele>
    </trkpt>
    <trkpt lat="46.250638" lon="10.378431">
      <ele>1821.385</ele>
    </trkpt>
    <trkpt lat="46.249697" lon="10.378611">
      <ele>1816.913</ele>
    </trkpt>
    <trkpt lat="46.249132" lon="10.378766">
      <ele>1810.915</ele>
    </trkpt>
    <trkpt lat="46.248386" lon="10.378341">
      <ele>1805.742</ele>
    </trkpt>
    <trkpt lat="46.247598" lon="10.377544">
      <ele>1800.821</ele>
    </trkpt>
    <trkpt lat="46.246573" lon="10.376487">
      <ele>1776.061</ele>
    </trkpt>
    <trkpt lat="46.246555" lon="10.376469">
      <ele>1775.471</ele>
    </trkpt>
    <trkpt lat="46.246889" lon="10.377966">
      <ele>1753.577</ele>
    </trkpt>
    <trkpt lat="46.247077" lon="10.378965">
      <ele>1731.588</ele>
    </trkpt>
    <trkpt lat="46.247349" lon="10.379682">
      <ele>1717.999</ele>
    </trkpt>
    <trkpt lat="46.24743" lon="10.379839">
      <ele>1714.75</ele>
    </trkpt>
    <trkpt lat="46.247728" lon="10.380422">
      <ele>1703.257</ele>
    </trkpt>
    <trkpt lat="46.247906" lon="10.38117">
      <ele>1682.959</ele>
    </trkpt>
    <trkpt lat="46.247609" lon="10.381139">
      <ele>1675.537</ele>
    </trkpt>
    <trkpt lat="46.247208" lon="10.381097">
      <ele>1666.994</ele>
    </trkpt>
    <trkpt lat="46.247063" lon="10.381082">
      <ele>1663.193</ele>
    </trkpt>
    <trkpt lat="46.245939" lon="10.380884">
      <ele>1636.018</ele>
    </trkpt>
    <trkpt lat="46.245546" lon="10.380333">
      <ele>1628.231</ele>
    </trkpt>
    <trkpt lat="46.245361" lon="10.380163">
      <ele>1624.186</ele>
    </trkpt>
    <trkpt lat="46.245267" lon="10.380077">
      <ele>1622.144</ele>
    </trkpt>
    <trkpt lat="46.245097" lon="10.379921">
      <ele>1618.263</ele>
    </trkpt>
    <trkpt lat="46.244981" lon="10.379814">
      <ele>1615.254</ele>
    </trkpt>
    <trkpt lat="46.244827" lon="10.379673">
      <ele>1609.721</ele>
    </trkpt>
    <trkpt lat="46.244296" lon="10.378915">
      <ele>1592.722</ele>
    </trkpt>
    <trkpt lat="46.244023" lon="10.378266">
      <ele>1580.909</ele>
    </trkpt>
    <trkpt lat="46.243872" lon="10.377695">
      <ele>1574.875</ele>
    </trkpt>
    <trkpt lat="46.243579" lon="10.377327">
      <ele>1569.836</ele>
    </trkpt>
    <trkpt lat="46.243074" lon="10.377126">
      <ele>1567.348</ele>
    </trkpt>
    <trkpt lat="46.242634" lon="10.376675">
      <ele>1561.043</ele>
    </trkpt>
    <trkpt lat="46.242716" lon="10.377624">
      <ele>1537.075</ele>
    </trkpt>
    <trkpt lat="46.243017" lon="10.37797">
      <ele>1529.906</ele>
    </trkpt>
    <trkpt lat="46.243248" lon="10.378246">
      <ele>1528.754</ele>
    </trkpt>
    <trkpt lat="46.243198" lon="10.378939">
      <ele>1517.571</ele>
    </trkpt>
    <trkpt lat="46.243192" lon="10.379023">
      <ele>1516.174</ele>
    </trkpt>
    <trkpt lat="46.243207" lon="10.379535">
      <ele>1511.258</ele>
    </trkpt>
    <trkpt lat="46.243214" lon="10.379586">
      <ele>1511.105</ele>
    </trkpt>
    <trkpt lat="46.243284" lon="10.380078">
      <ele>1507.642</ele>
    </trkpt>
    <trkpt lat="46.243388" lon="10.380812">
      <ele>1499.927</ele>
    </trkpt>
    <trkpt lat="46.243396" lon="10.381565">
      <ele>1489.397</ele>
    </trkpt>
    <trkpt lat="46.243425" lon="10.381794">
      <ele>1486.998</ele>
    </trkpt>
    <trkpt lat="46.243464" lon="10.382103">
      <ele>1483.53</ele>
    </trkpt>
    <trkpt lat="46.243478" lon="10.382214">
      <ele>1482.424</ele>
    </trkpt>
    <trkpt lat="46.243505" lon="10.382612">
      <ele>1477.052</ele>
    </trkpt>
    <trkpt lat="46.243509" lon="10.382811">
      <ele>1474.667</ele>
    </trkpt>
    <trkpt lat="46.243517" lon="10.383191">
      <ele>1469.314</ele>
    </trkpt>
    <trkpt lat="46.243548" lon="10.383501">
      <ele>1465.244</ele>
    </trkpt>
    <trkpt lat="46.243572" lon="10.383745">
      <ele>1459.877</ele>
    </trkpt>
    <trkpt lat="46.243622" lon="10.384242">
      <ele>1449.522</ele>
    </trkpt>
    <trkpt lat="46.243297" lon="10.383963">
      <ele>1444.856</ele>
    </trkpt>
    <trkpt lat="46.243429" lon="10.384643">
      <ele>1432.627</ele>
    </trkpt>
    <trkpt lat="46.243631" lon="10.385426">
      <ele>1421.543</ele>
    </trkpt>
    <trkpt lat="46.243049" lon="10.385005">
      <ele>1404.756</ele>
    </trkpt>
    <trkpt lat="46.243057" lon="10.385049">
      <ele>1404.537</ele>
    </trkpt>
    <trkpt lat="46.24312" lon="10.385404">
      <ele>1402.873</ele>
    </trkpt>
    <trkpt lat="46.243181" lon="10.385753">
      <ele>1401.191</ele>
    </trkpt>
    <trkpt lat="46.243177" lon="10.386091">
      <ele>1398.12</ele>
    </trkpt>
    <trkpt lat="46.243172" lon="10.386497">
      <ele>1391.408</ele>
    </trkpt>
    <trkpt lat="46.243333" lon="10.386805">
      <ele>1389.006</ele>
    </trkpt>
    <trkpt lat="46.243389" lon="10.387086">
      <ele>1383.855</ele>
    </trkpt>
    <trkpt lat="46.243421" lon="10.387247">
      <ele>1381.82</ele>
    </trkpt>
    <trkpt lat="46.243524" lon="10.387538">
      <ele>1380.459</ele>
    </trkpt>
    <trkpt lat="46.243543" lon="10.387762">
      <ele>1377.095</ele>
    </trkpt>
    <trkpt lat="46.243676" lon="10.387989">
      <ele>1377.188</ele>
    </trkpt>
    <trkpt lat="46.243914" lon="10.38833">
      <ele>1372.445</ele>
    </trkpt>
    <trkpt lat="46.244048" lon="10.38853">
      <ele>1370.043</ele>
    </trkpt>
    <trkpt lat="46.244269" lon="10.388647">
      <ele>1370.943</ele>
    </trkpt>
    <trkpt lat="46.244656" lon="10.388769">
      <ele>1371.68</ele>
    </trkpt>
    <trkpt lat="46.245373" lon="10.388801">
      <ele>1378.299</ele>
    </trkpt>
    <trkpt lat="46.245751" lon="10.388838">
      <ele>1377.961</ele>
    </trkpt>
    <trkpt lat="46.246031" lon="10.388943">
      <ele>1374.052</ele>
    </trkpt>
    <trkpt lat="46.246334" lon="10.389099">
      <ele>1368.436</ele>
    </trkpt>
    <trkpt lat="46.246411" lon="10.389167">
      <ele>1365.989</ele>
    </trkpt>
    <trkpt lat="46.246716" lon="10.389318">
      <ele>1361.448</ele>
    </trkpt>
    <trkpt lat="46.246818" lon="10.389332">
      <ele>1360.59</ele>
    </trkpt>
    <trkpt lat="46.247051" lon="10.389366">
      <ele>1358.057</ele>
    </trkpt>
    <trkpt lat="46.247053" lon="10.389367">
      <ele>1358.006</ele>
    </trkpt>
    <trkpt lat="46.247072" lon="10.389369">
      <ele>1357.798</ele>
    </trkpt>
    <trkpt lat="46.2474" lon="10.389264">
      <ele>1359.44</ele>
    </trkpt>
    <trkpt lat="46.247421" lon="10.389256">
      <ele>1359.583</ele>
    </trkpt>
    <trkpt lat="46.247964" lon="10.389056">
      <ele>1361.906</ele>
    </trkpt>
    <trkpt lat="46.248017" lon="10.389037">
      <ele>1362.075</ele>
    </trkpt>
    <trkpt lat="46.248274" lon="10.388853">
      <ele>1364.849</ele>
    </trkpt>
    <trkpt lat="46.248405" lon="10.388794">
      <ele>1365.486</ele>
    </trkpt>
    <trkpt lat="46.24858" lon="10.388704">
      <ele>1365.993</ele>
    </trkpt>
    <trkpt lat="46.248779" lon="10.38859">
      <ele>1366.802</ele>
    </trkpt>
    <trkpt lat="46.248942" lon="10.388489">
      <ele>1369.667</ele>
    </trkpt>
    <trkpt lat="46.249064" lon="10.388424">
      <ele>1369.837</ele>
    </trkpt>
    <trkpt lat="46.249233" lon="10.388354">
      <ele>1366.904</ele>
    </trkpt>
    <trkpt lat="46.249544" lon="10.388019">
      <ele>1367.229</ele>
    </trkpt>
    <trkpt lat="46.249749" lon="10.387939">
      <ele>1365.607</ele>
    </trkpt>
    <trkpt lat="46.25005" lon="10.38787">
      <ele>1364.16</ele>
    </trkpt>
    <trkpt lat="46.250346" lon="10.387877">
      <ele>1363.109</ele>
    </trkpt>
    <trkpt lat="46.250507" lon="10.387823">
      <ele>1364.474</ele>
    </trkpt>
    <trkpt lat="46.250736" lon="10.387618">
      <ele>1364.575</ele>
    </trkpt>
    <trkpt lat="46.2508" lon="10.38752">
      <ele>1365.137</ele>
    </trkpt>
    <trkpt lat="46.251247" lon="10.387163">
      <ele>1370.89</ele>
    </trkpt>
    <trkpt lat="46.251365" lon="10.387125">
      <ele>1372.0</ele>
    </trkpt>
    <trkpt lat="46.251575" lon="10.387057">
      <ele>1375.086</ele>
    </trkpt>
    <trkpt lat="46.251902" lon="10.387023">
      <ele>1376.934</ele>
    </trkpt>
    <trkpt lat="46.252311" lon="10.387004">
      <ele>1379.285</ele>
    </trkpt>
    <trkpt lat="46.252516" lon="10.386995">
      <ele>1379.392</ele>
    </trkpt>
    <trkpt lat="46.252531" lon="10.38699">
      <ele>1379.39</ele>
    </trkpt>
    <trkpt lat="46.252889" lon="10.386851">
      <ele>1380.025</ele>
    </trkpt>
    <trkpt lat="46.253384" lon="10.386746">
      <ele>1383.626</ele>
    </trkpt>
    <trkpt lat="46.253638" lon="10.386752">
      <ele>1386.429</ele>
    </trkpt>
    <trkpt lat="46.253741" lon="10.386766">
      <ele>1386.717</ele>
    </trkpt>
    <trkpt lat="46.254053" lon="10.386806">
      <ele>1387.964</ele>
    </trkpt>
    <trkpt lat="46.254146" lon="10.386808">
      <ele>1388.743</ele>
    </trkpt>
    <trkpt lat="46.254508" lon="10.386817">
      <ele>1390.212</ele>
    </trkpt>
    <trkpt lat="46.254819" lon="10.386788">
      <ele>1391.595</ele>
    </trkpt>
    <trkpt lat="46.255113" lon="10.386761">
      <ele>1394.791</ele>
    </trkpt>
    <trkpt lat="46.255165" lon="10.386757">
      <ele>1395.557</ele>
    </trkpt>
    <trkpt lat="46.255697" lon="10.386719">
      <ele>1399.678</ele>
    </trkpt>
    <trkpt lat="46.255936" lon="10.386684">
      <ele>1400.154</ele>
    </trkpt>
    <trkpt lat="46.256114" lon="10.386658">
      <ele>1400.207</ele>
    </trkpt>
    <trkpt lat="46.256223" lon="10.386594">
      <ele>1401.218</ele>
    </trkpt>
    <trkpt lat="46.256266" lon="10.386568">
      <ele>1401.533</ele>
    </trkpt>
    <trkpt lat="46.25639" lon="10.386539">
      <ele>1401.284</ele>
    </trkpt>
    <trkpt lat="46.256759" lon="10.386378">
      <ele>1399.853</ele>
    </trkpt>
    <trkpt lat="46.257131" lon="10.386131">
      <ele>1398.699</ele>
    </trkpt>
    <trkpt lat="46.257424" lon="10.385953">
      <ele>1398.098</ele>
    </trkpt>
    <trkpt lat="46.257428" lon="10.385951">
      <ele>1398.083</ele>
    </trkpt>
    <trkpt lat="46.257486" lon="10.385919">
      <ele>1397.918</ele>
    </trkpt>
    <trkpt lat="46.257511" lon="10.38591">
      <ele>1397.766</ele>
    </trkpt>
    <trkpt lat="46.257859" lon="10.385739">
      <ele>1396.826</ele>
    </trkpt>
    <trkpt lat="46.258452" lon="10.385479">
      <ele>1404.935</ele>
    </trkpt>
    <trkpt lat="46.258801" lon="10.385277">
      <ele>1412.386</ele>
    </trkpt>
    <trkpt lat="46.259139" lon="10.385019">
      <ele>1415.827</ele>
    </trkpt>
    <trkpt lat="46.25951" lon="10.384682">
      <ele>1416.599</ele>
    </trkpt>
    <trkpt lat="46.259748" lon="10.384445">
      <ele>1419.897</ele>
    </trkpt>
    <trkpt lat="46.259891" lon="10.384256">
      <ele>1423.729</ele>
    </trkpt>
    <trkpt lat="46.25996" lon="10.384152">
      <ele>1425.612</ele>
    </trkpt>
    <trkpt lat="46.260361" lon="10.383436">
      <ele>1442.002</ele>
    </trkpt>
    <trkpt lat="46.260426" lon="10.383308">
      <ele>1445.147</ele>
    </trkpt>
    <trkpt lat="46.260571" lon="10.383157">
      <ele>1448.332</ele>
    </trkpt>
    <trkpt lat="46.260685" lon="10.383057">
      <ele>1450.032</ele>
    </trkpt>
    <trkpt lat="46.260941" lon="10.383064">
      <ele>1448.799</ele>
    </trkpt>
    <trkpt lat="46.261194" lon="10.38283">
      <ele>1454.601</ele>
    </trkpt>
    <trkpt lat="46.261315" lon="10.38267">
      <ele>1459.194</ele>
    </trkpt>
    <trkpt lat="46.261423" lon="10.382578">
      <ele>1460.436</ele>
    </trkpt>
    <trkpt lat="46.261484" lon="10.382451">
      <ele>1463.715</ele>
    </trkpt>
    <trkpt lat="46.261545" lon="10.382401">
      <ele>1464.098</ele>
    </trkpt>
    <trkpt lat="46.261683" lon="10.382318">
      <ele>1463.28</ele>
    </trkpt>
    <trkpt lat="46.261803" lon="10.382167">
      <ele>1465.953</ele>
    </trkpt>
    <trkpt lat="46.261955" lon="10.381948">
      <ele>1467.759</ele>
    </trkpt>
    <trkpt lat="46.262072" lon="10.381607">
      <ele>1476.48</ele>
    </trkpt>
    <trkpt lat="46.262285" lon="10.381235">
      <ele>1484.243</ele>
    </trkpt>
    <trkpt lat="46.262484" lon="10.380991">
      <ele>1486.995</ele>
    </trkpt>
    <trkpt lat="46.262641" lon="10.380875">
      <ele>1487.414</ele>
    </trkpt>
    <trkpt lat="46.262779" lon="10.38075">
      <ele>1487.496</ele>
    </trkpt>
    <trkpt lat="46.262914" lon="10.380435">
      <ele>1492.901</ele>
    </trkpt>
    <trkpt lat="46.262948" lon="10.380033">
      <ele>1501.204</ele>
    </trkpt>
    <trkpt lat="46.263105" lon="10.379899">
      <ele>1502.529</ele>
    </trkpt>
    <trkpt lat="46.263202" lon="10.379747">
      <ele>1505.462</ele>
    </trkpt>
    <trkpt lat="46.263234" lon="10.379508">
      <ele>1510.123</ele>
    </trkpt>
    <trkpt lat="46.263715" lon="10.379678">
      <ele>1510.307</ele>
    </trkpt>
    <trkpt lat="46.264122" lon="10.379839">
      <ele>1515.381</ele>
    </trkpt>
    <trkpt lat="46.264234" lon="10.380048">
      <ele>1516.663</ele>
    </trkpt>
    <trkpt lat="46.264396" lon="10.380052">
      <ele>1521.869</ele>
    </trkpt>
    <trkpt lat="46.264829" lon="10.380489">
      <ele>1533.708</ele>
    </trkpt>
    <trkpt lat="46.265101" lon="10.380811">
      <ele>1542.888</ele>
    </trkpt>
    <trkpt lat="46.265165" lon="10.380277">
      <ele>1549.732</ele>
    </trkpt>
    <trkpt lat="46.26521" lon="10.379647">
      <ele>1560.68</ele>
    </trkpt>
    <trkpt lat="46.265456" lon="10.379845">
      <ele>1569.698</ele>
    </trkpt>
    <trkpt lat="46.265612" lon="10.380289">
      <ele>1575.609</ele>
    </trkpt>
    <trkpt lat="46.265782" lon="10.380663">
      <ele>1583.27</ele>
    </trkpt>
    <trkpt lat="46.26582" lon="10.38073">
      <ele>1585.268</ele>
    </trkpt>
    <trkpt lat="46.26594" lon="10.380944">
      <ele>1589.964</ele>
    </trkpt>
    <trkpt lat="46.266" lon="10.381342">
      <ele>1591.468</ele>
    </trkpt>
    <trkpt lat="46.266118" lon="10.381663">
      <ele>1597.52</ele>
    </trkpt>
    <trkpt lat="46.266217" lon="10.382139">
      <ele>1603.657</ele>
    </trkpt>
    <trkpt lat="46.266228" lon="10.382196">
      <ele>1604.129</ele>
    </trkpt>
    <trkpt lat="46.266259" lon="10.382346">
      <ele>1605.196</ele>
    </trkpt>
    <trkpt lat="46.266328" lon="10.382525">
      <ele>1607.953</ele>
    </trkpt>
    <trkpt lat="46.266361" lon="10.382611">
      <ele>1608.775</ele>
    </trkpt>
    <trkpt lat="46.266458" lon="10.38284">
      <ele>1612.273</ele>
    </trkpt>
    <trkpt lat="46.266625" lon="10.383236">
      <ele>1616.29</ele>
    </trkpt>
    <trkpt lat="46.266887" lon="10.383641">
      <ele>1614.941</ele>
    </trkpt>
    <trkpt lat="46.267373" lon="10.383982">
      <ele>1620.561</ele>
    </trkpt>
    <trkpt lat="46.267765" lon="10.384328">
      <ele>1619.005</ele>
    </trkpt>
    <trkpt lat="46.268107" lon="10.384831">
      <ele>1615.416</ele>
    </trkpt>
    <trkpt lat="46.268115" lon="10.384866">
      <ele>1614.708</ele>
    </trkpt>
    <trkpt lat="46.268208" lon="10.384999">
      <ele>1613.427</ele>
    </trkpt>
    <trkpt lat="46.268345" lon="10.385147">
      <ele>1613.265</ele>
    </trkpt>
    <trkpt lat="46.268467" lon="10.385287">
      <ele>1613.498</ele>
    </trkpt>
    <trkpt lat="46.268602" lon="10.385538">
      <ele>1608.459</ele>
    </trkpt>
    <trkpt lat="46.26871" lon="10.385678">
      <ele>1608.275</ele>
    </trkpt>
    <trkpt lat="46.268793" lon="10.385859">
      <ele>1607.086</ele>
    </trkpt>
    <trkpt lat="46.26882" lon="10.386017">
      <ele>1605.214</ele>
    </trkpt>
    <trkpt lat="46.268861" lon="10.386156">
      <ele>1604.204</ele>
    </trkpt>
    <trkpt lat="46.268907" lon="10.386287">
      <ele>1603.503</ele>
    </trkpt>
    <trkpt lat="46.268951" lon="10.386584">
      <ele>1600.493</ele>
    </trkpt>
    <trkpt lat="46.268972" lon="10.386804">
      <ele>1598.707</ele>
    </trkpt>
    <trkpt lat="46.268975" lon="10.386996">
      <ele>1596.923</ele>
    </trkpt>
    <trkpt lat="46.269002" lon="10.387134">
      <ele>1596.21</ele>
    </trkpt>
    <trkpt lat="46.269057" lon="10.387266">
      <ele>1595.519</ele>
    </trkpt>
    <trkpt lat="46.269141" lon="10.387426">
      <ele>1593.324</ele>
    </trkpt>
    <trkpt lat="46.269201" lon="10.387551">
      <ele>1591.704</ele>
    </trkpt>
    <trkpt lat="46.26919" lon="10.387661">
      <ele>1588.615</ele>
    </trkpt>
    <trkpt lat="46.269147" lon="10.387708">
      <ele>1586.121</ele>
    </trkpt>
    <trkpt lat="46.269085" lon="10.387734">
      <ele>1583.457</ele>
    </trkpt>
    <trkpt lat="46.269012" lon="10.387828">
      <ele>1579.286</ele>
    </trkpt>
    <trkpt lat="46.268983" lon="10.387917">
      <ele>1577.206</ele>
    </trkpt>
    <trkpt lat="46.268948" lon="10.388053">
      <ele>1574.521</ele>
    </trkpt>
    <trkpt lat="46.268898" lon="10.388203">
      <ele>1571.637</ele>
    </trkpt>
    <trkpt lat="46.268886" lon="10.388381">
      <ele>1569.412</ele>
    </trkpt>
    <trkpt lat="46.26888" lon="10.388546">
      <ele>1567.479</ele>
    </trkpt>
    <trkpt lat="46.268869" lon="10.388676">
      <ele>1565.581</ele>
    </trkpt>
    <trkpt lat="46.268875" lon="10.388958">
      <ele>1561.941</ele>
    </trkpt>
    <trkpt lat="46.268867" lon="10.389232">
      <ele>1558.761</ele>
    </trkpt>
    <trkpt lat="46.268823" lon="10.389307">
      <ele>1556.944</ele>
    </trkpt>
    <trkpt lat="46.268812" lon="10.389416">
      <ele>1555.618</ele>
    </trkpt>
    <trkpt lat="46.26881" lon="10.389436">
      <ele>1555.379</ele>
    </trkpt>
    <trkpt lat="46.268802" lon="10.389518">
      <ele>1554.064</ele>
    </trkpt>
    <trkpt lat="46.268801" lon="10.389526">
      <ele>1553.927</ele>
    </trkpt>
    <trkpt lat="46.268795" lon="10.389656">
      <ele>1551.926</ele>
    </trkpt>
    <trkpt lat="46.268799" lon="10.389714">
      <ele>1551.177</ele>
    </trkpt>
    <trkpt lat="46.2688" lon="10.389725">
      <ele>1551.04</ele>
    </trkpt>
    <trkpt lat="46.268811" lon="10.38989">
      <ele>1548.902</ele>
    </trkpt>
    <trkpt lat="46.268828" lon="10.389893">
      <ele>1549.226</ele>
    </trkpt>
    <trkpt lat="46.268856" lon="10.389898">
      <ele>1549.758</ele>
    </trkpt>
    <trkpt lat="46.269381" lon="10.389987">
      <ele>1557.32</ele>
    </trkpt>
    <trkpt lat="46.269866" lon="10.390104">
      <ele>1560.969</ele>
    </trkpt>
    <trkpt lat="46.269986" lon="10.390147">
      <ele>1560.751</ele>
    </trkpt>
    <trkpt lat="46.269997" lon="10.390151">
      <ele>1560.723</ele>
    </trkpt>
    <trkpt lat="46.270221" lon="10.390215">
      <ele>1560.767</ele>
    </trkpt>
    <trkpt lat="46.270486" lon="10.390302">
      <ele>1561.172</ele>
    </trkpt>
    <trkpt lat="46.270901" lon="10.390514">
      <ele>1561.936</ele>
    </trkpt>
    <trkpt lat="46.271073" lon="10.390602">
      <ele>1562.201</ele>
    </trkpt>
    <trkpt lat="46.271082" lon="10.390607">
      <ele>1562.215</ele>
    </trkpt>
    <trkpt lat="46.271093" lon="10.390612">
      <ele>1562.247</ele>
    </trkpt>
    <trkpt lat="46.271118" lon="10.390623">
      <ele>1562.352</ele>
    </trkpt>
    <trkpt lat="46.271136" lon="10.390631">
      <ele>1562.478</ele>
    </trkpt>
    <trkpt lat="46.271306" lon="10.390704">
      <ele>1563.877</ele>
    </trkpt>
    <trkpt lat="46.271311" lon="10.390706">
      <ele>1563.924</ele>
    </trkpt>
    <trkpt lat="46.271341" lon="10.390712">
      <ele>1564.259</ele>
    </trkpt>
    <trkpt lat="46.271375" lon="10.390789">
      <ele>1564.127</ele>
    </trkpt>
    <trkpt lat="46.271659" lon="10.391033">
      <ele>1566.706</ele>
    </trkpt>
    <trkpt lat="46.272051" lon="10.391369">
      <ele>1573.089</ele>
    </trkpt>
    <trkpt lat="46.272446" lon="10.39155">
      <ele>1576.548</ele>
    </trkpt>
    <trkpt lat="46.273004" lon="10.391632">
      <ele>1581.803</ele>
    </trkpt>
    <trkpt lat="46.273396" lon="10.39169">
      <ele>1582.974</ele>
    </trkpt>
    <trkpt lat="46.273489" lon="10.391664">
      <ele>1583.599</ele>
    </trkpt>
    <trkpt lat="46.273741" lon="10.39179">
      <ele>1584.123</ele>
    </trkpt>
    <trkpt lat="46.273891" lon="10.391865">
      <ele>1584.472</ele>
    </trkpt>
    <trkpt lat="46.273951" lon="10.391896">
      <ele>1585.068</ele>
    </trkpt>
    <trkpt lat="46.274154" lon="10.392">
      <ele>1586.799</ele>
    </trkpt>
    <trkpt lat="46.274201" lon="10.392024">
      <ele>1587.186</ele>
    </trkpt>
    <trkpt lat="46.274258" lon="10.392067">
      <ele>1587.438</ele>
    </trkpt>
    <trkpt lat="46.274278" lon="10.392081">
      <ele>1587.546</ele>
    </trkpt>
    <trkpt lat="46.274353" lon="10.392168">
      <ele>1587.33</ele>
    </trkpt>
    <trkpt lat="46.274412" lon="10.392231">
      <ele>1587.329</ele>
    </trkpt>
    <trkpt lat="46.274419" lon="10.392239">
      <ele>1587.372</ele>
    </trkpt>
    <trkpt lat="46.274427" lon="10.392244">
      <ele>1587.461</ele>
    </trkpt>
    <trkpt lat="46.274669" lon="10.39246">
      <ele>1588.09</ele>
    </trkpt>
    <trkpt lat="46.274737" lon="10.39252">
      <ele>1588.293</ele>
    </trkpt>
    <trkpt lat="46.274804" lon="10.392592">
      <ele>1589.535</ele>
    </trkpt>
    <trkpt lat="46.274873" lon="10.392666">
      <ele>1590.553</ele>
    </trkpt>
    <trkpt lat="46.274884" lon="10.392695">
      <ele>1590.557</ele>
    </trkpt>
    <trkpt lat="46.274889" lon="10.392699">
      <ele>1590.626</ele>
    </trkpt>
    <trkpt lat="46.274897" lon="10.392728">
      <ele>1590.551</ele>
    </trkpt>
    <trkpt lat="46.274934" lon="10.392827">
      <ele>1590.635</ele>
    </trkpt>
    <trkpt lat="46.27495" lon="10.392867">
      <ele>1590.779</ele>
    </trkpt>
    <trkpt lat="46.275005" lon="10.393124">
      <ele>1591.104</ele>
    </trkpt>
    <trkpt lat="46.275007" lon="10.393128">
      <ele>1591.145</ele>
    </trkpt>
    <trkpt lat="46.275066" lon="10.393267">
      <ele>1592.245</ele>
    </trkpt>
    <trkpt lat="46.275127" lon="10.393376">
      <ele>1593.132</ele>
    </trkpt>
    <trkpt lat="46.275385" lon="10.393836">
      <ele>1594.961</ele>
    </trkpt>
    <trkpt lat="46.27547" lon="10.393934">
      <ele>1595.602</ele>
    </trkpt>
    <trkpt lat="46.275595" lon="10.394151">
      <ele>1595.212</ele>
    </trkpt>
    <trkpt lat="46.275624" lon="10.394229">
      <ele>1595.39</ele>
    </trkpt>
    <trkpt lat="46.275653" lon="10.394309">
      <ele>1595.584</ele>
    </trkpt>
    <trkpt lat="46.275787" lon="10.394597">
      <ele>1596.708</ele>
    </trkpt>
    <trkpt lat="46.275853" lon="10.394679">
      <ele>1597.591</ele>
    </trkpt>
    <trkpt lat="46.275942" lon="10.394789">
      <ele>1599.253</ele>
    </trkpt>
    <trkpt lat="46.275986" lon="10.394845">
      <ele>1600.055</ele>
    </trkpt>
    <trkpt lat="46.276309" lon="10.39523">
      <ele>1605.685</ele>
    </trkpt>
    <trkpt lat="46.276466" lon="10.395417">
      <ele>1608.164</ele>
    </trkpt>
    <trkpt lat="46.276478" lon="10.395426">
      <ele>1608.37</ele>
    </trkpt>
    <trkpt lat="46.276533" lon="10.395493">
      <ele>1609.053</ele>
    </trkpt>
    <trkpt lat="46.276585" lon="10.395557">
      <ele>1609.513</ele>
    </trkpt>
    <trkpt lat="46.276712" lon="10.395711">
      <ele>1610.372</ele>
    </trkpt>
    <trkpt lat="46.276727" lon="10.395729">
      <ele>1610.512</ele>
    </trkpt>
    <trkpt lat="46.276741" lon="10.395746">
      <ele>1610.633</ele>
    </trkpt>
    <trkpt lat="46.276863" lon="10.395902">
      <ele>1611.427</ele>
    </trkpt>
    <trkpt lat="46.276932" lon="10.395959">
      <ele>1612.354</ele>
    </trkpt>
    <trkpt lat="46.277002" lon="10.396018">
      <ele>1613.249</ele>
    </trkpt>
    <trkpt lat="46.277114" lon="10.39611">
      <ele>1614.674</ele>
    </trkpt>
    <trkpt lat="46.277397" lon="10.396417">
      <ele>1617.239</ele>
    </trkpt>
    <trkpt lat="46.277604" lon="10.396458">
      <ele>1619.907</ele>
    </trkpt>
    <trkpt lat="46.277624" lon="10.39646">
      <ele>1620.159</ele>
    </trkpt>
    <trkpt lat="46.277647" lon="10.396462">
      <ele>1620.451</ele>
    </trkpt>
    <trkpt lat="46.277669" lon="10.396464">
      <ele>1620.728</ele>
    </trkpt>
    <trkpt lat="46.277689" lon="10.396465">
      <ele>1620.987</ele>
    </trkpt>
    <trkpt lat="46.277708" lon="10.396467">
      <ele>1621.222</ele>
    </trkpt>
    <trkpt lat="46.277727" lon="10.396471">
      <ele>1621.436</ele>
    </trkpt>
    <trkpt lat="46.277747" lon="10.396477">
      <ele>1621.64</ele>
    </trkpt>
    <trkpt lat="46.277768" lon="10.396481">
      <ele>1621.876</ele>
    </trkpt>
    <trkpt lat="46.277788" lon="10.396487">
      <ele>1622.051</ele>
    </trkpt>
    <trkpt lat="46.277807" lon="10.396495">
      <ele>1622.17</ele>
    </trkpt>
    <trkpt lat="46.277822" lon="10.396502">
      <ele>1622.256</ele>
    </trkpt>
    <trkpt lat="46.277867" lon="10.396501">
      <ele>1622.753</ele>
    </trkpt>
    <trkpt lat="46.278074" lon="10.396563">
      <ele>1624.211</ele>
    </trkpt>
    <trkpt lat="46.278162" lon="10.396621">
      <ele>1623.939</ele>
    </trkpt>
    <trkpt lat="46.278231" lon="10.396667">
      <ele>1623.628</ele>
    </trkpt>
    <trkpt lat="46.278437" lon="10.396772">
      <ele>1623.609</ele>
    </trkpt>
    <trkpt lat="46.278592" lon="10.396785">
      <ele>1624.584</ele>
    </trkpt>
    <trkpt lat="46.279106" lon="10.396761">
      <ele>1628.619</ele>
    </trkpt>
    <trkpt lat="46.279254" lon="10.396754">
      <ele>1629.569</ele>
    </trkpt>
    <trkpt lat="46.279433" lon="10.396746">
      <ele>1630.65</ele>
    </trkpt>
    <trkpt lat="46.279462" lon="10.396744">
      <ele>1631.048</ele>
    </trkpt>
    <trkpt lat="46.279512" lon="10.396742">
      <ele>1631.99</ele>
    </trkpt>
    <trkpt lat="46.279676" lon="10.396866">
      <ele>1633.489</ele>
    </trkpt>
    <trkpt lat="46.279702" lon="10.39688">
      <ele>1633.659</ele>
    </trkpt>
    <trkpt lat="46.279876" lon="10.396937">
      <ele>1635.307</ele>
    </trkpt>
    <trkpt lat="46.279938" lon="10.396974">
      <ele>1635.918</ele>
    </trkpt>
    <trkpt lat="46.280043" lon="10.397012">
      <ele>1636.978</ele>
    </trkpt>
    <trkpt lat="46.28013" lon="10.39708">
      <ele>1637.428</ele>
    </trkpt>
    <trkpt lat="46.28016" lon="10.397104">
      <ele>1637.579</ele>
    </trkpt>
    <trkpt lat="46.280344" lon="10.397249">
      <ele>1638.834</ele>
    </trkpt>
    <trkpt lat="46.280454" lon="10.397336">
      <ele>1639.868</ele>
    </trkpt>
    <trkpt lat="46.280533" lon="10.397486">
      <ele>1639.853</ele>
    </trkpt>
    <trkpt lat="46.280553" lon="10.397524">
      <ele>1640.059</ele>
    </trkpt>
    <trkpt lat="46.280634" lon="10.397702">
      <ele>1641.369</ele>
    </trkpt>
    <trkpt lat="46.280735" lon="10.397826">
      <ele>1642.404</ele>
    </trkpt>
    <trkpt lat="46.280743" lon="10.397831">
      <ele>1642.479</ele>
    </trkpt>
    <trkpt lat="46.280756" lon="10.397855">
      <ele>1642.644</ele>
    </trkpt>
    <trkpt lat="46.280832" lon="10.397906">
      <ele>1643.45</ele>
    </trkpt>
    <trkpt lat="46.28093" lon="10.397972">
      <ele>1644.639</ele>
    </trkpt>
    <trkpt lat="46.281062" lon="10.398061">
      <ele>1646.509</ele>
    </trkpt>
    <trkpt lat="46.281065" lon="10.398063">
      <ele>1646.556</ele>
    </trkpt>
    <trkpt lat="46.281082" lon="10.398074">
      <ele>1646.818</ele>
    </trkpt>
    <trkpt lat="46.281186" lon="10.398152">
      <ele>1648.41</ele>
    </trkpt>
    <trkpt lat="46.281329" lon="10.398225">
      <ele>1650.095</ele>
    </trkpt>
    <trkpt lat="46.281373" lon="10.398248">
      <ele>1650.561</ele>
    </trkpt>
    <trkpt lat="46.281482" lon="10.398295">
      <ele>1651.914</ele>
    </trkpt>
    <trkpt lat="46.281602" lon="10.398437">
      <ele>1653.675</ele>
    </trkpt>
    <trkpt lat="46.281701" lon="10.398554">
      <ele>1655.263</ele>
    </trkpt>
    <trkpt lat="46.281717" lon="10.398573">
      <ele>1655.563</ele>
    </trkpt>
    <trkpt lat="46.281848" lon="10.398684">
      <ele>1657.965</ele>
    </trkpt>
    <trkpt lat="46.281861" lon="10.398696">
      <ele>1658.196</ele>
    </trkpt>
    <trkpt lat="46.28197" lon="10.398788">
      <ele>1659.821</ele>
    </trkpt>
    <trkpt lat="46.282038" lon="10.39883">
      <ele>1660.462</ele>
    </trkpt>
    <trkpt lat="46.282319" lon="10.399001">
      <ele>1663.993</ele>
    </trkpt>
    <trkpt lat="46.282336" lon="10.399011">
      <ele>1664.288</ele>
    </trkpt>
    <trkpt lat="46.282342" lon="10.399015">
      <ele>1664.397</ele>
    </trkpt>
    <trkpt lat="46.282529" lon="10.399129">
      <ele>1667.802</ele>
    </trkpt>
    <trkpt lat="46.282616" lon="10.399182">
      <ele>1668.969</ele>
    </trkpt>
    <trkpt lat="46.282854" lon="10.399253">
      <ele>1671.652</ele>
    </trkpt>
    <trkpt lat="46.282938" lon="10.399283">
      <ele>1672.893</ele>
    </trkpt>
    <trkpt lat="46.28296" lon="10.399313">
      <ele>1673.584</ele>
    </trkpt>
    <trkpt lat="46.283015" lon="10.399323">
      <ele>1674.358</ele>
    </trkpt>
    <trkpt lat="46.283217" lon="10.399523">
      <ele>1678.059</ele>
    </trkpt>
    <trkpt lat="46.283289" lon="10.399608">
      <ele>1679.662</ele>
    </trkpt>
    <trkpt lat="46.283359" lon="10.39969">
      <ele>1681.697</ele>
    </trkpt>
    <trkpt lat="46.28351" lon="10.399727">
      <ele>1683.953</ele>
    </trkpt>
    <trkpt lat="46.283621" lon="10.39973">
      <ele>1685.086</ele>
    </trkpt>
    <trkpt lat="46.283707" lon="10.399762">
      <ele>1685.528</ele>
    </trkpt>
    <trkpt lat="46.283738" lon="10.399766">
      <ele>1685.617</ele>
    </trkpt>
    <trkpt lat="46.284018" lon="10.399798">
      <ele>1687.294</ele>
    </trkpt>
    <trkpt lat="46.284051" lon="10.3998">
      <ele>1687.567</ele>
    </trkpt>
    <trkpt lat="46.284554" lon="10.399809">
      <ele>1692.726</ele>
    </trkpt>
    <trkpt lat="46.284834" lon="10.399751">
      <ele>1694.476</ele>
    </trkpt>
    <trkpt lat="46.285074" lon="10.399665">
      <ele>1696.236</ele>
    </trkpt>
    <trkpt lat="46.285096" lon="10.399654">
      <ele>1696.385</ele>
    </trkpt>
    <trkpt lat="46.285128" lon="10.399636">
      <ele>1696.594</ele>
    </trkpt>
    <trkpt lat="46.285147" lon="10.399627">
      <ele>1696.741</ele>
    </trkpt>
    <trkpt lat="46.285165" lon="10.39962">
      <ele>1696.897</ele>
    </trkpt>
    <trkpt lat="46.285307" lon="10.399557">
      <ele>1698.083</ele>
    </trkpt>
    <trkpt lat="46.285374" lon="10.399567">
      <ele>1698.769</ele>
    </trkpt>
    <trkpt lat="46.285517" lon="10.399658">
      <ele>1700.459</ele>
    </trkpt>
    <trkpt lat="46.285637" lon="10.399748">
      <ele>1701.012</ele>
    </trkpt>
    <trkpt lat="46.285726" lon="10.399893">
      <ele>1702.608</ele>
    </trkpt>
    <trkpt lat="46.285793" lon="10.39996">
      <ele>1703.445</ele>
    </trkpt>
    <trkpt lat="46.285898" lon="10.400028">
      <ele>1704.427</ele>
    </trkpt>
    <trkpt lat="46.28598" lon="10.400161">
      <ele>1706.624</ele>
    </trkpt>
    <trkpt lat="46.286152" lon="10.400307">
      <ele>1709.61</ele>
    </trkpt>
    <trkpt lat="46.286325" lon="10.400388">
      <ele>1711.73</ele>
    </trkpt>
    <trkpt lat="46.286416" lon="10.400336">
      <ele>1711.649</ele>
    </trkpt>
    <trkpt lat="46.28653" lon="10.400306">
      <ele>1711.356</ele>
    </trkpt>
    <trkpt lat="46.286659" lon="10.400342">
      <ele>1711.918</ele>
    </trkpt>
    <trkpt lat="46.286885" lon="10.400381">
      <ele>1713.272</ele>
    </trkpt>
    <trkpt lat="46.287059" lon="10.400397">
      <ele>1713.658</ele>
    </trkpt>
    <trkpt lat="46.287369" lon="10.400516">
      <ele>1715.315</ele>
    </trkpt>
    <trkpt lat="46.287438" lon="10.400546">
      <ele>1715.32</ele>
    </trkpt>
    <trkpt lat="46.287555" lon="10.400597">
      <ele>1715.071</ele>
    </trkpt>
    <trkpt lat="46.287566" lon="10.400601">
      <ele>1715.051</ele>
    </trkpt>
    <trkpt lat="46.287627" lon="10.400626">
      <ele>1714.934</ele>
    </trkpt>
    <trkpt lat="46.28784" lon="10.400713">
      <ele>1714.985</ele>
    </trkpt>
    <trkpt lat="46.288068" lon="10.400826">
      <ele>1716.071</ele>
    </trkpt>
    <trkpt lat="46.288274" lon="10.400858">
      <ele>1716.805</ele>
    </trkpt>
    <trkpt lat="46.288317" lon="10.400865">
      <ele>1716.948</ele>
    </trkpt>
    <trkpt lat="46.288647" lon="10.400891">
      <ele>1718.439</ele>
    </trkpt>
    <trkpt lat="46.288718" lon="10.400897">
      <ele>1718.911</ele>
    </trkpt>
    <trkpt lat="46.288818" lon="10.400825">
      <ele>1719.497</ele>
    </trkpt>
    <trkpt lat="46.288822" lon="10.400823">
      <ele>1719.527</ele>
    </trkpt>
    <trkpt lat="46.288841" lon="10.400821">
      <ele>1719.663</ele>
    </trkpt>
    <trkpt lat="46.289032" lon="10.400798">
      <ele>1720.066</ele>
    </trkpt>
    <trkpt lat="46.289128" lon="10.400831">
      <ele>1720.007</ele>
    </trkpt>
    <trkpt lat="46.289167" lon="10.400828">
      <ele>1720.022</ele>
    </trkpt>
    <trkpt lat="46.289277" lon="10.40082">
      <ele>1720.823</ele>
    </trkpt>
    <trkpt lat="46.289411" lon="10.400853">
      <ele>1721.83</ele>
    </trkpt>
    <trkpt lat="46.28949" lon="10.400906">
      <ele>1722.59</ele>
    </trkpt>
    <trkpt lat="46.289595" lon="10.401009">
      <ele>1723.716</ele>
    </trkpt>
    <trkpt lat="46.289771" lon="10.401205">
      <ele>1725.235</ele>
    </trkpt>
    <trkpt lat="46.289826" lon="10.401242">
      <ele>1725.55</ele>
    </trkpt>
    <trkpt lat="46.290039" lon="10.401381">
      <ele>1727.112</ele>
    </trkpt>
    <trkpt lat="46.290277" lon="10.401538">
      <ele>1727.997</ele>
    </trkpt>
    <trkpt lat="46.290344" lon="10.401637">
      <ele>1728.238</ele>
    </trkpt>
    <trkpt lat="46.290472" lon="10.40164">
      <ele>1728.699</ele>
    </trkpt>
    <trkpt lat="46.290637" lon="10.401644">
      <ele>1729.562</ele>
    </trkpt>
    <trkpt lat="46.290737" lon="10.401647">
      <ele>1730.26</ele>
    </trkpt>
    <trkpt lat="46.291055" lon="10.401622">
      <ele>1731.766</ele>
    </trkpt>
    <trkpt lat="46.291315" lon="10.401465">
      <ele>1733.468</ele>
    </trkpt>
    <trkpt lat="46.291665" lon="10.401278">
      <ele>1735.391</ele>
    </trkpt>
    <trkpt lat="46.291846" lon="10.401359">
      <ele>1736.329</ele>
    </trkpt>
    <trkpt lat="46.292073" lon="10.401343">
      <ele>1737.539</ele>
    </trkpt>
    <trkpt lat="46.292384" lon="10.401263">
      <ele>1739.036</ele>
    </trkpt>
    <trkpt lat="46.292543" lon="10.401162">
      <ele>1739.972</ele>
    </trkpt>
    <trkpt lat="46.292598" lon="10.401127">
      <ele>1740.296</ele>
    </trkpt>
    <trkpt lat="46.292757" lon="10.400965">
      <ele>1741.412</ele>
    </trkpt>
    <trkpt lat="46.292828" lon="10.400892">
      <ele>1742.15</ele>
    </trkpt>
    <trkpt lat="46.292972" lon="10.400852">
      <ele>1743.331</ele>
    </trkpt>
    <trkpt lat="46.293259" lon="10.400892">
      <ele>1744.676</ele>
    </trkpt>
    <trkpt lat="46.29341" lon="10.400973">
      <ele>1745.552</ele>
    </trkpt>
    <trkpt lat="46.293651" lon="10.401033">
      <ele>1747.431</ele>
    </trkpt>
    <trkpt lat="46.293811" lon="10.400972">
      <ele>1749.159</ele>
    </trkpt>
    <trkpt lat="46.294016" lon="10.400901">
      <ele>1750.569</ele>
    </trkpt>
    <trkpt lat="46.294335" lon="10.400811">
      <ele>1752.769</ele>
    </trkpt>
    <trkpt lat="46.294525" lon="10.400863">
      <ele>1754.687</ele>
    </trkpt>
    <trkpt lat="46.294595" lon="10.400882">
      <ele>1755.259</ele>
    </trkpt>
    <trkpt lat="46.294599" lon="10.400883">
      <ele>1755.292</ele>
    </trkpt>
    <trkpt lat="46.294689" lon="10.400994">
      <ele>1756.339</ele>
    </trkpt>
    <trkpt lat="46.29483" lon="10.401216">
      <ele>1758.773</ele>
    </trkpt>
    <trkpt lat="46.294942" lon="10.401328">
      <ele>1760.317</ele>
    </trkpt>
    <trkpt lat="46.294973" lon="10.401336">
      <ele>1760.597</ele>
    </trkpt>
    <trkpt lat="46.295421" lon="10.401395">
      <ele>1764.031</ele>
    </trkpt>
    <trkpt lat="46.295433" lon="10.401396">
      <ele>1764.118</ele>
    </trkpt>
    <trkpt lat="46.295562" lon="10.401344">
      <ele>1765.231</ele>
    </trkpt>
    <trkpt lat="46.295715" lon="10.40125">
      <ele>1767.222</ele>
    </trkpt>
    <trkpt lat="46.295942" lon="10.401234">
      <ele>1770.167</ele>
    </trkpt>
    <trkpt lat="46.295961" lon="10.401237">
      <ele>1770.428</ele>
    </trkpt>
    <trkpt lat="46.296171" lon="10.401279">
      <ele>1772.919</ele>
    </trkpt>
    <trkpt lat="46.29619" lon="10.401285">
      <ele>1773.08</ele>
    </trkpt>
    <trkpt lat="46.29639" lon="10.40132">
      <ele>1775.003</ele>
    </trkpt>
    <trkpt lat="46.296476" lon="10.401294">
      <ele>1776.2</ele>
    </trkpt>
    <trkpt lat="46.296517" lon="10.401281">
      <ele>1776.758</ele>
    </trkpt>
    <trkpt lat="46.296942" lon="10.40115">
      <ele>1783.267</ele>
    </trkpt>
    <trkpt lat="46.297448" lon="10.401034">
      <ele>1787.027</ele>
    </trkpt>
    <trkpt lat="46.297573" lon="10.401054">
      <ele>1787.085</ele>
    </trkpt>
    <trkpt lat="46.297657" lon="10.401068">
      <ele>1787.186</ele>
    </trkpt>
    <trkpt lat="46.297662" lon="10.40107">
      <ele>1787.175</ele>
    </trkpt>
    <trkpt lat="46.297723" lon="10.401117">
      <ele>1786.816</ele>
    </trkpt>
    <trkpt lat="46.297755" lon="10.401142">
      <ele>1787.011</ele>
    </trkpt>
    <trkpt lat="46.297921" lon="10.401246">
      <ele>1789.298</ele>
    </trkpt>
    <trkpt lat="46.297638" lon="10.401065">
      <ele>1787.161</ele>
    </trkpt>
    <trkpt lat="46.297573" lon="10.401054">
      <ele>1787.085</ele>
    </trkpt>
    <trkpt lat="46.297448" lon="10.401034">
      <ele>1787.027</ele>
    </trkpt>
    <trkpt lat="46.296942" lon="10.40115">
      <ele>1783.267</ele>
    </trkpt>
    <trkpt lat="46.296517" lon="10.401281">
      <ele>1776.758</ele>
    </trkpt>
    <trkpt lat="46.296476" lon="10.401294">
      <ele>1776.2</ele>
    </trkpt>
    <trkpt lat="46.29639" lon="10.40132">
      <ele>1775.003</ele>
    </trkpt>
    <trkpt lat="46.29619" lon="10.401285">
      <ele>1773.08</ele>
    </trkpt>
    <trkpt lat="46.296171" lon="10.401279">
      <ele>1772.919</ele>
    </trkpt>
    <trkpt lat="46.295961" lon="10.401237">
      <ele>1770.428</ele>
    </trkpt>
    <trkpt lat="46.295942" lon="10.401234">
      <ele>1770.167</ele>
    </trkpt>
    <trkpt lat="46.295715" lon="10.40125">
      <ele>1767.222</ele>
    </trkpt>
    <trkpt lat="46.295562" lon="10.401344">
      <ele>1765.231</ele>
    </trkpt>
    <trkpt lat="46.295433" lon="10.401396">
      <ele>1764.118</ele>
    </trkpt>
    <trkpt lat="46.295421" lon="10.401395">
      <ele>1764.031</ele>
    </trkpt>
    <trkpt lat="46.294973" lon="10.401336">
      <ele>1760.597</ele>
    </trkpt>
    <trkpt lat="46.294942" lon="10.401328">
      <ele>1760.317</ele>
    </trkpt>
    <trkpt lat="46.29483" lon="10.401216">
      <ele>1758.773</ele>
    </trkpt>
    <trkpt lat="46.294689" lon="10.400994">
      <ele>1756.339</ele>
    </trkpt>
    <trkpt lat="46.294599" lon="10.400883">
      <ele>1755.292</ele>
    </trkpt>
    <trkpt lat="46.294595" lon="10.400882">
      <ele>1755.259</ele>
    </trkpt>
    <trkpt lat="46.294525" lon="10.400863">
      <ele>1754.687</ele>
    </trkpt>
    <trkpt lat="46.294335" lon="10.400811">
      <ele>1752.769</ele>
    </trkpt>
    <trkpt lat="46.294016" lon="10.400901">
      <ele>1750.569</ele>
    </trkpt>
    <trkpt lat="46.293811" lon="10.400972">
      <ele>1749.159</ele>
    </trkpt>
    <trkpt lat="46.293651" lon="10.401033">
      <ele>1747.431</ele>
    </trkpt>
    <trkpt lat="46.29341" lon="10.400973">
      <ele>1745.552</ele>
    </trkpt>
    <trkpt lat="46.293259" lon="10.400892">
      <ele>1744.676</ele>
    </trkpt>
    <trkpt lat="46.292972" lon="10.400852">
      <ele>1743.331</ele>
    </trkpt>
    <trkpt lat="46.292828" lon="10.400892">
      <ele>1742.15</ele>
    </trkpt>
    <trkpt lat="46.292757" lon="10.400965">
      <ele>1741.412</ele>
    </trkpt>
    <trkpt lat="46.292598" lon="10.401127">
      <ele>1740.296</ele>
    </trkpt>
    <trkpt lat="46.292543" lon="10.401162">
      <ele>1739.972</ele>
    </trkpt>
    <trkpt lat="46.292384" lon="10.401263">
      <ele>1739.036</ele>
    </trkpt>
    <trkpt lat="46.292073" lon="10.401343">
      <ele>1737.539</ele>
    </trkpt>
    <trkpt lat="46.291846" lon="10.401359">
      <ele>1736.329</ele>
    </trkpt>
    <trkpt lat="46.291665" lon="10.401278">
      <ele>1735.391</ele>
    </trkpt>
    <trkpt lat="46.291315" lon="10.401465">
      <ele>1733.468</ele>
    </trkpt>
    <trkpt lat="46.291055" lon="10.401622">
      <ele>1731.766</ele>
    </trkpt>
    <trkpt lat="46.290737" lon="10.401647">
      <ele>1730.26</ele>
    </trkpt>
    <trkpt lat="46.290637" lon="10.401644">
      <ele>1729.562</ele>
    </trkpt>
    <trkpt lat="46.29036" lon="10.401592">
      <ele>1728.296</ele>
    </trkpt>
    <trkpt lat="46.290277" lon="10.401538">
      <ele>1727.997</ele>
    </trkpt>
    <trkpt lat="46.290039" lon="10.401381">
      <ele>1727.112</ele>
    </trkpt>
    <trkpt lat="46.289826" lon="10.401242">
      <ele>1725.55</ele>
    </trkpt>
    <trkpt lat="46.289771" lon="10.401205">
      <ele>1725.235</ele>
    </trkpt>
    <trkpt lat="46.289595" lon="10.401009">
      <ele>1723.716</ele>
    </trkpt>
    <trkpt lat="46.28949" lon="10.400906">
      <ele>1722.59</ele>
    </trkpt>
    <trkpt lat="46.289411" lon="10.400853">
      <ele>1721.83</ele>
    </trkpt>
    <trkpt lat="46.289277" lon="10.40082">
      <ele>1720.823</ele>
    </trkpt>
    <trkpt lat="46.289167" lon="10.400828">
      <ele>1720.022</ele>
    </trkpt>
    <trkpt lat="46.289128" lon="10.400831">
      <ele>1720.007</ele>
    </trkpt>
    <trkpt lat="46.289032" lon="10.400798">
      <ele>1720.066</ele>
    </trkpt>
    <trkpt lat="46.288992" lon="10.400784">
      <ele>1720.066</ele>
    </trkpt>
    <trkpt lat="46.288878" lon="10.400781">
      <ele>1719.929</ele>
    </trkpt>
    <trkpt lat="46.288818" lon="10.400825">
      <ele>1719.497</ele>
    </trkpt>
    <trkpt lat="46.288718" lon="10.400897">
      <ele>1718.911</ele>
    </trkpt>
    <trkpt lat="46.288647" lon="10.400891">
      <ele>1718.439</ele>
    </trkpt>
    <trkpt lat="46.288317" lon="10.400865">
      <ele>1716.948</ele>
    </trkpt>
    <trkpt lat="46.288274" lon="10.400858">
      <ele>1716.805</ele>
    </trkpt>
    <trkpt lat="46.288193" lon="10.4008">
      <ele>1716.615</ele>
    </trkpt>
    <trkpt lat="46.287897" lon="10.400733">
      <ele>1715.378</ele>
    </trkpt>
    <trkpt lat="46.287895" lon="10.400732">
      <ele>1715.365</ele>
    </trkpt>
    <trkpt lat="46.287827" lon="10.400705">
      <ele>1714.879</ele>
    </trkpt>
    <trkpt lat="46.287627" lon="10.400626">
      <ele>1714.934</ele>
    </trkpt>
    <trkpt lat="46.287566" lon="10.400601">
      <ele>1715.051</ele>
    </trkpt>
    <trkpt lat="46.287555" lon="10.400597">
      <ele>1715.071</ele>
    </trkpt>
    <trkpt lat="46.287438" lon="10.400546">
      <ele>1715.32</ele>
    </trkpt>
    <trkpt lat="46.287369" lon="10.400516">
      <ele>1715.315</ele>
    </trkpt>
    <trkpt lat="46.287059" lon="10.400397">
      <ele>1713.658</ele>
    </trkpt>
    <trkpt lat="46.286885" lon="10.400381">
      <ele>1713.272</ele>
    </trkpt>
    <trkpt lat="46.286659" lon="10.400342">
      <ele>1711.918</ele>
    </trkpt>
    <trkpt lat="46.28653" lon="10.400306">
      <ele>1711.356</ele>
    </trkpt>
    <trkpt lat="46.286416" lon="10.400336">
      <ele>1711.649</ele>
    </trkpt>
    <trkpt lat="46.286325" lon="10.400388">
      <ele>1711.73</ele>
    </trkpt>
    <trkpt lat="46.286152" lon="10.400307">
      <ele>1709.61</ele>
    </trkpt>
    <trkpt lat="46.28598" lon="10.400161">
      <ele>1706.624</ele>
    </trkpt>
    <trkpt lat="46.285898" lon="10.400028">
      <ele>1704.427</ele>
    </trkpt>
    <trkpt lat="46.285793" lon="10.39996">
      <ele>1703.445</ele>
    </trkpt>
    <trkpt lat="46.285726" lon="10.399893">
      <ele>1702.608</ele>
    </trkpt>
    <trkpt lat="46.285637" lon="10.399748">
      <ele>1701.012</ele>
    </trkpt>
    <trkpt lat="46.285517" lon="10.399658">
      <ele>1700.459</ele>
    </trkpt>
    <trkpt lat="46.285374" lon="10.399567">
      <ele>1698.769</ele>
    </trkpt>
    <trkpt lat="46.285307" lon="10.399557">
      <ele>1698.083</ele>
    </trkpt>
    <trkpt lat="46.285165" lon="10.39962">
      <ele>1696.897</ele>
    </trkpt>
    <trkpt lat="46.285147" lon="10.399627">
      <ele>1696.741</ele>
    </trkpt>
    <trkpt lat="46.285128" lon="10.399636">
      <ele>1696.594</ele>
    </trkpt>
    <trkpt lat="46.285096" lon="10.399654">
      <ele>1696.385</ele>
    </trkpt>
    <trkpt lat="46.285074" lon="10.399665">
      <ele>1696.236</ele>
    </trkpt>
    <trkpt lat="46.284834" lon="10.399751">
      <ele>1694.476</ele>
    </trkpt>
    <trkpt lat="46.284554" lon="10.399809">
      <ele>1692.726</ele>
    </trkpt>
    <trkpt lat="46.284051" lon="10.3998">
      <ele>1687.567</ele>
    </trkpt>
    <trkpt lat="46.284018" lon="10.399798">
      <ele>1687.294</ele>
    </trkpt>
    <trkpt lat="46.283738" lon="10.399766">
      <ele>1685.617</ele>
    </trkpt>
    <trkpt lat="46.283707" lon="10.399762">
      <ele>1685.528</ele>
    </trkpt>
    <trkpt lat="46.283621" lon="10.39973">
      <ele>1685.086</ele>
    </trkpt>
    <trkpt lat="46.28351" lon="10.399727">
      <ele>1683.953</ele>
    </trkpt>
    <trkpt lat="46.283359" lon="10.39969">
      <ele>1681.697</ele>
    </trkpt>
    <trkpt lat="46.283289" lon="10.399608">
      <ele>1679.662</ele>
    </trkpt>
    <trkpt lat="46.283217" lon="10.399523">
      <ele>1678.059</ele>
    </trkpt>
    <trkpt lat="46.283015" lon="10.399323">
      <ele>1674.358</ele>
    </trkpt>
    <trkpt lat="46.28296" lon="10.399313">
      <ele>1673.584</ele>
    </trkpt>
    <trkpt lat="46.282943" lon="10.39931">
      <ele>1673.351</ele>
    </trkpt>
    <trkpt lat="46.282854" lon="10.399294">
      <ele>1672.176</ele>
    </trkpt>
    <trkpt lat="46.282692" lon="10.39933">
      <ele>1670.965</ele>
    </trkpt>
    <trkpt lat="46.282252" lon="10.399293">
      <ele>1665.744</ele>
    </trkpt>
    <trkpt lat="46.282103" lon="10.39936">
      <ele>1665.099</ele>
    </trkpt>
    <trkpt lat="46.282022" lon="10.399394">
      <ele>1664.883</ele>
    </trkpt>
    <trkpt lat="46.282008" lon="10.3994">
      <ele>1664.854</ele>
    </trkpt>
    <trkpt lat="46.281787" lon="10.399492">
      <ele>1664.85</ele>
    </trkpt>
    <trkpt lat="46.281625" lon="10.399393">
      <ele>1662.407</ele>
    </trkpt>
    <trkpt lat="46.281576" lon="10.399362">
      <ele>1661.175</ele>
    </trkpt>
    <trkpt lat="46.281431" lon="10.399217">
      <ele>1657.748</ele>
    </trkpt>
    <trkpt lat="46.281409" lon="10.399174">
      <ele>1657.203</ele>
    </trkpt>
    <trkpt lat="46.281367" lon="10.399086">
      <ele>1655.915</ele>
    </trkpt>
    <trkpt lat="46.281196" lon="10.398999">
      <ele>1653.525</ele>
    </trkpt>
    <trkpt lat="46.280927" lon="10.399016">
      <ele>1650.927</ele>
    </trkpt>
    <trkpt lat="46.280488" lon="10.398828">
      <ele>1644.832</ele>
    </trkpt>
    <trkpt lat="46.280196" lon="10.398726">
      <ele>1640.944</ele>
    </trkpt>
    <trkpt lat="46.279888" lon="10.398518">
      <ele>1636.723</ele>
    </trkpt>
    <trkpt lat="46.279727" lon="10.39842">
      <ele>1634.67</ele>
    </trkpt>
    <trkpt lat="46.279436" lon="10.398273">
      <ele>1633.294</ele>
    </trkpt>
    <trkpt lat="46.279346" lon="10.398228">
      <ele>1632.288</ele>
    </trkpt>
    <trkpt lat="46.279236" lon="10.398198">
      <ele>1631.403</ele>
    </trkpt>
    <trkpt lat="46.279036" lon="10.398144">
      <ele>1630.166</ele>
    </trkpt>
    <trkpt lat="46.278816" lon="10.398038">
      <ele>1628.81</ele>
    </trkpt>
    <trkpt lat="46.278468" lon="10.39787">
      <ele>1626.652</ele>
    </trkpt>
    <trkpt lat="46.278173" lon="10.397856">
      <ele>1624.07</ele>
    </trkpt>
    <trkpt lat="46.277778" lon="10.397801">
      <ele>1619.337</ele>
    </trkpt>
    <trkpt lat="46.277452" lon="10.397756">
      <ele>1620.415</ele>
    </trkpt>
    <trkpt lat="46.277017" lon="10.397615">
      <ele>1621.835</ele>
    </trkpt>
    <trkpt lat="46.276821" lon="10.39755">
      <ele>1623.915</ele>
    </trkpt>
    <trkpt lat="46.276716" lon="10.39759">
      <ele>1627.905</ele>
    </trkpt>
    <trkpt lat="46.276664" lon="10.397671">
      <ele>1631.386</ele>
    </trkpt>
    <trkpt lat="46.276641" lon="10.397706">
      <ele>1632.93</ele>
    </trkpt>
    <trkpt lat="46.276613" lon="10.397774">
      <ele>1635.45</ele>
    </trkpt>
    <trkpt lat="46.276549" lon="10.397927">
      <ele>1641.686</ele>
    </trkpt>
    <trkpt lat="46.276228" lon="10.398143">
      <ele>1657.599</ele>
    </trkpt>
    <trkpt lat="46.276073" lon="10.39808">
      <ele>1659.89</ele>
    </trkpt>
    <trkpt lat="46.275968" lon="10.398018">
      <ele>1660.97</ele>
    </trkpt>
    <trkpt lat="46.27579" lon="10.397896">
      <ele>1661.989</ele>
    </trkpt>
    <trkpt lat="46.275738" lon="10.397857">
      <ele>1662.067</ele>
    </trkpt>
    <trkpt lat="46.275539" lon="10.397755">
      <ele>1663.739</ele>
    </trkpt>
    <trkpt lat="46.275383" lon="10.3977">
      <ele>1666.45</ele>
    </trkpt>
    <trkpt lat="46.275257" lon="10.397666">
      <ele>1669.052</ele>
    </trkpt>
    <trkpt lat="46.27511" lon="10.397629">
      <ele>1672.616</ele>
    </trkpt>
    <trkpt lat="46.275075" lon="10.39762">
      <ele>1673.458</ele>
    </trkpt>
    <trkpt lat="46.275041" lon="10.397596">
      <ele>1673.782</ele>
    </trkpt>
    <trkpt lat="46.274919" lon="10.397504">
      <ele>1674.754</ele>
    </trkpt>
    <trkpt lat="46.274854" lon="10.397456">
      <ele>1675.463</ele>
    </trkpt>
    <trkpt lat="46.274724" lon="10.39736">
      <ele>1676.91</ele>
    </trkpt>
    <trkpt lat="46.274378" lon="10.397091">
      <ele>1680.901</ele>
    </trkpt>
    <trkpt lat="46.274323" lon="10.397047">
      <ele>1681.258</ele>
    </trkpt>
    <trkpt lat="46.274025" lon="10.396832">
      <ele>1683.842</ele>
    </trkpt>
    <trkpt lat="46.273975" lon="10.396796">
      <ele>1684.245</ele>
    </trkpt>
    <trkpt lat="46.273747" lon="10.396586">
      <ele>1683.379</ele>
    </trkpt>
    <trkpt lat="46.273733" lon="10.396573">
      <ele>1683.298</ele>
    </trkpt>
    <trkpt lat="46.273641" lon="10.396555">
      <ele>1684.605</ele>
    </trkpt>
    <trkpt lat="46.273554" lon="10.396552">
      <ele>1685.933</ele>
    </trkpt>
    <trkpt lat="46.27337" lon="10.396567">
      <ele>1688.96</ele>
    </trkpt>
    <trkpt lat="46.273187" lon="10.396562">
      <ele>1690.546</ele>
    </trkpt>
    <trkpt lat="46.272828" lon="10.396607">
      <ele>1693.886</ele>
    </trkpt>
    <trkpt lat="46.272816" lon="10.39661">
      <ele>1694.026</ele>
    </trkpt>
    <trkpt lat="46.272719" lon="10.396631">
      <ele>1694.66</ele>
    </trkpt>
    <trkpt lat="46.272594" lon="10.39666">
      <ele>1695.138</ele>
    </trkpt>
    <trkpt lat="46.272397" lon="10.396635">
      <ele>1694.13</ele>
    </trkpt>
    <trkpt lat="46.272295" lon="10.396622">
      <ele>1693.832</ele>
    </trkpt>
    <trkpt lat="46.272934" lon="10.397156">
      <ele>1709.301</ele>
    </trkpt>
    <trkpt lat="46.273197" lon="10.397424">
      <ele>1713.705</ele>
    </trkpt>
    <trkpt lat="46.273491" lon="10.397582">
      <ele>1713.638</ele>
    </trkpt>
    <trkpt lat="46.273678" lon="10.39782">
      <ele>1715.813</ele>
    </trkpt>
    <trkpt lat="46.273932" lon="10.398115">
      <ele>1721.305</ele>
    </trkpt>
    <trkpt lat="46.274111" lon="10.398243">
      <ele>1722.875</ele>
    </trkpt>
    <trkpt lat="46.274205" lon="10.398356">
      <ele>1725.044</ele>
    </trkpt>
    <trkpt lat="46.274279" lon="10.398577">
      <ele>1730.873</ele>
    </trkpt>
    <trkpt lat="46.274324" lon="10.398743">
      <ele>1734.903</ele>
    </trkpt>
    <trkpt lat="46.274843" lon="10.399114">
      <ele>1739.014</ele>
    </trkpt>
    <trkpt lat="46.275137" lon="10.399245">
      <ele>1739.986</ele>
    </trkpt>
    <trkpt lat="46.275325" lon="10.399442">
      <ele>1744.375</ele>
    </trkpt>
    <trkpt lat="46.275409" lon="10.399636">
      <ele>1748.281</ele>
    </trkpt>
    <trkpt lat="46.275029" lon="10.399489">
      <ele>1750.274</ele>
    </trkpt>
    <trkpt lat="46.27424" lon="10.399428">
      <ele>1758.883</ele>
    </trkpt>
    <trkpt lat="46.273764" lon="10.399388">
      <ele>1766.97</ele>
    </trkpt>
    <trkpt lat="46.273507" lon="10.399327">
      <ele>1767.57</ele>
    </trkpt>
    <trkpt lat="46.273318" lon="10.399212">
      <ele>1764.303</ele>
    </trkpt>
    <trkpt lat="46.273158" lon="10.399098">
      <ele>1758.882</ele>
    </trkpt>
    <trkpt lat="46.272862" lon="10.399118">
      <ele>1759.12</ele>
    </trkpt>
    <trkpt lat="46.272472" lon="10.399095">
      <ele>1760.47</ele>
    </trkpt>
    <trkpt lat="46.272177" lon="10.399046">
      <ele>1762.247</ele>
    </trkpt>
    <trkpt lat="46.271931" lon="10.398916">
      <ele>1762.882</ele>
    </trkpt>
    <trkpt lat="46.271725" lon="10.398622">
      <ele>1757.474</ele>
    </trkpt>
    <trkpt lat="46.271379" lon="10.398549">
      <ele>1759.015</ele>
    </trkpt>
    <trkpt lat="46.270886" lon="10.398559">
      <ele>1760.276</ele>
    </trkpt>
    <trkpt lat="46.270593" lon="10.398539">
      <ele>1758.574</ele>
    </trkpt>
    <trkpt lat="46.270251" lon="10.398461">
      <ele>1753.944</ele>
    </trkpt>
    <trkpt lat="46.270014" lon="10.398345">
      <ele>1748.479</ele>
    </trkpt>
    <trkpt lat="46.269638" lon="10.398167">
      <ele>1737.52</ele>
    </trkpt>
    <trkpt lat="46.269087" lon="10.398071">
      <ele>1727.95</ele>
    </trkpt>
    <trkpt lat="46.268764" lon="10.397953">
      <ele>1731.145</ele>
    </trkpt>
    <trkpt lat="46.268424" lon="10.397697">
      <ele>1726.252</ele>
    </trkpt>
    <trkpt lat="46.268045" lon="10.39755">
      <ele>1722.409</ele>
    </trkpt>
    <trkpt lat="46.266707" lon="10.397901">
      <ele>1741.331</ele>
    </trkpt>
    <trkpt lat="46.266173" lon="10.398024">
      <ele>1749.725</ele>
    </trkpt>
    <trkpt lat="46.265784" lon="10.39799">
      <ele>1746.97</ele>
    </trkpt>
    <trkpt lat="46.265735" lon="10.397986">
      <ele>1746.923</ele>
    </trkpt>
    <trkpt lat="46.265594" lon="10.397973">
      <ele>1746.675</ele>
    </trkpt>
    <trkpt lat="46.265316" lon="10.397948">
      <ele>1745.212</ele>
    </trkpt>
    <trkpt lat="46.264956" lon="10.397801">
      <ele>1739.735</ele>
    </trkpt>
    <trkpt lat="46.264502" lon="10.39757">
      <ele>1729.527</ele>
    </trkpt>
    <trkpt lat="46.26391" lon="10.397637">
      <ele>1725.654</ele>
    </trkpt>
    <trkpt lat="46.263583" lon="10.397651">
      <ele>1721.896</ele>
    </trkpt>
    <trkpt lat="46.263422" lon="10.397611">
      <ele>1719.441</ele>
    </trkpt>
    <trkpt lat="46.263037" lon="10.397423">
      <ele>1720.338</ele>
    </trkpt>
    <trkpt lat="46.262487" lon="10.397217">
      <ele>1717.868</ele>
    </trkpt>
    <trkpt lat="46.262067" lon="10.397233">
      <ele>1722.12</ele>
    </trkpt>
    <trkpt lat="46.261688" lon="10.397114">
      <ele>1719.248</ele>
    </trkpt>
    <trkpt lat="46.260987" lon="10.396794">
      <ele>1705.959</ele>
    </trkpt>
    <trkpt lat="46.26057" lon="10.396619">
      <ele>1698.031</ele>
    </trkpt>
    <trkpt lat="46.260173" lon="10.396334">
      <ele>1677.978</ele>
    </trkpt>
    <trkpt lat="46.259927" lon="10.396245">
      <ele>1670.349</ele>
    </trkpt>
    <trkpt lat="46.259737" lon="10.396294">
      <ele>1671.947</ele>
    </trkpt>
    <trkpt lat="46.25944" lon="10.3962">
      <ele>1664.427</ele>
    </trkpt>
    <trkpt lat="46.259122" lon="10.395952">
      <ele>1648.267</ele>
    </trkpt>
    <trkpt lat="46.258824" lon="10.395979">
      <ele>1640.837</ele>
    </trkpt>
    <trkpt lat="46.258573" lon="10.396092">
      <ele>1638.546</ele>
    </trkpt>
    <trkpt lat="46.258142" lon="10.396236">
      <ele>1629.646</ele>
    </trkpt>
    <trkpt lat="46.258012" lon="10.396373">
      <ele>1631.993</ele>
    </trkpt>
    <trkpt lat="46.258009" lon="10.396378">
      <ele>1632.143</ele>
    </trkpt>
    <trkpt lat="46.257905" lon="10.396522">
      <ele>1636.373</ele>
    </trkpt>
    <trkpt lat="46.257549" lon="10.396993">
      <ele>1647.038</ele>
    </trkpt>
    <trkpt lat="46.257336" lon="10.39714">
      <ele>1646.375</ele>
    </trkpt>
    <trkpt lat="46.257053" lon="10.397335">
      <ele>1646.478</ele>
    </trkpt>
    <trkpt lat="46.256626" lon="10.39778">
      <ele>1654.063</ele>
    </trkpt>
    <trkpt lat="46.256496" lon="10.397973">
      <ele>1658.43</ele>
    </trkpt>
    <trkpt lat="46.256358" lon="10.398178">
      <ele>1660.679</ele>
    </trkpt>
    <trkpt lat="46.256373" lon="10.398406">
      <ele>1665.055</ele>
    </trkpt>
    <trkpt lat="46.256402" lon="10.398862">
      <ele>1662.5</ele>
    </trkpt>
    <trkpt lat="46.256625" lon="10.399349">
      <ele>1669.805</ele>
    </trkpt>
    <trkpt lat="46.256708" lon="10.39973">
      <ele>1667.302</ele>
    </trkpt>
    <trkpt lat="46.25651" lon="10.400155">
      <ele>1664.619</ele>
    </trkpt>
    <trkpt lat="46.256366" lon="10.40043">
      <ele>1669.122</ele>
    </trkpt>
    <trkpt lat="46.256043" lon="10.400953">
      <ele>1669.656</ele>
    </trkpt>
    <trkpt lat="46.255672" lon="10.401197">
      <ele>1679.013</ele>
    </trkpt>
    <trkpt lat="46.255535" lon="10.401373">
      <ele>1686.353</ele>
    </trkpt>
    <trkpt lat="46.255422" lon="10.401519">
      <ele>1689.56</ele>
    </trkpt>
    <trkpt lat="46.255184" lon="10.401851">
      <ele>1693.837</ele>
    </trkpt>
    <trkpt lat="46.254883" lon="10.402038">
      <ele>1699.767</ele>
    </trkpt>
    <trkpt lat="46.25466" lon="10.402177">
      <ele>1700.965</ele>
    </trkpt>
    <trkpt lat="46.254635" lon="10.402193">
      <ele>1701.048</ele>
    </trkpt>
    <trkpt lat="46.253894" lon="10.402582">
      <ele>1699.972</ele>
    </trkpt>
    <trkpt lat="46.253827" lon="10.402629">
      <ele>1700.716</ele>
    </trkpt>
    <trkpt lat="46.253534" lon="10.402672">
      <ele>1696.595</ele>
    </trkpt>
    <trkpt lat="46.253476" lon="10.402681">
      <ele>1696.053</ele>
    </trkpt>
    <trkpt lat="46.253295" lon="10.402676">
      <ele>1692.913</ele>
    </trkpt>
    <trkpt lat="46.25314" lon="10.402837">
      <ele>1696.652</ele>
    </trkpt>
    <trkpt lat="46.253134" lon="10.402841">
      <ele>1696.688</ele>
    </trkpt>
    <trkpt lat="46.252996" lon="10.40293">
      <ele>1697.311</ele>
    </trkpt>
    <trkpt lat="46.25287" lon="10.40316">
      <ele>1702.918</ele>
    </trkpt>
    <trkpt lat="46.25279" lon="10.403432">
      <ele>1707.776</ele>
    </trkpt>
    <trkpt lat="46.252674" lon="10.403567">
      <ele>1705.688</ele>
    </trkpt>
    <trkpt lat="46.252624" lon="10.403744">
      <ele>1704.891</ele>
    </trkpt>
    <trkpt lat="46.252645" lon="10.404176">
      <ele>1705.181</ele>
    </trkpt>
    <trkpt lat="46.252647" lon="10.404225">
      <ele>1704.832</ele>
    </trkpt>
    <trkpt lat="46.252669" lon="10.404435">
      <ele>1703.991</ele>
    </trkpt>
    <trkpt lat="46.252778" lon="10.404698">
      <ele>1706.271</ele>
    </trkpt>
    <trkpt lat="46.252882" lon="10.4049">
      <ele>1706.767</ele>
    </trkpt>
    <trkpt lat="46.252982" lon="10.405129">
      <ele>1706.99</ele>
    </trkpt>
    <trkpt lat="46.253081" lon="10.405396">
      <ele>1707.377</ele>
    </trkpt>
    <trkpt lat="46.253138" lon="10.405593">
      <ele>1707.506</ele>
    </trkpt>
    <trkpt lat="46.253032" lon="10.405501">
      <ele>1702.642</ele>
    </trkpt>
    <trkpt lat="46.252906" lon="10.405344">
      <ele>1698.604</ele>
    </trkpt>
    <trkpt lat="46.252791" lon="10.405155">
      <ele>1696.766</ele>
    </trkpt>
    <trkpt lat="46.252674" lon="10.404974">
      <ele>1695.296</ele>
    </trkpt>
    <trkpt lat="46.252576" lon="10.404855">
      <ele>1692.583</ele>
    </trkpt>
    <trkpt lat="46.252484" lon="10.404749">
      <ele>1689.596</ele>
    </trkpt>
    <trkpt lat="46.25235" lon="10.404595">
      <ele>1684.403</ele>
    </trkpt>
    <trkpt lat="46.252255" lon="10.404434">
      <ele>1681.152</ele>
    </trkpt>
    <trkpt lat="46.252152" lon="10.40426">
      <ele>1677.611</ele>
    </trkpt>
    <trkpt lat="46.252066" lon="10.404121">
      <ele>1674.515</ele>
    </trkpt>
    <trkpt lat="46.251986" lon="10.404016">
      <ele>1671.401</ele>
    </trkpt>
    <trkpt lat="46.251906" lon="10.403904">
      <ele>1668.845</ele>
    </trkpt>
    <trkpt lat="46.251834" lon="10.403765">
      <ele>1666.68</ele>
    </trkpt>
    <trkpt lat="46.25179" lon="10.403674">
      <ele>1665.623</ele>
    </trkpt>
    <trkpt lat="46.251717" lon="10.403618">
      <ele>1663.084</ele>
    </trkpt>
    <trkpt lat="46.251616" lon="10.403907">
      <ele>1654.003</ele>
    </trkpt>
    <trkpt lat="46.251596" lon="10.404164">
      <ele>1649.222</ele>
    </trkpt>
    <trkpt lat="46.251514" lon="10.404251">
      <ele>1643.238</ele>
    </trkpt>
    <trkpt lat="46.251293" lon="10.404183">
      <ele>1634.254</ele>
    </trkpt>
    <trkpt lat="46.251156" lon="10.404087">
      <ele>1630.763</ele>
    </trkpt>
    <trkpt lat="46.251035" lon="10.40405">
      <ele>1627.488</ele>
    </trkpt>
    <trkpt lat="46.250891" lon="10.404022">
      <ele>1623.744</ele>
    </trkpt>
    <trkpt lat="46.250817" lon="10.403976">
      <ele>1622.158</ele>
    </trkpt>
    <trkpt lat="46.250726" lon="10.403833">
      <ele>1620.662</ele>
    </trkpt>
    <trkpt lat="46.250458" lon="10.403606">
      <ele>1611.114</ele>
    </trkpt>
    <trkpt lat="46.250363" lon="10.403542">
      <ele>1606.62</ele>
    </trkpt>
    <trkpt lat="46.250255" lon="10.403436">
      <ele>1601.534</ele>
    </trkpt>
    <trkpt lat="46.250161" lon="10.403303">
      <ele>1597.834</ele>
    </trkpt>
    <trkpt lat="46.250049" lon="10.40317">
      <ele>1593.192</ele>
    </trkpt>
    <trkpt lat="46.249937" lon="10.402975">
      <ele>1589.112</ele>
    </trkpt>
    <trkpt lat="46.249829" lon="10.402855">
      <ele>1584.617</ele>
    </trkpt>
    <trkpt lat="46.249711" lon="10.402695">
      <ele>1578.813</ele>
    </trkpt>
    <trkpt lat="46.249646" lon="10.402597">
      <ele>1576.358</ele>
    </trkpt>
    <trkpt lat="46.249557" lon="10.402485">
      <ele>1572.938</ele>
    </trkpt>
    <trkpt lat="46.249359" lon="10.402281">
      <ele>1564.239</ele>
    </trkpt>
    <trkpt lat="46.249313" lon="10.402218">
      <ele>1561.88</ele>
    </trkpt>
    <trkpt lat="46.249341" lon="10.4018">
      <ele>1559.962</ele>
    </trkpt>
    <trkpt lat="46.249385" lon="10.401396">
      <ele>1554.73</ele>
    </trkpt>
    <trkpt lat="46.249479" lon="10.401096">
      <ele>1552.992</ele>
    </trkpt>
    <trkpt lat="46.249614" lon="10.4009">
      <ele>1546.486</ele>
    </trkpt>
    <trkpt lat="46.249854" lon="10.40081">
      <ele>1544.91</ele>
    </trkpt>
    <trkpt lat="46.250069" lon="10.400706">
      <ele>1541.115</ele>
    </trkpt>
    <trkpt lat="46.25031" lon="10.400506">
      <ele>1537.472</ele>
    </trkpt>
    <trkpt lat="46.250508" lon="10.400257">
      <ele>1532.352</ele>
    </trkpt>
    <trkpt lat="46.250741" lon="10.399947">
      <ele>1524.208</ele>
    </trkpt>
    <trkpt lat="46.250951" lon="10.39987">
      <ele>1524.16</ele>
    </trkpt>
    <trkpt lat="46.251148" lon="10.399717">
      <ele>1519.977</ele>
    </trkpt>
    <trkpt lat="46.251476" lon="10.399376">
      <ele>1509.076</ele>
    </trkpt>
    <trkpt lat="46.251735" lon="10.399231">
      <ele>1503.066</ele>
    </trkpt>
    <trkpt lat="46.251899" lon="10.399071">
      <ele>1492.284</ele>
    </trkpt>
    <trkpt lat="46.252109" lon="10.399062">
      <ele>1491.763</ele>
    </trkpt>
    <trkpt lat="46.252433" lon="10.398995">
      <ele>1493.657</ele>
    </trkpt>
    <trkpt lat="46.252702" lon="10.398796">
      <ele>1486.769</ele>
    </trkpt>
    <trkpt lat="46.252995" lon="10.398611">
      <ele>1476.994</ele>
    </trkpt>
    <trkpt lat="46.253149" lon="10.398519">
      <ele>1473.155</ele>
    </trkpt>
    <trkpt lat="46.253259" lon="10.398446">
      <ele>1469.707</ele>
    </trkpt>
    <trkpt lat="46.252952" lon="10.398274">
      <ele>1457.796</ele>
    </trkpt>
    <trkpt lat="46.25241" lon="10.398184">
      <ele>1448.138</ele>
    </trkpt>
    <trkpt lat="46.251958" lon="10.398132">
      <ele>1444.804</ele>
    </trkpt>
    <trkpt lat="46.251783" lon="10.398038">
      <ele>1441.394</ele>
    </trkpt>
    <trkpt lat="46.251447" lon="10.397858">
      <ele>1433.192</ele>
    </trkpt>
    <trkpt lat="46.251234" lon="10.39777">
      <ele>1429.225</ele>
    </trkpt>
    <trkpt lat="46.251017" lon="10.397613">
      <ele>1424.279</ele>
    </trkpt>
    <trkpt lat="46.250856" lon="10.397499">
      <ele>1422.61</ele>
    </trkpt>
    <trkpt lat="46.25067" lon="10.39757">
      <ele>1416.384</ele>
    </trkpt>
    <trkpt lat="46.250519" lon="10.397807">
      <ele>1414.972</ele>
    </trkpt>
    <trkpt lat="46.250319" lon="10.397815">
      <ele>1409.299</ele>
    </trkpt>
    <trkpt lat="46.250194" lon="10.397881">
      <ele>1405.449</ele>
    </trkpt>
    <trkpt lat="46.249908" lon="10.398285">
      <ele>1403.292</ele>
    </trkpt>
    <trkpt lat="46.24964" lon="10.398388">
      <ele>1394.853</ele>
    </trkpt>
    <trkpt lat="46.249206" lon="10.398453">
      <ele>1385.572</ele>
    </trkpt>
    <trkpt lat="46.248874" lon="10.398396">
      <ele>1375.414</ele>
    </trkpt>
    <trkpt lat="46.248431" lon="10.398783">
      <ele>1371.759</ele>
    </trkpt>
    <trkpt lat="46.248174" lon="10.398935">
      <ele>1366.392</ele>
    </trkpt>
    <trkpt lat="46.247829" lon="10.399111">
      <ele>1356.688</ele>
    </trkpt>
    <trkpt lat="46.247553" lon="10.399475">
      <ele>1355.855</ele>
    </trkpt>
    <trkpt lat="46.247682" lon="10.398871">
      <ele>1340.529</ele>
    </trkpt>
    <trkpt lat="46.247747" lon="10.398789">
      <ele>1340.853</ele>
    </trkpt>
    <trkpt lat="46.247908" lon="10.398583">
      <ele>1340.293</ele>
    </trkpt>
    <trkpt lat="46.248009" lon="10.398405">
      <ele>1339.096</ele>
    </trkpt>
    <trkpt lat="46.248137" lon="10.397883">
      <ele>1330.72</ele>
    </trkpt>
    <trkpt lat="46.248197" lon="10.397679">
      <ele>1328.105</ele>
    </trkpt>
    <trkpt lat="46.248292" lon="10.397476">
      <ele>1325.749</ele>
    </trkpt>
    <trkpt lat="46.248508" lon="10.397337">
      <ele>1324.429</ele>
    </trkpt>
    <trkpt lat="46.248757" lon="10.397374">
      <ele>1330.805</ele>
    </trkpt>
    <trkpt lat="46.248993" lon="10.397217">
      <ele>1333.687</ele>
    </trkpt>
    <trkpt lat="46.248999" lon="10.397215">
      <ele>1333.881</ele>
    </trkpt>
    <trkpt lat="46.249004" lon="10.397209">
      <ele>1333.993</ele>
    </trkpt>
    <trkpt lat="46.249089" lon="10.397146">
      <ele>1336.502</ele>
    </trkpt>
    <trkpt lat="46.249109" lon="10.39708">
      <ele>1336.687</ele>
    </trkpt>
    <trkpt lat="46.249164" lon="10.397013">
      <ele>1338.383</ele>
    </trkpt>
    <trkpt lat="46.24927" lon="10.396776">
      <ele>1338.451</ele>
    </trkpt>
    <trkpt lat="46.249315" lon="10.396729">
      <ele>1338.579</ele>
    </trkpt>
    <trkpt lat="46.249638" lon="10.396614">
      <ele>1339.149</ele>
    </trkpt>
    <trkpt lat="46.249742" lon="10.396534">
      <ele>1337.168</ele>
    </trkpt>
    <trkpt lat="46.249779" lon="10.396521">
      <ele>1338.111</ele>
    </trkpt>
    <trkpt lat="46.24991" lon="10.396405">
      <ele>1337.924</ele>
    </trkpt>
    <trkpt lat="46.250028" lon="10.396315">
      <ele>1339.002</ele>
    </trkpt>
    <trkpt lat="46.2501" lon="10.396239">
      <ele>1338.082</ele>
    </trkpt>
    <trkpt lat="46.250307" lon="10.396163">
      <ele>1340.371</ele>
    </trkpt>
    <trkpt lat="46.250831" lon="10.39619">
      <ele>1352.092</ele>
    </trkpt>
    <trkpt lat="46.250946" lon="10.396111">
      <ele>1351.838</ele>
    </trkpt>
    <trkpt lat="46.250934" lon="10.396075">
      <ele>1351.098</ele>
    </trkpt>
    <trkpt lat="46.250799" lon="10.395681">
      <ele>1343.069</ele>
    </trkpt>
    <trkpt lat="46.250798" lon="10.395555">
      <ele>1344.727</ele>
    </trkpt>
    <trkpt lat="46.250794" lon="10.395284">
      <ele>1344.299</ele>
    </trkpt>
    <trkpt lat="46.250794" lon="10.395283">
      <ele>1344.297</ele>
    </trkpt>
    <trkpt lat="46.251201" lon="10.394744">
      <ele>1347.33</ele>
    </trkpt>
    <trkpt lat="46.251576" lon="10.394352">
      <ele>1349.841</ele>
    </trkpt>
    <trkpt lat="46.251663" lon="10.394243">
      <ele>1349.814</ele>
    </trkpt>
    <trkpt lat="46.251788" lon="10.394156">
      <ele>1350.844</ele>
    </trkpt>
    <trkpt lat="46.251885" lon="10.394057">
      <ele>1351.444</ele>
    </trkpt>
    <trkpt lat="46.252175" lon="10.393904">
      <ele>1353.818</ele>
    </trkpt>
    <trkpt lat="46.252196" lon="10.393893">
      <ele>1353.763</ele>
    </trkpt>
    <trkpt lat="46.252453" lon="10.393739">
      <ele>1354.577</ele>
    </trkpt>
    <trkpt lat="46.252555" lon="10.393684">
      <ele>1355.339</ele>
    </trkpt>
    <trkpt lat="46.252656" lon="10.393629">
      <ele>1355.921</ele>
    </trkpt>
    <trkpt lat="46.252857" lon="10.393461">
      <ele>1357.271</ele>
    </trkpt>
    <trkpt lat="46.25323" lon="10.393071">
      <ele>1357.453</ele>
    </trkpt>
    <trkpt lat="46.253254" lon="10.39305">
      <ele>1357.486</ele>
    </trkpt>
    <trkpt lat="46.253962" lon="10.392337">
      <ele>1357.208</ele>
    </trkpt>
    <trkpt lat="46.254632" lon="10.39187">
      <ele>1356.156</ele>
    </trkpt>
    <trkpt lat="46.255401" lon="10.391487">
      <ele>1359.467</ele>
    </trkpt>
    <trkpt lat="46.255843" lon="10.391075">
      <ele>1360.373</ele>
    </trkpt>
    <trkpt lat="46.25618" lon="10.390834">
      <ele>1362.752</ele>
    </trkpt>
    <trkpt lat="46.256431" lon="10.390712">
      <ele>1362.159</ele>
    </trkpt>
    <trkpt lat="46.256682" lon="10.39065">
      <ele>1364.957</ele>
    </trkpt>
    <trkpt lat="46.256927" lon="10.390587">
      <ele>1368.146</ele>
    </trkpt>
    <trkpt lat="46.257161" lon="10.390404">
      <ele>1369.54</ele>
    </trkpt>
    <trkpt lat="46.257418" lon="10.390342">
      <ele>1372.808</ele>
    </trkpt>
    <trkpt lat="46.257822" lon="10.389889">
      <ele>1374.734</ele>
    </trkpt>
    <trkpt lat="46.258187" lon="10.389314">
      <ele>1370.925</ele>
    </trkpt>
    <trkpt lat="46.258521" lon="10.389254">
      <ele>1375.151</ele>
    </trkpt>
    <trkpt lat="46.258887" lon="10.389023">
      <ele>1372.749</ele>
    </trkpt>
    <trkpt lat="46.259222" lon="10.388817">
      <ele>1371.496</ele>
    </trkpt>
    <trkpt lat="46.259635" lon="10.388639">
      <ele>1373.459</ele>
    </trkpt>
    <trkpt lat="46.259839" lon="10.388506">
      <ele>1371.856</ele>
    </trkpt>
    <trkpt lat="46.260007" lon="10.388459">
      <ele>1372.118</ele>
    </trkpt>
    <trkpt lat="46.260128" lon="10.388273">
      <ele>1370.521</ele>
    </trkpt>
    <trkpt lat="46.260209" lon="10.388001">
      <ele>1373.203</ele>
    </trkpt>
    <trkpt lat="46.260193" lon="10.387786">
      <ele>1374.711</ele>
    </trkpt>
    <trkpt lat="46.259821" lon="10.387553">
      <ele>1376.882</ele>
    </trkpt>
    <trkpt lat="46.259538" lon="10.387366">
      <ele>1378.881</ele>
    </trkpt>
    <trkpt lat="46.259449" lon="10.387355">
      <ele>1378.183</ele>
    </trkpt>
    <trkpt lat="46.259381" lon="10.387551">
      <ele>1371.827</ele>
    </trkpt>
    <trkpt lat="46.259213" lon="10.387632">
      <ele>1365.759</ele>
    </trkpt>
    <trkpt lat="46.25902" lon="10.38737">
      <ele>1362.27</ele>
    </trkpt>
    <trkpt lat="46.258798" lon="10.387004">
      <ele>1361.089</ele>
    </trkpt>
    <trkpt lat="46.258465" lon="10.38745">
      <ele>1352.763</ele>
    </trkpt>
    <trkpt lat="46.258169" lon="10.387778">
      <ele>1347.404</ele>
    </trkpt>
    <trkpt lat="46.257672" lon="10.388023">
      <ele>1339.063</ele>
    </trkpt>
    <trkpt lat="46.257276" lon="10.388347">
      <ele>1331.319</ele>
    </trkpt>
    <trkpt lat="46.256781" lon="10.388369">
      <ele>1328.079</ele>
    </trkpt>
    <trkpt lat="46.256487" lon="10.388576">
      <ele>1323.602</ele>
    </trkpt>
    <trkpt lat="46.256243" lon="10.388579">
      <ele>1321.063</ele>
    </trkpt>
    <trkpt lat="46.256082" lon="10.388609">
      <ele>1319.154</ele>
    </trkpt>
    <trkpt lat="46.255884" lon="10.388741">
      <ele>1317.183</ele>
    </trkpt>
    <trkpt lat="46.255591" lon="10.388785">
      <ele>1316.563</ele>
    </trkpt>
    <trkpt lat="46.255168" lon="10.388967">
      <ele>1313.144</ele>
    </trkpt>
    <trkpt lat="46.254673" lon="10.38915">
      <ele>1303.591</ele>
    </trkpt>
    <trkpt lat="46.254212" lon="10.389417">
      <ele>1295.321</ele>
    </trkpt>
    <trkpt lat="46.253614" lon="10.389834">
      <ele>1289.516</ele>
    </trkpt>
    <trkpt lat="46.253051" lon="10.390345">
      <ele>1273.577</ele>
    </trkpt>
    <trkpt lat="46.252594" lon="10.390282">
      <ele>1272.58</ele>
    </trkpt>
    <trkpt lat="46.252123" lon="10.390311">
      <ele>1263.377</ele>
    </trkpt>
    <trkpt lat="46.25168" lon="10.3903">
      <ele>1256.556</ele>
    </trkpt>
    <trkpt lat="46.251263" lon="10.390475">
      <ele>1253.294</ele>
    </trkpt>
    <trkpt lat="46.250847" lon="10.390639">
      <ele>1248.277</ele>
    </trkpt>
    <trkpt lat="46.250475" lon="10.39064">
      <ele>1247.883</ele>
    </trkpt>
    <trkpt lat="46.250202" lon="10.390778">
      <ele>1242.242</ele>
    </trkpt>
    <trkpt lat="46.249669" lon="10.391176">
      <ele>1235.602</ele>
    </trkpt>
    <trkpt lat="46.249487" lon="10.39147">
      <ele>1226.739</ele>
    </trkpt>
    <trkpt lat="46.248735" lon="10.391919">
      <ele>1215.471</ele>
    </trkpt>
    <trkpt lat="46.246768" lon="10.39314">
      <ele>1190.58</ele>
    </trkpt>
    <trkpt lat="46.246539" lon="10.393374">
      <ele>1180.772</ele>
    </trkpt>
    <trkpt lat="46.245495" lon="10.394034">
      <ele>1161.916</ele>
    </trkpt>
    <trkpt lat="46.244977" lon="10.394536">
      <ele>1146.457</ele>
    </trkpt>
    <trkpt lat="46.24465" lon="10.394607">
      <ele>1144.151</ele>
    </trkpt>
    <trkpt lat="46.244409" lon="10.394655">
      <ele>1140.746</ele>
    </trkpt>
    <trkpt lat="46.244112" lon="10.394744">
      <ele>1137.153</ele>
    </trkpt>
    <trkpt lat="46.243804" lon="10.394997">
      <ele>1129.369</ele>
    </trkpt>
    <trkpt lat="46.243651" lon="10.395075">
      <ele>1129.073</ele>
    </trkpt>
    <trkpt lat="46.243696" lon="10.395324">
      <ele>1121.631</ele>
    </trkpt>
    <trkpt lat="46.24314" lon="10.39557">
      <ele>1117.568</ele>
    </trkpt>
    <trkpt lat="46.242361" lon="10.396223">
      <ele>1098.168</ele>
    </trkpt>
    <trkpt lat="46.242013" lon="10.396613">
      <ele>1089.951</ele>
    </trkpt>
    <trkpt lat="46.241907" lon="10.396733">
      <ele>1087.432</ele>
    </trkpt>
    <trkpt lat="46.241528" lon="10.396559">
      <ele>1088.91</ele>
    </trkpt>
    <trkpt lat="46.241134" lon="10.396796">
      <ele>1079.41</ele>
    </trkpt>
    <trkpt lat="46.240827" lon="10.396994">
      <ele>1071.203</ele>
    </trkpt>
    <trkpt lat="46.240694" lon="10.396963">
      <ele>1069.793</ele>
    </trkpt>
    <trkpt lat="46.240578" lon="10.397112">
      <ele>1067.019</ele>
    </trkpt>
    <trkpt lat="46.240217" lon="10.397075">
      <ele>1062.655</ele>
    </trkpt>
    <trkpt lat="46.240315" lon="10.39755">
      <ele>1062.652</ele>
    </trkpt>
    <trkpt lat="46.240297" lon="10.397546">
      <ele>1062.481</ele>
    </trkpt>
    <trkpt lat="46.240292" lon="10.397935">
      <ele>1064.183</ele>
    </trkpt>
    <trkpt lat="46.240285" lon="10.397961">
      <ele>1064.095</ele>
    </trkpt>
    <trkpt lat="46.240284" lon="10.397963">
      <ele>1064.082</ele>
    </trkpt>
    <trkpt lat="46.240275" lon="10.398005">
      <ele>1063.95</ele>
    </trkpt>
    <trkpt lat="46.240268" lon="10.398181">
      <ele>1063.84</ele>
    </trkpt>
    <trkpt lat="46.2403" lon="10.398341">
      <ele>1064.212</ele>
    </trkpt>
    <trkpt lat="46.240308" lon="10.398441">
      <ele>1063.939</ele>
    </trkpt>
    <trkpt lat="46.240288" lon="10.398446">
      <ele>1063.705</ele>
    </trkpt>
    <trkpt lat="46.240182" lon="10.398917">
      <ele>1060.728</ele>
    </trkpt>
    <trkpt lat="46.24021" lon="10.399017">
      <ele>1060.233</ele>
    </trkpt>
    <trkpt lat="46.240316" lon="10.399503">
      <ele>1059.369</ele>
    </trkpt>
    <trkpt lat="46.240271" lon="10.399875">
      <ele>1057.927</ele>
    </trkpt>
    <trkpt lat="46.240274" lon="10.399885">
      <ele>1057.959</ele>
    </trkpt>
    <trkpt lat="46.24027" lon="10.399908">
      <ele>1057.916</ele>
    </trkpt>
    <trkpt lat="46.240349" lon="10.400165">
      <ele>1058.873</ele>
    </trkpt>
    <trkpt lat="46.240348" lon="10.400179">
      <ele>1058.848</ele>
    </trkpt>
    <trkpt lat="46.239865" lon="10.40031">
      <ele>1052.57</ele>
    </trkpt>
    <trkpt lat="46.23925" lon="10.400356">
      <ele>1041.003</ele>
    </trkpt>
    <trkpt lat="46.23876" lon="10.400755">
      <ele>1032.454</ele>
    </trkpt>
    <trkpt lat="46.238472" lon="10.400933">
      <ele>1028.459</ele>
    </trkpt>
    <trkpt lat="46.238137" lon="10.401398">
      <ele>1020.828</ele>
    </trkpt>
    <trkpt lat="46.23792" lon="10.401619">
      <ele>1017.136</ele>
    </trkpt>
    <trkpt lat="46.237466" lon="10.401923">
      <ele>1015.0</ele>
    </trkpt>
    <trkpt lat="46.23744" lon="10.40194">
      <ele>1015.0</ele>
    </trkpt>
    <trkpt lat="46.237427" lon="10.401949">
      <ele>1014.996</ele>
    </trkpt>
    <trkpt lat="46.237425" lon="10.40195">
      <ele>1014.995</ele>
    </trkpt>
    <trkpt lat="46.237416" lon="10.401956">
      <ele>1014.987</ele>
    </trkpt>
  </trkseg>
</trk>
</gpx>
