<?xml version="1.0" encoding="UTF-8"?>
<gpx version="1.1" creator="Muflones Trail Running Club" xmlns="http://www.topografix.com/GPX/1/1">
 <metadata>
  <name>Cimirlo, doss dei Corvi, Marzola</name>
  <link href="https://muflones.github.io"><text>Muflones Trail Running Club</text></link>
 </metadata>
 <trk><name>Cimirlo, doss dei Corvi, Marzola</name>
  <trkseg>
   <trkpt lat="46.067645" lon="11.185007"><ele>736.0</ele></trkpt>
   <trkpt lat="46.067705" lon="11.185271"><ele>735.6</ele></trkpt>
   <trkpt lat="46.067718" lon="11.185564"><ele>735.0</ele></trkpt>
   <trkpt lat="46.067718" lon="11.185602"><ele>735.0</ele></trkpt>
   <trkpt lat="46.067740" lon="11.185878"><ele>735.4</ele></trkpt>
   <trkpt lat="46.067724" lon="11.185968"><ele>735.2</ele></trkpt>
   <trkpt lat="46.067704" lon="11.186091"><ele>736.0</ele></trkpt>
   <trkpt lat="46.067651" lon="11.186229"><ele>736.4</ele></trkpt>
   <trkpt lat="46.067548" lon="11.186335"><ele>737.2</ele></trkpt>
   <trkpt lat="46.067495" lon="11.186418"><ele>738.2</ele></trkpt>
   <trkpt lat="46.067475" lon="11.186467"><ele>739.2</ele></trkpt>
   <trkpt lat="46.067462" lon="11.186482"><ele>739.8</ele></trkpt>
   <trkpt lat="46.067447" lon="11.186498"><ele>740.2</ele></trkpt>
   <trkpt lat="46.067418" lon="11.186533"><ele>741.0</ele></trkpt>
   <trkpt lat="46.067345" lon="11.186653"><ele>742.0</ele></trkpt>
   <trkpt lat="46.067253" lon="11.186748"><ele>743.2</ele></trkpt>
   <trkpt lat="46.067220" lon="11.186805"><ele>744.2</ele></trkpt>
   <trkpt lat="46.067205" lon="11.186822"><ele>744.4</ele></trkpt>
   <trkpt lat="46.067161" lon="11.186875"><ele>745.6</ele></trkpt>
   <trkpt lat="46.067133" lon="11.186911"><ele>746.2</ele></trkpt>
   <trkpt lat="46.067096" lon="11.186938"><ele>747.0</ele></trkpt>
   <trkpt lat="46.067045" lon="11.186969"><ele>748.2</ele></trkpt>
   <trkpt lat="46.066990" lon="11.186999"><ele>749.2</ele></trkpt>
   <trkpt lat="46.066909" lon="11.187050"><ele>750.4</ele></trkpt>
   <trkpt lat="46.066829" lon="11.187059"><ele>751.6</ele></trkpt>
   <trkpt lat="46.066799" lon="11.187065"><ele>752.2</ele></trkpt>
   <trkpt lat="46.066769" lon="11.187047"><ele>752.8</ele></trkpt>
   <trkpt lat="46.066706" lon="11.186993"><ele>753.8</ele></trkpt>
   <trkpt lat="46.066644" lon="11.186893"><ele>754.8</ele></trkpt>
   <trkpt lat="46.066641" lon="11.186865"><ele>755.2</ele></trkpt>
   <trkpt lat="46.066630" lon="11.186757"><ele>756.2</ele></trkpt>
   <trkpt lat="46.066629" lon="11.186644"><ele>757.4</ele></trkpt>
   <trkpt lat="46.066614" lon="11.186517"><ele>758.6</ele></trkpt>
   <trkpt lat="46.066603" lon="11.186326"><ele>759.8</ele></trkpt>
   <trkpt lat="46.066612" lon="11.186237"><ele>760.2</ele></trkpt>
   <trkpt lat="46.066608" lon="11.186160"><ele>761.2</ele></trkpt>
   <trkpt lat="46.066603" lon="11.186135"><ele>761.4</ele></trkpt>
   <trkpt lat="46.066585" lon="11.186061"><ele>762.2</ele></trkpt>
   <trkpt lat="46.066578" lon="11.186022"><ele>762.8</ele></trkpt>
   <trkpt lat="46.066571" lon="11.185981"><ele>763.4</ele></trkpt>
   <trkpt lat="46.066544" lon="11.185877"><ele>764.6</ele></trkpt>
   <trkpt lat="46.066504" lon="11.185802"><ele>765.8</ele></trkpt>
   <trkpt lat="46.066466" lon="11.185749"><ele>767.2</ele></trkpt>
   <trkpt lat="46.066457" lon="11.185734"><ele>767.4</ele></trkpt>
   <trkpt lat="46.066445" lon="11.185678"><ele>768.2</ele></trkpt>
   <trkpt lat="46.066399" lon="11.185585"><ele>769.2</ele></trkpt>
   <trkpt lat="46.066326" lon="11.185457"><ele>770.4</ele></trkpt>
   <trkpt lat="46.066300" lon="11.185404"><ele>770.6</ele></trkpt>
   <trkpt lat="46.066216" lon="11.185347"><ele>771.6</ele></trkpt>
   <trkpt lat="46.066070" lon="11.185227"><ele>772.6</ele></trkpt>
   <trkpt lat="46.065884" lon="11.185158"><ele>773.4</ele></trkpt>
   <trkpt lat="46.065818" lon="11.185186"><ele>773.4</ele></trkpt>
   <trkpt lat="46.065791" lon="11.185245"><ele>773.4</ele></trkpt>
   <trkpt lat="46.065777" lon="11.185397"><ele>773.6</ele></trkpt>
   <trkpt lat="46.065788" lon="11.185633"><ele>774.8</ele></trkpt>
   <trkpt lat="46.065802" lon="11.185798"><ele>776.0</ele></trkpt>
   <trkpt lat="46.065812" lon="11.185841"><ele>776.6</ele></trkpt>
   <trkpt lat="46.065816" lon="11.185881"><ele>777.0</ele></trkpt>
   <trkpt lat="46.065797" lon="11.185914"><ele>777.6</ele></trkpt>
   <trkpt lat="46.065777" lon="11.185959"><ele>778.2</ele></trkpt>
   <trkpt lat="46.065741" lon="11.185973"><ele>779.0</ele></trkpt>
   <trkpt lat="46.065727" lon="11.185983"><ele>779.2</ele></trkpt>
   <trkpt lat="46.065646" lon="11.185992"><ele>780.6</ele></trkpt>
   <trkpt lat="46.065571" lon="11.186011"><ele>781.6</ele></trkpt>
   <trkpt lat="46.065557" lon="11.186018"><ele>781.8</ele></trkpt>
   <trkpt lat="46.065450" lon="11.186014"><ele>782.8</ele></trkpt>
   <trkpt lat="46.065338" lon="11.185959"><ele>783.8</ele></trkpt>
   <trkpt lat="46.065209" lon="11.185950"><ele>785.0</ele></trkpt>
   <trkpt lat="46.065139" lon="11.185971"><ele>786.0</ele></trkpt>
   <trkpt lat="46.065114" lon="11.185992"><ele>786.4</ele></trkpt>
   <trkpt lat="46.065057" lon="11.186047"><ele>787.4</ele></trkpt>
   <trkpt lat="46.065026" lon="11.186164"><ele>788.6</ele></trkpt>
   <trkpt lat="46.065010" lon="11.186246"><ele>789.8</ele></trkpt>
   <trkpt lat="46.064967" lon="11.186399"><ele>791.0</ele></trkpt>
   <trkpt lat="46.064890" lon="11.186665"><ele>790.8</ele></trkpt>
   <trkpt lat="46.064854" lon="11.186798"><ele>789.6</ele></trkpt>
   <trkpt lat="46.064784" lon="11.187037"><ele>788.4</ele></trkpt>
   <trkpt lat="46.064743" lon="11.187093"><ele>788.2</ele></trkpt>
   <trkpt lat="46.064609" lon="11.187130"><ele>788.2</ele></trkpt>
   <trkpt lat="46.064531" lon="11.187169"><ele>787.4</ele></trkpt>
   <trkpt lat="46.064442" lon="11.187418"><ele>788.2</ele></trkpt>
   <trkpt lat="46.064338" lon="11.187667"><ele>789.0</ele></trkpt>
   <trkpt lat="46.064267" lon="11.187806"><ele>789.8</ele></trkpt>
   <trkpt lat="46.064167" lon="11.188023"><ele>790.8</ele></trkpt>
   <trkpt lat="46.064088" lon="11.188216"><ele>791.8</ele></trkpt>
   <trkpt lat="46.064033" lon="11.188337"><ele>793.0</ele></trkpt>
   <trkpt lat="46.063988" lon="11.188403"><ele>794.4</ele></trkpt>
   <trkpt lat="46.063921" lon="11.188483"><ele>795.6</ele></trkpt>
   <trkpt lat="46.063847" lon="11.188573"><ele>796.8</ele></trkpt>
   <trkpt lat="46.063726" lon="11.188667"><ele>797.8</ele></trkpt>
   <trkpt lat="46.063656" lon="11.188714"><ele>799.2</ele></trkpt>
   <trkpt lat="46.063581" lon="11.188744"><ele>800.6</ele></trkpt>
   <trkpt lat="46.063547" lon="11.188768"><ele>801.2</ele></trkpt>
   <trkpt lat="46.063512" lon="11.188815"><ele>801.8</ele></trkpt>
   <trkpt lat="46.063408" lon="11.188960"><ele>802.8</ele></trkpt>
   <trkpt lat="46.063285" lon="11.189149"><ele>803.8</ele></trkpt>
   <trkpt lat="46.063131" lon="11.189308"><ele>804.0</ele></trkpt>
   <trkpt lat="46.062939" lon="11.189356"><ele>803.2</ele></trkpt>
   <trkpt lat="46.062909" lon="11.189358"><ele>802.8</ele></trkpt>
   <trkpt lat="46.062820" lon="11.189360"><ele>801.6</ele></trkpt>
   <trkpt lat="46.062734" lon="11.189378"><ele>801.6</ele></trkpt>
   <trkpt lat="46.062638" lon="11.189652"><ele>802.8</ele></trkpt>
   <trkpt lat="46.062552" lon="11.189887"><ele>804.0</ele></trkpt>
   <trkpt lat="46.062473" lon="11.190022"><ele>805.0</ele></trkpt>
   <trkpt lat="46.062450" lon="11.190051"><ele>805.2</ele></trkpt>
   <trkpt lat="46.062376" lon="11.190139"><ele>804.6</ele></trkpt>
   <trkpt lat="46.062215" lon="11.190343"><ele>804.6</ele></trkpt>
   <trkpt lat="46.062104" lon="11.190596"><ele>804.6</ele></trkpt>
   <trkpt lat="46.061999" lon="11.190852"><ele>805.2</ele></trkpt>
   <trkpt lat="46.061943" lon="11.190961"><ele>806.2</ele></trkpt>
   <trkpt lat="46.061869" lon="11.191046"><ele>807.2</ele></trkpt>
   <trkpt lat="46.061785" lon="11.191077"><ele>808.6</ele></trkpt>
   <trkpt lat="46.061723" lon="11.191055"><ele>809.8</ele></trkpt>
   <trkpt lat="46.061670" lon="11.191051"><ele>811.0</ele></trkpt>
   <trkpt lat="46.061618" lon="11.191046"><ele>812.4</ele></trkpt>
   <trkpt lat="46.061583" lon="11.191050"><ele>813.6</ele></trkpt>
   <trkpt lat="46.061519" lon="11.191044"><ele>814.8</ele></trkpt>
   <trkpt lat="46.061443" lon="11.191052"><ele>816.0</ele></trkpt>
   <trkpt lat="46.061342" lon="11.191075"><ele>817.2</ele></trkpt>
   <trkpt lat="46.061256" lon="11.191070"><ele>818.2</ele></trkpt>
   <trkpt lat="46.061200" lon="11.191077"><ele>819.2</ele></trkpt>
   <trkpt lat="46.061134" lon="11.191064"><ele>820.6</ele></trkpt>
   <trkpt lat="46.061090" lon="11.191041"><ele>821.8</ele></trkpt>
   <trkpt lat="46.060984" lon="11.190986"><ele>822.8</ele></trkpt>
   <trkpt lat="46.060807" lon="11.190963"><ele>824.0</ele></trkpt>
   <trkpt lat="46.060709" lon="11.190960"><ele>825.4</ele></trkpt>
   <trkpt lat="46.060626" lon="11.190934"><ele>826.8</ele></trkpt>
   <trkpt lat="46.060505" lon="11.190901"><ele>827.8</ele></trkpt>
   <trkpt lat="46.060333" lon="11.190876"><ele>828.8</ele></trkpt>
   <trkpt lat="46.060308" lon="11.190899"><ele>828.8</ele></trkpt>
   <trkpt lat="46.060303" lon="11.190947"><ele>829.0</ele></trkpt>
   <trkpt lat="46.060283" lon="11.191026"><ele>829.0</ele></trkpt>
   <trkpt lat="46.060091" lon="11.191124"><ele>827.8</ele></trkpt>
   <trkpt lat="46.060060" lon="11.191129"><ele>827.6</ele></trkpt>
   <trkpt lat="46.059897" lon="11.191240"><ele>828.4</ele></trkpt>
   <trkpt lat="46.059868" lon="11.191293"><ele>828.8</ele></trkpt>
   <trkpt lat="46.059835" lon="11.191335"><ele>829.2</ele></trkpt>
   <trkpt lat="46.059770" lon="11.191342"><ele>830.0</ele></trkpt>
   <trkpt lat="46.059712" lon="11.191347"><ele>831.2</ele></trkpt>
   <trkpt lat="46.059550" lon="11.191361"><ele>832.4</ele></trkpt>
   <trkpt lat="46.059364" lon="11.191424"><ele>833.4</ele></trkpt>
   <trkpt lat="46.059343" lon="11.191433"><ele>833.4</ele></trkpt>
   <trkpt lat="46.059299" lon="11.191465"><ele>833.6</ele></trkpt>
   <trkpt lat="46.059266" lon="11.191491"><ele>833.8</ele></trkpt>
   <trkpt lat="46.059208" lon="11.191562"><ele>834.0</ele></trkpt>
   <trkpt lat="46.059115" lon="11.191707"><ele>834.6</ele></trkpt>
   <trkpt lat="46.059087" lon="11.191751"><ele>835.2</ele></trkpt>
   <trkpt lat="46.059058" lon="11.191811"><ele>836.0</ele></trkpt>
   <trkpt lat="46.059042" lon="11.191876"><ele>836.8</ele></trkpt>
   <trkpt lat="46.059042" lon="11.191900"><ele>837.2</ele></trkpt>
   <trkpt lat="46.059020" lon="11.191957"><ele>838.0</ele></trkpt>
   <trkpt lat="46.059015" lon="11.191989"><ele>838.4</ele></trkpt>
   <trkpt lat="46.059016" lon="11.192041"><ele>839.2</ele></trkpt>
   <trkpt lat="46.059001" lon="11.192094"><ele>839.6</ele></trkpt>
   <trkpt lat="46.058983" lon="11.192190"><ele>840.8</ele></trkpt>
   <trkpt lat="46.058927" lon="11.192329"><ele>841.4</ele></trkpt>
   <trkpt lat="46.058896" lon="11.192378"><ele>841.8</ele></trkpt>
   <trkpt lat="46.058801" lon="11.192567"><ele>842.8</ele></trkpt>
   <trkpt lat="46.058769" lon="11.192598"><ele>843.4</ele></trkpt>
   <trkpt lat="46.058739" lon="11.192630"><ele>844.0</ele></trkpt>
   <trkpt lat="46.058694" lon="11.192694"><ele>845.0</ele></trkpt>
   <trkpt lat="46.058640" lon="11.192765"><ele>846.2</ele></trkpt>
   <trkpt lat="46.058537" lon="11.192889"><ele>847.4</ele></trkpt>
   <trkpt lat="46.058468" lon="11.192949"><ele>848.6</ele></trkpt>
   <trkpt lat="46.058301" lon="11.193106"><ele>848.8</ele></trkpt>
   <trkpt lat="46.058158" lon="11.193233"><ele>848.8</ele></trkpt>
   <trkpt lat="46.058087" lon="11.193319"><ele>849.6</ele></trkpt>
   <trkpt lat="46.057948" lon="11.193413"><ele>850.6</ele></trkpt>
   <trkpt lat="46.057774" lon="11.193504"><ele>850.0</ele></trkpt>
   <trkpt lat="46.057610" lon="11.193616"><ele>849.8</ele></trkpt>
   <trkpt lat="46.057588" lon="11.193617"><ele>849.4</ele></trkpt>
   <trkpt lat="46.057403" lon="11.193698"><ele>849.4</ele></trkpt>
   <trkpt lat="46.057302" lon="11.193758"><ele>850.6</ele></trkpt>
   <trkpt lat="46.057108" lon="11.193815"><ele>851.4</ele></trkpt>
   <trkpt lat="46.056926" lon="11.193872"><ele>850.6</ele></trkpt>
   <trkpt lat="46.056719" lon="11.193813"><ele>850.2</ele></trkpt>
   <trkpt lat="46.056541" lon="11.193757"><ele>849.6</ele></trkpt>
   <trkpt lat="46.056518" lon="11.193740"><ele>849.6</ele></trkpt>
   <trkpt lat="46.056500" lon="11.193745"><ele>849.6</ele></trkpt>
   <trkpt lat="46.056374" lon="11.193956"><ele>850.6</ele></trkpt>
   <trkpt lat="46.056294" lon="11.194087"><ele>852.0</ele></trkpt>
   <trkpt lat="46.056220" lon="11.194143"><ele>853.4</ele></trkpt>
   <trkpt lat="46.056039" lon="11.194171"><ele>852.8</ele></trkpt>
   <trkpt lat="46.055961" lon="11.194184"><ele>852.2</ele></trkpt>
   <trkpt lat="46.055817" lon="11.194352"><ele>851.8</ele></trkpt>
   <trkpt lat="46.055785" lon="11.194393"><ele>852.0</ele></trkpt>
   <trkpt lat="46.055723" lon="11.194426"><ele>853.2</ele></trkpt>
   <trkpt lat="46.055661" lon="11.194438"><ele>854.4</ele></trkpt>
   <trkpt lat="46.055596" lon="11.194436"><ele>855.6</ele></trkpt>
   <trkpt lat="46.055406" lon="11.194399"><ele>855.2</ele></trkpt>
   <trkpt lat="46.055321" lon="11.194328"><ele>856.0</ele></trkpt>
   <trkpt lat="46.055288" lon="11.194284"><ele>857.0</ele></trkpt>
   <trkpt lat="46.055269" lon="11.194267"><ele>857.4</ele></trkpt>
   <trkpt lat="46.055232" lon="11.194237"><ele>858.0</ele></trkpt>
   <trkpt lat="46.055136" lon="11.194218"><ele>859.4</ele></trkpt>
   <trkpt lat="46.055102" lon="11.194239"><ele>860.0</ele></trkpt>
   <trkpt lat="46.055077" lon="11.194252"><ele>860.4</ele></trkpt>
   <trkpt lat="46.055030" lon="11.194277"><ele>861.2</ele></trkpt>
   <trkpt lat="46.055012" lon="11.194289"><ele>861.6</ele></trkpt>
   <trkpt lat="46.054990" lon="11.194294"><ele>861.8</ele></trkpt>
   <trkpt lat="46.054960" lon="11.194303"><ele>862.4</ele></trkpt>
   <trkpt lat="46.054942" lon="11.194302"><ele>862.8</ele></trkpt>
   <trkpt lat="46.054909" lon="11.194329"><ele>863.8</ele></trkpt>
   <trkpt lat="46.054893" lon="11.194340"><ele>864.0</ele></trkpt>
   <trkpt lat="46.054864" lon="11.194382"><ele>864.8</ele></trkpt>
   <trkpt lat="46.054852" lon="11.194402"><ele>865.2</ele></trkpt>
   <trkpt lat="46.054828" lon="11.194424"><ele>866.0</ele></trkpt>
   <trkpt lat="46.054812" lon="11.194439"><ele>866.2</ele></trkpt>
   <trkpt lat="46.054772" lon="11.194494"><ele>867.2</ele></trkpt>
   <trkpt lat="46.054757" lon="11.194518"><ele>867.4</ele></trkpt>
   <trkpt lat="46.054742" lon="11.194538"><ele>867.6</ele></trkpt>
   <trkpt lat="46.054707" lon="11.194596"><ele>868.6</ele></trkpt>
   <trkpt lat="46.054682" lon="11.194619"><ele>869.6</ele></trkpt>
   <trkpt lat="46.054645" lon="11.194627"><ele>870.6</ele></trkpt>
   <trkpt lat="46.054598" lon="11.194634"><ele>871.8</ele></trkpt>
   <trkpt lat="46.054570" lon="11.194654"><ele>873.0</ele></trkpt>
   <trkpt lat="46.054496" lon="11.194649"><ele>874.0</ele></trkpt>
   <trkpt lat="46.054446" lon="11.194640"><ele>875.0</ele></trkpt>
   <trkpt lat="46.054366" lon="11.194622"><ele>876.0</ele></trkpt>
   <trkpt lat="46.054303" lon="11.194615"><ele>877.0</ele></trkpt>
   <trkpt lat="46.054235" lon="11.194617"><ele>878.4</ele></trkpt>
   <trkpt lat="46.054180" lon="11.194608"><ele>879.4</ele></trkpt>
   <trkpt lat="46.054125" lon="11.194591"><ele>880.4</ele></trkpt>
   <trkpt lat="46.054089" lon="11.194578"><ele>881.6</ele></trkpt>
   <trkpt lat="46.054062" lon="11.194565"><ele>882.4</ele></trkpt>
   <trkpt lat="46.054050" lon="11.194559"><ele>882.8</ele></trkpt>
   <trkpt lat="46.053999" lon="11.194533"><ele>884.2</ele></trkpt>
   <trkpt lat="46.053983" lon="11.194547"><ele>884.6</ele></trkpt>
   <trkpt lat="46.053964" lon="11.194537"><ele>885.2</ele></trkpt>
   <trkpt lat="46.053957" lon="11.194534"><ele>885.6</ele></trkpt>
   <trkpt lat="46.053933" lon="11.194507"><ele>886.4</ele></trkpt>
   <trkpt lat="46.053906" lon="11.194499"><ele>887.0</ele></trkpt>
   <trkpt lat="46.053869" lon="11.194522"><ele>887.8</ele></trkpt>
   <trkpt lat="46.053850" lon="11.194538"><ele>888.2</ele></trkpt>
   <trkpt lat="46.053821" lon="11.194546"><ele>889.0</ele></trkpt>
   <trkpt lat="46.053788" lon="11.194531"><ele>889.6</ele></trkpt>
   <trkpt lat="46.053757" lon="11.194508"><ele>890.2</ele></trkpt>
   <trkpt lat="46.053739" lon="11.194511"><ele>890.4</ele></trkpt>
   <trkpt lat="46.053702" lon="11.194517"><ele>891.2</ele></trkpt>
   <trkpt lat="46.053688" lon="11.194513"><ele>891.4</ele></trkpt>
   <trkpt lat="46.053651" lon="11.194503"><ele>892.0</ele></trkpt>
   <trkpt lat="46.053627" lon="11.194512"><ele>892.8</ele></trkpt>
   <trkpt lat="46.053604" lon="11.194505"><ele>893.4</ele></trkpt>
   <trkpt lat="46.053593" lon="11.194494"><ele>893.8</ele></trkpt>
   <trkpt lat="46.053579" lon="11.194504"><ele>894.2</ele></trkpt>
   <trkpt lat="46.053560" lon="11.194486"><ele>894.8</ele></trkpt>
   <trkpt lat="46.053550" lon="11.194477"><ele>895.2</ele></trkpt>
   <trkpt lat="46.053516" lon="11.194472"><ele>896.0</ele></trkpt>
   <trkpt lat="46.053486" lon="11.194453"><ele>897.4</ele></trkpt>
   <trkpt lat="46.053478" lon="11.194455"><ele>897.8</ele></trkpt>
   <trkpt lat="46.053428" lon="11.194458"><ele>898.8</ele></trkpt>
   <trkpt lat="46.053385" lon="11.194460"><ele>899.8</ele></trkpt>
   <trkpt lat="46.053341" lon="11.194511"><ele>901.0</ele></trkpt>
   <trkpt lat="46.053307" lon="11.194560"><ele>902.4</ele></trkpt>
   <trkpt lat="46.053284" lon="11.194586"><ele>903.6</ele></trkpt>
   <trkpt lat="46.053259" lon="11.194625"><ele>904.4</ele></trkpt>
   <trkpt lat="46.053256" lon="11.194630"><ele>904.6</ele></trkpt>
   <trkpt lat="46.053233" lon="11.194646"><ele>906.2</ele></trkpt>
   <trkpt lat="46.053230" lon="11.194648"><ele>906.6</ele></trkpt>
   <trkpt lat="46.053222" lon="11.194655"><ele>907.0</ele></trkpt>
   <trkpt lat="46.053211" lon="11.194660"><ele>907.4</ele></trkpt>
   <trkpt lat="46.053183" lon="11.194676"><ele>908.0</ele></trkpt>
   <trkpt lat="46.053171" lon="11.194686"><ele>908.6</ele></trkpt>
   <trkpt lat="46.053154" lon="11.194704"><ele>909.4</ele></trkpt>
   <trkpt lat="46.053145" lon="11.194713"><ele>909.8</ele></trkpt>
   <trkpt lat="46.053132" lon="11.194721"><ele>910.0</ele></trkpt>
   <trkpt lat="46.053100" lon="11.194742"><ele>910.8</ele></trkpt>
   <trkpt lat="46.053089" lon="11.194750"><ele>911.0</ele></trkpt>
   <trkpt lat="46.053065" lon="11.194759"><ele>912.4</ele></trkpt>
   <trkpt lat="46.053054" lon="11.194779"><ele>913.4</ele></trkpt>
   <trkpt lat="46.053041" lon="11.194786"><ele>913.8</ele></trkpt>
   <trkpt lat="46.052993" lon="11.194826"><ele>914.8</ele></trkpt>
   <trkpt lat="46.052962" lon="11.194851"><ele>915.8</ele></trkpt>
   <trkpt lat="46.052941" lon="11.194861"><ele>916.2</ele></trkpt>
   <trkpt lat="46.052934" lon="11.194863"><ele>916.2</ele></trkpt>
   <trkpt lat="46.052877" lon="11.194918"><ele>916.6</ele></trkpt>
   <trkpt lat="46.052838" lon="11.194972"><ele>916.8</ele></trkpt>
   <trkpt lat="46.052826" lon="11.194988"><ele>917.0</ele></trkpt>
   <trkpt lat="46.052797" lon="11.195053"><ele>917.4</ele></trkpt>
   <trkpt lat="46.052765" lon="11.195119"><ele>918.0</ele></trkpt>
   <trkpt lat="46.052727" lon="11.195182"><ele>918.2</ele></trkpt>
   <trkpt lat="46.052734" lon="11.195446"><ele>916.6</ele></trkpt>
   <trkpt lat="46.052722" lon="11.195542"><ele>915.4</ele></trkpt>
   <trkpt lat="46.052691" lon="11.195653"><ele>914.2</ele></trkpt>
   <trkpt lat="46.052677" lon="11.195784"><ele>912.8</ele></trkpt>
   <trkpt lat="46.052663" lon="11.196004"><ele>911.8</ele></trkpt>
   <trkpt lat="46.052667" lon="11.196130"><ele>910.4</ele></trkpt>
   <trkpt lat="46.052652" lon="11.196229"><ele>909.4</ele></trkpt>
   <trkpt lat="46.052621" lon="11.196337"><ele>908.0</ele></trkpt>
   <trkpt lat="46.052590" lon="11.196421"><ele>906.6</ele></trkpt>
   <trkpt lat="46.052549" lon="11.196547"><ele>905.6</ele></trkpt>
   <trkpt lat="46.052528" lon="11.196808"><ele>906.0</ele></trkpt>
   <trkpt lat="46.052537" lon="11.196953"><ele>906.0</ele></trkpt>
   <trkpt lat="46.052527" lon="11.197063"><ele>906.4</ele></trkpt>
   <trkpt lat="46.052524" lon="11.197089"><ele>906.8</ele></trkpt>
   <trkpt lat="46.052531" lon="11.197162"><ele>908.2</ele></trkpt>
   <trkpt lat="46.052541" lon="11.197200"><ele>909.0</ele></trkpt>
   <trkpt lat="46.052538" lon="11.197226"><ele>909.4</ele></trkpt>
   <trkpt lat="46.052519" lon="11.197316"><ele>910.6</ele></trkpt>
   <trkpt lat="46.052500" lon="11.197397"><ele>911.6</ele></trkpt>
   <trkpt lat="46.052489" lon="11.197501"><ele>912.8</ele></trkpt>
   <trkpt lat="46.052496" lon="11.197531"><ele>913.0</ele></trkpt>
   <trkpt lat="46.052531" lon="11.197690"><ele>914.2</ele></trkpt>
   <trkpt lat="46.052534" lon="11.197751"><ele>914.6</ele></trkpt>
   <trkpt lat="46.052543" lon="11.197802"><ele>915.2</ele></trkpt>
   <trkpt lat="46.052544" lon="11.198065"><ele>914.8</ele></trkpt>
   <trkpt lat="46.052547" lon="11.198147"><ele>913.6</ele></trkpt>
   <trkpt lat="46.052524" lon="11.198259"><ele>912.4</ele></trkpt>
   <trkpt lat="46.052478" lon="11.198398"><ele>911.2</ele></trkpt>
   <trkpt lat="46.052460" lon="11.198501"><ele>909.8</ele></trkpt>
   <trkpt lat="46.052443" lon="11.198598"><ele>908.6</ele></trkpt>
   <trkpt lat="46.052396" lon="11.198781"><ele>907.4</ele></trkpt>
   <trkpt lat="46.052351" lon="11.198856"><ele>906.6</ele></trkpt>
   <trkpt lat="46.052322" lon="11.198871"><ele>905.8</ele></trkpt>
   <trkpt lat="46.052277" lon="11.198881"><ele>904.6</ele></trkpt>
   <trkpt lat="46.052164" lon="11.198884"><ele>905.8</ele></trkpt>
   <trkpt lat="46.052121" lon="11.198901"><ele>907.2</ele></trkpt>
   <trkpt lat="46.052075" lon="11.198928"><ele>908.4</ele></trkpt>
   <trkpt lat="46.052034" lon="11.198986"><ele>909.6</ele></trkpt>
   <trkpt lat="46.051955" lon="11.199035"><ele>911.0</ele></trkpt>
   <trkpt lat="46.051812" lon="11.199069"><ele>912.0</ele></trkpt>
   <trkpt lat="46.051626" lon="11.199076"><ele>913.0</ele></trkpt>
   <trkpt lat="46.051599" lon="11.199078"><ele>913.2</ele></trkpt>
   <trkpt lat="46.051584" lon="11.199091"><ele>913.2</ele></trkpt>
   <trkpt lat="46.051550" lon="11.199151"><ele>913.6</ele></trkpt>
   <trkpt lat="46.051523" lon="11.199237"><ele>914.4</ele></trkpt>
   <trkpt lat="46.051463" lon="11.199348"><ele>915.4</ele></trkpt>
   <trkpt lat="46.051415" lon="11.199420"><ele>916.4</ele></trkpt>
   <trkpt lat="46.051389" lon="11.199460"><ele>917.2</ele></trkpt>
   <trkpt lat="46.051372" lon="11.199476"><ele>917.6</ele></trkpt>
   <trkpt lat="46.051274" lon="11.199519"><ele>918.8</ele></trkpt>
   <trkpt lat="46.051198" lon="11.199544"><ele>920.0</ele></trkpt>
   <trkpt lat="46.051099" lon="11.199631"><ele>921.2</ele></trkpt>
   <trkpt lat="46.051060" lon="11.199678"><ele>921.6</ele></trkpt>
   <trkpt lat="46.051038" lon="11.199683"><ele>922.2</ele></trkpt>
   <trkpt lat="46.050876" lon="11.199746"><ele>923.2</ele></trkpt>
   <trkpt lat="46.050795" lon="11.199763"><ele>924.4</ele></trkpt>
   <trkpt lat="46.050711" lon="11.199800"><ele>925.4</ele></trkpt>
   <trkpt lat="46.050689" lon="11.199797"><ele>925.6</ele></trkpt>
   <trkpt lat="46.050622" lon="11.199785"><ele>926.6</ele></trkpt>
   <trkpt lat="46.050583" lon="11.199776"><ele>927.2</ele></trkpt>
   <trkpt lat="46.050571" lon="11.199765"><ele>927.8</ele></trkpt>
   <trkpt lat="46.050551" lon="11.199722"><ele>928.8</ele></trkpt>
   <trkpt lat="46.050546" lon="11.199712"><ele>929.2</ele></trkpt>
   <trkpt lat="46.050519" lon="11.199679"><ele>930.0</ele></trkpt>
   <trkpt lat="46.050505" lon="11.199663"><ele>930.4</ele></trkpt>
   <trkpt lat="46.050491" lon="11.199646"><ele>930.8</ele></trkpt>
   <trkpt lat="46.050482" lon="11.199638"><ele>931.6</ele></trkpt>
   <trkpt lat="46.050461" lon="11.199638"><ele>932.0</ele></trkpt>
   <trkpt lat="46.050439" lon="11.199641"><ele>932.8</ele></trkpt>
   <trkpt lat="46.050421" lon="11.199646"><ele>933.4</ele></trkpt>
   <trkpt lat="46.050406" lon="11.199635"><ele>934.0</ele></trkpt>
   <trkpt lat="46.050400" lon="11.199626"><ele>934.4</ele></trkpt>
   <trkpt lat="46.050392" lon="11.199609"><ele>935.2</ele></trkpt>
   <trkpt lat="46.050360" lon="11.199587"><ele>936.0</ele></trkpt>
   <trkpt lat="46.050352" lon="11.199577"><ele>936.4</ele></trkpt>
   <trkpt lat="46.050341" lon="11.199558"><ele>937.2</ele></trkpt>
   <trkpt lat="46.050333" lon="11.199553"><ele>937.6</ele></trkpt>
   <trkpt lat="46.050298" lon="11.199545"><ele>938.4</ele></trkpt>
   <trkpt lat="46.050285" lon="11.199545"><ele>938.8</ele></trkpt>
   <trkpt lat="46.050251" lon="11.199524"><ele>940.2</ele></trkpt>
   <trkpt lat="46.050225" lon="11.199527"><ele>941.2</ele></trkpt>
   <trkpt lat="46.050220" lon="11.199529"><ele>941.6</ele></trkpt>
   <trkpt lat="46.050210" lon="11.199533"><ele>942.2</ele></trkpt>
   <trkpt lat="46.050202" lon="11.199536"><ele>942.6</ele></trkpt>
   <trkpt lat="46.050187" lon="11.199541"><ele>943.4</ele></trkpt>
   <trkpt lat="46.050175" lon="11.199547"><ele>944.0</ele></trkpt>
   <trkpt lat="46.050163" lon="11.199547"><ele>944.4</ele></trkpt>
   <trkpt lat="46.050117" lon="11.199544"><ele>945.4</ele></trkpt>
   <trkpt lat="46.050099" lon="11.199540"><ele>945.8</ele></trkpt>
   <trkpt lat="46.050080" lon="11.199550"><ele>946.6</ele></trkpt>
   <trkpt lat="46.050080" lon="11.199550"><ele>946.8</ele></trkpt>
   <trkpt lat="46.050066" lon="11.199550"><ele>947.8</ele></trkpt>
   <trkpt lat="46.050052" lon="11.199556"><ele>949.0</ele></trkpt>
   <trkpt lat="46.050049" lon="11.199557"><ele>949.2</ele></trkpt>
   <trkpt lat="46.050030" lon="11.199563"><ele>950.2</ele></trkpt>
   <trkpt lat="46.050014" lon="11.199590"><ele>951.8</ele></trkpt>
   <trkpt lat="46.049998" lon="11.199599"><ele>952.6</ele></trkpt>
   <trkpt lat="46.049992" lon="11.199600"><ele>952.8</ele></trkpt>
   <trkpt lat="46.049975" lon="11.199605"><ele>953.6</ele></trkpt>
   <trkpt lat="46.049965" lon="11.199608"><ele>954.2</ele></trkpt>
   <trkpt lat="46.049956" lon="11.199612"><ele>954.4</ele></trkpt>
   <trkpt lat="46.049935" lon="11.199615"><ele>955.0</ele></trkpt>
   <trkpt lat="46.049924" lon="11.199618"><ele>955.6</ele></trkpt>
   <trkpt lat="46.049893" lon="11.199650"><ele>956.8</ele></trkpt>
   <trkpt lat="46.049887" lon="11.199653"><ele>957.0</ele></trkpt>
   <trkpt lat="46.049877" lon="11.199656"><ele>957.4</ele></trkpt>
   <trkpt lat="46.049868" lon="11.199658"><ele>957.8</ele></trkpt>
   <trkpt lat="46.049860" lon="11.199662"><ele>958.4</ele></trkpt>
   <trkpt lat="46.049846" lon="11.199671"><ele>958.8</ele></trkpt>
   <trkpt lat="46.049839" lon="11.199671"><ele>959.0</ele></trkpt>
   <trkpt lat="46.049810" lon="11.199679"><ele>959.8</ele></trkpt>
   <trkpt lat="46.049799" lon="11.199679"><ele>960.2</ele></trkpt>
   <trkpt lat="46.049769" lon="11.199683"><ele>961.4</ele></trkpt>
   <trkpt lat="46.049760" lon="11.199682"><ele>961.6</ele></trkpt>
   <trkpt lat="46.049740" lon="11.199679"><ele>962.6</ele></trkpt>
   <trkpt lat="46.049707" lon="11.199661"><ele>963.2</ele></trkpt>
   <trkpt lat="46.049690" lon="11.199635"><ele>963.8</ele></trkpt>
   <trkpt lat="46.049658" lon="11.199573"><ele>964.6</ele></trkpt>
   <trkpt lat="46.049651" lon="11.199549"><ele>965.0</ele></trkpt>
   <trkpt lat="46.049638" lon="11.199530"><ele>965.4</ele></trkpt>
   <trkpt lat="46.049622" lon="11.199510"><ele>966.0</ele></trkpt>
   <trkpt lat="46.049589" lon="11.199474"><ele>966.8</ele></trkpt>
   <trkpt lat="46.049575" lon="11.199467"><ele>967.2</ele></trkpt>
   <trkpt lat="46.049547" lon="11.199449"><ele>967.6</ele></trkpt>
   <trkpt lat="46.049521" lon="11.199436"><ele>968.2</ele></trkpt>
   <trkpt lat="46.049451" lon="11.199421"><ele>969.4</ele></trkpt>
   <trkpt lat="46.049439" lon="11.199416"><ele>969.8</ele></trkpt>
   <trkpt lat="46.049425" lon="11.199403"><ele>970.4</ele></trkpt>
   <trkpt lat="46.049411" lon="11.199394"><ele>970.6</ele></trkpt>
   <trkpt lat="46.049398" lon="11.199385"><ele>971.0</ele></trkpt>
   <trkpt lat="46.049384" lon="11.199366"><ele>971.8</ele></trkpt>
   <trkpt lat="46.049373" lon="11.199326"><ele>972.8</ele></trkpt>
   <trkpt lat="46.049375" lon="11.199293"><ele>973.2</ele></trkpt>
   <trkpt lat="46.049402" lon="11.199253"><ele>973.8</ele></trkpt>
   <trkpt lat="46.049446" lon="11.199188"><ele>975.0</ele></trkpt>
   <trkpt lat="46.049582" lon="11.198981"><ele>975.8</ele></trkpt>
   <trkpt lat="46.049626" lon="11.198914"><ele>976.2</ele></trkpt>
   <trkpt lat="46.049720" lon="11.198787"><ele>977.2</ele></trkpt>
   <trkpt lat="46.049836" lon="11.198701"><ele>978.4</ele></trkpt>
   <trkpt lat="46.049896" lon="11.198617"><ele>979.4</ele></trkpt>
   <trkpt lat="46.049908" lon="11.198596"><ele>979.6</ele></trkpt>
   <trkpt lat="46.049961" lon="11.198543"><ele>980.8</ele></trkpt>
   <trkpt lat="46.049996" lon="11.198509"><ele>981.6</ele></trkpt>
   <trkpt lat="46.050005" lon="11.198497"><ele>981.8</ele></trkpt>
   <trkpt lat="46.050030" lon="11.198461"><ele>982.8</ele></trkpt>
   <trkpt lat="46.050034" lon="11.198436"><ele>983.0</ele></trkpt>
   <trkpt lat="46.050061" lon="11.198390"><ele>984.2</ele></trkpt>
   <trkpt lat="46.050087" lon="11.198357"><ele>985.2</ele></trkpt>
   <trkpt lat="46.050095" lon="11.198345"><ele>985.4</ele></trkpt>
   <trkpt lat="46.050126" lon="11.198316"><ele>986.2</ele></trkpt>
   <trkpt lat="46.050160" lon="11.198258"><ele>987.4</ele></trkpt>
   <trkpt lat="46.050190" lon="11.198198"><ele>988.4</ele></trkpt>
   <trkpt lat="46.050218" lon="11.198152"><ele>989.4</ele></trkpt>
   <trkpt lat="46.050232" lon="11.198129"><ele>989.4</ele></trkpt>
   <trkpt lat="46.050245" lon="11.198111"><ele>989.8</ele></trkpt>
   <trkpt lat="46.050268" lon="11.198046"><ele>990.8</ele></trkpt>
   <trkpt lat="46.050280" lon="11.198029"><ele>991.2</ele></trkpt>
   <trkpt lat="46.050301" lon="11.197976"><ele>992.2</ele></trkpt>
   <trkpt lat="46.050316" lon="11.197934"><ele>992.6</ele></trkpt>
   <trkpt lat="46.050317" lon="11.197893"><ele>993.0</ele></trkpt>
   <trkpt lat="46.050315" lon="11.197872"><ele>993.4</ele></trkpt>
   <trkpt lat="46.050307" lon="11.197832"><ele>994.0</ele></trkpt>
   <trkpt lat="46.050300" lon="11.197785"><ele>994.6</ele></trkpt>
   <trkpt lat="46.050284" lon="11.197702"><ele>995.6</ele></trkpt>
   <trkpt lat="46.050263" lon="11.197662"><ele>996.2</ele></trkpt>
   <trkpt lat="46.050240" lon="11.197630"><ele>996.8</ele></trkpt>
   <trkpt lat="46.050203" lon="11.197552"><ele>997.4</ele></trkpt>
   <trkpt lat="46.050182" lon="11.197518"><ele>997.8</ele></trkpt>
   <trkpt lat="46.050168" lon="11.197503"><ele>998.0</ele></trkpt>
   <trkpt lat="46.050100" lon="11.197457"><ele>999.0</ele></trkpt>
   <trkpt lat="46.050074" lon="11.197467"><ele>1000.2</ele></trkpt>
   <trkpt lat="46.050031" lon="11.197454"><ele>1001.0</ele></trkpt>
   <trkpt lat="46.050009" lon="11.197445"><ele>1001.2</ele></trkpt>
   <trkpt lat="46.049947" lon="11.197442"><ele>1002.4</ele></trkpt>
   <trkpt lat="46.049906" lon="11.197449"><ele>1003.6</ele></trkpt>
   <trkpt lat="46.049872" lon="11.197468"><ele>1004.6</ele></trkpt>
   <trkpt lat="46.049872" lon="11.197468"><ele>1004.8</ele></trkpt>
   <trkpt lat="46.049830" lon="11.197462"><ele>1005.8</ele></trkpt>
   <trkpt lat="46.049814" lon="11.197465"><ele>1006.0</ele></trkpt>
   <trkpt lat="46.049784" lon="11.197481"><ele>1007.2</ele></trkpt>
   <trkpt lat="46.049731" lon="11.197508"><ele>1008.2</ele></trkpt>
   <trkpt lat="46.049672" lon="11.197502"><ele>1009.4</ele></trkpt>
   <trkpt lat="46.049655" lon="11.197499"><ele>1009.6</ele></trkpt>
   <trkpt lat="46.049605" lon="11.197454"><ele>1010.4</ele></trkpt>
   <trkpt lat="46.049584" lon="11.197430"><ele>1010.8</ele></trkpt>
   <trkpt lat="46.049558" lon="11.197396"><ele>1011.6</ele></trkpt>
   <trkpt lat="46.049530" lon="11.197330"><ele>1012.8</ele></trkpt>
   <trkpt lat="46.049512" lon="11.197300"><ele>1013.4</ele></trkpt>
   <trkpt lat="46.049507" lon="11.197289"><ele>1013.8</ele></trkpt>
   <trkpt lat="46.049485" lon="11.197255"><ele>1014.8</ele></trkpt>
   <trkpt lat="46.049462" lon="11.197207"><ele>1016.0</ele></trkpt>
   <trkpt lat="46.049457" lon="11.197195"><ele>1016.2</ele></trkpt>
   <trkpt lat="46.049428" lon="11.197140"><ele>1017.0</ele></trkpt>
   <trkpt lat="46.049419" lon="11.197122"><ele>1017.2</ele></trkpt>
   <trkpt lat="46.049405" lon="11.197091"><ele>1017.8</ele></trkpt>
   <trkpt lat="46.049398" lon="11.197078"><ele>1018.2</ele></trkpt>
   <trkpt lat="46.049389" lon="11.197040"><ele>1019.2</ele></trkpt>
   <trkpt lat="46.049389" lon="11.197040"><ele>1019.6</ele></trkpt>
   <trkpt lat="46.049377" lon="11.196981"><ele>1020.4</ele></trkpt>
   <trkpt lat="46.049365" lon="11.196932"><ele>1021.4</ele></trkpt>
   <trkpt lat="46.049359" lon="11.196920"><ele>1021.8</ele></trkpt>
   <trkpt lat="46.049351" lon="11.196881"><ele>1022.6</ele></trkpt>
   <trkpt lat="46.049331" lon="11.196829"><ele>1023.6</ele></trkpt>
   <trkpt lat="46.049322" lon="11.196784"><ele>1024.8</ele></trkpt>
   <trkpt lat="46.049317" lon="11.196762"><ele>1025.6</ele></trkpt>
   <trkpt lat="46.049307" lon="11.196743"><ele>1026.2</ele></trkpt>
   <trkpt lat="46.049293" lon="11.196728"><ele>1027.0</ele></trkpt>
   <trkpt lat="46.049286" lon="11.196716"><ele>1027.2</ele></trkpt>
   <trkpt lat="46.049263" lon="11.196686"><ele>1028.0</ele></trkpt>
   <trkpt lat="46.049257" lon="11.196678"><ele>1028.4</ele></trkpt>
   <trkpt lat="46.049249" lon="11.196675"><ele>1028.6</ele></trkpt>
   <trkpt lat="46.049230" lon="11.196668"><ele>1029.6</ele></trkpt>
   <trkpt lat="46.049219" lon="11.196664"><ele>1029.8</ele></trkpt>
   <trkpt lat="46.049203" lon="11.196657"><ele>1030.2</ele></trkpt>
   <trkpt lat="46.049178" lon="11.196655"><ele>1030.4</ele></trkpt>
   <trkpt lat="46.049171" lon="11.196653"><ele>1030.6</ele></trkpt>
   <trkpt lat="46.049140" lon="11.196643"><ele>1031.8</ele></trkpt>
   <trkpt lat="46.049103" lon="11.196641"><ele>1032.4</ele></trkpt>
   <trkpt lat="46.049080" lon="11.196623"><ele>1032.8</ele></trkpt>
   <trkpt lat="46.049056" lon="11.196629"><ele>1033.8</ele></trkpt>
   <trkpt lat="46.049042" lon="11.196644"><ele>1034.2</ele></trkpt>
   <trkpt lat="46.049022" lon="11.196661"><ele>1035.2</ele></trkpt>
   <trkpt lat="46.049013" lon="11.196661"><ele>1035.4</ele></trkpt>
   <trkpt lat="46.048999" lon="11.196675"><ele>1036.4</ele></trkpt>
   <trkpt lat="46.048993" lon="11.196684"><ele>1036.6</ele></trkpt>
   <trkpt lat="46.048985" lon="11.196693"><ele>1036.8</ele></trkpt>
   <trkpt lat="46.048965" lon="11.196702"><ele>1037.4</ele></trkpt>
   <trkpt lat="46.048926" lon="11.196709"><ele>1038.2</ele></trkpt>
   <trkpt lat="46.048896" lon="11.196714"><ele>1038.6</ele></trkpt>
   <trkpt lat="46.048857" lon="11.196733"><ele>1039.8</ele></trkpt>
   <trkpt lat="46.048828" lon="11.196764"><ele>1040.6</ele></trkpt>
   <trkpt lat="46.048815" lon="11.196776"><ele>1041.0</ele></trkpt>
   <trkpt lat="46.048797" lon="11.196795"><ele>1041.4</ele></trkpt>
   <trkpt lat="46.048789" lon="11.196800"><ele>1042.2</ele></trkpt>
   <trkpt lat="46.048762" lon="11.196815"><ele>1042.4</ele></trkpt>
   <trkpt lat="46.048742" lon="11.196844"><ele>1043.2</ele></trkpt>
   <trkpt lat="46.048710" lon="11.196881"><ele>1044.2</ele></trkpt>
   <trkpt lat="46.048694" lon="11.196888"><ele>1044.4</ele></trkpt>
   <trkpt lat="46.048654" lon="11.196904"><ele>1045.0</ele></trkpt>
   <trkpt lat="46.048643" lon="11.196910"><ele>1045.4</ele></trkpt>
   <trkpt lat="46.048608" lon="11.196921"><ele>1046.4</ele></trkpt>
   <trkpt lat="46.048594" lon="11.196921"><ele>1046.6</ele></trkpt>
   <trkpt lat="46.048564" lon="11.196920"><ele>1047.0</ele></trkpt>
   <trkpt lat="46.048534" lon="11.196919"><ele>1047.8</ele></trkpt>
   <trkpt lat="46.048508" lon="11.196925"><ele>1048.6</ele></trkpt>
   <trkpt lat="46.048496" lon="11.196924"><ele>1049.2</ele></trkpt>
   <trkpt lat="46.048466" lon="11.196925"><ele>1049.6</ele></trkpt>
   <trkpt lat="46.048422" lon="11.196938"><ele>1050.2</ele></trkpt>
   <trkpt lat="46.048409" lon="11.196940"><ele>1050.4</ele></trkpt>
   <trkpt lat="46.048324" lon="11.196962"><ele>1051.2</ele></trkpt>
   <trkpt lat="46.048324" lon="11.196962"><ele>1051.4</ele></trkpt>
   <trkpt lat="46.048208" lon="11.196946"><ele>1052.6</ele></trkpt>
   <trkpt lat="46.048171" lon="11.196944"><ele>1053.0</ele></trkpt>
   <trkpt lat="46.048115" lon="11.196955"><ele>1053.6</ele></trkpt>
   <trkpt lat="46.047980" lon="11.196961"><ele>1055.0</ele></trkpt>
   <trkpt lat="46.047906" lon="11.196981"><ele>1055.8</ele></trkpt>
   <trkpt lat="46.047885" lon="11.196988"><ele>1056.2</ele></trkpt>
   <trkpt lat="46.047823" lon="11.196989"><ele>1056.8</ele></trkpt>
   <trkpt lat="46.047803" lon="11.196985"><ele>1057.0</ele></trkpt>
   <trkpt lat="46.047784" lon="11.196985"><ele>1057.2</ele></trkpt>
   <trkpt lat="46.047703" lon="11.196947"><ele>1058.0</ele></trkpt>
   <trkpt lat="46.047661" lon="11.196923"><ele>1058.2</ele></trkpt>
   <trkpt lat="46.047558" lon="11.196887"><ele>1059.4</ele></trkpt>
   <trkpt lat="46.047519" lon="11.196885"><ele>1060.0</ele></trkpt>
   <trkpt lat="46.047496" lon="11.196888"><ele>1060.4</ele></trkpt>
   <trkpt lat="46.047480" lon="11.196893"><ele>1060.8</ele></trkpt>
   <trkpt lat="46.047437" lon="11.196896"><ele>1061.0</ele></trkpt>
   <trkpt lat="46.047399" lon="11.196880"><ele>1061.6</ele></trkpt>
   <trkpt lat="46.047342" lon="11.196864"><ele>1062.2</ele></trkpt>
   <trkpt lat="46.047303" lon="11.196844"><ele>1062.8</ele></trkpt>
   <trkpt lat="46.047246" lon="11.196810"><ele>1064.0</ele></trkpt>
   <trkpt lat="46.047231" lon="11.196808"><ele>1064.4</ele></trkpt>
   <trkpt lat="46.047184" lon="11.196802"><ele>1065.2</ele></trkpt>
   <trkpt lat="46.047167" lon="11.196790"><ele>1065.6</ele></trkpt>
   <trkpt lat="46.047138" lon="11.196775"><ele>1066.4</ele></trkpt>
   <trkpt lat="46.047061" lon="11.196731"><ele>1067.6</ele></trkpt>
   <trkpt lat="46.047015" lon="11.196710"><ele>1068.4</ele></trkpt>
   <trkpt lat="46.046983" lon="11.196695"><ele>1069.0</ele></trkpt>
   <trkpt lat="46.046965" lon="11.196683"><ele>1069.2</ele></trkpt>
   <trkpt lat="46.046892" lon="11.196643"><ele>1070.0</ele></trkpt>
   <trkpt lat="46.046879" lon="11.196630"><ele>1070.4</ele></trkpt>
   <trkpt lat="46.046856" lon="11.196626"><ele>1071.2</ele></trkpt>
   <trkpt lat="46.046794" lon="11.196619"><ele>1072.6</ele></trkpt>
   <trkpt lat="46.046717" lon="11.196634"><ele>1073.6</ele></trkpt>
   <trkpt lat="46.046658" lon="11.196633"><ele>1074.4</ele></trkpt>
   <trkpt lat="46.046611" lon="11.196639"><ele>1075.0</ele></trkpt>
   <trkpt lat="46.046539" lon="11.196639"><ele>1076.0</ele></trkpt>
   <trkpt lat="46.046480" lon="11.196625"><ele>1077.0</ele></trkpt>
   <trkpt lat="46.046408" lon="11.196575"><ele>1078.2</ele></trkpt>
   <trkpt lat="46.046395" lon="11.196566"><ele>1078.8</ele></trkpt>
   <trkpt lat="46.046387" lon="11.196562"><ele>1079.2</ele></trkpt>
   <trkpt lat="46.046378" lon="11.196562"><ele>1079.4</ele></trkpt>
   <trkpt lat="46.046332" lon="11.196539"><ele>1080.2</ele></trkpt>
   <trkpt lat="46.046318" lon="11.196537"><ele>1080.6</ele></trkpt>
   <trkpt lat="46.046258" lon="11.196520"><ele>1081.4</ele></trkpt>
   <trkpt lat="46.046211" lon="11.196503"><ele>1082.6</ele></trkpt>
   <trkpt lat="46.046161" lon="11.196473"><ele>1083.8</ele></trkpt>
   <trkpt lat="46.046132" lon="11.196478"><ele>1084.2</ele></trkpt>
   <trkpt lat="46.046103" lon="11.196489"><ele>1085.0</ele></trkpt>
   <trkpt lat="46.046082" lon="11.196492"><ele>1085.8</ele></trkpt>
   <trkpt lat="46.046065" lon="11.196487"><ele>1086.2</ele></trkpt>
   <trkpt lat="46.046054" lon="11.196488"><ele>1086.6</ele></trkpt>
   <trkpt lat="46.046024" lon="11.196489"><ele>1087.2</ele></trkpt>
   <trkpt lat="46.046008" lon="11.196490"><ele>1087.6</ele></trkpt>
   <trkpt lat="46.045990" lon="11.196495"><ele>1088.2</ele></trkpt>
   <trkpt lat="46.045979" lon="11.196499"><ele>1088.6</ele></trkpt>
   <trkpt lat="46.045965" lon="11.196498"><ele>1089.2</ele></trkpt>
   <trkpt lat="46.045949" lon="11.196498"><ele>1089.8</ele></trkpt>
   <trkpt lat="46.045943" lon="11.196502"><ele>1090.0</ele></trkpt>
   <trkpt lat="46.045917" lon="11.196500"><ele>1091.2</ele></trkpt>
   <trkpt lat="46.045892" lon="11.196499"><ele>1092.4</ele></trkpt>
   <trkpt lat="46.045853" lon="11.196485"><ele>1093.6</ele></trkpt>
   <trkpt lat="46.045827" lon="11.196459"><ele>1094.6</ele></trkpt>
   <trkpt lat="46.045818" lon="11.196446"><ele>1095.0</ele></trkpt>
   <trkpt lat="46.045781" lon="11.196389"><ele>1095.6</ele></trkpt>
   <trkpt lat="46.045760" lon="11.196361"><ele>1096.4</ele></trkpt>
   <trkpt lat="46.045751" lon="11.196348"><ele>1096.8</ele></trkpt>
   <trkpt lat="46.045736" lon="11.196289"><ele>1097.4</ele></trkpt>
   <trkpt lat="46.045732" lon="11.196271"><ele>1097.8</ele></trkpt>
   <trkpt lat="46.045690" lon="11.196201"><ele>1099.0</ele></trkpt>
   <trkpt lat="46.045682" lon="11.196143"><ele>1099.8</ele></trkpt>
   <trkpt lat="46.045682" lon="11.196121"><ele>1100.0</ele></trkpt>
   <trkpt lat="46.045685" lon="11.196100"><ele>1100.6</ele></trkpt>
   <trkpt lat="46.045679" lon="11.196086"><ele>1101.2</ele></trkpt>
   <trkpt lat="46.045676" lon="11.196071"><ele>1101.8</ele></trkpt>
   <trkpt lat="46.045672" lon="11.196064"><ele>1102.2</ele></trkpt>
   <trkpt lat="46.045685" lon="11.196032"><ele>1103.0</ele></trkpt>
   <trkpt lat="46.045688" lon="11.196021"><ele>1103.4</ele></trkpt>
   <trkpt lat="46.045692" lon="11.195998"><ele>1104.0</ele></trkpt>
   <trkpt lat="46.045695" lon="11.195968"><ele>1104.4</ele></trkpt>
   <trkpt lat="46.045698" lon="11.195926"><ele>1105.2</ele></trkpt>
   <trkpt lat="46.045708" lon="11.195909"><ele>1105.4</ele></trkpt>
   <trkpt lat="46.045734" lon="11.195859"><ele>1106.4</ele></trkpt>
   <trkpt lat="46.045750" lon="11.195817"><ele>1107.0</ele></trkpt>
   <trkpt lat="46.045762" lon="11.195790"><ele>1107.6</ele></trkpt>
   <trkpt lat="46.045793" lon="11.195744"><ele>1108.6</ele></trkpt>
   <trkpt lat="46.045809" lon="11.195733"><ele>1108.8</ele></trkpt>
   <trkpt lat="46.045860" lon="11.195678"><ele>1110.0</ele></trkpt>
   <trkpt lat="46.045872" lon="11.195643"><ele>1111.4</ele></trkpt>
   <trkpt lat="46.045893" lon="11.195604"><ele>1112.8</ele></trkpt>
   <trkpt lat="46.045892" lon="11.195548"><ele>1114.0</ele></trkpt>
   <trkpt lat="46.045915" lon="11.195504"><ele>1115.2</ele></trkpt>
   <trkpt lat="46.045924" lon="11.195482"><ele>1116.0</ele></trkpt>
   <trkpt lat="46.045928" lon="11.195469"><ele>1116.4</ele></trkpt>
   <trkpt lat="46.045930" lon="11.195460"><ele>1116.6</ele></trkpt>
   <trkpt lat="46.045944" lon="11.195425"><ele>1117.6</ele></trkpt>
   <trkpt lat="46.045950" lon="11.195396"><ele>1118.2</ele></trkpt>
   <trkpt lat="46.045953" lon="11.195383"><ele>1118.6</ele></trkpt>
   <trkpt lat="46.045969" lon="11.195343"><ele>1119.6</ele></trkpt>
   <trkpt lat="46.045976" lon="11.195329"><ele>1120.4</ele></trkpt>
   <trkpt lat="46.045977" lon="11.195316"><ele>1120.8</ele></trkpt>
   <trkpt lat="46.045988" lon="11.195293"><ele>1121.8</ele></trkpt>
   <trkpt lat="46.045993" lon="11.195266"><ele>1122.6</ele></trkpt>
   <trkpt lat="46.045996" lon="11.195255"><ele>1122.8</ele></trkpt>
   <trkpt lat="46.046023" lon="11.195242"><ele>1124.0</ele></trkpt>
   <trkpt lat="46.046073" lon="11.195234"><ele>1125.0</ele></trkpt>
   <trkpt lat="46.046111" lon="11.195216"><ele>1126.2</ele></trkpt>
   <trkpt lat="46.046133" lon="11.195201"><ele>1127.0</ele></trkpt>
   <trkpt lat="46.046136" lon="11.195193"><ele>1127.4</ele></trkpt>
   <trkpt lat="46.046142" lon="11.195183"><ele>1127.8</ele></trkpt>
   <trkpt lat="46.046149" lon="11.195156"><ele>1128.4</ele></trkpt>
   <trkpt lat="46.046150" lon="11.195140"><ele>1128.8</ele></trkpt>
   <trkpt lat="46.046168" lon="11.195079"><ele>1129.6</ele></trkpt>
   <trkpt lat="46.046175" lon="11.195062"><ele>1130.0</ele></trkpt>
   <trkpt lat="46.046182" lon="11.195005"><ele>1131.2</ele></trkpt>
   <trkpt lat="46.046183" lon="11.194985"><ele>1132.0</ele></trkpt>
   <trkpt lat="46.046184" lon="11.194974"><ele>1132.2</ele></trkpt>
   <trkpt lat="46.046186" lon="11.194963"><ele>1132.4</ele></trkpt>
   <trkpt lat="46.046176" lon="11.194906"><ele>1133.2</ele></trkpt>
   <trkpt lat="46.046174" lon="11.194894"><ele>1133.6</ele></trkpt>
   <trkpt lat="46.046165" lon="11.194860"><ele>1134.2</ele></trkpt>
   <trkpt lat="46.046162" lon="11.194843"><ele>1134.8</ele></trkpt>
   <trkpt lat="46.046152" lon="11.194836"><ele>1135.4</ele></trkpt>
   <trkpt lat="46.046145" lon="11.194829"><ele>1136.0</ele></trkpt>
   <trkpt lat="46.046131" lon="11.194832"><ele>1137.0</ele></trkpt>
   <trkpt lat="46.046106" lon="11.194843"><ele>1138.2</ele></trkpt>
   <trkpt lat="46.046104" lon="11.194846"><ele>1138.6</ele></trkpt>
   <trkpt lat="46.046102" lon="11.194858"><ele>1139.4</ele></trkpt>
   <trkpt lat="46.046092" lon="11.194876"><ele>1140.0</ele></trkpt>
   <trkpt lat="46.046085" lon="11.194879"><ele>1140.4</ele></trkpt>
   <trkpt lat="46.046078" lon="11.194873"><ele>1140.6</ele></trkpt>
   <trkpt lat="46.046072" lon="11.194875"><ele>1141.4</ele></trkpt>
   <trkpt lat="46.046044" lon="11.194869"><ele>1142.6</ele></trkpt>
   <trkpt lat="46.046028" lon="11.194877"><ele>1143.8</ele></trkpt>
   <trkpt lat="46.046008" lon="11.194887"><ele>1145.0</ele></trkpt>
   <trkpt lat="46.045974" lon="11.194888"><ele>1146.4</ele></trkpt>
   <trkpt lat="46.045956" lon="11.194891"><ele>1147.2</ele></trkpt>
   <trkpt lat="46.045937" lon="11.194905"><ele>1147.6</ele></trkpt>
   <trkpt lat="46.045899" lon="11.194925"><ele>1148.6</ele></trkpt>
   <trkpt lat="46.045865" lon="11.194957"><ele>1149.8</ele></trkpt>
   <trkpt lat="46.045852" lon="11.194961"><ele>1150.0</ele></trkpt>
   <trkpt lat="46.045839" lon="11.194966"><ele>1150.2</ele></trkpt>
   <trkpt lat="46.045826" lon="11.194991"><ele>1150.8</ele></trkpt>
   <trkpt lat="46.045815" lon="11.195001"><ele>1151.0</ele></trkpt>
   <trkpt lat="46.045792" lon="11.195001"><ele>1152.2</ele></trkpt>
   <trkpt lat="46.045772" lon="11.195014"><ele>1153.0</ele></trkpt>
   <trkpt lat="46.045765" lon="11.195015"><ele>1153.4</ele></trkpt>
   <trkpt lat="46.045737" lon="11.195015"><ele>1154.6</ele></trkpt>
   <trkpt lat="46.045706" lon="11.195023"><ele>1156.0</ele></trkpt>
   <trkpt lat="46.045672" lon="11.195046"><ele>1157.2</ele></trkpt>
   <trkpt lat="46.045662" lon="11.195047"><ele>1157.6</ele></trkpt>
   <trkpt lat="46.045649" lon="11.195059"><ele>1158.2</ele></trkpt>
   <trkpt lat="46.045641" lon="11.195063"><ele>1158.4</ele></trkpt>
   <trkpt lat="46.045608" lon="11.195060"><ele>1159.2</ele></trkpt>
   <trkpt lat="46.045590" lon="11.195066"><ele>1159.8</ele></trkpt>
   <trkpt lat="46.045578" lon="11.195074"><ele>1160.2</ele></trkpt>
   <trkpt lat="46.045555" lon="11.195092"><ele>1161.0</ele></trkpt>
   <trkpt lat="46.045545" lon="11.195097"><ele>1161.4</ele></trkpt>
   <trkpt lat="46.045533" lon="11.195101"><ele>1161.8</ele></trkpt>
   <trkpt lat="46.045516" lon="11.195106"><ele>1162.8</ele></trkpt>
   <trkpt lat="46.045509" lon="11.195095"><ele>1163.0</ele></trkpt>
   <trkpt lat="46.045474" lon="11.195073"><ele>1163.8</ele></trkpt>
   <trkpt lat="46.045446" lon="11.195064"><ele>1164.6</ele></trkpt>
   <trkpt lat="46.045435" lon="11.195051"><ele>1165.0</ele></trkpt>
   <trkpt lat="46.045429" lon="11.195042"><ele>1165.4</ele></trkpt>
   <trkpt lat="46.045411" lon="11.195026"><ele>1165.8</ele></trkpt>
   <trkpt lat="46.045403" lon="11.195018"><ele>1166.0</ele></trkpt>
   <trkpt lat="46.045389" lon="11.195019"><ele>1166.4</ele></trkpt>
   <trkpt lat="46.045381" lon="11.195004"><ele>1167.2</ele></trkpt>
   <trkpt lat="46.045368" lon="11.194976"><ele>1168.6</ele></trkpt>
   <trkpt lat="46.045346" lon="11.194953"><ele>1169.8</ele></trkpt>
   <trkpt lat="46.045345" lon="11.194932"><ele>1170.4</ele></trkpt>
   <trkpt lat="46.045343" lon="11.194923"><ele>1170.8</ele></trkpt>
   <trkpt lat="46.045327" lon="11.194882"><ele>1172.0</ele></trkpt>
   <trkpt lat="46.045315" lon="11.194862"><ele>1172.8</ele></trkpt>
   <trkpt lat="46.045308" lon="11.194845"><ele>1173.4</ele></trkpt>
   <trkpt lat="46.045297" lon="11.194842"><ele>1174.0</ele></trkpt>
   <trkpt lat="46.045288" lon="11.194822"><ele>1174.6</ele></trkpt>
   <trkpt lat="46.045277" lon="11.194793"><ele>1176.0</ele></trkpt>
   <trkpt lat="46.045259" lon="11.194759"><ele>1177.0</ele></trkpt>
   <trkpt lat="46.045249" lon="11.194748"><ele>1177.4</ele></trkpt>
   <trkpt lat="46.045237" lon="11.194726"><ele>1178.4</ele></trkpt>
   <trkpt lat="46.045230" lon="11.194718"><ele>1178.6</ele></trkpt>
   <trkpt lat="46.045220" lon="11.194687"><ele>1179.8</ele></trkpt>
   <trkpt lat="46.045194" lon="11.194655"><ele>1181.0</ele></trkpt>
   <trkpt lat="46.045195" lon="11.194607"><ele>1182.0</ele></trkpt>
   <trkpt lat="46.045190" lon="11.194578"><ele>1182.8</ele></trkpt>
   <trkpt lat="46.045185" lon="11.194567"><ele>1183.2</ele></trkpt>
   <trkpt lat="46.045181" lon="11.194555"><ele>1183.4</ele></trkpt>
   <trkpt lat="46.045198" lon="11.194522"><ele>1184.2</ele></trkpt>
   <trkpt lat="46.045213" lon="11.194486"><ele>1185.4</ele></trkpt>
   <trkpt lat="46.045221" lon="11.194433"><ele>1186.6</ele></trkpt>
   <trkpt lat="46.045219" lon="11.194420"><ele>1187.4</ele></trkpt>
   <trkpt lat="46.045217" lon="11.194413"><ele>1187.8</ele></trkpt>
   <trkpt lat="46.045220" lon="11.194395"><ele>1189.0</ele></trkpt>
   <trkpt lat="46.045229" lon="11.194388"><ele>1190.6</ele></trkpt>
   <trkpt lat="46.045241" lon="11.194395"><ele>1191.6</ele></trkpt>
   <trkpt lat="46.045259" lon="11.194349"><ele>1192.6</ele></trkpt>
   <trkpt lat="46.045275" lon="11.194324"><ele>1194.2</ele></trkpt>
   <trkpt lat="46.045290" lon="11.194291"><ele>1195.2</ele></trkpt>
   <trkpt lat="46.045297" lon="11.194275"><ele>1195.8</ele></trkpt>
   <trkpt lat="46.045308" lon="11.194261"><ele>1196.2</ele></trkpt>
   <trkpt lat="46.045315" lon="11.194260"><ele>1196.4</ele></trkpt>
   <trkpt lat="46.045333" lon="11.194244"><ele>1197.4</ele></trkpt>
   <trkpt lat="46.045353" lon="11.194229"><ele>1197.8</ele></trkpt>
   <trkpt lat="46.045366" lon="11.194210"><ele>1198.4</ele></trkpt>
   <trkpt lat="46.045381" lon="11.194192"><ele>1199.0</ele></trkpt>
   <trkpt lat="46.045412" lon="11.194161"><ele>1199.4</ele></trkpt>
   <trkpt lat="46.045456" lon="11.194113"><ele>1200.8</ele></trkpt>
   <trkpt lat="46.045500" lon="11.194074"><ele>1201.8</ele></trkpt>
   <trkpt lat="46.045546" lon="11.194020"><ele>1203.0</ele></trkpt>
   <trkpt lat="46.045564" lon="11.193986"><ele>1204.0</ele></trkpt>
   <trkpt lat="46.045572" lon="11.193976"><ele>1204.4</ele></trkpt>
   <trkpt lat="46.045577" lon="11.193959"><ele>1204.6</ele></trkpt>
   <trkpt lat="46.045587" lon="11.193938"><ele>1205.4</ele></trkpt>
   <trkpt lat="46.045593" lon="11.193924"><ele>1205.8</ele></trkpt>
   <trkpt lat="46.045608" lon="11.193888"><ele>1206.6</ele></trkpt>
   <trkpt lat="46.045610" lon="11.193878"><ele>1207.0</ele></trkpt>
   <trkpt lat="46.045622" lon="11.193855"><ele>1207.8</ele></trkpt>
   <trkpt lat="46.045627" lon="11.193849"><ele>1208.2</ele></trkpt>
   <trkpt lat="46.045635" lon="11.193828"><ele>1208.8</ele></trkpt>
   <trkpt lat="46.045641" lon="11.193819"><ele>1209.2</ele></trkpt>
   <trkpt lat="46.045646" lon="11.193793"><ele>1209.8</ele></trkpt>
   <trkpt lat="46.045652" lon="11.193783"><ele>1210.0</ele></trkpt>
   <trkpt lat="46.045658" lon="11.193768"><ele>1210.4</ele></trkpt>
   <trkpt lat="46.045666" lon="11.193721"><ele>1211.0</ele></trkpt>
   <trkpt lat="46.045672" lon="11.193695"><ele>1211.2</ele></trkpt>
   <trkpt lat="46.045675" lon="11.193685"><ele>1211.6</ele></trkpt>
   <trkpt lat="46.045688" lon="11.193663"><ele>1212.2</ele></trkpt>
   <trkpt lat="46.045704" lon="11.193649"><ele>1213.4</ele></trkpt>
   <trkpt lat="46.045706" lon="11.193633"><ele>1214.4</ele></trkpt>
   <trkpt lat="46.045727" lon="11.193586"><ele>1215.8</ele></trkpt>
   <trkpt lat="46.045747" lon="11.193517"><ele>1216.8</ele></trkpt>
   <trkpt lat="46.045757" lon="11.193494"><ele>1217.4</ele></trkpt>
   <trkpt lat="46.045765" lon="11.193467"><ele>1218.0</ele></trkpt>
   <trkpt lat="46.045769" lon="11.193435"><ele>1218.4</ele></trkpt>
   <trkpt lat="46.045776" lon="11.193382"><ele>1218.8</ele></trkpt>
   <trkpt lat="46.045779" lon="11.193349"><ele>1218.8</ele></trkpt>
   <trkpt lat="46.045786" lon="11.193320"><ele>1219.2</ele></trkpt>
   <trkpt lat="46.045804" lon="11.193276"><ele>1219.4</ele></trkpt>
   <trkpt lat="46.045949" lon="11.193079"><ele>1219.2</ele></trkpt>
   <trkpt lat="46.046100" lon="11.192846"><ele>1219.6</ele></trkpt>
   <trkpt lat="46.046141" lon="11.192792"><ele>1219.4</ele></trkpt>
   <trkpt lat="46.046276" lon="11.192621"><ele>1218.6</ele></trkpt>
   <trkpt lat="46.046305" lon="11.192578"><ele>1218.0</ele></trkpt>
   <trkpt lat="46.046392" lon="11.192337"><ele>1218.6</ele></trkpt>
   <trkpt lat="46.046396" lon="11.192306"><ele>1219.2</ele></trkpt>
   <trkpt lat="46.046411" lon="11.192239"><ele>1220.6</ele></trkpt>
   <trkpt lat="46.046417" lon="11.192183"><ele>1222.0</ele></trkpt>
   <trkpt lat="46.046420" lon="11.192167"><ele>1222.4</ele></trkpt>
   <trkpt lat="46.046427" lon="11.192134"><ele>1223.0</ele></trkpt>
   <trkpt lat="46.046436" lon="11.192089"><ele>1224.0</ele></trkpt>
   <trkpt lat="46.046447" lon="11.192065"><ele>1224.8</ele></trkpt>
   <trkpt lat="46.046452" lon="11.192046"><ele>1225.0</ele></trkpt>
   <trkpt lat="46.046459" lon="11.192017"><ele>1225.4</ele></trkpt>
   <trkpt lat="46.046460" lon="11.191991"><ele>1226.2</ele></trkpt>
   <trkpt lat="46.046470" lon="11.191939"><ele>1227.2</ele></trkpt>
   <trkpt lat="46.046469" lon="11.191919"><ele>1228.0</ele></trkpt>
   <trkpt lat="46.046468" lon="11.191908"><ele>1228.4</ele></trkpt>
   <trkpt lat="46.046469" lon="11.191882"><ele>1228.8</ele></trkpt>
   <trkpt lat="46.046460" lon="11.191852"><ele>1229.6</ele></trkpt>
   <trkpt lat="46.046467" lon="11.191807"><ele>1231.0</ele></trkpt>
   <trkpt lat="46.046459" lon="11.191803"><ele>1231.2</ele></trkpt>
   <trkpt lat="46.046444" lon="11.191793"><ele>1231.8</ele></trkpt>
   <trkpt lat="46.046436" lon="11.191789"><ele>1232.0</ele></trkpt>
   <trkpt lat="46.046422" lon="11.191789"><ele>1232.6</ele></trkpt>
   <trkpt lat="46.046423" lon="11.191774"><ele>1233.2</ele></trkpt>
   <trkpt lat="46.046434" lon="11.191751"><ele>1234.2</ele></trkpt>
   <trkpt lat="46.046469" lon="11.191707"><ele>1235.2</ele></trkpt>
   <trkpt lat="46.046478" lon="11.191689"><ele>1235.6</ele></trkpt>
   <trkpt lat="46.046493" lon="11.191647"><ele>1236.2</ele></trkpt>
   <trkpt lat="46.046494" lon="11.191628"><ele>1236.8</ele></trkpt>
   <trkpt lat="46.046510" lon="11.191592"><ele>1237.4</ele></trkpt>
   <trkpt lat="46.046512" lon="11.191577"><ele>1238.0</ele></trkpt>
   <trkpt lat="46.046530" lon="11.191543"><ele>1238.6</ele></trkpt>
   <trkpt lat="46.046532" lon="11.191536"><ele>1239.0</ele></trkpt>
   <trkpt lat="46.046543" lon="11.191510"><ele>1240.2</ele></trkpt>
   <trkpt lat="46.046538" lon="11.191499"><ele>1241.0</ele></trkpt>
   <trkpt lat="46.046546" lon="11.191495"><ele>1241.2</ele></trkpt>
   <trkpt lat="46.046558" lon="11.191476"><ele>1242.0</ele></trkpt>
   <trkpt lat="46.046571" lon="11.191443"><ele>1242.6</ele></trkpt>
   <trkpt lat="46.046593" lon="11.191425"><ele>1243.8</ele></trkpt>
   <trkpt lat="46.046609" lon="11.191403"><ele>1244.6</ele></trkpt>
   <trkpt lat="46.046610" lon="11.191389"><ele>1245.0</ele></trkpt>
   <trkpt lat="46.046631" lon="11.191363"><ele>1246.0</ele></trkpt>
   <trkpt lat="46.046632" lon="11.191359"><ele>1246.2</ele></trkpt>
   <trkpt lat="46.046645" lon="11.191360"><ele>1247.2</ele></trkpt>
   <trkpt lat="46.046683" lon="11.191351"><ele>1248.4</ele></trkpt>
   <trkpt lat="46.046708" lon="11.191339"><ele>1249.6</ele></trkpt>
   <trkpt lat="46.046712" lon="11.191333"><ele>1250.0</ele></trkpt>
   <trkpt lat="46.046728" lon="11.191340"><ele>1250.8</ele></trkpt>
   <trkpt lat="46.046739" lon="11.191348"><ele>1252.0</ele></trkpt>
   <trkpt lat="46.046759" lon="11.191324"><ele>1253.2</ele></trkpt>
   <trkpt lat="46.046786" lon="11.191279"><ele>1253.8</ele></trkpt>
   <trkpt lat="46.046798" lon="11.191268"><ele>1254.4</ele></trkpt>
   <trkpt lat="46.046822" lon="11.191251"><ele>1255.6</ele></trkpt>
   <trkpt lat="46.046830" lon="11.191236"><ele>1255.8</ele></trkpt>
   <trkpt lat="46.046840" lon="11.191222"><ele>1257.0</ele></trkpt>
   <trkpt lat="46.046863" lon="11.191203"><ele>1258.2</ele></trkpt>
   <trkpt lat="46.046869" lon="11.191199"><ele>1258.4</ele></trkpt>
   <trkpt lat="46.046879" lon="11.191166"><ele>1259.2</ele></trkpt>
   <trkpt lat="46.046891" lon="11.191149"><ele>1260.6</ele></trkpt>
   <trkpt lat="46.046897" lon="11.191140"><ele>1261.6</ele></trkpt>
   <trkpt lat="46.046928" lon="11.191062"><ele>1262.6</ele></trkpt>
   <trkpt lat="46.046932" lon="11.191053"><ele>1263.0</ele></trkpt>
   <trkpt lat="46.046938" lon="11.191032"><ele>1263.8</ele></trkpt>
   <trkpt lat="46.046961" lon="11.190999"><ele>1264.8</ele></trkpt>
   <trkpt lat="46.046963" lon="11.190977"><ele>1266.0</ele></trkpt>
   <trkpt lat="46.046962" lon="11.190941"><ele>1267.0</ele></trkpt>
   <trkpt lat="46.046985" lon="11.190925"><ele>1267.6</ele></trkpt>
   <trkpt lat="46.047016" lon="11.190919"><ele>1268.2</ele></trkpt>
   <trkpt lat="46.047036" lon="11.190908"><ele>1268.8</ele></trkpt>
   <trkpt lat="46.047047" lon="11.190886"><ele>1269.2</ele></trkpt>
   <trkpt lat="46.047050" lon="11.190878"><ele>1269.4</ele></trkpt>
   <trkpt lat="46.047065" lon="11.190858"><ele>1270.0</ele></trkpt>
   <trkpt lat="46.047085" lon="11.190829"><ele>1270.8</ele></trkpt>
   <trkpt lat="46.047109" lon="11.190782"><ele>1271.6</ele></trkpt>
   <trkpt lat="46.047116" lon="11.190745"><ele>1272.0</ele></trkpt>
   <trkpt lat="46.047147" lon="11.190714"><ele>1272.8</ele></trkpt>
   <trkpt lat="46.047158" lon="11.190706"><ele>1273.0</ele></trkpt>
   <trkpt lat="46.047166" lon="11.190699"><ele>1273.2</ele></trkpt>
   <trkpt lat="46.047189" lon="11.190679"><ele>1273.8</ele></trkpt>
   <trkpt lat="46.047196" lon="11.190674"><ele>1274.0</ele></trkpt>
   <trkpt lat="46.047210" lon="11.190650"><ele>1275.4</ele></trkpt>
   <trkpt lat="46.047243" lon="11.190595"><ele>1276.8</ele></trkpt>
   <trkpt lat="46.047245" lon="11.190585"><ele>1277.0</ele></trkpt>
   <trkpt lat="46.047261" lon="11.190555"><ele>1278.0</ele></trkpt>
   <trkpt lat="46.047261" lon="11.190533"><ele>1279.6</ele></trkpt>
   <trkpt lat="46.047253" lon="11.190511"><ele>1280.8</ele></trkpt>
   <trkpt lat="46.047225" lon="11.190504"><ele>1281.6</ele></trkpt>
   <trkpt lat="46.047218" lon="11.190498"><ele>1281.8</ele></trkpt>
   <trkpt lat="46.047191" lon="11.190489"><ele>1282.8</ele></trkpt>
   <trkpt lat="46.047160" lon="11.190489"><ele>1284.0</ele></trkpt>
   <trkpt lat="46.047121" lon="11.190502"><ele>1284.6</ele></trkpt>
   <trkpt lat="46.047084" lon="11.190518"><ele>1285.4</ele></trkpt>
   <trkpt lat="46.047075" lon="11.190528"><ele>1285.6</ele></trkpt>
   <trkpt lat="46.047066" lon="11.190538"><ele>1286.0</ele></trkpt>
   <trkpt lat="46.047048" lon="11.190562"><ele>1286.4</ele></trkpt>
   <trkpt lat="46.047014" lon="11.190604"><ele>1287.0</ele></trkpt>
   <trkpt lat="46.046983" lon="11.190632"><ele>1287.6</ele></trkpt>
   <trkpt lat="46.046944" lon="11.190642"><ele>1288.4</ele></trkpt>
   <trkpt lat="46.046934" lon="11.190644"><ele>1288.6</ele></trkpt>
   <trkpt lat="46.046914" lon="11.190648"><ele>1289.2</ele></trkpt>
   <trkpt lat="46.046894" lon="11.190663"><ele>1290.0</ele></trkpt>
   <trkpt lat="46.046864" lon="11.190665"><ele>1290.6</ele></trkpt>
   <trkpt lat="46.046843" lon="11.190661"><ele>1291.2</ele></trkpt>
   <trkpt lat="46.046821" lon="11.190649"><ele>1291.8</ele></trkpt>
   <trkpt lat="46.046802" lon="11.190651"><ele>1292.4</ele></trkpt>
   <trkpt lat="46.046777" lon="11.190649"><ele>1292.6</ele></trkpt>
   <trkpt lat="46.046728" lon="11.190654"><ele>1293.2</ele></trkpt>
   <trkpt lat="46.046714" lon="11.190627"><ele>1293.6</ele></trkpt>
   <trkpt lat="46.046686" lon="11.190584"><ele>1294.2</ele></trkpt>
   <trkpt lat="46.046677" lon="11.190578"><ele>1294.6</ele></trkpt>
   <trkpt lat="46.046633" lon="11.190612"><ele>1295.6</ele></trkpt>
   <trkpt lat="46.046626" lon="11.190567"><ele>1296.8</ele></trkpt>
   <trkpt lat="46.046621" lon="11.190555"><ele>1297.0</ele></trkpt>
   <trkpt lat="46.046602" lon="11.190531"><ele>1297.8</ele></trkpt>
   <trkpt lat="46.046591" lon="11.190515"><ele>1298.2</ele></trkpt>
   <trkpt lat="46.046577" lon="11.190493"><ele>1299.0</ele></trkpt>
   <trkpt lat="46.046569" lon="11.190483"><ele>1299.2</ele></trkpt>
   <trkpt lat="46.046548" lon="11.190472"><ele>1299.8</ele></trkpt>
   <trkpt lat="46.046539" lon="11.190466"><ele>1300.2</ele></trkpt>
   <trkpt lat="46.046515" lon="11.190456"><ele>1301.2</ele></trkpt>
   <trkpt lat="46.046517" lon="11.190439"><ele>1302.6</ele></trkpt>
   <trkpt lat="46.046538" lon="11.190413"><ele>1303.8</ele></trkpt>
   <trkpt lat="46.046559" lon="11.190399"><ele>1304.4</ele></trkpt>
   <trkpt lat="46.046558" lon="11.190377"><ele>1304.8</ele></trkpt>
   <trkpt lat="46.046545" lon="11.190330"><ele>1306.2</ele></trkpt>
   <trkpt lat="46.046531" lon="11.190302"><ele>1307.2</ele></trkpt>
   <trkpt lat="46.046491" lon="11.190276"><ele>1308.4</ele></trkpt>
   <trkpt lat="46.046482" lon="11.190257"><ele>1308.8</ele></trkpt>
   <trkpt lat="46.046489" lon="11.190239"><ele>1309.4</ele></trkpt>
   <trkpt lat="46.046481" lon="11.190184"><ele>1310.6</ele></trkpt>
   <trkpt lat="46.046464" lon="11.190164"><ele>1311.8</ele></trkpt>
   <trkpt lat="46.046463" lon="11.190119"><ele>1312.8</ele></trkpt>
   <trkpt lat="46.046440" lon="11.190080"><ele>1314.0</ele></trkpt>
   <trkpt lat="46.046416" lon="11.190076"><ele>1315.2</ele></trkpt>
   <trkpt lat="46.046372" lon="11.190095"><ele>1316.0</ele></trkpt>
   <trkpt lat="46.046366" lon="11.190101"><ele>1316.2</ele></trkpt>
   <trkpt lat="46.046372" lon="11.190077"><ele>1317.4</ele></trkpt>
   <trkpt lat="46.046390" lon="11.190011"><ele>1318.6</ele></trkpt>
   <trkpt lat="46.046416" lon="11.189988"><ele>1319.6</ele></trkpt>
   <trkpt lat="46.046430" lon="11.189969"><ele>1320.6</ele></trkpt>
   <trkpt lat="46.046422" lon="11.189917"><ele>1321.8</ele></trkpt>
   <trkpt lat="46.046432" lon="11.189882"><ele>1322.8</ele></trkpt>
   <trkpt lat="46.046452" lon="11.189850"><ele>1324.0</ele></trkpt>
   <trkpt lat="46.046483" lon="11.189816"><ele>1324.8</ele></trkpt>
   <trkpt lat="46.046490" lon="11.189806"><ele>1325.0</ele></trkpt>
   <trkpt lat="46.046498" lon="11.189795"><ele>1325.4</ele></trkpt>
   <trkpt lat="46.046522" lon="11.189756"><ele>1326.0</ele></trkpt>
   <trkpt lat="46.046541" lon="11.189749"><ele>1326.4</ele></trkpt>
   <trkpt lat="46.046555" lon="11.189727"><ele>1327.0</ele></trkpt>
   <trkpt lat="46.046548" lon="11.189706"><ele>1328.2</ele></trkpt>
   <trkpt lat="46.046567" lon="11.189659"><ele>1329.4</ele></trkpt>
   <trkpt lat="46.046568" lon="11.189655"><ele>1329.8</ele></trkpt>
   <trkpt lat="46.046589" lon="11.189616"><ele>1330.6</ele></trkpt>
   <trkpt lat="46.046605" lon="11.189576"><ele>1331.8</ele></trkpt>
   <trkpt lat="46.046622" lon="11.189541"><ele>1333.0</ele></trkpt>
   <trkpt lat="46.046628" lon="11.189493"><ele>1334.2</ele></trkpt>
   <trkpt lat="46.046637" lon="11.189447"><ele>1335.4</ele></trkpt>
   <trkpt lat="46.046631" lon="11.189412"><ele>1336.4</ele></trkpt>
   <trkpt lat="46.046625" lon="11.189399"><ele>1337.8</ele></trkpt>
   <trkpt lat="46.046634" lon="11.189401"><ele>1339.0</ele></trkpt>
   <trkpt lat="46.046654" lon="11.189391"><ele>1340.0</ele></trkpt>
   <trkpt lat="46.046680" lon="11.189372"><ele>1341.2</ele></trkpt>
   <trkpt lat="46.046680" lon="11.189338"><ele>1342.6</ele></trkpt>
   <trkpt lat="46.046666" lon="11.189308"><ele>1343.8</ele></trkpt>
   <trkpt lat="46.046648" lon="11.189276"><ele>1344.6</ele></trkpt>
   <trkpt lat="46.046666" lon="11.189253"><ele>1345.0</ele></trkpt>
   <trkpt lat="46.046688" lon="11.189218"><ele>1346.2</ele></trkpt>
   <trkpt lat="46.046692" lon="11.189213"><ele>1346.4</ele></trkpt>
   <trkpt lat="46.046694" lon="11.189239"><ele>1347.0</ele></trkpt>
   <trkpt lat="46.046694" lon="11.189248"><ele>1347.4</ele></trkpt>
   <trkpt lat="46.046703" lon="11.189288"><ele>1348.6</ele></trkpt>
   <trkpt lat="46.046742" lon="11.189280"><ele>1349.6</ele></trkpt>
   <trkpt lat="46.046751" lon="11.189245"><ele>1350.4</ele></trkpt>
   <trkpt lat="46.046759" lon="11.189222"><ele>1350.8</ele></trkpt>
   <trkpt lat="46.046770" lon="11.189196"><ele>1352.0</ele></trkpt>
   <trkpt lat="46.046770" lon="11.189168"><ele>1353.0</ele></trkpt>
   <trkpt lat="46.046775" lon="11.189135"><ele>1354.2</ele></trkpt>
   <trkpt lat="46.046767" lon="11.189109"><ele>1355.4</ele></trkpt>
   <trkpt lat="46.046772" lon="11.189093"><ele>1355.8</ele></trkpt>
   <trkpt lat="46.046797" lon="11.189059"><ele>1356.6</ele></trkpt>
   <trkpt lat="46.046801" lon="11.189042"><ele>1357.2</ele></trkpt>
   <trkpt lat="46.046807" lon="11.189028"><ele>1357.6</ele></trkpt>
   <trkpt lat="46.046818" lon="11.189007"><ele>1358.8</ele></trkpt>
   <trkpt lat="46.046816" lon="11.188969"><ele>1359.8</ele></trkpt>
   <trkpt lat="46.046805" lon="11.188941"><ele>1360.8</ele></trkpt>
   <trkpt lat="46.046797" lon="11.188924"><ele>1362.0</ele></trkpt>
   <trkpt lat="46.046796" lon="11.188917"><ele>1363.2</ele></trkpt>
   <trkpt lat="46.046802" lon="11.188899"><ele>1364.2</ele></trkpt>
   <trkpt lat="46.046840" lon="11.188874"><ele>1365.4</ele></trkpt>
   <trkpt lat="46.046847" lon="11.188857"><ele>1366.4</ele></trkpt>
   <trkpt lat="46.046866" lon="11.188805"><ele>1367.6</ele></trkpt>
   <trkpt lat="46.046894" lon="11.188750"><ele>1368.2</ele></trkpt>
   <trkpt lat="46.046909" lon="11.188733"><ele>1368.6</ele></trkpt>
   <trkpt lat="46.046931" lon="11.188702"><ele>1369.2</ele></trkpt>
   <trkpt lat="46.046935" lon="11.188678"><ele>1369.6</ele></trkpt>
   <trkpt lat="46.046933" lon="11.188666"><ele>1370.0</ele></trkpt>
   <trkpt lat="46.046932" lon="11.188640"><ele>1371.0</ele></trkpt>
   <trkpt lat="46.046925" lon="11.188620"><ele>1372.2</ele></trkpt>
   <trkpt lat="46.046933" lon="11.188609"><ele>1373.4</ele></trkpt>
   <trkpt lat="46.046927" lon="11.188591"><ele>1374.6</ele></trkpt>
   <trkpt lat="46.046943" lon="11.188559"><ele>1375.6</ele></trkpt>
   <trkpt lat="46.046950" lon="11.188553"><ele>1376.0</ele></trkpt>
   <trkpt lat="46.046971" lon="11.188525"><ele>1376.8</ele></trkpt>
   <trkpt lat="46.046986" lon="11.188496"><ele>1377.6</ele></trkpt>
   <trkpt lat="46.046988" lon="11.188474"><ele>1378.0</ele></trkpt>
   <trkpt lat="46.047005" lon="11.188436"><ele>1379.0</ele></trkpt>
   <trkpt lat="46.047050" lon="11.188397"><ele>1380.2</ele></trkpt>
   <trkpt lat="46.047105" lon="11.188318"><ele>1381.2</ele></trkpt>
   <trkpt lat="46.047128" lon="11.188265"><ele>1381.8</ele></trkpt>
   <trkpt lat="46.047131" lon="11.188234"><ele>1382.0</ele></trkpt>
   <trkpt lat="46.047134" lon="11.188199"><ele>1382.6</ele></trkpt>
   <trkpt lat="46.047135" lon="11.188189"><ele>1382.8</ele></trkpt>
   <trkpt lat="46.047130" lon="11.188155"><ele>1383.6</ele></trkpt>
   <trkpt lat="46.047114" lon="11.188139"><ele>1384.4</ele></trkpt>
   <trkpt lat="46.047108" lon="11.188138"><ele>1384.8</ele></trkpt>
   <trkpt lat="46.047097" lon="11.188133"><ele>1385.2</ele></trkpt>
   <trkpt lat="46.047088" lon="11.188122"><ele>1385.4</ele></trkpt>
   <trkpt lat="46.047061" lon="11.188103"><ele>1386.2</ele></trkpt>
   <trkpt lat="46.047043" lon="11.188092"><ele>1386.8</ele></trkpt>
   <trkpt lat="46.047035" lon="11.188093"><ele>1387.2</ele></trkpt>
   <trkpt lat="46.047003" lon="11.188091"><ele>1387.8</ele></trkpt>
   <trkpt lat="46.046983" lon="11.188099"><ele>1388.6</ele></trkpt>
   <trkpt lat="46.046993" lon="11.188070"><ele>1389.6</ele></trkpt>
   <trkpt lat="46.046989" lon="11.188043"><ele>1390.2</ele></trkpt>
   <trkpt lat="46.046986" lon="11.188018"><ele>1390.8</ele></trkpt>
   <trkpt lat="46.046957" lon="11.187982"><ele>1392.0</ele></trkpt>
   <trkpt lat="46.046942" lon="11.187930"><ele>1392.8</ele></trkpt>
   <trkpt lat="46.046935" lon="11.187911"><ele>1393.2</ele></trkpt>
   <trkpt lat="46.046924" lon="11.187854"><ele>1394.2</ele></trkpt>
   <trkpt lat="46.046927" lon="11.187806"><ele>1395.6</ele></trkpt>
   <trkpt lat="46.046943" lon="11.187794"><ele>1396.0</ele></trkpt>
   <trkpt lat="46.046941" lon="11.187746"><ele>1396.6</ele></trkpt>
   <trkpt lat="46.046980" lon="11.187714"><ele>1397.6</ele></trkpt>
   <trkpt lat="46.047039" lon="11.187657"><ele>1399.0</ele></trkpt>
   <trkpt lat="46.047044" lon="11.187651"><ele>1399.2</ele></trkpt>
   <trkpt lat="46.047065" lon="11.187610"><ele>1400.2</ele></trkpt>
   <trkpt lat="46.047068" lon="11.187602"><ele>1401.6</ele></trkpt>
   <trkpt lat="46.047064" lon="11.187596"><ele>1402.8</ele></trkpt>
   <trkpt lat="46.047117" lon="11.187563"><ele>1403.6</ele></trkpt>
   <trkpt lat="46.047119" lon="11.187551"><ele>1404.0</ele></trkpt>
   <trkpt lat="46.047125" lon="11.187444"><ele>1405.0</ele></trkpt>
   <trkpt lat="46.047133" lon="11.187419"><ele>1405.0</ele></trkpt>
   <trkpt lat="46.047143" lon="11.187380"><ele>1405.6</ele></trkpt>
   <trkpt lat="46.047083" lon="11.187170"><ele>1405.6</ele></trkpt>
   <trkpt lat="46.047057" lon="11.187165"><ele>1405.8</ele></trkpt>
   <trkpt lat="46.047048" lon="11.187163"><ele>1406.2</ele></trkpt>
   <trkpt lat="46.047042" lon="11.187160"><ele>1406.6</ele></trkpt>
   <trkpt lat="46.047032" lon="11.187157"><ele>1407.2</ele></trkpt>
   <trkpt lat="46.047016" lon="11.187164"><ele>1407.8</ele></trkpt>
   <trkpt lat="46.047004" lon="11.187163"><ele>1408.6</ele></trkpt>
   <trkpt lat="46.046981" lon="11.187157"><ele>1409.2</ele></trkpt>
   <trkpt lat="46.046957" lon="11.187159"><ele>1410.2</ele></trkpt>
   <trkpt lat="46.046901" lon="11.187163"><ele>1411.2</ele></trkpt>
   <trkpt lat="46.046884" lon="11.187158"><ele>1411.8</ele></trkpt>
   <trkpt lat="46.046862" lon="11.187164"><ele>1412.4</ele></trkpt>
   <trkpt lat="46.046827" lon="11.187179"><ele>1413.6</ele></trkpt>
   <trkpt lat="46.046795" lon="11.187181"><ele>1414.8</ele></trkpt>
   <trkpt lat="46.046784" lon="11.187187"><ele>1415.0</ele></trkpt>
   <trkpt lat="46.046771" lon="11.187185"><ele>1415.4</ele></trkpt>
   <trkpt lat="46.046764" lon="11.187184"><ele>1415.8</ele></trkpt>
   <trkpt lat="46.046752" lon="11.187214"><ele>1417.0</ele></trkpt>
   <trkpt lat="46.046746" lon="11.187240"><ele>1418.0</ele></trkpt>
   <trkpt lat="46.046735" lon="11.187289"><ele>1419.2</ele></trkpt>
   <trkpt lat="46.046713" lon="11.187295"><ele>1420.4</ele></trkpt>
   <trkpt lat="46.046705" lon="11.187296"><ele>1420.8</ele></trkpt>
   <trkpt lat="46.046683" lon="11.187295"><ele>1421.4</ele></trkpt>
   <trkpt lat="46.046666" lon="11.187301"><ele>1422.0</ele></trkpt>
   <trkpt lat="46.046660" lon="11.187304"><ele>1422.4</ele></trkpt>
   <trkpt lat="46.046642" lon="11.187293"><ele>1423.6</ele></trkpt>
   <trkpt lat="46.046623" lon="11.187295"><ele>1424.8</ele></trkpt>
   <trkpt lat="46.046586" lon="11.187303"><ele>1426.0</ele></trkpt>
   <trkpt lat="46.046561" lon="11.187308"><ele>1427.0</ele></trkpt>
   <trkpt lat="46.046538" lon="11.187309"><ele>1428.0</ele></trkpt>
   <trkpt lat="46.046493" lon="11.187311"><ele>1428.8</ele></trkpt>
   <trkpt lat="46.046425" lon="11.187315"><ele>1429.0</ele></trkpt>
   <trkpt lat="46.046398" lon="11.187322"><ele>1429.0</ele></trkpt>
   <trkpt lat="46.046367" lon="11.187333"><ele>1429.2</ele></trkpt>
   <trkpt lat="46.046289" lon="11.187376"><ele>1429.4</ele></trkpt>
   <trkpt lat="46.046178" lon="11.187393"><ele>1429.6</ele></trkpt>
   <trkpt lat="46.046100" lon="11.187461"><ele>1429.6</ele></trkpt>
   <trkpt lat="46.046012" lon="11.187486"><ele>1430.2</ele></trkpt>
   <trkpt lat="46.045940" lon="11.187531"><ele>1431.2</ele></trkpt>
   <trkpt lat="46.045911" lon="11.187556"><ele>1431.6</ele></trkpt>
   <trkpt lat="46.045862" lon="11.187600"><ele>1432.4</ele></trkpt>
   <trkpt lat="46.045842" lon="11.187631"><ele>1433.4</ele></trkpt>
   <trkpt lat="46.045806" lon="11.187644"><ele>1435.0</ele></trkpt>
   <trkpt lat="46.045781" lon="11.187649"><ele>1435.8</ele></trkpt>
   <trkpt lat="46.045770" lon="11.187651"><ele>1436.2</ele></trkpt>
   <trkpt lat="46.045755" lon="11.187663"><ele>1436.8</ele></trkpt>
   <trkpt lat="46.045734" lon="11.187696"><ele>1437.6</ele></trkpt>
   <trkpt lat="46.045703" lon="11.187818"><ele>1438.8</ele></trkpt>
   <trkpt lat="46.045694" lon="11.187860"><ele>1439.8</ele></trkpt>
   <trkpt lat="46.045688" lon="11.187876"><ele>1440.2</ele></trkpt>
   <trkpt lat="46.045668" lon="11.187893"><ele>1440.8</ele></trkpt>
   <trkpt lat="46.045589" lon="11.187849"><ele>1439.8</ele></trkpt>
   <trkpt lat="46.045527" lon="11.187820"><ele>1438.4</ele></trkpt>
   <trkpt lat="46.045462" lon="11.187789"><ele>1437.2</ele></trkpt>
   <trkpt lat="46.045407" lon="11.187762"><ele>1435.8</ele></trkpt>
   <trkpt lat="46.045347" lon="11.187747"><ele>1434.8</ele></trkpt>
   <trkpt lat="46.045329" lon="11.187746"><ele>1434.4</ele></trkpt>
   <trkpt lat="46.045298" lon="11.187761"><ele>1433.2</ele></trkpt>
   <trkpt lat="46.045260" lon="11.187793"><ele>1432.4</ele></trkpt>
   <trkpt lat="46.045234" lon="11.187813"><ele>1432.4</ele></trkpt>
   <trkpt lat="46.045149" lon="11.187943"><ele>1434.4</ele></trkpt>
   <trkpt lat="46.045131" lon="11.187939"><ele>1434.6</ele></trkpt>
   <trkpt lat="46.045097" lon="11.187928"><ele>1435.2</ele></trkpt>
   <trkpt lat="46.045055" lon="11.187925"><ele>1435.6</ele></trkpt>
   <trkpt lat="46.045012" lon="11.187904"><ele>1435.8</ele></trkpt>
   <trkpt lat="46.044813" lon="11.187872"><ele>1436.2</ele></trkpt>
   <trkpt lat="46.044784" lon="11.187871"><ele>1436.4</ele></trkpt>
   <trkpt lat="46.044746" lon="11.187845"><ele>1436.6</ele></trkpt>
   <trkpt lat="46.044703" lon="11.187823"><ele>1437.6</ele></trkpt>
   <trkpt lat="46.044694" lon="11.187813"><ele>1438.0</ele></trkpt>
   <trkpt lat="46.044672" lon="11.187801"><ele>1438.8</ele></trkpt>
   <trkpt lat="46.044621" lon="11.187815"><ele>1439.4</ele></trkpt>
   <trkpt lat="46.044612" lon="11.187822"><ele>1439.4</ele></trkpt>
   <trkpt lat="46.044571" lon="11.187885"><ele>1439.4</ele></trkpt>
   <trkpt lat="46.044379" lon="11.187820"><ele>1439.6</ele></trkpt>
   <trkpt lat="46.044357" lon="11.187817"><ele>1439.8</ele></trkpt>
   <trkpt lat="46.044315" lon="11.187790"><ele>1441.0</ele></trkpt>
   <trkpt lat="46.044234" lon="11.187719"><ele>1439.6</ele></trkpt>
   <trkpt lat="46.044206" lon="11.187715"><ele>1438.2</ele></trkpt>
   <trkpt lat="46.044169" lon="11.187728"><ele>1436.8</ele></trkpt>
   <trkpt lat="46.044143" lon="11.187748"><ele>1435.4</ele></trkpt>
   <trkpt lat="46.044128" lon="11.187747"><ele>1434.8</ele></trkpt>
   <trkpt lat="46.044115" lon="11.187749"><ele>1434.2</ele></trkpt>
   <trkpt lat="46.044067" lon="11.187762"><ele>1433.0</ele></trkpt>
   <trkpt lat="46.044038" lon="11.187752"><ele>1432.0</ele></trkpt>
   <trkpt lat="46.044008" lon="11.187733"><ele>1431.4</ele></trkpt>
   <trkpt lat="46.043934" lon="11.187741"><ele>1430.6</ele></trkpt>
   <trkpt lat="46.043862" lon="11.187771"><ele>1429.6</ele></trkpt>
   <trkpt lat="46.043792" lon="11.187805"><ele>1428.0</ele></trkpt>
   <trkpt lat="46.043722" lon="11.187838"><ele>1426.8</ele></trkpt>
   <trkpt lat="46.043605" lon="11.187768"><ele>1426.6</ele></trkpt>
   <trkpt lat="46.043416" lon="11.187712"><ele>1427.8</ele></trkpt>
   <trkpt lat="46.043378" lon="11.187723"><ele>1427.8</ele></trkpt>
   <trkpt lat="46.043350" lon="11.187632"><ele>1426.2</ele></trkpt>
   <trkpt lat="46.043323" lon="11.187549"><ele>1425.2</ele></trkpt>
   <trkpt lat="46.043298" lon="11.187484"><ele>1424.2</ele></trkpt>
   <trkpt lat="46.043284" lon="11.187415"><ele>1422.8</ele></trkpt>
   <trkpt lat="46.043269" lon="11.187393"><ele>1422.4</ele></trkpt>
   <trkpt lat="46.043217" lon="11.187358"><ele>1421.2</ele></trkpt>
   <trkpt lat="46.043165" lon="11.187310"><ele>1420.0</ele></trkpt>
   <trkpt lat="46.043094" lon="11.187253"><ele>1419.4</ele></trkpt>
   <trkpt lat="46.042905" lon="11.187149"><ele>1419.6</ele></trkpt>
   <trkpt lat="46.042829" lon="11.187103"><ele>1419.0</ele></trkpt>
   <trkpt lat="46.042650" lon="11.187002"><ele>1418.8</ele></trkpt>
   <trkpt lat="46.042512" lon="11.186895"><ele>1420.2</ele></trkpt>
   <trkpt lat="46.042398" lon="11.186803"><ele>1421.4</ele></trkpt>
   <trkpt lat="46.042272" lon="11.186724"><ele>1422.6</ele></trkpt>
   <trkpt lat="46.042212" lon="11.186698"><ele>1423.8</ele></trkpt>
   <trkpt lat="46.042154" lon="11.186670"><ele>1424.8</ele></trkpt>
   <trkpt lat="46.042078" lon="11.186626"><ele>1426.0</ele></trkpt>
   <trkpt lat="46.041956" lon="11.186572"><ele>1427.2</ele></trkpt>
   <trkpt lat="46.041811" lon="11.186538"><ele>1428.2</ele></trkpt>
   <trkpt lat="46.041788" lon="11.186546"><ele>1428.2</ele></trkpt>
   <trkpt lat="46.041595" lon="11.186456"><ele>1428.4</ele></trkpt>
   <trkpt lat="46.041414" lon="11.186389"><ele>1427.4</ele></trkpt>
   <trkpt lat="46.041233" lon="11.186309"><ele>1428.6</ele></trkpt>
   <trkpt lat="46.041148" lon="11.186295"><ele>1429.2</ele></trkpt>
   <trkpt lat="46.041055" lon="11.186318"><ele>1430.2</ele></trkpt>
   <trkpt lat="46.041038" lon="11.186323"><ele>1430.4</ele></trkpt>
   <trkpt lat="46.040978" lon="11.186346"><ele>1431.2</ele></trkpt>
   <trkpt lat="46.040956" lon="11.186355"><ele>1431.4</ele></trkpt>
   <trkpt lat="46.040927" lon="11.186361"><ele>1431.8</ele></trkpt>
   <trkpt lat="46.040868" lon="11.186344"><ele>1432.4</ele></trkpt>
   <trkpt lat="46.040820" lon="11.186322"><ele>1433.2</ele></trkpt>
   <trkpt lat="46.040777" lon="11.186313"><ele>1433.6</ele></trkpt>
   <trkpt lat="46.040686" lon="11.186284"><ele>1434.8</ele></trkpt>
   <trkpt lat="46.040651" lon="11.186282"><ele>1435.4</ele></trkpt>
   <trkpt lat="46.040625" lon="11.186278"><ele>1436.0</ele></trkpt>
   <trkpt lat="46.040547" lon="11.186271"><ele>1437.4</ele></trkpt>
   <trkpt lat="46.040517" lon="11.186259"><ele>1437.8</ele></trkpt>
   <trkpt lat="46.040457" lon="11.186234"><ele>1438.4</ele></trkpt>
   <trkpt lat="46.040435" lon="11.186223"><ele>1438.8</ele></trkpt>
   <trkpt lat="46.040398" lon="11.186209"><ele>1439.0</ele></trkpt>
   <trkpt lat="46.040360" lon="11.186210"><ele>1439.4</ele></trkpt>
   <trkpt lat="46.040315" lon="11.186191"><ele>1439.8</ele></trkpt>
   <trkpt lat="46.040270" lon="11.186221"><ele>1440.6</ele></trkpt>
   <trkpt lat="46.040248" lon="11.186249"><ele>1440.8</ele></trkpt>
   <trkpt lat="46.040195" lon="11.186257"><ele>1441.4</ele></trkpt>
   <trkpt lat="46.040179" lon="11.186255"><ele>1441.6</ele></trkpt>
   <trkpt lat="46.040092" lon="11.186270"><ele>1442.8</ele></trkpt>
   <trkpt lat="46.040064" lon="11.186279"><ele>1443.4</ele></trkpt>
   <trkpt lat="46.040050" lon="11.186281"><ele>1443.8</ele></trkpt>
   <trkpt lat="46.040033" lon="11.186285"><ele>1444.2</ele></trkpt>
   <trkpt lat="46.040002" lon="11.186281"><ele>1445.2</ele></trkpt>
   <trkpt lat="46.039987" lon="11.186281"><ele>1445.4</ele></trkpt>
   <trkpt lat="46.039949" lon="11.186286"><ele>1446.2</ele></trkpt>
   <trkpt lat="46.039918" lon="11.186287"><ele>1446.6</ele></trkpt>
   <trkpt lat="46.039889" lon="11.186273"><ele>1447.4</ele></trkpt>
   <trkpt lat="46.039832" lon="11.186270"><ele>1448.6</ele></trkpt>
   <trkpt lat="46.039832" lon="11.186270"><ele>1448.8</ele></trkpt>
   <trkpt lat="46.039761" lon="11.186278"><ele>1450.0</ele></trkpt>
   <trkpt lat="46.039733" lon="11.186273"><ele>1450.6</ele></trkpt>
   <trkpt lat="46.039695" lon="11.186262"><ele>1451.4</ele></trkpt>
   <trkpt lat="46.039653" lon="11.186264"><ele>1452.4</ele></trkpt>
   <trkpt lat="46.039625" lon="11.186275"><ele>1452.8</ele></trkpt>
   <trkpt lat="46.039603" lon="11.186272"><ele>1453.6</ele></trkpt>
   <trkpt lat="46.039591" lon="11.186278"><ele>1453.8</ele></trkpt>
   <trkpt lat="46.039547" lon="11.186293"><ele>1454.8</ele></trkpt>
   <trkpt lat="46.039515" lon="11.186301"><ele>1455.8</ele></trkpt>
   <trkpt lat="46.039496" lon="11.186306"><ele>1456.4</ele></trkpt>
   <trkpt lat="46.039472" lon="11.186315"><ele>1457.2</ele></trkpt>
   <trkpt lat="46.039429" lon="11.186324"><ele>1458.0</ele></trkpt>
   <trkpt lat="46.039415" lon="11.186324"><ele>1458.2</ele></trkpt>
   <trkpt lat="46.039390" lon="11.186325"><ele>1458.6</ele></trkpt>
   <trkpt lat="46.039352" lon="11.186350"><ele>1459.4</ele></trkpt>
   <trkpt lat="46.039331" lon="11.186355"><ele>1460.2</ele></trkpt>
   <trkpt lat="46.039323" lon="11.186360"><ele>1460.4</ele></trkpt>
   <trkpt lat="46.039316" lon="11.186362"><ele>1460.6</ele></trkpt>
   <trkpt lat="46.039293" lon="11.186363"><ele>1461.2</ele></trkpt>
   <trkpt lat="46.039253" lon="11.186382"><ele>1462.0</ele></trkpt>
   <trkpt lat="46.039204" lon="11.186412"><ele>1463.0</ele></trkpt>
   <trkpt lat="46.039154" lon="11.186421"><ele>1464.0</ele></trkpt>
   <trkpt lat="46.039143" lon="11.186424"><ele>1464.4</ele></trkpt>
   <trkpt lat="46.039116" lon="11.186421"><ele>1464.8</ele></trkpt>
   <trkpt lat="46.039085" lon="11.186434"><ele>1465.6</ele></trkpt>
   <trkpt lat="46.039018" lon="11.186463"><ele>1466.8</ele></trkpt>
   <trkpt lat="46.038980" lon="11.186471"><ele>1467.6</ele></trkpt>
   <trkpt lat="46.038968" lon="11.186470"><ele>1468.0</ele></trkpt>
   <trkpt lat="46.038918" lon="11.186496"><ele>1469.0</ele></trkpt>
   <trkpt lat="46.038909" lon="11.186513"><ele>1469.2</ele></trkpt>
   <trkpt lat="46.038880" lon="11.186567"><ele>1469.4</ele></trkpt>
   <trkpt lat="46.038815" lon="11.186655"><ele>1469.8</ele></trkpt>
   <trkpt lat="46.038753" lon="11.186694"><ele>1469.6</ele></trkpt>
   <trkpt lat="46.038663" lon="11.186636"><ele>1470.0</ele></trkpt>
   <trkpt lat="46.038605" lon="11.186586"><ele>1471.2</ele></trkpt>
   <trkpt lat="46.038536" lon="11.186513"><ele>1472.2</ele></trkpt>
   <trkpt lat="46.038497" lon="11.186501"><ele>1472.8</ele></trkpt>
   <trkpt lat="46.038473" lon="11.186516"><ele>1473.4</ele></trkpt>
   <trkpt lat="46.038465" lon="11.186533"><ele>1474.0</ele></trkpt>
   <trkpt lat="46.038446" lon="11.186551"><ele>1474.4</ele></trkpt>
   <trkpt lat="46.038393" lon="11.186559"><ele>1475.6</ele></trkpt>
   <trkpt lat="46.038380" lon="11.186566"><ele>1475.6</ele></trkpt>
   <trkpt lat="46.038328" lon="11.186610"><ele>1476.8</ele></trkpt>
   <trkpt lat="46.038302" lon="11.186632"><ele>1477.4</ele></trkpt>
   <trkpt lat="46.038292" lon="11.186630"><ele>1477.6</ele></trkpt>
   <trkpt lat="46.038284" lon="11.186623"><ele>1477.6</ele></trkpt>
   <trkpt lat="46.038265" lon="11.186628"><ele>1477.8</ele></trkpt>
   <trkpt lat="46.038241" lon="11.186629"><ele>1478.4</ele></trkpt>
   <trkpt lat="46.038219" lon="11.186635"><ele>1479.0</ele></trkpt>
   <trkpt lat="46.038184" lon="11.186656"><ele>1479.8</ele></trkpt>
   <trkpt lat="46.038167" lon="11.186650"><ele>1480.0</ele></trkpt>
   <trkpt lat="46.038148" lon="11.186649"><ele>1480.2</ele></trkpt>
   <trkpt lat="46.038069" lon="11.186671"><ele>1481.4</ele></trkpt>
   <trkpt lat="46.037976" lon="11.186710"><ele>1482.4</ele></trkpt>
   <trkpt lat="46.037958" lon="11.186714"><ele>1482.6</ele></trkpt>
   <trkpt lat="46.037910" lon="11.186717"><ele>1483.2</ele></trkpt>
   <trkpt lat="46.037868" lon="11.186701"><ele>1483.6</ele></trkpt>
   <trkpt lat="46.037807" lon="11.186686"><ele>1484.8</ele></trkpt>
   <trkpt lat="46.037791" lon="11.186682"><ele>1485.4</ele></trkpt>
   <trkpt lat="46.037763" lon="11.186693"><ele>1485.6</ele></trkpt>
   <trkpt lat="46.037746" lon="11.186698"><ele>1485.8</ele></trkpt>
   <trkpt lat="46.037693" lon="11.186715"><ele>1487.0</ele></trkpt>
   <trkpt lat="46.037672" lon="11.186739"><ele>1487.6</ele></trkpt>
   <trkpt lat="46.037650" lon="11.186764"><ele>1487.8</ele></trkpt>
   <trkpt lat="46.037621" lon="11.186778"><ele>1488.2</ele></trkpt>
   <trkpt lat="46.037549" lon="11.186774"><ele>1489.4</ele></trkpt>
   <trkpt lat="46.037487" lon="11.186760"><ele>1490.0</ele></trkpt>
   <trkpt lat="46.037442" lon="11.186734"><ele>1490.4</ele></trkpt>
   <trkpt lat="46.037387" lon="11.186759"><ele>1490.8</ele></trkpt>
   <trkpt lat="46.037269" lon="11.186764"><ele>1491.6</ele></trkpt>
   <trkpt lat="46.037163" lon="11.186760"><ele>1492.6</ele></trkpt>
   <trkpt lat="46.037049" lon="11.186751"><ele>1493.8</ele></trkpt>
   <trkpt lat="46.036992" lon="11.186760"><ele>1494.6</ele></trkpt>
   <trkpt lat="46.036942" lon="11.186772"><ele>1494.6</ele></trkpt>
   <trkpt lat="46.036925" lon="11.186758"><ele>1494.8</ele></trkpt>
   <trkpt lat="46.036901" lon="11.186757"><ele>1495.2</ele></trkpt>
   <trkpt lat="46.036842" lon="11.186772"><ele>1495.6</ele></trkpt>
   <trkpt lat="46.036808" lon="11.186795"><ele>1496.0</ele></trkpt>
   <trkpt lat="46.036795" lon="11.186802"><ele>1496.4</ele></trkpt>
   <trkpt lat="46.036751" lon="11.186804"><ele>1496.8</ele></trkpt>
   <trkpt lat="46.036702" lon="11.186801"><ele>1497.2</ele></trkpt>
   <trkpt lat="46.036671" lon="11.186805"><ele>1497.8</ele></trkpt>
   <trkpt lat="46.036619" lon="11.186792"><ele>1498.4</ele></trkpt>
   <trkpt lat="46.036589" lon="11.186792"><ele>1499.0</ele></trkpt>
   <trkpt lat="46.036567" lon="11.186779"><ele>1499.4</ele></trkpt>
   <trkpt lat="46.036528" lon="11.186774"><ele>1499.6</ele></trkpt>
   <trkpt lat="46.036432" lon="11.186716"><ele>1500.6</ele></trkpt>
   <trkpt lat="46.036374" lon="11.186719"><ele>1501.2</ele></trkpt>
   <trkpt lat="46.036338" lon="11.186719"><ele>1501.8</ele></trkpt>
   <trkpt lat="46.036269" lon="11.186707"><ele>1502.8</ele></trkpt>
   <trkpt lat="46.036218" lon="11.186685"><ele>1503.6</ele></trkpt>
   <trkpt lat="46.036205" lon="11.186681"><ele>1504.0</ele></trkpt>
   <trkpt lat="46.036172" lon="11.186701"><ele>1505.0</ele></trkpt>
   <trkpt lat="46.036153" lon="11.186705"><ele>1505.6</ele></trkpt>
   <trkpt lat="46.036116" lon="11.186722"><ele>1506.4</ele></trkpt>
   <trkpt lat="46.036089" lon="11.186714"><ele>1506.8</ele></trkpt>
   <trkpt lat="46.036055" lon="11.186704"><ele>1507.2</ele></trkpt>
   <trkpt lat="46.036020" lon="11.186681"><ele>1507.8</ele></trkpt>
   <trkpt lat="46.035985" lon="11.186680"><ele>1509.0</ele></trkpt>
   <trkpt lat="46.035962" lon="11.186699"><ele>1509.8</ele></trkpt>
   <trkpt lat="46.035953" lon="11.186702"><ele>1510.2</ele></trkpt>
   <trkpt lat="46.035919" lon="11.186748"><ele>1511.0</ele></trkpt>
   <trkpt lat="46.035908" lon="11.186767"><ele>1511.4</ele></trkpt>
   <trkpt lat="46.035907" lon="11.186778"><ele>1511.8</ele></trkpt>
   <trkpt lat="46.035902" lon="11.186785"><ele>1512.6</ele></trkpt>
   <trkpt lat="46.035904" lon="11.186791"><ele>1513.8</ele></trkpt>
   <trkpt lat="46.035903" lon="11.186794"><ele>1514.4</ele></trkpt>
   <trkpt lat="46.035898" lon="11.186796"><ele>1514.8</ele></trkpt>
   <trkpt lat="46.035891" lon="11.186803"><ele>1515.2</ele></trkpt>
   <trkpt lat="46.035883" lon="11.186806"><ele>1515.8</ele></trkpt>
   <trkpt lat="46.035877" lon="11.186808"><ele>1516.2</ele></trkpt>
   <trkpt lat="46.035865" lon="11.186837"><ele>1517.0</ele></trkpt>
   <trkpt lat="46.035854" lon="11.186862"><ele>1517.2</ele></trkpt>
   <trkpt lat="46.035839" lon="11.186883"><ele>1518.2</ele></trkpt>
   <trkpt lat="46.035843" lon="11.186884"><ele>1518.8</ele></trkpt>
   <trkpt lat="46.035841" lon="11.186902"><ele>1519.2</ele></trkpt>
   <trkpt lat="46.035841" lon="11.186912"><ele>1519.4</ele></trkpt>
   <trkpt lat="46.035851" lon="11.186945"><ele>1520.6</ele></trkpt>
   <trkpt lat="46.035865" lon="11.186956"><ele>1521.0</ele></trkpt>
   <trkpt lat="46.035883" lon="11.186970"><ele>1521.4</ele></trkpt>
   <trkpt lat="46.035888" lon="11.186972"><ele>1521.6</ele></trkpt>
   <trkpt lat="46.035919" lon="11.186989"><ele>1522.8</ele></trkpt>
   <trkpt lat="46.035946" lon="11.186982"><ele>1523.2</ele></trkpt>
   <trkpt lat="46.035964" lon="11.186991"><ele>1524.0</ele></trkpt>
   <trkpt lat="46.035974" lon="11.186998"><ele>1524.4</ele></trkpt>
   <trkpt lat="46.035996" lon="11.187043"><ele>1525.2</ele></trkpt>
   <trkpt lat="46.035999" lon="11.187048"><ele>1525.6</ele></trkpt>
   <trkpt lat="46.036021" lon="11.187065"><ele>1526.2</ele></trkpt>
   <trkpt lat="46.036032" lon="11.187085"><ele>1527.2</ele></trkpt>
   <trkpt lat="46.036044" lon="11.187089"><ele>1527.4</ele></trkpt>
   <trkpt lat="46.036063" lon="11.187101"><ele>1528.0</ele></trkpt>
   <trkpt lat="46.036079" lon="11.187109"><ele>1528.6</ele></trkpt>
   <trkpt lat="46.036089" lon="11.187115"><ele>1529.0</ele></trkpt>
   <trkpt lat="46.036093" lon="11.187110"><ele>1529.6</ele></trkpt>
   <trkpt lat="46.036119" lon="11.187128"><ele>1530.2</ele></trkpt>
   <trkpt lat="46.036144" lon="11.187149"><ele>1530.8</ele></trkpt>
   <trkpt lat="46.036153" lon="11.187156"><ele>1531.0</ele></trkpt>
   <trkpt lat="46.036177" lon="11.187177"><ele>1531.4</ele></trkpt>
   <trkpt lat="46.036189" lon="11.187202"><ele>1531.8</ele></trkpt>
   <trkpt lat="46.036208" lon="11.187216"><ele>1532.2</ele></trkpt>
   <trkpt lat="46.036238" lon="11.187248"><ele>1532.8</ele></trkpt>
   <trkpt lat="46.036249" lon="11.187267"><ele>1533.0</ele></trkpt>
   <trkpt lat="46.036243" lon="11.187302"><ele>1533.8</ele></trkpt>
   <trkpt lat="46.036237" lon="11.187305"><ele>1534.0</ele></trkpt>
   <trkpt lat="46.036226" lon="11.187318"><ele>1535.2</ele></trkpt>
   <trkpt lat="46.036212" lon="11.187327"><ele>1536.6</ele></trkpt>
   <trkpt lat="46.036190" lon="11.187328"><ele>1537.8</ele></trkpt>
   <trkpt lat="46.036165" lon="11.187328"><ele>1538.6</ele></trkpt>
   <trkpt lat="46.036157" lon="11.187330"><ele>1538.8</ele></trkpt>
   <trkpt lat="46.036125" lon="11.187343"><ele>1539.8</ele></trkpt>
   <trkpt lat="46.036113" lon="11.187350"><ele>1540.2</ele></trkpt>
   <trkpt lat="46.036097" lon="11.187346"><ele>1540.8</ele></trkpt>
   <trkpt lat="46.036074" lon="11.187361"><ele>1541.4</ele></trkpt>
   <trkpt lat="46.036033" lon="11.187380"><ele>1542.4</ele></trkpt>
   <trkpt lat="46.035984" lon="11.187394"><ele>1543.6</ele></trkpt>
   <trkpt lat="46.035959" lon="11.187419"><ele>1544.0</ele></trkpt>
   <trkpt lat="46.035952" lon="11.187424"><ele>1544.2</ele></trkpt>
   <trkpt lat="46.035927" lon="11.187436"><ele>1544.8</ele></trkpt>
   <trkpt lat="46.035889" lon="11.187460"><ele>1545.6</ele></trkpt>
   <trkpt lat="46.035880" lon="11.187466"><ele>1546.0</ele></trkpt>
   <trkpt lat="46.035844" lon="11.187483"><ele>1547.2</ele></trkpt>
   <trkpt lat="46.035838" lon="11.187484"><ele>1547.4</ele></trkpt>
   <trkpt lat="46.035829" lon="11.187482"><ele>1547.6</ele></trkpt>
   <trkpt lat="46.035805" lon="11.187470"><ele>1548.2</ele></trkpt>
   <trkpt lat="46.035766" lon="11.187477"><ele>1549.2</ele></trkpt>
   <trkpt lat="46.035761" lon="11.187483"><ele>1549.4</ele></trkpt>
   <trkpt lat="46.035743" lon="11.187488"><ele>1550.4</ele></trkpt>
   <trkpt lat="46.035731" lon="11.187497"><ele>1551.2</ele></trkpt>
   <trkpt lat="46.035723" lon="11.187502"><ele>1551.6</ele></trkpt>
   <trkpt lat="46.035711" lon="11.187513"><ele>1551.8</ele></trkpt>
   <trkpt lat="46.035685" lon="11.187510"><ele>1552.8</ele></trkpt>
   <trkpt lat="46.035653" lon="11.187503"><ele>1553.4</ele></trkpt>
   <trkpt lat="46.035620" lon="11.187523"><ele>1553.8</ele></trkpt>
   <trkpt lat="46.035610" lon="11.187523"><ele>1554.2</ele></trkpt>
   <trkpt lat="46.035596" lon="11.187521"><ele>1554.8</ele></trkpt>
   <trkpt lat="46.035589" lon="11.187520"><ele>1555.2</ele></trkpt>
   <trkpt lat="46.035563" lon="11.187507"><ele>1556.0</ele></trkpt>
   <trkpt lat="46.035531" lon="11.187486"><ele>1557.2</ele></trkpt>
   <trkpt lat="46.035513" lon="11.187471"><ele>1557.6</ele></trkpt>
   <trkpt lat="46.035488" lon="11.187454"><ele>1557.8</ele></trkpt>
   <trkpt lat="46.035468" lon="11.187439"><ele>1558.2</ele></trkpt>
   <trkpt lat="46.035458" lon="11.187435"><ele>1558.4</ele></trkpt>
   <trkpt lat="46.035413" lon="11.187423"><ele>1559.4</ele></trkpt>
   <trkpt lat="46.035350" lon="11.187403"><ele>1560.0</ele></trkpt>
   <trkpt lat="46.035342" lon="11.187396"><ele>1560.0</ele></trkpt>
   <trkpt lat="46.035322" lon="11.187383"><ele>1560.4</ele></trkpt>
   <trkpt lat="46.035296" lon="11.187366"><ele>1561.2</ele></trkpt>
   <trkpt lat="46.035280" lon="11.187364"><ele>1561.4</ele></trkpt>
   <trkpt lat="46.035271" lon="11.187364"><ele>1561.6</ele></trkpt>
   <trkpt lat="46.035247" lon="11.187351"><ele>1562.0</ele></trkpt>
   <trkpt lat="46.035230" lon="11.187348"><ele>1562.6</ele></trkpt>
   <trkpt lat="46.035220" lon="11.187349"><ele>1563.0</ele></trkpt>
   <trkpt lat="46.035211" lon="11.187347"><ele>1563.4</ele></trkpt>
   <trkpt lat="46.035194" lon="11.187345"><ele>1563.8</ele></trkpt>
   <trkpt lat="46.035187" lon="11.187340"><ele>1564.0</ele></trkpt>
   <trkpt lat="46.035151" lon="11.187320"><ele>1565.0</ele></trkpt>
   <trkpt lat="46.035142" lon="11.187314"><ele>1565.2</ele></trkpt>
   <trkpt lat="46.035103" lon="11.187309"><ele>1566.2</ele></trkpt>
   <trkpt lat="46.035070" lon="11.187306"><ele>1567.4</ele></trkpt>
   <trkpt lat="46.035046" lon="11.187309"><ele>1568.0</ele></trkpt>
   <trkpt lat="46.035021" lon="11.187313"><ele>1568.6</ele></trkpt>
   <trkpt lat="46.035014" lon="11.187306"><ele>1568.8</ele></trkpt>
   <trkpt lat="46.035001" lon="11.187295"><ele>1569.4</ele></trkpt>
   <trkpt lat="46.034995" lon="11.187294"><ele>1569.6</ele></trkpt>
   <trkpt lat="46.034974" lon="11.187267"><ele>1570.6</ele></trkpt>
   <trkpt lat="46.034969" lon="11.187264"><ele>1571.0</ele></trkpt>
   <trkpt lat="46.034951" lon="11.187251"><ele>1571.4</ele></trkpt>
   <trkpt lat="46.034935" lon="11.187246"><ele>1572.0</ele></trkpt>
   <trkpt lat="46.034910" lon="11.187237"><ele>1573.0</ele></trkpt>
   <trkpt lat="46.034876" lon="11.187212"><ele>1574.4</ele></trkpt>
   <trkpt lat="46.034851" lon="11.187189"><ele>1575.4</ele></trkpt>
   <trkpt lat="46.034839" lon="11.187178"><ele>1576.0</ele></trkpt>
   <trkpt lat="46.034829" lon="11.187196"><ele>1576.4</ele></trkpt>
   <trkpt lat="46.034815" lon="11.187204"><ele>1577.0</ele></trkpt>
   <trkpt lat="46.034802" lon="11.187231"><ele>1577.6</ele></trkpt>
   <trkpt lat="46.034795" lon="11.187250"><ele>1578.0</ele></trkpt>
   <trkpt lat="46.034780" lon="11.187298"><ele>1578.4</ele></trkpt>
   <trkpt lat="46.034779" lon="11.187311"><ele>1578.8</ele></trkpt>
   <trkpt lat="46.034792" lon="11.187364"><ele>1579.4</ele></trkpt>
   <trkpt lat="46.034795" lon="11.187391"><ele>1580.0</ele></trkpt>
   <trkpt lat="46.034799" lon="11.187402"><ele>1580.2</ele></trkpt>
   <trkpt lat="46.034799" lon="11.187457"><ele>1581.2</ele></trkpt>
   <trkpt lat="46.034815" lon="11.187498"><ele>1582.0</ele></trkpt>
   <trkpt lat="46.034823" lon="11.187510"><ele>1582.2</ele></trkpt>
   <trkpt lat="46.034839" lon="11.187530"><ele>1582.6</ele></trkpt>
   <trkpt lat="46.034825" lon="11.187538"><ele>1583.4</ele></trkpt>
   <trkpt lat="46.034807" lon="11.187522"><ele>1584.4</ele></trkpt>
   <trkpt lat="46.034764" lon="11.187485"><ele>1585.4</ele></trkpt>
   <trkpt lat="46.034737" lon="11.187440"><ele>1586.6</ele></trkpt>
   <trkpt lat="46.034717" lon="11.187395"><ele>1587.8</ele></trkpt>
   <trkpt lat="46.034710" lon="11.187358"><ele>1589.0</ele></trkpt>
   <trkpt lat="46.034708" lon="11.187345"><ele>1589.4</ele></trkpt>
   <trkpt lat="46.034699" lon="11.187313"><ele>1590.0</ele></trkpt>
   <trkpt lat="46.034665" lon="11.187289"><ele>1591.4</ele></trkpt>
   <trkpt lat="46.034640" lon="11.187276"><ele>1592.6</ele></trkpt>
   <trkpt lat="46.034609" lon="11.187269"><ele>1593.6</ele></trkpt>
   <trkpt lat="46.034603" lon="11.187263"><ele>1593.8</ele></trkpt>
   <trkpt lat="46.034572" lon="11.187242"><ele>1595.0</ele></trkpt>
   <trkpt lat="46.034540" lon="11.187225"><ele>1596.0</ele></trkpt>
   <trkpt lat="46.034499" lon="11.187197"><ele>1597.2</ele></trkpt>
   <trkpt lat="46.034481" lon="11.187194"><ele>1598.2</ele></trkpt>
   <trkpt lat="46.034460" lon="11.187200"><ele>1599.4</ele></trkpt>
   <trkpt lat="46.034441" lon="11.187200"><ele>1600.2</ele></trkpt>
   <trkpt lat="46.034421" lon="11.187191"><ele>1600.6</ele></trkpt>
   <trkpt lat="46.034407" lon="11.187194"><ele>1601.0</ele></trkpt>
   <trkpt lat="46.034397" lon="11.187193"><ele>1601.8</ele></trkpt>
   <trkpt lat="46.034359" lon="11.187179"><ele>1602.8</ele></trkpt>
   <trkpt lat="46.034347" lon="11.187177"><ele>1603.0</ele></trkpt>
   <trkpt lat="46.034290" lon="11.187171"><ele>1604.0</ele></trkpt>
   <trkpt lat="46.034268" lon="11.187173"><ele>1604.8</ele></trkpt>
   <trkpt lat="46.034262" lon="11.187174"><ele>1605.2</ele></trkpt>
   <trkpt lat="46.034257" lon="11.187187"><ele>1605.4</ele></trkpt>
   <trkpt lat="46.034256" lon="11.187213"><ele>1606.4</ele></trkpt>
   <trkpt lat="46.034261" lon="11.187222"><ele>1607.4</ele></trkpt>
   <trkpt lat="46.034245" lon="11.187208"><ele>1608.6</ele></trkpt>
   <trkpt lat="46.034202" lon="11.187216"><ele>1610.0</ele></trkpt>
   <trkpt lat="46.034186" lon="11.187203"><ele>1610.4</ele></trkpt>
   <trkpt lat="46.034174" lon="11.187197"><ele>1611.0</ele></trkpt>
   <trkpt lat="46.034157" lon="11.187214"><ele>1612.2</ele></trkpt>
   <trkpt lat="46.034122" lon="11.187215"><ele>1613.6</ele></trkpt>
   <trkpt lat="46.034086" lon="11.187200"><ele>1614.6</ele></trkpt>
   <trkpt lat="46.034057" lon="11.187186"><ele>1615.8</ele></trkpt>
   <trkpt lat="46.034038" lon="11.187167"><ele>1616.8</ele></trkpt>
   <trkpt lat="46.034031" lon="11.187179"><ele>1617.0</ele></trkpt>
   <trkpt lat="46.034012" lon="11.187198"><ele>1618.2</ele></trkpt>
   <trkpt lat="46.033984" lon="11.187214"><ele>1619.4</ele></trkpt>
   <trkpt lat="46.033961" lon="11.187223"><ele>1620.6</ele></trkpt>
   <trkpt lat="46.033927" lon="11.187243"><ele>1621.8</ele></trkpt>
   <trkpt lat="46.033891" lon="11.187238"><ele>1623.2</ele></trkpt>
   <trkpt lat="46.033860" lon="11.187236"><ele>1624.2</ele></trkpt>
   <trkpt lat="46.033828" lon="11.187236"><ele>1624.8</ele></trkpt>
   <trkpt lat="46.033805" lon="11.187236"><ele>1625.4</ele></trkpt>
   <trkpt lat="46.033777" lon="11.187227"><ele>1626.4</ele></trkpt>
   <trkpt lat="46.033751" lon="11.187191"><ele>1627.6</ele></trkpt>
   <trkpt lat="46.033747" lon="11.187201"><ele>1628.0</ele></trkpt>
   <trkpt lat="46.033738" lon="11.187225"><ele>1628.8</ele></trkpt>
   <trkpt lat="46.033723" lon="11.187241"><ele>1630.0</ele></trkpt>
   <trkpt lat="46.033718" lon="11.187241"><ele>1630.4</ele></trkpt>
   <trkpt lat="46.033694" lon="11.187232"><ele>1631.0</ele></trkpt>
   <trkpt lat="46.033688" lon="11.187235"><ele>1631.2</ele></trkpt>
   <trkpt lat="46.033668" lon="11.187248"><ele>1632.4</ele></trkpt>
   <trkpt lat="46.033649" lon="11.187252"><ele>1633.6</ele></trkpt>
   <trkpt lat="46.033625" lon="11.187257"><ele>1634.8</ele></trkpt>
   <trkpt lat="46.033585" lon="11.187249"><ele>1636.0</ele></trkpt>
   <trkpt lat="46.033565" lon="11.187241"><ele>1636.4</ele></trkpt>
   <trkpt lat="46.033547" lon="11.187240"><ele>1637.2</ele></trkpt>
   <trkpt lat="46.033519" lon="11.187214"><ele>1638.2</ele></trkpt>
   <trkpt lat="46.033509" lon="11.187205"><ele>1638.4</ele></trkpt>
   <trkpt lat="46.033481" lon="11.187176"><ele>1639.0</ele></trkpt>
   <trkpt lat="46.033463" lon="11.187164"><ele>1639.6</ele></trkpt>
   <trkpt lat="46.033453" lon="11.187161"><ele>1639.8</ele></trkpt>
   <trkpt lat="46.033437" lon="11.187154"><ele>1640.6</ele></trkpt>
   <trkpt lat="46.033430" lon="11.187161"><ele>1641.8</ele></trkpt>
   <trkpt lat="46.033419" lon="11.187198"><ele>1643.2</ele></trkpt>
   <trkpt lat="46.033420" lon="11.187213"><ele>1643.4</ele></trkpt>
   <trkpt lat="46.033424" lon="11.187237"><ele>1644.2</ele></trkpt>
   <trkpt lat="46.033409" lon="11.187251"><ele>1645.6</ele></trkpt>
   <trkpt lat="46.033403" lon="11.187311"><ele>1647.0</ele></trkpt>
   <trkpt lat="46.033404" lon="11.187343"><ele>1648.0</ele></trkpt>
   <trkpt lat="46.033402" lon="11.187362"><ele>1648.4</ele></trkpt>
   <trkpt lat="46.033411" lon="11.187380"><ele>1648.6</ele></trkpt>
   <trkpt lat="46.033451" lon="11.187421"><ele>1649.4</ele></trkpt>
   <trkpt lat="46.033463" lon="11.187446"><ele>1649.8</ele></trkpt>
   <trkpt lat="46.033465" lon="11.187461"><ele>1650.2</ele></trkpt>
   <trkpt lat="46.033472" lon="11.187465"><ele>1650.8</ele></trkpt>
   <trkpt lat="46.033453" lon="11.187439"><ele>1651.8</ele></trkpt>
   <trkpt lat="46.033406" lon="11.187422"><ele>1652.6</ele></trkpt>
   <trkpt lat="46.033389" lon="11.187425"><ele>1652.8</ele></trkpt>
   <trkpt lat="46.033374" lon="11.187430"><ele>1653.6</ele></trkpt>
   <trkpt lat="46.033367" lon="11.187434"><ele>1654.0</ele></trkpt>
   <trkpt lat="46.033333" lon="11.187444"><ele>1655.4</ele></trkpt>
   <trkpt lat="46.033310" lon="11.187479"><ele>1656.2</ele></trkpt>
   <trkpt lat="46.033305" lon="11.187492"><ele>1656.6</ele></trkpt>
   <trkpt lat="46.033300" lon="11.187503"><ele>1657.0</ele></trkpt>
   <trkpt lat="46.033296" lon="11.187508"><ele>1657.6</ele></trkpt>
   <trkpt lat="46.033287" lon="11.187515"><ele>1658.6</ele></trkpt>
   <trkpt lat="46.033250" lon="11.187520"><ele>1659.8</ele></trkpt>
   <trkpt lat="46.033200" lon="11.187501"><ele>1661.0</ele></trkpt>
   <trkpt lat="46.033189" lon="11.187498"><ele>1661.4</ele></trkpt>
   <trkpt lat="46.033162" lon="11.187483"><ele>1662.2</ele></trkpt>
   <trkpt lat="46.033154" lon="11.187475"><ele>1662.4</ele></trkpt>
   <trkpt lat="46.033109" lon="11.187459"><ele>1663.2</ele></trkpt>
   <trkpt lat="46.033101" lon="11.187458"><ele>1663.6</ele></trkpt>
   <trkpt lat="46.033080" lon="11.187455"><ele>1664.2</ele></trkpt>
   <trkpt lat="46.033069" lon="11.187448"><ele>1664.6</ele></trkpt>
   <trkpt lat="46.033043" lon="11.187438"><ele>1665.6</ele></trkpt>
   <trkpt lat="46.033032" lon="11.187434"><ele>1666.0</ele></trkpt>
   <trkpt lat="46.032996" lon="11.187426"><ele>1667.0</ele></trkpt>
   <trkpt lat="46.032987" lon="11.187422"><ele>1667.2</ele></trkpt>
   <trkpt lat="46.032945" lon="11.187401"><ele>1668.6</ele></trkpt>
   <trkpt lat="46.032925" lon="11.187385"><ele>1669.8</ele></trkpt>
   <trkpt lat="46.032899" lon="11.187371"><ele>1670.8</ele></trkpt>
   <trkpt lat="46.032885" lon="11.187368"><ele>1671.0</ele></trkpt>
   <trkpt lat="46.032844" lon="11.187363"><ele>1672.2</ele></trkpt>
   <trkpt lat="46.032804" lon="11.187347"><ele>1673.4</ele></trkpt>
   <trkpt lat="46.032770" lon="11.187328"><ele>1673.8</ele></trkpt>
   <trkpt lat="46.032720" lon="11.187309"><ele>1674.6</ele></trkpt>
   <trkpt lat="46.032677" lon="11.187293"><ele>1675.6</ele></trkpt>
   <trkpt lat="46.032632" lon="11.187261"><ele>1677.0</ele></trkpt>
   <trkpt lat="46.032575" lon="11.187203"><ele>1678.0</ele></trkpt>
   <trkpt lat="46.032519" lon="11.187124"><ele>1679.2</ele></trkpt>
   <trkpt lat="46.032502" lon="11.187124"><ele>1679.8</ele></trkpt>
   <trkpt lat="46.032461" lon="11.187146"><ele>1680.4</ele></trkpt>
   <trkpt lat="46.032445" lon="11.187159"><ele>1680.8</ele></trkpt>
   <trkpt lat="46.032414" lon="11.187180"><ele>1681.4</ele></trkpt>
   <trkpt lat="46.032232" lon="11.187134"><ele>1681.4</ele></trkpt>
   <trkpt lat="46.032197" lon="11.187120"><ele>1682.6</ele></trkpt>
   <trkpt lat="46.032163" lon="11.187127"><ele>1683.8</ele></trkpt>
   <trkpt lat="46.032132" lon="11.187152"><ele>1685.0</ele></trkpt>
   <trkpt lat="46.032098" lon="11.187193"><ele>1686.2</ele></trkpt>
   <trkpt lat="46.032057" lon="11.187217"><ele>1687.4</ele></trkpt>
   <trkpt lat="46.032012" lon="11.187234"><ele>1688.6</ele></trkpt>
   <trkpt lat="46.031968" lon="11.187234"><ele>1690.0</ele></trkpt>
   <trkpt lat="46.031919" lon="11.187251"><ele>1690.8</ele></trkpt>
   <trkpt lat="46.031911" lon="11.187259"><ele>1691.0</ele></trkpt>
   <trkpt lat="46.031895" lon="11.187283"><ele>1691.2</ele></trkpt>
   <trkpt lat="46.031884" lon="11.187304"><ele>1692.0</ele></trkpt>
   <trkpt lat="46.031854" lon="11.187353"><ele>1693.4</ele></trkpt>
   <trkpt lat="46.031849" lon="11.187376"><ele>1693.6</ele></trkpt>
   <trkpt lat="46.031839" lon="11.187408"><ele>1694.6</ele></trkpt>
   <trkpt lat="46.031826" lon="11.187472"><ele>1695.8</ele></trkpt>
   <trkpt lat="46.031811" lon="11.187519"><ele>1697.0</ele></trkpt>
   <trkpt lat="46.031791" lon="11.187577"><ele>1698.2</ele></trkpt>
   <trkpt lat="46.031777" lon="11.187599"><ele>1699.6</ele></trkpt>
   <trkpt lat="46.031754" lon="11.187585"><ele>1700.6</ele></trkpt>
   <trkpt lat="46.031638" lon="11.187435"><ele>1700.6</ele></trkpt>
   <trkpt lat="46.031604" lon="11.187346"><ele>1697.6</ele></trkpt>
   <trkpt lat="46.031588" lon="11.187294"><ele>1696.0</ele></trkpt>
   <trkpt lat="46.031574" lon="11.187249"><ele>1694.0</ele></trkpt>
   <trkpt lat="46.031533" lon="11.187127"><ele>1692.4</ele></trkpt>
   <trkpt lat="46.031423" lon="11.186965"><ele>1691.0</ele></trkpt>
   <trkpt lat="46.031394" lon="11.186884"><ele>1689.2</ele></trkpt>
   <trkpt lat="46.031373" lon="11.186843"><ele>1687.8</ele></trkpt>
   <trkpt lat="46.031349" lon="11.186801"><ele>1686.6</ele></trkpt>
   <trkpt lat="46.031322" lon="11.186761"><ele>1685.4</ele></trkpt>
   <trkpt lat="46.031294" lon="11.186729"><ele>1684.2</ele></trkpt>
   <trkpt lat="46.031230" lon="11.186686"><ele>1682.8</ele></trkpt>
   <trkpt lat="46.031171" lon="11.186627"><ele>1680.8</ele></trkpt>
   <trkpt lat="46.031142" lon="11.186601"><ele>1679.8</ele></trkpt>
   <trkpt lat="46.031075" lon="11.186549"><ele>1678.6</ele></trkpt>
   <trkpt lat="46.031025" lon="11.186487"><ele>1676.8</ele></trkpt>
   <trkpt lat="46.031004" lon="11.186452"><ele>1675.8</ele></trkpt>
   <trkpt lat="46.030964" lon="11.186366"><ele>1674.2</ele></trkpt>
   <trkpt lat="46.030915" lon="11.186291"><ele>1673.0</ele></trkpt>
   <trkpt lat="46.030874" lon="11.186216"><ele>1671.4</ele></trkpt>
   <trkpt lat="46.030836" lon="11.186128"><ele>1669.8</ele></trkpt>
   <trkpt lat="46.030798" lon="11.186043"><ele>1668.2</ele></trkpt>
   <trkpt lat="46.030762" lon="11.185952"><ele>1667.0</ele></trkpt>
   <trkpt lat="46.030722" lon="11.185868"><ele>1665.6</ele></trkpt>
   <trkpt lat="46.030697" lon="11.185825"><ele>1664.8</ele></trkpt>
   <trkpt lat="46.030673" lon="11.185781"><ele>1664.0</ele></trkpt>
   <trkpt lat="46.030644" lon="11.185745"><ele>1662.8</ele></trkpt>
   <trkpt lat="46.030614" lon="11.185705"><ele>1661.8</ele></trkpt>
   <trkpt lat="46.030567" lon="11.185642"><ele>1660.0</ele></trkpt>
   <trkpt lat="46.030517" lon="11.185594"><ele>1658.6</ele></trkpt>
   <trkpt lat="46.030458" lon="11.185568"><ele>1657.4</ele></trkpt>
   <trkpt lat="46.030400" lon="11.185454"><ele>1656.8</ele></trkpt>
   <trkpt lat="46.030400" lon="11.185378"><ele>1657.2</ele></trkpt>
   <trkpt lat="46.030423" lon="11.185298"><ele>1657.6</ele></trkpt>
   <trkpt lat="46.030368" lon="11.185247"><ele>1656.6</ele></trkpt>
   <trkpt lat="46.030396" lon="11.185210"><ele>1656.4</ele></trkpt>
   <trkpt lat="46.030426" lon="11.185217"><ele>1656.4</ele></trkpt>
   <trkpt lat="46.030521" lon="11.185253"><ele>1655.2</ele></trkpt>
   <trkpt lat="46.030626" lon="11.185277"><ele>1654.0</ele></trkpt>
   <trkpt lat="46.030810" lon="11.185345"><ele>1652.8</ele></trkpt>
   <trkpt lat="46.030885" lon="11.185384"><ele>1651.6</ele></trkpt>
   <trkpt lat="46.030916" lon="11.185392"><ele>1650.2</ele></trkpt>
   <trkpt lat="46.031008" lon="11.185386"><ele>1648.8</ele></trkpt>
   <trkpt lat="46.031073" lon="11.185390"><ele>1647.6</ele></trkpt>
   <trkpt lat="46.031133" lon="11.185392"><ele>1646.2</ele></trkpt>
   <trkpt lat="46.031200" lon="11.185403"><ele>1645.0</ele></trkpt>
   <trkpt lat="46.031262" lon="11.185424"><ele>1643.8</ele></trkpt>
   <trkpt lat="46.031292" lon="11.185433"><ele>1643.2</ele></trkpt>
   <trkpt lat="46.031323" lon="11.185456"><ele>1642.6</ele></trkpt>
   <trkpt lat="46.031386" lon="11.185500"><ele>1641.0</ele></trkpt>
   <trkpt lat="46.031468" lon="11.185524"><ele>1639.2</ele></trkpt>
   <trkpt lat="46.031538" lon="11.185537"><ele>1637.6</ele></trkpt>
   <trkpt lat="46.031615" lon="11.185541"><ele>1635.8</ele></trkpt>
   <trkpt lat="46.031697" lon="11.185552"><ele>1634.0</ele></trkpt>
   <trkpt lat="46.031733" lon="11.185550"><ele>1633.6</ele></trkpt>
   <trkpt lat="46.031766" lon="11.185541"><ele>1633.0</ele></trkpt>
   <trkpt lat="46.031847" lon="11.185547"><ele>1631.2</ele></trkpt>
   <trkpt lat="46.031886" lon="11.185547"><ele>1630.0</ele></trkpt>
   <trkpt lat="46.031923" lon="11.185556"><ele>1628.8</ele></trkpt>
   <trkpt lat="46.031967" lon="11.185566"><ele>1627.8</ele></trkpt>
   <trkpt lat="46.032026" lon="11.185586"><ele>1625.8</ele></trkpt>
   <trkpt lat="46.032079" lon="11.185598"><ele>1624.0</ele></trkpt>
   <trkpt lat="46.032139" lon="11.185624"><ele>1622.0</ele></trkpt>
   <trkpt lat="46.032223" lon="11.185635"><ele>1620.2</ele></trkpt>
   <trkpt lat="46.032298" lon="11.185648"><ele>1618.2</ele></trkpt>
   <trkpt lat="46.032379" lon="11.185662"><ele>1616.6</ele></trkpt>
   <trkpt lat="46.032452" lon="11.185680"><ele>1614.8</ele></trkpt>
   <trkpt lat="46.032521" lon="11.185707"><ele>1613.2</ele></trkpt>
   <trkpt lat="46.032593" lon="11.185740"><ele>1611.6</ele></trkpt>
   <trkpt lat="46.032671" lon="11.185771"><ele>1610.0</ele></trkpt>
   <trkpt lat="46.032747" lon="11.185793"><ele>1608.2</ele></trkpt>
   <trkpt lat="46.032820" lon="11.185801"><ele>1606.2</ele></trkpt>
   <trkpt lat="46.032898" lon="11.185819"><ele>1604.4</ele></trkpt>
   <trkpt lat="46.032965" lon="11.185830"><ele>1602.4</ele></trkpt>
   <trkpt lat="46.033006" lon="11.185842"><ele>1601.2</ele></trkpt>
   <trkpt lat="46.033051" lon="11.185843"><ele>1600.0</ele></trkpt>
   <trkpt lat="46.033132" lon="11.185843"><ele>1598.4</ele></trkpt>
   <trkpt lat="46.033205" lon="11.185846"><ele>1596.8</ele></trkpt>
   <trkpt lat="46.033271" lon="11.185858"><ele>1595.2</ele></trkpt>
   <trkpt lat="46.033304" lon="11.185857"><ele>1594.2</ele></trkpt>
   <trkpt lat="46.033338" lon="11.185861"><ele>1592.8</ele></trkpt>
   <trkpt lat="46.033365" lon="11.185871"><ele>1591.6</ele></trkpt>
   <trkpt lat="46.033390" lon="11.185871"><ele>1590.4</ele></trkpt>
   <trkpt lat="46.033421" lon="11.185868"><ele>1589.2</ele></trkpt>
   <trkpt lat="46.033449" lon="11.185863"><ele>1588.2</ele></trkpt>
   <trkpt lat="46.033500" lon="11.185874"><ele>1586.4</ele></trkpt>
   <trkpt lat="46.033532" lon="11.185886"><ele>1585.4</ele></trkpt>
   <trkpt lat="46.033565" lon="11.185902"><ele>1584.2</ele></trkpt>
   <trkpt lat="46.033617" lon="11.185929"><ele>1582.8</ele></trkpt>
   <trkpt lat="46.033655" lon="11.185938"><ele>1581.8</ele></trkpt>
   <trkpt lat="46.033679" lon="11.185954"><ele>1580.4</ele></trkpt>
   <trkpt lat="46.033722" lon="11.185971"><ele>1579.0</ele></trkpt>
   <trkpt lat="46.033778" lon="11.186004"><ele>1577.4</ele></trkpt>
   <trkpt lat="46.033838" lon="11.186044"><ele>1576.4</ele></trkpt>
   <trkpt lat="46.033889" lon="11.186075"><ele>1574.2</ele></trkpt>
   <trkpt lat="46.033926" lon="11.186090"><ele>1572.6</ele></trkpt>
   <trkpt lat="46.033974" lon="11.186096"><ele>1571.4</ele></trkpt>
   <trkpt lat="46.034017" lon="11.186101"><ele>1570.2</ele></trkpt>
   <trkpt lat="46.034050" lon="11.186111"><ele>1569.0</ele></trkpt>
   <trkpt lat="46.034110" lon="11.186122"><ele>1567.4</ele></trkpt>
   <trkpt lat="46.034189" lon="11.186154"><ele>1565.6</ele></trkpt>
   <trkpt lat="46.034226" lon="11.186169"><ele>1564.4</ele></trkpt>
   <trkpt lat="46.034294" lon="11.186197"><ele>1562.6</ele></trkpt>
   <trkpt lat="46.034358" lon="11.186203"><ele>1560.4</ele></trkpt>
   <trkpt lat="46.034389" lon="11.186207"><ele>1559.2</ele></trkpt>
   <trkpt lat="46.034452" lon="11.186226"><ele>1557.4</ele></trkpt>
   <trkpt lat="46.034511" lon="11.186233"><ele>1555.4</ele></trkpt>
   <trkpt lat="46.034538" lon="11.186231"><ele>1554.4</ele></trkpt>
   <trkpt lat="46.034595" lon="11.186232"><ele>1552.8</ele></trkpt>
   <trkpt lat="46.034659" lon="11.186243"><ele>1551.2</ele></trkpt>
   <trkpt lat="46.034723" lon="11.186247"><ele>1549.4</ele></trkpt>
   <trkpt lat="46.034756" lon="11.186252"><ele>1548.2</ele></trkpt>
   <trkpt lat="46.034779" lon="11.186257"><ele>1546.8</ele></trkpt>
   <trkpt lat="46.034813" lon="11.186277"><ele>1545.8</ele></trkpt>
   <trkpt lat="46.034837" lon="11.186287"><ele>1544.8</ele></trkpt>
   <trkpt lat="46.034908" lon="11.186319"><ele>1542.8</ele></trkpt>
   <trkpt lat="46.034970" lon="11.186358"><ele>1541.2</ele></trkpt>
   <trkpt lat="46.035045" lon="11.186401"><ele>1539.4</ele></trkpt>
   <trkpt lat="46.035137" lon="11.186435"><ele>1537.8</ele></trkpt>
   <trkpt lat="46.035187" lon="11.186455"><ele>1535.8</ele></trkpt>
   <trkpt lat="46.035268" lon="11.186492"><ele>1533.6</ele></trkpt>
   <trkpt lat="46.035297" lon="11.186511"><ele>1532.4</ele></trkpt>
   <trkpt lat="46.035319" lon="11.186527"><ele>1531.2</ele></trkpt>
   <trkpt lat="46.035338" lon="11.186546"><ele>1530.0</ele></trkpt>
   <trkpt lat="46.035352" lon="11.186566"><ele>1529.0</ele></trkpt>
   <trkpt lat="46.035399" lon="11.186607"><ele>1527.4</ele></trkpt>
   <trkpt lat="46.035482" lon="11.186643"><ele>1525.6</ele></trkpt>
   <trkpt lat="46.035512" lon="11.186640"><ele>1524.6</ele></trkpt>
   <trkpt lat="46.035548" lon="11.186643"><ele>1523.6</ele></trkpt>
   <trkpt lat="46.035573" lon="11.186645"><ele>1522.6</ele></trkpt>
   <trkpt lat="46.035641" lon="11.186665"><ele>1520.8</ele></trkpt>
   <trkpt lat="46.035682" lon="11.186671"><ele>1519.6</ele></trkpt>
   <trkpt lat="46.035722" lon="11.186672"><ele>1518.4</ele></trkpt>
   <trkpt lat="46.035759" lon="11.186680"><ele>1517.2</ele></trkpt>
   <trkpt lat="46.035803" lon="11.186685"><ele>1516.2</ele></trkpt>
   <trkpt lat="46.035848" lon="11.186690"><ele>1515.2</ele></trkpt>
   <trkpt lat="46.035897" lon="11.186702"><ele>1514.2</ele></trkpt>
   <trkpt lat="46.035988" lon="11.186695"><ele>1512.2</ele></trkpt>
   <trkpt lat="46.036058" lon="11.186691"><ele>1511.2</ele></trkpt>
   <trkpt lat="46.036109" lon="11.186688"><ele>1510.0</ele></trkpt>
   <trkpt lat="46.036164" lon="11.186675"><ele>1508.8</ele></trkpt>
   <trkpt lat="46.036207" lon="11.186656"><ele>1507.4</ele></trkpt>
   <trkpt lat="46.036262" lon="11.186666"><ele>1506.0</ele></trkpt>
   <trkpt lat="46.036309" lon="11.186666"><ele>1504.8</ele></trkpt>
   <trkpt lat="46.036361" lon="11.186672"><ele>1503.6</ele></trkpt>
   <trkpt lat="46.036447" lon="11.186684"><ele>1502.2</ele></trkpt>
   <trkpt lat="46.036548" lon="11.186698"><ele>1501.0</ele></trkpt>
   <trkpt lat="46.036649" lon="11.186719"><ele>1499.6</ele></trkpt>
   <trkpt lat="46.036789" lon="11.186754"><ele>1498.4</ele></trkpt>
   <trkpt lat="46.036968" lon="11.186802"><ele>1497.4</ele></trkpt>
   <trkpt lat="46.037006" lon="11.186813"><ele>1497.2</ele></trkpt>
   <trkpt lat="46.037077" lon="11.186829"><ele>1496.0</ele></trkpt>
   <trkpt lat="46.037270" lon="11.186836"><ele>1494.8</ele></trkpt>
   <trkpt lat="46.037485" lon="11.186847"><ele>1493.4</ele></trkpt>
   <trkpt lat="46.037603" lon="11.186834"><ele>1492.2</ele></trkpt>
   <trkpt lat="46.037689" lon="11.186836"><ele>1490.8</ele></trkpt>
   <trkpt lat="46.037766" lon="11.186848"><ele>1489.8</ele></trkpt>
   <trkpt lat="46.037891" lon="11.186860"><ele>1488.2</ele></trkpt>
   <trkpt lat="46.038001" lon="11.186891"><ele>1487.0</ele></trkpt>
   <trkpt lat="46.038196" lon="11.186753"><ele>1485.8</ele></trkpt>
   <trkpt lat="46.038310" lon="11.186677"><ele>1484.6</ele></trkpt>
   <trkpt lat="46.038415" lon="11.186623"><ele>1482.8</ele></trkpt>
   <trkpt lat="46.038452" lon="11.186604"><ele>1481.4</ele></trkpt>
   <trkpt lat="46.038522" lon="11.186613"><ele>1480.8</ele></trkpt>
   <trkpt lat="46.038522" lon="11.186613"><ele>1480.2</ele></trkpt>
   <trkpt lat="46.038632" lon="11.186701"><ele>1479.0</ele></trkpt>
   <trkpt lat="46.038691" lon="11.186756"><ele>1477.8</ele></trkpt>
   <trkpt lat="46.038742" lon="11.186766"><ele>1476.8</ele></trkpt>
   <trkpt lat="46.038745" lon="11.186766"><ele>1476.2</ele></trkpt>
   <trkpt lat="46.038817" lon="11.186682"><ele>1475.8</ele></trkpt>
   <trkpt lat="46.038928" lon="11.186517"><ele>1475.6</ele></trkpt>
   <trkpt lat="46.039069" lon="11.186480"><ele>1474.2</ele></trkpt>
   <trkpt lat="46.039147" lon="11.186459"><ele>1473.0</ele></trkpt>
   <trkpt lat="46.039224" lon="11.186439"><ele>1471.2</ele></trkpt>
   <trkpt lat="46.039289" lon="11.186412"><ele>1469.4</ele></trkpt>
   <trkpt lat="46.039320" lon="11.186391"><ele>1468.4</ele></trkpt>
   <trkpt lat="46.039361" lon="11.186377"><ele>1467.2</ele></trkpt>
   <trkpt lat="46.039395" lon="11.186353"><ele>1466.0</ele></trkpt>
   <trkpt lat="46.039476" lon="11.186339"><ele>1464.6</ele></trkpt>
   <trkpt lat="46.039564" lon="11.186346"><ele>1463.4</ele></trkpt>
   <trkpt lat="46.039646" lon="11.186350"><ele>1462.2</ele></trkpt>
   <trkpt lat="46.039725" lon="11.186345"><ele>1460.8</ele></trkpt>
   <trkpt lat="46.039803" lon="11.186330"><ele>1459.6</ele></trkpt>
   <trkpt lat="46.039823" lon="11.186327"><ele>1458.4</ele></trkpt>
   <trkpt lat="46.039844" lon="11.186324"><ele>1457.0</ele></trkpt>
   <trkpt lat="46.039882" lon="11.186318"><ele>1455.8</ele></trkpt>
   <trkpt lat="46.039919" lon="11.186312"><ele>1454.8</ele></trkpt>
   <trkpt lat="46.039998" lon="11.186301"><ele>1453.2</ele></trkpt>
   <trkpt lat="46.040124" lon="11.186287"><ele>1451.4</ele></trkpt>
   <trkpt lat="46.040161" lon="11.186276"><ele>1449.8</ele></trkpt>
   <trkpt lat="46.040234" lon="11.186262"><ele>1449.0</ele></trkpt>
   <trkpt lat="46.040234" lon="11.186262"><ele>1448.2</ele></trkpt>
   <trkpt lat="46.040340" lon="11.186260"><ele>1446.8</ele></trkpt>
   <trkpt lat="46.040415" lon="11.186266"><ele>1445.2</ele></trkpt>
   <trkpt lat="46.040530" lon="11.186244"><ele>1444.0</ele></trkpt>
   <trkpt lat="46.040719" lon="11.186266"><ele>1443.4</ele></trkpt>
   <trkpt lat="46.040763" lon="11.186269"><ele>1442.8</ele></trkpt>
   <trkpt lat="46.040842" lon="11.186270"><ele>1441.4</ele></trkpt>
   <trkpt lat="46.040926" lon="11.186270"><ele>1439.8</ele></trkpt>
   <trkpt lat="46.041045" lon="11.186283"><ele>1438.6</ele></trkpt>
   <trkpt lat="46.041144" lon="11.186305"><ele>1437.0</ele></trkpt>
   <trkpt lat="46.041222" lon="11.186357"><ele>1436.0</ele></trkpt>
   <trkpt lat="46.041299" lon="11.186435"><ele>1435.6</ele></trkpt>
   <trkpt lat="46.041440" lon="11.186469"><ele>1434.8</ele></trkpt>
   <trkpt lat="46.041622" lon="11.186529"><ele>1434.8</ele></trkpt>
   <trkpt lat="46.041799" lon="11.186582"><ele>1435.4</ele></trkpt>
   <trkpt lat="46.041989" lon="11.186674"><ele>1435.0</ele></trkpt>
   <trkpt lat="46.042198" lon="11.186818"><ele>1434.0</ele></trkpt>
   <trkpt lat="46.042198" lon="11.186818"><ele>1433.8</ele></trkpt>
   <trkpt lat="46.042258" lon="11.186869"><ele>1432.6</ele></trkpt>
   <trkpt lat="46.042321" lon="11.186920"><ele>1431.6</ele></trkpt>
   <trkpt lat="46.042378" lon="11.186971"><ele>1430.0</ele></trkpt>
   <trkpt lat="46.042459" lon="11.187035"><ele>1428.6</ele></trkpt>
   <trkpt lat="46.042543" lon="11.187086"><ele>1427.6</ele></trkpt>
   <trkpt lat="46.042628" lon="11.187132"><ele>1426.4</ele></trkpt>
   <trkpt lat="46.042818" lon="11.187230"><ele>1426.2</ele></trkpt>
   <trkpt lat="46.043019" lon="11.187358"><ele>1426.4</ele></trkpt>
   <trkpt lat="46.043204" lon="11.187429"><ele>1427.0</ele></trkpt>
   <trkpt lat="46.043227" lon="11.187437"><ele>1427.4</ele></trkpt>
   <trkpt lat="46.043267" lon="11.187461"><ele>1428.6</ele></trkpt>
   <trkpt lat="46.043372" lon="11.187493"><ele>1429.6</ele></trkpt>
   <trkpt lat="46.043567" lon="11.187506"><ele>1430.8</ele></trkpt>
   <trkpt lat="46.043782" lon="11.187530"><ele>1430.8</ele></trkpt>
   <trkpt lat="46.043967" lon="11.187524"><ele>1430.6</ele></trkpt>
   <trkpt lat="46.044148" lon="11.187489"><ele>1431.0</ele></trkpt>
   <trkpt lat="46.044356" lon="11.187501"><ele>1429.8</ele></trkpt>
   <trkpt lat="46.044540" lon="11.187532"><ele>1428.8</ele></trkpt>
   <trkpt lat="46.044570" lon="11.187542"><ele>1428.6</ele></trkpt>
   <trkpt lat="46.044760" lon="11.187568"><ele>1428.0</ele></trkpt>
   <trkpt lat="46.044977" lon="11.187448"><ele>1427.6</ele></trkpt>
   <trkpt lat="46.045126" lon="11.187211"><ele>1428.6</ele></trkpt>
   <trkpt lat="46.045210" lon="11.187173"><ele>1429.6</ele></trkpt>
   <trkpt lat="46.045334" lon="11.187147"><ele>1430.6</ele></trkpt>
   <trkpt lat="46.045521" lon="11.187092"><ele>1430.6</ele></trkpt>
   <trkpt lat="46.045643" lon="11.187161"><ele>1429.6</ele></trkpt>
   <trkpt lat="46.045832" lon="11.187129"><ele>1428.4</ele></trkpt>
   <trkpt lat="46.046044" lon="11.187098"><ele>1427.8</ele></trkpt>
   <trkpt lat="46.046080" lon="11.187094"><ele>1427.4</ele></trkpt>
   <trkpt lat="46.046160" lon="11.187108"><ele>1426.2</ele></trkpt>
   <trkpt lat="46.046230" lon="11.187120"><ele>1424.6</ele></trkpt>
   <trkpt lat="46.046290" lon="11.187130"><ele>1423.2</ele></trkpt>
   <trkpt lat="46.046344" lon="11.187160"><ele>1421.4</ele></trkpt>
   <trkpt lat="46.046397" lon="11.187172"><ele>1419.6</ele></trkpt>
   <trkpt lat="46.046455" lon="11.187184"><ele>1418.2</ele></trkpt>
   <trkpt lat="46.046513" lon="11.187186"><ele>1416.0</ele></trkpt>
   <trkpt lat="46.046533" lon="11.187190"><ele>1414.8</ele></trkpt>
   <trkpt lat="46.046553" lon="11.187192"><ele>1413.8</ele></trkpt>
   <trkpt lat="46.046617" lon="11.187177"><ele>1412.0</ele></trkpt>
   <trkpt lat="46.046686" lon="11.187173"><ele>1410.0</ele></trkpt>
   <trkpt lat="46.046754" lon="11.187117"><ele>1408.2</ele></trkpt>
   <trkpt lat="46.046813" lon="11.187074"><ele>1406.8</ele></trkpt>
   <trkpt lat="46.046922" lon="11.186979"><ele>1405.6</ele></trkpt>
   <trkpt lat="46.047019" lon="11.186909"><ele>1404.2</ele></trkpt>
   <trkpt lat="46.047111" lon="11.186815"><ele>1402.6</ele></trkpt>
   <trkpt lat="46.047172" lon="11.186771"><ele>1401.0</ele></trkpt>
   <trkpt lat="46.047229" lon="11.186713"><ele>1399.2</ele></trkpt>
   <trkpt lat="46.047273" lon="11.186668"><ele>1397.8</ele></trkpt>
   <trkpt lat="46.047325" lon="11.186632"><ele>1396.6</ele></trkpt>
   <trkpt lat="46.047382" lon="11.186592"><ele>1395.4</ele></trkpt>
   <trkpt lat="46.047435" lon="11.186587"><ele>1393.4</ele></trkpt>
   <trkpt lat="46.047481" lon="11.186586"><ele>1391.6</ele></trkpt>
   <trkpt lat="46.047530" lon="11.186578"><ele>1390.2</ele></trkpt>
   <trkpt lat="46.047592" lon="11.186574"><ele>1388.6</ele></trkpt>
   <trkpt lat="46.047645" lon="11.186552"><ele>1386.8</ele></trkpt>
   <trkpt lat="46.047707" lon="11.186539"><ele>1385.0</ele></trkpt>
   <trkpt lat="46.047761" lon="11.186539"><ele>1383.4</ele></trkpt>
   <trkpt lat="46.047850" lon="11.186549"><ele>1382.0</ele></trkpt>
   <trkpt lat="46.047947" lon="11.186492"><ele>1380.4</ele></trkpt>
   <trkpt lat="46.047980" lon="11.186459"><ele>1379.2</ele></trkpt>
   <trkpt lat="46.048000" lon="11.186421"><ele>1378.0</ele></trkpt>
   <trkpt lat="46.048029" lon="11.186334"><ele>1376.4</ele></trkpt>
   <trkpt lat="46.048064" lon="11.186249"><ele>1375.0</ele></trkpt>
   <trkpt lat="46.048091" lon="11.186164"><ele>1373.4</ele></trkpt>
   <trkpt lat="46.048100" lon="11.186054"><ele>1371.8</ele></trkpt>
   <trkpt lat="46.048092" lon="11.185959"><ele>1370.6</ele></trkpt>
   <trkpt lat="46.048058" lon="11.185886"><ele>1369.6</ele></trkpt>
   <trkpt lat="46.048021" lon="11.185832"><ele>1368.2</ele></trkpt>
   <trkpt lat="46.047983" lon="11.185746"><ele>1366.6</ele></trkpt>
   <trkpt lat="46.047974" lon="11.185637"><ele>1365.0</ele></trkpt>
   <trkpt lat="46.048012" lon="11.185571"><ele>1363.2</ele></trkpt>
   <trkpt lat="46.048076" lon="11.185542"><ele>1361.6</ele></trkpt>
   <trkpt lat="46.048133" lon="11.185512"><ele>1360.0</ele></trkpt>
   <trkpt lat="46.048182" lon="11.185500"><ele>1358.2</ele></trkpt>
   <trkpt lat="46.048206" lon="11.185499"><ele>1357.0</ele></trkpt>
   <trkpt lat="46.048236" lon="11.185497"><ele>1356.0</ele></trkpt>
   <trkpt lat="46.048282" lon="11.185503"><ele>1354.0</ele></trkpt>
   <trkpt lat="46.048337" lon="11.185512"><ele>1352.4</ele></trkpt>
   <trkpt lat="46.048392" lon="11.185530"><ele>1350.8</ele></trkpt>
   <trkpt lat="46.048410" lon="11.185548"><ele>1349.6</ele></trkpt>
   <trkpt lat="46.048410" lon="11.185548"><ele>1348.4</ele></trkpt>
   <trkpt lat="46.048469" lon="11.185561"><ele>1346.6</ele></trkpt>
   <trkpt lat="46.048555" lon="11.185591"><ele>1345.4</ele></trkpt>
   <trkpt lat="46.048619" lon="11.185623"><ele>1343.6</ele></trkpt>
   <trkpt lat="46.048651" lon="11.185630"><ele>1342.4</ele></trkpt>
   <trkpt lat="46.048728" lon="11.185639"><ele>1340.8</ele></trkpt>
   <trkpt lat="46.048771" lon="11.185643"><ele>1339.2</ele></trkpt>
   <trkpt lat="46.048803" lon="11.185634"><ele>1337.6</ele></trkpt>
   <trkpt lat="46.048803" lon="11.185634"><ele>1336.4</ele></trkpt>
   <trkpt lat="46.048830" lon="11.185650"><ele>1335.2</ele></trkpt>
   <trkpt lat="46.048876" lon="11.185695"><ele>1333.6</ele></trkpt>
   <trkpt lat="46.048950" lon="11.185712"><ele>1332.4</ele></trkpt>
   <trkpt lat="46.049021" lon="11.185684"><ele>1331.0</ele></trkpt>
   <trkpt lat="46.049084" lon="11.185607"><ele>1329.6</ele></trkpt>
   <trkpt lat="46.049116" lon="11.185520"><ele>1327.6</ele></trkpt>
   <trkpt lat="46.049136" lon="11.185486"><ele>1326.4</ele></trkpt>
   <trkpt lat="46.049163" lon="11.185453"><ele>1325.4</ele></trkpt>
   <trkpt lat="46.049203" lon="11.185398"><ele>1323.8</ele></trkpt>
   <trkpt lat="46.049233" lon="11.185400"><ele>1322.4</ele></trkpt>
   <trkpt lat="46.049280" lon="11.185420"><ele>1320.6</ele></trkpt>
   <trkpt lat="46.049329" lon="11.185425"><ele>1319.2</ele></trkpt>
   <trkpt lat="46.049412" lon="11.185420"><ele>1317.4</ele></trkpt>
   <trkpt lat="46.049462" lon="11.185408"><ele>1316.4</ele></trkpt>
   <trkpt lat="46.049533" lon="11.185378"><ele>1315.2</ele></trkpt>
   <trkpt lat="46.049675" lon="11.185315"><ele>1314.2</ele></trkpt>
   <trkpt lat="46.049813" lon="11.185224"><ele>1313.0</ele></trkpt>
   <trkpt lat="46.049876" lon="11.185168"><ele>1312.0</ele></trkpt>
   <trkpt lat="46.049955" lon="11.185085"><ele>1310.6</ele></trkpt>
   <trkpt lat="46.050121" lon="11.184962"><ele>1310.8</ele></trkpt>
   <trkpt lat="46.050289" lon="11.184854"><ele>1311.4</ele></trkpt>
   <trkpt lat="46.050465" lon="11.184740"><ele>1310.8</ele></trkpt>
   <trkpt lat="46.050511" lon="11.184687"><ele>1311.8</ele></trkpt>
   <trkpt lat="46.050624" lon="11.184630"><ele>1313.0</ele></trkpt>
   <trkpt lat="46.050784" lon="11.184523"><ele>1314.0</ele></trkpt>
   <trkpt lat="46.050962" lon="11.184438"><ele>1315.0</ele></trkpt>
   <trkpt lat="46.051032" lon="11.184403"><ele>1316.2</ele></trkpt>
   <trkpt lat="46.051076" lon="11.184332"><ele>1316.4</ele></trkpt>
   <trkpt lat="46.051215" lon="11.184353"><ele>1316.6</ele></trkpt>
   <trkpt lat="46.051382" lon="11.184186"><ele>1316.8</ele></trkpt>
   <trkpt lat="46.051465" lon="11.184152"><ele>1314.8</ele></trkpt>
   <trkpt lat="46.051548" lon="11.184080"><ele>1313.8</ele></trkpt>
   <trkpt lat="46.051718" lon="11.183924"><ele>1312.6</ele></trkpt>
   <trkpt lat="46.051799" lon="11.183817"><ele>1310.8</ele></trkpt>
   <trkpt lat="46.051838" lon="11.183791"><ele>1309.8</ele></trkpt>
   <trkpt lat="46.051878" lon="11.183775"><ele>1308.8</ele></trkpt>
   <trkpt lat="46.051921" lon="11.183755"><ele>1307.0</ele></trkpt>
   <trkpt lat="46.052019" lon="11.183730"><ele>1306.0</ele></trkpt>
   <trkpt lat="46.052065" lon="11.183716"><ele>1304.8</ele></trkpt>
   <trkpt lat="46.052148" lon="11.183684"><ele>1303.2</ele></trkpt>
   <trkpt lat="46.052263" lon="11.183618"><ele>1301.4</ele></trkpt>
   <trkpt lat="46.052294" lon="11.183581"><ele>1300.2</ele></trkpt>
   <trkpt lat="46.052373" lon="11.183472"><ele>1298.8</ele></trkpt>
   <trkpt lat="46.052438" lon="11.183394"><ele>1297.4</ele></trkpt>
   <trkpt lat="46.052484" lon="11.183262"><ele>1296.2</ele></trkpt>
   <trkpt lat="46.052492" lon="11.183138"><ele>1295.2</ele></trkpt>
   <trkpt lat="46.052515" lon="11.183055"><ele>1294.0</ele></trkpt>
   <trkpt lat="46.052546" lon="11.182976"><ele>1292.8</ele></trkpt>
   <trkpt lat="46.052578" lon="11.182902"><ele>1291.4</ele></trkpt>
   <trkpt lat="46.052596" lon="11.182867"><ele>1290.4</ele></trkpt>
   <trkpt lat="46.052654" lon="11.182737"><ele>1289.4</ele></trkpt>
   <trkpt lat="46.052664" lon="11.182700"><ele>1288.0</ele></trkpt>
   <trkpt lat="46.052740" lon="11.182634"><ele>1287.0</ele></trkpt>
   <trkpt lat="46.052763" lon="11.182620"><ele>1285.8</ele></trkpt>
   <trkpt lat="46.052804" lon="11.182583"><ele>1284.6</ele></trkpt>
   <trkpt lat="46.052855" lon="11.182524"><ele>1283.2</ele></trkpt>
   <trkpt lat="46.052902" lon="11.182442"><ele>1282.0</ele></trkpt>
   <trkpt lat="46.052946" lon="11.182362"><ele>1280.8</ele></trkpt>
   <trkpt lat="46.052978" lon="11.182279"><ele>1279.6</ele></trkpt>
   <trkpt lat="46.053015" lon="11.182187"><ele>1278.6</ele></trkpt>
   <trkpt lat="46.053078" lon="11.182130"><ele>1277.4</ele></trkpt>
   <trkpt lat="46.053258" lon="11.182079"><ele>1276.2</ele></trkpt>
   <trkpt lat="46.053461" lon="11.182032"><ele>1275.6</ele></trkpt>
   <trkpt lat="46.053650" lon="11.182041"><ele>1277.0</ele></trkpt>
   <trkpt lat="46.053704" lon="11.182050"><ele>1277.0</ele></trkpt>
   <trkpt lat="46.053907" lon="11.182007"><ele>1275.2</ele></trkpt>
   <trkpt lat="46.053932" lon="11.182010"><ele>1274.8</ele></trkpt>
   <trkpt lat="46.054019" lon="11.182001"><ele>1273.4</ele></trkpt>
   <trkpt lat="46.054076" lon="11.181997"><ele>1272.4</ele></trkpt>
   <trkpt lat="46.054132" lon="11.181993"><ele>1271.0</ele></trkpt>
   <trkpt lat="46.054151" lon="11.182000"><ele>1270.2</ele></trkpt>
   <trkpt lat="46.054171" lon="11.182011"><ele>1269.2</ele></trkpt>
   <trkpt lat="46.054222" lon="11.182029"><ele>1267.4</ele></trkpt>
   <trkpt lat="46.054244" lon="11.182035"><ele>1266.6</ele></trkpt>
   <trkpt lat="46.054280" lon="11.182057"><ele>1266.2</ele></trkpt>
   <trkpt lat="46.054341" lon="11.182087"><ele>1265.4</ele></trkpt>
   <trkpt lat="46.054372" lon="11.182098"><ele>1265.0</ele></trkpt>
   <trkpt lat="46.054415" lon="11.182123"><ele>1263.8</ele></trkpt>
   <trkpt lat="46.054478" lon="11.182149"><ele>1262.2</ele></trkpt>
   <trkpt lat="46.054525" lon="11.182186"><ele>1260.6</ele></trkpt>
   <trkpt lat="46.054569" lon="11.182226"><ele>1259.4</ele></trkpt>
   <trkpt lat="46.054611" lon="11.182264"><ele>1258.0</ele></trkpt>
   <trkpt lat="46.054684" lon="11.182307"><ele>1256.4</ele></trkpt>
   <trkpt lat="46.054755" lon="11.182335"><ele>1254.6</ele></trkpt>
   <trkpt lat="46.054804" lon="11.182359"><ele>1253.4</ele></trkpt>
   <trkpt lat="46.054839" lon="11.182390"><ele>1252.4</ele></trkpt>
   <trkpt lat="46.054888" lon="11.182464"><ele>1251.0</ele></trkpt>
   <trkpt lat="46.054934" lon="11.182511"><ele>1250.0</ele></trkpt>
   <trkpt lat="46.054964" lon="11.182516"><ele>1249.6</ele></trkpt>
   <trkpt lat="46.055061" lon="11.182504"><ele>1248.2</ele></trkpt>
   <trkpt lat="46.055117" lon="11.182505"><ele>1246.4</ele></trkpt>
   <trkpt lat="46.055160" lon="11.182544"><ele>1244.4</ele></trkpt>
   <trkpt lat="46.055221" lon="11.182608"><ele>1242.8</ele></trkpt>
   <trkpt lat="46.055240" lon="11.182628"><ele>1241.2</ele></trkpt>
   <trkpt lat="46.055266" lon="11.182662"><ele>1239.6</ele></trkpt>
   <trkpt lat="46.055265" lon="11.182706"><ele>1238.6</ele></trkpt>
   <trkpt lat="46.055275" lon="11.182721"><ele>1238.4</ele></trkpt>
   <trkpt lat="46.055319" lon="11.182692"><ele>1237.0</ele></trkpt>
   <trkpt lat="46.055353" lon="11.182662"><ele>1235.8</ele></trkpt>
   <trkpt lat="46.055390" lon="11.182623"><ele>1234.6</ele></trkpt>
   <trkpt lat="46.055439" lon="11.182578"><ele>1232.8</ele></trkpt>
   <trkpt lat="46.055485" lon="11.182525"><ele>1231.2</ele></trkpt>
   <trkpt lat="46.055515" lon="11.182506"><ele>1230.4</ele></trkpt>
   <trkpt lat="46.055531" lon="11.182510"><ele>1230.2</ele></trkpt>
   <trkpt lat="46.055537" lon="11.182531"><ele>1229.6</ele></trkpt>
   <trkpt lat="46.055549" lon="11.182554"><ele>1229.0</ele></trkpt>
   <trkpt lat="46.055555" lon="11.182615"><ele>1227.6</ele></trkpt>
   <trkpt lat="46.055550" lon="11.182678"><ele>1226.0</ele></trkpt>
   <trkpt lat="46.055541" lon="11.182727"><ele>1224.8</ele></trkpt>
   <trkpt lat="46.055556" lon="11.182729"><ele>1224.0</ele></trkpt>
   <trkpt lat="46.055586" lon="11.182718"><ele>1223.2</ele></trkpt>
   <trkpt lat="46.055622" lon="11.182701"><ele>1221.6</ele></trkpt>
   <trkpt lat="46.055669" lon="11.182690"><ele>1220.0</ele></trkpt>
   <trkpt lat="46.055706" lon="11.182650"><ele>1218.4</ele></trkpt>
   <trkpt lat="46.055734" lon="11.182716"><ele>1217.2</ele></trkpt>
   <trkpt lat="46.055720" lon="11.182781"><ele>1215.4</ele></trkpt>
   <trkpt lat="46.055719" lon="11.182844"><ele>1214.0</ele></trkpt>
   <trkpt lat="46.055719" lon="11.182844"><ele>1212.8</ele></trkpt>
   <trkpt lat="46.055722" lon="11.182903"><ele>1211.2</ele></trkpt>
   <trkpt lat="46.055724" lon="11.182927"><ele>1210.6</ele></trkpt>
   <trkpt lat="46.055718" lon="11.182952"><ele>1210.2</ele></trkpt>
   <trkpt lat="46.055705" lon="11.183014"><ele>1208.4</ele></trkpt>
   <trkpt lat="46.055699" lon="11.183067"><ele>1207.4</ele></trkpt>
   <trkpt lat="46.055713" lon="11.183133"><ele>1206.0</ele></trkpt>
   <trkpt lat="46.055728" lon="11.183158"><ele>1204.8</ele></trkpt>
   <trkpt lat="46.055742" lon="11.183183"><ele>1204.0</ele></trkpt>
   <trkpt lat="46.055756" lon="11.183182"><ele>1203.2</ele></trkpt>
   <trkpt lat="46.055786" lon="11.183162"><ele>1202.2</ele></trkpt>
   <trkpt lat="46.055834" lon="11.183173"><ele>1200.6</ele></trkpt>
   <trkpt lat="46.055884" lon="11.183149"><ele>1199.0</ele></trkpt>
   <trkpt lat="46.055898" lon="11.183152"><ele>1197.2</ele></trkpt>
   <trkpt lat="46.055895" lon="11.183197"><ele>1195.4</ele></trkpt>
   <trkpt lat="46.055869" lon="11.183248"><ele>1194.2</ele></trkpt>
   <trkpt lat="46.055799" lon="11.183353"><ele>1192.6</ele></trkpt>
   <trkpt lat="46.055814" lon="11.183362"><ele>1191.0</ele></trkpt>
   <trkpt lat="46.055856" lon="11.183350"><ele>1189.8</ele></trkpt>
   <trkpt lat="46.055862" lon="11.183406"><ele>1188.4</ele></trkpt>
   <trkpt lat="46.055853" lon="11.183431"><ele>1188.0</ele></trkpt>
   <trkpt lat="46.055851" lon="11.183494"><ele>1186.6</ele></trkpt>
   <trkpt lat="46.055831" lon="11.183553"><ele>1184.8</ele></trkpt>
   <trkpt lat="46.055809" lon="11.183613"><ele>1183.2</ele></trkpt>
   <trkpt lat="46.055806" lon="11.183641"><ele>1182.6</ele></trkpt>
   <trkpt lat="46.055816" lon="11.183665"><ele>1181.8</ele></trkpt>
   <trkpt lat="46.055826" lon="11.183690"><ele>1181.0</ele></trkpt>
   <trkpt lat="46.055825" lon="11.183719"><ele>1179.8</ele></trkpt>
   <trkpt lat="46.055822" lon="11.183734"><ele>1178.6</ele></trkpt>
   <trkpt lat="46.055819" lon="11.183750"><ele>1177.2</ele></trkpt>
   <trkpt lat="46.055835" lon="11.183773"><ele>1175.4</ele></trkpt>
   <trkpt lat="46.055859" lon="11.183777"><ele>1174.2</ele></trkpt>
   <trkpt lat="46.055902" lon="11.183782"><ele>1172.4</ele></trkpt>
   <trkpt lat="46.055948" lon="11.183771"><ele>1170.8</ele></trkpt>
   <trkpt lat="46.055975" lon="11.183753"><ele>1169.4</ele></trkpt>
   <trkpt lat="46.056016" lon="11.183721"><ele>1167.8</ele></trkpt>
   <trkpt lat="46.056037" lon="11.183702"><ele>1166.2</ele></trkpt>
   <trkpt lat="46.056083" lon="11.183750"><ele>1164.8</ele></trkpt>
   <trkpt lat="46.056085" lon="11.183779"><ele>1164.0</ele></trkpt>
   <trkpt lat="46.056083" lon="11.183811"><ele>1163.2</ele></trkpt>
   <trkpt lat="46.056089" lon="11.183848"><ele>1161.8</ele></trkpt>
   <trkpt lat="46.056108" lon="11.183843"><ele>1159.8</ele></trkpt>
   <trkpt lat="46.056131" lon="11.183835"><ele>1158.8</ele></trkpt>
   <trkpt lat="46.056174" lon="11.183812"><ele>1157.4</ele></trkpt>
   <trkpt lat="46.056240" lon="11.183771"><ele>1156.0</ele></trkpt>
   <trkpt lat="46.056259" lon="11.183775"><ele>1155.2</ele></trkpt>
   <trkpt lat="46.056267" lon="11.183792"><ele>1154.4</ele></trkpt>
   <trkpt lat="46.056274" lon="11.183840"><ele>1153.0</ele></trkpt>
   <trkpt lat="46.056298" lon="11.183886"><ele>1152.0</ele></trkpt>
   <trkpt lat="46.056313" lon="11.183890"><ele>1151.4</ele></trkpt>
   <trkpt lat="46.056339" lon="11.183889"><ele>1150.4</ele></trkpt>
   <trkpt lat="46.056349" lon="11.183862"><ele>1149.0</ele></trkpt>
   <trkpt lat="46.056356" lon="11.183839"><ele>1147.2</ele></trkpt>
   <trkpt lat="46.056381" lon="11.183849"><ele>1145.8</ele></trkpt>
   <trkpt lat="46.056407" lon="11.183866"><ele>1144.4</ele></trkpt>
   <trkpt lat="46.056432" lon="11.183924"><ele>1142.8</ele></trkpt>
   <trkpt lat="46.056462" lon="11.183971"><ele>1141.4</ele></trkpt>
   <trkpt lat="46.056468" lon="11.183978"><ele>1140.8</ele></trkpt>
   <trkpt lat="46.056477" lon="11.183980"><ele>1140.2</ele></trkpt>
   <trkpt lat="46.056486" lon="11.183992"><ele>1139.0</ele></trkpt>
   <trkpt lat="46.056496" lon="11.184143"><ele>1138.4</ele></trkpt>
   <trkpt lat="46.056502" lon="11.184175"><ele>1138.0</ele></trkpt>
   <trkpt lat="46.056477" lon="11.184248"><ele>1136.8</ele></trkpt>
   <trkpt lat="46.056474" lon="11.184333"><ele>1135.6</ele></trkpt>
   <trkpt lat="46.056494" lon="11.184380"><ele>1134.6</ele></trkpt>
   <trkpt lat="46.056516" lon="11.184389"><ele>1133.8</ele></trkpt>
   <trkpt lat="46.056529" lon="11.184391"><ele>1132.6</ele></trkpt>
   <trkpt lat="46.056567" lon="11.184374"><ele>1131.0</ele></trkpt>
   <trkpt lat="46.056599" lon="11.184351"><ele>1129.6</ele></trkpt>
   <trkpt lat="46.056633" lon="11.184338"><ele>1128.2</ele></trkpt>
   <trkpt lat="46.056655" lon="11.184345"><ele>1127.8</ele></trkpt>
   <trkpt lat="46.056674" lon="11.184358"><ele>1127.2</ele></trkpt>
   <trkpt lat="46.056727" lon="11.184380"><ele>1125.8</ele></trkpt>
   <trkpt lat="46.056792" lon="11.184381"><ele>1124.6</ele></trkpt>
   <trkpt lat="46.056816" lon="11.184368"><ele>1123.8</ele></trkpt>
   <trkpt lat="46.056816" lon="11.184368"><ele>1123.0</ele></trkpt>
   <trkpt lat="46.056830" lon="11.184355"><ele>1122.4</ele></trkpt>
   <trkpt lat="46.056858" lon="11.184334"><ele>1121.6</ele></trkpt>
   <trkpt lat="46.056863" lon="11.184387"><ele>1120.4</ele></trkpt>
   <trkpt lat="46.056842" lon="11.184511"><ele>1119.2</ele></trkpt>
   <trkpt lat="46.056830" lon="11.184573"><ele>1117.8</ele></trkpt>
   <trkpt lat="46.056821" lon="11.184605"><ele>1116.8</ele></trkpt>
   <trkpt lat="46.056801" lon="11.184673"><ele>1115.2</ele></trkpt>
   <trkpt lat="46.056791" lon="11.184749"><ele>1113.8</ele></trkpt>
   <trkpt lat="46.056799" lon="11.184780"><ele>1112.2</ele></trkpt>
   <trkpt lat="46.056810" lon="11.184820"><ele>1111.8</ele></trkpt>
   <trkpt lat="46.056827" lon="11.184826"><ele>1111.0</ele></trkpt>
   <trkpt lat="46.056875" lon="11.184801"><ele>1109.2</ele></trkpt>
   <trkpt lat="46.056894" lon="11.184791"><ele>1107.8</ele></trkpt>
   <trkpt lat="46.056937" lon="11.184761"><ele>1106.6</ele></trkpt>
   <trkpt lat="46.056984" lon="11.184737"><ele>1105.0</ele></trkpt>
   <trkpt lat="46.057039" lon="11.184696"><ele>1103.0</ele></trkpt>
   <trkpt lat="46.057097" lon="11.184675"><ele>1101.2</ele></trkpt>
   <trkpt lat="46.057153" lon="11.184647"><ele>1099.6</ele></trkpt>
   <trkpt lat="46.057207" lon="11.184615"><ele>1098.0</ele></trkpt>
   <trkpt lat="46.057288" lon="11.184548"><ele>1096.8</ele></trkpt>
   <trkpt lat="46.057330" lon="11.184509"><ele>1095.6</ele></trkpt>
   <trkpt lat="46.057351" lon="11.184478"><ele>1094.6</ele></trkpt>
   <trkpt lat="46.057349" lon="11.184537"><ele>1093.2</ele></trkpt>
   <trkpt lat="46.057341" lon="11.184599"><ele>1091.4</ele></trkpt>
   <trkpt lat="46.057340" lon="11.184668"><ele>1089.8</ele></trkpt>
   <trkpt lat="46.057367" lon="11.184743"><ele>1088.8</ele></trkpt>
   <trkpt lat="46.057383" lon="11.184828"><ele>1086.8</ele></trkpt>
   <trkpt lat="46.057390" lon="11.184923"><ele>1085.8</ele></trkpt>
   <trkpt lat="46.057449" lon="11.184899"><ele>1084.4</ele></trkpt>
   <trkpt lat="46.057487" lon="11.184845"><ele>1083.4</ele></trkpt>
   <trkpt lat="46.057535" lon="11.184812"><ele>1081.6</ele></trkpt>
   <trkpt lat="46.057558" lon="11.184797"><ele>1080.6</ele></trkpt>
   <trkpt lat="46.057598" lon="11.184740"><ele>1079.0</ele></trkpt>
   <trkpt lat="46.057628" lon="11.184700"><ele>1077.4</ele></trkpt>
   <trkpt lat="46.057634" lon="11.184686"><ele>1076.8</ele></trkpt>
   <trkpt lat="46.057635" lon="11.184699"><ele>1076.2</ele></trkpt>
   <trkpt lat="46.057637" lon="11.184785"><ele>1075.0</ele></trkpt>
   <trkpt lat="46.057648" lon="11.184841"><ele>1074.0</ele></trkpt>
   <trkpt lat="46.057652" lon="11.184865"><ele>1072.8</ele></trkpt>
   <trkpt lat="46.057660" lon="11.184884"><ele>1071.8</ele></trkpt>
   <trkpt lat="46.057674" lon="11.184893"><ele>1070.8</ele></trkpt>
   <trkpt lat="46.057698" lon="11.184881"><ele>1070.2</ele></trkpt>
   <trkpt lat="46.057752" lon="11.184859"><ele>1068.2</ele></trkpt>
   <trkpt lat="46.057752" lon="11.184859"><ele>1067.2</ele></trkpt>
   <trkpt lat="46.057801" lon="11.184852"><ele>1065.8</ele></trkpt>
   <trkpt lat="46.057853" lon="11.184837"><ele>1064.6</ele></trkpt>
   <trkpt lat="46.057913" lon="11.184776"><ele>1063.2</ele></trkpt>
   <trkpt lat="46.057929" lon="11.184761"><ele>1061.6</ele></trkpt>
   <trkpt lat="46.057894" lon="11.184818"><ele>1060.4</ele></trkpt>
   <trkpt lat="46.057876" lon="11.184870"><ele>1059.0</ele></trkpt>
   <trkpt lat="46.057888" lon="11.184889"><ele>1058.4</ele></trkpt>
   <trkpt lat="46.057905" lon="11.184886"><ele>1057.6</ele></trkpt>
   <trkpt lat="46.057986" lon="11.184839"><ele>1056.4</ele></trkpt>
   <trkpt lat="46.058016" lon="11.184822"><ele>1055.8</ele></trkpt>
   <trkpt lat="46.058041" lon="11.184801"><ele>1055.0</ele></trkpt>
   <trkpt lat="46.058056" lon="11.184772"><ele>1053.4</ele></trkpt>
   <trkpt lat="46.058068" lon="11.184783"><ele>1052.8</ele></trkpt>
   <trkpt lat="46.058068" lon="11.184783"><ele>1052.4</ele></trkpt>
   <trkpt lat="46.058052" lon="11.184915"><ele>1051.2</ele></trkpt>
   <trkpt lat="46.058022" lon="11.185000"><ele>1050.0</ele></trkpt>
   <trkpt lat="46.057984" lon="11.185042"><ele>1048.6</ele></trkpt>
   <trkpt lat="46.057934" lon="11.185102"><ele>1047.2</ele></trkpt>
   <trkpt lat="46.057906" lon="11.185166"><ele>1046.0</ele></trkpt>
   <trkpt lat="46.057900" lon="11.185220"><ele>1044.2</ele></trkpt>
   <trkpt lat="46.057901" lon="11.185248"><ele>1043.0</ele></trkpt>
   <trkpt lat="46.057880" lon="11.185318"><ele>1041.2</ele></trkpt>
   <trkpt lat="46.057937" lon="11.185352"><ele>1040.4</ele></trkpt>
   <trkpt lat="46.057964" lon="11.185337"><ele>1040.0</ele></trkpt>
   <trkpt lat="46.058017" lon="11.185273"><ele>1038.8</ele></trkpt>
   <trkpt lat="46.058037" lon="11.185252"><ele>1037.4</ele></trkpt>
   <trkpt lat="46.058084" lon="11.185210"><ele>1035.6</ele></trkpt>
   <trkpt lat="46.058134" lon="11.185168"><ele>1034.6</ele></trkpt>
   <trkpt lat="46.058230" lon="11.185087"><ele>1033.2</ele></trkpt>
   <trkpt lat="46.058246" lon="11.185059"><ele>1031.6</ele></trkpt>
   <trkpt lat="46.058263" lon="11.185003"><ele>1030.6</ele></trkpt>
   <trkpt lat="46.058262" lon="11.185042"><ele>1029.2</ele></trkpt>
   <trkpt lat="46.058255" lon="11.185095"><ele>1028.2</ele></trkpt>
   <trkpt lat="46.058298" lon="11.185086"><ele>1028.0</ele></trkpt>
   <trkpt lat="46.058320" lon="11.185072"><ele>1026.8</ele></trkpt>
   <trkpt lat="46.058363" lon="11.185032"><ele>1025.6</ele></trkpt>
   <trkpt lat="46.058385" lon="11.184989"><ele>1024.0</ele></trkpt>
   <trkpt lat="46.058385" lon="11.184947"><ele>1023.4</ele></trkpt>
   <trkpt lat="46.058376" lon="11.184928"><ele>1023.0</ele></trkpt>
   <trkpt lat="46.058374" lon="11.184911"><ele>1022.2</ele></trkpt>
   <trkpt lat="46.058374" lon="11.184896"><ele>1021.8</ele></trkpt>
   <trkpt lat="46.058403" lon="11.184908"><ele>1020.8</ele></trkpt>
   <trkpt lat="46.058423" lon="11.184912"><ele>1020.4</ele></trkpt>
   <trkpt lat="46.058444" lon="11.184910"><ele>1018.8</ele></trkpt>
   <trkpt lat="46.058457" lon="11.184941"><ele>1017.0</ele></trkpt>
   <trkpt lat="46.058448" lon="11.184998"><ele>1015.8</ele></trkpt>
   <trkpt lat="46.058448" lon="11.185054"><ele>1014.6</ele></trkpt>
   <trkpt lat="46.058450" lon="11.185117"><ele>1013.0</ele></trkpt>
   <trkpt lat="46.058459" lon="11.185155"><ele>1012.0</ele></trkpt>
   <trkpt lat="46.058473" lon="11.185202"><ele>1011.0</ele></trkpt>
   <trkpt lat="46.058467" lon="11.185322"><ele>1009.4</ele></trkpt>
   <trkpt lat="46.058452" lon="11.185371"><ele>1008.4</ele></trkpt>
   <trkpt lat="46.058465" lon="11.185453"><ele>1007.0</ele></trkpt>
   <trkpt lat="46.058491" lon="11.185474"><ele>1005.8</ele></trkpt>
   <trkpt lat="46.058513" lon="11.185495"><ele>1004.4</ele></trkpt>
   <trkpt lat="46.058537" lon="11.185516"><ele>1003.4</ele></trkpt>
   <trkpt lat="46.058616" lon="11.185569"><ele>1001.8</ele></trkpt>
   <trkpt lat="46.058616" lon="11.185569"><ele>1000.6</ele></trkpt>
   <trkpt lat="46.058639" lon="11.185585"><ele>999.2</ele></trkpt>
   <trkpt lat="46.058667" lon="11.185589"><ele>997.8</ele></trkpt>
   <trkpt lat="46.058702" lon="11.185590"><ele>996.6</ele></trkpt>
   <trkpt lat="46.058740" lon="11.185594"><ele>995.4</ele></trkpt>
   <trkpt lat="46.058868" lon="11.185623"><ele>993.6</ele></trkpt>
   <trkpt lat="46.058941" lon="11.185677"><ele>992.2</ele></trkpt>
   <trkpt lat="46.059076" lon="11.185731"><ele>991.0</ele></trkpt>
   <trkpt lat="46.059196" lon="11.185766"><ele>990.0</ele></trkpt>
   <trkpt lat="46.059278" lon="11.185775"><ele>988.8</ele></trkpt>
   <trkpt lat="46.059322" lon="11.185780"><ele>987.2</ele></trkpt>
   <trkpt lat="46.059387" lon="11.185808"><ele>985.8</ele></trkpt>
   <trkpt lat="46.059449" lon="11.185812"><ele>985.0</ele></trkpt>
   <trkpt lat="46.059449" lon="11.185812"><ele>984.4</ele></trkpt>
   <trkpt lat="46.059530" lon="11.185757"><ele>983.4</ele></trkpt>
   <trkpt lat="46.059565" lon="11.185658"><ele>982.4</ele></trkpt>
   <trkpt lat="46.059565" lon="11.185658"><ele>981.6</ele></trkpt>
   <trkpt lat="46.059571" lon="11.185563"><ele>980.0</ele></trkpt>
   <trkpt lat="46.059592" lon="11.185471"><ele>978.2</ele></trkpt>
   <trkpt lat="46.059619" lon="11.185394"><ele>976.8</ele></trkpt>
   <trkpt lat="46.059629" lon="11.185324"><ele>976.0</ele></trkpt>
   <trkpt lat="46.059629" lon="11.185324"><ele>975.4</ele></trkpt>
   <trkpt lat="46.059651" lon="11.185230"><ele>973.8</ele></trkpt>
   <trkpt lat="46.059678" lon="11.185164"><ele>972.0</ele></trkpt>
   <trkpt lat="46.059704" lon="11.185094"><ele>970.2</ele></trkpt>
   <trkpt lat="46.059720" lon="11.185079"><ele>968.8</ele></trkpt>
   <trkpt lat="46.059725" lon="11.185079"><ele>968.4</ele></trkpt>
   <trkpt lat="46.059725" lon="11.185091"><ele>967.8</ele></trkpt>
   <trkpt lat="46.059773" lon="11.185110"><ele>966.4</ele></trkpt>
   <trkpt lat="46.059804" lon="11.185135"><ele>965.0</ele></trkpt>
   <trkpt lat="46.059851" lon="11.185152"><ele>963.8</ele></trkpt>
   <trkpt lat="46.059963" lon="11.185148"><ele>962.4</ele></trkpt>
   <trkpt lat="46.059992" lon="11.185146"><ele>961.0</ele></trkpt>
   <trkpt lat="46.060026" lon="11.185140"><ele>959.6</ele></trkpt>
   <trkpt lat="46.060034" lon="11.185148"><ele>959.2</ele></trkpt>
   <trkpt lat="46.060056" lon="11.185173"><ele>958.2</ele></trkpt>
   <trkpt lat="46.060081" lon="11.185187"><ele>956.8</ele></trkpt>
   <trkpt lat="46.060139" lon="11.185186"><ele>955.4</ele></trkpt>
   <trkpt lat="46.060167" lon="11.185189"><ele>954.0</ele></trkpt>
   <trkpt lat="46.060203" lon="11.185194"><ele>952.8</ele></trkpt>
   <trkpt lat="46.060277" lon="11.185207"><ele>950.8</ele></trkpt>
   <trkpt lat="46.060324" lon="11.185227"><ele>949.2</ele></trkpt>
   <trkpt lat="46.060381" lon="11.185252"><ele>947.8</ele></trkpt>
   <trkpt lat="46.060421" lon="11.185258"><ele>946.4</ele></trkpt>
   <trkpt lat="46.060440" lon="11.185274"><ele>944.8</ele></trkpt>
   <trkpt lat="46.060470" lon="11.185310"><ele>943.6</ele></trkpt>
   <trkpt lat="46.060549" lon="11.185362"><ele>942.0</ele></trkpt>
   <trkpt lat="46.060549" lon="11.185362"><ele>941.0</ele></trkpt>
   <trkpt lat="46.060571" lon="11.185390"><ele>940.0</ele></trkpt>
   <trkpt lat="46.060592" lon="11.185393"><ele>939.6</ele></trkpt>
   <trkpt lat="46.060657" lon="11.185401"><ele>938.4</ele></trkpt>
   <trkpt lat="46.060701" lon="11.185419"><ele>936.6</ele></trkpt>
   <trkpt lat="46.060731" lon="11.185445"><ele>935.2</ele></trkpt>
   <trkpt lat="46.060746" lon="11.185455"><ele>934.4</ele></trkpt>
   <trkpt lat="46.060763" lon="11.185465"><ele>933.8</ele></trkpt>
   <trkpt lat="46.060791" lon="11.185497"><ele>932.6</ele></trkpt>
   <trkpt lat="46.060831" lon="11.185513"><ele>931.2</ele></trkpt>
   <trkpt lat="46.060851" lon="11.185521"><ele>930.4</ele></trkpt>
   <trkpt lat="46.060874" lon="11.185536"><ele>929.6</ele></trkpt>
   <trkpt lat="46.060905" lon="11.185552"><ele>928.8</ele></trkpt>
   <trkpt lat="46.060931" lon="11.185560"><ele>928.0</ele></trkpt>
   <trkpt lat="46.060979" lon="11.185586"><ele>926.8</ele></trkpt>
   <trkpt lat="46.061029" lon="11.185663"><ele>925.6</ele></trkpt>
   <trkpt lat="46.061064" lon="11.185707"><ele>925.2</ele></trkpt>
   <trkpt lat="46.061088" lon="11.185715"><ele>924.4</ele></trkpt>
   <trkpt lat="46.061143" lon="11.185701"><ele>922.8</ele></trkpt>
   <trkpt lat="46.061187" lon="11.185657"><ele>921.4</ele></trkpt>
   <trkpt lat="46.061208" lon="11.185599"><ele>920.2</ele></trkpt>
   <trkpt lat="46.061215" lon="11.185569"><ele>919.6</ele></trkpt>
   <trkpt lat="46.061215" lon="11.185543"><ele>919.0</ele></trkpt>
   <trkpt lat="46.061219" lon="11.185496"><ele>917.8</ele></trkpt>
   <trkpt lat="46.061200" lon="11.185448"><ele>916.6</ele></trkpt>
   <trkpt lat="46.061191" lon="11.185380"><ele>915.4</ele></trkpt>
   <trkpt lat="46.061174" lon="11.185305"><ele>914.0</ele></trkpt>
   <trkpt lat="46.061159" lon="11.185240"><ele>912.4</ele></trkpt>
   <trkpt lat="46.061154" lon="11.185184"><ele>910.4</ele></trkpt>
   <trkpt lat="46.061127" lon="11.185143"><ele>909.0</ele></trkpt>
   <trkpt lat="46.061102" lon="11.185101"><ele>907.8</ele></trkpt>
   <trkpt lat="46.061119" lon="11.185111"><ele>907.0</ele></trkpt>
   <trkpt lat="46.061135" lon="11.185122"><ele>906.0</ele></trkpt>
   <trkpt lat="46.061160" lon="11.185135"><ele>905.2</ele></trkpt>
   <trkpt lat="46.061180" lon="11.185148"><ele>904.8</ele></trkpt>
   <trkpt lat="46.061221" lon="11.185195"><ele>903.6</ele></trkpt>
   <trkpt lat="46.061240" lon="11.185239"><ele>902.2</ele></trkpt>
   <trkpt lat="46.061262" lon="11.185285"><ele>901.0</ele></trkpt>
   <trkpt lat="46.061294" lon="11.185299"><ele>899.4</ele></trkpt>
   <trkpt lat="46.061337" lon="11.185311"><ele>898.4</ele></trkpt>
   <trkpt lat="46.061390" lon="11.185318"><ele>897.2</ele></trkpt>
   <trkpt lat="46.061462" lon="11.185330"><ele>895.6</ele></trkpt>
   <trkpt lat="46.061489" lon="11.185332"><ele>894.8</ele></trkpt>
   <trkpt lat="46.061513" lon="11.185328"><ele>893.6</ele></trkpt>
   <trkpt lat="46.061554" lon="11.185314"><ele>892.6</ele></trkpt>
   <trkpt lat="46.061584" lon="11.185278"><ele>890.8</ele></trkpt>
   <trkpt lat="46.061575" lon="11.185226"><ele>889.0</ele></trkpt>
   <trkpt lat="46.061562" lon="11.185177"><ele>887.6</ele></trkpt>
   <trkpt lat="46.061532" lon="11.185126"><ele>886.2</ele></trkpt>
   <trkpt lat="46.061525" lon="11.185103"><ele>885.4</ele></trkpt>
   <trkpt lat="46.061534" lon="11.185079"><ele>884.6</ele></trkpt>
   <trkpt lat="46.061552" lon="11.185059"><ele>883.4</ele></trkpt>
   <trkpt lat="46.061573" lon="11.185058"><ele>882.8</ele></trkpt>
   <trkpt lat="46.061601" lon="11.185058"><ele>881.8</ele></trkpt>
   <trkpt lat="46.061650" lon="11.185055"><ele>880.0</ele></trkpt>
   <trkpt lat="46.061708" lon="11.185042"><ele>878.0</ele></trkpt>
   <trkpt lat="46.061793" lon="11.185027"><ele>876.6</ele></trkpt>
   <trkpt lat="46.061880" lon="11.185016"><ele>875.4</ele></trkpt>
   <trkpt lat="46.061920" lon="11.184984"><ele>874.2</ele></trkpt>
   <trkpt lat="46.061935" lon="11.184981"><ele>873.6</ele></trkpt>
   <trkpt lat="46.061943" lon="11.184985"><ele>872.8</ele></trkpt>
   <trkpt lat="46.061961" lon="11.184990"><ele>871.0</ele></trkpt>
   <trkpt lat="46.061990" lon="11.184995"><ele>870.2</ele></trkpt>
   <trkpt lat="46.062003" lon="11.184982"><ele>869.8</ele></trkpt>
   <trkpt lat="46.062084" lon="11.184998"><ele>868.4</ele></trkpt>
   <trkpt lat="46.062147" lon="11.185000"><ele>867.0</ele></trkpt>
   <trkpt lat="46.062210" lon="11.185008"><ele>865.8</ele></trkpt>
   <trkpt lat="46.062257" lon="11.185028"><ele>864.2</ele></trkpt>
   <trkpt lat="46.062287" lon="11.185073"><ele>862.4</ele></trkpt>
   <trkpt lat="46.062317" lon="11.185115"><ele>861.0</ele></trkpt>
   <trkpt lat="46.062360" lon="11.185145"><ele>859.8</ele></trkpt>
   <trkpt lat="46.062431" lon="11.185146"><ele>858.8</ele></trkpt>
   <trkpt lat="46.062539" lon="11.185121"><ele>857.4</ele></trkpt>
   <trkpt lat="46.062594" lon="11.185093"><ele>856.2</ele></trkpt>
   <trkpt lat="46.062634" lon="11.185083"><ele>855.0</ele></trkpt>
   <trkpt lat="46.062651" lon="11.185090"><ele>854.2</ele></trkpt>
   <trkpt lat="46.062672" lon="11.185105"><ele>853.4</ele></trkpt>
   <trkpt lat="46.062717" lon="11.185130"><ele>851.8</ele></trkpt>
   <trkpt lat="46.062808" lon="11.185153"><ele>850.6</ele></trkpt>
   <trkpt lat="46.062915" lon="11.185112"><ele>849.2</ele></trkpt>
   <trkpt lat="46.062931" lon="11.185087"><ele>848.8</ele></trkpt>
   <trkpt lat="46.062946" lon="11.185013"><ele>847.8</ele></trkpt>
   <trkpt lat="46.062941" lon="11.184870"><ele>846.6</ele></trkpt>
   <trkpt lat="46.062953" lon="11.184699"><ele>845.4</ele></trkpt>
   <trkpt lat="46.063012" lon="11.184578"><ele>844.0</ele></trkpt>
   <trkpt lat="46.063078" lon="11.184558"><ele>843.0</ele></trkpt>
   <trkpt lat="46.063184" lon="11.184568"><ele>841.8</ele></trkpt>
   <trkpt lat="46.063308" lon="11.184655"><ele>840.4</ele></trkpt>
   <trkpt lat="46.063362" lon="11.184699"><ele>838.8</ele></trkpt>
   <trkpt lat="46.063410" lon="11.184734"><ele>837.4</ele></trkpt>
   <trkpt lat="46.063469" lon="11.184773"><ele>836.2</ele></trkpt>
   <trkpt lat="46.063514" lon="11.184830"><ele>835.0</ele></trkpt>
   <trkpt lat="46.063578" lon="11.184863"><ele>833.4</ele></trkpt>
   <trkpt lat="46.063641" lon="11.184847"><ele>832.4</ele></trkpt>
   <trkpt lat="46.063688" lon="11.184798"><ele>831.2</ele></trkpt>
   <trkpt lat="46.063736" lon="11.184737"><ele>829.6</ele></trkpt>
   <trkpt lat="46.063763" lon="11.184712"><ele>828.6</ele></trkpt>
   <trkpt lat="46.063828" lon="11.184671"><ele>827.0</ele></trkpt>
   <trkpt lat="46.063903" lon="11.184618"><ele>825.8</ele></trkpt>
   <trkpt lat="46.064025" lon="11.184516"><ele>824.6</ele></trkpt>
   <trkpt lat="46.064159" lon="11.184473"><ele>823.4</ele></trkpt>
   <trkpt lat="46.064202" lon="11.184479"><ele>821.8</ele></trkpt>
   <trkpt lat="46.064251" lon="11.184489"><ele>820.2</ele></trkpt>
   <trkpt lat="46.064308" lon="11.184494"><ele>819.2</ele></trkpt>
   <trkpt lat="46.064393" lon="11.184507"><ele>818.2</ele></trkpt>
   <trkpt lat="46.064479" lon="11.184491"><ele>817.0</ele></trkpt>
   <trkpt lat="46.064530" lon="11.184496"><ele>815.6</ele></trkpt>
   <trkpt lat="46.064558" lon="11.184497"><ele>814.4</ele></trkpt>
   <trkpt lat="46.064617" lon="11.184487"><ele>813.4</ele></trkpt>
   <trkpt lat="46.064716" lon="11.184488"><ele>812.2</ele></trkpt>
   <trkpt lat="46.064766" lon="11.184516"><ele>810.6</ele></trkpt>
   <trkpt lat="46.064778" lon="11.184528"><ele>809.2</ele></trkpt>
   <trkpt lat="46.064782" lon="11.184548"><ele>808.2</ele></trkpt>
   <trkpt lat="46.064786" lon="11.184566"><ele>807.6</ele></trkpt>
   <trkpt lat="46.064810" lon="11.184605"><ele>806.0</ele></trkpt>
   <trkpt lat="46.064827" lon="11.184618"><ele>805.0</ele></trkpt>
   <trkpt lat="46.064842" lon="11.184627"><ele>804.2</ele></trkpt>
   <trkpt lat="46.064893" lon="11.184642"><ele>802.6</ele></trkpt>
   <trkpt lat="46.064956" lon="11.184654"><ele>801.6</ele></trkpt>
   <trkpt lat="46.065011" lon="11.184653"><ele>799.8</ele></trkpt>
   <trkpt lat="46.065043" lon="11.184652"><ele>798.6</ele></trkpt>
   <trkpt lat="46.065077" lon="11.184644"><ele>797.4</ele></trkpt>
   <trkpt lat="46.065111" lon="11.184642"><ele>796.4</ele></trkpt>
   <trkpt lat="46.065148" lon="11.184640"><ele>794.8</ele></trkpt>
   <trkpt lat="46.065179" lon="11.184652"><ele>793.4</ele></trkpt>
   <trkpt lat="46.065189" lon="11.184661"><ele>792.8</ele></trkpt>
   <trkpt lat="46.065195" lon="11.184679"><ele>792.2</ele></trkpt>
   <trkpt lat="46.065201" lon="11.184696"><ele>791.6</ele></trkpt>
   <trkpt lat="46.065209" lon="11.184719"><ele>791.0</ele></trkpt>
   <trkpt lat="46.065224" lon="11.184761"><ele>790.0</ele></trkpt>
   <trkpt lat="46.065246" lon="11.184793"><ele>788.6</ele></trkpt>
   <trkpt lat="46.065314" lon="11.184814"><ele>787.0</ele></trkpt>
   <trkpt lat="46.065339" lon="11.184820"><ele>786.2</ele></trkpt>
   <trkpt lat="46.065364" lon="11.184830"><ele>785.8</ele></trkpt>
   <trkpt lat="46.065416" lon="11.184851"><ele>785.0</ele></trkpt>
   <trkpt lat="46.065439" lon="11.184870"><ele>784.6</ele></trkpt>
   <trkpt lat="46.065465" lon="11.184879"><ele>784.2</ele></trkpt>
   <trkpt lat="46.065499" lon="11.184894"><ele>783.6</ele></trkpt>
   <trkpt lat="46.065529" lon="11.184967"><ele>782.2</ele></trkpt>
   <trkpt lat="46.065588" lon="11.185069"><ele>781.0</ele></trkpt>
   <trkpt lat="46.065604" lon="11.185124"><ele>779.8</ele></trkpt>
   <trkpt lat="46.065619" lon="11.185150"><ele>779.2</ele></trkpt>
   <trkpt lat="46.065652" lon="11.185163"><ele>778.8</ele></trkpt>
   <trkpt lat="46.065737" lon="11.185155"><ele>777.6</ele></trkpt>
   <trkpt lat="46.065914" lon="11.185057"><ele>777.6</ele></trkpt>
   <trkpt lat="46.066119" lon="11.184998"><ele>776.6</ele></trkpt>
   <trkpt lat="46.066309" lon="11.184908"><ele>778.2</ele></trkpt>
   <trkpt lat="46.066341" lon="11.184873"><ele>778.8</ele></trkpt>
   <trkpt lat="46.066491" lon="11.184720"><ele>779.6</ele></trkpt>
   <trkpt lat="46.066561" lon="11.184711"><ele>778.8</ele></trkpt>
   <trkpt lat="46.066571" lon="11.184675"><ele>777.6</ele></trkpt>
   <trkpt lat="46.066549" lon="11.184633"><ele>776.4</ele></trkpt>
   <trkpt lat="46.066521" lon="11.184529"><ele>775.4</ele></trkpt>
   <trkpt lat="46.066510" lon="11.184510"><ele>775.0</ele></trkpt>
   <trkpt lat="46.066506" lon="11.184495"><ele>773.8</ele></trkpt>
   <trkpt lat="46.066504" lon="11.184492"><ele>773.4</ele></trkpt>
   <trkpt lat="46.066529" lon="11.184489"><ele>772.6</ele></trkpt>
   <trkpt lat="46.066546" lon="11.184474"><ele>772.0</ele></trkpt>
   <trkpt lat="46.066557" lon="11.184454"><ele>771.0</ele></trkpt>
   <trkpt lat="46.066567" lon="11.184444"><ele>770.0</ele></trkpt>
   <trkpt lat="46.066581" lon="11.184439"><ele>769.0</ele></trkpt>
   <trkpt lat="46.066606" lon="11.184462"><ele>767.2</ele></trkpt>
   <trkpt lat="46.066646" lon="11.184492"><ele>765.8</ele></trkpt>
   <trkpt lat="46.066682" lon="11.184522"><ele>764.8</ele></trkpt>
   <trkpt lat="46.066724" lon="11.184551"><ele>763.6</ele></trkpt>
   <trkpt lat="46.066759" lon="11.184571"><ele>763.0</ele></trkpt>
   <trkpt lat="46.066768" lon="11.184588"><ele>762.4</ele></trkpt>
   <trkpt lat="46.066804" lon="11.184620"><ele>761.4</ele></trkpt>
   <trkpt lat="46.066831" lon="11.184678"><ele>760.4</ele></trkpt>
   <trkpt lat="46.066919" lon="11.184725"><ele>759.2</ele></trkpt>
   <trkpt lat="46.066944" lon="11.184714"><ele>758.8</ele></trkpt>
   <trkpt lat="46.066962" lon="11.184700"><ele>758.0</ele></trkpt>
   <trkpt lat="46.066987" lon="11.184668"><ele>756.4</ele></trkpt>
   <trkpt lat="46.066994" lon="11.184668"><ele>755.4</ele></trkpt>
   <trkpt lat="46.067006" lon="11.184677"><ele>754.6</ele></trkpt>
   <trkpt lat="46.067029" lon="11.184700"><ele>752.6</ele></trkpt>
   <trkpt lat="46.067050" lon="11.184704"><ele>751.8</ele></trkpt>
   <trkpt lat="46.067064" lon="11.184701"><ele>751.2</ele></trkpt>
   <trkpt lat="46.067095" lon="11.184700"><ele>750.4</ele></trkpt>
   <trkpt lat="46.067125" lon="11.184696"><ele>749.4</ele></trkpt>
   <trkpt lat="46.067153" lon="11.184701"><ele>748.6</ele></trkpt>
   <trkpt lat="46.067175" lon="11.184701"><ele>747.8</ele></trkpt>
   <trkpt lat="46.067236" lon="11.184722"><ele>745.6</ele></trkpt>
   <trkpt lat="46.067255" lon="11.184735"><ele>744.6</ele></trkpt>
   <trkpt lat="46.067286" lon="11.184748"><ele>743.2</ele></trkpt>
   <trkpt lat="46.067299" lon="11.184841"><ele>741.8</ele></trkpt>
   <trkpt lat="46.067313" lon="11.184863"><ele>741.2</ele></trkpt>
   <trkpt lat="46.067328" lon="11.184875"><ele>740.6</ele></trkpt>
   <trkpt lat="46.067390" lon="11.184814"><ele>739.6</ele></trkpt>
   <trkpt lat="46.067430" lon="11.184756"><ele>738.4</ele></trkpt>
  </trkseg>
 </trk>
</gpx>
