<?xml version="1.0" encoding="UTF-8"?>
<gpx version="1.1" creator="Muflones Trail Running Club" xmlns="http://www.topografix.com/GPX/1/1">
 <metadata>
  <name>Dolomiti Extreme Trail 2026 - DXT 103K</name>
  <desc>Parcours créé sur Trace de Trail</desc>
  <link href="https://muflones.github.io"><text>Muflones Trail Running Club</text></link>
 </metadata>
 <trk><name>Dolomiti Extreme Trail 2026 - DXT 103K</name>
  <trkseg>
   <trkpt lat="46.345930" lon="12.177050"><ele>841.0</ele></trkpt>
   <trkpt lat="46.345930" lon="12.177420"><ele>840.0</ele></trkpt>
   <trkpt lat="46.345940" lon="12.177860"><ele>839.0</ele></trkpt>
   <trkpt lat="46.345980" lon="12.178220"><ele>839.0</ele></trkpt>
   <trkpt lat="46.346040" lon="12.178670"><ele>838.0</ele></trkpt>
   <trkpt lat="46.346130" lon="12.179110"><ele>838.0</ele></trkpt>
   <trkpt lat="46.346200" lon="12.179500"><ele>838.0</ele></trkpt>
   <trkpt lat="46.346300" lon="12.180060"><ele>838.0</ele></trkpt>
   <trkpt lat="46.346350" lon="12.180390"><ele>836.0</ele></trkpt>
   <trkpt lat="46.346400" lon="12.180730"><ele>836.0</ele></trkpt>
   <trkpt lat="46.346400" lon="12.180900"><ele>836.0</ele></trkpt>
   <trkpt lat="46.346350" lon="12.181110"><ele>837.0</ele></trkpt>
   <trkpt lat="46.346190" lon="12.181360"><ele>838.0</ele></trkpt>
   <trkpt lat="46.346020" lon="12.181610"><ele>839.0</ele></trkpt>
   <trkpt lat="46.345790" lon="12.181880"><ele>841.0</ele></trkpt>
   <trkpt lat="46.345590" lon="12.182110"><ele>843.0</ele></trkpt>
   <trkpt lat="46.345370" lon="12.182370"><ele>843.0</ele></trkpt>
   <trkpt lat="46.345120" lon="12.182650"><ele>843.0</ele></trkpt>
   <trkpt lat="46.344870" lon="12.182930"><ele>842.0</ele></trkpt>
   <trkpt lat="46.344600" lon="12.183230"><ele>838.0</ele></trkpt>
   <trkpt lat="46.344540" lon="12.183340"><ele>837.0</ele></trkpt>
   <trkpt lat="46.344520" lon="12.183450"><ele>836.0</ele></trkpt>
   <trkpt lat="46.344520" lon="12.183630"><ele>835.0</ele></trkpt>
   <trkpt lat="46.344580" lon="12.183800"><ele>834.0</ele></trkpt>
   <trkpt lat="46.344670" lon="12.184010"><ele>834.0</ele></trkpt>
   <trkpt lat="46.344770" lon="12.184240"><ele>834.0</ele></trkpt>
   <trkpt lat="46.344850" lon="12.184450"><ele>834.0</ele></trkpt>
   <trkpt lat="46.344950" lon="12.184690"><ele>833.0</ele></trkpt>
   <trkpt lat="46.345140" lon="12.185130"><ele>830.0</ele></trkpt>
   <trkpt lat="46.345320" lon="12.185570"><ele>830.0</ele></trkpt>
   <trkpt lat="46.345450" lon="12.185880"><ele>829.0</ele></trkpt>
   <trkpt lat="46.345610" lon="12.186250"><ele>828.0</ele></trkpt>
   <trkpt lat="46.345670" lon="12.186510"><ele>826.0</ele></trkpt>
   <trkpt lat="46.345720" lon="12.186890"><ele>826.0</ele></trkpt>
   <trkpt lat="46.345720" lon="12.187290"><ele>825.0</ele></trkpt>
   <trkpt lat="46.345670" lon="12.187780"><ele>825.0</ele></trkpt>
   <trkpt lat="46.345630" lon="12.188280"><ele>825.0</ele></trkpt>
   <trkpt lat="46.345600" lon="12.188660"><ele>825.0</ele></trkpt>
   <trkpt lat="46.345550" lon="12.189150"><ele>825.0</ele></trkpt>
   <trkpt lat="46.345540" lon="12.189560"><ele>825.0</ele></trkpt>
   <trkpt lat="46.345590" lon="12.190180"><ele>825.0</ele></trkpt>
   <trkpt lat="46.345780" lon="12.190460"><ele>826.0</ele></trkpt>
   <trkpt lat="46.345690" lon="12.190480"><ele>826.0</ele></trkpt>
   <trkpt lat="46.345640" lon="12.190590"><ele>827.0</ele></trkpt>
   <trkpt lat="46.345660" lon="12.190820"><ele>827.0</ele></trkpt>
   <trkpt lat="46.345690" lon="12.191090"><ele>827.0</ele></trkpt>
   <trkpt lat="46.345750" lon="12.191580"><ele>821.0</ele></trkpt>
   <trkpt lat="46.345790" lon="12.191980"><ele>820.0</ele></trkpt>
   <trkpt lat="46.345850" lon="12.192570"><ele>818.0</ele></trkpt>
   <trkpt lat="46.345870" lon="12.192890"><ele>817.0</ele></trkpt>
   <trkpt lat="46.345860" lon="12.193130"><ele>816.0</ele></trkpt>
   <trkpt lat="46.345810" lon="12.193380"><ele>816.0</ele></trkpt>
   <trkpt lat="46.345740" lon="12.193690"><ele>814.0</ele></trkpt>
   <trkpt lat="46.345630" lon="12.194030"><ele>813.0</ele></trkpt>
   <trkpt lat="46.345490" lon="12.194460"><ele>812.0</ele></trkpt>
   <trkpt lat="46.345350" lon="12.194770"><ele>811.0</ele></trkpt>
   <trkpt lat="46.345170" lon="12.195150"><ele>809.0</ele></trkpt>
   <trkpt lat="46.344950" lon="12.195550"><ele>809.0</ele></trkpt>
   <trkpt lat="46.344740" lon="12.195950"><ele>809.0</ele></trkpt>
   <trkpt lat="46.344560" lon="12.196280"><ele>809.0</ele></trkpt>
   <trkpt lat="46.344420" lon="12.196550"><ele>809.0</ele></trkpt>
   <trkpt lat="46.344270" lon="12.196820"><ele>807.0</ele></trkpt>
   <trkpt lat="46.344060" lon="12.197260"><ele>806.0</ele></trkpt>
   <trkpt lat="46.343910" lon="12.197540"><ele>806.0</ele></trkpt>
   <trkpt lat="46.343740" lon="12.197840"><ele>805.0</ele></trkpt>
   <trkpt lat="46.343550" lon="12.198110"><ele>805.0</ele></trkpt>
   <trkpt lat="46.343330" lon="12.198380"><ele>805.0</ele></trkpt>
   <trkpt lat="46.343150" lon="12.198600"><ele>805.0</ele></trkpt>
   <trkpt lat="46.342960" lon="12.198830"><ele>805.0</ele></trkpt>
   <trkpt lat="46.342890" lon="12.199010"><ele>806.0</ele></trkpt>
   <trkpt lat="46.342840" lon="12.199330"><ele>806.0</ele></trkpt>
   <trkpt lat="46.342840" lon="12.199950"><ele>813.0</ele></trkpt>
   <trkpt lat="46.342730" lon="12.200360"><ele>835.0</ele></trkpt>
   <trkpt lat="46.342640" lon="12.200700"><ele>866.0</ele></trkpt>
   <trkpt lat="46.342540" lon="12.201100"><ele>879.0</ele></trkpt>
   <trkpt lat="46.342410" lon="12.201560"><ele>889.0</ele></trkpt>
   <trkpt lat="46.342290" lon="12.202020"><ele>896.0</ele></trkpt>
   <trkpt lat="46.342190" lon="12.202370"><ele>903.0</ele></trkpt>
   <trkpt lat="46.342070" lon="12.202810"><ele>921.0</ele></trkpt>
   <trkpt lat="46.341960" lon="12.203220"><ele>924.0</ele></trkpt>
   <trkpt lat="46.341870" lon="12.203560"><ele>915.0</ele></trkpt>
   <trkpt lat="46.341770" lon="12.203960"><ele>906.0</ele></trkpt>
   <trkpt lat="46.341610" lon="12.204530"><ele>883.0</ele></trkpt>
   <trkpt lat="46.341480" lon="12.205020"><ele>861.0</ele></trkpt>
   <trkpt lat="46.341350" lon="12.205500"><ele>832.0</ele></trkpt>
   <trkpt lat="46.341220" lon="12.205990"><ele>818.0</ele></trkpt>
   <trkpt lat="46.341140" lon="12.206320"><ele>814.0</ele></trkpt>
   <trkpt lat="46.341040" lon="12.206680"><ele>810.0</ele></trkpt>
   <trkpt lat="46.340960" lon="12.206620"><ele>811.0</ele></trkpt>
   <trkpt lat="46.340900" lon="12.206480"><ele>810.0</ele></trkpt>
   <trkpt lat="46.340880" lon="12.206130"><ele>810.0</ele></trkpt>
   <trkpt lat="46.340850" lon="12.205770"><ele>810.0</ele></trkpt>
   <trkpt lat="46.340810" lon="12.205600"><ele>812.0</ele></trkpt>
   <trkpt lat="46.340600" lon="12.205430"><ele>810.0</ele></trkpt>
   <trkpt lat="46.340210" lon="12.205170"><ele>810.0</ele></trkpt>
   <trkpt lat="46.340110" lon="12.205120"><ele>811.0</ele></trkpt>
   <trkpt lat="46.340040" lon="12.204960"><ele>811.0</ele></trkpt>
   <trkpt lat="46.339890" lon="12.204730"><ele>813.0</ele></trkpt>
   <trkpt lat="46.339830" lon="12.204590"><ele>813.0</ele></trkpt>
   <trkpt lat="46.339730" lon="12.204170"><ele>813.0</ele></trkpt>
   <trkpt lat="46.339710" lon="12.203870"><ele>813.0</ele></trkpt>
   <trkpt lat="46.339730" lon="12.203400"><ele>814.0</ele></trkpt>
   <trkpt lat="46.339800" lon="12.203000"><ele>814.0</ele></trkpt>
   <trkpt lat="46.339920" lon="12.202370"><ele>813.0</ele></trkpt>
   <trkpt lat="46.339970" lon="12.202260"><ele>814.0</ele></trkpt>
   <trkpt lat="46.340180" lon="12.202070"><ele>812.0</ele></trkpt>
   <trkpt lat="46.340350" lon="12.201720"><ele>812.0</ele></trkpt>
   <trkpt lat="46.340490" lon="12.201430"><ele>811.0</ele></trkpt>
   <trkpt lat="46.340650" lon="12.201110"><ele>811.0</ele></trkpt>
   <trkpt lat="46.340430" lon="12.200860"><ele>825.0</ele></trkpt>
   <trkpt lat="46.340410" lon="12.200820"><ele>825.0</ele></trkpt>
   <trkpt lat="46.340430" lon="12.200690"><ele>831.0</ele></trkpt>
   <trkpt lat="46.340480" lon="12.200570"><ele>830.0</ele></trkpt>
   <trkpt lat="46.340700" lon="12.200330"><ele>835.0</ele></trkpt>
   <trkpt lat="46.340780" lon="12.200180"><ele>834.0</ele></trkpt>
   <trkpt lat="46.340850" lon="12.199970"><ele>837.0</ele></trkpt>
   <trkpt lat="46.341030" lon="12.199720"><ele>841.0</ele></trkpt>
   <trkpt lat="46.341070" lon="12.199590"><ele>845.0</ele></trkpt>
   <trkpt lat="46.341010" lon="12.199250"><ele>849.0</ele></trkpt>
   <trkpt lat="46.340930" lon="12.198740"><ele>858.0</ele></trkpt>
   <trkpt lat="46.340890" lon="12.198660"><ele>862.0</ele></trkpt>
   <trkpt lat="46.340710" lon="12.198560"><ele>867.0</ele></trkpt>
   <trkpt lat="46.340730" lon="12.198130"><ele>877.0</ele></trkpt>
   <trkpt lat="46.340920" lon="12.197900"><ele>879.0</ele></trkpt>
   <trkpt lat="46.340950" lon="12.197800"><ele>882.0</ele></trkpt>
   <trkpt lat="46.340940" lon="12.197720"><ele>882.0</ele></trkpt>
   <trkpt lat="46.340890" lon="12.197660"><ele>886.0</ele></trkpt>
   <trkpt lat="46.340650" lon="12.197440"><ele>893.0</ele></trkpt>
   <trkpt lat="46.340550" lon="12.197440"><ele>895.0</ele></trkpt>
   <trkpt lat="46.340410" lon="12.197490"><ele>897.0</ele></trkpt>
   <trkpt lat="46.340110" lon="12.197370"><ele>908.0</ele></trkpt>
   <trkpt lat="46.340100" lon="12.197330"><ele>912.0</ele></trkpt>
   <trkpt lat="46.339910" lon="12.197430"><ele>913.0</ele></trkpt>
   <trkpt lat="46.339620" lon="12.197510"><ele>921.0</ele></trkpt>
   <trkpt lat="46.339530" lon="12.197620"><ele>923.0</ele></trkpt>
   <trkpt lat="46.339290" lon="12.197670"><ele>934.0</ele></trkpt>
   <trkpt lat="46.339260" lon="12.197730"><ele>932.0</ele></trkpt>
   <trkpt lat="46.339100" lon="12.197830"><ele>938.0</ele></trkpt>
   <trkpt lat="46.338720" lon="12.198190"><ele>946.0</ele></trkpt>
   <trkpt lat="46.338530" lon="12.198200"><ele>957.0</ele></trkpt>
   <trkpt lat="46.338340" lon="12.198410"><ele>959.0</ele></trkpt>
   <trkpt lat="46.338130" lon="12.198650"><ele>963.0</ele></trkpt>
   <trkpt lat="46.337900" lon="12.198890"><ele>965.0</ele></trkpt>
   <trkpt lat="46.337650" lon="12.199260"><ele>968.0</ele></trkpt>
   <trkpt lat="46.337500" lon="12.199370"><ele>972.0</ele></trkpt>
   <trkpt lat="46.337350" lon="12.199530"><ele>968.0</ele></trkpt>
   <trkpt lat="46.337160" lon="12.199730"><ele>970.0</ele></trkpt>
   <trkpt lat="46.336920" lon="12.199880"><ele>973.0</ele></trkpt>
   <trkpt lat="46.336600" lon="12.200070"><ele>973.0</ele></trkpt>
   <trkpt lat="46.336370" lon="12.200170"><ele>973.0</ele></trkpt>
   <trkpt lat="46.336220" lon="12.200140"><ele>972.0</ele></trkpt>
   <trkpt lat="46.336060" lon="12.200210"><ele>973.0</ele></trkpt>
   <trkpt lat="46.335940" lon="12.200320"><ele>973.0</ele></trkpt>
   <trkpt lat="46.335890" lon="12.200570"><ele>973.0</ele></trkpt>
   <trkpt lat="46.336080" lon="12.200840"><ele>973.0</ele></trkpt>
   <trkpt lat="46.336200" lon="12.200920"><ele>971.0</ele></trkpt>
   <trkpt lat="46.336310" lon="12.201080"><ele>977.0</ele></trkpt>
   <trkpt lat="46.336300" lon="12.201250"><ele>974.0</ele></trkpt>
   <trkpt lat="46.336250" lon="12.201500"><ele>981.0</ele></trkpt>
   <trkpt lat="46.336190" lon="12.201760"><ele>998.0</ele></trkpt>
   <trkpt lat="46.336260" lon="12.202070"><ele>1003.0</ele></trkpt>
   <trkpt lat="46.336390" lon="12.202450"><ele>1002.0</ele></trkpt>
   <trkpt lat="46.336550" lon="12.202530"><ele>1002.0</ele></trkpt>
   <trkpt lat="46.336640" lon="12.202730"><ele>1002.0</ele></trkpt>
   <trkpt lat="46.336700" lon="12.202990"><ele>1008.0</ele></trkpt>
   <trkpt lat="46.336650" lon="12.203310"><ele>1015.0</ele></trkpt>
   <trkpt lat="46.336660" lon="12.203390"><ele>1015.0</ele></trkpt>
   <trkpt lat="46.336570" lon="12.203690"><ele>1025.0</ele></trkpt>
   <trkpt lat="46.336570" lon="12.203840"><ele>1026.0</ele></trkpt>
   <trkpt lat="46.336430" lon="12.204150"><ele>1030.0</ele></trkpt>
   <trkpt lat="46.336440" lon="12.204220"><ele>1029.0</ele></trkpt>
   <trkpt lat="46.336380" lon="12.204540"><ele>1033.0</ele></trkpt>
   <trkpt lat="46.336330" lon="12.204670"><ele>1031.0</ele></trkpt>
   <trkpt lat="46.336340" lon="12.204760"><ele>1029.0</ele></trkpt>
   <trkpt lat="46.336290" lon="12.204880"><ele>1032.0</ele></trkpt>
   <trkpt lat="46.336200" lon="12.204970"><ele>1041.0</ele></trkpt>
   <trkpt lat="46.336160" lon="12.205350"><ele>1032.0</ele></trkpt>
   <trkpt lat="46.336100" lon="12.205560"><ele>1035.0</ele></trkpt>
   <trkpt lat="46.336090" lon="12.205800"><ele>1034.0</ele></trkpt>
   <trkpt lat="46.336080" lon="12.206050"><ele>1028.0</ele></trkpt>
   <trkpt lat="46.335960" lon="12.206340"><ele>1037.0</ele></trkpt>
   <trkpt lat="46.335840" lon="12.206440"><ele>1045.0</ele></trkpt>
   <trkpt lat="46.335870" lon="12.206570"><ele>1038.0</ele></trkpt>
   <trkpt lat="46.335820" lon="12.206730"><ele>1048.0</ele></trkpt>
   <trkpt lat="46.335910" lon="12.206770"><ele>1040.0</ele></trkpt>
   <trkpt lat="46.335990" lon="12.206850"><ele>1041.0</ele></trkpt>
   <trkpt lat="46.336000" lon="12.206920"><ele>1043.0</ele></trkpt>
   <trkpt lat="46.335970" lon="12.207040"><ele>1044.0</ele></trkpt>
   <trkpt lat="46.335920" lon="12.207080"><ele>1044.0</ele></trkpt>
   <trkpt lat="46.335920" lon="12.207160"><ele>1045.0</ele></trkpt>
   <trkpt lat="46.335870" lon="12.207220"><ele>1054.0</ele></trkpt>
   <trkpt lat="46.335820" lon="12.207390"><ele>1056.0</ele></trkpt>
   <trkpt lat="46.335840" lon="12.207440"><ele>1057.0</ele></trkpt>
   <trkpt lat="46.335820" lon="12.207790"><ele>1062.0</ele></trkpt>
   <trkpt lat="46.335790" lon="12.208230"><ele>1068.0</ele></trkpt>
   <trkpt lat="46.335820" lon="12.208420"><ele>1071.0</ele></trkpt>
   <trkpt lat="46.335810" lon="12.208810"><ele>1074.0</ele></trkpt>
   <trkpt lat="46.335760" lon="12.209220"><ele>1082.0</ele></trkpt>
   <trkpt lat="46.335710" lon="12.209560"><ele>1083.0</ele></trkpt>
   <trkpt lat="46.335670" lon="12.209910"><ele>1090.0</ele></trkpt>
   <trkpt lat="46.335610" lon="12.209970"><ele>1090.0</ele></trkpt>
   <trkpt lat="46.335540" lon="12.210230"><ele>1098.0</ele></trkpt>
   <trkpt lat="46.335570" lon="12.210340"><ele>1098.0</ele></trkpt>
   <trkpt lat="46.335500" lon="12.210720"><ele>1106.0</ele></trkpt>
   <trkpt lat="46.335500" lon="12.211300"><ele>1108.0</ele></trkpt>
   <trkpt lat="46.335520" lon="12.211470"><ele>1101.0</ele></trkpt>
   <trkpt lat="46.335440" lon="12.211570"><ele>1109.0</ele></trkpt>
   <trkpt lat="46.335390" lon="12.211770"><ele>1116.0</ele></trkpt>
   <trkpt lat="46.335380" lon="12.211950"><ele>1116.0</ele></trkpt>
   <trkpt lat="46.335310" lon="12.212370"><ele>1116.0</ele></trkpt>
   <trkpt lat="46.335250" lon="12.212710"><ele>1122.0</ele></trkpt>
   <trkpt lat="46.335180" lon="12.213110"><ele>1125.0</ele></trkpt>
   <trkpt lat="46.335020" lon="12.213430"><ele>1130.0</ele></trkpt>
   <trkpt lat="46.334920" lon="12.213720"><ele>1135.0</ele></trkpt>
   <trkpt lat="46.334810" lon="12.213870"><ele>1142.0</ele></trkpt>
   <trkpt lat="46.334800" lon="12.214000"><ele>1150.0</ele></trkpt>
   <trkpt lat="46.334750" lon="12.214110"><ele>1147.0</ele></trkpt>
   <trkpt lat="46.334640" lon="12.214180"><ele>1151.0</ele></trkpt>
   <trkpt lat="46.334550" lon="12.214360"><ele>1160.0</ele></trkpt>
   <trkpt lat="46.334520" lon="12.214610"><ele>1151.0</ele></trkpt>
   <trkpt lat="46.334470" lon="12.214710"><ele>1158.0</ele></trkpt>
   <trkpt lat="46.334430" lon="12.214910"><ele>1152.0</ele></trkpt>
   <trkpt lat="46.334360" lon="12.215020"><ele>1156.0</ele></trkpt>
   <trkpt lat="46.334290" lon="12.215220"><ele>1156.0</ele></trkpt>
   <trkpt lat="46.334180" lon="12.215380"><ele>1160.0</ele></trkpt>
   <trkpt lat="46.334100" lon="12.215410"><ele>1159.0</ele></trkpt>
   <trkpt lat="46.334010" lon="12.215570"><ele>1160.0</ele></trkpt>
   <trkpt lat="46.333940" lon="12.215610"><ele>1163.0</ele></trkpt>
   <trkpt lat="46.333800" lon="12.215610"><ele>1178.0</ele></trkpt>
   <trkpt lat="46.333610" lon="12.215690"><ele>1169.0</ele></trkpt>
   <trkpt lat="46.333560" lon="12.215800"><ele>1189.0</ele></trkpt>
   <trkpt lat="46.333580" lon="12.216060"><ele>1176.0</ele></trkpt>
   <trkpt lat="46.333520" lon="12.216240"><ele>1170.0</ele></trkpt>
   <trkpt lat="46.333360" lon="12.216280"><ele>1186.0</ele></trkpt>
   <trkpt lat="46.333350" lon="12.216350"><ele>1183.0</ele></trkpt>
   <trkpt lat="46.333150" lon="12.216570"><ele>1189.0</ele></trkpt>
   <trkpt lat="46.333150" lon="12.216770"><ele>1189.0</ele></trkpt>
   <trkpt lat="46.333100" lon="12.216920"><ele>1193.0</ele></trkpt>
   <trkpt lat="46.332860" lon="12.217070"><ele>1200.0</ele></trkpt>
   <trkpt lat="46.332840" lon="12.217110"><ele>1208.0</ele></trkpt>
   <trkpt lat="46.332850" lon="12.217180"><ele>1208.0</ele></trkpt>
   <trkpt lat="46.332780" lon="12.217240"><ele>1215.0</ele></trkpt>
   <trkpt lat="46.332830" lon="12.217300"><ele>1207.0</ele></trkpt>
   <trkpt lat="46.332780" lon="12.217370"><ele>1214.0</ele></trkpt>
   <trkpt lat="46.332730" lon="12.217390"><ele>1214.0</ele></trkpt>
   <trkpt lat="46.332620" lon="12.217340"><ele>1221.0</ele></trkpt>
   <trkpt lat="46.332600" lon="12.217380"><ele>1228.0</ele></trkpt>
   <trkpt lat="46.332530" lon="12.217330"><ele>1228.0</ele></trkpt>
   <trkpt lat="46.332390" lon="12.217360"><ele>1242.0</ele></trkpt>
   <trkpt lat="46.332370" lon="12.217480"><ele>1240.0</ele></trkpt>
   <trkpt lat="46.332300" lon="12.217490"><ele>1247.0</ele></trkpt>
   <trkpt lat="46.332250" lon="12.217460"><ele>1247.0</ele></trkpt>
   <trkpt lat="46.332070" lon="12.217500"><ele>1258.0</ele></trkpt>
   <trkpt lat="46.331890" lon="12.217390"><ele>1268.0</ele></trkpt>
   <trkpt lat="46.331640" lon="12.217340"><ele>1274.0</ele></trkpt>
   <trkpt lat="46.331360" lon="12.217370"><ele>1284.0</ele></trkpt>
   <trkpt lat="46.331070" lon="12.217550"><ele>1290.0</ele></trkpt>
   <trkpt lat="46.330820" lon="12.217710"><ele>1290.0</ele></trkpt>
   <trkpt lat="46.330460" lon="12.217950"><ele>1292.0</ele></trkpt>
   <trkpt lat="46.330100" lon="12.218220"><ele>1290.0</ele></trkpt>
   <trkpt lat="46.329940" lon="12.218410"><ele>1288.0</ele></trkpt>
   <trkpt lat="46.329680" lon="12.218610"><ele>1276.0</ele></trkpt>
   <trkpt lat="46.329540" lon="12.218640"><ele>1274.0</ele></trkpt>
   <trkpt lat="46.329290" lon="12.218520"><ele>1275.0</ele></trkpt>
   <trkpt lat="46.328930" lon="12.218520"><ele>1278.0</ele></trkpt>
   <trkpt lat="46.328770" lon="12.218360"><ele>1281.0</ele></trkpt>
   <trkpt lat="46.328500" lon="12.218180"><ele>1290.0</ele></trkpt>
   <trkpt lat="46.328450" lon="12.218190"><ele>1290.0</ele></trkpt>
   <trkpt lat="46.328210" lon="12.218010"><ele>1296.0</ele></trkpt>
   <trkpt lat="46.328130" lon="12.217860"><ele>1303.0</ele></trkpt>
   <trkpt lat="46.328090" lon="12.217670"><ele>1308.0</ele></trkpt>
   <trkpt lat="46.328000" lon="12.217590"><ele>1312.0</ele></trkpt>
   <trkpt lat="46.327870" lon="12.217550"><ele>1315.0</ele></trkpt>
   <trkpt lat="46.327670" lon="12.217380"><ele>1316.0</ele></trkpt>
   <trkpt lat="46.327650" lon="12.217400"><ele>1324.0</ele></trkpt>
   <trkpt lat="46.327640" lon="12.217450"><ele>1322.0</ele></trkpt>
   <trkpt lat="46.327680" lon="12.217520"><ele>1319.0</ele></trkpt>
   <trkpt lat="46.327690" lon="12.217630"><ele>1314.0</ele></trkpt>
   <trkpt lat="46.327630" lon="12.217730"><ele>1315.0</ele></trkpt>
   <trkpt lat="46.327600" lon="12.218010"><ele>1313.0</ele></trkpt>
   <trkpt lat="46.327440" lon="12.218310"><ele>1313.0</ele></trkpt>
   <trkpt lat="46.327430" lon="12.218530"><ele>1305.0</ele></trkpt>
   <trkpt lat="46.327450" lon="12.218660"><ele>1311.0</ele></trkpt>
   <trkpt lat="46.327500" lon="12.218740"><ele>1303.0</ele></trkpt>
   <trkpt lat="46.327510" lon="12.218900"><ele>1290.0</ele></trkpt>
   <trkpt lat="46.327390" lon="12.219060"><ele>1315.0</ele></trkpt>
   <trkpt lat="46.327150" lon="12.219210"><ele>1315.0</ele></trkpt>
   <trkpt lat="46.327130" lon="12.219280"><ele>1319.0</ele></trkpt>
   <trkpt lat="46.327200" lon="12.219410"><ele>1315.0</ele></trkpt>
   <trkpt lat="46.327170" lon="12.219420"><ele>1315.0</ele></trkpt>
   <trkpt lat="46.327060" lon="12.219770"><ele>1312.0</ele></trkpt>
   <trkpt lat="46.326840" lon="12.219930"><ele>1308.0</ele></trkpt>
   <trkpt lat="46.326390" lon="12.219880"><ele>1308.0</ele></trkpt>
   <trkpt lat="46.326190" lon="12.219940"><ele>1306.0</ele></trkpt>
   <trkpt lat="46.325850" lon="12.219860"><ele>1305.0</ele></trkpt>
   <trkpt lat="46.325640" lon="12.219720"><ele>1304.0</ele></trkpt>
   <trkpt lat="46.325390" lon="12.219750"><ele>1296.0</ele></trkpt>
   <trkpt lat="46.325300" lon="12.219810"><ele>1288.0</ele></trkpt>
   <trkpt lat="46.325130" lon="12.219690"><ele>1294.0</ele></trkpt>
   <trkpt lat="46.324940" lon="12.219570"><ele>1291.0</ele></trkpt>
   <trkpt lat="46.324600" lon="12.219250"><ele>1287.0</ele></trkpt>
   <trkpt lat="46.324310" lon="12.219190"><ele>1285.0</ele></trkpt>
   <trkpt lat="46.324090" lon="12.219300"><ele>1279.0</ele></trkpt>
   <trkpt lat="46.323820" lon="12.219170"><ele>1274.0</ele></trkpt>
   <trkpt lat="46.323580" lon="12.218900"><ele>1261.0</ele></trkpt>
   <trkpt lat="46.323430" lon="12.218780"><ele>1256.0</ele></trkpt>
   <trkpt lat="46.323330" lon="12.218660"><ele>1252.0</ele></trkpt>
   <trkpt lat="46.323280" lon="12.218540"><ele>1249.0</ele></trkpt>
   <trkpt lat="46.323130" lon="12.218410"><ele>1245.0</ele></trkpt>
   <trkpt lat="46.322920" lon="12.218300"><ele>1235.0</ele></trkpt>
   <trkpt lat="46.322880" lon="12.218170"><ele>1230.0</ele></trkpt>
   <trkpt lat="46.322770" lon="12.217980"><ele>1224.0</ele></trkpt>
   <trkpt lat="46.322540" lon="12.217710"><ele>1219.0</ele></trkpt>
   <trkpt lat="46.322520" lon="12.217340"><ele>1214.0</ele></trkpt>
   <trkpt lat="46.322430" lon="12.217070"><ele>1215.0</ele></trkpt>
   <trkpt lat="46.322440" lon="12.216770"><ele>1217.0</ele></trkpt>
   <trkpt lat="46.322340" lon="12.216470"><ele>1219.0</ele></trkpt>
   <trkpt lat="46.322220" lon="12.216150"><ele>1209.0</ele></trkpt>
   <trkpt lat="46.321880" lon="12.216380"><ele>1200.0</ele></trkpt>
   <trkpt lat="46.321600" lon="12.216170"><ele>1200.0</ele></trkpt>
   <trkpt lat="46.321510" lon="12.215800"><ele>1223.0</ele></trkpt>
   <trkpt lat="46.321300" lon="12.215460"><ele>1233.0</ele></trkpt>
   <trkpt lat="46.321050" lon="12.215280"><ele>1234.0</ele></trkpt>
   <trkpt lat="46.320820" lon="12.215370"><ele>1226.0</ele></trkpt>
   <trkpt lat="46.320430" lon="12.215020"><ele>1219.0</ele></trkpt>
   <trkpt lat="46.320150" lon="12.214550"><ele>1215.0</ele></trkpt>
   <trkpt lat="46.320130" lon="12.214170"><ele>1216.0</ele></trkpt>
   <trkpt lat="46.320100" lon="12.213700"><ele>1215.0</ele></trkpt>
   <trkpt lat="46.319890" lon="12.213420"><ele>1218.0</ele></trkpt>
   <trkpt lat="46.319550" lon="12.212970"><ele>1216.0</ele></trkpt>
   <trkpt lat="46.319350" lon="12.212950"><ele>1216.0</ele></trkpt>
   <trkpt lat="46.319240" lon="12.212830"><ele>1221.0</ele></trkpt>
   <trkpt lat="46.319010" lon="12.212830"><ele>1216.0</ele></trkpt>
   <trkpt lat="46.318820" lon="12.212610"><ele>1216.0</ele></trkpt>
   <trkpt lat="46.318610" lon="12.212380"><ele>1214.0</ele></trkpt>
   <trkpt lat="46.318400" lon="12.211970"><ele>1209.0</ele></trkpt>
   <trkpt lat="46.318260" lon="12.211800"><ele>1211.0</ele></trkpt>
   <trkpt lat="46.318190" lon="12.211620"><ele>1209.0</ele></trkpt>
   <trkpt lat="46.318100" lon="12.211430"><ele>1211.0</ele></trkpt>
   <trkpt lat="46.317990" lon="12.211320"><ele>1211.0</ele></trkpt>
   <trkpt lat="46.317860" lon="12.211040"><ele>1213.0</ele></trkpt>
   <trkpt lat="46.317720" lon="12.210750"><ele>1216.0</ele></trkpt>
   <trkpt lat="46.317720" lon="12.210420"><ele>1219.0</ele></trkpt>
   <trkpt lat="46.317590" lon="12.210260"><ele>1220.0</ele></trkpt>
   <trkpt lat="46.317440" lon="12.209970"><ele>1214.0</ele></trkpt>
   <trkpt lat="46.317290" lon="12.209690"><ele>1210.0</ele></trkpt>
   <trkpt lat="46.317140" lon="12.209390"><ele>1208.0</ele></trkpt>
   <trkpt lat="46.317000" lon="12.208850"><ele>1213.0</ele></trkpt>
   <trkpt lat="46.317060" lon="12.208580"><ele>1214.0</ele></trkpt>
   <trkpt lat="46.317000" lon="12.208270"><ele>1214.0</ele></trkpt>
   <trkpt lat="46.316870" lon="12.208150"><ele>1209.0</ele></trkpt>
   <trkpt lat="46.316810" lon="12.207940"><ele>1214.0</ele></trkpt>
   <trkpt lat="46.316750" lon="12.207730"><ele>1210.0</ele></trkpt>
   <trkpt lat="46.316860" lon="12.207390"><ele>1210.0</ele></trkpt>
   <trkpt lat="46.316770" lon="12.207170"><ele>1233.0</ele></trkpt>
   <trkpt lat="46.316520" lon="12.207280"><ele>1207.0</ele></trkpt>
   <trkpt lat="46.316290" lon="12.207120"><ele>1186.0</ele></trkpt>
   <trkpt lat="46.316060" lon="12.206820"><ele>1183.0</ele></trkpt>
   <trkpt lat="46.315890" lon="12.206450"><ele>1189.0</ele></trkpt>
   <trkpt lat="46.315750" lon="12.206380"><ele>1177.0</ele></trkpt>
   <trkpt lat="46.315490" lon="12.206140"><ele>1191.0</ele></trkpt>
   <trkpt lat="46.315420" lon="12.206230"><ele>1191.0</ele></trkpt>
   <trkpt lat="46.315370" lon="12.206110"><ele>1193.0</ele></trkpt>
   <trkpt lat="46.315250" lon="12.206020"><ele>1196.0</ele></trkpt>
   <trkpt lat="46.315270" lon="12.206120"><ele>1193.0</ele></trkpt>
   <trkpt lat="46.315170" lon="12.206120"><ele>1197.0</ele></trkpt>
   <trkpt lat="46.315130" lon="12.206360"><ele>1193.0</ele></trkpt>
   <trkpt lat="46.315090" lon="12.206460"><ele>1194.0</ele></trkpt>
   <trkpt lat="46.315120" lon="12.206770"><ele>1168.0</ele></trkpt>
   <trkpt lat="46.315030" lon="12.206870"><ele>1168.0</ele></trkpt>
   <trkpt lat="46.315020" lon="12.207200"><ele>1169.0</ele></trkpt>
   <trkpt lat="46.314940" lon="12.207540"><ele>1170.0</ele></trkpt>
   <trkpt lat="46.314840" lon="12.207690"><ele>1179.0</ele></trkpt>
   <trkpt lat="46.314820" lon="12.208010"><ele>1181.0</ele></trkpt>
   <trkpt lat="46.314790" lon="12.208500"><ele>1193.0</ele></trkpt>
   <trkpt lat="46.314760" lon="12.208860"><ele>1194.0</ele></trkpt>
   <trkpt lat="46.314710" lon="12.209280"><ele>1192.0</ele></trkpt>
   <trkpt lat="46.314740" lon="12.209750"><ele>1194.0</ele></trkpt>
   <trkpt lat="46.314620" lon="12.210080"><ele>1197.0</ele></trkpt>
   <trkpt lat="46.314470" lon="12.210490"><ele>1203.0</ele></trkpt>
   <trkpt lat="46.314470" lon="12.210810"><ele>1209.0</ele></trkpt>
   <trkpt lat="46.314310" lon="12.211300"><ele>1212.0</ele></trkpt>
   <trkpt lat="46.314360" lon="12.211670"><ele>1209.0</ele></trkpt>
   <trkpt lat="46.314440" lon="12.212130"><ele>1212.0</ele></trkpt>
   <trkpt lat="46.314390" lon="12.212390"><ele>1215.0</ele></trkpt>
   <trkpt lat="46.314130" lon="12.212870"><ele>1223.0</ele></trkpt>
   <trkpt lat="46.314060" lon="12.212560"><ele>1226.0</ele></trkpt>
   <trkpt lat="46.313880" lon="12.212150"><ele>1237.0</ele></trkpt>
   <trkpt lat="46.313880" lon="12.212050"><ele>1238.0</ele></trkpt>
   <trkpt lat="46.313810" lon="12.211960"><ele>1240.0</ele></trkpt>
   <trkpt lat="46.313650" lon="12.211620"><ele>1259.0</ele></trkpt>
   <trkpt lat="46.313620" lon="12.211300"><ele>1270.0</ele></trkpt>
   <trkpt lat="46.313540" lon="12.211110"><ele>1280.0</ele></trkpt>
   <trkpt lat="46.313410" lon="12.210990"><ele>1293.0</ele></trkpt>
   <trkpt lat="46.313330" lon="12.210680"><ele>1310.0</ele></trkpt>
   <trkpt lat="46.313320" lon="12.210560"><ele>1311.0</ele></trkpt>
   <trkpt lat="46.313200" lon="12.210340"><ele>1331.0</ele></trkpt>
   <trkpt lat="46.313150" lon="12.210130"><ele>1337.0</ele></trkpt>
   <trkpt lat="46.313040" lon="12.209990"><ele>1345.0</ele></trkpt>
   <trkpt lat="46.312830" lon="12.209860"><ele>1352.0</ele></trkpt>
   <trkpt lat="46.312600" lon="12.209960"><ele>1357.0</ele></trkpt>
   <trkpt lat="46.312510" lon="12.209970"><ele>1357.0</ele></trkpt>
   <trkpt lat="46.312280" lon="12.209930"><ele>1367.0</ele></trkpt>
   <trkpt lat="46.312040" lon="12.210030"><ele>1373.0</ele></trkpt>
   <trkpt lat="46.311980" lon="12.210270"><ele>1371.0</ele></trkpt>
   <trkpt lat="46.311830" lon="12.210290"><ele>1376.0</ele></trkpt>
   <trkpt lat="46.311710" lon="12.210350"><ele>1378.0</ele></trkpt>
   <trkpt lat="46.311620" lon="12.210460"><ele>1380.0</ele></trkpt>
   <trkpt lat="46.311580" lon="12.210570"><ele>1382.0</ele></trkpt>
   <trkpt lat="46.311300" lon="12.210540"><ele>1397.0</ele></trkpt>
   <trkpt lat="46.311050" lon="12.210510"><ele>1397.0</ele></trkpt>
   <trkpt lat="46.310780" lon="12.210470"><ele>1400.0</ele></trkpt>
   <trkpt lat="46.310560" lon="12.210270"><ele>1410.0</ele></trkpt>
   <trkpt lat="46.310270" lon="12.210000"><ele>1414.0</ele></trkpt>
   <trkpt lat="46.310100" lon="12.209750"><ele>1419.0</ele></trkpt>
   <trkpt lat="46.310070" lon="12.209590"><ele>1428.0</ele></trkpt>
   <trkpt lat="46.310130" lon="12.209370"><ele>1444.0</ele></trkpt>
   <trkpt lat="46.310190" lon="12.209340"><ele>1444.0</ele></trkpt>
   <trkpt lat="46.310230" lon="12.209240"><ele>1454.0</ele></trkpt>
   <trkpt lat="46.310230" lon="12.209140"><ele>1458.0</ele></trkpt>
   <trkpt lat="46.310210" lon="12.209040"><ele>1463.0</ele></trkpt>
   <trkpt lat="46.310110" lon="12.208910"><ele>1464.0</ele></trkpt>
   <trkpt lat="46.310010" lon="12.208650"><ele>1473.0</ele></trkpt>
   <trkpt lat="46.310010" lon="12.208500"><ele>1480.0</ele></trkpt>
   <trkpt lat="46.310290" lon="12.208280"><ele>1492.0</ele></trkpt>
   <trkpt lat="46.310380" lon="12.208270"><ele>1492.0</ele></trkpt>
   <trkpt lat="46.310440" lon="12.207980"><ele>1503.0</ele></trkpt>
   <trkpt lat="46.310410" lon="12.207930"><ele>1503.0</ele></trkpt>
   <trkpt lat="46.310140" lon="12.207780"><ele>1507.0</ele></trkpt>
   <trkpt lat="46.309920" lon="12.207520"><ele>1508.0</ele></trkpt>
   <trkpt lat="46.309740" lon="12.207310"><ele>1510.0</ele></trkpt>
   <trkpt lat="46.309550" lon="12.207100"><ele>1511.0</ele></trkpt>
   <trkpt lat="46.309240" lon="12.206880"><ele>1510.0</ele></trkpt>
   <trkpt lat="46.309170" lon="12.206750"><ele>1513.0</ele></trkpt>
   <trkpt lat="46.309100" lon="12.206720"><ele>1516.0</ele></trkpt>
   <trkpt lat="46.308990" lon="12.206580"><ele>1518.0</ele></trkpt>
   <trkpt lat="46.308950" lon="12.206490"><ele>1514.0</ele></trkpt>
   <trkpt lat="46.308840" lon="12.206430"><ele>1518.0</ele></trkpt>
   <trkpt lat="46.308740" lon="12.206450"><ele>1516.0</ele></trkpt>
   <trkpt lat="46.308690" lon="12.206400"><ele>1509.0</ele></trkpt>
   <trkpt lat="46.308680" lon="12.206330"><ele>1509.0</ele></trkpt>
   <trkpt lat="46.308780" lon="12.206290"><ele>1519.0</ele></trkpt>
   <trkpt lat="46.308870" lon="12.206090"><ele>1531.0</ele></trkpt>
   <trkpt lat="46.308870" lon="12.205950"><ele>1535.0</ele></trkpt>
   <trkpt lat="46.309000" lon="12.205830"><ele>1543.0</ele></trkpt>
   <trkpt lat="46.309170" lon="12.205500"><ele>1548.0</ele></trkpt>
   <trkpt lat="46.309280" lon="12.205410"><ele>1555.0</ele></trkpt>
   <trkpt lat="46.309280" lon="12.205320"><ele>1554.0</ele></trkpt>
   <trkpt lat="46.309320" lon="12.205210"><ele>1560.0</ele></trkpt>
   <trkpt lat="46.309470" lon="12.204900"><ele>1560.0</ele></trkpt>
   <trkpt lat="46.309600" lon="12.204760"><ele>1563.0</ele></trkpt>
   <trkpt lat="46.309740" lon="12.204690"><ele>1568.0</ele></trkpt>
   <trkpt lat="46.309850" lon="12.204560"><ele>1571.0</ele></trkpt>
   <trkpt lat="46.309890" lon="12.204380"><ele>1568.0</ele></trkpt>
   <trkpt lat="46.310150" lon="12.203850"><ele>1571.0</ele></trkpt>
   <trkpt lat="46.310200" lon="12.203440"><ele>1575.0</ele></trkpt>
   <trkpt lat="46.310290" lon="12.203120"><ele>1575.0</ele></trkpt>
   <trkpt lat="46.310290" lon="12.203020"><ele>1575.0</ele></trkpt>
   <trkpt lat="46.310240" lon="12.202800"><ele>1577.0</ele></trkpt>
   <trkpt lat="46.310330" lon="12.202380"><ele>1580.0</ele></trkpt>
   <trkpt lat="46.310320" lon="12.202230"><ele>1583.0</ele></trkpt>
   <trkpt lat="46.310230" lon="12.202120"><ele>1580.0</ele></trkpt>
   <trkpt lat="46.310120" lon="12.202060"><ele>1592.0</ele></trkpt>
   <trkpt lat="46.309920" lon="12.202120"><ele>1580.0</ele></trkpt>
   <trkpt lat="46.309800" lon="12.202310"><ele>1563.0</ele></trkpt>
   <trkpt lat="46.309690" lon="12.202280"><ele>1575.0</ele></trkpt>
   <trkpt lat="46.309670" lon="12.202150"><ele>1566.0</ele></trkpt>
   <trkpt lat="46.309560" lon="12.201920"><ele>1584.0</ele></trkpt>
   <trkpt lat="46.309550" lon="12.201810"><ele>1574.0</ele></trkpt>
   <trkpt lat="46.309580" lon="12.201720"><ele>1578.0</ele></trkpt>
   <trkpt lat="46.309580" lon="12.201480"><ele>1594.0</ele></trkpt>
   <trkpt lat="46.309620" lon="12.201380"><ele>1603.0</ele></trkpt>
   <trkpt lat="46.309630" lon="12.201250"><ele>1608.0</ele></trkpt>
   <trkpt lat="46.309610" lon="12.201180"><ele>1595.0</ele></trkpt>
   <trkpt lat="46.309490" lon="12.201260"><ele>1602.0</ele></trkpt>
   <trkpt lat="46.309480" lon="12.201220"><ele>1602.0</ele></trkpt>
   <trkpt lat="46.309450" lon="12.201310"><ele>1595.0</ele></trkpt>
   <trkpt lat="46.309270" lon="12.201300"><ele>1599.0</ele></trkpt>
   <trkpt lat="46.309040" lon="12.201250"><ele>1596.0</ele></trkpt>
   <trkpt lat="46.309000" lon="12.201210"><ele>1594.0</ele></trkpt>
   <trkpt lat="46.308960" lon="12.201120"><ele>1600.0</ele></trkpt>
   <trkpt lat="46.308970" lon="12.200980"><ele>1612.0</ele></trkpt>
   <trkpt lat="46.308910" lon="12.200750"><ele>1623.0</ele></trkpt>
   <trkpt lat="46.308900" lon="12.200400"><ele>1644.0</ele></trkpt>
   <trkpt lat="46.308770" lon="12.200090"><ele>1656.0</ele></trkpt>
   <trkpt lat="46.308710" lon="12.200100"><ele>1656.0</ele></trkpt>
   <trkpt lat="46.308590" lon="12.199950"><ele>1655.0</ele></trkpt>
   <trkpt lat="46.308300" lon="12.199900"><ele>1655.0</ele></trkpt>
   <trkpt lat="46.308270" lon="12.199670"><ele>1666.0</ele></trkpt>
   <trkpt lat="46.308190" lon="12.199610"><ele>1652.0</ele></trkpt>
   <trkpt lat="46.308110" lon="12.199590"><ele>1669.0</ele></trkpt>
   <trkpt lat="46.307990" lon="12.199710"><ele>1659.0</ele></trkpt>
   <trkpt lat="46.307960" lon="12.199680"><ele>1655.0</ele></trkpt>
   <trkpt lat="46.307970" lon="12.199500"><ele>1666.0</ele></trkpt>
   <trkpt lat="46.307900" lon="12.199330"><ele>1667.0</ele></trkpt>
   <trkpt lat="46.307750" lon="12.199090"><ele>1680.0</ele></trkpt>
   <trkpt lat="46.307720" lon="12.198730"><ele>1698.0</ele></trkpt>
   <trkpt lat="46.307570" lon="12.198520"><ele>1696.0</ele></trkpt>
   <trkpt lat="46.307290" lon="12.198540"><ele>1702.0</ele></trkpt>
   <trkpt lat="46.307110" lon="12.198240"><ele>1708.0</ele></trkpt>
   <trkpt lat="46.306840" lon="12.197800"><ele>1719.0</ele></trkpt>
   <trkpt lat="46.306780" lon="12.197520"><ele>1723.0</ele></trkpt>
   <trkpt lat="46.306610" lon="12.197360"><ele>1738.0</ele></trkpt>
   <trkpt lat="46.306660" lon="12.197290"><ele>1743.0</ele></trkpt>
   <trkpt lat="46.306760" lon="12.197340"><ele>1733.0</ele></trkpt>
   <trkpt lat="46.306880" lon="12.197210"><ele>1744.0</ele></trkpt>
   <trkpt lat="46.306620" lon="12.197150"><ele>1747.0</ele></trkpt>
   <trkpt lat="46.306580" lon="12.197040"><ele>1756.0</ele></trkpt>
   <trkpt lat="46.306700" lon="12.197050"><ele>1752.0</ele></trkpt>
   <trkpt lat="46.306570" lon="12.196880"><ele>1765.0</ele></trkpt>
   <trkpt lat="46.306540" lon="12.196730"><ele>1770.0</ele></trkpt>
   <trkpt lat="46.306610" lon="12.196730"><ele>1767.0</ele></trkpt>
   <trkpt lat="46.306600" lon="12.196670"><ele>1775.0</ele></trkpt>
   <trkpt lat="46.306390" lon="12.196590"><ele>1774.0</ele></trkpt>
   <trkpt lat="46.306240" lon="12.196760"><ele>1779.0</ele></trkpt>
   <trkpt lat="46.306180" lon="12.196750"><ele>1782.0</ele></trkpt>
   <trkpt lat="46.305980" lon="12.196520"><ele>1780.0</ele></trkpt>
   <trkpt lat="46.305650" lon="12.196580"><ele>1779.0</ele></trkpt>
   <trkpt lat="46.305660" lon="12.196460"><ele>1785.0</ele></trkpt>
   <trkpt lat="46.305360" lon="12.196450"><ele>1778.0</ele></trkpt>
   <trkpt lat="46.305010" lon="12.196320"><ele>1771.0</ele></trkpt>
   <trkpt lat="46.304770" lon="12.196420"><ele>1755.0</ele></trkpt>
   <trkpt lat="46.304490" lon="12.196530"><ele>1748.0</ele></trkpt>
   <trkpt lat="46.304380" lon="12.196360"><ele>1746.0</ele></trkpt>
   <trkpt lat="46.304160" lon="12.196290"><ele>1747.0</ele></trkpt>
   <trkpt lat="46.304090" lon="12.196120"><ele>1740.0</ele></trkpt>
   <trkpt lat="46.304070" lon="12.195790"><ele>1747.0</ele></trkpt>
   <trkpt lat="46.303920" lon="12.195550"><ele>1747.0</ele></trkpt>
   <trkpt lat="46.303710" lon="12.195370"><ele>1747.0</ele></trkpt>
   <trkpt lat="46.303430" lon="12.195240"><ele>1747.0</ele></trkpt>
   <trkpt lat="46.303190" lon="12.195140"><ele>1747.0</ele></trkpt>
   <trkpt lat="46.302930" lon="12.195020"><ele>1748.0</ele></trkpt>
   <trkpt lat="46.302650" lon="12.194820"><ele>1751.0</ele></trkpt>
   <trkpt lat="46.302420" lon="12.194650"><ele>1756.0</ele></trkpt>
   <trkpt lat="46.302140" lon="12.194440"><ele>1760.0</ele></trkpt>
   <trkpt lat="46.302030" lon="12.194290"><ele>1767.0</ele></trkpt>
   <trkpt lat="46.301870" lon="12.194160"><ele>1762.0</ele></trkpt>
   <trkpt lat="46.301550" lon="12.194190"><ele>1761.0</ele></trkpt>
   <trkpt lat="46.301210" lon="12.194050"><ele>1760.0</ele></trkpt>
   <trkpt lat="46.300860" lon="12.193910"><ele>1759.0</ele></trkpt>
   <trkpt lat="46.300520" lon="12.193770"><ele>1759.0</ele></trkpt>
   <trkpt lat="46.300080" lon="12.193590"><ele>1754.0</ele></trkpt>
   <trkpt lat="46.299800" lon="12.193760"><ele>1749.0</ele></trkpt>
   <trkpt lat="46.299530" lon="12.193720"><ele>1750.0</ele></trkpt>
   <trkpt lat="46.299160" lon="12.193660"><ele>1750.0</ele></trkpt>
   <trkpt lat="46.298930" lon="12.193760"><ele>1750.0</ele></trkpt>
   <trkpt lat="46.298700" lon="12.193850"><ele>1748.0</ele></trkpt>
   <trkpt lat="46.298380" lon="12.194170"><ele>1747.0</ele></trkpt>
   <trkpt lat="46.298120" lon="12.194190"><ele>1747.0</ele></trkpt>
   <trkpt lat="46.297990" lon="12.194150"><ele>1748.0</ele></trkpt>
   <trkpt lat="46.297880" lon="12.194020"><ele>1746.0</ele></trkpt>
   <trkpt lat="46.297850" lon="12.193860"><ele>1747.0</ele></trkpt>
   <trkpt lat="46.297870" lon="12.193660"><ele>1746.0</ele></trkpt>
   <trkpt lat="46.297970" lon="12.193120"><ele>1741.0</ele></trkpt>
   <trkpt lat="46.298030" lon="12.192890"><ele>1741.0</ele></trkpt>
   <trkpt lat="46.298100" lon="12.192680"><ele>1741.0</ele></trkpt>
   <trkpt lat="46.298180" lon="12.192440"><ele>1737.0</ele></trkpt>
   <trkpt lat="46.298330" lon="12.192120"><ele>1740.0</ele></trkpt>
   <trkpt lat="46.298520" lon="12.191690"><ele>1736.0</ele></trkpt>
   <trkpt lat="46.298710" lon="12.191180"><ele>1733.0</ele></trkpt>
   <trkpt lat="46.298740" lon="12.191080"><ele>1731.0</ele></trkpt>
   <trkpt lat="46.298730" lon="12.190700"><ele>1724.0</ele></trkpt>
   <trkpt lat="46.298760" lon="12.190350"><ele>1724.0</ele></trkpt>
   <trkpt lat="46.298890" lon="12.190010"><ele>1724.0</ele></trkpt>
   <trkpt lat="46.298840" lon="12.189930"><ele>1725.0</ele></trkpt>
   <trkpt lat="46.298750" lon="12.189910"><ele>1723.0</ele></trkpt>
   <trkpt lat="46.298750" lon="12.189780"><ele>1723.0</ele></trkpt>
   <trkpt lat="46.298390" lon="12.189740"><ele>1723.0</ele></trkpt>
   <trkpt lat="46.298320" lon="12.189600"><ele>1727.0</ele></trkpt>
   <trkpt lat="46.298080" lon="12.189560"><ele>1729.0</ele></trkpt>
   <trkpt lat="46.297720" lon="12.189500"><ele>1732.0</ele></trkpt>
   <trkpt lat="46.297610" lon="12.189220"><ele>1735.0</ele></trkpt>
   <trkpt lat="46.297380" lon="12.188800"><ele>1740.0</ele></trkpt>
   <trkpt lat="46.297060" lon="12.188380"><ele>1742.0</ele></trkpt>
   <trkpt lat="46.296870" lon="12.188090"><ele>1742.0</ele></trkpt>
   <trkpt lat="46.296590" lon="12.187660"><ele>1735.0</ele></trkpt>
   <trkpt lat="46.296480" lon="12.187520"><ele>1731.0</ele></trkpt>
   <trkpt lat="46.296410" lon="12.187360"><ele>1734.0</ele></trkpt>
   <trkpt lat="46.296400" lon="12.187170"><ele>1730.0</ele></trkpt>
   <trkpt lat="46.296300" lon="12.186790"><ele>1730.0</ele></trkpt>
   <trkpt lat="46.296240" lon="12.186310"><ele>1726.0</ele></trkpt>
   <trkpt lat="46.296230" lon="12.185870"><ele>1726.0</ele></trkpt>
   <trkpt lat="46.296240" lon="12.185420"><ele>1725.0</ele></trkpt>
   <trkpt lat="46.296200" lon="12.185110"><ele>1720.0</ele></trkpt>
   <trkpt lat="46.296140" lon="12.184920"><ele>1721.0</ele></trkpt>
   <trkpt lat="46.296040" lon="12.184720"><ele>1718.0</ele></trkpt>
   <trkpt lat="46.295930" lon="12.184520"><ele>1716.0</ele></trkpt>
   <trkpt lat="46.295840" lon="12.184190"><ele>1715.0</ele></trkpt>
   <trkpt lat="46.295810" lon="12.183970"><ele>1719.0</ele></trkpt>
   <trkpt lat="46.295710" lon="12.183860"><ele>1715.0</ele></trkpt>
   <trkpt lat="46.295640" lon="12.183650"><ele>1712.0</ele></trkpt>
   <trkpt lat="46.295640" lon="12.183350"><ele>1714.0</ele></trkpt>
   <trkpt lat="46.295640" lon="12.182940"><ele>1714.0</ele></trkpt>
   <trkpt lat="46.295570" lon="12.182490"><ele>1714.0</ele></trkpt>
   <trkpt lat="46.295530" lon="12.181860"><ele>1714.0</ele></trkpt>
   <trkpt lat="46.295470" lon="12.181590"><ele>1714.0</ele></trkpt>
   <trkpt lat="46.295430" lon="12.181530"><ele>1714.0</ele></trkpt>
   <trkpt lat="46.295380" lon="12.181560"><ele>1718.0</ele></trkpt>
   <trkpt lat="46.295360" lon="12.181700"><ele>1718.0</ele></trkpt>
   <trkpt lat="46.295260" lon="12.181920"><ele>1719.0</ele></trkpt>
   <trkpt lat="46.295220" lon="12.182000"><ele>1719.0</ele></trkpt>
   <trkpt lat="46.295180" lon="12.181990"><ele>1721.0</ele></trkpt>
   <trkpt lat="46.295110" lon="12.181780"><ele>1725.0</ele></trkpt>
   <trkpt lat="46.295090" lon="12.181610"><ele>1727.0</ele></trkpt>
   <trkpt lat="46.294980" lon="12.181360"><ele>1732.0</ele></trkpt>
   <trkpt lat="46.294840" lon="12.181060"><ele>1735.0</ele></trkpt>
   <trkpt lat="46.294780" lon="12.181040"><ele>1736.0</ele></trkpt>
   <trkpt lat="46.294640" lon="12.180810"><ele>1739.0</ele></trkpt>
   <trkpt lat="46.294570" lon="12.180790"><ele>1741.0</ele></trkpt>
   <trkpt lat="46.294500" lon="12.180900"><ele>1743.0</ele></trkpt>
   <trkpt lat="46.294370" lon="12.180600"><ele>1749.0</ele></trkpt>
   <trkpt lat="46.294300" lon="12.180340"><ele>1755.0</ele></trkpt>
   <trkpt lat="46.294190" lon="12.180140"><ele>1762.0</ele></trkpt>
   <trkpt lat="46.294020" lon="12.179900"><ele>1771.0</ele></trkpt>
   <trkpt lat="46.293870" lon="12.179840"><ele>1775.0</ele></trkpt>
   <trkpt lat="46.293700" lon="12.179810"><ele>1779.0</ele></trkpt>
   <trkpt lat="46.293510" lon="12.179780"><ele>1782.0</ele></trkpt>
   <trkpt lat="46.293270" lon="12.180050"><ele>1790.0</ele></trkpt>
   <trkpt lat="46.293040" lon="12.180190"><ele>1795.0</ele></trkpt>
   <trkpt lat="46.292780" lon="12.180340"><ele>1803.0</ele></trkpt>
   <trkpt lat="46.292550" lon="12.180210"><ele>1811.0</ele></trkpt>
   <trkpt lat="46.292440" lon="12.180050"><ele>1816.0</ele></trkpt>
   <trkpt lat="46.292320" lon="12.179960"><ele>1820.0</ele></trkpt>
   <trkpt lat="46.292110" lon="12.179890"><ele>1828.0</ele></trkpt>
   <trkpt lat="46.292020" lon="12.179830"><ele>1832.0</ele></trkpt>
   <trkpt lat="46.291890" lon="12.179660"><ele>1841.0</ele></trkpt>
   <trkpt lat="46.291880" lon="12.179460"><ele>1843.0</ele></trkpt>
   <trkpt lat="46.291930" lon="12.179300"><ele>1843.0</ele></trkpt>
   <trkpt lat="46.292020" lon="12.179160"><ele>1841.0</ele></trkpt>
   <trkpt lat="46.291980" lon="12.178870"><ele>1849.0</ele></trkpt>
   <trkpt lat="46.291880" lon="12.178700"><ele>1854.0</ele></trkpt>
   <trkpt lat="46.291750" lon="12.178630"><ele>1857.0</ele></trkpt>
   <trkpt lat="46.291650" lon="12.178530"><ele>1860.0</ele></trkpt>
   <trkpt lat="46.291530" lon="12.178100"><ele>1870.0</ele></trkpt>
   <trkpt lat="46.291380" lon="12.177820"><ele>1880.0</ele></trkpt>
   <trkpt lat="46.291360" lon="12.177570"><ele>1883.0</ele></trkpt>
   <trkpt lat="46.291310" lon="12.177390"><ele>1886.0</ele></trkpt>
   <trkpt lat="46.291190" lon="12.177480"><ele>1892.0</ele></trkpt>
   <trkpt lat="46.291090" lon="12.177410"><ele>1895.0</ele></trkpt>
   <trkpt lat="46.290990" lon="12.177420"><ele>1899.0</ele></trkpt>
   <trkpt lat="46.290970" lon="12.177320"><ele>1899.0</ele></trkpt>
   <trkpt lat="46.290840" lon="12.177100"><ele>1903.0</ele></trkpt>
   <trkpt lat="46.290790" lon="12.176860"><ele>1907.0</ele></trkpt>
   <trkpt lat="46.290730" lon="12.176890"><ele>1907.0</ele></trkpt>
   <trkpt lat="46.290720" lon="12.176810"><ele>1907.0</ele></trkpt>
   <trkpt lat="46.290640" lon="12.176810"><ele>1908.0</ele></trkpt>
   <trkpt lat="46.290580" lon="12.176900"><ele>1909.0</ele></trkpt>
   <trkpt lat="46.290470" lon="12.177230"><ele>1910.0</ele></trkpt>
   <trkpt lat="46.290370" lon="12.177410"><ele>1914.0</ele></trkpt>
   <trkpt lat="46.290320" lon="12.177390"><ele>1907.0</ele></trkpt>
   <trkpt lat="46.290220" lon="12.177190"><ele>1912.0</ele></trkpt>
   <trkpt lat="46.290150" lon="12.177140"><ele>1904.0</ele></trkpt>
   <trkpt lat="46.289990" lon="12.177190"><ele>1888.0</ele></trkpt>
   <trkpt lat="46.289930" lon="12.177180"><ele>1888.0</ele></trkpt>
   <trkpt lat="46.289890" lon="12.177110"><ele>1881.0</ele></trkpt>
   <trkpt lat="46.289850" lon="12.176930"><ele>1879.0</ele></trkpt>
   <trkpt lat="46.289830" lon="12.176590"><ele>1879.0</ele></trkpt>
   <trkpt lat="46.289750" lon="12.176320"><ele>1872.0</ele></trkpt>
   <trkpt lat="46.289670" lon="12.176150"><ele>1866.0</ele></trkpt>
   <trkpt lat="46.289460" lon="12.176010"><ele>1852.0</ele></trkpt>
   <trkpt lat="46.289020" lon="12.175990"><ele>1823.0</ele></trkpt>
   <trkpt lat="46.288880" lon="12.176100"><ele>1807.0</ele></trkpt>
   <trkpt lat="46.288750" lon="12.176310"><ele>1793.0</ele></trkpt>
   <trkpt lat="46.288670" lon="12.176300"><ele>1787.0</ele></trkpt>
   <trkpt lat="46.288610" lon="12.176210"><ele>1787.0</ele></trkpt>
   <trkpt lat="46.288600" lon="12.176050"><ele>1795.0</ele></trkpt>
   <trkpt lat="46.288640" lon="12.175940"><ele>1793.0</ele></trkpt>
   <trkpt lat="46.288680" lon="12.175680"><ele>1798.0</ele></trkpt>
   <trkpt lat="46.288840" lon="12.175330"><ele>1819.0</ele></trkpt>
   <trkpt lat="46.288920" lon="12.175050"><ele>1822.0</ele></trkpt>
   <trkpt lat="46.288930" lon="12.174870"><ele>1833.0</ele></trkpt>
   <trkpt lat="46.288850" lon="12.174440"><ele>1818.0</ele></trkpt>
   <trkpt lat="46.288770" lon="12.174320"><ele>1817.0</ele></trkpt>
   <trkpt lat="46.288730" lon="12.174090"><ele>1815.0</ele></trkpt>
   <trkpt lat="46.288710" lon="12.173740"><ele>1813.0</ele></trkpt>
   <trkpt lat="46.288730" lon="12.173540"><ele>1812.0</ele></trkpt>
   <trkpt lat="46.288790" lon="12.173290"><ele>1813.0</ele></trkpt>
   <trkpt lat="46.288860" lon="12.173000"><ele>1815.0</ele></trkpt>
   <trkpt lat="46.288850" lon="12.172870"><ele>1827.0</ele></trkpt>
   <trkpt lat="46.288770" lon="12.172700"><ele>1815.0</ele></trkpt>
   <trkpt lat="46.288730" lon="12.172500"><ele>1821.0</ele></trkpt>
   <trkpt lat="46.288610" lon="12.172100"><ele>1811.0</ele></trkpt>
   <trkpt lat="46.288550" lon="12.171990"><ele>1806.0</ele></trkpt>
   <trkpt lat="46.288530" lon="12.171830"><ele>1808.0</ele></trkpt>
   <trkpt lat="46.288570" lon="12.171760"><ele>1810.0</ele></trkpt>
   <trkpt lat="46.288490" lon="12.171550"><ele>1801.0</ele></trkpt>
   <trkpt lat="46.288400" lon="12.171110"><ele>1807.0</ele></trkpt>
   <trkpt lat="46.288430" lon="12.170870"><ele>1813.0</ele></trkpt>
   <trkpt lat="46.288410" lon="12.170650"><ele>1814.0</ele></trkpt>
   <trkpt lat="46.288430" lon="12.170390"><ele>1816.0</ele></trkpt>
   <trkpt lat="46.288480" lon="12.170170"><ele>1811.0</ele></trkpt>
   <trkpt lat="46.288460" lon="12.170100"><ele>1818.0</ele></trkpt>
   <trkpt lat="46.288390" lon="12.169950"><ele>1807.0</ele></trkpt>
   <trkpt lat="46.288380" lon="12.169790"><ele>1809.0</ele></trkpt>
   <trkpt lat="46.288330" lon="12.169570"><ele>1812.0</ele></trkpt>
   <trkpt lat="46.288270" lon="12.169460"><ele>1809.0</ele></trkpt>
   <trkpt lat="46.288230" lon="12.169160"><ele>1809.0</ele></trkpt>
   <trkpt lat="46.288090" lon="12.169000"><ele>1798.0</ele></trkpt>
   <trkpt lat="46.287910" lon="12.168720"><ele>1796.0</ele></trkpt>
   <trkpt lat="46.287840" lon="12.168280"><ele>1796.0</ele></trkpt>
   <trkpt lat="46.287780" lon="12.167840"><ele>1795.0</ele></trkpt>
   <trkpt lat="46.287710" lon="12.167380"><ele>1795.0</ele></trkpt>
   <trkpt lat="46.287730" lon="12.167170"><ele>1795.0</ele></trkpt>
   <trkpt lat="46.287720" lon="12.166920"><ele>1795.0</ele></trkpt>
   <trkpt lat="46.287730" lon="12.166730"><ele>1794.0</ele></trkpt>
   <trkpt lat="46.287850" lon="12.166470"><ele>1798.0</ele></trkpt>
   <trkpt lat="46.288000" lon="12.166120"><ele>1803.0</ele></trkpt>
   <trkpt lat="46.288010" lon="12.166060"><ele>1809.0</ele></trkpt>
   <trkpt lat="46.287950" lon="12.165960"><ele>1806.0</ele></trkpt>
   <trkpt lat="46.287980" lon="12.165910"><ele>1806.0</ele></trkpt>
   <trkpt lat="46.288120" lon="12.165840"><ele>1817.0</ele></trkpt>
   <trkpt lat="46.288280" lon="12.165440"><ele>1820.0</ele></trkpt>
   <trkpt lat="46.288290" lon="12.165700"><ele>1821.0</ele></trkpt>
   <trkpt lat="46.288360" lon="12.165740"><ele>1828.0</ele></trkpt>
   <trkpt lat="46.288450" lon="12.165570"><ele>1832.0</ele></trkpt>
   <trkpt lat="46.288690" lon="12.165370"><ele>1840.0</ele></trkpt>
   <trkpt lat="46.288790" lon="12.165220"><ele>1845.0</ele></trkpt>
   <trkpt lat="46.288790" lon="12.164950"><ele>1845.0</ele></trkpt>
   <trkpt lat="46.288800" lon="12.164660"><ele>1847.0</ele></trkpt>
   <trkpt lat="46.288740" lon="12.164470"><ele>1850.0</ele></trkpt>
   <trkpt lat="46.288750" lon="12.164240"><ele>1852.0</ele></trkpt>
   <trkpt lat="46.288770" lon="12.164000"><ele>1854.0</ele></trkpt>
   <trkpt lat="46.288840" lon="12.163840"><ele>1860.0</ele></trkpt>
   <trkpt lat="46.288900" lon="12.163600"><ele>1861.0</ele></trkpt>
   <trkpt lat="46.288860" lon="12.163450"><ele>1860.0</ele></trkpt>
   <trkpt lat="46.288960" lon="12.163080"><ele>1862.0</ele></trkpt>
   <trkpt lat="46.289000" lon="12.162690"><ele>1863.0</ele></trkpt>
   <trkpt lat="46.289040" lon="12.162160"><ele>1865.0</ele></trkpt>
   <trkpt lat="46.289030" lon="12.161780"><ele>1866.0</ele></trkpt>
   <trkpt lat="46.289000" lon="12.161440"><ele>1867.0</ele></trkpt>
   <trkpt lat="46.288970" lon="12.161080"><ele>1869.0</ele></trkpt>
   <trkpt lat="46.288910" lon="12.160570"><ele>1870.0</ele></trkpt>
   <trkpt lat="46.289050" lon="12.160030"><ele>1871.0</ele></trkpt>
   <trkpt lat="46.289030" lon="12.159900"><ele>1872.0</ele></trkpt>
   <trkpt lat="46.288920" lon="12.159710"><ele>1875.0</ele></trkpt>
   <trkpt lat="46.288920" lon="12.159380"><ele>1877.0</ele></trkpt>
   <trkpt lat="46.288840" lon="12.159100"><ele>1882.0</ele></trkpt>
   <trkpt lat="46.288680" lon="12.158880"><ele>1891.0</ele></trkpt>
   <trkpt lat="46.288540" lon="12.158510"><ele>1896.0</ele></trkpt>
   <trkpt lat="46.288490" lon="12.158090"><ele>1906.0</ele></trkpt>
   <trkpt lat="46.288530" lon="12.157540"><ele>1907.0</ele></trkpt>
   <trkpt lat="46.288480" lon="12.157170"><ele>1908.0</ele></trkpt>
   <trkpt lat="46.288490" lon="12.156730"><ele>1910.0</ele></trkpt>
   <trkpt lat="46.288500" lon="12.156360"><ele>1911.0</ele></trkpt>
   <trkpt lat="46.288510" lon="12.155900"><ele>1911.0</ele></trkpt>
   <trkpt lat="46.288640" lon="12.155510"><ele>1911.0</ele></trkpt>
   <trkpt lat="46.288690" lon="12.155160"><ele>1910.0</ele></trkpt>
   <trkpt lat="46.288760" lon="12.154760"><ele>1909.0</ele></trkpt>
   <trkpt lat="46.288840" lon="12.154590"><ele>1908.0</ele></trkpt>
   <trkpt lat="46.288940" lon="12.154180"><ele>1909.0</ele></trkpt>
   <trkpt lat="46.288960" lon="12.153800"><ele>1908.0</ele></trkpt>
   <trkpt lat="46.288990" lon="12.153280"><ele>1908.0</ele></trkpt>
   <trkpt lat="46.289120" lon="12.153000"><ele>1906.0</ele></trkpt>
   <trkpt lat="46.289250" lon="12.152710"><ele>1909.0</ele></trkpt>
   <trkpt lat="46.289300" lon="12.152250"><ele>1907.0</ele></trkpt>
   <trkpt lat="46.289270" lon="12.151880"><ele>1905.0</ele></trkpt>
   <trkpt lat="46.289180" lon="12.151670"><ele>1906.0</ele></trkpt>
   <trkpt lat="46.289130" lon="12.151390"><ele>1892.0</ele></trkpt>
   <trkpt lat="46.289050" lon="12.150980"><ele>1889.0</ele></trkpt>
   <trkpt lat="46.288940" lon="12.150750"><ele>1886.0</ele></trkpt>
   <trkpt lat="46.288650" lon="12.150420"><ele>1883.0</ele></trkpt>
   <trkpt lat="46.288470" lon="12.150340"><ele>1884.0</ele></trkpt>
   <trkpt lat="46.288230" lon="12.150240"><ele>1885.0</ele></trkpt>
   <trkpt lat="46.287930" lon="12.150120"><ele>1891.0</ele></trkpt>
   <trkpt lat="46.287680" lon="12.149650"><ele>1899.0</ele></trkpt>
   <trkpt lat="46.287590" lon="12.149080"><ele>1901.0</ele></trkpt>
   <trkpt lat="46.287500" lon="12.148870"><ele>1903.0</ele></trkpt>
   <trkpt lat="46.287480" lon="12.148570"><ele>1904.0</ele></trkpt>
   <trkpt lat="46.287460" lon="12.148120"><ele>1907.0</ele></trkpt>
   <trkpt lat="46.287430" lon="12.147680"><ele>1914.0</ele></trkpt>
   <trkpt lat="46.287510" lon="12.147530"><ele>1913.0</ele></trkpt>
   <trkpt lat="46.287530" lon="12.147260"><ele>1917.0</ele></trkpt>
   <trkpt lat="46.287560" lon="12.146940"><ele>1920.0</ele></trkpt>
   <trkpt lat="46.287680" lon="12.146620"><ele>1928.0</ele></trkpt>
   <trkpt lat="46.287540" lon="12.146020"><ele>1935.0</ele></trkpt>
   <trkpt lat="46.287270" lon="12.145850"><ele>1945.0</ele></trkpt>
   <trkpt lat="46.287120" lon="12.145510"><ele>1945.0</ele></trkpt>
   <trkpt lat="46.287070" lon="12.145070"><ele>1949.0</ele></trkpt>
   <trkpt lat="46.287100" lon="12.144630"><ele>1949.0</ele></trkpt>
   <trkpt lat="46.287250" lon="12.144370"><ele>1950.0</ele></trkpt>
   <trkpt lat="46.287350" lon="12.144060"><ele>1956.0</ele></trkpt>
   <trkpt lat="46.287360" lon="12.143670"><ele>1965.0</ele></trkpt>
   <trkpt lat="46.287350" lon="12.143610"><ele>1965.0</ele></trkpt>
   <trkpt lat="46.287200" lon="12.143800"><ele>1968.0</ele></trkpt>
   <trkpt lat="46.287150" lon="12.143450"><ele>1974.0</ele></trkpt>
   <trkpt lat="46.287080" lon="12.143300"><ele>1980.0</ele></trkpt>
   <trkpt lat="46.287080" lon="12.142980"><ele>1981.0</ele></trkpt>
   <trkpt lat="46.287070" lon="12.142530"><ele>1980.0</ele></trkpt>
   <trkpt lat="46.286950" lon="12.142190"><ele>1979.0</ele></trkpt>
   <trkpt lat="46.286800" lon="12.141770"><ele>1975.0</ele></trkpt>
   <trkpt lat="46.286810" lon="12.141430"><ele>1965.0</ele></trkpt>
   <trkpt lat="46.286730" lon="12.141010"><ele>1952.0</ele></trkpt>
   <trkpt lat="46.286700" lon="12.140600"><ele>1947.0</ele></trkpt>
   <trkpt lat="46.286650" lon="12.139970"><ele>1944.0</ele></trkpt>
   <trkpt lat="46.286590" lon="12.139530"><ele>1943.0</ele></trkpt>
   <trkpt lat="46.286550" lon="12.139150"><ele>1945.0</ele></trkpt>
   <trkpt lat="46.286490" lon="12.138620"><ele>1943.0</ele></trkpt>
   <trkpt lat="46.286400" lon="12.138250"><ele>1942.0</ele></trkpt>
   <trkpt lat="46.286350" lon="12.138160"><ele>1941.0</ele></trkpt>
   <trkpt lat="46.286360" lon="12.137980"><ele>1941.0</ele></trkpt>
   <trkpt lat="46.286330" lon="12.137900"><ele>1940.0</ele></trkpt>
   <trkpt lat="46.286350" lon="12.137750"><ele>1940.0</ele></trkpt>
   <trkpt lat="46.286290" lon="12.137650"><ele>1941.0</ele></trkpt>
   <trkpt lat="46.286260" lon="12.137690"><ele>1941.0</ele></trkpt>
   <trkpt lat="46.286290" lon="12.137650"><ele>1941.0</ele></trkpt>
   <trkpt lat="46.286350" lon="12.137750"><ele>1940.0</ele></trkpt>
   <trkpt lat="46.286400" lon="12.137750"><ele>1940.0</ele></trkpt>
   <trkpt lat="46.286480" lon="12.137830"><ele>1940.0</ele></trkpt>
   <trkpt lat="46.286640" lon="12.137850"><ele>1942.0</ele></trkpt>
   <trkpt lat="46.286670" lon="12.137920"><ele>1940.0</ele></trkpt>
   <trkpt lat="46.286770" lon="12.137940"><ele>1941.0</ele></trkpt>
   <trkpt lat="46.286890" lon="12.138120"><ele>1942.0</ele></trkpt>
   <trkpt lat="46.287020" lon="12.138320"><ele>1941.0</ele></trkpt>
   <trkpt lat="46.287280" lon="12.138430"><ele>1941.0</ele></trkpt>
   <trkpt lat="46.287650" lon="12.138580"><ele>1932.0</ele></trkpt>
   <trkpt lat="46.287630" lon="12.138710"><ele>1923.0</ele></trkpt>
   <trkpt lat="46.287390" lon="12.139040"><ele>1923.0</ele></trkpt>
   <trkpt lat="46.287490" lon="12.139210"><ele>1916.0</ele></trkpt>
   <trkpt lat="46.287620" lon="12.139280"><ele>1912.0</ele></trkpt>
   <trkpt lat="46.287730" lon="12.139250"><ele>1908.0</ele></trkpt>
   <trkpt lat="46.287870" lon="12.139170"><ele>1908.0</ele></trkpt>
   <trkpt lat="46.287970" lon="12.139060"><ele>1906.0</ele></trkpt>
   <trkpt lat="46.288060" lon="12.139040"><ele>1903.0</ele></trkpt>
   <trkpt lat="46.288080" lon="12.139430"><ele>1896.0</ele></trkpt>
   <trkpt lat="46.288050" lon="12.139660"><ele>1894.0</ele></trkpt>
   <trkpt lat="46.288090" lon="12.139780"><ele>1894.0</ele></trkpt>
   <trkpt lat="46.288110" lon="12.140070"><ele>1889.0</ele></trkpt>
   <trkpt lat="46.288180" lon="12.140340"><ele>1885.0</ele></trkpt>
   <trkpt lat="46.288250" lon="12.140490"><ele>1883.0</ele></trkpt>
   <trkpt lat="46.288280" lon="12.140490"><ele>1883.0</ele></trkpt>
   <trkpt lat="46.288330" lon="12.140350"><ele>1879.0</ele></trkpt>
   <trkpt lat="46.288430" lon="12.139880"><ele>1878.0</ele></trkpt>
   <trkpt lat="46.288470" lon="12.139840"><ele>1878.0</ele></trkpt>
   <trkpt lat="46.288520" lon="12.139850"><ele>1874.0</ele></trkpt>
   <trkpt lat="46.288560" lon="12.139880"><ele>1874.0</ele></trkpt>
   <trkpt lat="46.288620" lon="12.139970"><ele>1871.0</ele></trkpt>
   <trkpt lat="46.288740" lon="12.140220"><ele>1866.0</ele></trkpt>
   <trkpt lat="46.288820" lon="12.140470"><ele>1864.0</ele></trkpt>
   <trkpt lat="46.288760" lon="12.140520"><ele>1866.0</ele></trkpt>
   <trkpt lat="46.288740" lon="12.140820"><ele>1864.0</ele></trkpt>
   <trkpt lat="46.288920" lon="12.141280"><ele>1857.0</ele></trkpt>
   <trkpt lat="46.289030" lon="12.141350"><ele>1854.0</ele></trkpt>
   <trkpt lat="46.289040" lon="12.141610"><ele>1849.0</ele></trkpt>
   <trkpt lat="46.289040" lon="12.141900"><ele>1847.0</ele></trkpt>
   <trkpt lat="46.289220" lon="12.142220"><ele>1845.0</ele></trkpt>
   <trkpt lat="46.288980" lon="12.142320"><ele>1844.0</ele></trkpt>
   <trkpt lat="46.289050" lon="12.142470"><ele>1840.0</ele></trkpt>
   <trkpt lat="46.289250" lon="12.142480"><ele>1837.0</ele></trkpt>
   <trkpt lat="46.289490" lon="12.142490"><ele>1834.0</ele></trkpt>
   <trkpt lat="46.289780" lon="12.142560"><ele>1828.0</ele></trkpt>
   <trkpt lat="46.290020" lon="12.142620"><ele>1822.0</ele></trkpt>
   <trkpt lat="46.290290" lon="12.142680"><ele>1815.0</ele></trkpt>
   <trkpt lat="46.290610" lon="12.142560"><ele>1809.0</ele></trkpt>
   <trkpt lat="46.290720" lon="12.142620"><ele>1806.0</ele></trkpt>
   <trkpt lat="46.290670" lon="12.142750"><ele>1805.0</ele></trkpt>
   <trkpt lat="46.290530" lon="12.142840"><ele>1805.0</ele></trkpt>
   <trkpt lat="46.290490" lon="12.143160"><ele>1801.0</ele></trkpt>
   <trkpt lat="46.290580" lon="12.143320"><ele>1796.0</ele></trkpt>
   <trkpt lat="46.290530" lon="12.143410"><ele>1795.0</ele></trkpt>
   <trkpt lat="46.290590" lon="12.143800"><ele>1793.0</ele></trkpt>
   <trkpt lat="46.290670" lon="12.144350"><ele>1785.0</ele></trkpt>
   <trkpt lat="46.290840" lon="12.144680"><ele>1782.0</ele></trkpt>
   <trkpt lat="46.291020" lon="12.144760"><ele>1781.0</ele></trkpt>
   <trkpt lat="46.291180" lon="12.144900"><ele>1781.0</ele></trkpt>
   <trkpt lat="46.291340" lon="12.144850"><ele>1776.0</ele></trkpt>
   <trkpt lat="46.291430" lon="12.144720"><ele>1780.0</ele></trkpt>
   <trkpt lat="46.291330" lon="12.144540"><ele>1776.0</ele></trkpt>
   <trkpt lat="46.291300" lon="12.144300"><ele>1779.0</ele></trkpt>
   <trkpt lat="46.291450" lon="12.143920"><ele>1774.0</ele></trkpt>
   <trkpt lat="46.291610" lon="12.143710"><ele>1771.0</ele></trkpt>
   <trkpt lat="46.291870" lon="12.143290"><ele>1768.0</ele></trkpt>
   <trkpt lat="46.292110" lon="12.143170"><ele>1761.0</ele></trkpt>
   <trkpt lat="46.292350" lon="12.143300"><ele>1753.0</ele></trkpt>
   <trkpt lat="46.292720" lon="12.143360"><ele>1746.0</ele></trkpt>
   <trkpt lat="46.292890" lon="12.143430"><ele>1743.0</ele></trkpt>
   <trkpt lat="46.293030" lon="12.143610"><ele>1737.0</ele></trkpt>
   <trkpt lat="46.293320" lon="12.143800"><ele>1734.0</ele></trkpt>
   <trkpt lat="46.293590" lon="12.143960"><ele>1729.0</ele></trkpt>
   <trkpt lat="46.293810" lon="12.144080"><ele>1725.0</ele></trkpt>
   <trkpt lat="46.294040" lon="12.144220"><ele>1719.0</ele></trkpt>
   <trkpt lat="46.294180" lon="12.144200"><ele>1723.0</ele></trkpt>
   <trkpt lat="46.294340" lon="12.144330"><ele>1714.0</ele></trkpt>
   <trkpt lat="46.294520" lon="12.144550"><ele>1711.0</ele></trkpt>
   <trkpt lat="46.294660" lon="12.144520"><ele>1712.0</ele></trkpt>
   <trkpt lat="46.294700" lon="12.144630"><ele>1709.0</ele></trkpt>
   <trkpt lat="46.294920" lon="12.144640"><ele>1708.0</ele></trkpt>
   <trkpt lat="46.295090" lon="12.144760"><ele>1705.0</ele></trkpt>
   <trkpt lat="46.295310" lon="12.144810"><ele>1700.0</ele></trkpt>
   <trkpt lat="46.295540" lon="12.145000"><ele>1698.0</ele></trkpt>
   <trkpt lat="46.295830" lon="12.145240"><ele>1690.0</ele></trkpt>
   <trkpt lat="46.295970" lon="12.145470"><ele>1684.0</ele></trkpt>
   <trkpt lat="46.296150" lon="12.145490"><ele>1684.0</ele></trkpt>
   <trkpt lat="46.296300" lon="12.145650"><ele>1677.0</ele></trkpt>
   <trkpt lat="46.296630" lon="12.145660"><ele>1675.0</ele></trkpt>
   <trkpt lat="46.297040" lon="12.145740"><ele>1670.0</ele></trkpt>
   <trkpt lat="46.297250" lon="12.145840"><ele>1664.0</ele></trkpt>
   <trkpt lat="46.297520" lon="12.145870"><ele>1661.0</ele></trkpt>
   <trkpt lat="46.297660" lon="12.145790"><ele>1662.0</ele></trkpt>
   <trkpt lat="46.297760" lon="12.145850"><ele>1657.0</ele></trkpt>
   <trkpt lat="46.298070" lon="12.145910"><ele>1650.0</ele></trkpt>
   <trkpt lat="46.298350" lon="12.145840"><ele>1647.0</ele></trkpt>
   <trkpt lat="46.298800" lon="12.145730"><ele>1639.0</ele></trkpt>
   <trkpt lat="46.299230" lon="12.145560"><ele>1633.0</ele></trkpt>
   <trkpt lat="46.299650" lon="12.145760"><ele>1624.0</ele></trkpt>
   <trkpt lat="46.299800" lon="12.145730"><ele>1623.0</ele></trkpt>
   <trkpt lat="46.300100" lon="12.145830"><ele>1616.0</ele></trkpt>
   <trkpt lat="46.300460" lon="12.145650"><ele>1616.0</ele></trkpt>
   <trkpt lat="46.300680" lon="12.145890"><ele>1610.0</ele></trkpt>
   <trkpt lat="46.300840" lon="12.145750"><ele>1610.0</ele></trkpt>
   <trkpt lat="46.301170" lon="12.145770"><ele>1612.0</ele></trkpt>
   <trkpt lat="46.301270" lon="12.145490"><ele>1605.0</ele></trkpt>
   <trkpt lat="46.301580" lon="12.145550"><ele>1599.0</ele></trkpt>
   <trkpt lat="46.301690" lon="12.145640"><ele>1595.0</ele></trkpt>
   <trkpt lat="46.301960" lon="12.145690"><ele>1590.0</ele></trkpt>
   <trkpt lat="46.302060" lon="12.146240"><ele>1577.0</ele></trkpt>
   <trkpt lat="46.302150" lon="12.146770"><ele>1564.0</ele></trkpt>
   <trkpt lat="46.302240" lon="12.147300"><ele>1545.0</ele></trkpt>
   <trkpt lat="46.302320" lon="12.147830"><ele>1535.0</ele></trkpt>
   <trkpt lat="46.302410" lon="12.148360"><ele>1533.0</ele></trkpt>
   <trkpt lat="46.302460" lon="12.148690"><ele>1533.0</ele></trkpt>
   <trkpt lat="46.302520" lon="12.149020"><ele>1531.0</ele></trkpt>
   <trkpt lat="46.302670" lon="12.149470"><ele>1531.0</ele></trkpt>
   <trkpt lat="46.302810" lon="12.149920"><ele>1538.0</ele></trkpt>
   <trkpt lat="46.302920" lon="12.150260"><ele>1541.0</ele></trkpt>
   <trkpt lat="46.303070" lon="12.150710"><ele>1541.0</ele></trkpt>
   <trkpt lat="46.303100" lon="12.150690"><ele>1542.0</ele></trkpt>
   <trkpt lat="46.303070" lon="12.150520"><ele>1542.0</ele></trkpt>
   <trkpt lat="46.302970" lon="12.150240"><ele>1541.0</ele></trkpt>
   <trkpt lat="46.302810" lon="12.149830"><ele>1537.0</ele></trkpt>
   <trkpt lat="46.302710" lon="12.149670"><ele>1534.0</ele></trkpt>
   <trkpt lat="46.302680" lon="12.149550"><ele>1532.0</ele></trkpt>
   <trkpt lat="46.302730" lon="12.149460"><ele>1531.0</ele></trkpt>
   <trkpt lat="46.302900" lon="12.149280"><ele>1529.0</ele></trkpt>
   <trkpt lat="46.303100" lon="12.149080"><ele>1529.0</ele></trkpt>
   <trkpt lat="46.303130" lon="12.148970"><ele>1529.0</ele></trkpt>
   <trkpt lat="46.303130" lon="12.148820"><ele>1528.0</ele></trkpt>
   <trkpt lat="46.303100" lon="12.148760"><ele>1529.0</ele></trkpt>
   <trkpt lat="46.303030" lon="12.148690"><ele>1529.0</ele></trkpt>
   <trkpt lat="46.303070" lon="12.148450"><ele>1530.0</ele></trkpt>
   <trkpt lat="46.303240" lon="12.148290"><ele>1530.0</ele></trkpt>
   <trkpt lat="46.303580" lon="12.148460"><ele>1528.0</ele></trkpt>
   <trkpt lat="46.303850" lon="12.148520"><ele>1528.0</ele></trkpt>
   <trkpt lat="46.304120" lon="12.148690"><ele>1528.0</ele></trkpt>
   <trkpt lat="46.304340" lon="12.148820"><ele>1523.0</ele></trkpt>
   <trkpt lat="46.304580" lon="12.148960"><ele>1519.0</ele></trkpt>
   <trkpt lat="46.304910" lon="12.148870"><ele>1516.0</ele></trkpt>
   <trkpt lat="46.305030" lon="12.148710"><ele>1514.0</ele></trkpt>
   <trkpt lat="46.305100" lon="12.148660"><ele>1515.0</ele></trkpt>
   <trkpt lat="46.305200" lon="12.148670"><ele>1514.0</ele></trkpt>
   <trkpt lat="46.305420" lon="12.148810"><ele>1510.0</ele></trkpt>
   <trkpt lat="46.305750" lon="12.149000"><ele>1507.0</ele></trkpt>
   <trkpt lat="46.305930" lon="12.149280"><ele>1500.0</ele></trkpt>
   <trkpt lat="46.306180" lon="12.149660"><ele>1497.0</ele></trkpt>
   <trkpt lat="46.306460" lon="12.149840"><ele>1494.0</ele></trkpt>
   <trkpt lat="46.306690" lon="12.149990"><ele>1492.0</ele></trkpt>
   <trkpt lat="46.306980" lon="12.150170"><ele>1486.0</ele></trkpt>
   <trkpt lat="46.307040" lon="12.150350"><ele>1484.0</ele></trkpt>
   <trkpt lat="46.307250" lon="12.150580"><ele>1483.0</ele></trkpt>
   <trkpt lat="46.307470" lon="12.150820"><ele>1480.0</ele></trkpt>
   <trkpt lat="46.307700" lon="12.151070"><ele>1479.0</ele></trkpt>
   <trkpt lat="46.307800" lon="12.151260"><ele>1478.0</ele></trkpt>
   <trkpt lat="46.307830" lon="12.151540"><ele>1478.0</ele></trkpt>
   <trkpt lat="46.307880" lon="12.151920"><ele>1477.0</ele></trkpt>
   <trkpt lat="46.308040" lon="12.152090"><ele>1477.0</ele></trkpt>
   <trkpt lat="46.308350" lon="12.152390"><ele>1476.0</ele></trkpt>
   <trkpt lat="46.308600" lon="12.152520"><ele>1475.0</ele></trkpt>
   <trkpt lat="46.308950" lon="12.152710"><ele>1475.0</ele></trkpt>
   <trkpt lat="46.309200" lon="12.152750"><ele>1476.0</ele></trkpt>
   <trkpt lat="46.309470" lon="12.152780"><ele>1476.0</ele></trkpt>
   <trkpt lat="46.309630" lon="12.152880"><ele>1477.0</ele></trkpt>
   <trkpt lat="46.309770" lon="12.153100"><ele>1476.0</ele></trkpt>
   <trkpt lat="46.309990" lon="12.153410"><ele>1476.0</ele></trkpt>
   <trkpt lat="46.310300" lon="12.153650"><ele>1476.0</ele></trkpt>
   <trkpt lat="46.310510" lon="12.153880"><ele>1476.0</ele></trkpt>
   <trkpt lat="46.310770" lon="12.154160"><ele>1476.0</ele></trkpt>
   <trkpt lat="46.310860" lon="12.154370"><ele>1475.0</ele></trkpt>
   <trkpt lat="46.311000" lon="12.154480"><ele>1476.0</ele></trkpt>
   <trkpt lat="46.311150" lon="12.154610"><ele>1477.0</ele></trkpt>
   <trkpt lat="46.311230" lon="12.154770"><ele>1476.0</ele></trkpt>
   <trkpt lat="46.311360" lon="12.154930"><ele>1476.0</ele></trkpt>
   <trkpt lat="46.311490" lon="12.155090"><ele>1476.0</ele></trkpt>
   <trkpt lat="46.311840" lon="12.155430"><ele>1480.0</ele></trkpt>
   <trkpt lat="46.312100" lon="12.155440"><ele>1482.0</ele></trkpt>
   <trkpt lat="46.312300" lon="12.155210"><ele>1482.0</ele></trkpt>
   <trkpt lat="46.312510" lon="12.154810"><ele>1492.0</ele></trkpt>
   <trkpt lat="46.312640" lon="12.154700"><ele>1496.0</ele></trkpt>
   <trkpt lat="46.312720" lon="12.154910"><ele>1491.0</ele></trkpt>
   <trkpt lat="46.312940" lon="12.155130"><ele>1491.0</ele></trkpt>
   <trkpt lat="46.313250" lon="12.155430"><ele>1490.0</ele></trkpt>
   <trkpt lat="46.313450" lon="12.155560"><ele>1489.0</ele></trkpt>
   <trkpt lat="46.313850" lon="12.155420"><ele>1489.0</ele></trkpt>
   <trkpt lat="46.314160" lon="12.155270"><ele>1495.0</ele></trkpt>
   <trkpt lat="46.314300" lon="12.155140"><ele>1497.0</ele></trkpt>
   <trkpt lat="46.314330" lon="12.155050"><ele>1499.0</ele></trkpt>
   <trkpt lat="46.314550" lon="12.154750"><ele>1505.0</ele></trkpt>
   <trkpt lat="46.314640" lon="12.154740"><ele>1506.0</ele></trkpt>
   <trkpt lat="46.314680" lon="12.154760"><ele>1506.0</ele></trkpt>
   <trkpt lat="46.314720" lon="12.154880"><ele>1505.0</ele></trkpt>
   <trkpt lat="46.314810" lon="12.154870"><ele>1506.0</ele></trkpt>
   <trkpt lat="46.314870" lon="12.154910"><ele>1505.0</ele></trkpt>
   <trkpt lat="46.314940" lon="12.155070"><ele>1504.0</ele></trkpt>
   <trkpt lat="46.315060" lon="12.155210"><ele>1501.0</ele></trkpt>
   <trkpt lat="46.315140" lon="12.155370"><ele>1503.0</ele></trkpt>
   <trkpt lat="46.315220" lon="12.155350"><ele>1500.0</ele></trkpt>
   <trkpt lat="46.315270" lon="12.155380"><ele>1500.0</ele></trkpt>
   <trkpt lat="46.315330" lon="12.155190"><ele>1505.0</ele></trkpt>
   <trkpt lat="46.315580" lon="12.154900"><ele>1507.0</ele></trkpt>
   <trkpt lat="46.315650" lon="12.154860"><ele>1507.0</ele></trkpt>
   <trkpt lat="46.315820" lon="12.154620"><ele>1509.0</ele></trkpt>
   <trkpt lat="46.315950" lon="12.154390"><ele>1509.0</ele></trkpt>
   <trkpt lat="46.316030" lon="12.154320"><ele>1512.0</ele></trkpt>
   <trkpt lat="46.316090" lon="12.154320"><ele>1512.0</ele></trkpt>
   <trkpt lat="46.316110" lon="12.154380"><ele>1506.0</ele></trkpt>
   <trkpt lat="46.316160" lon="12.154420"><ele>1508.0</ele></trkpt>
   <trkpt lat="46.316230" lon="12.154440"><ele>1505.0</ele></trkpt>
   <trkpt lat="46.316350" lon="12.154350"><ele>1504.0</ele></trkpt>
   <trkpt lat="46.316520" lon="12.154440"><ele>1499.0</ele></trkpt>
   <trkpt lat="46.316660" lon="12.154400"><ele>1501.0</ele></trkpt>
   <trkpt lat="46.317000" lon="12.154160"><ele>1501.0</ele></trkpt>
   <trkpt lat="46.317250" lon="12.154080"><ele>1499.0</ele></trkpt>
   <trkpt lat="46.317310" lon="12.154030"><ele>1495.0</ele></trkpt>
   <trkpt lat="46.317560" lon="12.153940"><ele>1500.0</ele></trkpt>
   <trkpt lat="46.317730" lon="12.153990"><ele>1501.0</ele></trkpt>
   <trkpt lat="46.317930" lon="12.153950"><ele>1501.0</ele></trkpt>
   <trkpt lat="46.318210" lon="12.153900"><ele>1501.0</ele></trkpt>
   <trkpt lat="46.318380" lon="12.153920"><ele>1498.0</ele></trkpt>
   <trkpt lat="46.318640" lon="12.153840"><ele>1502.0</ele></trkpt>
   <trkpt lat="46.318750" lon="12.153840"><ele>1502.0</ele></trkpt>
   <trkpt lat="46.318970" lon="12.153970"><ele>1502.0</ele></trkpt>
   <trkpt lat="46.319330" lon="12.154170"><ele>1504.0</ele></trkpt>
   <trkpt lat="46.319400" lon="12.154190"><ele>1504.0</ele></trkpt>
   <trkpt lat="46.319470" lon="12.154160"><ele>1508.0</ele></trkpt>
   <trkpt lat="46.319670" lon="12.154240"><ele>1507.0</ele></trkpt>
   <trkpt lat="46.319940" lon="12.154340"><ele>1506.0</ele></trkpt>
   <trkpt lat="46.320030" lon="12.154440"><ele>1507.0</ele></trkpt>
   <trkpt lat="46.320240" lon="12.154560"><ele>1505.0</ele></trkpt>
   <trkpt lat="46.320350" lon="12.154570"><ele>1508.0</ele></trkpt>
   <trkpt lat="46.320440" lon="12.154700"><ele>1503.0</ele></trkpt>
   <trkpt lat="46.320530" lon="12.154960"><ele>1480.0</ele></trkpt>
   <trkpt lat="46.320830" lon="12.155240"><ele>1476.0</ele></trkpt>
   <trkpt lat="46.321100" lon="12.155650"><ele>1466.0</ele></trkpt>
   <trkpt lat="46.321300" lon="12.156140"><ele>1452.0</ele></trkpt>
   <trkpt lat="46.321350" lon="12.156340"><ele>1447.0</ele></trkpt>
   <trkpt lat="46.321400" lon="12.156400"><ele>1447.0</ele></trkpt>
   <trkpt lat="46.321480" lon="12.156430"><ele>1445.0</ele></trkpt>
   <trkpt lat="46.321630" lon="12.156410"><ele>1447.0</ele></trkpt>
   <trkpt lat="46.321680" lon="12.156450"><ele>1447.0</ele></trkpt>
   <trkpt lat="46.321700" lon="12.156550"><ele>1443.0</ele></trkpt>
   <trkpt lat="46.321790" lon="12.156690"><ele>1449.0</ele></trkpt>
   <trkpt lat="46.321840" lon="12.156710"><ele>1444.0</ele></trkpt>
   <trkpt lat="46.321920" lon="12.156630"><ele>1451.0</ele></trkpt>
   <trkpt lat="46.322000" lon="12.156650"><ele>1451.0</ele></trkpt>
   <trkpt lat="46.322050" lon="12.156590"><ele>1459.0</ele></trkpt>
   <trkpt lat="46.322120" lon="12.156560"><ele>1463.0</ele></trkpt>
   <trkpt lat="46.322250" lon="12.156750"><ele>1451.0</ele></trkpt>
   <trkpt lat="46.322350" lon="12.156710"><ele>1453.0</ele></trkpt>
   <trkpt lat="46.322420" lon="12.156760"><ele>1456.0</ele></trkpt>
   <trkpt lat="46.322470" lon="12.156920"><ele>1447.0</ele></trkpt>
   <trkpt lat="46.322620" lon="12.157050"><ele>1448.0</ele></trkpt>
   <trkpt lat="46.322680" lon="12.157190"><ele>1443.0</ele></trkpt>
   <trkpt lat="46.322740" lon="12.157220"><ele>1439.0</ele></trkpt>
   <trkpt lat="46.322800" lon="12.157240"><ele>1439.0</ele></trkpt>
   <trkpt lat="46.322880" lon="12.157370"><ele>1446.0</ele></trkpt>
   <trkpt lat="46.322920" lon="12.157370"><ele>1437.0</ele></trkpt>
   <trkpt lat="46.322980" lon="12.157260"><ele>1442.0</ele></trkpt>
   <trkpt lat="46.323230" lon="12.157140"><ele>1450.0</ele></trkpt>
   <trkpt lat="46.323260" lon="12.157040"><ele>1455.0</ele></trkpt>
   <trkpt lat="46.323370" lon="12.156940"><ele>1452.0</ele></trkpt>
   <trkpt lat="46.323420" lon="12.156940"><ele>1460.0</ele></trkpt>
   <trkpt lat="46.323430" lon="12.157010"><ele>1455.0</ele></trkpt>
   <trkpt lat="46.323390" lon="12.157090"><ele>1455.0</ele></trkpt>
   <trkpt lat="46.323610" lon="12.157080"><ele>1452.0</ele></trkpt>
   <trkpt lat="46.323710" lon="12.157110"><ele>1452.0</ele></trkpt>
   <trkpt lat="46.323850" lon="12.157200"><ele>1452.0</ele></trkpt>
   <trkpt lat="46.323970" lon="12.157160"><ele>1452.0</ele></trkpt>
   <trkpt lat="46.324080" lon="12.157170"><ele>1452.0</ele></trkpt>
   <trkpt lat="46.324260" lon="12.157270"><ele>1449.0</ele></trkpt>
   <trkpt lat="46.324430" lon="12.157230"><ele>1449.0</ele></trkpt>
   <trkpt lat="46.324620" lon="12.157210"><ele>1449.0</ele></trkpt>
   <trkpt lat="46.324890" lon="12.157200"><ele>1447.0</ele></trkpt>
   <trkpt lat="46.325010" lon="12.157490"><ele>1445.0</ele></trkpt>
   <trkpt lat="46.325200" lon="12.157500"><ele>1445.0</ele></trkpt>
   <trkpt lat="46.325310" lon="12.157430"><ele>1446.0</ele></trkpt>
   <trkpt lat="46.325420" lon="12.157320"><ele>1447.0</ele></trkpt>
   <trkpt lat="46.325490" lon="12.157180"><ele>1448.0</ele></trkpt>
   <trkpt lat="46.325460" lon="12.157000"><ele>1447.0</ele></trkpt>
   <trkpt lat="46.325460" lon="12.156780"><ele>1445.0</ele></trkpt>
   <trkpt lat="46.325620" lon="12.156400"><ele>1435.0</ele></trkpt>
   <trkpt lat="46.325710" lon="12.156280"><ele>1430.0</ele></trkpt>
   <trkpt lat="46.325840" lon="12.156210"><ele>1428.0</ele></trkpt>
   <trkpt lat="46.326060" lon="12.156360"><ele>1427.0</ele></trkpt>
   <trkpt lat="46.326220" lon="12.156420"><ele>1424.0</ele></trkpt>
   <trkpt lat="46.326330" lon="12.156500"><ele>1420.0</ele></trkpt>
   <trkpt lat="46.326420" lon="12.156490"><ele>1416.0</ele></trkpt>
   <trkpt lat="46.326480" lon="12.156430"><ele>1416.0</ele></trkpt>
   <trkpt lat="46.326510" lon="12.156320"><ele>1409.0</ele></trkpt>
   <trkpt lat="46.326500" lon="12.156160"><ele>1409.0</ele></trkpt>
   <trkpt lat="46.326540" lon="12.155990"><ele>1400.0</ele></trkpt>
   <trkpt lat="46.326690" lon="12.156120"><ele>1401.0</ele></trkpt>
   <trkpt lat="46.326780" lon="12.156130"><ele>1398.0</ele></trkpt>
   <trkpt lat="46.327050" lon="12.156220"><ele>1388.0</ele></trkpt>
   <trkpt lat="46.327170" lon="12.156170"><ele>1383.0</ele></trkpt>
   <trkpt lat="46.327280" lon="12.156180"><ele>1380.0</ele></trkpt>
   <trkpt lat="46.327480" lon="12.156380"><ele>1378.0</ele></trkpt>
   <trkpt lat="46.327590" lon="12.156420"><ele>1377.0</ele></trkpt>
   <trkpt lat="46.327700" lon="12.156410"><ele>1375.0</ele></trkpt>
   <trkpt lat="46.327800" lon="12.156340"><ele>1373.0</ele></trkpt>
   <trkpt lat="46.327890" lon="12.156140"><ele>1367.0</ele></trkpt>
   <trkpt lat="46.328130" lon="12.156190"><ele>1358.0</ele></trkpt>
   <trkpt lat="46.328390" lon="12.156240"><ele>1354.0</ele></trkpt>
   <trkpt lat="46.328490" lon="12.156390"><ele>1353.0</ele></trkpt>
   <trkpt lat="46.328580" lon="12.156250"><ele>1349.0</ele></trkpt>
   <trkpt lat="46.328630" lon="12.156080"><ele>1344.0</ele></trkpt>
   <trkpt lat="46.328650" lon="12.155910"><ele>1343.0</ele></trkpt>
   <trkpt lat="46.328690" lon="12.155760"><ele>1340.0</ele></trkpt>
   <trkpt lat="46.328670" lon="12.155560"><ele>1337.0</ele></trkpt>
   <trkpt lat="46.328540" lon="12.155310"><ele>1336.0</ele></trkpt>
   <trkpt lat="46.328400" lon="12.155210"><ele>1335.0</ele></trkpt>
   <trkpt lat="46.328230" lon="12.155220"><ele>1336.0</ele></trkpt>
   <trkpt lat="46.327980" lon="12.155320"><ele>1346.0</ele></trkpt>
   <trkpt lat="46.327740" lon="12.155540"><ele>1356.0</ele></trkpt>
   <trkpt lat="46.327640" lon="12.155600"><ele>1358.0</ele></trkpt>
   <trkpt lat="46.327490" lon="12.155490"><ele>1355.0</ele></trkpt>
   <trkpt lat="46.327260" lon="12.155080"><ele>1354.0</ele></trkpt>
   <trkpt lat="46.327130" lon="12.154910"><ele>1354.0</ele></trkpt>
   <trkpt lat="46.327060" lon="12.154740"><ele>1352.0</ele></trkpt>
   <trkpt lat="46.327030" lon="12.154530"><ele>1346.0</ele></trkpt>
   <trkpt lat="46.326960" lon="12.154410"><ele>1350.0</ele></trkpt>
   <trkpt lat="46.326850" lon="12.154360"><ele>1344.0</ele></trkpt>
   <trkpt lat="46.326670" lon="12.154350"><ele>1349.0</ele></trkpt>
   <trkpt lat="46.326620" lon="12.154250"><ele>1347.0</ele></trkpt>
   <trkpt lat="46.326510" lon="12.154140"><ele>1354.0</ele></trkpt>
   <trkpt lat="46.326330" lon="12.154200"><ele>1353.0</ele></trkpt>
   <trkpt lat="46.326130" lon="12.154200"><ele>1359.0</ele></trkpt>
   <trkpt lat="46.326070" lon="12.154130"><ele>1362.0</ele></trkpt>
   <trkpt lat="46.326080" lon="12.153940"><ele>1356.0</ele></trkpt>
   <trkpt lat="46.326350" lon="12.153480"><ele>1355.0</ele></trkpt>
   <trkpt lat="46.326330" lon="12.153310"><ele>1353.0</ele></trkpt>
   <trkpt lat="46.326360" lon="12.153080"><ele>1355.0</ele></trkpt>
   <trkpt lat="46.326440" lon="12.152960"><ele>1350.0</ele></trkpt>
   <trkpt lat="46.326350" lon="12.152590"><ele>1357.0</ele></trkpt>
   <trkpt lat="46.326350" lon="12.152080"><ele>1357.0</ele></trkpt>
   <trkpt lat="46.326290" lon="12.151750"><ele>1358.0</ele></trkpt>
   <trkpt lat="46.326240" lon="12.151410"><ele>1358.0</ele></trkpt>
   <trkpt lat="46.326250" lon="12.151110"><ele>1358.0</ele></trkpt>
   <trkpt lat="46.326330" lon="12.150930"><ele>1352.0</ele></trkpt>
   <trkpt lat="46.326370" lon="12.150590"><ele>1353.0</ele></trkpt>
   <trkpt lat="46.326490" lon="12.150430"><ele>1349.0</ele></trkpt>
   <trkpt lat="46.326540" lon="12.150260"><ele>1346.0</ele></trkpt>
   <trkpt lat="46.326720" lon="12.150040"><ele>1337.0</ele></trkpt>
   <trkpt lat="46.326980" lon="12.149860"><ele>1326.0</ele></trkpt>
   <trkpt lat="46.327130" lon="12.149480"><ele>1311.0</ele></trkpt>
   <trkpt lat="46.327170" lon="12.149030"><ele>1304.0</ele></trkpt>
   <trkpt lat="46.327060" lon="12.148660"><ele>1301.0</ele></trkpt>
   <trkpt lat="46.326950" lon="12.148470"><ele>1301.0</ele></trkpt>
   <trkpt lat="46.326970" lon="12.148250"><ele>1294.0</ele></trkpt>
   <trkpt lat="46.326910" lon="12.147850"><ele>1281.0</ele></trkpt>
   <trkpt lat="46.326820" lon="12.147730"><ele>1281.0</ele></trkpt>
   <trkpt lat="46.326830" lon="12.147460"><ele>1271.0</ele></trkpt>
   <trkpt lat="46.326850" lon="12.147180"><ele>1271.0</ele></trkpt>
   <trkpt lat="46.326820" lon="12.146920"><ele>1270.0</ele></trkpt>
   <trkpt lat="46.326740" lon="12.146980"><ele>1272.0</ele></trkpt>
   <trkpt lat="46.326620" lon="12.146970"><ele>1274.0</ele></trkpt>
   <trkpt lat="46.326550" lon="12.146900"><ele>1277.0</ele></trkpt>
   <trkpt lat="46.326420" lon="12.146850"><ele>1280.0</ele></trkpt>
   <trkpt lat="46.326310" lon="12.146620"><ele>1283.0</ele></trkpt>
   <trkpt lat="46.326260" lon="12.146430"><ele>1286.0</ele></trkpt>
   <trkpt lat="46.326130" lon="12.146070"><ele>1288.0</ele></trkpt>
   <trkpt lat="46.326130" lon="12.145840"><ele>1288.0</ele></trkpt>
   <trkpt lat="46.326080" lon="12.145650"><ele>1290.0</ele></trkpt>
   <trkpt lat="46.326080" lon="12.145550"><ele>1290.0</ele></trkpt>
   <trkpt lat="46.325950" lon="12.145410"><ele>1292.0</ele></trkpt>
   <trkpt lat="46.325790" lon="12.145300"><ele>1298.0</ele></trkpt>
   <trkpt lat="46.325590" lon="12.145220"><ele>1303.0</ele></trkpt>
   <trkpt lat="46.325300" lon="12.145100"><ele>1310.0</ele></trkpt>
   <trkpt lat="46.325050" lon="12.144860"><ele>1316.0</ele></trkpt>
   <trkpt lat="46.324990" lon="12.144840"><ele>1319.0</ele></trkpt>
   <trkpt lat="46.324880" lon="12.144900"><ele>1322.0</ele></trkpt>
   <trkpt lat="46.324760" lon="12.144790"><ele>1325.0</ele></trkpt>
   <trkpt lat="46.324660" lon="12.144780"><ele>1328.0</ele></trkpt>
   <trkpt lat="46.324530" lon="12.144720"><ele>1332.0</ele></trkpt>
   <trkpt lat="46.324410" lon="12.144610"><ele>1336.0</ele></trkpt>
   <trkpt lat="46.324340" lon="12.144450"><ele>1340.0</ele></trkpt>
   <trkpt lat="46.324110" lon="12.144120"><ele>1347.0</ele></trkpt>
   <trkpt lat="46.324040" lon="12.143940"><ele>1350.0</ele></trkpt>
   <trkpt lat="46.323960" lon="12.143650"><ele>1349.0</ele></trkpt>
   <trkpt lat="46.323920" lon="12.143440"><ele>1355.0</ele></trkpt>
   <trkpt lat="46.323910" lon="12.143110"><ele>1352.0</ele></trkpt>
   <trkpt lat="46.323860" lon="12.142990"><ele>1355.0</ele></trkpt>
   <trkpt lat="46.323710" lon="12.142810"><ele>1359.0</ele></trkpt>
   <trkpt lat="46.323560" lon="12.142610"><ele>1368.0</ele></trkpt>
   <trkpt lat="46.323430" lon="12.142460"><ele>1372.0</ele></trkpt>
   <trkpt lat="46.323400" lon="12.142340"><ele>1370.0</ele></trkpt>
   <trkpt lat="46.323390" lon="12.141950"><ele>1368.0</ele></trkpt>
   <trkpt lat="46.323400" lon="12.141840"><ele>1371.0</ele></trkpt>
   <trkpt lat="46.323470" lon="12.141560"><ele>1366.0</ele></trkpt>
   <trkpt lat="46.323550" lon="12.141240"><ele>1365.0</ele></trkpt>
   <trkpt lat="46.323600" lon="12.140800"><ele>1364.0</ele></trkpt>
   <trkpt lat="46.323850" lon="12.140240"><ele>1363.0</ele></trkpt>
   <trkpt lat="46.324000" lon="12.139730"><ele>1363.0</ele></trkpt>
   <trkpt lat="46.324160" lon="12.139400"><ele>1364.0</ele></trkpt>
   <trkpt lat="46.324270" lon="12.139310"><ele>1364.0</ele></trkpt>
   <trkpt lat="46.324320" lon="12.139110"><ele>1365.0</ele></trkpt>
   <trkpt lat="46.324350" lon="12.139080"><ele>1366.0</ele></trkpt>
   <trkpt lat="46.324330" lon="12.138950"><ele>1367.0</ele></trkpt>
   <trkpt lat="46.324420" lon="12.138660"><ele>1370.0</ele></trkpt>
   <trkpt lat="46.324600" lon="12.138410"><ele>1372.0</ele></trkpt>
   <trkpt lat="46.324790" lon="12.138270"><ele>1378.0</ele></trkpt>
   <trkpt lat="46.324860" lon="12.138270"><ele>1379.0</ele></trkpt>
   <trkpt lat="46.324930" lon="12.138200"><ele>1382.0</ele></trkpt>
   <trkpt lat="46.325020" lon="12.138000"><ele>1387.0</ele></trkpt>
   <trkpt lat="46.325170" lon="12.137820"><ele>1391.0</ele></trkpt>
   <trkpt lat="46.325170" lon="12.137700"><ele>1396.0</ele></trkpt>
   <trkpt lat="46.325230" lon="12.137600"><ele>1400.0</ele></trkpt>
   <trkpt lat="46.325250" lon="12.137500"><ele>1403.0</ele></trkpt>
   <trkpt lat="46.325210" lon="12.137410"><ele>1403.0</ele></trkpt>
   <trkpt lat="46.325170" lon="12.137390"><ele>1404.0</ele></trkpt>
   <trkpt lat="46.325180" lon="12.137330"><ele>1404.0</ele></trkpt>
   <trkpt lat="46.325140" lon="12.137290"><ele>1407.0</ele></trkpt>
   <trkpt lat="46.325170" lon="12.137200"><ele>1410.0</ele></trkpt>
   <trkpt lat="46.325100" lon="12.136960"><ele>1414.0</ele></trkpt>
   <trkpt lat="46.325140" lon="12.136880"><ele>1418.0</ele></trkpt>
   <trkpt lat="46.325090" lon="12.136850"><ele>1417.0</ele></trkpt>
   <trkpt lat="46.325080" lon="12.136640"><ele>1423.0</ele></trkpt>
   <trkpt lat="46.325050" lon="12.136540"><ele>1426.0</ele></trkpt>
   <trkpt lat="46.325060" lon="12.136390"><ele>1430.0</ele></trkpt>
   <trkpt lat="46.325080" lon="12.136330"><ele>1430.0</ele></trkpt>
   <trkpt lat="46.325050" lon="12.136300"><ele>1432.0</ele></trkpt>
   <trkpt lat="46.325040" lon="12.136220"><ele>1432.0</ele></trkpt>
   <trkpt lat="46.324920" lon="12.136060"><ele>1435.0</ele></trkpt>
   <trkpt lat="46.324910" lon="12.135990"><ele>1437.0</ele></trkpt>
   <trkpt lat="46.325030" lon="12.135500"><ele>1447.0</ele></trkpt>
   <trkpt lat="46.325030" lon="12.135120"><ele>1453.0</ele></trkpt>
   <trkpt lat="46.324980" lon="12.134960"><ele>1457.0</ele></trkpt>
   <trkpt lat="46.324900" lon="12.134570"><ele>1465.0</ele></trkpt>
   <trkpt lat="46.324900" lon="12.134290"><ele>1470.0</ele></trkpt>
   <trkpt lat="46.324890" lon="12.134240"><ele>1470.0</ele></trkpt>
   <trkpt lat="46.324790" lon="12.134160"><ele>1472.0</ele></trkpt>
   <trkpt lat="46.324770" lon="12.134110"><ele>1472.0</ele></trkpt>
   <trkpt lat="46.324670" lon="12.133790"><ele>1481.0</ele></trkpt>
   <trkpt lat="46.324610" lon="12.133440"><ele>1486.0</ele></trkpt>
   <trkpt lat="46.324650" lon="12.133300"><ele>1489.0</ele></trkpt>
   <trkpt lat="46.324740" lon="12.133220"><ele>1487.0</ele></trkpt>
   <trkpt lat="46.324780" lon="12.133020"><ele>1491.0</ele></trkpt>
   <trkpt lat="46.324760" lon="12.132910"><ele>1493.0</ele></trkpt>
   <trkpt lat="46.324720" lon="12.132800"><ele>1497.0</ele></trkpt>
   <trkpt lat="46.324750" lon="12.132710"><ele>1497.0</ele></trkpt>
   <trkpt lat="46.324710" lon="12.132680"><ele>1499.0</ele></trkpt>
   <trkpt lat="46.324690" lon="12.132570"><ele>1504.0</ele></trkpt>
   <trkpt lat="46.324710" lon="12.132170"><ele>1510.0</ele></trkpt>
   <trkpt lat="46.324720" lon="12.132090"><ele>1512.0</ele></trkpt>
   <trkpt lat="46.324740" lon="12.132070"><ele>1512.0</ele></trkpt>
   <trkpt lat="46.324700" lon="12.131990"><ele>1517.0</ele></trkpt>
   <trkpt lat="46.324760" lon="12.131870"><ele>1516.0</ele></trkpt>
   <trkpt lat="46.324790" lon="12.131690"><ele>1521.0</ele></trkpt>
   <trkpt lat="46.324760" lon="12.131590"><ele>1523.0</ele></trkpt>
   <trkpt lat="46.324770" lon="12.131450"><ele>1525.0</ele></trkpt>
   <trkpt lat="46.324740" lon="12.131270"><ele>1529.0</ele></trkpt>
   <trkpt lat="46.324750" lon="12.131130"><ele>1531.0</ele></trkpt>
   <trkpt lat="46.324730" lon="12.131030"><ele>1533.0</ele></trkpt>
   <trkpt lat="46.324700" lon="12.130990"><ele>1537.0</ele></trkpt>
   <trkpt lat="46.324680" lon="12.130860"><ele>1538.0</ele></trkpt>
   <trkpt lat="46.324600" lon="12.130730"><ele>1544.0</ele></trkpt>
   <trkpt lat="46.324580" lon="12.130640"><ele>1546.0</ele></trkpt>
   <trkpt lat="46.324510" lon="12.130600"><ele>1547.0</ele></trkpt>
   <trkpt lat="46.324410" lon="12.130420"><ele>1554.0</ele></trkpt>
   <trkpt lat="46.324250" lon="12.130300"><ele>1566.0</ele></trkpt>
   <trkpt lat="46.324210" lon="12.130160"><ele>1568.0</ele></trkpt>
   <trkpt lat="46.324120" lon="12.130040"><ele>1573.0</ele></trkpt>
   <trkpt lat="46.324100" lon="12.129940"><ele>1578.0</ele></trkpt>
   <trkpt lat="46.324020" lon="12.129820"><ele>1578.0</ele></trkpt>
   <trkpt lat="46.323990" lon="12.129790"><ele>1582.0</ele></trkpt>
   <trkpt lat="46.323910" lon="12.129810"><ele>1582.0</ele></trkpt>
   <trkpt lat="46.323780" lon="12.129650"><ele>1594.0</ele></trkpt>
   <trkpt lat="46.323650" lon="12.129580"><ele>1601.0</ele></trkpt>
   <trkpt lat="46.323410" lon="12.129280"><ele>1613.0</ele></trkpt>
   <trkpt lat="46.323340" lon="12.129160"><ele>1618.0</ele></trkpt>
   <trkpt lat="46.323320" lon="12.128960"><ele>1617.0</ele></trkpt>
   <trkpt lat="46.323270" lon="12.128930"><ele>1622.0</ele></trkpt>
   <trkpt lat="46.323220" lon="12.128820"><ele>1623.0</ele></trkpt>
   <trkpt lat="46.323130" lon="12.128740"><ele>1630.0</ele></trkpt>
   <trkpt lat="46.323050" lon="12.128480"><ele>1637.0</ele></trkpt>
   <trkpt lat="46.322790" lon="12.128210"><ele>1641.0</ele></trkpt>
   <trkpt lat="46.322770" lon="12.128140"><ele>1653.0</ele></trkpt>
   <trkpt lat="46.322800" lon="12.128020"><ele>1653.0</ele></trkpt>
   <trkpt lat="46.322920" lon="12.127790"><ele>1646.0</ele></trkpt>
   <trkpt lat="46.323080" lon="12.127490"><ele>1646.0</ele></trkpt>
   <trkpt lat="46.323270" lon="12.127260"><ele>1646.0</ele></trkpt>
   <trkpt lat="46.323470" lon="12.126940"><ele>1646.0</ele></trkpt>
   <trkpt lat="46.323610" lon="12.126680"><ele>1649.0</ele></trkpt>
   <trkpt lat="46.323680" lon="12.126500"><ele>1654.0</ele></trkpt>
   <trkpt lat="46.323880" lon="12.126300"><ele>1655.0</ele></trkpt>
   <trkpt lat="46.323960" lon="12.126160"><ele>1655.0</ele></trkpt>
   <trkpt lat="46.323990" lon="12.126030"><ele>1659.0</ele></trkpt>
   <trkpt lat="46.324150" lon="12.125910"><ele>1658.0</ele></trkpt>
   <trkpt lat="46.324280" lon="12.125700"><ele>1661.0</ele></trkpt>
   <trkpt lat="46.324480" lon="12.125520"><ele>1664.0</ele></trkpt>
   <trkpt lat="46.324670" lon="12.125330"><ele>1666.0</ele></trkpt>
   <trkpt lat="46.324890" lon="12.125170"><ele>1666.0</ele></trkpt>
   <trkpt lat="46.325050" lon="12.125140"><ele>1665.0</ele></trkpt>
   <trkpt lat="46.325220" lon="12.124980"><ele>1667.0</ele></trkpt>
   <trkpt lat="46.325450" lon="12.124770"><ele>1670.0</ele></trkpt>
   <trkpt lat="46.325620" lon="12.124540"><ele>1672.0</ele></trkpt>
   <trkpt lat="46.325800" lon="12.124300"><ele>1675.0</ele></trkpt>
   <trkpt lat="46.326020" lon="12.124160"><ele>1678.0</ele></trkpt>
   <trkpt lat="46.326260" lon="12.124010"><ele>1680.0</ele></trkpt>
   <trkpt lat="46.326330" lon="12.123870"><ele>1685.0</ele></trkpt>
   <trkpt lat="46.326480" lon="12.123710"><ele>1687.0</ele></trkpt>
   <trkpt lat="46.326670" lon="12.123680"><ele>1690.0</ele></trkpt>
   <trkpt lat="46.326810" lon="12.123580"><ele>1697.0</ele></trkpt>
   <trkpt lat="46.327010" lon="12.123640"><ele>1692.0</ele></trkpt>
   <trkpt lat="46.327360" lon="12.123930"><ele>1685.0</ele></trkpt>
   <trkpt lat="46.327420" lon="12.124010"><ele>1691.0</ele></trkpt>
   <trkpt lat="46.327580" lon="12.124460"><ele>1684.0</ele></trkpt>
   <trkpt lat="46.327780" lon="12.124340"><ele>1683.0</ele></trkpt>
   <trkpt lat="46.327870" lon="12.124430"><ele>1680.0</ele></trkpt>
   <trkpt lat="46.327870" lon="12.124640"><ele>1673.0</ele></trkpt>
   <trkpt lat="46.327970" lon="12.124620"><ele>1673.0</ele></trkpt>
   <trkpt lat="46.328170" lon="12.124930"><ele>1663.0</ele></trkpt>
   <trkpt lat="46.328410" lon="12.125170"><ele>1656.0</ele></trkpt>
   <trkpt lat="46.328690" lon="12.125240"><ele>1651.0</ele></trkpt>
   <trkpt lat="46.328970" lon="12.125450"><ele>1644.0</ele></trkpt>
   <trkpt lat="46.329100" lon="12.125610"><ele>1636.0</ele></trkpt>
   <trkpt lat="46.329220" lon="12.125820"><ele>1627.0</ele></trkpt>
   <trkpt lat="46.329360" lon="12.126090"><ele>1616.0</ele></trkpt>
   <trkpt lat="46.329550" lon="12.126400"><ele>1601.0</ele></trkpt>
   <trkpt lat="46.329630" lon="12.126460"><ele>1597.0</ele></trkpt>
   <trkpt lat="46.329930" lon="12.126520"><ele>1598.0</ele></trkpt>
   <trkpt lat="46.330060" lon="12.126440"><ele>1597.0</ele></trkpt>
   <trkpt lat="46.330280" lon="12.126460"><ele>1595.0</ele></trkpt>
   <trkpt lat="46.330510" lon="12.126710"><ele>1570.0</ele></trkpt>
   <trkpt lat="46.330660" lon="12.126670"><ele>1576.0</ele></trkpt>
   <trkpt lat="46.330950" lon="12.126660"><ele>1565.0</ele></trkpt>
   <trkpt lat="46.331210" lon="12.126560"><ele>1555.0</ele></trkpt>
   <trkpt lat="46.331430" lon="12.126540"><ele>1555.0</ele></trkpt>
   <trkpt lat="46.331460" lon="12.126190"><ele>1556.0</ele></trkpt>
   <trkpt lat="46.331490" lon="12.125810"><ele>1563.0</ele></trkpt>
   <trkpt lat="46.331560" lon="12.125520"><ele>1563.0</ele></trkpt>
   <trkpt lat="46.331570" lon="12.125330"><ele>1565.0</ele></trkpt>
   <trkpt lat="46.331610" lon="12.125120"><ele>1559.0</ele></trkpt>
   <trkpt lat="46.331770" lon="12.124980"><ele>1553.0</ele></trkpt>
   <trkpt lat="46.332050" lon="12.124860"><ele>1533.0</ele></trkpt>
   <trkpt lat="46.332090" lon="12.124710"><ele>1534.0</ele></trkpt>
   <trkpt lat="46.332110" lon="12.124310"><ele>1536.0</ele></trkpt>
   <trkpt lat="46.332100" lon="12.124210"><ele>1537.0</ele></trkpt>
   <trkpt lat="46.332140" lon="12.124210"><ele>1531.0</ele></trkpt>
   <trkpt lat="46.332090" lon="12.123960"><ele>1539.0</ele></trkpt>
   <trkpt lat="46.332010" lon="12.123760"><ele>1540.0</ele></trkpt>
   <trkpt lat="46.331990" lon="12.123530"><ele>1546.0</ele></trkpt>
   <trkpt lat="46.331970" lon="12.123290"><ele>1549.0</ele></trkpt>
   <trkpt lat="46.332010" lon="12.123100"><ele>1547.0</ele></trkpt>
   <trkpt lat="46.332170" lon="12.122790"><ele>1547.0</ele></trkpt>
   <trkpt lat="46.332220" lon="12.122440"><ele>1548.0</ele></trkpt>
   <trkpt lat="46.332190" lon="12.122080"><ele>1558.0</ele></trkpt>
   <trkpt lat="46.332160" lon="12.121670"><ele>1566.0</ele></trkpt>
   <trkpt lat="46.332220" lon="12.121410"><ele>1567.0</ele></trkpt>
   <trkpt lat="46.332390" lon="12.121210"><ele>1568.0</ele></trkpt>
   <trkpt lat="46.332460" lon="12.121000"><ele>1572.0</ele></trkpt>
   <trkpt lat="46.332380" lon="12.120790"><ele>1578.0</ele></trkpt>
   <trkpt lat="46.332210" lon="12.120460"><ele>1584.0</ele></trkpt>
   <trkpt lat="46.331990" lon="12.120200"><ele>1593.0</ele></trkpt>
   <trkpt lat="46.331880" lon="12.119830"><ele>1597.0</ele></trkpt>
   <trkpt lat="46.331900" lon="12.119580"><ele>1599.0</ele></trkpt>
   <trkpt lat="46.331780" lon="12.119210"><ele>1601.0</ele></trkpt>
   <trkpt lat="46.331670" lon="12.118840"><ele>1601.0</ele></trkpt>
   <trkpt lat="46.331510" lon="12.118310"><ele>1595.0</ele></trkpt>
   <trkpt lat="46.331390" lon="12.117830"><ele>1594.0</ele></trkpt>
   <trkpt lat="46.331080" lon="12.117420"><ele>1594.0</ele></trkpt>
   <trkpt lat="46.330950" lon="12.116980"><ele>1585.0</ele></trkpt>
   <trkpt lat="46.330820" lon="12.116530"><ele>1579.0</ele></trkpt>
   <trkpt lat="46.330720" lon="12.116210"><ele>1577.0</ele></trkpt>
   <trkpt lat="46.330620" lon="12.115850"><ele>1575.0</ele></trkpt>
   <trkpt lat="46.330470" lon="12.115450"><ele>1574.0</ele></trkpt>
   <trkpt lat="46.330320" lon="12.115060"><ele>1573.0</ele></trkpt>
   <trkpt lat="46.330160" lon="12.114650"><ele>1573.0</ele></trkpt>
   <trkpt lat="46.330010" lon="12.114380"><ele>1573.0</ele></trkpt>
   <trkpt lat="46.330080" lon="12.114070"><ele>1573.0</ele></trkpt>
   <trkpt lat="46.330040" lon="12.113740"><ele>1573.0</ele></trkpt>
   <trkpt lat="46.330110" lon="12.113450"><ele>1580.0</ele></trkpt>
   <trkpt lat="46.330000" lon="12.113080"><ele>1587.0</ele></trkpt>
   <trkpt lat="46.330080" lon="12.112550"><ele>1593.0</ele></trkpt>
   <trkpt lat="46.330220" lon="12.112050"><ele>1595.0</ele></trkpt>
   <trkpt lat="46.330270" lon="12.111670"><ele>1605.0</ele></trkpt>
   <trkpt lat="46.330240" lon="12.111280"><ele>1612.0</ele></trkpt>
   <trkpt lat="46.330280" lon="12.110990"><ele>1615.0</ele></trkpt>
   <trkpt lat="46.330270" lon="12.110560"><ele>1618.0</ele></trkpt>
   <trkpt lat="46.330260" lon="12.110200"><ele>1618.0</ele></trkpt>
   <trkpt lat="46.330250" lon="12.109780"><ele>1617.0</ele></trkpt>
   <trkpt lat="46.330290" lon="12.109530"><ele>1614.0</ele></trkpt>
   <trkpt lat="46.330210" lon="12.109270"><ele>1611.0</ele></trkpt>
   <trkpt lat="46.330310" lon="12.109110"><ele>1606.0</ele></trkpt>
   <trkpt lat="46.330320" lon="12.108820"><ele>1607.0</ele></trkpt>
   <trkpt lat="46.330150" lon="12.108530"><ele>1603.0</ele></trkpt>
   <trkpt lat="46.329940" lon="12.108170"><ele>1603.0</ele></trkpt>
   <trkpt lat="46.329920" lon="12.107500"><ele>1592.0</ele></trkpt>
   <trkpt lat="46.330020" lon="12.107040"><ele>1584.0</ele></trkpt>
   <trkpt lat="46.330030" lon="12.106750"><ele>1583.0</ele></trkpt>
   <trkpt lat="46.329890" lon="12.106410"><ele>1583.0</ele></trkpt>
   <trkpt lat="46.329670" lon="12.106240"><ele>1587.0</ele></trkpt>
   <trkpt lat="46.329560" lon="12.106010"><ele>1583.0</ele></trkpt>
   <trkpt lat="46.329640" lon="12.105640"><ele>1580.0</ele></trkpt>
   <trkpt lat="46.329660" lon="12.105150"><ele>1580.0</ele></trkpt>
   <trkpt lat="46.329610" lon="12.104650"><ele>1581.0</ele></trkpt>
   <trkpt lat="46.329480" lon="12.104330"><ele>1581.0</ele></trkpt>
   <trkpt lat="46.329370" lon="12.103980"><ele>1580.0</ele></trkpt>
   <trkpt lat="46.329240" lon="12.103530"><ele>1580.0</ele></trkpt>
   <trkpt lat="46.329060" lon="12.103370"><ele>1577.0</ele></trkpt>
   <trkpt lat="46.329030" lon="12.102970"><ele>1576.0</ele></trkpt>
   <trkpt lat="46.328900" lon="12.102650"><ele>1576.0</ele></trkpt>
   <trkpt lat="46.328670" lon="12.102470"><ele>1578.0</ele></trkpt>
   <trkpt lat="46.328380" lon="12.102240"><ele>1589.0</ele></trkpt>
   <trkpt lat="46.328140" lon="12.102300"><ele>1597.0</ele></trkpt>
   <trkpt lat="46.327950" lon="12.102190"><ele>1598.0</ele></trkpt>
   <trkpt lat="46.328030" lon="12.101890"><ele>1600.0</ele></trkpt>
   <trkpt lat="46.328060" lon="12.101620"><ele>1604.0</ele></trkpt>
   <trkpt lat="46.327980" lon="12.101310"><ele>1609.0</ele></trkpt>
   <trkpt lat="46.327810" lon="12.101060"><ele>1611.0</ele></trkpt>
   <trkpt lat="46.327650" lon="12.100810"><ele>1607.0</ele></trkpt>
   <trkpt lat="46.327520" lon="12.100380"><ele>1604.0</ele></trkpt>
   <trkpt lat="46.327350" lon="12.099930"><ele>1604.0</ele></trkpt>
   <trkpt lat="46.327430" lon="12.099720"><ele>1597.0</ele></trkpt>
   <trkpt lat="46.327430" lon="12.099540"><ele>1593.0</ele></trkpt>
   <trkpt lat="46.327240" lon="12.099280"><ele>1595.0</ele></trkpt>
   <trkpt lat="46.326940" lon="12.099200"><ele>1598.0</ele></trkpt>
   <trkpt lat="46.326750" lon="12.099070"><ele>1603.0</ele></trkpt>
   <trkpt lat="46.326660" lon="12.098910"><ele>1608.0</ele></trkpt>
   <trkpt lat="46.326510" lon="12.098580"><ele>1603.0</ele></trkpt>
   <trkpt lat="46.326370" lon="12.098270"><ele>1603.0</ele></trkpt>
   <trkpt lat="46.326210" lon="12.097880"><ele>1595.0</ele></trkpt>
   <trkpt lat="46.326250" lon="12.097590"><ele>1592.0</ele></trkpt>
   <trkpt lat="46.326200" lon="12.097130"><ele>1593.0</ele></trkpt>
   <trkpt lat="46.326080" lon="12.096950"><ele>1591.0</ele></trkpt>
   <trkpt lat="46.325890" lon="12.096790"><ele>1594.0</ele></trkpt>
   <trkpt lat="46.325650" lon="12.096620"><ele>1596.0</ele></trkpt>
   <trkpt lat="46.325320" lon="12.096380"><ele>1595.0</ele></trkpt>
   <trkpt lat="46.325530" lon="12.095840"><ele>1594.0</ele></trkpt>
   <trkpt lat="46.325740" lon="12.095740"><ele>1592.0</ele></trkpt>
   <trkpt lat="46.325920" lon="12.095790"><ele>1592.0</ele></trkpt>
   <trkpt lat="46.326130" lon="12.095840"><ele>1592.0</ele></trkpt>
   <trkpt lat="46.326480" lon="12.095920"><ele>1594.0</ele></trkpt>
   <trkpt lat="46.326600" lon="12.095920"><ele>1596.0</ele></trkpt>
   <trkpt lat="46.326700" lon="12.095960"><ele>1598.0</ele></trkpt>
   <trkpt lat="46.326770" lon="12.096030"><ele>1598.0</ele></trkpt>
   <trkpt lat="46.326880" lon="12.096300"><ele>1599.0</ele></trkpt>
   <trkpt lat="46.326970" lon="12.096360"><ele>1600.0</ele></trkpt>
   <trkpt lat="46.327210" lon="12.096620"><ele>1602.0</ele></trkpt>
   <trkpt lat="46.327430" lon="12.096760"><ele>1603.0</ele></trkpt>
   <trkpt lat="46.327560" lon="12.096770"><ele>1604.0</ele></trkpt>
   <trkpt lat="46.327630" lon="12.096830"><ele>1603.0</ele></trkpt>
   <trkpt lat="46.327690" lon="12.097090"><ele>1600.0</ele></trkpt>
   <trkpt lat="46.327780" lon="12.097220"><ele>1598.0</ele></trkpt>
   <trkpt lat="46.327860" lon="12.097270"><ele>1598.0</ele></trkpt>
   <trkpt lat="46.327970" lon="12.097260"><ele>1599.0</ele></trkpt>
   <trkpt lat="46.328120" lon="12.097310"><ele>1598.0</ele></trkpt>
   <trkpt lat="46.328260" lon="12.097260"><ele>1600.0</ele></trkpt>
   <trkpt lat="46.328440" lon="12.097110"><ele>1602.0</ele></trkpt>
   <trkpt lat="46.328520" lon="12.097000"><ele>1605.0</ele></trkpt>
   <trkpt lat="46.328720" lon="12.096960"><ele>1605.0</ele></trkpt>
   <trkpt lat="46.329000" lon="12.096810"><ele>1606.0</ele></trkpt>
   <trkpt lat="46.329160" lon="12.096590"><ele>1607.0</ele></trkpt>
   <trkpt lat="46.329390" lon="12.096620"><ele>1608.0</ele></trkpt>
   <trkpt lat="46.329550" lon="12.096560"><ele>1609.0</ele></trkpt>
   <trkpt lat="46.329810" lon="12.096550"><ele>1608.0</ele></trkpt>
   <trkpt lat="46.329980" lon="12.096470"><ele>1609.0</ele></trkpt>
   <trkpt lat="46.330050" lon="12.096550"><ele>1608.0</ele></trkpt>
   <trkpt lat="46.330190" lon="12.096600"><ele>1608.0</ele></trkpt>
   <trkpt lat="46.330280" lon="12.096570"><ele>1608.0</ele></trkpt>
   <trkpt lat="46.330510" lon="12.096650"><ele>1602.0</ele></trkpt>
   <trkpt lat="46.330680" lon="12.096550"><ele>1602.0</ele></trkpt>
   <trkpt lat="46.330790" lon="12.096580"><ele>1600.0</ele></trkpt>
   <trkpt lat="46.330990" lon="12.096550"><ele>1597.0</ele></trkpt>
   <trkpt lat="46.331080" lon="12.096480"><ele>1596.0</ele></trkpt>
   <trkpt lat="46.331210" lon="12.096480"><ele>1593.0</ele></trkpt>
   <trkpt lat="46.331400" lon="12.096380"><ele>1593.0</ele></trkpt>
   <trkpt lat="46.331490" lon="12.096400"><ele>1593.0</ele></trkpt>
   <trkpt lat="46.331640" lon="12.096270"><ele>1593.0</ele></trkpt>
   <trkpt lat="46.331710" lon="12.095810"><ele>1589.0</ele></trkpt>
   <trkpt lat="46.331860" lon="12.095770"><ele>1589.0</ele></trkpt>
   <trkpt lat="46.331950" lon="12.095710"><ele>1589.0</ele></trkpt>
   <trkpt lat="46.332000" lon="12.095500"><ele>1590.0</ele></trkpt>
   <trkpt lat="46.332130" lon="12.095370"><ele>1589.0</ele></trkpt>
   <trkpt lat="46.332230" lon="12.095340"><ele>1583.0</ele></trkpt>
   <trkpt lat="46.332380" lon="12.095230"><ele>1581.0</ele></trkpt>
   <trkpt lat="46.332460" lon="12.095250"><ele>1575.0</ele></trkpt>
   <trkpt lat="46.332650" lon="12.095170"><ele>1580.0</ele></trkpt>
   <trkpt lat="46.332840" lon="12.095080"><ele>1579.0</ele></trkpt>
   <trkpt lat="46.332940" lon="12.095110"><ele>1575.0</ele></trkpt>
   <trkpt lat="46.333150" lon="12.094940"><ele>1581.0</ele></trkpt>
   <trkpt lat="46.333370" lon="12.094640"><ele>1583.0</ele></trkpt>
   <trkpt lat="46.333390" lon="12.094520"><ele>1585.0</ele></trkpt>
   <trkpt lat="46.333460" lon="12.094430"><ele>1586.0</ele></trkpt>
   <trkpt lat="46.333540" lon="12.094450"><ele>1581.0</ele></trkpt>
   <trkpt lat="46.333930" lon="12.094290"><ele>1579.0</ele></trkpt>
   <trkpt lat="46.334270" lon="12.094110"><ele>1579.0</ele></trkpt>
   <trkpt lat="46.334370" lon="12.093940"><ele>1577.0</ele></trkpt>
   <trkpt lat="46.334450" lon="12.093730"><ele>1580.0</ele></trkpt>
   <trkpt lat="46.334530" lon="12.093680"><ele>1580.0</ele></trkpt>
   <trkpt lat="46.334580" lon="12.093580"><ele>1583.0</ele></trkpt>
   <trkpt lat="46.334700" lon="12.093280"><ele>1582.0</ele></trkpt>
   <trkpt lat="46.334680" lon="12.093130"><ele>1589.0</ele></trkpt>
   <trkpt lat="46.334740" lon="12.092940"><ele>1580.0</ele></trkpt>
   <trkpt lat="46.334770" lon="12.092810"><ele>1585.0</ele></trkpt>
   <trkpt lat="46.334840" lon="12.092720"><ele>1578.0</ele></trkpt>
   <trkpt lat="46.335020" lon="12.092570"><ele>1564.0</ele></trkpt>
   <trkpt lat="46.335280" lon="12.092340"><ele>1558.0</ele></trkpt>
   <trkpt lat="46.335510" lon="12.092210"><ele>1557.0</ele></trkpt>
   <trkpt lat="46.335770" lon="12.092060"><ele>1556.0</ele></trkpt>
   <trkpt lat="46.335870" lon="12.091930"><ele>1556.0</ele></trkpt>
   <trkpt lat="46.335950" lon="12.091890"><ele>1556.0</ele></trkpt>
   <trkpt lat="46.336070" lon="12.091880"><ele>1555.0</ele></trkpt>
   <trkpt lat="46.336190" lon="12.091730"><ele>1555.0</ele></trkpt>
   <trkpt lat="46.336350" lon="12.091730"><ele>1551.0</ele></trkpt>
   <trkpt lat="46.336540" lon="12.091600"><ele>1549.0</ele></trkpt>
   <trkpt lat="46.336830" lon="12.091410"><ele>1549.0</ele></trkpt>
   <trkpt lat="46.337070" lon="12.091370"><ele>1551.0</ele></trkpt>
   <trkpt lat="46.337290" lon="12.091210"><ele>1551.0</ele></trkpt>
   <trkpt lat="46.337320" lon="12.091150"><ele>1552.0</ele></trkpt>
   <trkpt lat="46.337500" lon="12.091050"><ele>1553.0</ele></trkpt>
   <trkpt lat="46.337570" lon="12.090940"><ele>1554.0</ele></trkpt>
   <trkpt lat="46.337730" lon="12.090770"><ele>1555.0</ele></trkpt>
   <trkpt lat="46.337900" lon="12.090580"><ele>1552.0</ele></trkpt>
   <trkpt lat="46.338220" lon="12.090490"><ele>1552.0</ele></trkpt>
   <trkpt lat="46.338320" lon="12.090320"><ele>1549.0</ele></trkpt>
   <trkpt lat="46.338380" lon="12.090140"><ele>1552.0</ele></trkpt>
   <trkpt lat="46.338570" lon="12.090000"><ele>1545.0</ele></trkpt>
   <trkpt lat="46.338660" lon="12.089840"><ele>1543.0</ele></trkpt>
   <trkpt lat="46.338790" lon="12.089820"><ele>1545.0</ele></trkpt>
   <trkpt lat="46.338910" lon="12.089700"><ele>1545.0</ele></trkpt>
   <trkpt lat="46.339030" lon="12.089640"><ele>1545.0</ele></trkpt>
   <trkpt lat="46.339120" lon="12.089640"><ele>1545.0</ele></trkpt>
   <trkpt lat="46.339280" lon="12.089720"><ele>1545.0</ele></trkpt>
   <trkpt lat="46.339620" lon="12.089790"><ele>1546.0</ele></trkpt>
   <trkpt lat="46.339940" lon="12.089770"><ele>1549.0</ele></trkpt>
   <trkpt lat="46.340360" lon="12.089650"><ele>1553.0</ele></trkpt>
   <trkpt lat="46.340540" lon="12.089490"><ele>1559.0</ele></trkpt>
   <trkpt lat="46.340620" lon="12.089260"><ele>1561.0</ele></trkpt>
   <trkpt lat="46.340810" lon="12.089170"><ele>1561.0</ele></trkpt>
   <trkpt lat="46.340890" lon="12.089040"><ele>1565.0</ele></trkpt>
   <trkpt lat="46.341120" lon="12.088870"><ele>1563.0</ele></trkpt>
   <trkpt lat="46.341210" lon="12.088680"><ele>1568.0</ele></trkpt>
   <trkpt lat="46.341350" lon="12.088530"><ele>1569.0</ele></trkpt>
   <trkpt lat="46.341380" lon="12.088460"><ele>1573.0</ele></trkpt>
   <trkpt lat="46.341530" lon="12.088250"><ele>1573.0</ele></trkpt>
   <trkpt lat="46.341740" lon="12.088110"><ele>1577.0</ele></trkpt>
   <trkpt lat="46.341960" lon="12.087970"><ele>1583.0</ele></trkpt>
   <trkpt lat="46.342070" lon="12.087930"><ele>1580.0</ele></trkpt>
   <trkpt lat="46.342130" lon="12.087800"><ele>1591.0</ele></trkpt>
   <trkpt lat="46.342360" lon="12.087540"><ele>1593.0</ele></trkpt>
   <trkpt lat="46.342580" lon="12.087550"><ele>1595.0</ele></trkpt>
   <trkpt lat="46.342640" lon="12.087480"><ele>1600.0</ele></trkpt>
   <trkpt lat="46.342610" lon="12.087350"><ele>1607.0</ele></trkpt>
   <trkpt lat="46.342650" lon="12.087270"><ele>1615.0</ele></trkpt>
   <trkpt lat="46.342640" lon="12.087200"><ele>1623.0</ele></trkpt>
   <trkpt lat="46.342690" lon="12.087180"><ele>1623.0</ele></trkpt>
   <trkpt lat="46.342640" lon="12.086950"><ele>1640.0</ele></trkpt>
   <trkpt lat="46.342700" lon="12.086880"><ele>1649.0</ele></trkpt>
   <trkpt lat="46.342710" lon="12.086660"><ele>1661.0</ele></trkpt>
   <trkpt lat="46.342720" lon="12.086610"><ele>1661.0</ele></trkpt>
   <trkpt lat="46.342790" lon="12.086560"><ele>1668.0</ele></trkpt>
   <trkpt lat="46.342800" lon="12.086500"><ele>1676.0</ele></trkpt>
   <trkpt lat="46.342730" lon="12.086430"><ele>1676.0</ele></trkpt>
   <trkpt lat="46.342870" lon="12.086330"><ele>1679.0</ele></trkpt>
   <trkpt lat="46.342830" lon="12.086230"><ele>1686.0</ele></trkpt>
   <trkpt lat="46.342880" lon="12.086200"><ele>1694.0</ele></trkpt>
   <trkpt lat="46.342950" lon="12.086020"><ele>1696.0</ele></trkpt>
   <trkpt lat="46.343010" lon="12.085950"><ele>1697.0</ele></trkpt>
   <trkpt lat="46.343080" lon="12.085920"><ele>1697.0</ele></trkpt>
   <trkpt lat="46.343080" lon="12.085810"><ele>1699.0</ele></trkpt>
   <trkpt lat="46.343150" lon="12.085790"><ele>1703.0</ele></trkpt>
   <trkpt lat="46.343200" lon="12.085690"><ele>1710.0</ele></trkpt>
   <trkpt lat="46.343370" lon="12.085530"><ele>1699.0</ele></trkpt>
   <trkpt lat="46.343510" lon="12.085460"><ele>1693.0</ele></trkpt>
   <trkpt lat="46.343540" lon="12.085360"><ele>1699.0</ele></trkpt>
   <trkpt lat="46.343530" lon="12.085260"><ele>1705.0</ele></trkpt>
   <trkpt lat="46.343480" lon="12.085120"><ele>1719.0</ele></trkpt>
   <trkpt lat="46.343410" lon="12.085000"><ele>1729.0</ele></trkpt>
   <trkpt lat="46.343340" lon="12.085030"><ele>1732.0</ele></trkpt>
   <trkpt lat="46.343290" lon="12.085000"><ele>1743.0</ele></trkpt>
   <trkpt lat="46.343260" lon="12.084780"><ele>1749.0</ele></trkpt>
   <trkpt lat="46.343330" lon="12.084600"><ele>1749.0</ele></trkpt>
   <trkpt lat="46.343370" lon="12.084430"><ele>1750.0</ele></trkpt>
   <trkpt lat="46.343450" lon="12.084300"><ele>1753.0</ele></trkpt>
   <trkpt lat="46.343510" lon="12.084140"><ele>1751.0</ele></trkpt>
   <trkpt lat="46.343630" lon="12.083950"><ele>1752.0</ele></trkpt>
   <trkpt lat="46.343730" lon="12.083690"><ele>1759.0</ele></trkpt>
   <trkpt lat="46.343810" lon="12.083660"><ele>1755.0</ele></trkpt>
   <trkpt lat="46.343820" lon="12.083600"><ele>1759.0</ele></trkpt>
   <trkpt lat="46.343790" lon="12.083500"><ele>1767.0</ele></trkpt>
   <trkpt lat="46.343700" lon="12.083310"><ele>1775.0</ele></trkpt>
   <trkpt lat="46.343660" lon="12.083160"><ele>1782.0</ele></trkpt>
   <trkpt lat="46.343540" lon="12.082940"><ele>1794.0</ele></trkpt>
   <trkpt lat="46.343510" lon="12.082780"><ele>1801.0</ele></trkpt>
   <trkpt lat="46.343410" lon="12.082720"><ele>1805.0</ele></trkpt>
   <trkpt lat="46.343420" lon="12.082630"><ele>1808.0</ele></trkpt>
   <trkpt lat="46.343380" lon="12.082430"><ele>1819.0</ele></trkpt>
   <trkpt lat="46.343320" lon="12.082310"><ele>1822.0</ele></trkpt>
   <trkpt lat="46.343320" lon="12.082240"><ele>1826.0</ele></trkpt>
   <trkpt lat="46.343260" lon="12.082200"><ele>1833.0</ele></trkpt>
   <trkpt lat="46.343280" lon="12.082100"><ele>1837.0</ele></trkpt>
   <trkpt lat="46.343260" lon="12.082010"><ele>1837.0</ele></trkpt>
   <trkpt lat="46.343280" lon="12.081940"><ele>1841.0</ele></trkpt>
   <trkpt lat="46.343240" lon="12.081870"><ele>1845.0</ele></trkpt>
   <trkpt lat="46.343260" lon="12.081670"><ele>1852.0</ele></trkpt>
   <trkpt lat="46.343310" lon="12.081560"><ele>1853.0</ele></trkpt>
   <trkpt lat="46.343460" lon="12.081430"><ele>1855.0</ele></trkpt>
   <trkpt lat="46.343480" lon="12.081340"><ele>1859.0</ele></trkpt>
   <trkpt lat="46.343460" lon="12.081250"><ele>1864.0</ele></trkpt>
   <trkpt lat="46.343490" lon="12.081100"><ele>1873.0</ele></trkpt>
   <trkpt lat="46.343460" lon="12.080970"><ele>1877.0</ele></trkpt>
   <trkpt lat="46.343340" lon="12.080740"><ele>1889.0</ele></trkpt>
   <trkpt lat="46.343260" lon="12.080520"><ele>1902.0</ele></trkpt>
   <trkpt lat="46.343280" lon="12.080360"><ele>1912.0</ele></trkpt>
   <trkpt lat="46.343370" lon="12.080100"><ele>1923.0</ele></trkpt>
   <trkpt lat="46.343570" lon="12.079840"><ele>1926.0</ele></trkpt>
   <trkpt lat="46.343660" lon="12.079810"><ele>1923.0</ele></trkpt>
   <trkpt lat="46.343810" lon="12.079680"><ele>1926.0</ele></trkpt>
   <trkpt lat="46.343910" lon="12.079560"><ele>1928.0</ele></trkpt>
   <trkpt lat="46.344040" lon="12.079450"><ele>1930.0</ele></trkpt>
   <trkpt lat="46.344150" lon="12.079270"><ele>1937.0</ele></trkpt>
   <trkpt lat="46.344230" lon="12.079250"><ele>1934.0</ele></trkpt>
   <trkpt lat="46.344330" lon="12.079120"><ele>1934.0</ele></trkpt>
   <trkpt lat="46.344540" lon="12.079010"><ele>1935.0</ele></trkpt>
   <trkpt lat="46.344580" lon="12.078950"><ele>1939.0</ele></trkpt>
   <trkpt lat="46.344690" lon="12.078870"><ele>1945.0</ele></trkpt>
   <trkpt lat="46.344890" lon="12.078840"><ele>1944.0</ele></trkpt>
   <trkpt lat="46.345020" lon="12.078790"><ele>1946.0</ele></trkpt>
   <trkpt lat="46.345270" lon="12.078610"><ele>1948.0</ele></trkpt>
   <trkpt lat="46.345440" lon="12.078630"><ele>1947.0</ele></trkpt>
   <trkpt lat="46.345650" lon="12.078440"><ele>1952.0</ele></trkpt>
   <trkpt lat="46.345810" lon="12.078190"><ele>1958.0</ele></trkpt>
   <trkpt lat="46.346000" lon="12.078060"><ele>1962.0</ele></trkpt>
   <trkpt lat="46.346090" lon="12.077950"><ele>1965.0</ele></trkpt>
   <trkpt lat="46.346160" lon="12.077810"><ele>1968.0</ele></trkpt>
   <trkpt lat="46.346170" lon="12.077670"><ele>1973.0</ele></trkpt>
   <trkpt lat="46.346140" lon="12.077490"><ele>1975.0</ele></trkpt>
   <trkpt lat="46.346230" lon="12.077180"><ele>1979.0</ele></trkpt>
   <trkpt lat="46.346310" lon="12.077080"><ele>1980.0</ele></trkpt>
   <trkpt lat="46.346420" lon="12.077030"><ele>1979.0</ele></trkpt>
   <trkpt lat="46.346500" lon="12.076920"><ele>1981.0</ele></trkpt>
   <trkpt lat="46.346570" lon="12.076510"><ele>1987.0</ele></trkpt>
   <trkpt lat="46.346620" lon="12.076460"><ele>1985.0</ele></trkpt>
   <trkpt lat="46.346620" lon="12.076400"><ele>1988.0</ele></trkpt>
   <trkpt lat="46.346740" lon="12.076330"><ele>1988.0</ele></trkpt>
   <trkpt lat="46.346960" lon="12.076310"><ele>1988.0</ele></trkpt>
   <trkpt lat="46.347050" lon="12.076120"><ele>1992.0</ele></trkpt>
   <trkpt lat="46.347230" lon="12.075940"><ele>1995.0</ele></trkpt>
   <trkpt lat="46.347350" lon="12.075890"><ele>1997.0</ele></trkpt>
   <trkpt lat="46.347450" lon="12.075790"><ele>1997.0</ele></trkpt>
   <trkpt lat="46.347550" lon="12.075730"><ele>1999.0</ele></trkpt>
   <trkpt lat="46.347590" lon="12.075790"><ele>1999.0</ele></trkpt>
   <trkpt lat="46.347650" lon="12.075800"><ele>1999.0</ele></trkpt>
   <trkpt lat="46.347730" lon="12.075790"><ele>2001.0</ele></trkpt>
   <trkpt lat="46.347850" lon="12.075930"><ele>2000.0</ele></trkpt>
   <trkpt lat="46.347870" lon="12.076030"><ele>2001.0</ele></trkpt>
   <trkpt lat="46.347990" lon="12.076190"><ele>1994.0</ele></trkpt>
   <trkpt lat="46.347920" lon="12.076230"><ele>1999.0</ele></trkpt>
   <trkpt lat="46.347550" lon="12.076250"><ele>1989.0</ele></trkpt>
   <trkpt lat="46.347450" lon="12.076320"><ele>1983.0</ele></trkpt>
   <trkpt lat="46.347410" lon="12.076480"><ele>1980.0</ele></trkpt>
   <trkpt lat="46.347310" lon="12.076610"><ele>1977.0</ele></trkpt>
   <trkpt lat="46.347390" lon="12.076900"><ele>1972.0</ele></trkpt>
   <trkpt lat="46.347380" lon="12.077000"><ele>1970.0</ele></trkpt>
   <trkpt lat="46.347300" lon="12.077200"><ele>1967.0</ele></trkpt>
   <trkpt lat="46.347260" lon="12.077410"><ele>1958.0</ele></trkpt>
   <trkpt lat="46.347160" lon="12.077520"><ele>1953.0</ele></trkpt>
   <trkpt lat="46.347060" lon="12.077550"><ele>1951.0</ele></trkpt>
   <trkpt lat="46.347030" lon="12.077600"><ele>1951.0</ele></trkpt>
   <trkpt lat="46.347100" lon="12.077840"><ele>1941.0</ele></trkpt>
   <trkpt lat="46.347090" lon="12.077890"><ele>1941.0</ele></trkpt>
   <trkpt lat="46.347120" lon="12.077960"><ele>1937.0</ele></trkpt>
   <trkpt lat="46.347170" lon="12.077930"><ele>1937.0</ele></trkpt>
   <trkpt lat="46.347270" lon="12.077940"><ele>1935.0</ele></trkpt>
   <trkpt lat="46.347280" lon="12.077990"><ele>1935.0</ele></trkpt>
   <trkpt lat="46.347260" lon="12.078050"><ele>1932.0</ele></trkpt>
   <trkpt lat="46.347300" lon="12.078060"><ele>1932.0</ele></trkpt>
   <trkpt lat="46.347290" lon="12.078110"><ele>1928.0</ele></trkpt>
   <trkpt lat="46.347320" lon="12.078190"><ele>1925.0</ele></trkpt>
   <trkpt lat="46.347290" lon="12.078210"><ele>1924.0</ele></trkpt>
   <trkpt lat="46.347270" lon="12.078300"><ele>1924.0</ele></trkpt>
   <trkpt lat="46.347300" lon="12.078350"><ele>1922.0</ele></trkpt>
   <trkpt lat="46.347460" lon="12.078280"><ele>1917.0</ele></trkpt>
   <trkpt lat="46.347500" lon="12.078320"><ele>1913.0</ele></trkpt>
   <trkpt lat="46.347580" lon="12.078290"><ele>1913.0</ele></trkpt>
   <trkpt lat="46.347610" lon="12.078330"><ele>1903.0</ele></trkpt>
   <trkpt lat="46.347560" lon="12.078420"><ele>1910.0</ele></trkpt>
   <trkpt lat="46.347450" lon="12.078510"><ele>1904.0</ele></trkpt>
   <trkpt lat="46.347490" lon="12.078580"><ele>1904.0</ele></trkpt>
   <trkpt lat="46.347450" lon="12.078630"><ele>1901.0</ele></trkpt>
   <trkpt lat="46.347520" lon="12.078800"><ele>1890.0</ele></trkpt>
   <trkpt lat="46.347560" lon="12.078810"><ele>1886.0</ele></trkpt>
   <trkpt lat="46.347600" lon="12.078870"><ele>1886.0</ele></trkpt>
   <trkpt lat="46.347570" lon="12.078930"><ele>1879.0</ele></trkpt>
   <trkpt lat="46.347640" lon="12.079150"><ele>1868.0</ele></trkpt>
   <trkpt lat="46.347720" lon="12.079230"><ele>1863.0</ele></trkpt>
   <trkpt lat="46.347790" lon="12.079150"><ele>1864.0</ele></trkpt>
   <trkpt lat="46.347870" lon="12.079120"><ele>1861.0</ele></trkpt>
   <trkpt lat="46.348060" lon="12.079140"><ele>1858.0</ele></trkpt>
   <trkpt lat="46.348160" lon="12.079060"><ele>1857.0</ele></trkpt>
   <trkpt lat="46.348270" lon="12.079040"><ele>1855.0</ele></trkpt>
   <trkpt lat="46.348330" lon="12.079090"><ele>1852.0</ele></trkpt>
   <trkpt lat="46.348390" lon="12.079090"><ele>1852.0</ele></trkpt>
   <trkpt lat="46.348550" lon="12.078980"><ele>1849.0</ele></trkpt>
   <trkpt lat="46.348580" lon="12.079000"><ele>1849.0</ele></trkpt>
   <trkpt lat="46.348600" lon="12.079050"><ele>1846.0</ele></trkpt>
   <trkpt lat="46.348580" lon="12.079150"><ele>1844.0</ele></trkpt>
   <trkpt lat="46.348600" lon="12.079220"><ele>1841.0</ele></trkpt>
   <trkpt lat="46.348670" lon="12.079300"><ele>1837.0</ele></trkpt>
   <trkpt lat="46.348680" lon="12.079420"><ele>1832.0</ele></trkpt>
   <trkpt lat="46.348740" lon="12.079530"><ele>1826.0</ele></trkpt>
   <trkpt lat="46.348720" lon="12.079640"><ele>1823.0</ele></trkpt>
   <trkpt lat="46.348790" lon="12.079740"><ele>1821.0</ele></trkpt>
   <trkpt lat="46.348770" lon="12.079800"><ele>1821.0</ele></trkpt>
   <trkpt lat="46.348790" lon="12.079860"><ele>1819.0</ele></trkpt>
   <trkpt lat="46.348880" lon="12.079980"><ele>1815.0</ele></trkpt>
   <trkpt lat="46.348910" lon="12.080060"><ele>1813.0</ele></trkpt>
   <trkpt lat="46.348900" lon="12.080180"><ele>1811.0</ele></trkpt>
   <trkpt lat="46.348920" lon="12.080300"><ele>1808.0</ele></trkpt>
   <trkpt lat="46.349010" lon="12.080340"><ele>1805.0</ele></trkpt>
   <trkpt lat="46.349030" lon="12.080390"><ele>1805.0</ele></trkpt>
   <trkpt lat="46.349040" lon="12.080520"><ele>1799.0</ele></trkpt>
   <trkpt lat="46.349010" lon="12.080600"><ele>1799.0</ele></trkpt>
   <trkpt lat="46.348840" lon="12.080680"><ele>1794.0</ele></trkpt>
   <trkpt lat="46.348780" lon="12.080760"><ele>1791.0</ele></trkpt>
   <trkpt lat="46.348660" lon="12.081080"><ele>1781.0</ele></trkpt>
   <trkpt lat="46.348600" lon="12.081120"><ele>1777.0</ele></trkpt>
   <trkpt lat="46.348530" lon="12.081120"><ele>1777.0</ele></trkpt>
   <trkpt lat="46.348500" lon="12.081240"><ele>1778.0</ele></trkpt>
   <trkpt lat="46.348430" lon="12.081330"><ele>1776.0</ele></trkpt>
   <trkpt lat="46.348420" lon="12.081450"><ele>1772.0</ele></trkpt>
   <trkpt lat="46.348320" lon="12.081600"><ele>1772.0</ele></trkpt>
   <trkpt lat="46.348210" lon="12.081750"><ele>1761.0</ele></trkpt>
   <trkpt lat="46.348260" lon="12.081830"><ele>1765.0</ele></trkpt>
   <trkpt lat="46.348480" lon="12.081770"><ele>1758.0</ele></trkpt>
   <trkpt lat="46.348600" lon="12.081850"><ele>1753.0</ele></trkpt>
   <trkpt lat="46.348600" lon="12.082030"><ele>1742.0</ele></trkpt>
   <trkpt lat="46.348820" lon="12.082160"><ele>1741.0</ele></trkpt>
   <trkpt lat="46.348900" lon="12.082000"><ele>1743.0</ele></trkpt>
   <trkpt lat="46.349020" lon="12.081970"><ele>1740.0</ele></trkpt>
   <trkpt lat="46.349270" lon="12.082000"><ele>1739.0</ele></trkpt>
   <trkpt lat="46.349430" lon="12.082240"><ele>1725.0</ele></trkpt>
   <trkpt lat="46.349550" lon="12.082260"><ele>1725.0</ele></trkpt>
   <trkpt lat="46.349620" lon="12.082450"><ele>1715.0</ele></trkpt>
   <trkpt lat="46.349560" lon="12.082630"><ele>1703.0</ele></trkpt>
   <trkpt lat="46.349630" lon="12.082660"><ele>1704.0</ele></trkpt>
   <trkpt lat="46.349740" lon="12.082780"><ele>1699.0</ele></trkpt>
   <trkpt lat="46.349870" lon="12.082800"><ele>1700.0</ele></trkpt>
   <trkpt lat="46.349960" lon="12.082940"><ele>1690.0</ele></trkpt>
   <trkpt lat="46.349990" lon="12.083130"><ele>1677.0</ele></trkpt>
   <trkpt lat="46.349780" lon="12.083260"><ele>1668.0</ele></trkpt>
   <trkpt lat="46.349850" lon="12.083380"><ele>1663.0</ele></trkpt>
   <trkpt lat="46.349840" lon="12.083540"><ele>1650.0</ele></trkpt>
   <trkpt lat="46.349790" lon="12.083650"><ele>1642.0</ele></trkpt>
   <trkpt lat="46.349820" lon="12.083740"><ele>1637.0</ele></trkpt>
   <trkpt lat="46.350040" lon="12.083910"><ele>1629.0</ele></trkpt>
   <trkpt lat="46.350090" lon="12.084040"><ele>1622.0</ele></trkpt>
   <trkpt lat="46.350060" lon="12.084140"><ele>1616.0</ele></trkpt>
   <trkpt lat="46.350090" lon="12.084250"><ele>1622.0</ele></trkpt>
   <trkpt lat="46.350300" lon="12.084240"><ele>1615.0</ele></trkpt>
   <trkpt lat="46.350370" lon="12.084280"><ele>1618.0</ele></trkpt>
   <trkpt lat="46.350520" lon="12.084540"><ele>1611.0</ele></trkpt>
   <trkpt lat="46.350630" lon="12.084520"><ele>1605.0</ele></trkpt>
   <trkpt lat="46.350730" lon="12.084590"><ele>1608.0</ele></trkpt>
   <trkpt lat="46.350800" lon="12.084710"><ele>1594.0</ele></trkpt>
   <trkpt lat="46.350820" lon="12.084910"><ele>1582.0</ele></trkpt>
   <trkpt lat="46.350890" lon="12.084850"><ele>1590.0</ele></trkpt>
   <trkpt lat="46.350960" lon="12.084910"><ele>1584.0</ele></trkpt>
   <trkpt lat="46.351060" lon="12.085060"><ele>1582.0</ele></trkpt>
   <trkpt lat="46.351220" lon="12.085390"><ele>1580.0</ele></trkpt>
   <trkpt lat="46.351240" lon="12.085560"><ele>1575.0</ele></trkpt>
   <trkpt lat="46.351300" lon="12.085730"><ele>1568.0</ele></trkpt>
   <trkpt lat="46.351210" lon="12.085730"><ele>1568.0</ele></trkpt>
   <trkpt lat="46.350970" lon="12.085620"><ele>1552.0</ele></trkpt>
   <trkpt lat="46.350890" lon="12.085630"><ele>1545.0</ele></trkpt>
   <trkpt lat="46.350950" lon="12.085790"><ele>1549.0</ele></trkpt>
   <trkpt lat="46.351180" lon="12.086000"><ele>1546.0</ele></trkpt>
   <trkpt lat="46.351160" lon="12.086100"><ele>1541.0</ele></trkpt>
   <trkpt lat="46.351100" lon="12.086160"><ele>1531.0</ele></trkpt>
   <trkpt lat="46.351120" lon="12.086260"><ele>1529.0</ele></trkpt>
   <trkpt lat="46.351190" lon="12.086360"><ele>1522.0</ele></trkpt>
   <trkpt lat="46.351400" lon="12.086410"><ele>1525.0</ele></trkpt>
   <trkpt lat="46.351460" lon="12.086570"><ele>1522.0</ele></trkpt>
   <trkpt lat="46.351480" lon="12.086690"><ele>1517.0</ele></trkpt>
   <trkpt lat="46.351560" lon="12.086720"><ele>1517.0</ele></trkpt>
   <trkpt lat="46.351650" lon="12.086880"><ele>1515.0</ele></trkpt>
   <trkpt lat="46.351660" lon="12.087100"><ele>1507.0</ele></trkpt>
   <trkpt lat="46.351780" lon="12.087210"><ele>1513.0</ele></trkpt>
   <trkpt lat="46.351870" lon="12.087360"><ele>1506.0</ele></trkpt>
   <trkpt lat="46.351920" lon="12.087310"><ele>1511.0</ele></trkpt>
   <trkpt lat="46.352010" lon="12.087380"><ele>1516.0</ele></trkpt>
   <trkpt lat="46.352040" lon="12.087380"><ele>1516.0</ele></trkpt>
   <trkpt lat="46.352140" lon="12.087530"><ele>1514.0</ele></trkpt>
   <trkpt lat="46.352140" lon="12.087580"><ele>1509.0</ele></trkpt>
   <trkpt lat="46.352200" lon="12.087650"><ele>1507.0</ele></trkpt>
   <trkpt lat="46.352240" lon="12.087630"><ele>1513.0</ele></trkpt>
   <trkpt lat="46.352340" lon="12.087660"><ele>1518.0</ele></trkpt>
   <trkpt lat="46.352470" lon="12.087790"><ele>1521.0</ele></trkpt>
   <trkpt lat="46.352640" lon="12.087790"><ele>1531.0</ele></trkpt>
   <trkpt lat="46.352820" lon="12.087840"><ele>1533.0</ele></trkpt>
   <trkpt lat="46.353030" lon="12.087770"><ele>1533.0</ele></trkpt>
   <trkpt lat="46.353160" lon="12.087780"><ele>1542.0</ele></trkpt>
   <trkpt lat="46.353200" lon="12.087900"><ele>1533.0</ele></trkpt>
   <trkpt lat="46.353320" lon="12.088000"><ele>1537.0</ele></trkpt>
   <trkpt lat="46.353360" lon="12.088100"><ele>1534.0</ele></trkpt>
   <trkpt lat="46.353480" lon="12.088170"><ele>1535.0</ele></trkpt>
   <trkpt lat="46.353560" lon="12.088140"><ele>1538.0</ele></trkpt>
   <trkpt lat="46.353780" lon="12.088390"><ele>1535.0</ele></trkpt>
   <trkpt lat="46.353780" lon="12.088460"><ele>1535.0</ele></trkpt>
   <trkpt lat="46.353800" lon="12.088530"><ele>1531.0</ele></trkpt>
   <trkpt lat="46.353900" lon="12.088650"><ele>1536.0</ele></trkpt>
   <trkpt lat="46.354240" lon="12.088940"><ele>1534.0</ele></trkpt>
   <trkpt lat="46.354380" lon="12.089260"><ele>1533.0</ele></trkpt>
   <trkpt lat="46.354460" lon="12.089540"><ele>1532.0</ele></trkpt>
   <trkpt lat="46.354540" lon="12.089620"><ele>1532.0</ele></trkpt>
   <trkpt lat="46.354890" lon="12.089760"><ele>1532.0</ele></trkpt>
   <trkpt lat="46.355020" lon="12.089730"><ele>1532.0</ele></trkpt>
   <trkpt lat="46.355160" lon="12.089630"><ele>1537.0</ele></trkpt>
   <trkpt lat="46.355260" lon="12.089490"><ele>1543.0</ele></trkpt>
   <trkpt lat="46.355450" lon="12.089440"><ele>1544.0</ele></trkpt>
   <trkpt lat="46.355700" lon="12.089380"><ele>1547.0</ele></trkpt>
   <trkpt lat="46.355830" lon="12.089390"><ele>1552.0</ele></trkpt>
   <trkpt lat="46.356070" lon="12.089590"><ele>1553.0</ele></trkpt>
   <trkpt lat="46.356220" lon="12.089630"><ele>1554.0</ele></trkpt>
   <trkpt lat="46.356360" lon="12.089600"><ele>1558.0</ele></trkpt>
   <trkpt lat="46.356510" lon="12.089690"><ele>1563.0</ele></trkpt>
   <trkpt lat="46.356700" lon="12.089750"><ele>1566.0</ele></trkpt>
   <trkpt lat="46.356960" lon="12.089820"><ele>1572.0</ele></trkpt>
   <trkpt lat="46.357190" lon="12.089870"><ele>1577.0</ele></trkpt>
   <trkpt lat="46.357500" lon="12.089840"><ele>1586.0</ele></trkpt>
   <trkpt lat="46.357810" lon="12.090000"><ele>1597.0</ele></trkpt>
   <trkpt lat="46.357970" lon="12.089980"><ele>1599.0</ele></trkpt>
   <trkpt lat="46.358130" lon="12.090020"><ele>1597.0</ele></trkpt>
   <trkpt lat="46.358290" lon="12.090060"><ele>1601.0</ele></trkpt>
   <trkpt lat="46.358490" lon="12.090140"><ele>1598.0</ele></trkpt>
   <trkpt lat="46.358630" lon="12.090250"><ele>1602.0</ele></trkpt>
   <trkpt lat="46.358870" lon="12.090300"><ele>1606.0</ele></trkpt>
   <trkpt lat="46.359150" lon="12.090500"><ele>1608.0</ele></trkpt>
   <trkpt lat="46.359450" lon="12.090390"><ele>1611.0</ele></trkpt>
   <trkpt lat="46.359660" lon="12.090420"><ele>1615.0</ele></trkpt>
   <trkpt lat="46.359900" lon="12.090340"><ele>1618.0</ele></trkpt>
   <trkpt lat="46.360180" lon="12.090250"><ele>1620.0</ele></trkpt>
   <trkpt lat="46.360550" lon="12.090170"><ele>1622.0</ele></trkpt>
   <trkpt lat="46.360840" lon="12.089900"><ele>1622.0</ele></trkpt>
   <trkpt lat="46.361100" lon="12.089970"><ele>1622.0</ele></trkpt>
   <trkpt lat="46.361250" lon="12.089860"><ele>1623.0</ele></trkpt>
   <trkpt lat="46.361370" lon="12.089710"><ele>1624.0</ele></trkpt>
   <trkpt lat="46.361650" lon="12.089720"><ele>1625.0</ele></trkpt>
   <trkpt lat="46.362080" lon="12.089730"><ele>1628.0</ele></trkpt>
   <trkpt lat="46.362410" lon="12.089580"><ele>1628.0</ele></trkpt>
   <trkpt lat="46.362610" lon="12.089640"><ele>1628.0</ele></trkpt>
   <trkpt lat="46.362840" lon="12.089600"><ele>1628.0</ele></trkpt>
   <trkpt lat="46.363090" lon="12.089570"><ele>1629.0</ele></trkpt>
   <trkpt lat="46.363160" lon="12.089620"><ele>1630.0</ele></trkpt>
   <trkpt lat="46.363140" lon="12.089730"><ele>1631.0</ele></trkpt>
   <trkpt lat="46.363200" lon="12.089940"><ele>1630.0</ele></trkpt>
   <trkpt lat="46.363260" lon="12.090140"><ele>1630.0</ele></trkpt>
   <trkpt lat="46.363370" lon="12.090340"><ele>1632.0</ele></trkpt>
   <trkpt lat="46.363410" lon="12.090750"><ele>1637.0</ele></trkpt>
   <trkpt lat="46.363460" lon="12.090940"><ele>1639.0</ele></trkpt>
   <trkpt lat="46.363560" lon="12.090950"><ele>1639.0</ele></trkpt>
   <trkpt lat="46.363730" lon="12.090830"><ele>1639.0</ele></trkpt>
   <trkpt lat="46.363820" lon="12.090700"><ele>1638.0</ele></trkpt>
   <trkpt lat="46.363900" lon="12.090470"><ele>1639.0</ele></trkpt>
   <trkpt lat="46.363930" lon="12.090200"><ele>1639.0</ele></trkpt>
   <trkpt lat="46.364000" lon="12.089990"><ele>1639.0</ele></trkpt>
   <trkpt lat="46.364160" lon="12.089840"><ele>1639.0</ele></trkpt>
   <trkpt lat="46.364270" lon="12.089530"><ele>1639.0</ele></trkpt>
   <trkpt lat="46.364320" lon="12.089280"><ele>1639.0</ele></trkpt>
   <trkpt lat="46.364410" lon="12.088940"><ele>1639.0</ele></trkpt>
   <trkpt lat="46.364510" lon="12.088690"><ele>1642.0</ele></trkpt>
   <trkpt lat="46.364650" lon="12.088610"><ele>1643.0</ele></trkpt>
   <trkpt lat="46.364760" lon="12.088480"><ele>1645.0</ele></trkpt>
   <trkpt lat="46.364860" lon="12.088150"><ele>1648.0</ele></trkpt>
   <trkpt lat="46.364960" lon="12.087560"><ele>1651.0</ele></trkpt>
   <trkpt lat="46.364970" lon="12.087230"><ele>1651.0</ele></trkpt>
   <trkpt lat="46.365040" lon="12.086940"><ele>1651.0</ele></trkpt>
   <trkpt lat="46.365170" lon="12.086680"><ele>1652.0</ele></trkpt>
   <trkpt lat="46.365320" lon="12.086480"><ele>1654.0</ele></trkpt>
   <trkpt lat="46.365470" lon="12.086170"><ele>1657.0</ele></trkpt>
   <trkpt lat="46.365670" lon="12.085770"><ele>1662.0</ele></trkpt>
   <trkpt lat="46.365850" lon="12.085540"><ele>1665.0</ele></trkpt>
   <trkpt lat="46.365970" lon="12.085270"><ele>1668.0</ele></trkpt>
   <trkpt lat="46.366130" lon="12.085000"><ele>1670.0</ele></trkpt>
   <trkpt lat="46.366310" lon="12.084700"><ele>1674.0</ele></trkpt>
   <trkpt lat="46.366530" lon="12.084200"><ele>1677.0</ele></trkpt>
   <trkpt lat="46.366650" lon="12.084090"><ele>1680.0</ele></trkpt>
   <trkpt lat="46.366830" lon="12.084070"><ele>1683.0</ele></trkpt>
   <trkpt lat="46.366990" lon="12.084140"><ele>1682.0</ele></trkpt>
   <trkpt lat="46.367110" lon="12.084330"><ele>1686.0</ele></trkpt>
   <trkpt lat="46.367110" lon="12.084710"><ele>1689.0</ele></trkpt>
   <trkpt lat="46.367110" lon="12.085210"><ele>1692.0</ele></trkpt>
   <trkpt lat="46.367140" lon="12.085390"><ele>1692.0</ele></trkpt>
   <trkpt lat="46.367210" lon="12.085460"><ele>1694.0</ele></trkpt>
   <trkpt lat="46.367260" lon="12.085400"><ele>1696.0</ele></trkpt>
   <trkpt lat="46.367310" lon="12.084990"><ele>1698.0</ele></trkpt>
   <trkpt lat="46.367370" lon="12.084880"><ele>1698.0</ele></trkpt>
   <trkpt lat="46.367420" lon="12.084880"><ele>1701.0</ele></trkpt>
   <trkpt lat="46.367470" lon="12.085250"><ele>1704.0</ele></trkpt>
   <trkpt lat="46.367530" lon="12.085400"><ele>1708.0</ele></trkpt>
   <trkpt lat="46.367650" lon="12.085540"><ele>1710.0</ele></trkpt>
   <trkpt lat="46.367730" lon="12.085500"><ele>1714.0</ele></trkpt>
   <trkpt lat="46.367760" lon="12.085220"><ele>1715.0</ele></trkpt>
   <trkpt lat="46.367790" lon="12.084940"><ele>1716.0</ele></trkpt>
   <trkpt lat="46.367830" lon="12.084850"><ele>1719.0</ele></trkpt>
   <trkpt lat="46.367910" lon="12.084850"><ele>1723.0</ele></trkpt>
   <trkpt lat="46.367970" lon="12.084900"><ele>1723.0</ele></trkpt>
   <trkpt lat="46.367990" lon="12.085000"><ele>1723.0</ele></trkpt>
   <trkpt lat="46.368090" lon="12.085150"><ele>1726.0</ele></trkpt>
   <trkpt lat="46.368130" lon="12.085300"><ele>1728.0</ele></trkpt>
   <trkpt lat="46.368170" lon="12.085330"><ele>1729.0</ele></trkpt>
   <trkpt lat="46.368240" lon="12.085180"><ele>1734.0</ele></trkpt>
   <trkpt lat="46.368270" lon="12.084980"><ele>1734.0</ele></trkpt>
   <trkpt lat="46.368330" lon="12.084830"><ele>1735.0</ele></trkpt>
   <trkpt lat="46.368340" lon="12.084710"><ele>1739.0</ele></trkpt>
   <trkpt lat="46.368260" lon="12.084560"><ele>1737.0</ele></trkpt>
   <trkpt lat="46.368260" lon="12.084380"><ele>1739.0</ele></trkpt>
   <trkpt lat="46.368220" lon="12.084020"><ele>1746.0</ele></trkpt>
   <trkpt lat="46.368060" lon="12.083420"><ele>1746.0</ele></trkpt>
   <trkpt lat="46.368110" lon="12.083330"><ele>1753.0</ele></trkpt>
   <trkpt lat="46.368210" lon="12.083370"><ele>1759.0</ele></trkpt>
   <trkpt lat="46.368380" lon="12.083680"><ele>1759.0</ele></trkpt>
   <trkpt lat="46.368530" lon="12.083790"><ele>1764.0</ele></trkpt>
   <trkpt lat="46.368690" lon="12.083820"><ele>1764.0</ele></trkpt>
   <trkpt lat="46.368770" lon="12.083800"><ele>1769.0</ele></trkpt>
   <trkpt lat="46.368870" lon="12.083710"><ele>1772.0</ele></trkpt>
   <trkpt lat="46.368910" lon="12.083600"><ele>1776.0</ele></trkpt>
   <trkpt lat="46.368930" lon="12.083340"><ele>1778.0</ele></trkpt>
   <trkpt lat="46.369000" lon="12.083330"><ele>1778.0</ele></trkpt>
   <trkpt lat="46.369170" lon="12.083480"><ele>1781.0</ele></trkpt>
   <trkpt lat="46.369310" lon="12.083560"><ele>1784.0</ele></trkpt>
   <trkpt lat="46.369480" lon="12.083460"><ele>1786.0</ele></trkpt>
   <trkpt lat="46.369520" lon="12.083270"><ele>1788.0</ele></trkpt>
   <trkpt lat="46.369530" lon="12.083090"><ele>1791.0</ele></trkpt>
   <trkpt lat="46.369570" lon="12.082930"><ele>1793.0</ele></trkpt>
   <trkpt lat="46.369720" lon="12.082570"><ele>1796.0</ele></trkpt>
   <trkpt lat="46.369870" lon="12.082240"><ele>1799.0</ele></trkpt>
   <trkpt lat="46.370090" lon="12.081750"><ele>1802.0</ele></trkpt>
   <trkpt lat="46.370160" lon="12.081510"><ele>1803.0</ele></trkpt>
   <trkpt lat="46.370210" lon="12.081300"><ele>1807.0</ele></trkpt>
   <trkpt lat="46.370220" lon="12.081120"><ele>1807.0</ele></trkpt>
   <trkpt lat="46.370200" lon="12.080990"><ele>1814.0</ele></trkpt>
   <trkpt lat="46.370170" lon="12.080920"><ele>1814.0</ele></trkpt>
   <trkpt lat="46.370150" lon="12.080700"><ele>1820.0</ele></trkpt>
   <trkpt lat="46.370170" lon="12.080400"><ele>1827.0</ele></trkpt>
   <trkpt lat="46.370200" lon="12.080300"><ele>1830.0</ele></trkpt>
   <trkpt lat="46.370440" lon="12.079960"><ele>1842.0</ele></trkpt>
   <trkpt lat="46.370480" lon="12.079860"><ele>1845.0</ele></trkpt>
   <trkpt lat="46.370560" lon="12.079790"><ele>1849.0</ele></trkpt>
   <trkpt lat="46.370760" lon="12.079840"><ele>1848.0</ele></trkpt>
   <trkpt lat="46.370880" lon="12.079790"><ele>1853.0</ele></trkpt>
   <trkpt lat="46.371060" lon="12.079620"><ele>1857.0</ele></trkpt>
   <trkpt lat="46.371310" lon="12.079390"><ele>1870.0</ele></trkpt>
   <trkpt lat="46.371430" lon="12.079320"><ele>1870.0</ele></trkpt>
   <trkpt lat="46.371670" lon="12.079310"><ele>1878.0</ele></trkpt>
   <trkpt lat="46.372050" lon="12.079290"><ele>1900.0</ele></trkpt>
   <trkpt lat="46.372140" lon="12.079330"><ele>1899.0</ele></trkpt>
   <trkpt lat="46.372390" lon="12.079320"><ele>1901.0</ele></trkpt>
   <trkpt lat="46.372780" lon="12.079310"><ele>1907.0</ele></trkpt>
   <trkpt lat="46.372950" lon="12.079140"><ele>1915.0</ele></trkpt>
   <trkpt lat="46.373060" lon="12.079060"><ele>1918.0</ele></trkpt>
   <trkpt lat="46.373260" lon="12.079030"><ele>1916.0</ele></trkpt>
   <trkpt lat="46.373590" lon="12.079090"><ele>1918.0</ele></trkpt>
   <trkpt lat="46.373700" lon="12.079010"><ele>1918.0</ele></trkpt>
   <trkpt lat="46.373800" lon="12.078700"><ele>1922.0</ele></trkpt>
   <trkpt lat="46.373860" lon="12.078630"><ele>1930.0</ele></trkpt>
   <trkpt lat="46.373920" lon="12.078630"><ele>1931.0</ele></trkpt>
   <trkpt lat="46.373940" lon="12.078570"><ele>1935.0</ele></trkpt>
   <trkpt lat="46.374040" lon="12.078810"><ele>1922.0</ele></trkpt>
   <trkpt lat="46.374180" lon="12.079140"><ele>1922.0</ele></trkpt>
   <trkpt lat="46.374340" lon="12.079410"><ele>1915.0</ele></trkpt>
   <trkpt lat="46.374490" lon="12.079340"><ele>1915.0</ele></trkpt>
   <trkpt lat="46.374700" lon="12.079390"><ele>1911.0</ele></trkpt>
   <trkpt lat="46.374960" lon="12.079310"><ele>1903.0</ele></trkpt>
   <trkpt lat="46.375280" lon="12.079200"><ele>1901.0</ele></trkpt>
   <trkpt lat="46.375470" lon="12.079000"><ele>1899.0</ele></trkpt>
   <trkpt lat="46.375600" lon="12.079030"><ele>1893.0</ele></trkpt>
   <trkpt lat="46.375670" lon="12.078900"><ele>1894.0</ele></trkpt>
   <trkpt lat="46.375750" lon="12.078930"><ele>1881.0</ele></trkpt>
   <trkpt lat="46.375770" lon="12.078850"><ele>1887.0</ele></trkpt>
   <trkpt lat="46.376030" lon="12.078740"><ele>1866.0</ele></trkpt>
   <trkpt lat="46.376260" lon="12.078560"><ele>1860.0</ele></trkpt>
   <trkpt lat="46.376550" lon="12.078330"><ele>1844.0</ele></trkpt>
   <trkpt lat="46.376920" lon="12.078190"><ele>1829.0</ele></trkpt>
   <trkpt lat="46.377150" lon="12.078220"><ele>1818.0</ele></trkpt>
   <trkpt lat="46.377260" lon="12.078330"><ele>1812.0</ele></trkpt>
   <trkpt lat="46.377330" lon="12.078310"><ele>1808.0</ele></trkpt>
   <trkpt lat="46.377360" lon="12.078490"><ele>1805.0</ele></trkpt>
   <trkpt lat="46.377330" lon="12.078590"><ele>1801.0</ele></trkpt>
   <trkpt lat="46.377370" lon="12.078650"><ele>1797.0</ele></trkpt>
   <trkpt lat="46.377440" lon="12.078650"><ele>1793.0</ele></trkpt>
   <trkpt lat="46.377420" lon="12.078780"><ele>1791.0</ele></trkpt>
   <trkpt lat="46.377680" lon="12.078760"><ele>1780.0</ele></trkpt>
   <trkpt lat="46.377910" lon="12.078840"><ele>1770.0</ele></trkpt>
   <trkpt lat="46.378070" lon="12.078840"><ele>1765.0</ele></trkpt>
   <trkpt lat="46.378100" lon="12.078720"><ele>1767.0</ele></trkpt>
   <trkpt lat="46.378280" lon="12.078620"><ele>1757.0</ele></trkpt>
   <trkpt lat="46.378500" lon="12.078560"><ele>1756.0</ele></trkpt>
   <trkpt lat="46.378790" lon="12.078660"><ele>1739.0</ele></trkpt>
   <trkpt lat="46.379190" lon="12.078630"><ele>1732.0</ele></trkpt>
   <trkpt lat="46.379630" lon="12.078740"><ele>1719.0</ele></trkpt>
   <trkpt lat="46.379750" lon="12.078700"><ele>1719.0</ele></trkpt>
   <trkpt lat="46.379870" lon="12.078730"><ele>1715.0</ele></trkpt>
   <trkpt lat="46.380010" lon="12.078820"><ele>1710.0</ele></trkpt>
   <trkpt lat="46.380150" lon="12.078870"><ele>1708.0</ele></trkpt>
   <trkpt lat="46.380370" lon="12.078760"><ele>1706.0</ele></trkpt>
   <trkpt lat="46.380450" lon="12.078620"><ele>1704.0</ele></trkpt>
   <trkpt lat="46.380620" lon="12.078620"><ele>1709.0</ele></trkpt>
   <trkpt lat="46.380800" lon="12.078620"><ele>1706.0</ele></trkpt>
   <trkpt lat="46.380940" lon="12.078560"><ele>1708.0</ele></trkpt>
   <trkpt lat="46.381080" lon="12.078510"><ele>1713.0</ele></trkpt>
   <trkpt lat="46.381320" lon="12.078560"><ele>1708.0</ele></trkpt>
   <trkpt lat="46.381450" lon="12.078740"><ele>1702.0</ele></trkpt>
   <trkpt lat="46.381580" lon="12.079050"><ele>1694.0</ele></trkpt>
   <trkpt lat="46.381630" lon="12.079080"><ele>1690.0</ele></trkpt>
   <trkpt lat="46.381750" lon="12.078990"><ele>1688.0</ele></trkpt>
   <trkpt lat="46.381820" lon="12.079010"><ele>1683.0</ele></trkpt>
   <trkpt lat="46.381980" lon="12.079200"><ele>1677.0</ele></trkpt>
   <trkpt lat="46.382140" lon="12.079400"><ele>1668.0</ele></trkpt>
   <trkpt lat="46.382390" lon="12.079610"><ele>1659.0</ele></trkpt>
   <trkpt lat="46.382770" lon="12.079930"><ele>1644.0</ele></trkpt>
   <trkpt lat="46.383060" lon="12.080070"><ele>1634.0</ele></trkpt>
   <trkpt lat="46.383140" lon="12.080020"><ele>1631.0</ele></trkpt>
   <trkpt lat="46.383420" lon="12.080100"><ele>1623.0</ele></trkpt>
   <trkpt lat="46.383600" lon="12.080310"><ele>1616.0</ele></trkpt>
   <trkpt lat="46.383670" lon="12.080430"><ele>1612.0</ele></trkpt>
   <trkpt lat="46.383770" lon="12.080520"><ele>1609.0</ele></trkpt>
   <trkpt lat="46.384100" lon="12.080620"><ele>1599.0</ele></trkpt>
   <trkpt lat="46.384400" lon="12.080980"><ele>1590.0</ele></trkpt>
   <trkpt lat="46.384760" lon="12.081230"><ele>1576.0</ele></trkpt>
   <trkpt lat="46.384910" lon="12.081240"><ele>1569.0</ele></trkpt>
   <trkpt lat="46.385090" lon="12.081150"><ele>1565.0</ele></trkpt>
   <trkpt lat="46.385220" lon="12.081190"><ele>1558.0</ele></trkpt>
   <trkpt lat="46.385420" lon="12.081160"><ele>1554.0</ele></trkpt>
   <trkpt lat="46.385640" lon="12.081070"><ele>1550.0</ele></trkpt>
   <trkpt lat="46.385860" lon="12.081110"><ele>1550.0</ele></trkpt>
   <trkpt lat="46.386080" lon="12.081260"><ele>1547.0</ele></trkpt>
   <trkpt lat="46.386310" lon="12.081420"><ele>1540.0</ele></trkpt>
   <trkpt lat="46.386430" lon="12.081530"><ele>1538.0</ele></trkpt>
   <trkpt lat="46.386570" lon="12.081610"><ele>1535.0</ele></trkpt>
   <trkpt lat="46.386770" lon="12.081660"><ele>1529.0</ele></trkpt>
   <trkpt lat="46.387040" lon="12.081950"><ele>1525.0</ele></trkpt>
   <trkpt lat="46.387280" lon="12.081790"><ele>1524.0</ele></trkpt>
   <trkpt lat="46.387400" lon="12.081590"><ele>1524.0</ele></trkpt>
   <trkpt lat="46.387540" lon="12.081430"><ele>1523.0</ele></trkpt>
   <trkpt lat="46.387790" lon="12.081330"><ele>1521.0</ele></trkpt>
   <trkpt lat="46.388100" lon="12.081210"><ele>1515.0</ele></trkpt>
   <trkpt lat="46.388340" lon="12.081230"><ele>1512.0</ele></trkpt>
   <trkpt lat="46.388510" lon="12.081380"><ele>1511.0</ele></trkpt>
   <trkpt lat="46.388670" lon="12.081480"><ele>1511.0</ele></trkpt>
   <trkpt lat="46.388950" lon="12.081440"><ele>1509.0</ele></trkpt>
   <trkpt lat="46.389280" lon="12.081620"><ele>1508.0</ele></trkpt>
   <trkpt lat="46.389500" lon="12.081580"><ele>1505.0</ele></trkpt>
   <trkpt lat="46.389680" lon="12.081510"><ele>1503.0</ele></trkpt>
   <trkpt lat="46.389870" lon="12.081540"><ele>1503.0</ele></trkpt>
   <trkpt lat="46.389990" lon="12.081650"><ele>1502.0</ele></trkpt>
   <trkpt lat="46.390150" lon="12.081610"><ele>1503.0</ele></trkpt>
   <trkpt lat="46.390350" lon="12.081610"><ele>1498.0</ele></trkpt>
   <trkpt lat="46.390470" lon="12.081660"><ele>1495.0</ele></trkpt>
   <trkpt lat="46.390690" lon="12.081840"><ele>1496.0</ele></trkpt>
   <trkpt lat="46.391070" lon="12.082150"><ele>1493.0</ele></trkpt>
   <trkpt lat="46.391320" lon="12.082280"><ele>1488.0</ele></trkpt>
   <trkpt lat="46.391570" lon="12.082350"><ele>1485.0</ele></trkpt>
   <trkpt lat="46.391820" lon="12.082450"><ele>1483.0</ele></trkpt>
   <trkpt lat="46.392140" lon="12.082570"><ele>1482.0</ele></trkpt>
   <trkpt lat="46.392260" lon="12.082850"><ele>1482.0</ele></trkpt>
   <trkpt lat="46.392260" lon="12.082990"><ele>1482.0</ele></trkpt>
   <trkpt lat="46.392310" lon="12.083230"><ele>1481.0</ele></trkpt>
   <trkpt lat="46.392480" lon="12.083510"><ele>1478.0</ele></trkpt>
   <trkpt lat="46.392630" lon="12.083560"><ele>1477.0</ele></trkpt>
   <trkpt lat="46.392670" lon="12.083530"><ele>1478.0</ele></trkpt>
   <trkpt lat="46.392670" lon="12.083490"><ele>1478.0</ele></trkpt>
   <trkpt lat="46.392550" lon="12.083400"><ele>1479.0</ele></trkpt>
   <trkpt lat="46.392510" lon="12.083410"><ele>1478.0</ele></trkpt>
   <trkpt lat="46.392540" lon="12.083290"><ele>1479.0</ele></trkpt>
   <trkpt lat="46.392600" lon="12.083340"><ele>1479.0</ele></trkpt>
   <trkpt lat="46.392640" lon="12.083290"><ele>1479.0</ele></trkpt>
   <trkpt lat="46.392570" lon="12.083200"><ele>1480.0</ele></trkpt>
   <trkpt lat="46.392580" lon="12.083140"><ele>1480.0</ele></trkpt>
   <trkpt lat="46.392670" lon="12.083200"><ele>1479.0</ele></trkpt>
   <trkpt lat="46.392740" lon="12.083340"><ele>1477.0</ele></trkpt>
   <trkpt lat="46.392800" lon="12.083380"><ele>1477.0</ele></trkpt>
   <trkpt lat="46.392910" lon="12.083380"><ele>1479.0</ele></trkpt>
   <trkpt lat="46.392940" lon="12.083500"><ele>1478.0</ele></trkpt>
   <trkpt lat="46.392940" lon="12.083540"><ele>1477.0</ele></trkpt>
   <trkpt lat="46.392890" lon="12.083600"><ele>1477.0</ele></trkpt>
   <trkpt lat="46.392850" lon="12.083960"><ele>1473.0</ele></trkpt>
   <trkpt lat="46.392770" lon="12.084350"><ele>1469.0</ele></trkpt>
   <trkpt lat="46.392640" lon="12.084560"><ele>1463.0</ele></trkpt>
   <trkpt lat="46.392730" lon="12.084700"><ele>1459.0</ele></trkpt>
   <trkpt lat="46.392760" lon="12.084700"><ele>1459.0</ele></trkpt>
   <trkpt lat="46.392820" lon="12.084720"><ele>1458.0</ele></trkpt>
   <trkpt lat="46.392870" lon="12.084700"><ele>1458.0</ele></trkpt>
   <trkpt lat="46.392920" lon="12.084620"><ele>1460.0</ele></trkpt>
   <trkpt lat="46.392900" lon="12.084760"><ele>1458.0</ele></trkpt>
   <trkpt lat="46.392940" lon="12.084870"><ele>1461.0</ele></trkpt>
   <trkpt lat="46.392980" lon="12.084870"><ele>1461.0</ele></trkpt>
   <trkpt lat="46.393170" lon="12.084710"><ele>1467.0</ele></trkpt>
   <trkpt lat="46.393320" lon="12.084750"><ele>1470.0</ele></trkpt>
   <trkpt lat="46.393380" lon="12.084690"><ele>1467.0</ele></trkpt>
   <trkpt lat="46.393430" lon="12.085040"><ele>1464.0</ele></trkpt>
   <trkpt lat="46.393490" lon="12.085450"><ele>1464.0</ele></trkpt>
   <trkpt lat="46.393790" lon="12.085530"><ele>1464.0</ele></trkpt>
   <trkpt lat="46.394090" lon="12.085530"><ele>1475.0</ele></trkpt>
   <trkpt lat="46.394390" lon="12.085410"><ele>1481.0</ele></trkpt>
   <trkpt lat="46.394690" lon="12.085290"><ele>1489.0</ele></trkpt>
   <trkpt lat="46.394990" lon="12.085170"><ele>1496.0</ele></trkpt>
   <trkpt lat="46.395260" lon="12.085120"><ele>1499.0</ele></trkpt>
   <trkpt lat="46.395650" lon="12.085050"><ele>1507.0</ele></trkpt>
   <trkpt lat="46.395890" lon="12.085010"><ele>1510.0</ele></trkpt>
   <trkpt lat="46.396140" lon="12.084970"><ele>1517.0</ele></trkpt>
   <trkpt lat="46.396240" lon="12.084800"><ele>1521.0</ele></trkpt>
   <trkpt lat="46.396110" lon="12.084660"><ele>1524.0</ele></trkpt>
   <trkpt lat="46.396170" lon="12.084460"><ele>1531.0</ele></trkpt>
   <trkpt lat="46.396390" lon="12.084260"><ele>1543.0</ele></trkpt>
   <trkpt lat="46.396760" lon="12.084170"><ele>1551.0</ele></trkpt>
   <trkpt lat="46.396890" lon="12.084090"><ele>1555.0</ele></trkpt>
   <trkpt lat="46.396940" lon="12.083870"><ele>1562.0</ele></trkpt>
   <trkpt lat="46.396790" lon="12.083740"><ele>1563.0</ele></trkpt>
   <trkpt lat="46.396740" lon="12.083550"><ele>1566.0</ele></trkpt>
   <trkpt lat="46.396460" lon="12.083300"><ele>1566.0</ele></trkpt>
   <trkpt lat="46.396380" lon="12.083150"><ele>1565.0</ele></trkpt>
   <trkpt lat="46.396440" lon="12.082890"><ele>1573.0</ele></trkpt>
   <trkpt lat="46.396510" lon="12.082580"><ele>1583.0</ele></trkpt>
   <trkpt lat="46.396720" lon="12.082160"><ele>1601.0</ele></trkpt>
   <trkpt lat="46.397000" lon="12.081900"><ele>1615.0</ele></trkpt>
   <trkpt lat="46.397180" lon="12.081700"><ele>1626.0</ele></trkpt>
   <trkpt lat="46.397410" lon="12.081570"><ele>1635.0</ele></trkpt>
   <trkpt lat="46.397670" lon="12.081410"><ele>1643.0</ele></trkpt>
   <trkpt lat="46.397780" lon="12.081260"><ele>1650.0</ele></trkpt>
   <trkpt lat="46.398030" lon="12.081180"><ele>1656.0</ele></trkpt>
   <trkpt lat="46.398090" lon="12.081050"><ele>1659.0</ele></trkpt>
   <trkpt lat="46.398300" lon="12.080890"><ele>1669.0</ele></trkpt>
   <trkpt lat="46.398610" lon="12.080490"><ele>1682.0</ele></trkpt>
   <trkpt lat="46.398810" lon="12.080290"><ele>1690.0</ele></trkpt>
   <trkpt lat="46.399020" lon="12.080080"><ele>1697.0</ele></trkpt>
   <trkpt lat="46.399030" lon="12.079990"><ele>1701.0</ele></trkpt>
   <trkpt lat="46.398790" lon="12.079850"><ele>1704.0</ele></trkpt>
   <trkpt lat="46.398560" lon="12.079650"><ele>1709.0</ele></trkpt>
   <trkpt lat="46.398430" lon="12.079440"><ele>1715.0</ele></trkpt>
   <trkpt lat="46.398270" lon="12.079290"><ele>1717.0</ele></trkpt>
   <trkpt lat="46.398100" lon="12.078930"><ele>1720.0</ele></trkpt>
   <trkpt lat="46.398000" lon="12.078850"><ele>1721.0</ele></trkpt>
   <trkpt lat="46.397910" lon="12.078660"><ele>1721.0</ele></trkpt>
   <trkpt lat="46.397760" lon="12.078660"><ele>1725.0</ele></trkpt>
   <trkpt lat="46.397620" lon="12.078610"><ele>1722.0</ele></trkpt>
   <trkpt lat="46.397540" lon="12.078390"><ele>1728.0</ele></trkpt>
   <trkpt lat="46.397510" lon="12.078140"><ele>1736.0</ele></trkpt>
   <trkpt lat="46.397370" lon="12.077800"><ele>1739.0</ele></trkpt>
   <trkpt lat="46.397260" lon="12.077810"><ele>1747.0</ele></trkpt>
   <trkpt lat="46.397200" lon="12.078020"><ele>1743.0</ele></trkpt>
   <trkpt lat="46.396920" lon="12.078110"><ele>1744.0</ele></trkpt>
   <trkpt lat="46.396730" lon="12.077940"><ele>1753.0</ele></trkpt>
   <trkpt lat="46.396580" lon="12.077690"><ele>1763.0</ele></trkpt>
   <trkpt lat="46.396420" lon="12.077430"><ele>1771.0</ele></trkpt>
   <trkpt lat="46.396560" lon="12.076810"><ele>1794.0</ele></trkpt>
   <trkpt lat="46.396620" lon="12.076660"><ele>1802.0</ele></trkpt>
   <trkpt lat="46.396820" lon="12.076510"><ele>1803.0</ele></trkpt>
   <trkpt lat="46.396970" lon="12.076460"><ele>1804.0</ele></trkpt>
   <trkpt lat="46.397110" lon="12.076210"><ele>1808.0</ele></trkpt>
   <trkpt lat="46.397240" lon="12.076100"><ele>1812.0</ele></trkpt>
   <trkpt lat="46.397400" lon="12.076120"><ele>1808.0</ele></trkpt>
   <trkpt lat="46.397780" lon="12.076400"><ele>1813.0</ele></trkpt>
   <trkpt lat="46.397990" lon="12.076620"><ele>1818.0</ele></trkpt>
   <trkpt lat="46.398260" lon="12.076890"><ele>1820.0</ele></trkpt>
   <trkpt lat="46.398640" lon="12.076770"><ele>1834.0</ele></trkpt>
   <trkpt lat="46.398870" lon="12.076870"><ele>1834.0</ele></trkpt>
   <trkpt lat="46.399000" lon="12.076790"><ele>1841.0</ele></trkpt>
   <trkpt lat="46.399170" lon="12.076790"><ele>1843.0</ele></trkpt>
   <trkpt lat="46.399350" lon="12.076790"><ele>1847.0</ele></trkpt>
   <trkpt lat="46.399550" lon="12.076930"><ele>1844.0</ele></trkpt>
   <trkpt lat="46.399720" lon="12.077160"><ele>1844.0</ele></trkpt>
   <trkpt lat="46.399900" lon="12.077400"><ele>1845.0</ele></trkpt>
   <trkpt lat="46.400040" lon="12.077390"><ele>1848.0</ele></trkpt>
   <trkpt lat="46.400130" lon="12.077470"><ele>1846.0</ele></trkpt>
   <trkpt lat="46.400280" lon="12.077430"><ele>1848.0</ele></trkpt>
   <trkpt lat="46.400540" lon="12.077580"><ele>1849.0</ele></trkpt>
   <trkpt lat="46.400950" lon="12.077680"><ele>1850.0</ele></trkpt>
   <trkpt lat="46.401220" lon="12.077680"><ele>1854.0</ele></trkpt>
   <trkpt lat="46.401570" lon="12.077680"><ele>1856.0</ele></trkpt>
   <trkpt lat="46.401890" lon="12.077670"><ele>1856.0</ele></trkpt>
   <trkpt lat="46.402060" lon="12.077760"><ele>1852.0</ele></trkpt>
   <trkpt lat="46.402330" lon="12.077780"><ele>1850.0</ele></trkpt>
   <trkpt lat="46.402720" lon="12.077660"><ele>1840.0</ele></trkpt>
   <trkpt lat="46.403030" lon="12.077450"><ele>1839.0</ele></trkpt>
   <trkpt lat="46.403190" lon="12.077130"><ele>1839.0</ele></trkpt>
   <trkpt lat="46.403420" lon="12.076680"><ele>1844.0</ele></trkpt>
   <trkpt lat="46.403630" lon="12.076530"><ele>1849.0</ele></trkpt>
   <trkpt lat="46.403790" lon="12.076230"><ele>1850.0</ele></trkpt>
   <trkpt lat="46.403980" lon="12.076140"><ele>1848.0</ele></trkpt>
   <trkpt lat="46.404230" lon="12.076230"><ele>1847.0</ele></trkpt>
   <trkpt lat="46.404530" lon="12.075820"><ele>1847.0</ele></trkpt>
   <trkpt lat="46.404620" lon="12.075800"><ele>1848.0</ele></trkpt>
   <trkpt lat="46.404810" lon="12.075460"><ele>1847.0</ele></trkpt>
   <trkpt lat="46.404990" lon="12.075130"><ele>1849.0</ele></trkpt>
   <trkpt lat="46.405240" lon="12.074680"><ele>1847.0</ele></trkpt>
   <trkpt lat="46.405290" lon="12.074720"><ele>1849.0</ele></trkpt>
   <trkpt lat="46.405560" lon="12.074750"><ele>1845.0</ele></trkpt>
   <trkpt lat="46.406020" lon="12.074790"><ele>1840.0</ele></trkpt>
   <trkpt lat="46.406260" lon="12.074800"><ele>1837.0</ele></trkpt>
   <trkpt lat="46.406470" lon="12.074850"><ele>1834.0</ele></trkpt>
   <trkpt lat="46.406760" lon="12.074840"><ele>1831.0</ele></trkpt>
   <trkpt lat="46.407070" lon="12.074860"><ele>1828.0</ele></trkpt>
   <trkpt lat="46.407150" lon="12.074910"><ele>1826.0</ele></trkpt>
   <trkpt lat="46.407220" lon="12.075040"><ele>1823.0</ele></trkpt>
   <trkpt lat="46.407240" lon="12.075210"><ele>1820.0</ele></trkpt>
   <trkpt lat="46.407480" lon="12.074970"><ele>1823.0</ele></trkpt>
   <trkpt lat="46.407720" lon="12.074750"><ele>1824.0</ele></trkpt>
   <trkpt lat="46.407820" lon="12.074590"><ele>1827.0</ele></trkpt>
   <trkpt lat="46.407920" lon="12.074540"><ele>1824.0</ele></trkpt>
   <trkpt lat="46.408100" lon="12.074580"><ele>1826.0</ele></trkpt>
   <trkpt lat="46.408230" lon="12.074720"><ele>1824.0</ele></trkpt>
   <trkpt lat="46.408430" lon="12.075260"><ele>1825.0</ele></trkpt>
   <trkpt lat="46.408450" lon="12.075350"><ele>1825.0</ele></trkpt>
   <trkpt lat="46.408500" lon="12.075470"><ele>1825.0</ele></trkpt>
   <trkpt lat="46.408400" lon="12.075730"><ele>1825.0</ele></trkpt>
   <trkpt lat="46.408270" lon="12.076110"><ele>1826.0</ele></trkpt>
   <trkpt lat="46.408250" lon="12.076650"><ele>1829.0</ele></trkpt>
   <trkpt lat="46.408300" lon="12.077280"><ele>1831.0</ele></trkpt>
   <trkpt lat="46.408350" lon="12.077420"><ele>1833.0</ele></trkpt>
   <trkpt lat="46.408420" lon="12.077420"><ele>1834.0</ele></trkpt>
   <trkpt lat="46.408580" lon="12.077290"><ele>1837.0</ele></trkpt>
   <trkpt lat="46.408790" lon="12.077120"><ele>1839.0</ele></trkpt>
   <trkpt lat="46.409010" lon="12.076980"><ele>1841.0</ele></trkpt>
   <trkpt lat="46.409230" lon="12.076840"><ele>1842.0</ele></trkpt>
   <trkpt lat="46.409450" lon="12.076650"><ele>1842.0</ele></trkpt>
   <trkpt lat="46.409720" lon="12.076430"><ele>1845.0</ele></trkpt>
   <trkpt lat="46.410030" lon="12.076330"><ele>1848.0</ele></trkpt>
   <trkpt lat="46.410300" lon="12.076060"><ele>1851.0</ele></trkpt>
   <trkpt lat="46.410560" lon="12.075780"><ele>1854.0</ele></trkpt>
   <trkpt lat="46.410930" lon="12.075400"><ele>1862.0</ele></trkpt>
   <trkpt lat="46.411060" lon="12.075340"><ele>1863.0</ele></trkpt>
   <trkpt lat="46.411340" lon="12.075280"><ele>1863.0</ele></trkpt>
   <trkpt lat="46.411530" lon="12.075280"><ele>1864.0</ele></trkpt>
   <trkpt lat="46.411770" lon="12.075220"><ele>1868.0</ele></trkpt>
   <trkpt lat="46.412020" lon="12.075150"><ele>1870.0</ele></trkpt>
   <trkpt lat="46.412300" lon="12.075000"><ele>1870.0</ele></trkpt>
   <trkpt lat="46.412500" lon="12.074730"><ele>1876.0</ele></trkpt>
   <trkpt lat="46.412790" lon="12.074350"><ele>1876.0</ele></trkpt>
   <trkpt lat="46.413010" lon="12.074210"><ele>1882.0</ele></trkpt>
   <trkpt lat="46.413230" lon="12.074120"><ele>1884.0</ele></trkpt>
   <trkpt lat="46.413500" lon="12.073680"><ele>1885.0</ele></trkpt>
   <trkpt lat="46.413640" lon="12.073330"><ele>1887.0</ele></trkpt>
   <trkpt lat="46.413860" lon="12.072790"><ele>1890.0</ele></trkpt>
   <trkpt lat="46.414000" lon="12.072420"><ele>1893.0</ele></trkpt>
   <trkpt lat="46.414120" lon="12.072120"><ele>1895.0</ele></trkpt>
   <trkpt lat="46.414240" lon="12.071810"><ele>1897.0</ele></trkpt>
   <trkpt lat="46.414390" lon="12.071470"><ele>1898.0</ele></trkpt>
   <trkpt lat="46.414600" lon="12.070970"><ele>1903.0</ele></trkpt>
   <trkpt lat="46.414720" lon="12.070670"><ele>1906.0</ele></trkpt>
   <trkpt lat="46.414850" lon="12.070340"><ele>1909.0</ele></trkpt>
   <trkpt lat="46.414930" lon="12.070010"><ele>1911.0</ele></trkpt>
   <trkpt lat="46.415020" lon="12.069640"><ele>1913.0</ele></trkpt>
   <trkpt lat="46.415150" lon="12.069170"><ele>1913.0</ele></trkpt>
   <trkpt lat="46.415330" lon="12.068850"><ele>1913.0</ele></trkpt>
   <trkpt lat="46.415360" lon="12.068670"><ele>1915.0</ele></trkpt>
   <trkpt lat="46.415330" lon="12.068340"><ele>1913.0</ele></trkpt>
   <trkpt lat="46.415280" lon="12.068170"><ele>1911.0</ele></trkpt>
   <trkpt lat="46.415290" lon="12.067870"><ele>1908.0</ele></trkpt>
   <trkpt lat="46.415310" lon="12.067490"><ele>1906.0</ele></trkpt>
   <trkpt lat="46.415220" lon="12.067200"><ele>1905.0</ele></trkpt>
   <trkpt lat="46.415170" lon="12.066780"><ele>1900.0</ele></trkpt>
   <trkpt lat="46.415180" lon="12.066400"><ele>1892.0</ele></trkpt>
   <trkpt lat="46.415250" lon="12.066020"><ele>1886.0</ele></trkpt>
   <trkpt lat="46.415340" lon="12.065500"><ele>1873.0</ele></trkpt>
   <trkpt lat="46.415420" lon="12.065420"><ele>1873.0</ele></trkpt>
   <trkpt lat="46.415580" lon="12.065420"><ele>1873.0</ele></trkpt>
   <trkpt lat="46.415810" lon="12.065510"><ele>1870.0</ele></trkpt>
   <trkpt lat="46.416040" lon="12.065610"><ele>1864.0</ele></trkpt>
   <trkpt lat="46.416340" lon="12.065500"><ele>1855.0</ele></trkpt>
   <trkpt lat="46.416560" lon="12.065300"><ele>1849.0</ele></trkpt>
   <trkpt lat="46.416690" lon="12.065140"><ele>1846.0</ele></trkpt>
   <trkpt lat="46.416800" lon="12.065080"><ele>1844.0</ele></trkpt>
   <trkpt lat="46.416950" lon="12.065070"><ele>1842.0</ele></trkpt>
   <trkpt lat="46.416980" lon="12.064930"><ele>1841.0</ele></trkpt>
   <trkpt lat="46.417090" lon="12.064810"><ele>1840.0</ele></trkpt>
   <trkpt lat="46.417190" lon="12.064800"><ele>1839.0</ele></trkpt>
   <trkpt lat="46.417300" lon="12.064860"><ele>1839.0</ele></trkpt>
   <trkpt lat="46.417450" lon="12.064840"><ele>1838.0</ele></trkpt>
   <trkpt lat="46.417570" lon="12.064770"><ele>1837.0</ele></trkpt>
   <trkpt lat="46.417660" lon="12.064570"><ele>1837.0</ele></trkpt>
   <trkpt lat="46.417800" lon="12.064290"><ele>1836.0</ele></trkpt>
   <trkpt lat="46.418020" lon="12.063950"><ele>1835.0</ele></trkpt>
   <trkpt lat="46.418360" lon="12.063650"><ele>1837.0</ele></trkpt>
   <trkpt lat="46.418510" lon="12.063450"><ele>1839.0</ele></trkpt>
   <trkpt lat="46.418550" lon="12.063120"><ele>1839.0</ele></trkpt>
   <trkpt lat="46.418500" lon="12.062800"><ele>1840.0</ele></trkpt>
   <trkpt lat="46.418550" lon="12.062710"><ele>1838.0</ele></trkpt>
   <trkpt lat="46.418600" lon="12.062700"><ele>1837.0</ele></trkpt>
   <trkpt lat="46.418670" lon="12.062770"><ele>1841.0</ele></trkpt>
   <trkpt lat="46.418900" lon="12.062890"><ele>1848.0</ele></trkpt>
   <trkpt lat="46.419130" lon="12.062810"><ele>1855.0</ele></trkpt>
   <trkpt lat="46.419270" lon="12.062830"><ele>1855.0</ele></trkpt>
   <trkpt lat="46.419420" lon="12.062710"><ele>1856.0</ele></trkpt>
   <trkpt lat="46.419600" lon="12.062490"><ele>1856.0</ele></trkpt>
   <trkpt lat="46.419780" lon="12.062260"><ele>1854.0</ele></trkpt>
   <trkpt lat="46.420020" lon="12.062080"><ele>1853.0</ele></trkpt>
   <trkpt lat="46.420340" lon="12.061840"><ele>1851.0</ele></trkpt>
   <trkpt lat="46.420480" lon="12.061550"><ele>1851.0</ele></trkpt>
   <trkpt lat="46.420560" lon="12.061050"><ele>1857.0</ele></trkpt>
   <trkpt lat="46.420570" lon="12.060430"><ele>1860.0</ele></trkpt>
   <trkpt lat="46.420680" lon="12.060050"><ele>1868.0</ele></trkpt>
   <trkpt lat="46.420810" lon="12.059890"><ele>1874.0</ele></trkpt>
   <trkpt lat="46.421020" lon="12.059870"><ele>1880.0</ele></trkpt>
   <trkpt lat="46.421350" lon="12.059850"><ele>1892.0</ele></trkpt>
   <trkpt lat="46.421560" lon="12.059620"><ele>1897.0</ele></trkpt>
   <trkpt lat="46.421820" lon="12.059320"><ele>1904.0</ele></trkpt>
   <trkpt lat="46.421930" lon="12.058830"><ele>1909.0</ele></trkpt>
   <trkpt lat="46.422020" lon="12.058380"><ele>1914.0</ele></trkpt>
   <trkpt lat="46.422120" lon="12.057920"><ele>1918.0</ele></trkpt>
   <trkpt lat="46.422250" lon="12.057300"><ele>1924.0</ele></trkpt>
   <trkpt lat="46.422240" lon="12.056890"><ele>1927.0</ele></trkpt>
   <trkpt lat="46.422220" lon="12.056240"><ele>1929.0</ele></trkpt>
   <trkpt lat="46.422170" lon="12.055600"><ele>1935.0</ele></trkpt>
   <trkpt lat="46.422170" lon="12.055260"><ele>1942.0</ele></trkpt>
   <trkpt lat="46.422240" lon="12.054830"><ele>1952.0</ele></trkpt>
   <trkpt lat="46.422390" lon="12.054550"><ele>1960.0</ele></trkpt>
   <trkpt lat="46.422570" lon="12.054290"><ele>1972.0</ele></trkpt>
   <trkpt lat="46.422780" lon="12.053990"><ele>1978.0</ele></trkpt>
   <trkpt lat="46.422890" lon="12.053730"><ele>1982.0</ele></trkpt>
   <trkpt lat="46.422860" lon="12.053410"><ele>1991.0</ele></trkpt>
   <trkpt lat="46.422750" lon="12.053160"><ele>1998.0</ele></trkpt>
   <trkpt lat="46.422570" lon="12.052940"><ele>2003.0</ele></trkpt>
   <trkpt lat="46.422460" lon="12.052670"><ele>2006.0</ele></trkpt>
   <trkpt lat="46.422460" lon="12.052430"><ele>2008.0</ele></trkpt>
   <trkpt lat="46.422550" lon="12.052080"><ele>2019.0</ele></trkpt>
   <trkpt lat="46.422650" lon="12.051730"><ele>2027.0</ele></trkpt>
   <trkpt lat="46.422750" lon="12.051340"><ele>2033.0</ele></trkpt>
   <trkpt lat="46.422760" lon="12.051030"><ele>2037.0</ele></trkpt>
   <trkpt lat="46.422740" lon="12.050440"><ele>2040.0</ele></trkpt>
   <trkpt lat="46.422790" lon="12.049940"><ele>2043.0</ele></trkpt>
   <trkpt lat="46.422960" lon="12.049370"><ele>2048.0</ele></trkpt>
   <trkpt lat="46.423130" lon="12.049020"><ele>2048.0</ele></trkpt>
   <trkpt lat="46.423240" lon="12.048880"><ele>2056.0</ele></trkpt>
   <trkpt lat="46.423290" lon="12.048560"><ele>2044.0</ele></trkpt>
   <trkpt lat="46.423270" lon="12.048040"><ele>2041.0</ele></trkpt>
   <trkpt lat="46.423200" lon="12.047590"><ele>2039.0</ele></trkpt>
   <trkpt lat="46.423200" lon="12.047480"><ele>2029.0</ele></trkpt>
   <trkpt lat="46.423330" lon="12.047200"><ele>2043.0</ele></trkpt>
   <trkpt lat="46.423510" lon="12.046810"><ele>2047.0</ele></trkpt>
   <trkpt lat="46.423550" lon="12.046600"><ele>2049.0</ele></trkpt>
   <trkpt lat="46.423570" lon="12.046320"><ele>2048.0</ele></trkpt>
   <trkpt lat="46.423580" lon="12.045940"><ele>2050.0</ele></trkpt>
   <trkpt lat="46.423820" lon="12.046140"><ele>2049.0</ele></trkpt>
   <trkpt lat="46.424200" lon="12.046460"><ele>2049.0</ele></trkpt>
   <trkpt lat="46.424520" lon="12.046720"><ele>2029.0</ele></trkpt>
   <trkpt lat="46.424810" lon="12.046970"><ele>2016.0</ele></trkpt>
   <trkpt lat="46.425100" lon="12.047220"><ele>1999.0</ele></trkpt>
   <trkpt lat="46.425320" lon="12.047400"><ele>1987.0</ele></trkpt>
   <trkpt lat="46.425590" lon="12.047630"><ele>1978.0</ele></trkpt>
   <trkpt lat="46.425900" lon="12.047880"><ele>1968.0</ele></trkpt>
   <trkpt lat="46.426260" lon="12.048190"><ele>1956.0</ele></trkpt>
   <trkpt lat="46.426440" lon="12.048530"><ele>1944.0</ele></trkpt>
   <trkpt lat="46.426590" lon="12.048820"><ele>1937.0</ele></trkpt>
   <trkpt lat="46.426760" lon="12.049150"><ele>1926.0</ele></trkpt>
   <trkpt lat="46.426630" lon="12.049610"><ele>1921.0</ele></trkpt>
   <trkpt lat="46.426500" lon="12.050080"><ele>1920.0</ele></trkpt>
   <trkpt lat="46.426390" lon="12.050440"><ele>1920.0</ele></trkpt>
   <trkpt lat="46.426250" lon="12.050960"><ele>1914.0</ele></trkpt>
   <trkpt lat="46.426050" lon="12.051180"><ele>1914.0</ele></trkpt>
   <trkpt lat="46.425870" lon="12.051610"><ele>1914.0</ele></trkpt>
   <trkpt lat="46.425690" lon="12.052050"><ele>1914.0</ele></trkpt>
   <trkpt lat="46.425510" lon="12.052480"><ele>1914.0</ele></trkpt>
   <trkpt lat="46.425330" lon="12.052920"><ele>1915.0</ele></trkpt>
   <trkpt lat="46.425120" lon="12.053100"><ele>1916.0</ele></trkpt>
   <trkpt lat="46.424890" lon="12.053310"><ele>1921.0</ele></trkpt>
   <trkpt lat="46.424610" lon="12.053730"><ele>1921.0</ele></trkpt>
   <trkpt lat="46.424350" lon="12.054020"><ele>1926.0</ele></trkpt>
   <trkpt lat="46.424270" lon="12.054240"><ele>1927.0</ele></trkpt>
   <trkpt lat="46.424120" lon="12.054500"><ele>1929.0</ele></trkpt>
   <trkpt lat="46.424010" lon="12.054580"><ele>1930.0</ele></trkpt>
   <trkpt lat="46.423880" lon="12.054580"><ele>1929.0</ele></trkpt>
   <trkpt lat="46.423920" lon="12.054830"><ele>1930.0</ele></trkpt>
   <trkpt lat="46.423940" lon="12.055050"><ele>1926.0</ele></trkpt>
   <trkpt lat="46.423960" lon="12.055270"><ele>1929.0</ele></trkpt>
   <trkpt lat="46.423990" lon="12.055650"><ele>1923.0</ele></trkpt>
   <trkpt lat="46.424020" lon="12.056150"><ele>1916.0</ele></trkpt>
   <trkpt lat="46.424060" lon="12.056620"><ele>1913.0</ele></trkpt>
   <trkpt lat="46.424150" lon="12.057020"><ele>1910.0</ele></trkpt>
   <trkpt lat="46.424240" lon="12.057240"><ele>1908.0</ele></trkpt>
   <trkpt lat="46.424350" lon="12.057530"><ele>1902.0</ele></trkpt>
   <trkpt lat="46.424540" lon="12.058060"><ele>1892.0</ele></trkpt>
   <trkpt lat="46.424620" lon="12.058450"><ele>1886.0</ele></trkpt>
   <trkpt lat="46.424570" lon="12.059000"><ele>1881.0</ele></trkpt>
   <trkpt lat="46.424630" lon="12.059350"><ele>1877.0</ele></trkpt>
   <trkpt lat="46.424680" lon="12.059710"><ele>1871.0</ele></trkpt>
   <trkpt lat="46.424760" lon="12.060070"><ele>1869.0</ele></trkpt>
   <trkpt lat="46.424860" lon="12.060540"><ele>1860.0</ele></trkpt>
   <trkpt lat="46.424900" lon="12.060910"><ele>1854.0</ele></trkpt>
   <trkpt lat="46.424960" lon="12.061390"><ele>1853.0</ele></trkpt>
   <trkpt lat="46.425200" lon="12.061840"><ele>1850.0</ele></trkpt>
   <trkpt lat="46.425280" lon="12.062120"><ele>1849.0</ele></trkpt>
   <trkpt lat="46.425280" lon="12.062530"><ele>1844.0</ele></trkpt>
   <trkpt lat="46.425280" lon="12.063160"><ele>1839.0</ele></trkpt>
   <trkpt lat="46.425210" lon="12.063160"><ele>1839.0</ele></trkpt>
   <trkpt lat="46.425160" lon="12.062860"><ele>1839.0</ele></trkpt>
   <trkpt lat="46.425110" lon="12.062540"><ele>1836.0</ele></trkpt>
   <trkpt lat="46.425080" lon="12.062660"><ele>1840.0</ele></trkpt>
   <trkpt lat="46.425070" lon="12.063050"><ele>1834.0</ele></trkpt>
   <trkpt lat="46.424970" lon="12.063420"><ele>1832.0</ele></trkpt>
   <trkpt lat="46.424800" lon="12.063800"><ele>1829.0</ele></trkpt>
   <trkpt lat="46.424620" lon="12.064300"><ele>1824.0</ele></trkpt>
   <trkpt lat="46.424650" lon="12.064800"><ele>1819.0</ele></trkpt>
   <trkpt lat="46.424620" lon="12.065070"><ele>1815.0</ele></trkpt>
   <trkpt lat="46.424500" lon="12.065380"><ele>1811.0</ele></trkpt>
   <trkpt lat="46.424370" lon="12.065730"><ele>1802.0</ele></trkpt>
   <trkpt lat="46.424330" lon="12.066130"><ele>1799.0</ele></trkpt>
   <trkpt lat="46.424490" lon="12.066660"><ele>1793.0</ele></trkpt>
   <trkpt lat="46.424680" lon="12.066960"><ele>1792.0</ele></trkpt>
   <trkpt lat="46.424890" lon="12.067230"><ele>1791.0</ele></trkpt>
   <trkpt lat="46.425230" lon="12.067640"><ele>1790.0</ele></trkpt>
   <trkpt lat="46.425560" lon="12.067930"><ele>1790.0</ele></trkpt>
   <trkpt lat="46.425890" lon="12.068280"><ele>1789.0</ele></trkpt>
   <trkpt lat="46.426040" lon="12.068480"><ele>1786.0</ele></trkpt>
   <trkpt lat="46.426220" lon="12.068640"><ele>1784.0</ele></trkpt>
   <trkpt lat="46.426320" lon="12.068830"><ele>1782.0</ele></trkpt>
   <trkpt lat="46.426350" lon="12.069160"><ele>1785.0</ele></trkpt>
   <trkpt lat="46.426390" lon="12.069380"><ele>1783.0</ele></trkpt>
   <trkpt lat="46.426520" lon="12.069470"><ele>1786.0</ele></trkpt>
   <trkpt lat="46.426640" lon="12.069460"><ele>1786.0</ele></trkpt>
   <trkpt lat="46.426820" lon="12.069370"><ele>1786.0</ele></trkpt>
   <trkpt lat="46.427040" lon="12.069270"><ele>1786.0</ele></trkpt>
   <trkpt lat="46.427290" lon="12.069000"><ele>1785.0</ele></trkpt>
   <trkpt lat="46.427500" lon="12.068760"><ele>1781.0</ele></trkpt>
   <trkpt lat="46.427790" lon="12.068440"><ele>1780.0</ele></trkpt>
   <trkpt lat="46.428060" lon="12.068670"><ele>1779.0</ele></trkpt>
   <trkpt lat="46.428190" lon="12.068720"><ele>1779.0</ele></trkpt>
   <trkpt lat="46.428330" lon="12.069040"><ele>1779.0</ele></trkpt>
   <trkpt lat="46.428270" lon="12.069610"><ele>1783.0</ele></trkpt>
   <trkpt lat="46.428300" lon="12.070000"><ele>1787.0</ele></trkpt>
   <trkpt lat="46.428340" lon="12.070540"><ele>1787.0</ele></trkpt>
   <trkpt lat="46.428530" lon="12.071060"><ele>1788.0</ele></trkpt>
   <trkpt lat="46.428470" lon="12.071690"><ele>1792.0</ele></trkpt>
   <trkpt lat="46.428350" lon="12.071850"><ele>1797.0</ele></trkpt>
   <trkpt lat="46.428270" lon="12.072160"><ele>1804.0</ele></trkpt>
   <trkpt lat="46.428140" lon="12.072660"><ele>1810.0</ele></trkpt>
   <trkpt lat="46.428030" lon="12.073010"><ele>1810.0</ele></trkpt>
   <trkpt lat="46.427880" lon="12.073460"><ele>1809.0</ele></trkpt>
   <trkpt lat="46.427930" lon="12.073610"><ele>1805.0</ele></trkpt>
   <trkpt lat="46.427920" lon="12.073870"><ele>1809.0</ele></trkpt>
   <trkpt lat="46.427910" lon="12.074140"><ele>1810.0</ele></trkpt>
   <trkpt lat="46.428000" lon="12.074450"><ele>1818.0</ele></trkpt>
   <trkpt lat="46.428010" lon="12.074820"><ele>1819.0</ele></trkpt>
   <trkpt lat="46.427990" lon="12.075170"><ele>1820.0</ele></trkpt>
   <trkpt lat="46.427970" lon="12.075560"><ele>1818.0</ele></trkpt>
   <trkpt lat="46.427850" lon="12.075810"><ele>1816.0</ele></trkpt>
   <trkpt lat="46.427780" lon="12.076020"><ele>1815.0</ele></trkpt>
   <trkpt lat="46.427860" lon="12.076340"><ele>1817.0</ele></trkpt>
   <trkpt lat="46.428020" lon="12.076900"><ele>1819.0</ele></trkpt>
   <trkpt lat="46.428020" lon="12.077270"><ele>1829.0</ele></trkpt>
   <trkpt lat="46.428020" lon="12.077750"><ele>1829.0</ele></trkpt>
   <trkpt lat="46.427880" lon="12.078370"><ele>1834.0</ele></trkpt>
   <trkpt lat="46.428030" lon="12.078500"><ele>1833.0</ele></trkpt>
   <trkpt lat="46.427990" lon="12.078620"><ele>1836.0</ele></trkpt>
   <trkpt lat="46.428100" lon="12.078840"><ele>1835.0</ele></trkpt>
   <trkpt lat="46.428070" lon="12.079050"><ele>1836.0</ele></trkpt>
   <trkpt lat="46.428030" lon="12.079140"><ele>1835.0</ele></trkpt>
   <trkpt lat="46.428010" lon="12.079280"><ele>1835.0</ele></trkpt>
   <trkpt lat="46.428010" lon="12.079750"><ele>1834.0</ele></trkpt>
   <trkpt lat="46.428130" lon="12.079920"><ele>1840.0</ele></trkpt>
   <trkpt lat="46.428120" lon="12.080320"><ele>1834.0</ele></trkpt>
   <trkpt lat="46.428030" lon="12.080380"><ele>1836.0</ele></trkpt>
   <trkpt lat="46.427990" lon="12.080550"><ele>1831.0</ele></trkpt>
   <trkpt lat="46.427880" lon="12.080630"><ele>1839.0</ele></trkpt>
   <trkpt lat="46.427830" lon="12.080920"><ele>1833.0</ele></trkpt>
   <trkpt lat="46.427520" lon="12.081140"><ele>1836.0</ele></trkpt>
   <trkpt lat="46.427420" lon="12.081280"><ele>1839.0</ele></trkpt>
   <trkpt lat="46.427400" lon="12.081490"><ele>1842.0</ele></trkpt>
   <trkpt lat="46.427280" lon="12.081510"><ele>1847.0</ele></trkpt>
   <trkpt lat="46.427180" lon="12.081730"><ele>1850.0</ele></trkpt>
   <trkpt lat="46.427050" lon="12.081790"><ele>1861.0</ele></trkpt>
   <trkpt lat="46.427000" lon="12.081910"><ele>1857.0</ele></trkpt>
   <trkpt lat="46.426790" lon="12.082230"><ele>1864.0</ele></trkpt>
   <trkpt lat="46.426670" lon="12.082560"><ele>1867.0</ele></trkpt>
   <trkpt lat="46.426650" lon="12.082850"><ele>1871.0</ele></trkpt>
   <trkpt lat="46.426570" lon="12.082950"><ele>1883.0</ele></trkpt>
   <trkpt lat="46.426640" lon="12.083070"><ele>1871.0</ele></trkpt>
   <trkpt lat="46.426550" lon="12.083280"><ele>1881.0</ele></trkpt>
   <trkpt lat="46.426540" lon="12.083380"><ele>1874.0</ele></trkpt>
   <trkpt lat="46.426560" lon="12.083430"><ele>1879.0</ele></trkpt>
   <trkpt lat="46.426540" lon="12.083620"><ele>1877.0</ele></trkpt>
   <trkpt lat="46.426560" lon="12.083730"><ele>1873.0</ele></trkpt>
   <trkpt lat="46.426570" lon="12.083940"><ele>1875.0</ele></trkpt>
   <trkpt lat="46.426540" lon="12.084150"><ele>1873.0</ele></trkpt>
   <trkpt lat="46.426460" lon="12.084370"><ele>1876.0</ele></trkpt>
   <trkpt lat="46.426500" lon="12.084550"><ele>1872.0</ele></trkpt>
   <trkpt lat="46.426500" lon="12.084770"><ele>1873.0</ele></trkpt>
   <trkpt lat="46.426460" lon="12.084880"><ele>1872.0</ele></trkpt>
   <trkpt lat="46.426450" lon="12.085070"><ele>1869.0</ele></trkpt>
   <trkpt lat="46.426500" lon="12.085160"><ele>1873.0</ele></trkpt>
   <trkpt lat="46.426400" lon="12.085420"><ele>1874.0</ele></trkpt>
   <trkpt lat="46.426320" lon="12.085420"><ele>1874.0</ele></trkpt>
   <trkpt lat="46.426220" lon="12.085600"><ele>1876.0</ele></trkpt>
   <trkpt lat="46.426140" lon="12.085640"><ele>1880.0</ele></trkpt>
   <trkpt lat="46.426070" lon="12.085740"><ele>1884.0</ele></trkpt>
   <trkpt lat="46.425930" lon="12.085840"><ele>1887.0</ele></trkpt>
   <trkpt lat="46.425790" lon="12.085940"><ele>1896.0</ele></trkpt>
   <trkpt lat="46.425690" lon="12.086200"><ele>1891.0</ele></trkpt>
   <trkpt lat="46.425740" lon="12.086330"><ele>1899.0</ele></trkpt>
   <trkpt lat="46.425710" lon="12.086440"><ele>1898.0</ele></trkpt>
   <trkpt lat="46.425700" lon="12.086620"><ele>1895.0</ele></trkpt>
   <trkpt lat="46.425610" lon="12.086900"><ele>1895.0</ele></trkpt>
   <trkpt lat="46.425720" lon="12.087040"><ele>1899.0</ele></trkpt>
   <trkpt lat="46.425770" lon="12.087260"><ele>1902.0</ele></trkpt>
   <trkpt lat="46.425820" lon="12.087490"><ele>1903.0</ele></trkpt>
   <trkpt lat="46.426050" lon="12.087580"><ele>1907.0</ele></trkpt>
   <trkpt lat="46.426300" lon="12.087690"><ele>1912.0</ele></trkpt>
   <trkpt lat="46.426380" lon="12.087940"><ele>1922.0</ele></trkpt>
   <trkpt lat="46.426270" lon="12.088410"><ele>1932.0</ele></trkpt>
   <trkpt lat="46.426300" lon="12.088940"><ele>1944.0</ele></trkpt>
   <trkpt lat="46.426290" lon="12.089350"><ele>1953.0</ele></trkpt>
   <trkpt lat="46.426240" lon="12.089450"><ele>1955.0</ele></trkpt>
   <trkpt lat="46.426300" lon="12.089750"><ele>1961.0</ele></trkpt>
   <trkpt lat="46.426380" lon="12.090090"><ele>1966.0</ele></trkpt>
   <trkpt lat="46.426290" lon="12.090280"><ele>1969.0</ele></trkpt>
   <trkpt lat="46.426160" lon="12.090340"><ele>1967.0</ele></trkpt>
   <trkpt lat="46.426020" lon="12.090280"><ele>1967.0</ele></trkpt>
   <trkpt lat="46.425900" lon="12.090470"><ele>1969.0</ele></trkpt>
   <trkpt lat="46.425770" lon="12.090680"><ele>1974.0</ele></trkpt>
   <trkpt lat="46.425820" lon="12.090880"><ele>1977.0</ele></trkpt>
   <trkpt lat="46.425820" lon="12.091170"><ele>1982.0</ele></trkpt>
   <trkpt lat="46.425830" lon="12.091530"><ele>1986.0</ele></trkpt>
   <trkpt lat="46.425860" lon="12.091640"><ele>1987.0</ele></trkpt>
   <trkpt lat="46.425870" lon="12.091820"><ele>1987.0</ele></trkpt>
   <trkpt lat="46.425820" lon="12.092030"><ele>1983.0</ele></trkpt>
   <trkpt lat="46.425700" lon="12.092190"><ele>1987.0</ele></trkpt>
   <trkpt lat="46.425510" lon="12.092700"><ele>1980.0</ele></trkpt>
   <trkpt lat="46.425370" lon="12.093020"><ele>1976.0</ele></trkpt>
   <trkpt lat="46.425190" lon="12.093420"><ele>1973.0</ele></trkpt>
   <trkpt lat="46.425040" lon="12.093560"><ele>1973.0</ele></trkpt>
   <trkpt lat="46.424950" lon="12.093750"><ele>1971.0</ele></trkpt>
   <trkpt lat="46.424780" lon="12.093730"><ele>1972.0</ele></trkpt>
   <trkpt lat="46.424630" lon="12.093950"><ele>1971.0</ele></trkpt>
   <trkpt lat="46.424410" lon="12.094300"><ele>1975.0</ele></trkpt>
   <trkpt lat="46.424200" lon="12.094440"><ele>1975.0</ele></trkpt>
   <trkpt lat="46.424060" lon="12.094580"><ele>1973.0</ele></trkpt>
   <trkpt lat="46.423930" lon="12.094680"><ele>1971.0</ele></trkpt>
   <trkpt lat="46.423800" lon="12.094890"><ele>1969.0</ele></trkpt>
   <trkpt lat="46.423660" lon="12.094970"><ele>1970.0</ele></trkpt>
   <trkpt lat="46.423490" lon="12.094980"><ele>1965.0</ele></trkpt>
   <trkpt lat="46.423310" lon="12.095040"><ele>1965.0</ele></trkpt>
   <trkpt lat="46.423050" lon="12.095090"><ele>1957.0</ele></trkpt>
   <trkpt lat="46.422790" lon="12.095150"><ele>1954.0</ele></trkpt>
   <trkpt lat="46.422480" lon="12.095210"><ele>1950.0</ele></trkpt>
   <trkpt lat="46.422100" lon="12.095480"><ele>1938.0</ele></trkpt>
   <trkpt lat="46.421860" lon="12.095470"><ele>1935.0</ele></trkpt>
   <trkpt lat="46.421790" lon="12.095520"><ele>1927.0</ele></trkpt>
   <trkpt lat="46.421760" lon="12.095650"><ele>1929.0</ele></trkpt>
   <trkpt lat="46.421760" lon="12.095830"><ele>1933.0</ele></trkpt>
   <trkpt lat="46.421720" lon="12.095860"><ele>1933.0</ele></trkpt>
   <trkpt lat="46.421670" lon="12.095780"><ele>1926.0</ele></trkpt>
   <trkpt lat="46.421640" lon="12.095500"><ele>1928.0</ele></trkpt>
   <trkpt lat="46.421650" lon="12.095390"><ele>1918.0</ele></trkpt>
   <trkpt lat="46.421820" lon="12.095260"><ele>1926.0</ele></trkpt>
   <trkpt lat="46.422020" lon="12.095180"><ele>1924.0</ele></trkpt>
   <trkpt lat="46.422060" lon="12.095110"><ele>1924.0</ele></trkpt>
   <trkpt lat="46.422070" lon="12.094830"><ele>1914.0</ele></trkpt>
   <trkpt lat="46.422120" lon="12.094700"><ele>1914.0</ele></trkpt>
   <trkpt lat="46.422180" lon="12.094610"><ele>1914.0</ele></trkpt>
   <trkpt lat="46.422360" lon="12.094480"><ele>1909.0</ele></trkpt>
   <trkpt lat="46.422580" lon="12.094240"><ele>1907.0</ele></trkpt>
   <trkpt lat="46.422580" lon="12.094180"><ele>1905.0</ele></trkpt>
   <trkpt lat="46.422340" lon="12.094280"><ele>1900.0</ele></trkpt>
   <trkpt lat="46.421990" lon="12.094300"><ele>1896.0</ele></trkpt>
   <trkpt lat="46.421940" lon="12.094340"><ele>1892.0</ele></trkpt>
   <trkpt lat="46.421820" lon="12.094580"><ele>1893.0</ele></trkpt>
   <trkpt lat="46.421700" lon="12.094720"><ele>1889.0</ele></trkpt>
   <trkpt lat="46.421660" lon="12.094730"><ele>1889.0</ele></trkpt>
   <trkpt lat="46.421760" lon="12.094370"><ele>1883.0</ele></trkpt>
   <trkpt lat="46.421890" lon="12.093880"><ele>1878.0</ele></trkpt>
   <trkpt lat="46.421650" lon="12.094170"><ele>1873.0</ele></trkpt>
   <trkpt lat="46.421530" lon="12.094360"><ele>1870.0</ele></trkpt>
   <trkpt lat="46.421350" lon="12.094540"><ele>1865.0</ele></trkpt>
   <trkpt lat="46.421170" lon="12.094830"><ele>1863.0</ele></trkpt>
   <trkpt lat="46.420920" lon="12.095220"><ele>1862.0</ele></trkpt>
   <trkpt lat="46.420770" lon="12.095390"><ele>1851.0</ele></trkpt>
   <trkpt lat="46.420680" lon="12.095620"><ele>1850.0</ele></trkpt>
   <trkpt lat="46.420520" lon="12.095890"><ele>1842.0</ele></trkpt>
   <trkpt lat="46.420400" lon="12.096180"><ele>1827.0</ele></trkpt>
   <trkpt lat="46.420370" lon="12.096460"><ele>1827.0</ele></trkpt>
   <trkpt lat="46.420400" lon="12.096630"><ele>1826.0</ele></trkpt>
   <trkpt lat="46.420550" lon="12.096940"><ele>1838.0</ele></trkpt>
   <trkpt lat="46.420620" lon="12.097280"><ele>1837.0</ele></trkpt>
   <trkpt lat="46.420450" lon="12.097830"><ele>1837.0</ele></trkpt>
   <trkpt lat="46.420290" lon="12.098190"><ele>1832.0</ele></trkpt>
   <trkpt lat="46.420220" lon="12.098740"><ele>1828.0</ele></trkpt>
   <trkpt lat="46.420210" lon="12.099080"><ele>1826.0</ele></trkpt>
   <trkpt lat="46.420280" lon="12.099480"><ele>1818.0</ele></trkpt>
   <trkpt lat="46.420410" lon="12.100110"><ele>1817.0</ele></trkpt>
   <trkpt lat="46.420400" lon="12.100400"><ele>1806.0</ele></trkpt>
   <trkpt lat="46.420520" lon="12.100520"><ele>1814.0</ele></trkpt>
   <trkpt lat="46.420500" lon="12.100700"><ele>1806.0</ele></trkpt>
   <trkpt lat="46.420540" lon="12.100850"><ele>1809.0</ele></trkpt>
   <trkpt lat="46.420560" lon="12.101130"><ele>1805.0</ele></trkpt>
   <trkpt lat="46.420590" lon="12.101440"><ele>1804.0</ele></trkpt>
   <trkpt lat="46.420570" lon="12.101780"><ele>1801.0</ele></trkpt>
   <trkpt lat="46.420560" lon="12.102120"><ele>1798.0</ele></trkpt>
   <trkpt lat="46.420620" lon="12.102470"><ele>1796.0</ele></trkpt>
   <trkpt lat="46.420690" lon="12.102880"><ele>1786.0</ele></trkpt>
   <trkpt lat="46.420830" lon="12.103290"><ele>1786.0</ele></trkpt>
   <trkpt lat="46.420920" lon="12.103630"><ele>1782.0</ele></trkpt>
   <trkpt lat="46.421020" lon="12.104010"><ele>1776.0</ele></trkpt>
   <trkpt lat="46.420990" lon="12.104070"><ele>1771.0</ele></trkpt>
   <trkpt lat="46.420900" lon="12.104080"><ele>1766.0</ele></trkpt>
   <trkpt lat="46.420960" lon="12.104190"><ele>1769.0</ele></trkpt>
   <trkpt lat="46.420900" lon="12.104080"><ele>1766.0</ele></trkpt>
   <trkpt lat="46.420700" lon="12.103900"><ele>1767.0</ele></trkpt>
   <trkpt lat="46.420500" lon="12.103780"><ele>1766.0</ele></trkpt>
   <trkpt lat="46.420600" lon="12.104140"><ele>1764.0</ele></trkpt>
   <trkpt lat="46.420750" lon="12.104660"><ele>1764.0</ele></trkpt>
   <trkpt lat="46.420810" lon="12.104920"><ele>1764.0</ele></trkpt>
   <trkpt lat="46.420690" lon="12.104960"><ele>1764.0</ele></trkpt>
   <trkpt lat="46.420490" lon="12.104970"><ele>1768.0</ele></trkpt>
   <trkpt lat="46.420320" lon="12.105060"><ele>1775.0</ele></trkpt>
   <trkpt lat="46.420170" lon="12.105310"><ele>1783.0</ele></trkpt>
   <trkpt lat="46.420080" lon="12.105660"><ele>1790.0</ele></trkpt>
   <trkpt lat="46.420030" lon="12.105750"><ele>1792.0</ele></trkpt>
   <trkpt lat="46.419840" lon="12.105820"><ele>1795.0</ele></trkpt>
   <trkpt lat="46.419640" lon="12.105900"><ele>1797.0</ele></trkpt>
   <trkpt lat="46.419500" lon="12.106090"><ele>1809.0</ele></trkpt>
   <trkpt lat="46.419490" lon="12.106170"><ele>1812.0</ele></trkpt>
   <trkpt lat="46.419130" lon="12.105990"><ele>1815.0</ele></trkpt>
   <trkpt lat="46.418870" lon="12.105940"><ele>1827.0</ele></trkpt>
   <trkpt lat="46.418500" lon="12.105880"><ele>1831.0</ele></trkpt>
   <trkpt lat="46.418270" lon="12.105930"><ele>1833.0</ele></trkpt>
   <trkpt lat="46.418030" lon="12.105980"><ele>1834.0</ele></trkpt>
   <trkpt lat="46.417870" lon="12.105980"><ele>1841.0</ele></trkpt>
   <trkpt lat="46.417690" lon="12.105880"><ele>1837.0</ele></trkpt>
   <trkpt lat="46.417470" lon="12.105680"><ele>1840.0</ele></trkpt>
   <trkpt lat="46.417390" lon="12.105640"><ele>1841.0</ele></trkpt>
   <trkpt lat="46.417270" lon="12.105690"><ele>1842.0</ele></trkpt>
   <trkpt lat="46.417180" lon="12.105820"><ele>1844.0</ele></trkpt>
   <trkpt lat="46.417080" lon="12.106050"><ele>1846.0</ele></trkpt>
   <trkpt lat="46.416960" lon="12.106300"><ele>1846.0</ele></trkpt>
   <trkpt lat="46.416700" lon="12.106620"><ele>1851.0</ele></trkpt>
   <trkpt lat="46.416640" lon="12.106800"><ele>1852.0</ele></trkpt>
   <trkpt lat="46.416580" lon="12.106910"><ele>1853.0</ele></trkpt>
   <trkpt lat="46.416490" lon="12.106970"><ele>1853.0</ele></trkpt>
   <trkpt lat="46.416310" lon="12.107020"><ele>1854.0</ele></trkpt>
   <trkpt lat="46.416110" lon="12.107250"><ele>1854.0</ele></trkpt>
   <trkpt lat="46.415860" lon="12.107520"><ele>1857.0</ele></trkpt>
   <trkpt lat="46.415650" lon="12.107690"><ele>1861.0</ele></trkpt>
   <trkpt lat="46.415430" lon="12.107880"><ele>1863.0</ele></trkpt>
   <trkpt lat="46.415330" lon="12.108000"><ele>1863.0</ele></trkpt>
   <trkpt lat="46.415210" lon="12.108270"><ele>1866.0</ele></trkpt>
   <trkpt lat="46.415030" lon="12.108650"><ele>1872.0</ele></trkpt>
   <trkpt lat="46.414950" lon="12.108770"><ele>1872.0</ele></trkpt>
   <trkpt lat="46.414680" lon="12.108960"><ele>1872.0</ele></trkpt>
   <trkpt lat="46.414620" lon="12.109050"><ele>1874.0</ele></trkpt>
   <trkpt lat="46.414510" lon="12.109470"><ele>1879.0</ele></trkpt>
   <trkpt lat="46.414490" lon="12.109700"><ele>1880.0</ele></trkpt>
   <trkpt lat="46.414470" lon="12.109780"><ele>1882.0</ele></trkpt>
   <trkpt lat="46.414420" lon="12.109860"><ele>1884.0</ele></trkpt>
   <trkpt lat="46.414320" lon="12.109940"><ele>1882.0</ele></trkpt>
   <trkpt lat="46.414090" lon="12.110090"><ele>1883.0</ele></trkpt>
   <trkpt lat="46.413820" lon="12.110260"><ele>1883.0</ele></trkpt>
   <trkpt lat="46.413550" lon="12.110470"><ele>1883.0</ele></trkpt>
   <trkpt lat="46.413420" lon="12.110680"><ele>1882.0</ele></trkpt>
   <trkpt lat="46.413370" lon="12.110870"><ele>1872.0</ele></trkpt>
   <trkpt lat="46.413260" lon="12.111110"><ele>1876.0</ele></trkpt>
   <trkpt lat="46.413050" lon="12.111630"><ele>1871.0</ele></trkpt>
   <trkpt lat="46.412710" lon="12.111580"><ele>1871.0</ele></trkpt>
   <trkpt lat="46.412550" lon="12.111590"><ele>1870.0</ele></trkpt>
   <trkpt lat="46.412380" lon="12.111670"><ele>1873.0</ele></trkpt>
   <trkpt lat="46.412170" lon="12.111890"><ele>1875.0</ele></trkpt>
   <trkpt lat="46.412080" lon="12.111890"><ele>1875.0</ele></trkpt>
   <trkpt lat="46.411990" lon="12.111940"><ele>1876.0</ele></trkpt>
   <trkpt lat="46.411720" lon="12.112340"><ele>1883.0</ele></trkpt>
   <trkpt lat="46.411580" lon="12.112490"><ele>1891.0</ele></trkpt>
   <trkpt lat="46.411390" lon="12.112590"><ele>1881.0</ele></trkpt>
   <trkpt lat="46.411100" lon="12.112740"><ele>1879.0</ele></trkpt>
   <trkpt lat="46.410850" lon="12.113030"><ele>1874.0</ele></trkpt>
   <trkpt lat="46.410790" lon="12.113200"><ele>1870.0</ele></trkpt>
   <trkpt lat="46.410770" lon="12.113360"><ele>1870.0</ele></trkpt>
   <trkpt lat="46.410760" lon="12.113840"><ele>1870.0</ele></trkpt>
   <trkpt lat="46.410780" lon="12.113980"><ele>1870.0</ele></trkpt>
   <trkpt lat="46.410880" lon="12.114170"><ele>1870.0</ele></trkpt>
   <trkpt lat="46.410910" lon="12.114430"><ele>1871.0</ele></trkpt>
   <trkpt lat="46.410910" lon="12.114650"><ele>1871.0</ele></trkpt>
   <trkpt lat="46.410910" lon="12.114890"><ele>1879.0</ele></trkpt>
   <trkpt lat="46.410780" lon="12.115200"><ele>1881.0</ele></trkpt>
   <trkpt lat="46.410630" lon="12.115400"><ele>1881.0</ele></trkpt>
   <trkpt lat="46.410440" lon="12.115720"><ele>1881.0</ele></trkpt>
   <trkpt lat="46.410280" lon="12.115990"><ele>1876.0</ele></trkpt>
   <trkpt lat="46.410100" lon="12.116280"><ele>1876.0</ele></trkpt>
   <trkpt lat="46.410080" lon="12.116370"><ele>1878.0</ele></trkpt>
   <trkpt lat="46.410100" lon="12.116750"><ele>1884.0</ele></trkpt>
   <trkpt lat="46.409920" lon="12.117240"><ele>1884.0</ele></trkpt>
   <trkpt lat="46.409820" lon="12.117340"><ele>1887.0</ele></trkpt>
   <trkpt lat="46.409640" lon="12.117420"><ele>1884.0</ele></trkpt>
   <trkpt lat="46.409450" lon="12.117510"><ele>1885.0</ele></trkpt>
   <trkpt lat="46.409170" lon="12.117850"><ele>1884.0</ele></trkpt>
   <trkpt lat="46.409100" lon="12.117900"><ele>1884.0</ele></trkpt>
   <trkpt lat="46.408930" lon="12.117880"><ele>1883.0</ele></trkpt>
   <trkpt lat="46.408850" lon="12.117780"><ele>1878.0</ele></trkpt>
   <trkpt lat="46.408790" lon="12.117780"><ele>1877.0</ele></trkpt>
   <trkpt lat="46.408620" lon="12.118070"><ele>1883.0</ele></trkpt>
   <trkpt lat="46.408600" lon="12.118360"><ele>1883.0</ele></trkpt>
   <trkpt lat="46.408540" lon="12.118510"><ele>1885.0</ele></trkpt>
   <trkpt lat="46.408250" lon="12.118540"><ele>1880.0</ele></trkpt>
   <trkpt lat="46.408140" lon="12.118720"><ele>1877.0</ele></trkpt>
   <trkpt lat="46.408140" lon="12.118880"><ele>1878.0</ele></trkpt>
   <trkpt lat="46.407990" lon="12.118980"><ele>1876.0</ele></trkpt>
   <trkpt lat="46.407900" lon="12.119130"><ele>1883.0</ele></trkpt>
   <trkpt lat="46.407880" lon="12.119230"><ele>1878.0</ele></trkpt>
   <trkpt lat="46.407930" lon="12.119720"><ele>1888.0</ele></trkpt>
   <trkpt lat="46.407740" lon="12.120200"><ele>1889.0</ele></trkpt>
   <trkpt lat="46.407580" lon="12.120300"><ele>1890.0</ele></trkpt>
   <trkpt lat="46.407530" lon="12.120300"><ele>1890.0</ele></trkpt>
   <trkpt lat="46.407460" lon="12.120210"><ele>1892.0</ele></trkpt>
   <trkpt lat="46.407350" lon="12.119940"><ele>1890.0</ele></trkpt>
   <trkpt lat="46.407260" lon="12.119850"><ele>1891.0</ele></trkpt>
   <trkpt lat="46.407110" lon="12.119800"><ele>1889.0</ele></trkpt>
   <trkpt lat="46.406890" lon="12.119890"><ele>1889.0</ele></trkpt>
   <trkpt lat="46.406700" lon="12.120030"><ele>1889.0</ele></trkpt>
   <trkpt lat="46.406540" lon="12.120050"><ele>1889.0</ele></trkpt>
   <trkpt lat="46.406390" lon="12.120120"><ele>1888.0</ele></trkpt>
   <trkpt lat="46.406220" lon="12.120200"><ele>1889.0</ele></trkpt>
   <trkpt lat="46.405960" lon="12.120130"><ele>1888.0</ele></trkpt>
   <trkpt lat="46.405740" lon="12.120000"><ele>1886.0</ele></trkpt>
   <trkpt lat="46.405520" lon="12.119930"><ele>1886.0</ele></trkpt>
   <trkpt lat="46.405360" lon="12.119920"><ele>1886.0</ele></trkpt>
   <trkpt lat="46.405220" lon="12.119960"><ele>1886.0</ele></trkpt>
   <trkpt lat="46.405140" lon="12.120030"><ele>1886.0</ele></trkpt>
   <trkpt lat="46.405020" lon="12.120260"><ele>1886.0</ele></trkpt>
   <trkpt lat="46.404870" lon="12.120530"><ele>1887.0</ele></trkpt>
   <trkpt lat="46.404800" lon="12.120870"><ele>1889.0</ele></trkpt>
   <trkpt lat="46.404710" lon="12.121260"><ele>1889.0</ele></trkpt>
   <trkpt lat="46.404510" lon="12.121710"><ele>1889.0</ele></trkpt>
   <trkpt lat="46.404480" lon="12.121990"><ele>1889.0</ele></trkpt>
   <trkpt lat="46.404510" lon="12.122290"><ele>1887.0</ele></trkpt>
   <trkpt lat="46.404470" lon="12.122530"><ele>1885.0</ele></trkpt>
   <trkpt lat="46.404350" lon="12.122650"><ele>1887.0</ele></trkpt>
   <trkpt lat="46.404190" lon="12.122690"><ele>1887.0</ele></trkpt>
   <trkpt lat="46.404020" lon="12.122670"><ele>1887.0</ele></trkpt>
   <trkpt lat="46.403910" lon="12.122740"><ele>1887.0</ele></trkpt>
   <trkpt lat="46.403850" lon="12.122900"><ele>1887.0</ele></trkpt>
   <trkpt lat="46.403840" lon="12.123110"><ele>1888.0</ele></trkpt>
   <trkpt lat="46.403720" lon="12.123480"><ele>1886.0</ele></trkpt>
   <trkpt lat="46.403720" lon="12.123560"><ele>1885.0</ele></trkpt>
   <trkpt lat="46.403660" lon="12.123670"><ele>1883.0</ele></trkpt>
   <trkpt lat="46.403610" lon="12.123800"><ele>1885.0</ele></trkpt>
   <trkpt lat="46.403590" lon="12.123970"><ele>1884.0</ele></trkpt>
   <trkpt lat="46.403610" lon="12.124440"><ele>1884.0</ele></trkpt>
   <trkpt lat="46.403650" lon="12.124650"><ele>1883.0</ele></trkpt>
   <trkpt lat="46.403640" lon="12.124940"><ele>1882.0</ele></trkpt>
   <trkpt lat="46.403620" lon="12.125320"><ele>1882.0</ele></trkpt>
   <trkpt lat="46.403660" lon="12.125680"><ele>1882.0</ele></trkpt>
   <trkpt lat="46.403710" lon="12.125850"><ele>1883.0</ele></trkpt>
   <trkpt lat="46.403740" lon="12.126170"><ele>1883.0</ele></trkpt>
   <trkpt lat="46.403810" lon="12.126350"><ele>1884.0</ele></trkpt>
   <trkpt lat="46.403830" lon="12.126520"><ele>1883.0</ele></trkpt>
   <trkpt lat="46.403770" lon="12.126700"><ele>1883.0</ele></trkpt>
   <trkpt lat="46.403590" lon="12.126940"><ele>1880.0</ele></trkpt>
   <trkpt lat="46.403480" lon="12.127160"><ele>1880.0</ele></trkpt>
   <trkpt lat="46.403390" lon="12.127470"><ele>1880.0</ele></trkpt>
   <trkpt lat="46.403290" lon="12.127790"><ele>1882.0</ele></trkpt>
   <trkpt lat="46.403200" lon="12.127960"><ele>1884.0</ele></trkpt>
   <trkpt lat="46.403160" lon="12.128200"><ele>1886.0</ele></trkpt>
   <trkpt lat="46.403110" lon="12.128470"><ele>1887.0</ele></trkpt>
   <trkpt lat="46.403030" lon="12.128740"><ele>1888.0</ele></trkpt>
   <trkpt lat="46.403010" lon="12.129290"><ele>1889.0</ele></trkpt>
   <trkpt lat="46.403070" lon="12.129550"><ele>1890.0</ele></trkpt>
   <trkpt lat="46.403030" lon="12.130020"><ele>1891.0</ele></trkpt>
   <trkpt lat="46.403040" lon="12.130240"><ele>1892.0</ele></trkpt>
   <trkpt lat="46.403080" lon="12.130330"><ele>1892.0</ele></trkpt>
   <trkpt lat="46.403090" lon="12.130590"><ele>1892.0</ele></trkpt>
   <trkpt lat="46.403130" lon="12.130810"><ele>1895.0</ele></trkpt>
   <trkpt lat="46.403120" lon="12.131110"><ele>1897.0</ele></trkpt>
   <trkpt lat="46.403200" lon="12.131570"><ele>1897.0</ele></trkpt>
   <trkpt lat="46.403350" lon="12.131790"><ele>1900.0</ele></trkpt>
   <trkpt lat="46.403350" lon="12.132130"><ele>1901.0</ele></trkpt>
   <trkpt lat="46.403360" lon="12.132490"><ele>1901.0</ele></trkpt>
   <trkpt lat="46.403260" lon="12.132760"><ele>1902.0</ele></trkpt>
   <trkpt lat="46.403230" lon="12.132890"><ele>1904.0</ele></trkpt>
   <trkpt lat="46.403080" lon="12.133220"><ele>1908.0</ele></trkpt>
   <trkpt lat="46.403030" lon="12.133420"><ele>1911.0</ele></trkpt>
   <trkpt lat="46.403000" lon="12.133480"><ele>1910.0</ele></trkpt>
   <trkpt lat="46.402980" lon="12.133620"><ele>1913.0</ele></trkpt>
   <trkpt lat="46.402870" lon="12.133850"><ele>1914.0</ele></trkpt>
   <trkpt lat="46.402790" lon="12.134170"><ele>1916.0</ele></trkpt>
   <trkpt lat="46.402620" lon="12.134390"><ele>1918.0</ele></trkpt>
   <trkpt lat="46.402520" lon="12.134620"><ele>1920.0</ele></trkpt>
   <trkpt lat="46.402500" lon="12.134790"><ele>1921.0</ele></trkpt>
   <trkpt lat="46.402520" lon="12.135160"><ele>1926.0</ele></trkpt>
   <trkpt lat="46.402460" lon="12.135510"><ele>1929.0</ele></trkpt>
   <trkpt lat="46.402390" lon="12.135710"><ele>1932.0</ele></trkpt>
   <trkpt lat="46.402310" lon="12.136100"><ele>1937.0</ele></trkpt>
   <trkpt lat="46.402290" lon="12.136490"><ele>1941.0</ele></trkpt>
   <trkpt lat="46.402210" lon="12.136890"><ele>1947.0</ele></trkpt>
   <trkpt lat="46.402210" lon="12.136960"><ele>1949.0</ele></trkpt>
   <trkpt lat="46.402240" lon="12.137020"><ele>1952.0</ele></trkpt>
   <trkpt lat="46.402070" lon="12.137170"><ele>1954.0</ele></trkpt>
   <trkpt lat="46.401870" lon="12.137550"><ele>1959.0</ele></trkpt>
   <trkpt lat="46.401730" lon="12.137720"><ele>1960.0</ele></trkpt>
   <trkpt lat="46.401710" lon="12.137950"><ele>1963.0</ele></trkpt>
   <trkpt lat="46.401680" lon="12.138220"><ele>1966.0</ele></trkpt>
   <trkpt lat="46.401690" lon="12.138420"><ele>1970.0</ele></trkpt>
   <trkpt lat="46.401580" lon="12.138500"><ele>1973.0</ele></trkpt>
   <trkpt lat="46.401370" lon="12.138780"><ele>1978.0</ele></trkpt>
   <trkpt lat="46.401360" lon="12.139120"><ele>1980.0</ele></trkpt>
   <trkpt lat="46.401340" lon="12.139500"><ele>1979.0</ele></trkpt>
   <trkpt lat="46.401400" lon="12.139860"><ele>1979.0</ele></trkpt>
   <trkpt lat="46.401420" lon="12.140500"><ele>1982.0</ele></trkpt>
   <trkpt lat="46.401520" lon="12.141140"><ele>1982.0</ele></trkpt>
   <trkpt lat="46.401500" lon="12.141410"><ele>1983.0</ele></trkpt>
   <trkpt lat="46.401670" lon="12.141740"><ele>1983.0</ele></trkpt>
   <trkpt lat="46.401700" lon="12.142090"><ele>1983.0</ele></trkpt>
   <trkpt lat="46.401880" lon="12.142540"><ele>1982.0</ele></trkpt>
   <trkpt lat="46.401930" lon="12.142760"><ele>1984.0</ele></trkpt>
   <trkpt lat="46.402000" lon="12.142910"><ele>1983.0</ele></trkpt>
   <trkpt lat="46.402210" lon="12.143220"><ele>1982.0</ele></trkpt>
   <trkpt lat="46.402270" lon="12.143380"><ele>1982.0</ele></trkpt>
   <trkpt lat="46.402260" lon="12.143430"><ele>1981.0</ele></trkpt>
   <trkpt lat="46.402290" lon="12.143530"><ele>1982.0</ele></trkpt>
   <trkpt lat="46.402290" lon="12.143620"><ele>1981.0</ele></trkpt>
   <trkpt lat="46.402360" lon="12.143860"><ele>1982.0</ele></trkpt>
   <trkpt lat="46.402390" lon="12.144060"><ele>1982.0</ele></trkpt>
   <trkpt lat="46.402470" lon="12.144270"><ele>1982.0</ele></trkpt>
   <trkpt lat="46.402710" lon="12.144670"><ele>1983.0</ele></trkpt>
   <trkpt lat="46.402840" lon="12.144800"><ele>1983.0</ele></trkpt>
   <trkpt lat="46.403030" lon="12.144880"><ele>1983.0</ele></trkpt>
   <trkpt lat="46.403270" lon="12.144810"><ele>1980.0</ele></trkpt>
   <trkpt lat="46.403310" lon="12.144720"><ele>1979.0</ele></trkpt>
   <trkpt lat="46.403390" lon="12.144670"><ele>1981.0</ele></trkpt>
   <trkpt lat="46.403590" lon="12.144680"><ele>1977.0</ele></trkpt>
   <trkpt lat="46.403710" lon="12.144740"><ele>1974.0</ele></trkpt>
   <trkpt lat="46.403760" lon="12.144850"><ele>1971.0</ele></trkpt>
   <trkpt lat="46.403890" lon="12.145000"><ele>1969.0</ele></trkpt>
   <trkpt lat="46.404030" lon="12.145090"><ele>1968.0</ele></trkpt>
   <trkpt lat="46.404120" lon="12.145240"><ele>1965.0</ele></trkpt>
   <trkpt lat="46.404370" lon="12.145410"><ele>1963.0</ele></trkpt>
   <trkpt lat="46.404570" lon="12.145770"><ele>1961.0</ele></trkpt>
   <trkpt lat="46.404670" lon="12.145870"><ele>1960.0</ele></trkpt>
   <trkpt lat="46.404790" lon="12.146050"><ele>1957.0</ele></trkpt>
   <trkpt lat="46.404920" lon="12.146230"><ele>1954.0</ele></trkpt>
   <trkpt lat="46.404990" lon="12.146260"><ele>1954.0</ele></trkpt>
   <trkpt lat="46.405040" lon="12.146380"><ele>1953.0</ele></trkpt>
   <trkpt lat="46.405110" lon="12.146440"><ele>1954.0</ele></trkpt>
   <trkpt lat="46.405210" lon="12.146650"><ele>1953.0</ele></trkpt>
   <trkpt lat="46.405340" lon="12.146900"><ele>1953.0</ele></trkpt>
   <trkpt lat="46.405510" lon="12.147080"><ele>1952.0</ele></trkpt>
   <trkpt lat="46.405640" lon="12.147450"><ele>1951.0</ele></trkpt>
   <trkpt lat="46.405770" lon="12.147540"><ele>1951.0</ele></trkpt>
   <trkpt lat="46.405890" lon="12.147790"><ele>1953.0</ele></trkpt>
   <trkpt lat="46.405930" lon="12.147810"><ele>1950.0</ele></trkpt>
   <trkpt lat="46.406090" lon="12.147800"><ele>1953.0</ele></trkpt>
   <trkpt lat="46.406210" lon="12.148000"><ele>1954.0</ele></trkpt>
   <trkpt lat="46.406340" lon="12.148130"><ele>1954.0</ele></trkpt>
   <trkpt lat="46.406520" lon="12.148490"><ele>1952.0</ele></trkpt>
   <trkpt lat="46.406630" lon="12.148850"><ele>1951.0</ele></trkpt>
   <trkpt lat="46.406790" lon="12.149360"><ele>1950.0</ele></trkpt>
   <trkpt lat="46.406840" lon="12.149410"><ele>1944.0</ele></trkpt>
   <trkpt lat="46.407020" lon="12.149490"><ele>1950.0</ele></trkpt>
   <trkpt lat="46.407240" lon="12.149440"><ele>1950.0</ele></trkpt>
   <trkpt lat="46.407660" lon="12.149640"><ele>1939.0</ele></trkpt>
   <trkpt lat="46.408000" lon="12.149980"><ele>1923.0</ele></trkpt>
   <trkpt lat="46.408220" lon="12.149930"><ele>1917.0</ele></trkpt>
   <trkpt lat="46.408220" lon="12.150200"><ele>1911.0</ele></trkpt>
   <trkpt lat="46.408260" lon="12.150280"><ele>1908.0</ele></trkpt>
   <trkpt lat="46.408340" lon="12.150250"><ele>1905.0</ele></trkpt>
   <trkpt lat="46.408440" lon="12.150140"><ele>1906.0</ele></trkpt>
   <trkpt lat="46.408570" lon="12.150070"><ele>1907.0</ele></trkpt>
   <trkpt lat="46.408770" lon="12.150090"><ele>1905.0</ele></trkpt>
   <trkpt lat="46.409030" lon="12.150120"><ele>1896.0</ele></trkpt>
   <trkpt lat="46.409250" lon="12.150210"><ele>1894.0</ele></trkpt>
   <trkpt lat="46.409590" lon="12.150610"><ele>1883.0</ele></trkpt>
   <trkpt lat="46.409810" lon="12.150780"><ele>1881.0</ele></trkpt>
   <trkpt lat="46.410140" lon="12.150890"><ele>1881.0</ele></trkpt>
   <trkpt lat="46.410420" lon="12.150900"><ele>1880.0</ele></trkpt>
   <trkpt lat="46.410530" lon="12.150950"><ele>1883.0</ele></trkpt>
   <trkpt lat="46.410570" lon="12.151020"><ele>1881.0</ele></trkpt>
   <trkpt lat="46.410580" lon="12.151230"><ele>1879.0</ele></trkpt>
   <trkpt lat="46.410820" lon="12.151700"><ele>1879.0</ele></trkpt>
   <trkpt lat="46.410990" lon="12.151960"><ele>1877.0</ele></trkpt>
   <trkpt lat="46.411130" lon="12.152080"><ele>1879.0</ele></trkpt>
   <trkpt lat="46.411190" lon="12.152220"><ele>1877.0</ele></trkpt>
   <trkpt lat="46.411400" lon="12.152500"><ele>1878.0</ele></trkpt>
   <trkpt lat="46.411640" lon="12.153000"><ele>1878.0</ele></trkpt>
   <trkpt lat="46.411760" lon="12.153340"><ele>1878.0</ele></trkpt>
   <trkpt lat="46.411920" lon="12.153800"><ele>1884.0</ele></trkpt>
   <trkpt lat="46.412080" lon="12.154070"><ele>1887.0</ele></trkpt>
   <trkpt lat="46.412240" lon="12.154370"><ele>1893.0</ele></trkpt>
   <trkpt lat="46.412420" lon="12.154570"><ele>1899.0</ele></trkpt>
   <trkpt lat="46.412480" lon="12.155010"><ele>1900.0</ele></trkpt>
   <trkpt lat="46.412630" lon="12.155290"><ele>1908.0</ele></trkpt>
   <trkpt lat="46.412690" lon="12.155520"><ele>1914.0</ele></trkpt>
   <trkpt lat="46.412710" lon="12.155510"><ele>1915.0</ele></trkpt>
   <trkpt lat="46.412740" lon="12.155610"><ele>1918.0</ele></trkpt>
   <trkpt lat="46.412740" lon="12.155880"><ele>1921.0</ele></trkpt>
   <trkpt lat="46.412660" lon="12.156140"><ele>1924.0</ele></trkpt>
   <trkpt lat="46.412690" lon="12.156270"><ele>1926.0</ele></trkpt>
   <trkpt lat="46.412780" lon="12.156370"><ele>1925.0</ele></trkpt>
   <trkpt lat="46.412730" lon="12.156450"><ele>1928.0</ele></trkpt>
   <trkpt lat="46.412710" lon="12.156520"><ele>1929.0</ele></trkpt>
   <trkpt lat="46.412680" lon="12.156750"><ele>1924.0</ele></trkpt>
   <trkpt lat="46.412660" lon="12.156840"><ele>1926.0</ele></trkpt>
   <trkpt lat="46.412610" lon="12.156900"><ele>1926.0</ele></trkpt>
   <trkpt lat="46.412410" lon="12.157030"><ele>1924.0</ele></trkpt>
   <trkpt lat="46.412110" lon="12.157210"><ele>1922.0</ele></trkpt>
   <trkpt lat="46.411920" lon="12.157410"><ele>1917.0</ele></trkpt>
   <trkpt lat="46.411710" lon="12.157620"><ele>1915.0</ele></trkpt>
   <trkpt lat="46.411550" lon="12.157600"><ele>1909.0</ele></trkpt>
   <trkpt lat="46.411470" lon="12.157650"><ele>1908.0</ele></trkpt>
   <trkpt lat="46.411350" lon="12.157880"><ele>1906.0</ele></trkpt>
   <trkpt lat="46.411340" lon="12.158070"><ele>1906.0</ele></trkpt>
   <trkpt lat="46.411190" lon="12.158390"><ele>1904.0</ele></trkpt>
   <trkpt lat="46.411130" lon="12.158660"><ele>1902.0</ele></trkpt>
   <trkpt lat="46.411090" lon="12.158740"><ele>1898.0</ele></trkpt>
   <trkpt lat="46.410980" lon="12.158840"><ele>1898.0</ele></trkpt>
   <trkpt lat="46.410880" lon="12.158860"><ele>1898.0</ele></trkpt>
   <trkpt lat="46.410820" lon="12.158800"><ele>1896.0</ele></trkpt>
   <trkpt lat="46.410740" lon="12.158760"><ele>1896.0</ele></trkpt>
   <trkpt lat="46.410420" lon="12.158850"><ele>1891.0</ele></trkpt>
   <trkpt lat="46.410380" lon="12.158880"><ele>1887.0</ele></trkpt>
   <trkpt lat="46.410300" lon="12.159020"><ele>1887.0</ele></trkpt>
   <trkpt lat="46.410120" lon="12.159170"><ele>1887.0</ele></trkpt>
   <trkpt lat="46.410020" lon="12.159190"><ele>1885.0</ele></trkpt>
   <trkpt lat="46.409790" lon="12.159140"><ele>1885.0</ele></trkpt>
   <trkpt lat="46.409530" lon="12.158990"><ele>1880.0</ele></trkpt>
   <trkpt lat="46.409230" lon="12.159180"><ele>1877.0</ele></trkpt>
   <trkpt lat="46.408910" lon="12.159120"><ele>1874.0</ele></trkpt>
   <trkpt lat="46.408650" lon="12.158810"><ele>1866.0</ele></trkpt>
   <trkpt lat="46.408400" lon="12.158830"><ele>1862.0</ele></trkpt>
   <trkpt lat="46.408080" lon="12.159010"><ele>1858.0</ele></trkpt>
   <trkpt lat="46.407750" lon="12.159070"><ele>1851.0</ele></trkpt>
   <trkpt lat="46.407620" lon="12.159040"><ele>1847.0</ele></trkpt>
   <trkpt lat="46.407460" lon="12.158870"><ele>1841.0</ele></trkpt>
   <trkpt lat="46.407380" lon="12.158720"><ele>1836.0</ele></trkpt>
   <trkpt lat="46.407330" lon="12.158690"><ele>1837.0</ele></trkpt>
   <trkpt lat="46.407280" lon="12.158700"><ele>1831.0</ele></trkpt>
   <trkpt lat="46.407200" lon="12.158820"><ele>1826.0</ele></trkpt>
   <trkpt lat="46.407110" lon="12.159070"><ele>1826.0</ele></trkpt>
   <trkpt lat="46.407010" lon="12.159360"><ele>1825.0</ele></trkpt>
   <trkpt lat="46.407010" lon="12.159730"><ele>1825.0</ele></trkpt>
   <trkpt lat="46.406950" lon="12.160000"><ele>1824.0</ele></trkpt>
   <trkpt lat="46.406950" lon="12.160130"><ele>1823.0</ele></trkpt>
   <trkpt lat="46.407000" lon="12.160310"><ele>1824.0</ele></trkpt>
   <trkpt lat="46.407140" lon="12.160540"><ele>1828.0</ele></trkpt>
   <trkpt lat="46.407180" lon="12.160660"><ele>1834.0</ele></trkpt>
   <trkpt lat="46.407200" lon="12.160910"><ele>1828.0</ele></trkpt>
   <trkpt lat="46.407180" lon="12.161140"><ele>1832.0</ele></trkpt>
   <trkpt lat="46.407100" lon="12.161440"><ele>1828.0</ele></trkpt>
   <trkpt lat="46.407030" lon="12.161570"><ele>1830.0</ele></trkpt>
   <trkpt lat="46.406900" lon="12.161740"><ele>1828.0</ele></trkpt>
   <trkpt lat="46.406760" lon="12.161920"><ele>1830.0</ele></trkpt>
   <trkpt lat="46.406490" lon="12.161990"><ele>1830.0</ele></trkpt>
   <trkpt lat="46.406310" lon="12.162310"><ele>1829.0</ele></trkpt>
   <trkpt lat="46.406150" lon="12.162390"><ele>1828.0</ele></trkpt>
   <trkpt lat="46.406060" lon="12.162550"><ele>1829.0</ele></trkpt>
   <trkpt lat="46.405950" lon="12.162630"><ele>1829.0</ele></trkpt>
   <trkpt lat="46.405860" lon="12.162630"><ele>1828.0</ele></trkpt>
   <trkpt lat="46.405740" lon="12.162560"><ele>1826.0</ele></trkpt>
   <trkpt lat="46.405680" lon="12.162560"><ele>1827.0</ele></trkpt>
   <trkpt lat="46.405440" lon="12.162660"><ele>1827.0</ele></trkpt>
   <trkpt lat="46.405210" lon="12.162710"><ele>1827.0</ele></trkpt>
   <trkpt lat="46.405010" lon="12.162910"><ele>1827.0</ele></trkpt>
   <trkpt lat="46.404690" lon="12.162990"><ele>1827.0</ele></trkpt>
   <trkpt lat="46.404490" lon="12.162890"><ele>1825.0</ele></trkpt>
   <trkpt lat="46.404150" lon="12.163030"><ele>1824.0</ele></trkpt>
   <trkpt lat="46.403730" lon="12.163300"><ele>1822.0</ele></trkpt>
   <trkpt lat="46.403420" lon="12.163630"><ele>1820.0</ele></trkpt>
   <trkpt lat="46.403180" lon="12.163800"><ele>1822.0</ele></trkpt>
   <trkpt lat="46.403090" lon="12.163990"><ele>1814.0</ele></trkpt>
   <trkpt lat="46.403130" lon="12.164240"><ele>1825.0</ele></trkpt>
   <trkpt lat="46.403020" lon="12.164580"><ele>1825.0</ele></trkpt>
   <trkpt lat="46.402760" lon="12.164770"><ele>1825.0</ele></trkpt>
   <trkpt lat="46.402680" lon="12.164980"><ele>1826.0</ele></trkpt>
   <trkpt lat="46.402540" lon="12.165030"><ele>1825.0</ele></trkpt>
   <trkpt lat="46.402260" lon="12.165390"><ele>1823.0</ele></trkpt>
   <trkpt lat="46.401870" lon="12.165260"><ele>1822.0</ele></trkpt>
   <trkpt lat="46.401750" lon="12.165480"><ele>1823.0</ele></trkpt>
   <trkpt lat="46.401540" lon="12.165690"><ele>1825.0</ele></trkpt>
   <trkpt lat="46.401240" lon="12.165540"><ele>1832.0</ele></trkpt>
   <trkpt lat="46.400970" lon="12.165180"><ele>1832.0</ele></trkpt>
   <trkpt lat="46.400830" lon="12.164800"><ele>1829.0</ele></trkpt>
   <trkpt lat="46.400670" lon="12.164420"><ele>1820.0</ele></trkpt>
   <trkpt lat="46.400440" lon="12.164410"><ele>1814.0</ele></trkpt>
   <trkpt lat="46.400190" lon="12.164590"><ele>1807.0</ele></trkpt>
   <trkpt lat="46.399790" lon="12.164800"><ele>1804.0</ele></trkpt>
   <trkpt lat="46.399350" lon="12.164790"><ele>1794.0</ele></trkpt>
   <trkpt lat="46.399270" lon="12.164700"><ele>1789.0</ele></trkpt>
   <trkpt lat="46.399130" lon="12.164380"><ele>1782.0</ele></trkpt>
   <trkpt lat="46.399060" lon="12.164160"><ele>1777.0</ele></trkpt>
   <trkpt lat="46.399030" lon="12.163960"><ele>1774.0</ele></trkpt>
   <trkpt lat="46.398950" lon="12.163810"><ele>1771.0</ele></trkpt>
   <trkpt lat="46.398770" lon="12.163670"><ele>1763.0</ele></trkpt>
   <trkpt lat="46.398690" lon="12.163480"><ele>1759.0</ele></trkpt>
   <trkpt lat="46.398480" lon="12.163340"><ele>1754.0</ele></trkpt>
   <trkpt lat="46.398290" lon="12.163320"><ele>1750.0</ele></trkpt>
   <trkpt lat="46.398190" lon="12.163220"><ele>1747.0</ele></trkpt>
   <trkpt lat="46.398130" lon="12.162990"><ele>1748.0</ele></trkpt>
   <trkpt lat="46.397840" lon="12.162500"><ele>1747.0</ele></trkpt>
   <trkpt lat="46.397660" lon="12.162080"><ele>1746.0</ele></trkpt>
   <trkpt lat="46.397530" lon="12.161910"><ele>1746.0</ele></trkpt>
   <trkpt lat="46.397420" lon="12.161810"><ele>1745.0</ele></trkpt>
   <trkpt lat="46.397210" lon="12.161740"><ele>1741.0</ele></trkpt>
   <trkpt lat="46.397030" lon="12.161720"><ele>1735.0</ele></trkpt>
   <trkpt lat="46.396780" lon="12.161570"><ele>1728.0</ele></trkpt>
   <trkpt lat="46.396550" lon="12.161210"><ele>1724.0</ele></trkpt>
   <trkpt lat="46.396210" lon="12.161050"><ele>1717.0</ele></trkpt>
   <trkpt lat="46.395800" lon="12.161160"><ele>1698.0</ele></trkpt>
   <trkpt lat="46.395560" lon="12.161160"><ele>1691.0</ele></trkpt>
   <trkpt lat="46.395300" lon="12.161160"><ele>1682.0</ele></trkpt>
   <trkpt lat="46.395030" lon="12.161060"><ele>1678.0</ele></trkpt>
   <trkpt lat="46.394620" lon="12.160990"><ele>1671.0</ele></trkpt>
   <trkpt lat="46.394210" lon="12.161000"><ele>1661.0</ele></trkpt>
   <trkpt lat="46.393940" lon="12.161160"><ele>1655.0</ele></trkpt>
   <trkpt lat="46.393680" lon="12.161190"><ele>1651.0</ele></trkpt>
   <trkpt lat="46.393390" lon="12.161100"><ele>1648.0</ele></trkpt>
   <trkpt lat="46.393230" lon="12.161100"><ele>1647.0</ele></trkpt>
   <trkpt lat="46.392960" lon="12.161180"><ele>1645.0</ele></trkpt>
   <trkpt lat="46.392710" lon="12.161170"><ele>1644.0</ele></trkpt>
   <trkpt lat="46.392420" lon="12.161160"><ele>1640.0</ele></trkpt>
   <trkpt lat="46.392210" lon="12.161180"><ele>1637.0</ele></trkpt>
   <trkpt lat="46.391980" lon="12.161260"><ele>1635.0</ele></trkpt>
   <trkpt lat="46.391750" lon="12.161340"><ele>1634.0</ele></trkpt>
   <trkpt lat="46.391590" lon="12.161450"><ele>1633.0</ele></trkpt>
   <trkpt lat="46.391490" lon="12.161600"><ele>1631.0</ele></trkpt>
   <trkpt lat="46.391400" lon="12.161750"><ele>1628.0</ele></trkpt>
   <trkpt lat="46.391240" lon="12.161930"><ele>1625.0</ele></trkpt>
   <trkpt lat="46.391050" lon="12.162160"><ele>1617.0</ele></trkpt>
   <trkpt lat="46.390940" lon="12.162450"><ele>1611.0</ele></trkpt>
   <trkpt lat="46.390840" lon="12.162580"><ele>1608.0</ele></trkpt>
   <trkpt lat="46.390780" lon="12.162900"><ele>1608.0</ele></trkpt>
   <trkpt lat="46.390680" lon="12.163110"><ele>1600.0</ele></trkpt>
   <trkpt lat="46.390500" lon="12.163280"><ele>1596.0</ele></trkpt>
   <trkpt lat="46.390350" lon="12.163450"><ele>1591.0</ele></trkpt>
   <trkpt lat="46.390270" lon="12.163610"><ele>1584.0</ele></trkpt>
   <trkpt lat="46.390000" lon="12.163840"><ele>1585.0</ele></trkpt>
   <trkpt lat="46.389860" lon="12.164120"><ele>1574.0</ele></trkpt>
   <trkpt lat="46.389730" lon="12.164410"><ele>1563.0</ele></trkpt>
   <trkpt lat="46.389560" lon="12.164660"><ele>1559.0</ele></trkpt>
   <trkpt lat="46.389390" lon="12.164930"><ele>1548.0</ele></trkpt>
   <trkpt lat="46.388990" lon="12.165250"><ele>1527.0</ele></trkpt>
   <trkpt lat="46.389130" lon="12.165260"><ele>1530.0</ele></trkpt>
   <trkpt lat="46.389230" lon="12.165340"><ele>1522.0</ele></trkpt>
   <trkpt lat="46.389260" lon="12.165450"><ele>1514.0</ele></trkpt>
   <trkpt lat="46.389020" lon="12.165630"><ele>1516.0</ele></trkpt>
   <trkpt lat="46.388930" lon="12.165760"><ele>1518.0</ele></trkpt>
   <trkpt lat="46.388810" lon="12.165960"><ele>1514.0</ele></trkpt>
   <trkpt lat="46.388690" lon="12.166180"><ele>1506.0</ele></trkpt>
   <trkpt lat="46.388330" lon="12.166360"><ele>1506.0</ele></trkpt>
   <trkpt lat="46.388120" lon="12.166370"><ele>1501.0</ele></trkpt>
   <trkpt lat="46.387880" lon="12.166620"><ele>1498.0</ele></trkpt>
   <trkpt lat="46.387770" lon="12.166790"><ele>1495.0</ele></trkpt>
   <trkpt lat="46.387660" lon="12.167050"><ele>1499.0</ele></trkpt>
   <trkpt lat="46.387510" lon="12.167450"><ele>1495.0</ele></trkpt>
   <trkpt lat="46.387380" lon="12.167930"><ele>1495.0</ele></trkpt>
   <trkpt lat="46.387350" lon="12.168280"><ele>1495.0</ele></trkpt>
   <trkpt lat="46.387320" lon="12.168680"><ele>1497.0</ele></trkpt>
   <trkpt lat="46.387310" lon="12.168950"><ele>1494.0</ele></trkpt>
   <trkpt lat="46.387330" lon="12.169130"><ele>1498.0</ele></trkpt>
   <trkpt lat="46.387320" lon="12.169390"><ele>1492.0</ele></trkpt>
   <trkpt lat="46.387300" lon="12.169680"><ele>1489.0</ele></trkpt>
   <trkpt lat="46.387330" lon="12.170100"><ele>1488.0</ele></trkpt>
   <trkpt lat="46.387410" lon="12.170380"><ele>1488.0</ele></trkpt>
   <trkpt lat="46.387400" lon="12.170670"><ele>1484.0</ele></trkpt>
   <trkpt lat="46.387620" lon="12.171020"><ele>1483.0</ele></trkpt>
   <trkpt lat="46.387840" lon="12.171370"><ele>1483.0</ele></trkpt>
   <trkpt lat="46.388120" lon="12.171820"><ele>1475.0</ele></trkpt>
   <trkpt lat="46.388170" lon="12.171910"><ele>1473.0</ele></trkpt>
   <trkpt lat="46.388180" lon="12.172010"><ele>1472.0</ele></trkpt>
   <trkpt lat="46.388170" lon="12.172060"><ele>1472.0</ele></trkpt>
   <trkpt lat="46.388080" lon="12.172120"><ele>1470.0</ele></trkpt>
   <trkpt lat="46.388050" lon="12.172060"><ele>1470.0</ele></trkpt>
   <trkpt lat="46.387960" lon="12.172110"><ele>1469.0</ele></trkpt>
   <trkpt lat="46.387750" lon="12.172040"><ele>1467.0</ele></trkpt>
   <trkpt lat="46.387430" lon="12.172310"><ele>1465.0</ele></trkpt>
   <trkpt lat="46.387260" lon="12.172350"><ele>1463.0</ele></trkpt>
   <trkpt lat="46.387060" lon="12.172320"><ele>1460.0</ele></trkpt>
   <trkpt lat="46.386880" lon="12.172350"><ele>1456.0</ele></trkpt>
   <trkpt lat="46.386730" lon="12.172280"><ele>1453.0</ele></trkpt>
   <trkpt lat="46.386580" lon="12.172200"><ele>1449.0</ele></trkpt>
   <trkpt lat="46.386510" lon="12.172220"><ele>1452.0</ele></trkpt>
   <trkpt lat="46.386460" lon="12.172340"><ele>1450.0</ele></trkpt>
   <trkpt lat="46.386370" lon="12.172640"><ele>1452.0</ele></trkpt>
   <trkpt lat="46.386210" lon="12.173150"><ele>1454.0</ele></trkpt>
   <trkpt lat="46.386280" lon="12.173330"><ele>1453.0</ele></trkpt>
   <trkpt lat="46.386320" lon="12.173560"><ele>1455.0</ele></trkpt>
   <trkpt lat="46.386210" lon="12.173930"><ele>1455.0</ele></trkpt>
   <trkpt lat="46.386040" lon="12.174500"><ele>1451.0</ele></trkpt>
   <trkpt lat="46.385790" lon="12.174870"><ele>1448.0</ele></trkpt>
   <trkpt lat="46.385640" lon="12.175160"><ele>1447.0</ele></trkpt>
   <trkpt lat="46.385500" lon="12.175570"><ele>1447.0</ele></trkpt>
   <trkpt lat="46.385460" lon="12.175640"><ele>1448.0</ele></trkpt>
   <trkpt lat="46.385350" lon="12.175670"><ele>1447.0</ele></trkpt>
   <trkpt lat="46.385250" lon="12.175760"><ele>1447.0</ele></trkpt>
   <trkpt lat="46.385220" lon="12.175820"><ele>1448.0</ele></trkpt>
   <trkpt lat="46.385170" lon="12.176120"><ele>1447.0</ele></trkpt>
   <trkpt lat="46.385160" lon="12.176550"><ele>1451.0</ele></trkpt>
   <trkpt lat="46.385150" lon="12.176900"><ele>1454.0</ele></trkpt>
   <trkpt lat="46.385140" lon="12.177280"><ele>1461.0</ele></trkpt>
   <trkpt lat="46.385100" lon="12.177370"><ele>1461.0</ele></trkpt>
   <trkpt lat="46.384900" lon="12.177460"><ele>1463.0</ele></trkpt>
   <trkpt lat="46.384810" lon="12.177580"><ele>1466.0</ele></trkpt>
   <trkpt lat="46.384770" lon="12.177670"><ele>1466.0</ele></trkpt>
   <trkpt lat="46.384760" lon="12.177860"><ele>1472.0</ele></trkpt>
   <trkpt lat="46.384630" lon="12.178030"><ele>1474.0</ele></trkpt>
   <trkpt lat="46.384650" lon="12.178120"><ele>1476.0</ele></trkpt>
   <trkpt lat="46.384740" lon="12.178270"><ele>1479.0</ele></trkpt>
   <trkpt lat="46.384920" lon="12.178470"><ele>1487.0</ele></trkpt>
   <trkpt lat="46.384910" lon="12.178620"><ele>1491.0</ele></trkpt>
   <trkpt lat="46.385080" lon="12.178890"><ele>1497.0</ele></trkpt>
   <trkpt lat="46.385350" lon="12.179110"><ele>1508.0</ele></trkpt>
   <trkpt lat="46.385720" lon="12.179170"><ele>1519.0</ele></trkpt>
   <trkpt lat="46.385940" lon="12.179330"><ele>1525.0</ele></trkpt>
   <trkpt lat="46.386160" lon="12.179510"><ele>1528.0</ele></trkpt>
   <trkpt lat="46.386240" lon="12.179730"><ele>1527.0</ele></trkpt>
   <trkpt lat="46.386230" lon="12.180100"><ele>1528.0</ele></trkpt>
   <trkpt lat="46.386130" lon="12.180440"><ele>1528.0</ele></trkpt>
   <trkpt lat="46.386050" lon="12.180890"><ele>1530.0</ele></trkpt>
   <trkpt lat="46.386070" lon="12.181260"><ele>1532.0</ele></trkpt>
   <trkpt lat="46.386020" lon="12.181530"><ele>1536.0</ele></trkpt>
   <trkpt lat="46.385850" lon="12.181860"><ele>1536.0</ele></trkpt>
   <trkpt lat="46.385810" lon="12.182100"><ele>1538.0</ele></trkpt>
   <trkpt lat="46.385790" lon="12.182330"><ele>1540.0</ele></trkpt>
   <trkpt lat="46.385820" lon="12.182510"><ele>1542.0</ele></trkpt>
   <trkpt lat="46.385870" lon="12.182620"><ele>1542.0</ele></trkpt>
   <trkpt lat="46.385950" lon="12.182650"><ele>1543.0</ele></trkpt>
   <trkpt lat="46.386040" lon="12.182630"><ele>1543.0</ele></trkpt>
   <trkpt lat="46.386200" lon="12.182500"><ele>1545.0</ele></trkpt>
   <trkpt lat="46.386390" lon="12.182330"><ele>1546.0</ele></trkpt>
   <trkpt lat="46.386560" lon="12.182250"><ele>1549.0</ele></trkpt>
   <trkpt lat="46.386720" lon="12.182270"><ele>1551.0</ele></trkpt>
   <trkpt lat="46.387080" lon="12.182380"><ele>1553.0</ele></trkpt>
   <trkpt lat="46.387400" lon="12.182550"><ele>1556.0</ele></trkpt>
   <trkpt lat="46.387560" lon="12.182810"><ele>1557.0</ele></trkpt>
   <trkpt lat="46.387730" lon="12.183080"><ele>1563.0</ele></trkpt>
   <trkpt lat="46.387920" lon="12.183580"><ele>1566.0</ele></trkpt>
   <trkpt lat="46.388040" lon="12.183690"><ele>1569.0</ele></trkpt>
   <trkpt lat="46.388110" lon="12.183860"><ele>1565.0</ele></trkpt>
   <trkpt lat="46.388200" lon="12.184130"><ele>1565.0</ele></trkpt>
   <trkpt lat="46.388260" lon="12.184550"><ele>1568.0</ele></trkpt>
   <trkpt lat="46.388310" lon="12.184890"><ele>1568.0</ele></trkpt>
   <trkpt lat="46.388370" lon="12.185260"><ele>1567.0</ele></trkpt>
   <trkpt lat="46.388500" lon="12.185880"><ele>1567.0</ele></trkpt>
   <trkpt lat="46.388690" lon="12.186120"><ele>1571.0</ele></trkpt>
   <trkpt lat="46.388920" lon="12.186400"><ele>1575.0</ele></trkpt>
   <trkpt lat="46.389250" lon="12.186660"><ele>1580.0</ele></trkpt>
   <trkpt lat="46.389440" lon="12.186740"><ele>1580.0</ele></trkpt>
   <trkpt lat="46.389890" lon="12.186640"><ele>1585.0</ele></trkpt>
   <trkpt lat="46.390010" lon="12.186580"><ele>1592.0</ele></trkpt>
   <trkpt lat="46.390220" lon="12.186580"><ele>1588.0</ele></trkpt>
   <trkpt lat="46.390510" lon="12.186580"><ele>1592.0</ele></trkpt>
   <trkpt lat="46.390780" lon="12.186430"><ele>1592.0</ele></trkpt>
   <trkpt lat="46.390940" lon="12.186430"><ele>1596.0</ele></trkpt>
   <trkpt lat="46.391080" lon="12.186540"><ele>1592.0</ele></trkpt>
   <trkpt lat="46.391310" lon="12.186660"><ele>1591.0</ele></trkpt>
   <trkpt lat="46.391580" lon="12.186790"><ele>1591.0</ele></trkpt>
   <trkpt lat="46.391620" lon="12.186790"><ele>1592.0</ele></trkpt>
   <trkpt lat="46.391690" lon="12.186710"><ele>1592.0</ele></trkpt>
   <trkpt lat="46.391880" lon="12.186470"><ele>1607.0</ele></trkpt>
   <trkpt lat="46.392060" lon="12.186150"><ele>1617.0</ele></trkpt>
   <trkpt lat="46.392170" lon="12.185830"><ele>1623.0</ele></trkpt>
   <trkpt lat="46.392220" lon="12.185610"><ele>1621.0</ele></trkpt>
   <trkpt lat="46.392260" lon="12.185310"><ele>1624.0</ele></trkpt>
   <trkpt lat="46.392300" lon="12.184880"><ele>1616.0</ele></trkpt>
   <trkpt lat="46.392380" lon="12.184830"><ele>1619.0</ele></trkpt>
   <trkpt lat="46.392570" lon="12.184900"><ele>1609.0</ele></trkpt>
   <trkpt lat="46.392760" lon="12.184970"><ele>1604.0</ele></trkpt>
   <trkpt lat="46.392910" lon="12.184920"><ele>1600.0</ele></trkpt>
   <trkpt lat="46.393060" lon="12.184780"><ele>1600.0</ele></trkpt>
   <trkpt lat="46.393220" lon="12.184620"><ele>1600.0</ele></trkpt>
   <trkpt lat="46.393370" lon="12.184620"><ele>1599.0</ele></trkpt>
   <trkpt lat="46.393540" lon="12.184750"><ele>1598.0</ele></trkpt>
   <trkpt lat="46.393780" lon="12.185040"><ele>1599.0</ele></trkpt>
   <trkpt lat="46.393900" lon="12.185070"><ele>1597.0</ele></trkpt>
   <trkpt lat="46.394020" lon="12.185150"><ele>1594.0</ele></trkpt>
   <trkpt lat="46.394080" lon="12.185390"><ele>1595.0</ele></trkpt>
   <trkpt lat="46.394080" lon="12.185710"><ele>1590.0</ele></trkpt>
   <trkpt lat="46.394070" lon="12.186220"><ele>1588.0</ele></trkpt>
   <trkpt lat="46.394150" lon="12.186370"><ele>1583.0</ele></trkpt>
   <trkpt lat="46.394350" lon="12.186460"><ele>1587.0</ele></trkpt>
   <trkpt lat="46.394420" lon="12.186580"><ele>1587.0</ele></trkpt>
   <trkpt lat="46.394500" lon="12.186950"><ele>1588.0</ele></trkpt>
   <trkpt lat="46.394600" lon="12.186970"><ele>1583.0</ele></trkpt>
   <trkpt lat="46.394760" lon="12.186710"><ele>1590.0</ele></trkpt>
   <trkpt lat="46.394880" lon="12.186670"><ele>1595.0</ele></trkpt>
   <trkpt lat="46.394990" lon="12.186790"><ele>1588.0</ele></trkpt>
   <trkpt lat="46.395010" lon="12.186990"><ele>1595.0</ele></trkpt>
   <trkpt lat="46.394960" lon="12.187220"><ele>1587.0</ele></trkpt>
   <trkpt lat="46.394910" lon="12.187450"><ele>1587.0</ele></trkpt>
   <trkpt lat="46.394900" lon="12.187600"><ele>1587.0</ele></trkpt>
   <trkpt lat="46.394950" lon="12.187710"><ele>1584.0</ele></trkpt>
   <trkpt lat="46.395210" lon="12.187860"><ele>1586.0</ele></trkpt>
   <trkpt lat="46.395310" lon="12.188050"><ele>1586.0</ele></trkpt>
   <trkpt lat="46.395430" lon="12.188210"><ele>1586.0</ele></trkpt>
   <trkpt lat="46.395580" lon="12.188370"><ele>1587.0</ele></trkpt>
   <trkpt lat="46.395800" lon="12.188710"><ele>1587.0</ele></trkpt>
   <trkpt lat="46.395830" lon="12.188780"><ele>1589.0</ele></trkpt>
   <trkpt lat="46.395810" lon="12.189250"><ele>1587.0</ele></trkpt>
   <trkpt lat="46.395880" lon="12.189640"><ele>1585.0</ele></trkpt>
   <trkpt lat="46.395980" lon="12.190220"><ele>1581.0</ele></trkpt>
   <trkpt lat="46.395970" lon="12.190380"><ele>1581.0</ele></trkpt>
   <trkpt lat="46.395920" lon="12.190550"><ele>1581.0</ele></trkpt>
   <trkpt lat="46.395710" lon="12.190850"><ele>1581.0</ele></trkpt>
   <trkpt lat="46.395660" lon="12.191090"><ele>1583.0</ele></trkpt>
   <trkpt lat="46.395670" lon="12.191240"><ele>1581.0</ele></trkpt>
   <trkpt lat="46.395770" lon="12.191630"><ele>1581.0</ele></trkpt>
   <trkpt lat="46.395890" lon="12.192000"><ele>1581.0</ele></trkpt>
   <trkpt lat="46.396040" lon="12.192290"><ele>1581.0</ele></trkpt>
   <trkpt lat="46.396230" lon="12.192570"><ele>1581.0</ele></trkpt>
   <trkpt lat="46.396510" lon="12.192970"><ele>1581.0</ele></trkpt>
   <trkpt lat="46.396850" lon="12.193310"><ele>1581.0</ele></trkpt>
   <trkpt lat="46.396930" lon="12.193540"><ele>1581.0</ele></trkpt>
   <trkpt lat="46.397040" lon="12.193730"><ele>1582.0</ele></trkpt>
   <trkpt lat="46.397330" lon="12.194000"><ele>1582.0</ele></trkpt>
   <trkpt lat="46.397450" lon="12.194230"><ele>1583.0</ele></trkpt>
   <trkpt lat="46.397520" lon="12.194510"><ele>1584.0</ele></trkpt>
   <trkpt lat="46.397540" lon="12.194700"><ele>1585.0</ele></trkpt>
   <trkpt lat="46.397650" lon="12.194890"><ele>1585.0</ele></trkpt>
   <trkpt lat="46.397910" lon="12.195150"><ele>1586.0</ele></trkpt>
   <trkpt lat="46.398160" lon="12.195140"><ele>1586.0</ele></trkpt>
   <trkpt lat="46.398270" lon="12.195320"><ele>1585.0</ele></trkpt>
   <trkpt lat="46.398480" lon="12.195550"><ele>1586.0</ele></trkpt>
   <trkpt lat="46.398690" lon="12.195590"><ele>1588.0</ele></trkpt>
   <trkpt lat="46.398820" lon="12.195700"><ele>1591.0</ele></trkpt>
   <trkpt lat="46.398900" lon="12.195810"><ele>1586.0</ele></trkpt>
   <trkpt lat="46.398890" lon="12.195990"><ele>1587.0</ele></trkpt>
   <trkpt lat="46.398780" lon="12.196160"><ele>1588.0</ele></trkpt>
   <trkpt lat="46.398790" lon="12.196320"><ele>1585.0</ele></trkpt>
   <trkpt lat="46.398960" lon="12.196750"><ele>1588.0</ele></trkpt>
   <trkpt lat="46.398930" lon="12.197080"><ele>1588.0</ele></trkpt>
   <trkpt lat="46.398940" lon="12.197320"><ele>1589.0</ele></trkpt>
   <trkpt lat="46.398970" lon="12.197610"><ele>1589.0</ele></trkpt>
   <trkpt lat="46.399010" lon="12.198020"><ele>1588.0</ele></trkpt>
   <trkpt lat="46.399020" lon="12.198400"><ele>1588.0</ele></trkpt>
   <trkpt lat="46.398930" lon="12.198530"><ele>1595.0</ele></trkpt>
   <trkpt lat="46.398840" lon="12.198530"><ele>1585.0</ele></trkpt>
   <trkpt lat="46.398620" lon="12.198310"><ele>1583.0</ele></trkpt>
   <trkpt lat="46.398450" lon="12.198370"><ele>1581.0</ele></trkpt>
   <trkpt lat="46.398270" lon="12.198620"><ele>1580.0</ele></trkpt>
   <trkpt lat="46.398000" lon="12.198890"><ele>1575.0</ele></trkpt>
   <trkpt lat="46.397910" lon="12.198890"><ele>1575.0</ele></trkpt>
   <trkpt lat="46.397580" lon="12.198710"><ele>1561.0</ele></trkpt>
   <trkpt lat="46.397300" lon="12.199170"><ele>1555.0</ele></trkpt>
   <trkpt lat="46.397110" lon="12.199280"><ele>1552.0</ele></trkpt>
   <trkpt lat="46.396950" lon="12.199490"><ele>1548.0</ele></trkpt>
   <trkpt lat="46.396850" lon="12.199790"><ele>1548.0</ele></trkpt>
   <trkpt lat="46.396750" lon="12.200100"><ele>1548.0</ele></trkpt>
   <trkpt lat="46.396730" lon="12.200460"><ele>1552.0</ele></trkpt>
   <trkpt lat="46.396620" lon="12.200770"><ele>1550.0</ele></trkpt>
   <trkpt lat="46.396500" lon="12.201050"><ele>1548.0</ele></trkpt>
   <trkpt lat="46.396370" lon="12.201340"><ele>1549.0</ele></trkpt>
   <trkpt lat="46.396360" lon="12.201730"><ele>1550.0</ele></trkpt>
   <trkpt lat="46.396330" lon="12.202280"><ele>1550.0</ele></trkpt>
   <trkpt lat="46.396500" lon="12.202890"><ele>1548.0</ele></trkpt>
   <trkpt lat="46.396480" lon="12.203150"><ele>1547.0</ele></trkpt>
   <trkpt lat="46.396380" lon="12.203410"><ele>1548.0</ele></trkpt>
   <trkpt lat="46.396380" lon="12.203620"><ele>1546.0</ele></trkpt>
   <trkpt lat="46.396450" lon="12.203970"><ele>1548.0</ele></trkpt>
   <trkpt lat="46.396480" lon="12.204340"><ele>1548.0</ele></trkpt>
   <trkpt lat="46.396450" lon="12.204600"><ele>1546.0</ele></trkpt>
   <trkpt lat="46.396470" lon="12.204840"><ele>1548.0</ele></trkpt>
   <trkpt lat="46.396750" lon="12.205150"><ele>1549.0</ele></trkpt>
   <trkpt lat="46.396790" lon="12.205380"><ele>1547.0</ele></trkpt>
   <trkpt lat="46.396800" lon="12.205770"><ele>1550.0</ele></trkpt>
   <trkpt lat="46.396770" lon="12.206140"><ele>1553.0</ele></trkpt>
   <trkpt lat="46.396740" lon="12.206620"><ele>1560.0</ele></trkpt>
   <trkpt lat="46.396790" lon="12.207140"><ele>1560.0</ele></trkpt>
   <trkpt lat="46.396790" lon="12.207430"><ele>1564.0</ele></trkpt>
   <trkpt lat="46.396680" lon="12.207710"><ele>1568.0</ele></trkpt>
   <trkpt lat="46.396590" lon="12.208050"><ele>1577.0</ele></trkpt>
   <trkpt lat="46.396570" lon="12.208720"><ele>1585.0</ele></trkpt>
   <trkpt lat="46.396470" lon="12.208840"><ele>1592.0</ele></trkpt>
   <trkpt lat="46.396340" lon="12.208770"><ele>1594.0</ele></trkpt>
   <trkpt lat="46.396150" lon="12.208210"><ele>1597.0</ele></trkpt>
   <trkpt lat="46.395990" lon="12.208080"><ele>1597.0</ele></trkpt>
   <trkpt lat="46.395790" lon="12.208100"><ele>1596.0</ele></trkpt>
   <trkpt lat="46.395510" lon="12.208140"><ele>1596.0</ele></trkpt>
   <trkpt lat="46.395210" lon="12.208120"><ele>1589.0</ele></trkpt>
   <trkpt lat="46.394970" lon="12.208110"><ele>1584.0</ele></trkpt>
   <trkpt lat="46.394710" lon="12.208100"><ele>1580.0</ele></trkpt>
   <trkpt lat="46.394440" lon="12.208440"><ele>1576.0</ele></trkpt>
   <trkpt lat="46.394260" lon="12.208490"><ele>1574.0</ele></trkpt>
   <trkpt lat="46.394080" lon="12.208420"><ele>1572.0</ele></trkpt>
   <trkpt lat="46.393980" lon="12.208280"><ele>1571.0</ele></trkpt>
   <trkpt lat="46.393840" lon="12.208300"><ele>1572.0</ele></trkpt>
   <trkpt lat="46.393730" lon="12.208600"><ele>1572.0</ele></trkpt>
   <trkpt lat="46.393610" lon="12.208910"><ele>1575.0</ele></trkpt>
   <trkpt lat="46.393380" lon="12.209180"><ele>1578.0</ele></trkpt>
   <trkpt lat="46.393000" lon="12.209200"><ele>1579.0</ele></trkpt>
   <trkpt lat="46.392830" lon="12.209410"><ele>1581.0</ele></trkpt>
   <trkpt lat="46.392680" lon="12.209850"><ele>1586.0</ele></trkpt>
   <trkpt lat="46.392560" lon="12.210120"><ele>1585.0</ele></trkpt>
   <trkpt lat="46.392510" lon="12.210460"><ele>1584.0</ele></trkpt>
   <trkpt lat="46.392350" lon="12.210910"><ele>1586.0</ele></trkpt>
   <trkpt lat="46.392230" lon="12.210920"><ele>1580.0</ele></trkpt>
   <trkpt lat="46.391970" lon="12.210820"><ele>1588.0</ele></trkpt>
   <trkpt lat="46.391680" lon="12.210790"><ele>1595.0</ele></trkpt>
   <trkpt lat="46.391300" lon="12.210830"><ele>1598.0</ele></trkpt>
   <trkpt lat="46.391070" lon="12.210980"><ele>1598.0</ele></trkpt>
   <trkpt lat="46.390790" lon="12.211150"><ele>1598.0</ele></trkpt>
   <trkpt lat="46.390850" lon="12.211490"><ele>1599.0</ele></trkpt>
   <trkpt lat="46.390820" lon="12.211770"><ele>1600.0</ele></trkpt>
   <trkpt lat="46.390640" lon="12.211970"><ele>1601.0</ele></trkpt>
   <trkpt lat="46.390720" lon="12.212030"><ele>1604.0</ele></trkpt>
   <trkpt lat="46.390720" lon="12.212260"><ele>1601.0</ele></trkpt>
   <trkpt lat="46.390760" lon="12.212490"><ele>1603.0</ele></trkpt>
   <trkpt lat="46.390750" lon="12.212780"><ele>1601.0</ele></trkpt>
   <trkpt lat="46.390660" lon="12.212940"><ele>1599.0</ele></trkpt>
   <trkpt lat="46.390580" lon="12.213210"><ele>1602.0</ele></trkpt>
   <trkpt lat="46.390460" lon="12.213580"><ele>1603.0</ele></trkpt>
   <trkpt lat="46.390430" lon="12.213770"><ele>1606.0</ele></trkpt>
   <trkpt lat="46.390440" lon="12.214010"><ele>1608.0</ele></trkpt>
   <trkpt lat="46.390440" lon="12.214260"><ele>1609.0</ele></trkpt>
   <trkpt lat="46.390340" lon="12.214350"><ele>1612.0</ele></trkpt>
   <trkpt lat="46.390340" lon="12.214460"><ele>1612.0</ele></trkpt>
   <trkpt lat="46.390370" lon="12.214620"><ele>1612.0</ele></trkpt>
   <trkpt lat="46.390300" lon="12.214760"><ele>1613.0</ele></trkpt>
   <trkpt lat="46.390540" lon="12.214970"><ele>1608.0</ele></trkpt>
   <trkpt lat="46.390660" lon="12.215280"><ele>1608.0</ele></trkpt>
   <trkpt lat="46.390690" lon="12.215480"><ele>1608.0</ele></trkpt>
   <trkpt lat="46.390530" lon="12.215840"><ele>1612.0</ele></trkpt>
   <trkpt lat="46.390500" lon="12.216120"><ele>1613.0</ele></trkpt>
   <trkpt lat="46.390280" lon="12.216280"><ele>1616.0</ele></trkpt>
   <trkpt lat="46.390000" lon="12.216350"><ele>1619.0</ele></trkpt>
   <trkpt lat="46.390010" lon="12.216580"><ele>1620.0</ele></trkpt>
   <trkpt lat="46.390060" lon="12.216780"><ele>1622.0</ele></trkpt>
   <trkpt lat="46.390090" lon="12.217110"><ele>1629.0</ele></trkpt>
   <trkpt lat="46.390140" lon="12.217430"><ele>1637.0</ele></trkpt>
   <trkpt lat="46.390120" lon="12.217640"><ele>1641.0</ele></trkpt>
   <trkpt lat="46.390030" lon="12.217800"><ele>1645.0</ele></trkpt>
   <trkpt lat="46.390010" lon="12.218050"><ele>1646.0</ele></trkpt>
   <trkpt lat="46.390060" lon="12.218240"><ele>1647.0</ele></trkpt>
   <trkpt lat="46.390060" lon="12.218480"><ele>1650.0</ele></trkpt>
   <trkpt lat="46.390090" lon="12.218690"><ele>1655.0</ele></trkpt>
   <trkpt lat="46.390190" lon="12.218670"><ele>1654.0</ele></trkpt>
   <trkpt lat="46.390280" lon="12.218900"><ele>1659.0</ele></trkpt>
   <trkpt lat="46.390370" lon="12.219140"><ele>1663.0</ele></trkpt>
   <trkpt lat="46.390400" lon="12.219560"><ele>1661.0</ele></trkpt>
   <trkpt lat="46.390490" lon="12.219920"><ele>1660.0</ele></trkpt>
   <trkpt lat="46.390490" lon="12.220130"><ele>1660.0</ele></trkpt>
   <trkpt lat="46.390610" lon="12.220390"><ele>1657.0</ele></trkpt>
   <trkpt lat="46.390630" lon="12.220550"><ele>1648.0</ele></trkpt>
   <trkpt lat="46.390720" lon="12.220830"><ele>1654.0</ele></trkpt>
   <trkpt lat="46.390850" lon="12.220970"><ele>1653.0</ele></trkpt>
   <trkpt lat="46.391070" lon="12.221050"><ele>1644.0</ele></trkpt>
   <trkpt lat="46.391260" lon="12.221330"><ele>1635.0</ele></trkpt>
   <trkpt lat="46.391360" lon="12.221680"><ele>1633.0</ele></trkpt>
   <trkpt lat="46.391150" lon="12.222180"><ele>1631.0</ele></trkpt>
   <trkpt lat="46.391020" lon="12.222380"><ele>1636.0</ele></trkpt>
   <trkpt lat="46.390810" lon="12.222900"><ele>1635.0</ele></trkpt>
   <trkpt lat="46.390840" lon="12.223070"><ele>1640.0</ele></trkpt>
   <trkpt lat="46.390990" lon="12.223250"><ele>1634.0</ele></trkpt>
   <trkpt lat="46.391020" lon="12.223840"><ele>1627.0</ele></trkpt>
   <trkpt lat="46.390950" lon="12.224080"><ele>1621.0</ele></trkpt>
   <trkpt lat="46.390890" lon="12.224240"><ele>1629.0</ele></trkpt>
   <trkpt lat="46.390770" lon="12.224290"><ele>1627.0</ele></trkpt>
   <trkpt lat="46.390670" lon="12.224290"><ele>1632.0</ele></trkpt>
   <trkpt lat="46.390600" lon="12.224440"><ele>1632.0</ele></trkpt>
   <trkpt lat="46.390540" lon="12.224470"><ele>1632.0</ele></trkpt>
   <trkpt lat="46.390660" lon="12.224690"><ele>1629.0</ele></trkpt>
   <trkpt lat="46.390890" lon="12.224790"><ele>1622.0</ele></trkpt>
   <trkpt lat="46.391060" lon="12.224800"><ele>1607.0</ele></trkpt>
   <trkpt lat="46.391200" lon="12.225130"><ele>1606.0</ele></trkpt>
   <trkpt lat="46.391310" lon="12.225780"><ele>1603.0</ele></trkpt>
   <trkpt lat="46.391390" lon="12.226040"><ele>1600.0</ele></trkpt>
   <trkpt lat="46.391310" lon="12.226620"><ele>1590.0</ele></trkpt>
   <trkpt lat="46.391250" lon="12.226830"><ele>1587.0</ele></trkpt>
   <trkpt lat="46.391080" lon="12.227030"><ele>1589.0</ele></trkpt>
   <trkpt lat="46.390800" lon="12.227360"><ele>1589.0</ele></trkpt>
   <trkpt lat="46.390640" lon="12.227600"><ele>1591.0</ele></trkpt>
   <trkpt lat="46.390620" lon="12.227850"><ele>1588.0</ele></trkpt>
   <trkpt lat="46.390520" lon="12.228220"><ele>1591.0</ele></trkpt>
   <trkpt lat="46.390460" lon="12.228550"><ele>1592.0</ele></trkpt>
   <trkpt lat="46.390350" lon="12.228870"><ele>1603.0</ele></trkpt>
   <trkpt lat="46.390200" lon="12.229210"><ele>1618.0</ele></trkpt>
   <trkpt lat="46.390010" lon="12.229320"><ele>1621.0</ele></trkpt>
   <trkpt lat="46.389970" lon="12.229410"><ele>1621.0</ele></trkpt>
   <trkpt lat="46.389610" lon="12.229330"><ele>1621.0</ele></trkpt>
   <trkpt lat="46.389380" lon="12.229060"><ele>1631.0</ele></trkpt>
   <trkpt lat="46.389180" lon="12.228870"><ele>1634.0</ele></trkpt>
   <trkpt lat="46.389090" lon="12.228830"><ele>1639.0</ele></trkpt>
   <trkpt lat="46.389010" lon="12.228730"><ele>1639.0</ele></trkpt>
   <trkpt lat="46.388750" lon="12.228680"><ele>1647.0</ele></trkpt>
   <trkpt lat="46.388630" lon="12.228450"><ele>1648.0</ele></trkpt>
   <trkpt lat="46.388580" lon="12.228280"><ele>1650.0</ele></trkpt>
   <trkpt lat="46.388400" lon="12.228240"><ele>1655.0</ele></trkpt>
   <trkpt lat="46.388270" lon="12.227900"><ele>1662.0</ele></trkpt>
   <trkpt lat="46.388120" lon="12.227810"><ele>1664.0</ele></trkpt>
   <trkpt lat="46.388010" lon="12.227680"><ele>1674.0</ele></trkpt>
   <trkpt lat="46.387900" lon="12.227470"><ele>1681.0</ele></trkpt>
   <trkpt lat="46.387790" lon="12.227370"><ele>1685.0</ele></trkpt>
   <trkpt lat="46.387660" lon="12.226890"><ele>1696.0</ele></trkpt>
   <trkpt lat="46.387540" lon="12.226750"><ele>1699.0</ele></trkpt>
   <trkpt lat="46.387380" lon="12.226730"><ele>1704.0</ele></trkpt>
   <trkpt lat="46.387240" lon="12.226830"><ele>1709.0</ele></trkpt>
   <trkpt lat="46.387120" lon="12.227010"><ele>1714.0</ele></trkpt>
   <trkpt lat="46.386990" lon="12.227200"><ele>1724.0</ele></trkpt>
   <trkpt lat="46.386790" lon="12.227340"><ele>1737.0</ele></trkpt>
   <trkpt lat="46.386580" lon="12.227800"><ele>1739.0</ele></trkpt>
   <trkpt lat="46.386390" lon="12.228050"><ele>1739.0</ele></trkpt>
   <trkpt lat="46.386280" lon="12.228290"><ele>1738.0</ele></trkpt>
   <trkpt lat="46.386120" lon="12.228350"><ele>1739.0</ele></trkpt>
   <trkpt lat="46.386050" lon="12.228580"><ele>1738.0</ele></trkpt>
   <trkpt lat="46.386090" lon="12.228850"><ele>1742.0</ele></trkpt>
   <trkpt lat="46.386090" lon="12.229190"><ele>1744.0</ele></trkpt>
   <trkpt lat="46.386090" lon="12.229540"><ele>1745.0</ele></trkpt>
   <trkpt lat="46.386040" lon="12.229770"><ele>1746.0</ele></trkpt>
   <trkpt lat="46.386010" lon="12.230040"><ele>1746.0</ele></trkpt>
   <trkpt lat="46.385930" lon="12.230300"><ele>1747.0</ele></trkpt>
   <trkpt lat="46.385880" lon="12.230860"><ele>1749.0</ele></trkpt>
   <trkpt lat="46.385890" lon="12.231110"><ele>1751.0</ele></trkpt>
   <trkpt lat="46.385950" lon="12.231350"><ele>1756.0</ele></trkpt>
   <trkpt lat="46.386030" lon="12.231660"><ele>1761.0</ele></trkpt>
   <trkpt lat="46.386130" lon="12.231840"><ele>1765.0</ele></trkpt>
   <trkpt lat="46.386350" lon="12.231850"><ele>1769.0</ele></trkpt>
   <trkpt lat="46.386550" lon="12.231970"><ele>1772.0</ele></trkpt>
   <trkpt lat="46.386730" lon="12.232180"><ele>1778.0</ele></trkpt>
   <trkpt lat="46.386900" lon="12.232280"><ele>1779.0</ele></trkpt>
   <trkpt lat="46.386990" lon="12.232280"><ele>1778.0</ele></trkpt>
   <trkpt lat="46.387040" lon="12.232320"><ele>1781.0</ele></trkpt>
   <trkpt lat="46.387020" lon="12.232370"><ele>1781.0</ele></trkpt>
   <trkpt lat="46.386830" lon="12.232490"><ele>1786.0</ele></trkpt>
   <trkpt lat="46.386720" lon="12.232630"><ele>1793.0</ele></trkpt>
   <trkpt lat="46.386680" lon="12.232760"><ele>1797.0</ele></trkpt>
   <trkpt lat="46.386700" lon="12.232820"><ele>1800.0</ele></trkpt>
   <trkpt lat="46.386790" lon="12.232880"><ele>1801.0</ele></trkpt>
   <trkpt lat="46.387100" lon="12.232960"><ele>1807.0</ele></trkpt>
   <trkpt lat="46.387180" lon="12.233020"><ele>1812.0</ele></trkpt>
   <trkpt lat="46.387280" lon="12.233190"><ele>1818.0</ele></trkpt>
   <trkpt lat="46.387330" lon="12.233300"><ele>1825.0</ele></trkpt>
   <trkpt lat="46.387330" lon="12.233460"><ele>1824.0</ele></trkpt>
   <trkpt lat="46.387210" lon="12.233590"><ele>1837.0</ele></trkpt>
   <trkpt lat="46.387060" lon="12.233500"><ele>1831.0</ele></trkpt>
   <trkpt lat="46.386820" lon="12.233600"><ele>1832.0</ele></trkpt>
   <trkpt lat="46.386680" lon="12.233890"><ele>1841.0</ele></trkpt>
   <trkpt lat="46.386510" lon="12.234130"><ele>1851.0</ele></trkpt>
   <trkpt lat="46.386270" lon="12.234560"><ele>1861.0</ele></trkpt>
   <trkpt lat="46.386190" lon="12.234770"><ele>1866.0</ele></trkpt>
   <trkpt lat="46.386160" lon="12.235000"><ele>1874.0</ele></trkpt>
   <trkpt lat="46.386170" lon="12.235100"><ele>1877.0</ele></trkpt>
   <trkpt lat="46.386210" lon="12.235190"><ele>1883.0</ele></trkpt>
   <trkpt lat="46.386430" lon="12.235260"><ele>1889.0</ele></trkpt>
   <trkpt lat="46.386510" lon="12.235350"><ele>1894.0</ele></trkpt>
   <trkpt lat="46.386580" lon="12.235630"><ele>1907.0</ele></trkpt>
   <trkpt lat="46.386660" lon="12.235950"><ele>1919.0</ele></trkpt>
   <trkpt lat="46.386670" lon="12.236310"><ele>1929.0</ele></trkpt>
   <trkpt lat="46.386690" lon="12.236720"><ele>1936.0</ele></trkpt>
   <trkpt lat="46.386640" lon="12.237040"><ele>1939.0</ele></trkpt>
   <trkpt lat="46.386670" lon="12.237330"><ele>1945.0</ele></trkpt>
   <trkpt lat="46.386770" lon="12.237830"><ele>1949.0</ele></trkpt>
   <trkpt lat="46.386720" lon="12.238280"><ele>1952.0</ele></trkpt>
   <trkpt lat="46.386750" lon="12.238480"><ele>1952.0</ele></trkpt>
   <trkpt lat="46.386870" lon="12.238860"><ele>1956.0</ele></trkpt>
   <trkpt lat="46.387070" lon="12.239110"><ele>1959.0</ele></trkpt>
   <trkpt lat="46.387330" lon="12.239450"><ele>1962.0</ele></trkpt>
   <trkpt lat="46.387560" lon="12.240030"><ele>1977.0</ele></trkpt>
   <trkpt lat="46.387780" lon="12.240300"><ele>1979.0</ele></trkpt>
   <trkpt lat="46.388120" lon="12.240720"><ele>1979.0</ele></trkpt>
   <trkpt lat="46.388180" lon="12.240860"><ele>1982.0</ele></trkpt>
   <trkpt lat="46.388220" lon="12.241060"><ele>1980.0</ele></trkpt>
   <trkpt lat="46.387950" lon="12.241310"><ele>1988.0</ele></trkpt>
   <trkpt lat="46.387880" lon="12.241470"><ele>1990.0</ele></trkpt>
   <trkpt lat="46.387760" lon="12.241640"><ele>1992.0</ele></trkpt>
   <trkpt lat="46.387640" lon="12.241810"><ele>1988.0</ele></trkpt>
   <trkpt lat="46.387380" lon="12.241990"><ele>1992.0</ele></trkpt>
   <trkpt lat="46.387160" lon="12.242140"><ele>1992.0</ele></trkpt>
   <trkpt lat="46.386930" lon="12.242300"><ele>1990.0</ele></trkpt>
   <trkpt lat="46.386730" lon="12.242470"><ele>1991.0</ele></trkpt>
   <trkpt lat="46.386520" lon="12.242630"><ele>1992.0</ele></trkpt>
   <trkpt lat="46.386290" lon="12.243120"><ele>1993.0</ele></trkpt>
   <trkpt lat="46.386130" lon="12.243530"><ele>1995.0</ele></trkpt>
   <trkpt lat="46.386040" lon="12.243850"><ele>1996.0</ele></trkpt>
   <trkpt lat="46.386010" lon="12.244350"><ele>1997.0</ele></trkpt>
   <trkpt lat="46.385880" lon="12.244690"><ele>2000.0</ele></trkpt>
   <trkpt lat="46.385740" lon="12.244920"><ele>2001.0</ele></trkpt>
   <trkpt lat="46.385510" lon="12.245500"><ele>2002.0</ele></trkpt>
   <trkpt lat="46.385370" lon="12.245800"><ele>2006.0</ele></trkpt>
   <trkpt lat="46.385210" lon="12.246160"><ele>2007.0</ele></trkpt>
   <trkpt lat="46.385080" lon="12.246640"><ele>2019.0</ele></trkpt>
   <trkpt lat="46.384960" lon="12.247190"><ele>2027.0</ele></trkpt>
   <trkpt lat="46.384870" lon="12.247410"><ele>2035.0</ele></trkpt>
   <trkpt lat="46.384860" lon="12.247130"><ele>2035.0</ele></trkpt>
   <trkpt lat="46.384790" lon="12.246670"><ele>2041.0</ele></trkpt>
   <trkpt lat="46.384650" lon="12.246450"><ele>2046.0</ele></trkpt>
   <trkpt lat="46.384590" lon="12.246080"><ele>2049.0</ele></trkpt>
   <trkpt lat="46.384600" lon="12.245830"><ele>2054.0</ele></trkpt>
   <trkpt lat="46.384570" lon="12.245680"><ele>2052.0</ele></trkpt>
   <trkpt lat="46.384400" lon="12.245510"><ele>2053.0</ele></trkpt>
   <trkpt lat="46.384370" lon="12.245610"><ele>2054.0</ele></trkpt>
   <trkpt lat="46.384380" lon="12.245800"><ele>2057.0</ele></trkpt>
   <trkpt lat="46.384290" lon="12.246190"><ele>2066.0</ele></trkpt>
   <trkpt lat="46.384300" lon="12.246380"><ele>2066.0</ele></trkpt>
   <trkpt lat="46.384210" lon="12.246520"><ele>2068.0</ele></trkpt>
   <trkpt lat="46.384220" lon="12.246920"><ele>2073.0</ele></trkpt>
   <trkpt lat="46.384180" lon="12.247190"><ele>2074.0</ele></trkpt>
   <trkpt lat="46.384060" lon="12.247540"><ele>2076.0</ele></trkpt>
   <trkpt lat="46.383890" lon="12.248010"><ele>2076.0</ele></trkpt>
   <trkpt lat="46.383890" lon="12.248430"><ele>2078.0</ele></trkpt>
   <trkpt lat="46.383850" lon="12.248990"><ele>2085.0</ele></trkpt>
   <trkpt lat="46.383870" lon="12.249230"><ele>2094.0</ele></trkpt>
   <trkpt lat="46.383970" lon="12.249490"><ele>2103.0</ele></trkpt>
   <trkpt lat="46.383980" lon="12.249610"><ele>2108.0</ele></trkpt>
   <trkpt lat="46.384030" lon="12.249750"><ele>2111.0</ele></trkpt>
   <trkpt lat="46.384020" lon="12.249980"><ele>2117.0</ele></trkpt>
   <trkpt lat="46.383980" lon="12.250160"><ele>2121.0</ele></trkpt>
   <trkpt lat="46.383990" lon="12.250620"><ele>2125.0</ele></trkpt>
   <trkpt lat="46.384080" lon="12.250890"><ele>2128.0</ele></trkpt>
   <trkpt lat="46.384140" lon="12.251190"><ele>2136.0</ele></trkpt>
   <trkpt lat="46.384110" lon="12.251480"><ele>2145.0</ele></trkpt>
   <trkpt lat="46.384080" lon="12.251560"><ele>2143.0</ele></trkpt>
   <trkpt lat="46.384100" lon="12.251640"><ele>2145.0</ele></trkpt>
   <trkpt lat="46.384080" lon="12.251940"><ele>2149.0</ele></trkpt>
   <trkpt lat="46.384060" lon="12.252320"><ele>2152.0</ele></trkpt>
   <trkpt lat="46.384060" lon="12.252770"><ele>2155.0</ele></trkpt>
   <trkpt lat="46.384060" lon="12.253150"><ele>2160.0</ele></trkpt>
   <trkpt lat="46.384070" lon="12.253650"><ele>2165.0</ele></trkpt>
   <trkpt lat="46.384020" lon="12.253760"><ele>2166.0</ele></trkpt>
   <trkpt lat="46.384080" lon="12.254160"><ele>2166.0</ele></trkpt>
   <trkpt lat="46.384120" lon="12.254530"><ele>2167.0</ele></trkpt>
   <trkpt lat="46.384180" lon="12.254980"><ele>2167.0</ele></trkpt>
   <trkpt lat="46.384170" lon="12.255120"><ele>2169.0</ele></trkpt>
   <trkpt lat="46.384100" lon="12.255180"><ele>2167.0</ele></trkpt>
   <trkpt lat="46.384050" lon="12.255180"><ele>2167.0</ele></trkpt>
   <trkpt lat="46.384000" lon="12.255270"><ele>2160.0</ele></trkpt>
   <trkpt lat="46.383930" lon="12.255220"><ele>2160.0</ele></trkpt>
   <trkpt lat="46.383920" lon="12.255240"><ele>2160.0</ele></trkpt>
   <trkpt lat="46.383900" lon="12.255210"><ele>2160.0</ele></trkpt>
   <trkpt lat="46.383890" lon="12.254900"><ele>2158.0</ele></trkpt>
   <trkpt lat="46.383830" lon="12.254560"><ele>2157.0</ele></trkpt>
   <trkpt lat="46.383770" lon="12.254180"><ele>2154.0</ele></trkpt>
   <trkpt lat="46.383740" lon="12.254070"><ele>2154.0</ele></trkpt>
   <trkpt lat="46.383720" lon="12.254110"><ele>2154.0</ele></trkpt>
   <trkpt lat="46.383790" lon="12.254590"><ele>2153.0</ele></trkpt>
   <trkpt lat="46.383820" lon="12.255080"><ele>2153.0</ele></trkpt>
   <trkpt lat="46.383860" lon="12.255570"><ele>2149.0</ele></trkpt>
   <trkpt lat="46.383890" lon="12.255940"><ele>2150.0</ele></trkpt>
   <trkpt lat="46.383920" lon="12.256410"><ele>2149.0</ele></trkpt>
   <trkpt lat="46.383870" lon="12.256250"><ele>2146.0</ele></trkpt>
   <trkpt lat="46.383810" lon="12.255780"><ele>2148.0</ele></trkpt>
   <trkpt lat="46.383740" lon="12.255430"><ele>2141.0</ele></trkpt>
   <trkpt lat="46.383660" lon="12.254980"><ele>2138.0</ele></trkpt>
   <trkpt lat="46.383560" lon="12.254640"><ele>2136.0</ele></trkpt>
   <trkpt lat="46.383460" lon="12.254240"><ele>2132.0</ele></trkpt>
   <trkpt lat="46.383400" lon="12.253840"><ele>2129.0</ele></trkpt>
   <trkpt lat="46.383310" lon="12.253180"><ele>2126.0</ele></trkpt>
   <trkpt lat="46.383290" lon="12.252690"><ele>2115.0</ele></trkpt>
   <trkpt lat="46.383360" lon="12.252360"><ele>2114.0</ele></trkpt>
   <trkpt lat="46.383420" lon="12.252030"><ele>2114.0</ele></trkpt>
   <trkpt lat="46.383470" lon="12.251680"><ele>2111.0</ele></trkpt>
   <trkpt lat="46.383520" lon="12.251310"><ele>2109.0</ele></trkpt>
   <trkpt lat="46.383480" lon="12.251070"><ele>2106.0</ele></trkpt>
   <trkpt lat="46.383360" lon="12.250810"><ele>2102.0</ele></trkpt>
   <trkpt lat="46.383190" lon="12.250570"><ele>2095.0</ele></trkpt>
   <trkpt lat="46.383000" lon="12.250310"><ele>2091.0</ele></trkpt>
   <trkpt lat="46.382980" lon="12.250230"><ele>2085.0</ele></trkpt>
   <trkpt lat="46.382990" lon="12.250010"><ele>2091.0</ele></trkpt>
   <trkpt lat="46.383030" lon="12.249890"><ele>2091.0</ele></trkpt>
   <trkpt lat="46.383140" lon="12.249710"><ele>2089.0</ele></trkpt>
   <trkpt lat="46.383440" lon="12.249420"><ele>2087.0</ele></trkpt>
   <trkpt lat="46.383590" lon="12.249120"><ele>2082.0</ele></trkpt>
   <trkpt lat="46.383780" lon="12.248770"><ele>2077.0</ele></trkpt>
   <trkpt lat="46.383810" lon="12.248550"><ele>2079.0</ele></trkpt>
   <trkpt lat="46.383770" lon="12.248180"><ele>2074.0</ele></trkpt>
   <trkpt lat="46.383780" lon="12.247980"><ele>2068.0</ele></trkpt>
   <trkpt lat="46.383880" lon="12.247650"><ele>2067.0</ele></trkpt>
   <trkpt lat="46.384070" lon="12.247050"><ele>2064.0</ele></trkpt>
   <trkpt lat="46.384110" lon="12.246840"><ele>2067.0</ele></trkpt>
   <trkpt lat="46.384090" lon="12.246560"><ele>2059.0</ele></trkpt>
   <trkpt lat="46.384060" lon="12.246190"><ele>2056.0</ele></trkpt>
   <trkpt lat="46.384100" lon="12.245970"><ele>2051.0</ele></trkpt>
   <trkpt lat="46.384230" lon="12.245770"><ele>2054.0</ele></trkpt>
   <trkpt lat="46.384400" lon="12.245510"><ele>2053.0</ele></trkpt>
   <trkpt lat="46.384390" lon="12.245390"><ele>2051.0</ele></trkpt>
   <trkpt lat="46.384350" lon="12.245340"><ele>2051.0</ele></trkpt>
   <trkpt lat="46.384370" lon="12.245260"><ele>2050.0</ele></trkpt>
   <trkpt lat="46.384220" lon="12.245060"><ele>2044.0</ele></trkpt>
   <trkpt lat="46.383980" lon="12.245400"><ele>2032.0</ele></trkpt>
   <trkpt lat="46.383860" lon="12.245510"><ele>2031.0</ele></trkpt>
   <trkpt lat="46.383700" lon="12.245510"><ele>2022.0</ele></trkpt>
   <trkpt lat="46.383690" lon="12.245260"><ele>2017.0</ele></trkpt>
   <trkpt lat="46.383580" lon="12.245360"><ele>2013.0</ele></trkpt>
   <trkpt lat="46.383520" lon="12.245510"><ele>2016.0</ele></trkpt>
   <trkpt lat="46.383460" lon="12.245850"><ele>2010.0</ele></trkpt>
   <trkpt lat="46.383340" lon="12.246420"><ele>2007.0</ele></trkpt>
   <trkpt lat="46.383160" lon="12.246470"><ele>1996.0</ele></trkpt>
   <trkpt lat="46.383170" lon="12.246130"><ele>1990.0</ele></trkpt>
   <trkpt lat="46.383080" lon="12.245930"><ele>1980.0</ele></trkpt>
   <trkpt lat="46.383040" lon="12.245710"><ele>1976.0</ele></trkpt>
   <trkpt lat="46.382880" lon="12.246070"><ele>1968.0</ele></trkpt>
   <trkpt lat="46.382810" lon="12.246060"><ele>1968.0</ele></trkpt>
   <trkpt lat="46.382820" lon="12.245670"><ele>1959.0</ele></trkpt>
   <trkpt lat="46.382920" lon="12.245350"><ele>1959.0</ele></trkpt>
   <trkpt lat="46.383040" lon="12.244990"><ele>1958.0</ele></trkpt>
   <trkpt lat="46.383050" lon="12.244640"><ele>1955.0</ele></trkpt>
   <trkpt lat="46.383020" lon="12.244330"><ele>1950.0</ele></trkpt>
   <trkpt lat="46.382870" lon="12.244470"><ele>1936.0</ele></trkpt>
   <trkpt lat="46.382840" lon="12.244620"><ele>1936.0</ele></trkpt>
   <trkpt lat="46.382740" lon="12.244680"><ele>1930.0</ele></trkpt>
   <trkpt lat="46.382630" lon="12.244690"><ele>1924.0</ele></trkpt>
   <trkpt lat="46.382670" lon="12.244360"><ele>1922.0</ele></trkpt>
   <trkpt lat="46.382700" lon="12.244010"><ele>1919.0</ele></trkpt>
   <trkpt lat="46.382450" lon="12.243500"><ele>1907.0</ele></trkpt>
   <trkpt lat="46.382450" lon="12.243130"><ele>1907.0</ele></trkpt>
   <trkpt lat="46.382400" lon="12.242970"><ele>1908.0</ele></trkpt>
   <trkpt lat="46.382240" lon="12.242790"><ele>1904.0</ele></trkpt>
   <trkpt lat="46.382060" lon="12.242580"><ele>1902.0</ele></trkpt>
   <trkpt lat="46.381860" lon="12.242440"><ele>1889.0</ele></trkpt>
   <trkpt lat="46.381660" lon="12.242350"><ele>1876.0</ele></trkpt>
   <trkpt lat="46.381530" lon="12.242330"><ele>1870.0</ele></trkpt>
   <trkpt lat="46.381490" lon="12.242190"><ele>1876.0</ele></trkpt>
   <trkpt lat="46.381590" lon="12.241870"><ele>1877.0</ele></trkpt>
   <trkpt lat="46.381530" lon="12.241700"><ele>1878.0</ele></trkpt>
   <trkpt lat="46.381530" lon="12.241420"><ele>1877.0</ele></trkpt>
   <trkpt lat="46.381260" lon="12.241350"><ele>1855.0</ele></trkpt>
   <trkpt lat="46.381080" lon="12.241130"><ele>1841.0</ele></trkpt>
   <trkpt lat="46.380890" lon="12.240900"><ele>1825.0</ele></trkpt>
   <trkpt lat="46.380500" lon="12.240580"><ele>1816.0</ele></trkpt>
   <trkpt lat="46.380410" lon="12.240550"><ele>1801.0</ele></trkpt>
   <trkpt lat="46.380440" lon="12.240650"><ele>1802.0</ele></trkpt>
   <trkpt lat="46.380550" lon="12.240790"><ele>1816.0</ele></trkpt>
   <trkpt lat="46.380660" lon="12.240940"><ele>1815.0</ele></trkpt>
   <trkpt lat="46.380670" lon="12.241040"><ele>1816.0</ele></trkpt>
   <trkpt lat="46.380460" lon="12.240980"><ele>1804.0</ele></trkpt>
   <trkpt lat="46.380220" lon="12.240910"><ele>1801.0</ele></trkpt>
   <trkpt lat="46.380100" lon="12.240910"><ele>1784.0</ele></trkpt>
   <trkpt lat="46.380060" lon="12.240970"><ele>1784.0</ele></trkpt>
   <trkpt lat="46.380310" lon="12.241150"><ele>1799.0</ele></trkpt>
   <trkpt lat="46.380230" lon="12.241200"><ele>1794.0</ele></trkpt>
   <trkpt lat="46.380270" lon="12.241270"><ele>1794.0</ele></trkpt>
   <trkpt lat="46.380210" lon="12.241290"><ele>1802.0</ele></trkpt>
   <trkpt lat="46.380410" lon="12.241660"><ele>1797.0</ele></trkpt>
   <trkpt lat="46.380430" lon="12.241760"><ele>1806.0</ele></trkpt>
   <trkpt lat="46.380380" lon="12.241730"><ele>1800.0</ele></trkpt>
   <trkpt lat="46.380270" lon="12.241580"><ele>1798.0</ele></trkpt>
   <trkpt lat="46.380310" lon="12.241890"><ele>1796.0</ele></trkpt>
   <trkpt lat="46.380380" lon="12.242160"><ele>1794.0</ele></trkpt>
   <trkpt lat="46.380280" lon="12.242060"><ele>1790.0</ele></trkpt>
   <trkpt lat="46.380170" lon="12.241870"><ele>1786.0</ele></trkpt>
   <trkpt lat="46.380210" lon="12.242060"><ele>1790.0</ele></trkpt>
   <trkpt lat="46.380280" lon="12.242230"><ele>1784.0</ele></trkpt>
   <trkpt lat="46.380290" lon="12.242640"><ele>1778.0</ele></trkpt>
   <trkpt lat="46.380310" lon="12.243310"><ele>1773.0</ele></trkpt>
   <trkpt lat="46.380140" lon="12.242980"><ele>1765.0</ele></trkpt>
   <trkpt lat="46.380170" lon="12.243410"><ele>1755.0</ele></trkpt>
   <trkpt lat="46.380010" lon="12.243020"><ele>1754.0</ele></trkpt>
   <trkpt lat="46.380000" lon="12.242650"><ele>1750.0</ele></trkpt>
   <trkpt lat="46.379940" lon="12.242950"><ele>1749.0</ele></trkpt>
   <trkpt lat="46.380010" lon="12.243270"><ele>1749.0</ele></trkpt>
   <trkpt lat="46.379990" lon="12.243550"><ele>1737.0</ele></trkpt>
   <trkpt lat="46.379840" lon="12.243180"><ele>1737.0</ele></trkpt>
   <trkpt lat="46.379810" lon="12.242750"><ele>1737.0</ele></trkpt>
   <trkpt lat="46.379760" lon="12.242870"><ele>1728.0</ele></trkpt>
   <trkpt lat="46.379730" lon="12.243140"><ele>1728.0</ele></trkpt>
   <trkpt lat="46.379750" lon="12.243460"><ele>1725.0</ele></trkpt>
   <trkpt lat="46.379800" lon="12.243690"><ele>1722.0</ele></trkpt>
   <trkpt lat="46.379790" lon="12.243930"><ele>1718.0</ele></trkpt>
   <trkpt lat="46.379770" lon="12.244210"><ele>1712.0</ele></trkpt>
   <trkpt lat="46.379730" lon="12.244250"><ele>1712.0</ele></trkpt>
   <trkpt lat="46.379660" lon="12.243950"><ele>1711.0</ele></trkpt>
   <trkpt lat="46.379610" lon="12.244450"><ele>1708.0</ele></trkpt>
   <trkpt lat="46.379660" lon="12.244600"><ele>1701.0</ele></trkpt>
   <trkpt lat="46.379790" lon="12.244700"><ele>1709.0</ele></trkpt>
   <trkpt lat="46.379890" lon="12.244890"><ele>1706.0</ele></trkpt>
   <trkpt lat="46.379930" lon="12.245090"><ele>1706.0</ele></trkpt>
   <trkpt lat="46.379810" lon="12.245500"><ele>1704.0</ele></trkpt>
   <trkpt lat="46.379560" lon="12.245770"><ele>1693.0</ele></trkpt>
   <trkpt lat="46.379360" lon="12.246000"><ele>1691.0</ele></trkpt>
   <trkpt lat="46.379100" lon="12.246290"><ele>1689.0</ele></trkpt>
   <trkpt lat="46.379040" lon="12.246620"><ele>1687.0</ele></trkpt>
   <trkpt lat="46.378970" lon="12.246940"><ele>1687.0</ele></trkpt>
   <trkpt lat="46.378870" lon="12.247000"><ele>1685.0</ele></trkpt>
   <trkpt lat="46.378730" lon="12.247020"><ele>1687.0</ele></trkpt>
   <trkpt lat="46.378490" lon="12.247000"><ele>1668.0</ele></trkpt>
   <trkpt lat="46.378270" lon="12.247240"><ele>1661.0</ele></trkpt>
   <trkpt lat="46.377950" lon="12.247600"><ele>1646.0</ele></trkpt>
   <trkpt lat="46.377860" lon="12.247990"><ele>1648.0</ele></trkpt>
   <trkpt lat="46.377810" lon="12.248360"><ele>1651.0</ele></trkpt>
   <trkpt lat="46.377750" lon="12.248810"><ele>1651.0</ele></trkpt>
   <trkpt lat="46.377650" lon="12.248970"><ele>1646.0</ele></trkpt>
   <trkpt lat="46.377600" lon="12.248860"><ele>1639.0</ele></trkpt>
   <trkpt lat="46.377530" lon="12.249000"><ele>1640.0</ele></trkpt>
   <trkpt lat="46.377540" lon="12.248850"><ele>1639.0</ele></trkpt>
   <trkpt lat="46.377440" lon="12.248940"><ele>1633.0</ele></trkpt>
   <trkpt lat="46.377440" lon="12.248840"><ele>1632.0</ele></trkpt>
   <trkpt lat="46.377410" lon="12.248980"><ele>1633.0</ele></trkpt>
   <trkpt lat="46.377360" lon="12.248920"><ele>1626.0</ele></trkpt>
   <trkpt lat="46.377280" lon="12.249090"><ele>1630.0</ele></trkpt>
   <trkpt lat="46.377300" lon="12.249180"><ele>1621.0</ele></trkpt>
   <trkpt lat="46.377330" lon="12.249440"><ele>1629.0</ele></trkpt>
   <trkpt lat="46.377250" lon="12.249770"><ele>1627.0</ele></trkpt>
   <trkpt lat="46.377170" lon="12.250120"><ele>1624.0</ele></trkpt>
   <trkpt lat="46.377050" lon="12.250300"><ele>1621.0</ele></trkpt>
   <trkpt lat="46.376800" lon="12.250410"><ele>1615.0</ele></trkpt>
   <trkpt lat="46.376670" lon="12.250890"><ele>1614.0</ele></trkpt>
   <trkpt lat="46.376540" lon="12.251190"><ele>1612.0</ele></trkpt>
   <trkpt lat="46.376260" lon="12.251610"><ele>1600.0</ele></trkpt>
   <trkpt lat="46.376150" lon="12.251890"><ele>1595.0</ele></trkpt>
   <trkpt lat="46.376170" lon="12.252180"><ele>1596.0</ele></trkpt>
   <trkpt lat="46.376290" lon="12.252470"><ele>1597.0</ele></trkpt>
   <trkpt lat="46.376560" lon="12.252920"><ele>1595.0</ele></trkpt>
   <trkpt lat="46.376600" lon="12.253060"><ele>1595.0</ele></trkpt>
   <trkpt lat="46.376590" lon="12.253190"><ele>1593.0</ele></trkpt>
   <trkpt lat="46.376530" lon="12.253390"><ele>1592.0</ele></trkpt>
   <trkpt lat="46.376390" lon="12.253650"><ele>1588.0</ele></trkpt>
   <trkpt lat="46.376160" lon="12.254080"><ele>1584.0</ele></trkpt>
   <trkpt lat="46.376030" lon="12.254350"><ele>1582.0</ele></trkpt>
   <trkpt lat="46.375970" lon="12.254610"><ele>1581.0</ele></trkpt>
   <trkpt lat="46.375950" lon="12.254830"><ele>1580.0</ele></trkpt>
   <trkpt lat="46.375920" lon="12.255080"><ele>1581.0</ele></trkpt>
   <trkpt lat="46.375890" lon="12.255220"><ele>1576.0</ele></trkpt>
   <trkpt lat="46.375780" lon="12.255520"><ele>1575.0</ele></trkpt>
   <trkpt lat="46.375600" lon="12.255840"><ele>1568.0</ele></trkpt>
   <trkpt lat="46.375580" lon="12.256020"><ele>1568.0</ele></trkpt>
   <trkpt lat="46.375600" lon="12.256320"><ele>1566.0</ele></trkpt>
   <trkpt lat="46.375490" lon="12.256860"><ele>1563.0</ele></trkpt>
   <trkpt lat="46.375470" lon="12.257470"><ele>1557.0</ele></trkpt>
   <trkpt lat="46.375410" lon="12.258110"><ele>1554.0</ele></trkpt>
   <trkpt lat="46.375370" lon="12.258300"><ele>1550.0</ele></trkpt>
   <trkpt lat="46.375250" lon="12.258550"><ele>1548.0</ele></trkpt>
   <trkpt lat="46.375210" lon="12.258660"><ele>1549.0</ele></trkpt>
   <trkpt lat="46.375170" lon="12.259090"><ele>1543.0</ele></trkpt>
   <trkpt lat="46.375110" lon="12.259470"><ele>1542.0</ele></trkpt>
   <trkpt lat="46.375070" lon="12.259980"><ele>1537.0</ele></trkpt>
   <trkpt lat="46.375020" lon="12.260120"><ele>1537.0</ele></trkpt>
   <trkpt lat="46.374900" lon="12.260240"><ele>1534.0</ele></trkpt>
   <trkpt lat="46.374740" lon="12.260340"><ele>1533.0</ele></trkpt>
   <trkpt lat="46.374680" lon="12.260190"><ele>1533.0</ele></trkpt>
   <trkpt lat="46.374490" lon="12.259890"><ele>1532.0</ele></trkpt>
   <trkpt lat="46.374220" lon="12.259460"><ele>1532.0</ele></trkpt>
   <trkpt lat="46.374150" lon="12.259300"><ele>1534.0</ele></trkpt>
   <trkpt lat="46.374020" lon="12.259460"><ele>1532.0</ele></trkpt>
   <trkpt lat="46.373900" lon="12.259450"><ele>1532.0</ele></trkpt>
   <trkpt lat="46.373720" lon="12.259400"><ele>1532.0</ele></trkpt>
   <trkpt lat="46.373530" lon="12.259340"><ele>1528.0</ele></trkpt>
   <trkpt lat="46.373320" lon="12.259360"><ele>1528.0</ele></trkpt>
   <trkpt lat="46.373160" lon="12.259240"><ele>1528.0</ele></trkpt>
   <trkpt lat="46.373070" lon="12.259130"><ele>1528.0</ele></trkpt>
   <trkpt lat="46.372930" lon="12.258640"><ele>1528.0</ele></trkpt>
   <trkpt lat="46.372790" lon="12.258360"><ele>1528.0</ele></trkpt>
   <trkpt lat="46.372640" lon="12.258060"><ele>1531.0</ele></trkpt>
   <trkpt lat="46.372610" lon="12.258020"><ele>1531.0</ele></trkpt>
   <trkpt lat="46.372520" lon="12.258010"><ele>1532.0</ele></trkpt>
   <trkpt lat="46.372370" lon="12.258090"><ele>1535.0</ele></trkpt>
   <trkpt lat="46.372250" lon="12.258110"><ele>1536.0</ele></trkpt>
   <trkpt lat="46.371960" lon="12.258020"><ele>1538.0</ele></trkpt>
   <trkpt lat="46.371680" lon="12.258090"><ele>1540.0</ele></trkpt>
   <trkpt lat="46.371630" lon="12.258130"><ele>1541.0</ele></trkpt>
   <trkpt lat="46.371570" lon="12.258220"><ele>1543.0</ele></trkpt>
   <trkpt lat="46.371520" lon="12.258500"><ele>1544.0</ele></trkpt>
   <trkpt lat="46.371480" lon="12.258570"><ele>1545.0</ele></trkpt>
   <trkpt lat="46.371460" lon="12.258570"><ele>1545.0</ele></trkpt>
   <trkpt lat="46.371280" lon="12.258460"><ele>1549.0</ele></trkpt>
   <trkpt lat="46.371090" lon="12.258350"><ele>1553.0</ele></trkpt>
   <trkpt lat="46.371010" lon="12.258230"><ele>1553.0</ele></trkpt>
   <trkpt lat="46.370910" lon="12.257970"><ele>1557.0</ele></trkpt>
   <trkpt lat="46.370810" lon="12.257890"><ele>1561.0</ele></trkpt>
   <trkpt lat="46.370700" lon="12.257940"><ele>1560.0</ele></trkpt>
   <trkpt lat="46.370440" lon="12.258470"><ele>1561.0</ele></trkpt>
   <trkpt lat="46.370370" lon="12.258580"><ele>1563.0</ele></trkpt>
   <trkpt lat="46.370290" lon="12.258630"><ele>1562.0</ele></trkpt>
   <trkpt lat="46.370230" lon="12.258600"><ele>1564.0</ele></trkpt>
   <trkpt lat="46.370090" lon="12.258460"><ele>1569.0</ele></trkpt>
   <trkpt lat="46.369910" lon="12.258430"><ele>1570.0</ele></trkpt>
   <trkpt lat="46.369720" lon="12.258320"><ele>1574.0</ele></trkpt>
   <trkpt lat="46.369440" lon="12.258160"><ele>1581.0</ele></trkpt>
   <trkpt lat="46.369250" lon="12.257860"><ele>1590.0</ele></trkpt>
   <trkpt lat="46.369060" lon="12.257650"><ele>1595.0</ele></trkpt>
   <trkpt lat="46.368840" lon="12.257420"><ele>1601.0</ele></trkpt>
   <trkpt lat="46.368470" lon="12.257150"><ele>1607.0</ele></trkpt>
   <trkpt lat="46.368130" lon="12.256950"><ele>1612.0</ele></trkpt>
   <trkpt lat="46.368020" lon="12.256910"><ele>1614.0</ele></trkpt>
   <trkpt lat="46.367830" lon="12.256740"><ele>1627.0</ele></trkpt>
   <trkpt lat="46.367660" lon="12.256700"><ele>1638.0</ele></trkpt>
   <trkpt lat="46.367450" lon="12.256780"><ele>1639.0</ele></trkpt>
   <trkpt lat="46.367340" lon="12.256760"><ele>1640.0</ele></trkpt>
   <trkpt lat="46.367240" lon="12.256700"><ele>1642.0</ele></trkpt>
   <trkpt lat="46.367090" lon="12.256730"><ele>1642.0</ele></trkpt>
   <trkpt lat="46.366930" lon="12.256680"><ele>1645.0</ele></trkpt>
   <trkpt lat="46.366900" lon="12.256600"><ele>1648.0</ele></trkpt>
   <trkpt lat="46.366910" lon="12.256480"><ele>1648.0</ele></trkpt>
   <trkpt lat="46.367140" lon="12.256190"><ele>1650.0</ele></trkpt>
   <trkpt lat="46.367160" lon="12.256120"><ele>1650.0</ele></trkpt>
   <trkpt lat="46.367130" lon="12.256080"><ele>1651.0</ele></trkpt>
   <trkpt lat="46.367080" lon="12.256060"><ele>1652.0</ele></trkpt>
   <trkpt lat="46.366850" lon="12.256100"><ele>1656.0</ele></trkpt>
   <trkpt lat="46.366740" lon="12.256060"><ele>1657.0</ele></trkpt>
   <trkpt lat="46.366490" lon="12.255740"><ele>1669.0</ele></trkpt>
   <trkpt lat="46.366320" lon="12.255590"><ele>1674.0</ele></trkpt>
   <trkpt lat="46.365910" lon="12.255580"><ele>1691.0</ele></trkpt>
   <trkpt lat="46.365800" lon="12.255520"><ele>1697.0</ele></trkpt>
   <trkpt lat="46.365750" lon="12.255540"><ele>1697.0</ele></trkpt>
   <trkpt lat="46.365610" lon="12.255670"><ele>1701.0</ele></trkpt>
   <trkpt lat="46.365320" lon="12.255830"><ele>1706.0</ele></trkpt>
   <trkpt lat="46.365330" lon="12.256030"><ele>1708.0</ele></trkpt>
   <trkpt lat="46.365310" lon="12.256310"><ele>1711.0</ele></trkpt>
   <trkpt lat="46.365280" lon="12.256630"><ele>1719.0</ele></trkpt>
   <trkpt lat="46.365230" lon="12.256830"><ele>1719.0</ele></trkpt>
   <trkpt lat="46.365080" lon="12.257110"><ele>1726.0</ele></trkpt>
   <trkpt lat="46.364810" lon="12.257610"><ele>1729.0</ele></trkpt>
   <trkpt lat="46.364650" lon="12.257720"><ele>1732.0</ele></trkpt>
   <trkpt lat="46.364440" lon="12.257650"><ele>1737.0</ele></trkpt>
   <trkpt lat="46.364190" lon="12.257460"><ele>1742.0</ele></trkpt>
   <trkpt lat="46.363990" lon="12.257260"><ele>1748.0</ele></trkpt>
   <trkpt lat="46.363930" lon="12.257230"><ele>1748.0</ele></trkpt>
   <trkpt lat="46.363840" lon="12.257100"><ele>1751.0</ele></trkpt>
   <trkpt lat="46.363780" lon="12.257060"><ele>1756.0</ele></trkpt>
   <trkpt lat="46.363580" lon="12.257100"><ele>1755.0</ele></trkpt>
   <trkpt lat="46.363440" lon="12.256980"><ele>1758.0</ele></trkpt>
   <trkpt lat="46.363230" lon="12.256950"><ele>1758.0</ele></trkpt>
   <trkpt lat="46.363160" lon="12.256970"><ele>1757.0</ele></trkpt>
   <trkpt lat="46.363070" lon="12.256940"><ele>1757.0</ele></trkpt>
   <trkpt lat="46.362810" lon="12.256730"><ele>1764.0</ele></trkpt>
   <trkpt lat="46.362630" lon="12.256620"><ele>1767.0</ele></trkpt>
   <trkpt lat="46.362490" lon="12.256470"><ele>1770.0</ele></trkpt>
   <trkpt lat="46.362380" lon="12.256310"><ele>1774.0</ele></trkpt>
   <trkpt lat="46.362260" lon="12.256130"><ele>1781.0</ele></trkpt>
   <trkpt lat="46.362140" lon="12.255900"><ele>1788.0</ele></trkpt>
   <trkpt lat="46.362030" lon="12.255790"><ele>1791.0</ele></trkpt>
   <trkpt lat="46.361850" lon="12.255730"><ele>1795.0</ele></trkpt>
   <trkpt lat="46.361770" lon="12.255660"><ele>1798.0</ele></trkpt>
   <trkpt lat="46.361650" lon="12.255460"><ele>1803.0</ele></trkpt>
   <trkpt lat="46.361580" lon="12.255430"><ele>1806.0</ele></trkpt>
   <trkpt lat="46.361340" lon="12.255480"><ele>1805.0</ele></trkpt>
   <trkpt lat="46.361280" lon="12.255550"><ele>1810.0</ele></trkpt>
   <trkpt lat="46.361150" lon="12.255840"><ele>1807.0</ele></trkpt>
   <trkpt lat="46.360910" lon="12.255880"><ele>1812.0</ele></trkpt>
   <trkpt lat="46.360650" lon="12.255930"><ele>1812.0</ele></trkpt>
   <trkpt lat="46.360520" lon="12.255860"><ele>1816.0</ele></trkpt>
   <trkpt lat="46.360320" lon="12.255940"><ele>1813.0</ele></trkpt>
   <trkpt lat="46.360200" lon="12.255730"><ele>1816.0</ele></trkpt>
   <trkpt lat="46.360150" lon="12.255720"><ele>1816.0</ele></trkpt>
   <trkpt lat="46.360050" lon="12.255750"><ele>1816.0</ele></trkpt>
   <trkpt lat="46.359920" lon="12.255700"><ele>1818.0</ele></trkpt>
   <trkpt lat="46.359770" lon="12.255550"><ele>1820.0</ele></trkpt>
   <trkpt lat="46.359620" lon="12.255450"><ele>1818.0</ele></trkpt>
   <trkpt lat="46.359580" lon="12.255480"><ele>1823.0</ele></trkpt>
   <trkpt lat="46.359570" lon="12.255550"><ele>1821.0</ele></trkpt>
   <trkpt lat="46.359520" lon="12.255580"><ele>1821.0</ele></trkpt>
   <trkpt lat="46.359330" lon="12.255620"><ele>1819.0</ele></trkpt>
   <trkpt lat="46.359110" lon="12.255660"><ele>1819.0</ele></trkpt>
   <trkpt lat="46.359060" lon="12.255640"><ele>1819.0</ele></trkpt>
   <trkpt lat="46.359010" lon="12.255600"><ele>1821.0</ele></trkpt>
   <trkpt lat="46.358800" lon="12.255320"><ele>1826.0</ele></trkpt>
   <trkpt lat="46.358760" lon="12.255170"><ele>1830.0</ele></trkpt>
   <trkpt lat="46.358610" lon="12.255140"><ele>1829.0</ele></trkpt>
   <trkpt lat="46.358500" lon="12.255160"><ele>1829.0</ele></trkpt>
   <trkpt lat="46.358330" lon="12.255000"><ele>1833.0</ele></trkpt>
   <trkpt lat="46.358270" lon="12.255080"><ele>1831.0</ele></trkpt>
   <trkpt lat="46.358230" lon="12.255060"><ele>1831.0</ele></trkpt>
   <trkpt lat="46.358170" lon="12.254950"><ele>1833.0</ele></trkpt>
   <trkpt lat="46.357830" lon="12.254910"><ele>1834.0</ele></trkpt>
   <trkpt lat="46.357730" lon="12.254690"><ele>1841.0</ele></trkpt>
   <trkpt lat="46.357590" lon="12.254560"><ele>1845.0</ele></trkpt>
   <trkpt lat="46.357420" lon="12.254420"><ele>1849.0</ele></trkpt>
   <trkpt lat="46.357350" lon="12.254280"><ele>1851.0</ele></trkpt>
   <trkpt lat="46.357280" lon="12.253990"><ele>1855.0</ele></trkpt>
   <trkpt lat="46.357180" lon="12.253620"><ele>1859.0</ele></trkpt>
   <trkpt lat="46.357080" lon="12.253500"><ele>1861.0</ele></trkpt>
   <trkpt lat="46.357050" lon="12.253410"><ele>1861.0</ele></trkpt>
   <trkpt lat="46.356960" lon="12.253040"><ele>1863.0</ele></trkpt>
   <trkpt lat="46.356930" lon="12.252960"><ele>1864.0</ele></trkpt>
   <trkpt lat="46.356750" lon="12.252820"><ele>1868.0</ele></trkpt>
   <trkpt lat="46.356690" lon="12.252680"><ele>1870.0</ele></trkpt>
   <trkpt lat="46.356670" lon="12.252610"><ele>1870.0</ele></trkpt>
   <trkpt lat="46.356700" lon="12.252560"><ele>1872.0</ele></trkpt>
   <trkpt lat="46.356740" lon="12.252600"><ele>1871.0</ele></trkpt>
   <trkpt lat="46.356780" lon="12.252590"><ele>1871.0</ele></trkpt>
   <trkpt lat="46.356790" lon="12.252530"><ele>1871.0</ele></trkpt>
   <trkpt lat="46.356750" lon="12.252310"><ele>1873.0</ele></trkpt>
   <trkpt lat="46.356780" lon="12.252150"><ele>1875.0</ele></trkpt>
   <trkpt lat="46.356750" lon="12.252020"><ele>1875.0</ele></trkpt>
   <trkpt lat="46.356790" lon="12.251890"><ele>1878.0</ele></trkpt>
   <trkpt lat="46.356790" lon="12.251800"><ele>1878.0</ele></trkpt>
   <trkpt lat="46.356730" lon="12.251790"><ele>1878.0</ele></trkpt>
   <trkpt lat="46.356650" lon="12.251670"><ele>1880.0</ele></trkpt>
   <trkpt lat="46.356560" lon="12.251570"><ele>1882.0</ele></trkpt>
   <trkpt lat="46.356410" lon="12.251500"><ele>1884.0</ele></trkpt>
   <trkpt lat="46.356380" lon="12.251450"><ele>1886.0</ele></trkpt>
   <trkpt lat="46.356270" lon="12.251080"><ele>1885.0</ele></trkpt>
   <trkpt lat="46.356250" lon="12.250660"><ele>1884.0</ele></trkpt>
   <trkpt lat="46.356270" lon="12.250460"><ele>1883.0</ele></trkpt>
   <trkpt lat="46.356320" lon="12.250220"><ele>1880.0</ele></trkpt>
   <trkpt lat="46.356370" lon="12.249970"><ele>1878.0</ele></trkpt>
   <trkpt lat="46.356460" lon="12.249730"><ele>1876.0</ele></trkpt>
   <trkpt lat="46.356580" lon="12.249420"><ele>1874.0</ele></trkpt>
   <trkpt lat="46.356600" lon="12.249140"><ele>1872.0</ele></trkpt>
   <trkpt lat="46.356590" lon="12.248990"><ele>1871.0</ele></trkpt>
   <trkpt lat="46.356360" lon="12.248950"><ele>1872.0</ele></trkpt>
   <trkpt lat="46.356120" lon="12.249010"><ele>1872.0</ele></trkpt>
   <trkpt lat="46.355850" lon="12.249070"><ele>1873.0</ele></trkpt>
   <trkpt lat="46.355660" lon="12.249290"><ele>1874.0</ele></trkpt>
   <trkpt lat="46.355350" lon="12.249210"><ele>1874.0</ele></trkpt>
   <trkpt lat="46.355290" lon="12.249160"><ele>1875.0</ele></trkpt>
   <trkpt lat="46.355230" lon="12.248930"><ele>1873.0</ele></trkpt>
   <trkpt lat="46.355230" lon="12.248540"><ele>1873.0</ele></trkpt>
   <trkpt lat="46.355130" lon="12.248200"><ele>1873.0</ele></trkpt>
   <trkpt lat="46.355140" lon="12.247840"><ele>1872.0</ele></trkpt>
   <trkpt lat="46.355090" lon="12.247510"><ele>1870.0</ele></trkpt>
   <trkpt lat="46.355090" lon="12.247240"><ele>1868.0</ele></trkpt>
   <trkpt lat="46.355130" lon="12.247000"><ele>1861.0</ele></trkpt>
   <trkpt lat="46.355130" lon="12.246840"><ele>1860.0</ele></trkpt>
   <trkpt lat="46.355070" lon="12.246500"><ele>1858.0</ele></trkpt>
   <trkpt lat="46.355000" lon="12.246130"><ele>1858.0</ele></trkpt>
   <trkpt lat="46.355000" lon="12.245890"><ele>1856.0</ele></trkpt>
   <trkpt lat="46.354970" lon="12.245700"><ele>1857.0</ele></trkpt>
   <trkpt lat="46.354710" lon="12.245400"><ele>1858.0</ele></trkpt>
   <trkpt lat="46.354590" lon="12.245320"><ele>1857.0</ele></trkpt>
   <trkpt lat="46.354530" lon="12.245290"><ele>1860.0</ele></trkpt>
   <trkpt lat="46.354400" lon="12.245340"><ele>1859.0</ele></trkpt>
   <trkpt lat="46.354320" lon="12.245280"><ele>1859.0</ele></trkpt>
   <trkpt lat="46.354270" lon="12.245300"><ele>1860.0</ele></trkpt>
   <trkpt lat="46.354240" lon="12.245380"><ele>1859.0</ele></trkpt>
   <trkpt lat="46.354170" lon="12.245400"><ele>1859.0</ele></trkpt>
   <trkpt lat="46.354040" lon="12.245310"><ele>1859.0</ele></trkpt>
   <trkpt lat="46.353910" lon="12.245170"><ele>1863.0</ele></trkpt>
   <trkpt lat="46.353860" lon="12.245150"><ele>1856.0</ele></trkpt>
   <trkpt lat="46.353680" lon="12.245180"><ele>1858.0</ele></trkpt>
   <trkpt lat="46.353600" lon="12.245140"><ele>1854.0</ele></trkpt>
   <trkpt lat="46.353540" lon="12.245050"><ele>1854.0</ele></trkpt>
   <trkpt lat="46.353480" lon="12.245090"><ele>1849.0</ele></trkpt>
   <trkpt lat="46.353430" lon="12.245080"><ele>1849.0</ele></trkpt>
   <trkpt lat="46.353390" lon="12.245040"><ele>1844.0</ele></trkpt>
   <trkpt lat="46.353370" lon="12.244850"><ele>1842.0</ele></trkpt>
   <trkpt lat="46.353220" lon="12.244650"><ele>1838.0</ele></trkpt>
   <trkpt lat="46.353000" lon="12.244490"><ele>1829.0</ele></trkpt>
   <trkpt lat="46.352640" lon="12.244510"><ele>1813.0</ele></trkpt>
   <trkpt lat="46.352350" lon="12.244660"><ele>1803.0</ele></trkpt>
   <trkpt lat="46.352190" lon="12.244650"><ele>1800.0</ele></trkpt>
   <trkpt lat="46.352050" lon="12.244600"><ele>1798.0</ele></trkpt>
   <trkpt lat="46.351830" lon="12.244600"><ele>1790.0</ele></trkpt>
   <trkpt lat="46.351700" lon="12.244520"><ele>1784.0</ele></trkpt>
   <trkpt lat="46.351610" lon="12.244580"><ele>1784.0</ele></trkpt>
   <trkpt lat="46.351600" lon="12.244650"><ele>1780.0</ele></trkpt>
   <trkpt lat="46.351740" lon="12.244760"><ele>1783.0</ele></trkpt>
   <trkpt lat="46.351810" lon="12.244860"><ele>1784.0</ele></trkpt>
   <trkpt lat="46.351800" lon="12.245130"><ele>1773.0</ele></trkpt>
   <trkpt lat="46.351790" lon="12.245400"><ele>1766.0</ele></trkpt>
   <trkpt lat="46.351840" lon="12.245560"><ele>1763.0</ele></trkpt>
   <trkpt lat="46.351830" lon="12.245820"><ele>1755.0</ele></trkpt>
   <trkpt lat="46.351810" lon="12.246090"><ele>1751.0</ele></trkpt>
   <trkpt lat="46.351720" lon="12.246240"><ele>1744.0</ele></trkpt>
   <trkpt lat="46.351510" lon="12.246320"><ele>1735.0</ele></trkpt>
   <trkpt lat="46.351410" lon="12.246330"><ele>1729.0</ele></trkpt>
   <trkpt lat="46.351240" lon="12.246410"><ele>1718.0</ele></trkpt>
   <trkpt lat="46.351060" lon="12.246490"><ele>1708.0</ele></trkpt>
   <trkpt lat="46.350920" lon="12.246570"><ele>1705.0</ele></trkpt>
   <trkpt lat="46.350780" lon="12.246650"><ele>1700.0</ele></trkpt>
   <trkpt lat="46.350640" lon="12.246820"><ele>1702.0</ele></trkpt>
   <trkpt lat="46.350420" lon="12.246850"><ele>1691.0</ele></trkpt>
   <trkpt lat="46.350080" lon="12.246900"><ele>1667.0</ele></trkpt>
   <trkpt lat="46.349750" lon="12.247120"><ele>1664.0</ele></trkpt>
   <trkpt lat="46.349650" lon="12.247050"><ele>1652.0</ele></trkpt>
   <trkpt lat="46.349550" lon="12.247090"><ele>1646.0</ele></trkpt>
   <trkpt lat="46.349500" lon="12.247230"><ele>1649.0</ele></trkpt>
   <trkpt lat="46.349380" lon="12.247260"><ele>1642.0</ele></trkpt>
   <trkpt lat="46.348990" lon="12.247580"><ele>1619.0</ele></trkpt>
   <trkpt lat="46.348850" lon="12.247570"><ele>1611.0</ele></trkpt>
   <trkpt lat="46.348680" lon="12.247470"><ele>1592.0</ele></trkpt>
   <trkpt lat="46.348450" lon="12.247440"><ele>1574.0</ele></trkpt>
   <trkpt lat="46.348380" lon="12.247370"><ele>1564.0</ele></trkpt>
   <trkpt lat="46.348120" lon="12.247480"><ele>1547.0</ele></trkpt>
   <trkpt lat="46.348030" lon="12.247460"><ele>1538.0</ele></trkpt>
   <trkpt lat="46.347900" lon="12.247320"><ele>1518.0</ele></trkpt>
   <trkpt lat="46.347620" lon="12.247330"><ele>1502.0</ele></trkpt>
   <trkpt lat="46.347330" lon="12.247240"><ele>1476.0</ele></trkpt>
   <trkpt lat="46.346900" lon="12.247200"><ele>1430.0</ele></trkpt>
   <trkpt lat="46.346780" lon="12.247120"><ele>1422.0</ele></trkpt>
   <trkpt lat="46.346700" lon="12.247280"><ele>1416.0</ele></trkpt>
   <trkpt lat="46.346650" lon="12.247250"><ele>1416.0</ele></trkpt>
   <trkpt lat="46.346570" lon="12.247090"><ele>1404.0</ele></trkpt>
   <trkpt lat="46.346470" lon="12.247050"><ele>1397.0</ele></trkpt>
   <trkpt lat="46.346390" lon="12.247050"><ele>1390.0</ele></trkpt>
   <trkpt lat="46.346420" lon="12.247220"><ele>1400.0</ele></trkpt>
   <trkpt lat="46.346310" lon="12.247410"><ele>1398.0</ele></trkpt>
   <trkpt lat="46.346090" lon="12.247420"><ele>1380.0</ele></trkpt>
   <trkpt lat="46.346000" lon="12.247550"><ele>1377.0</ele></trkpt>
   <trkpt lat="46.345910" lon="12.247510"><ele>1377.0</ele></trkpt>
   <trkpt lat="46.345780" lon="12.247590"><ele>1366.0</ele></trkpt>
   <trkpt lat="46.345750" lon="12.247780"><ele>1383.0</ele></trkpt>
   <trkpt lat="46.345830" lon="12.248000"><ele>1380.0</ele></trkpt>
   <trkpt lat="46.345930" lon="12.248190"><ele>1389.0</ele></trkpt>
   <trkpt lat="46.346050" lon="12.248400"><ele>1381.0</ele></trkpt>
   <trkpt lat="46.346060" lon="12.248500"><ele>1395.0</ele></trkpt>
   <trkpt lat="46.346020" lon="12.248580"><ele>1390.0</ele></trkpt>
   <trkpt lat="46.345800" lon="12.248740"><ele>1373.0</ele></trkpt>
   <trkpt lat="46.345870" lon="12.248890"><ele>1372.0</ele></trkpt>
   <trkpt lat="46.345860" lon="12.249000"><ele>1369.0</ele></trkpt>
   <trkpt lat="46.345840" lon="12.249130"><ele>1363.0</ele></trkpt>
   <trkpt lat="46.345790" lon="12.249220"><ele>1358.0</ele></trkpt>
   <trkpt lat="46.345710" lon="12.249280"><ele>1358.0</ele></trkpt>
   <trkpt lat="46.345680" lon="12.249400"><ele>1355.0</ele></trkpt>
   <trkpt lat="46.345590" lon="12.249540"><ele>1360.0</ele></trkpt>
   <trkpt lat="46.345620" lon="12.249700"><ele>1359.0</ele></trkpt>
   <trkpt lat="46.345630" lon="12.249860"><ele>1362.0</ele></trkpt>
   <trkpt lat="46.345590" lon="12.250060"><ele>1363.0</ele></trkpt>
   <trkpt lat="46.345440" lon="12.250400"><ele>1364.0</ele></trkpt>
   <trkpt lat="46.345430" lon="12.250490"><ele>1365.0</ele></trkpt>
   <trkpt lat="46.345450" lon="12.250600"><ele>1366.0</ele></trkpt>
   <trkpt lat="46.345450" lon="12.250690"><ele>1367.0</ele></trkpt>
   <trkpt lat="46.345320" lon="12.250870"><ele>1368.0</ele></trkpt>
   <trkpt lat="46.345240" lon="12.250940"><ele>1369.0</ele></trkpt>
   <trkpt lat="46.344930" lon="12.250910"><ele>1371.0</ele></trkpt>
   <trkpt lat="46.344680" lon="12.251040"><ele>1389.0</ele></trkpt>
   <trkpt lat="46.344480" lon="12.251230"><ele>1398.0</ele></trkpt>
   <trkpt lat="46.344580" lon="12.251550"><ele>1416.0</ele></trkpt>
   <trkpt lat="46.344350" lon="12.251760"><ele>1428.0</ele></trkpt>
   <trkpt lat="46.344250" lon="12.252050"><ele>1433.0</ele></trkpt>
   <trkpt lat="46.343870" lon="12.251980"><ele>1439.0</ele></trkpt>
   <trkpt lat="46.343610" lon="12.252020"><ele>1446.0</ele></trkpt>
   <trkpt lat="46.343350" lon="12.252210"><ele>1462.0</ele></trkpt>
   <trkpt lat="46.343130" lon="12.252360"><ele>1470.0</ele></trkpt>
   <trkpt lat="46.342900" lon="12.252520"><ele>1471.0</ele></trkpt>
   <trkpt lat="46.342790" lon="12.252460"><ele>1486.0</ele></trkpt>
   <trkpt lat="46.342670" lon="12.252280"><ele>1468.0</ele></trkpt>
   <trkpt lat="46.342540" lon="12.252110"><ele>1467.0</ele></trkpt>
   <trkpt lat="46.342380" lon="12.252120"><ele>1465.0</ele></trkpt>
   <trkpt lat="46.342240" lon="12.252010"><ele>1460.0</ele></trkpt>
   <trkpt lat="46.342000" lon="12.251990"><ele>1465.0</ele></trkpt>
   <trkpt lat="46.341850" lon="12.252080"><ele>1458.0</ele></trkpt>
   <trkpt lat="46.341750" lon="12.252220"><ele>1466.0</ele></trkpt>
   <trkpt lat="46.341450" lon="12.252340"><ele>1463.0</ele></trkpt>
   <trkpt lat="46.341330" lon="12.252270"><ele>1463.0</ele></trkpt>
   <trkpt lat="46.341150" lon="12.252280"><ele>1461.0</ele></trkpt>
   <trkpt lat="46.340940" lon="12.252290"><ele>1461.0</ele></trkpt>
   <trkpt lat="46.340790" lon="12.252420"><ele>1466.0</ele></trkpt>
   <trkpt lat="46.340580" lon="12.252440"><ele>1464.0</ele></trkpt>
   <trkpt lat="46.340270" lon="12.252460"><ele>1464.0</ele></trkpt>
   <trkpt lat="46.339990" lon="12.252460"><ele>1463.0</ele></trkpt>
   <trkpt lat="46.339660" lon="12.252160"><ele>1449.0</ele></trkpt>
   <trkpt lat="46.339340" lon="12.252360"><ele>1449.0</ele></trkpt>
   <trkpt lat="46.339230" lon="12.252550"><ele>1455.0</ele></trkpt>
   <trkpt lat="46.339170" lon="12.252600"><ele>1458.0</ele></trkpt>
   <trkpt lat="46.339100" lon="12.252560"><ele>1460.0</ele></trkpt>
   <trkpt lat="46.338980" lon="12.252410"><ele>1457.0</ele></trkpt>
   <trkpt lat="46.338750" lon="12.252280"><ele>1457.0</ele></trkpt>
   <trkpt lat="46.338520" lon="12.252140"><ele>1456.0</ele></trkpt>
   <trkpt lat="46.338240" lon="12.251860"><ele>1457.0</ele></trkpt>
   <trkpt lat="46.338100" lon="12.251620"><ele>1458.0</ele></trkpt>
   <trkpt lat="46.338070" lon="12.251420"><ele>1459.0</ele></trkpt>
   <trkpt lat="46.337900" lon="12.251250"><ele>1460.0</ele></trkpt>
   <trkpt lat="46.337660" lon="12.251010"><ele>1459.0</ele></trkpt>
   <trkpt lat="46.337510" lon="12.250730"><ele>1459.0</ele></trkpt>
   <trkpt lat="46.337490" lon="12.250600"><ele>1457.0</ele></trkpt>
   <trkpt lat="46.337320" lon="12.250610"><ele>1462.0</ele></trkpt>
   <trkpt lat="46.337310" lon="12.250520"><ele>1460.0</ele></trkpt>
   <trkpt lat="46.337150" lon="12.250580"><ele>1463.0</ele></trkpt>
   <trkpt lat="46.337120" lon="12.250560"><ele>1465.0</ele></trkpt>
   <trkpt lat="46.337120" lon="12.250330"><ele>1464.0</ele></trkpt>
   <trkpt lat="46.336960" lon="12.250030"><ele>1479.0</ele></trkpt>
   <trkpt lat="46.336970" lon="12.249750"><ele>1479.0</ele></trkpt>
   <trkpt lat="46.337100" lon="12.249480"><ele>1477.0</ele></trkpt>
   <trkpt lat="46.337010" lon="12.248920"><ele>1482.0</ele></trkpt>
   <trkpt lat="46.336930" lon="12.248910"><ele>1484.0</ele></trkpt>
   <trkpt lat="46.336880" lon="12.248730"><ele>1472.0</ele></trkpt>
   <trkpt lat="46.336890" lon="12.248610"><ele>1485.0</ele></trkpt>
   <trkpt lat="46.337010" lon="12.248240"><ele>1463.0</ele></trkpt>
   <trkpt lat="46.337140" lon="12.248050"><ele>1451.0</ele></trkpt>
   <trkpt lat="46.337410" lon="12.248060"><ele>1432.0</ele></trkpt>
   <trkpt lat="46.337450" lon="12.247890"><ele>1429.0</ele></trkpt>
   <trkpt lat="46.337530" lon="12.247730"><ele>1421.0</ele></trkpt>
   <trkpt lat="46.337540" lon="12.247560"><ele>1418.0</ele></trkpt>
   <trkpt lat="46.337610" lon="12.247540"><ele>1411.0</ele></trkpt>
   <trkpt lat="46.337640" lon="12.247390"><ele>1408.0</ele></trkpt>
   <trkpt lat="46.337720" lon="12.247350"><ele>1401.0</ele></trkpt>
   <trkpt lat="46.337750" lon="12.247380"><ele>1401.0</ele></trkpt>
   <trkpt lat="46.337810" lon="12.247290"><ele>1393.0</ele></trkpt>
   <trkpt lat="46.337840" lon="12.247300"><ele>1393.0</ele></trkpt>
   <trkpt lat="46.337960" lon="12.247010"><ele>1385.0</ele></trkpt>
   <trkpt lat="46.338050" lon="12.247030"><ele>1377.0</ele></trkpt>
   <trkpt lat="46.338080" lon="12.246950"><ele>1377.0</ele></trkpt>
   <trkpt lat="46.338330" lon="12.246950"><ele>1356.0</ele></trkpt>
   <trkpt lat="46.338340" lon="12.246880"><ele>1356.0</ele></trkpt>
   <trkpt lat="46.338470" lon="12.246610"><ele>1349.0</ele></trkpt>
   <trkpt lat="46.338470" lon="12.246360"><ele>1348.0</ele></trkpt>
   <trkpt lat="46.338520" lon="12.246320"><ele>1343.0</ele></trkpt>
   <trkpt lat="46.338510" lon="12.246280"><ele>1342.0</ele></trkpt>
   <trkpt lat="46.338530" lon="12.246250"><ele>1342.0</ele></trkpt>
   <trkpt lat="46.338550" lon="12.246280"><ele>1342.0</ele></trkpt>
   <trkpt lat="46.338560" lon="12.246090"><ele>1339.0</ele></trkpt>
   <trkpt lat="46.338620" lon="12.246110"><ele>1337.0</ele></trkpt>
   <trkpt lat="46.338600" lon="12.245960"><ele>1338.0</ele></trkpt>
   <trkpt lat="46.338680" lon="12.245940"><ele>1334.0</ele></trkpt>
   <trkpt lat="46.338680" lon="12.245830"><ele>1332.0</ele></trkpt>
   <trkpt lat="46.338730" lon="12.245640"><ele>1325.0</ele></trkpt>
   <trkpt lat="46.338630" lon="12.245520"><ele>1325.0</ele></trkpt>
   <trkpt lat="46.338690" lon="12.245500"><ele>1322.0</ele></trkpt>
   <trkpt lat="46.338590" lon="12.245470"><ele>1327.0</ele></trkpt>
   <trkpt lat="46.338540" lon="12.245390"><ele>1324.0</ele></trkpt>
   <trkpt lat="46.338630" lon="12.245140"><ele>1316.0</ele></trkpt>
   <trkpt lat="46.338790" lon="12.245000"><ele>1310.0</ele></trkpt>
   <trkpt lat="46.338860" lon="12.245040"><ele>1310.0</ele></trkpt>
   <trkpt lat="46.338790" lon="12.244890"><ele>1307.0</ele></trkpt>
   <trkpt lat="46.338790" lon="12.244770"><ele>1304.0</ele></trkpt>
   <trkpt lat="46.338820" lon="12.244740"><ele>1301.0</ele></trkpt>
   <trkpt lat="46.338910" lon="12.244770"><ele>1299.0</ele></trkpt>
   <trkpt lat="46.338910" lon="12.244670"><ele>1293.0</ele></trkpt>
   <trkpt lat="46.338930" lon="12.244710"><ele>1299.0</ele></trkpt>
   <trkpt lat="46.338950" lon="12.244660"><ele>1293.0</ele></trkpt>
   <trkpt lat="46.339060" lon="12.244650"><ele>1291.0</ele></trkpt>
   <trkpt lat="46.339020" lon="12.244420"><ele>1282.0</ele></trkpt>
   <trkpt lat="46.338940" lon="12.244290"><ele>1278.0</ele></trkpt>
   <trkpt lat="46.339050" lon="12.244260"><ele>1273.0</ele></trkpt>
   <trkpt lat="46.339120" lon="12.244310"><ele>1275.0</ele></trkpt>
   <trkpt lat="46.339100" lon="12.244160"><ele>1267.0</ele></trkpt>
   <trkpt lat="46.338990" lon="12.244000"><ele>1263.0</ele></trkpt>
   <trkpt lat="46.339050" lon="12.243910"><ele>1258.0</ele></trkpt>
   <trkpt lat="46.339040" lon="12.243830"><ele>1255.0</ele></trkpt>
   <trkpt lat="46.339100" lon="12.243780"><ele>1253.0</ele></trkpt>
   <trkpt lat="46.339110" lon="12.243650"><ele>1247.0</ele></trkpt>
   <trkpt lat="46.339130" lon="12.243670"><ele>1247.0</ele></trkpt>
   <trkpt lat="46.339160" lon="12.243580"><ele>1244.0</ele></trkpt>
   <trkpt lat="46.339260" lon="12.243600"><ele>1241.0</ele></trkpt>
   <trkpt lat="46.339280" lon="12.243670"><ele>1244.0</ele></trkpt>
   <trkpt lat="46.339390" lon="12.243660"><ele>1241.0</ele></trkpt>
   <trkpt lat="46.339470" lon="12.243780"><ele>1240.0</ele></trkpt>
   <trkpt lat="46.339580" lon="12.243780"><ele>1236.0</ele></trkpt>
   <trkpt lat="46.339710" lon="12.243990"><ele>1234.0</ele></trkpt>
   <trkpt lat="46.339850" lon="12.244200"><ele>1233.0</ele></trkpt>
   <trkpt lat="46.339860" lon="12.243850"><ele>1224.0</ele></trkpt>
   <trkpt lat="46.339830" lon="12.243680"><ele>1222.0</ele></trkpt>
   <trkpt lat="46.339840" lon="12.243370"><ele>1213.0</ele></trkpt>
   <trkpt lat="46.339860" lon="12.243360"><ele>1213.0</ele></trkpt>
   <trkpt lat="46.339810" lon="12.243250"><ele>1208.0</ele></trkpt>
   <trkpt lat="46.339810" lon="12.243090"><ele>1200.0</ele></trkpt>
   <trkpt lat="46.339760" lon="12.242990"><ele>1202.0</ele></trkpt>
   <trkpt lat="46.339760" lon="12.242850"><ele>1198.0</ele></trkpt>
   <trkpt lat="46.339790" lon="12.242710"><ele>1196.0</ele></trkpt>
   <trkpt lat="46.339820" lon="12.242630"><ele>1190.0</ele></trkpt>
   <trkpt lat="46.340050" lon="12.242370"><ele>1177.0</ele></trkpt>
   <trkpt lat="46.340180" lon="12.242360"><ele>1174.0</ele></trkpt>
   <trkpt lat="46.340290" lon="12.242520"><ele>1175.0</ele></trkpt>
   <trkpt lat="46.340310" lon="12.242640"><ele>1173.0</ele></trkpt>
   <trkpt lat="46.340370" lon="12.242490"><ele>1170.0</ele></trkpt>
   <trkpt lat="46.340340" lon="12.242320"><ele>1169.0</ele></trkpt>
   <trkpt lat="46.340410" lon="12.242070"><ele>1159.0</ele></trkpt>
   <trkpt lat="46.340390" lon="12.241990"><ele>1158.0</ele></trkpt>
   <trkpt lat="46.340460" lon="12.241850"><ele>1153.0</ele></trkpt>
   <trkpt lat="46.340540" lon="12.242030"><ele>1162.0</ele></trkpt>
   <trkpt lat="46.340620" lon="12.242220"><ele>1160.0</ele></trkpt>
   <trkpt lat="46.340660" lon="12.242570"><ele>1158.0</ele></trkpt>
   <trkpt lat="46.340750" lon="12.242690"><ele>1154.0</ele></trkpt>
   <trkpt lat="46.340760" lon="12.242760"><ele>1155.0</ele></trkpt>
   <trkpt lat="46.340740" lon="12.242830"><ele>1155.0</ele></trkpt>
   <trkpt lat="46.340750" lon="12.242900"><ele>1155.0</ele></trkpt>
   <trkpt lat="46.340780" lon="12.242930"><ele>1155.0</ele></trkpt>
   <trkpt lat="46.340850" lon="12.242880"><ele>1141.0</ele></trkpt>
   <trkpt lat="46.340890" lon="12.242920"><ele>1141.0</ele></trkpt>
   <trkpt lat="46.340860" lon="12.243020"><ele>1141.0</ele></trkpt>
   <trkpt lat="46.340870" lon="12.243110"><ele>1143.0</ele></trkpt>
   <trkpt lat="46.340890" lon="12.243140"><ele>1143.0</ele></trkpt>
   <trkpt lat="46.340930" lon="12.243120"><ele>1147.0</ele></trkpt>
   <trkpt lat="46.340970" lon="12.243180"><ele>1138.0</ele></trkpt>
   <trkpt lat="46.340950" lon="12.243310"><ele>1146.0</ele></trkpt>
   <trkpt lat="46.340830" lon="12.243520"><ele>1148.0</ele></trkpt>
   <trkpt lat="46.340800" lon="12.243690"><ele>1160.0</ele></trkpt>
   <trkpt lat="46.340850" lon="12.243700"><ele>1154.0</ele></trkpt>
   <trkpt lat="46.340950" lon="12.243430"><ele>1142.0</ele></trkpt>
   <trkpt lat="46.341020" lon="12.243300"><ele>1140.0</ele></trkpt>
   <trkpt lat="46.341110" lon="12.243250"><ele>1137.0</ele></trkpt>
   <trkpt lat="46.341160" lon="12.243280"><ele>1137.0</ele></trkpt>
   <trkpt lat="46.341210" lon="12.243270"><ele>1134.0</ele></trkpt>
   <trkpt lat="46.341250" lon="12.243240"><ele>1134.0</ele></trkpt>
   <trkpt lat="46.341270" lon="12.243130"><ele>1131.0</ele></trkpt>
   <trkpt lat="46.341210" lon="12.242770"><ele>1121.0</ele></trkpt>
   <trkpt lat="46.341210" lon="12.242700"><ele>1120.0</ele></trkpt>
   <trkpt lat="46.341290" lon="12.242520"><ele>1120.0</ele></trkpt>
   <trkpt lat="46.341250" lon="12.242500"><ele>1119.0</ele></trkpt>
   <trkpt lat="46.341280" lon="12.242440"><ele>1119.0</ele></trkpt>
   <trkpt lat="46.341240" lon="12.242380"><ele>1118.0</ele></trkpt>
   <trkpt lat="46.341270" lon="12.242350"><ele>1118.0</ele></trkpt>
   <trkpt lat="46.341240" lon="12.242310"><ele>1118.0</ele></trkpt>
   <trkpt lat="46.341240" lon="12.242250"><ele>1117.0</ele></trkpt>
   <trkpt lat="46.341160" lon="12.242160"><ele>1118.0</ele></trkpt>
   <trkpt lat="46.341170" lon="12.242080"><ele>1117.0</ele></trkpt>
   <trkpt lat="46.341140" lon="12.242030"><ele>1117.0</ele></trkpt>
   <trkpt lat="46.341160" lon="12.241870"><ele>1115.0</ele></trkpt>
   <trkpt lat="46.341130" lon="12.241820"><ele>1115.0</ele></trkpt>
   <trkpt lat="46.341230" lon="12.241530"><ele>1106.0</ele></trkpt>
   <trkpt lat="46.341310" lon="12.241440"><ele>1103.0</ele></trkpt>
   <trkpt lat="46.341360" lon="12.241320"><ele>1099.0</ele></trkpt>
   <trkpt lat="46.341300" lon="12.240990"><ele>1094.0</ele></trkpt>
   <trkpt lat="46.341330" lon="12.240930"><ele>1092.0</ele></trkpt>
   <trkpt lat="46.341320" lon="12.240760"><ele>1089.0</ele></trkpt>
   <trkpt lat="46.341390" lon="12.240630"><ele>1092.0</ele></trkpt>
   <trkpt lat="46.341310" lon="12.240240"><ele>1093.0</ele></trkpt>
   <trkpt lat="46.341350" lon="12.240000"><ele>1095.0</ele></trkpt>
   <trkpt lat="46.341350" lon="12.239920"><ele>1095.0</ele></trkpt>
   <trkpt lat="46.341320" lon="12.239890"><ele>1098.0</ele></trkpt>
   <trkpt lat="46.341340" lon="12.239780"><ele>1099.0</ele></trkpt>
   <trkpt lat="46.341250" lon="12.239590"><ele>1096.0</ele></trkpt>
   <trkpt lat="46.341250" lon="12.239410"><ele>1099.0</ele></trkpt>
   <trkpt lat="46.341260" lon="12.239320"><ele>1098.0</ele></trkpt>
   <trkpt lat="46.341300" lon="12.239300"><ele>1108.0</ele></trkpt>
   <trkpt lat="46.341290" lon="12.239150"><ele>1109.0</ele></trkpt>
   <trkpt lat="46.341190" lon="12.238940"><ele>1094.0</ele></trkpt>
   <trkpt lat="46.341030" lon="12.238920"><ele>1096.0</ele></trkpt>
   <trkpt lat="46.340920" lon="12.238790"><ele>1094.0</ele></trkpt>
   <trkpt lat="46.340920" lon="12.238720"><ele>1090.0</ele></trkpt>
   <trkpt lat="46.341010" lon="12.238530"><ele>1092.0</ele></trkpt>
   <trkpt lat="46.341000" lon="12.238470"><ele>1092.0</ele></trkpt>
   <trkpt lat="46.340980" lon="12.238250"><ele>1090.0</ele></trkpt>
   <trkpt lat="46.340860" lon="12.238000"><ele>1076.0</ele></trkpt>
   <trkpt lat="46.340810" lon="12.237770"><ele>1071.0</ele></trkpt>
   <trkpt lat="46.340830" lon="12.237600"><ele>1074.0</ele></trkpt>
   <trkpt lat="46.340910" lon="12.237540"><ele>1072.0</ele></trkpt>
   <trkpt lat="46.341010" lon="12.237350"><ele>1073.0</ele></trkpt>
   <trkpt lat="46.341140" lon="12.237240"><ele>1075.0</ele></trkpt>
   <trkpt lat="46.341190" lon="12.237140"><ele>1073.0</ele></trkpt>
   <trkpt lat="46.341180" lon="12.236930"><ele>1070.0</ele></trkpt>
   <trkpt lat="46.341210" lon="12.236790"><ele>1072.0</ele></trkpt>
   <trkpt lat="46.341260" lon="12.236750"><ele>1069.0</ele></trkpt>
   <trkpt lat="46.341380" lon="12.236740"><ele>1073.0</ele></trkpt>
   <trkpt lat="46.341360" lon="12.236670"><ele>1071.0</ele></trkpt>
   <trkpt lat="46.341300" lon="12.236610"><ele>1066.0</ele></trkpt>
   <trkpt lat="46.341210" lon="12.236580"><ele>1064.0</ele></trkpt>
   <trkpt lat="46.341140" lon="12.236470"><ele>1057.0</ele></trkpt>
   <trkpt lat="46.341080" lon="12.236350"><ele>1050.0</ele></trkpt>
   <trkpt lat="46.341080" lon="12.236280"><ele>1047.0</ele></trkpt>
   <trkpt lat="46.340980" lon="12.235990"><ele>1049.0</ele></trkpt>
   <trkpt lat="46.341030" lon="12.235920"><ele>1039.0</ele></trkpt>
   <trkpt lat="46.341200" lon="12.235820"><ele>1047.0</ele></trkpt>
   <trkpt lat="46.341390" lon="12.235540"><ele>1048.0</ele></trkpt>
   <trkpt lat="46.341530" lon="12.235440"><ele>1052.0</ele></trkpt>
   <trkpt lat="46.341570" lon="12.235330"><ele>1046.0</ele></trkpt>
   <trkpt lat="46.341590" lon="12.235090"><ele>1044.0</ele></trkpt>
   <trkpt lat="46.341640" lon="12.234890"><ele>1046.0</ele></trkpt>
   <trkpt lat="46.341750" lon="12.234660"><ele>1046.0</ele></trkpt>
   <trkpt lat="46.341830" lon="12.234610"><ele>1051.0</ele></trkpt>
   <trkpt lat="46.341860" lon="12.234540"><ele>1050.0</ele></trkpt>
   <trkpt lat="46.341960" lon="12.234480"><ele>1044.0</ele></trkpt>
   <trkpt lat="46.341960" lon="12.234430"><ele>1053.0</ele></trkpt>
   <trkpt lat="46.341930" lon="12.234390"><ele>1052.0</ele></trkpt>
   <trkpt lat="46.341900" lon="12.233920"><ele>1044.0</ele></trkpt>
   <trkpt lat="46.341920" lon="12.233620"><ele>1044.0</ele></trkpt>
   <trkpt lat="46.341950" lon="12.233280"><ele>1040.0</ele></trkpt>
   <trkpt lat="46.342040" lon="12.232970"><ele>1040.0</ele></trkpt>
   <trkpt lat="46.342220" lon="12.232540"><ele>1038.0</ele></trkpt>
   <trkpt lat="46.342240" lon="12.232420"><ele>1041.0</ele></trkpt>
   <trkpt lat="46.342400" lon="12.232100"><ele>1036.0</ele></trkpt>
   <trkpt lat="46.342460" lon="12.231860"><ele>1034.0</ele></trkpt>
   <trkpt lat="46.342470" lon="12.231690"><ele>1034.0</ele></trkpt>
   <trkpt lat="46.342530" lon="12.231460"><ele>1032.0</ele></trkpt>
   <trkpt lat="46.342520" lon="12.231260"><ele>1033.0</ele></trkpt>
   <trkpt lat="46.342460" lon="12.230990"><ele>1029.0</ele></trkpt>
   <trkpt lat="46.342400" lon="12.230890"><ele>1027.0</ele></trkpt>
   <trkpt lat="46.342340" lon="12.230840"><ele>1027.0</ele></trkpt>
   <trkpt lat="46.342280" lon="12.230700"><ele>1024.0</ele></trkpt>
   <trkpt lat="46.342320" lon="12.230450"><ele>1025.0</ele></trkpt>
   <trkpt lat="46.342360" lon="12.230390"><ele>1024.0</ele></trkpt>
   <trkpt lat="46.342500" lon="12.230310"><ele>1026.0</ele></trkpt>
   <trkpt lat="46.342620" lon="12.230200"><ele>1029.0</ele></trkpt>
   <trkpt lat="46.342750" lon="12.230020"><ele>1031.0</ele></trkpt>
   <trkpt lat="46.342910" lon="12.229920"><ele>1032.0</ele></trkpt>
   <trkpt lat="46.343030" lon="12.229700"><ele>1032.0</ele></trkpt>
   <trkpt lat="46.343060" lon="12.229370"><ele>1032.0</ele></trkpt>
   <trkpt lat="46.343130" lon="12.229120"><ele>1032.0</ele></trkpt>
   <trkpt lat="46.343170" lon="12.228610"><ele>1036.0</ele></trkpt>
   <trkpt lat="46.343240" lon="12.228340"><ele>1037.0</ele></trkpt>
   <trkpt lat="46.343250" lon="12.228110"><ele>1037.0</ele></trkpt>
   <trkpt lat="46.343240" lon="12.227880"><ele>1038.0</ele></trkpt>
   <trkpt lat="46.343270" lon="12.227760"><ele>1038.0</ele></trkpt>
   <trkpt lat="46.343270" lon="12.227570"><ele>1040.0</ele></trkpt>
   <trkpt lat="46.343400" lon="12.227180"><ele>1043.0</ele></trkpt>
   <trkpt lat="46.343410" lon="12.227090"><ele>1047.0</ele></trkpt>
   <trkpt lat="46.343470" lon="12.227030"><ele>1047.0</ele></trkpt>
   <trkpt lat="46.343550" lon="12.226760"><ele>1052.0</ele></trkpt>
   <trkpt lat="46.343610" lon="12.226680"><ele>1054.0</ele></trkpt>
   <trkpt lat="46.343660" lon="12.226530"><ele>1053.0</ele></trkpt>
   <trkpt lat="46.343870" lon="12.226260"><ele>1054.0</ele></trkpt>
   <trkpt lat="46.343900" lon="12.226170"><ele>1054.0</ele></trkpt>
   <trkpt lat="46.344090" lon="12.225970"><ele>1060.0</ele></trkpt>
   <trkpt lat="46.344350" lon="12.225710"><ele>1057.0</ele></trkpt>
   <trkpt lat="46.344380" lon="12.225650"><ele>1059.0</ele></trkpt>
   <trkpt lat="46.344660" lon="12.225450"><ele>1054.0</ele></trkpt>
   <trkpt lat="46.344730" lon="12.225260"><ele>1053.0</ele></trkpt>
   <trkpt lat="46.344800" lon="12.225160"><ele>1054.0</ele></trkpt>
   <trkpt lat="46.344810" lon="12.225080"><ele>1055.0</ele></trkpt>
   <trkpt lat="46.344850" lon="12.225040"><ele>1055.0</ele></trkpt>
   <trkpt lat="46.344880" lon="12.224900"><ele>1055.0</ele></trkpt>
   <trkpt lat="46.345050" lon="12.224680"><ele>1057.0</ele></trkpt>
   <trkpt lat="46.345110" lon="12.224510"><ele>1059.0</ele></trkpt>
   <trkpt lat="46.345130" lon="12.224060"><ele>1058.0</ele></trkpt>
   <trkpt lat="46.345190" lon="12.223740"><ele>1062.0</ele></trkpt>
   <trkpt lat="46.345180" lon="12.223520"><ele>1065.0</ele></trkpt>
   <trkpt lat="46.345140" lon="12.223390"><ele>1067.0</ele></trkpt>
   <trkpt lat="46.345130" lon="12.223140"><ele>1068.0</ele></trkpt>
   <trkpt lat="46.345110" lon="12.223090"><ele>1063.0</ele></trkpt>
   <trkpt lat="46.345050" lon="12.223060"><ele>1066.0</ele></trkpt>
   <trkpt lat="46.344950" lon="12.223070"><ele>1063.0</ele></trkpt>
   <trkpt lat="46.344880" lon="12.223020"><ele>1063.0</ele></trkpt>
   <trkpt lat="46.344910" lon="12.222800"><ele>1065.0</ele></trkpt>
   <trkpt lat="46.344850" lon="12.222480"><ele>1064.0</ele></trkpt>
   <trkpt lat="46.344870" lon="12.222230"><ele>1065.0</ele></trkpt>
   <trkpt lat="46.344830" lon="12.222110"><ele>1063.0</ele></trkpt>
   <trkpt lat="46.344830" lon="12.221980"><ele>1067.0</ele></trkpt>
   <trkpt lat="46.344780" lon="12.221830"><ele>1063.0</ele></trkpt>
   <trkpt lat="46.344760" lon="12.221690"><ele>1065.0</ele></trkpt>
   <trkpt lat="46.344790" lon="12.221400"><ele>1068.0</ele></trkpt>
   <trkpt lat="46.344820" lon="12.221060"><ele>1076.0</ele></trkpt>
   <trkpt lat="46.344910" lon="12.220880"><ele>1082.0</ele></trkpt>
   <trkpt lat="46.345090" lon="12.220740"><ele>1085.0</ele></trkpt>
   <trkpt lat="46.345140" lon="12.220570"><ele>1088.0</ele></trkpt>
   <trkpt lat="46.345210" lon="12.220460"><ele>1090.0</ele></trkpt>
   <trkpt lat="46.345280" lon="12.220290"><ele>1089.0</ele></trkpt>
   <trkpt lat="46.345350" lon="12.219950"><ele>1091.0</ele></trkpt>
   <trkpt lat="46.345460" lon="12.219870"><ele>1092.0</ele></trkpt>
   <trkpt lat="46.345700" lon="12.219790"><ele>1097.0</ele></trkpt>
   <trkpt lat="46.345770" lon="12.219650"><ele>1099.0</ele></trkpt>
   <trkpt lat="46.345830" lon="12.219610"><ele>1100.0</ele></trkpt>
   <trkpt lat="46.345910" lon="12.219450"><ele>1099.0</ele></trkpt>
   <trkpt lat="46.346110" lon="12.219420"><ele>1101.0</ele></trkpt>
   <trkpt lat="46.346170" lon="12.219370"><ele>1101.0</ele></trkpt>
   <trkpt lat="46.346230" lon="12.219290"><ele>1103.0</ele></trkpt>
   <trkpt lat="46.346300" lon="12.219300"><ele>1103.0</ele></trkpt>
   <trkpt lat="46.346490" lon="12.219020"><ele>1111.0</ele></trkpt>
   <trkpt lat="46.346490" lon="12.218810"><ele>1111.0</ele></trkpt>
   <trkpt lat="46.346600" lon="12.218870"><ele>1115.0</ele></trkpt>
   <trkpt lat="46.346730" lon="12.218870"><ele>1121.0</ele></trkpt>
   <trkpt lat="46.346940" lon="12.219020"><ele>1127.0</ele></trkpt>
   <trkpt lat="46.347170" lon="12.218940"><ele>1131.0</ele></trkpt>
   <trkpt lat="46.347280" lon="12.218780"><ele>1131.0</ele></trkpt>
   <trkpt lat="46.347310" lon="12.218510"><ele>1133.0</ele></trkpt>
   <trkpt lat="46.347340" lon="12.218170"><ele>1133.0</ele></trkpt>
   <trkpt lat="46.347290" lon="12.217820"><ele>1133.0</ele></trkpt>
   <trkpt lat="46.347330" lon="12.217430"><ele>1143.0</ele></trkpt>
   <trkpt lat="46.347360" lon="12.217280"><ele>1144.0</ele></trkpt>
   <trkpt lat="46.347450" lon="12.217060"><ele>1144.0</ele></trkpt>
   <trkpt lat="46.347560" lon="12.216570"><ele>1143.0</ele></trkpt>
   <trkpt lat="46.347600" lon="12.216070"><ele>1143.0</ele></trkpt>
   <trkpt lat="46.347470" lon="12.215800"><ele>1143.0</ele></trkpt>
   <trkpt lat="46.347380" lon="12.215450"><ele>1144.0</ele></trkpt>
   <trkpt lat="46.347350" lon="12.215220"><ele>1145.0</ele></trkpt>
   <trkpt lat="46.347400" lon="12.215050"><ele>1144.0</ele></trkpt>
   <trkpt lat="46.347350" lon="12.214750"><ele>1147.0</ele></trkpt>
   <trkpt lat="46.347380" lon="12.214580"><ele>1145.0</ele></trkpt>
   <trkpt lat="46.347320" lon="12.214310"><ele>1147.0</ele></trkpt>
   <trkpt lat="46.347250" lon="12.214000"><ele>1148.0</ele></trkpt>
   <trkpt lat="46.347170" lon="12.213780"><ele>1145.0</ele></trkpt>
   <trkpt lat="46.347130" lon="12.213400"><ele>1146.0</ele></trkpt>
   <trkpt lat="46.347080" lon="12.213210"><ele>1147.0</ele></trkpt>
   <trkpt lat="46.346980" lon="12.212970"><ele>1151.0</ele></trkpt>
   <trkpt lat="46.346950" lon="12.212710"><ele>1149.0</ele></trkpt>
   <trkpt lat="46.346950" lon="12.212340"><ele>1153.0</ele></trkpt>
   <trkpt lat="46.346780" lon="12.211870"><ele>1152.0</ele></trkpt>
   <trkpt lat="46.346690" lon="12.211520"><ele>1152.0</ele></trkpt>
   <trkpt lat="46.346590" lon="12.211100"><ele>1151.0</ele></trkpt>
   <trkpt lat="46.346490" lon="12.210950"><ele>1146.0</ele></trkpt>
   <trkpt lat="46.346440" lon="12.210750"><ele>1154.0</ele></trkpt>
   <trkpt lat="46.346440" lon="12.210640"><ele>1150.0</ele></trkpt>
   <trkpt lat="46.346490" lon="12.210530"><ele>1150.0</ele></trkpt>
   <trkpt lat="46.346510" lon="12.210370"><ele>1150.0</ele></trkpt>
   <trkpt lat="46.346390" lon="12.210070"><ele>1149.0</ele></trkpt>
   <trkpt lat="46.346370" lon="12.209800"><ele>1148.0</ele></trkpt>
   <trkpt lat="46.346300" lon="12.209660"><ele>1146.0</ele></trkpt>
   <trkpt lat="46.346280" lon="12.209500"><ele>1148.0</ele></trkpt>
   <trkpt lat="46.346200" lon="12.209300"><ele>1151.0</ele></trkpt>
   <trkpt lat="46.346110" lon="12.209190"><ele>1150.0</ele></trkpt>
   <trkpt lat="46.346010" lon="12.208990"><ele>1154.0</ele></trkpt>
   <trkpt lat="46.345960" lon="12.208630"><ele>1152.0</ele></trkpt>
   <trkpt lat="46.345900" lon="12.208290"><ele>1151.0</ele></trkpt>
   <trkpt lat="46.345850" lon="12.207930"><ele>1151.0</ele></trkpt>
   <trkpt lat="46.345740" lon="12.207650"><ele>1147.0</ele></trkpt>
   <trkpt lat="46.345740" lon="12.207330"><ele>1147.0</ele></trkpt>
   <trkpt lat="46.345810" lon="12.206820"><ele>1146.0</ele></trkpt>
   <trkpt lat="46.345820" lon="12.206410"><ele>1146.0</ele></trkpt>
   <trkpt lat="46.345890" lon="12.205800"><ele>1136.0</ele></trkpt>
   <trkpt lat="46.346030" lon="12.205660"><ele>1139.0</ele></trkpt>
   <trkpt lat="46.346050" lon="12.205600"><ele>1134.0</ele></trkpt>
   <trkpt lat="46.346090" lon="12.205570"><ele>1134.0</ele></trkpt>
   <trkpt lat="46.346150" lon="12.205590"><ele>1137.0</ele></trkpt>
   <trkpt lat="46.346180" lon="12.205480"><ele>1131.0</ele></trkpt>
   <trkpt lat="46.346250" lon="12.205470"><ele>1136.0</ele></trkpt>
   <trkpt lat="46.346280" lon="12.205430"><ele>1136.0</ele></trkpt>
   <trkpt lat="46.346260" lon="12.205330"><ele>1131.0</ele></trkpt>
   <trkpt lat="46.346310" lon="12.205180"><ele>1130.0</ele></trkpt>
   <trkpt lat="46.346350" lon="12.205160"><ele>1130.0</ele></trkpt>
   <trkpt lat="46.346410" lon="12.205030"><ele>1131.0</ele></trkpt>
   <trkpt lat="46.346400" lon="12.205000"><ele>1119.0</ele></trkpt>
   <trkpt lat="46.346350" lon="12.205000"><ele>1126.0</ele></trkpt>
   <trkpt lat="46.346340" lon="12.204970"><ele>1119.0</ele></trkpt>
   <trkpt lat="46.346390" lon="12.204960"><ele>1119.0</ele></trkpt>
   <trkpt lat="46.346440" lon="12.204910"><ele>1126.0</ele></trkpt>
   <trkpt lat="46.346410" lon="12.204860"><ele>1123.0</ele></trkpt>
   <trkpt lat="46.346450" lon="12.204840"><ele>1123.0</ele></trkpt>
   <trkpt lat="46.346410" lon="12.204810"><ele>1123.0</ele></trkpt>
   <trkpt lat="46.346410" lon="12.204770"><ele>1118.0</ele></trkpt>
   <trkpt lat="46.346550" lon="12.204580"><ele>1117.0</ele></trkpt>
   <trkpt lat="46.346570" lon="12.204500"><ele>1114.0</ele></trkpt>
   <trkpt lat="46.346550" lon="12.204450"><ele>1114.0</ele></trkpt>
   <trkpt lat="46.346620" lon="12.204350"><ele>1116.0</ele></trkpt>
   <trkpt lat="46.346620" lon="12.204240"><ele>1113.0</ele></trkpt>
   <trkpt lat="46.346760" lon="12.204150"><ele>1114.0</ele></trkpt>
   <trkpt lat="46.346810" lon="12.204070"><ele>1112.0</ele></trkpt>
   <trkpt lat="46.347040" lon="12.203940"><ele>1111.0</ele></trkpt>
   <trkpt lat="46.347050" lon="12.203920"><ele>1111.0</ele></trkpt>
   <trkpt lat="46.346960" lon="12.203840"><ele>1105.0</ele></trkpt>
   <trkpt lat="46.347010" lon="12.203790"><ele>1104.0</ele></trkpt>
   <trkpt lat="46.347040" lon="12.203640"><ele>1101.0</ele></trkpt>
   <trkpt lat="46.347020" lon="12.203510"><ele>1099.0</ele></trkpt>
   <trkpt lat="46.347050" lon="12.203470"><ele>1097.0</ele></trkpt>
   <trkpt lat="46.347030" lon="12.203450"><ele>1097.0</ele></trkpt>
   <trkpt lat="46.346960" lon="12.203520"><ele>1095.0</ele></trkpt>
   <trkpt lat="46.346940" lon="12.203470"><ele>1092.0</ele></trkpt>
   <trkpt lat="46.346950" lon="12.203390"><ele>1090.0</ele></trkpt>
   <trkpt lat="46.346900" lon="12.203410"><ele>1089.0</ele></trkpt>
   <trkpt lat="46.346920" lon="12.203320"><ele>1090.0</ele></trkpt>
   <trkpt lat="46.346950" lon="12.203280"><ele>1088.0</ele></trkpt>
   <trkpt lat="46.346930" lon="12.203240"><ele>1088.0</ele></trkpt>
   <trkpt lat="46.346910" lon="12.203270"><ele>1088.0</ele></trkpt>
   <trkpt lat="46.346920" lon="12.203210"><ele>1088.0</ele></trkpt>
   <trkpt lat="46.346900" lon="12.203080"><ele>1084.0</ele></trkpt>
   <trkpt lat="46.346840" lon="12.203030"><ele>1084.0</ele></trkpt>
   <trkpt lat="46.346800" lon="12.202810"><ele>1078.0</ele></trkpt>
   <trkpt lat="46.346820" lon="12.202700"><ele>1074.0</ele></trkpt>
   <trkpt lat="46.346920" lon="12.202630"><ele>1078.0</ele></trkpt>
   <trkpt lat="46.346950" lon="12.202490"><ele>1071.0</ele></trkpt>
   <trkpt lat="46.347000" lon="12.202400"><ele>1068.0</ele></trkpt>
   <trkpt lat="46.347200" lon="12.202260"><ele>1075.0</ele></trkpt>
   <trkpt lat="46.347270" lon="12.202270"><ele>1072.0</ele></trkpt>
   <trkpt lat="46.347440" lon="12.202170"><ele>1072.0</ele></trkpt>
   <trkpt lat="46.347560" lon="12.202200"><ele>1074.0</ele></trkpt>
   <trkpt lat="46.347690" lon="12.202080"><ele>1072.0</ele></trkpt>
   <trkpt lat="46.347780" lon="12.202100"><ele>1077.0</ele></trkpt>
   <trkpt lat="46.347870" lon="12.202000"><ele>1078.0</ele></trkpt>
   <trkpt lat="46.347890" lon="12.202000"><ele>1078.0</ele></trkpt>
   <trkpt lat="46.347950" lon="12.202090"><ele>1082.0</ele></trkpt>
   <trkpt lat="46.348040" lon="12.202120"><ele>1084.0</ele></trkpt>
   <trkpt lat="46.348110" lon="12.202460"><ele>1085.0</ele></trkpt>
   <trkpt lat="46.348280" lon="12.202500"><ele>1089.0</ele></trkpt>
   <trkpt lat="46.348360" lon="12.202470"><ele>1085.0</ele></trkpt>
   <trkpt lat="46.348580" lon="12.202320"><ele>1085.0</ele></trkpt>
   <trkpt lat="46.348810" lon="12.202170"><ele>1085.0</ele></trkpt>
   <trkpt lat="46.349140" lon="12.202070"><ele>1084.0</ele></trkpt>
   <trkpt lat="46.349330" lon="12.201870"><ele>1084.0</ele></trkpt>
   <trkpt lat="46.349530" lon="12.201680"><ele>1083.0</ele></trkpt>
   <trkpt lat="46.349860" lon="12.201460"><ele>1083.0</ele></trkpt>
   <trkpt lat="46.350150" lon="12.201520"><ele>1083.0</ele></trkpt>
   <trkpt lat="46.350270" lon="12.201510"><ele>1085.0</ele></trkpt>
   <trkpt lat="46.350410" lon="12.201380"><ele>1083.0</ele></trkpt>
   <trkpt lat="46.350720" lon="12.201320"><ele>1082.0</ele></trkpt>
   <trkpt lat="46.350920" lon="12.201430"><ele>1082.0</ele></trkpt>
   <trkpt lat="46.351040" lon="12.201390"><ele>1079.0</ele></trkpt>
   <trkpt lat="46.351310" lon="12.201390"><ele>1075.0</ele></trkpt>
   <trkpt lat="46.351420" lon="12.201430"><ele>1077.0</ele></trkpt>
   <trkpt lat="46.351500" lon="12.201380"><ele>1075.0</ele></trkpt>
   <trkpt lat="46.351610" lon="12.201380"><ele>1076.0</ele></trkpt>
   <trkpt lat="46.351900" lon="12.201570"><ele>1082.0</ele></trkpt>
   <trkpt lat="46.351990" lon="12.201600"><ele>1084.0</ele></trkpt>
   <trkpt lat="46.352170" lon="12.201570"><ele>1090.0</ele></trkpt>
   <trkpt lat="46.352370" lon="12.201650"><ele>1098.0</ele></trkpt>
   <trkpt lat="46.352430" lon="12.201640"><ele>1113.0</ele></trkpt>
   <trkpt lat="46.352510" lon="12.201350"><ele>1096.0</ele></trkpt>
   <trkpt lat="46.352590" lon="12.201040"><ele>1100.0</ele></trkpt>
   <trkpt lat="46.352770" lon="12.200930"><ele>1105.0</ele></trkpt>
   <trkpt lat="46.352810" lon="12.200790"><ele>1106.0</ele></trkpt>
   <trkpt lat="46.352880" lon="12.200790"><ele>1106.0</ele></trkpt>
   <trkpt lat="46.352970" lon="12.200660"><ele>1109.0</ele></trkpt>
   <trkpt lat="46.353020" lon="12.200530"><ele>1112.0</ele></trkpt>
   <trkpt lat="46.353140" lon="12.200460"><ele>1110.0</ele></trkpt>
   <trkpt lat="46.353280" lon="12.200090"><ele>1109.0</ele></trkpt>
   <trkpt lat="46.353260" lon="12.199940"><ele>1111.0</ele></trkpt>
   <trkpt lat="46.353280" lon="12.199830"><ele>1110.0</ele></trkpt>
   <trkpt lat="46.353250" lon="12.199680"><ele>1108.0</ele></trkpt>
   <trkpt lat="46.353290" lon="12.199360"><ele>1109.0</ele></trkpt>
   <trkpt lat="46.353320" lon="12.199230"><ele>1109.0</ele></trkpt>
   <trkpt lat="46.353380" lon="12.199200"><ele>1108.0</ele></trkpt>
   <trkpt lat="46.353660" lon="12.199280"><ele>1110.0</ele></trkpt>
   <trkpt lat="46.353940" lon="12.199360"><ele>1118.0</ele></trkpt>
   <trkpt lat="46.354350" lon="12.199470"><ele>1129.0</ele></trkpt>
   <trkpt lat="46.354590" lon="12.199570"><ele>1134.0</ele></trkpt>
   <trkpt lat="46.354870" lon="12.199680"><ele>1140.0</ele></trkpt>
   <trkpt lat="46.355160" lon="12.199760"><ele>1147.0</ele></trkpt>
   <trkpt lat="46.355400" lon="12.199830"><ele>1151.0</ele></trkpt>
   <trkpt lat="46.355670" lon="12.199910"><ele>1153.0</ele></trkpt>
   <trkpt lat="46.355740" lon="12.199960"><ele>1151.0</ele></trkpt>
   <trkpt lat="46.355790" lon="12.200250"><ele>1157.0</ele></trkpt>
   <trkpt lat="46.355820" lon="12.200820"><ele>1172.0</ele></trkpt>
   <trkpt lat="46.355980" lon="12.201340"><ele>1174.0</ele></trkpt>
   <trkpt lat="46.355990" lon="12.201860"><ele>1175.0</ele></trkpt>
   <trkpt lat="46.356090" lon="12.202090"><ele>1166.0</ele></trkpt>
   <trkpt lat="46.356220" lon="12.202250"><ele>1162.0</ele></trkpt>
   <trkpt lat="46.356360" lon="12.202300"><ele>1158.0</ele></trkpt>
   <trkpt lat="46.356420" lon="12.202260"><ele>1155.0</ele></trkpt>
   <trkpt lat="46.356440" lon="12.202210"><ele>1155.0</ele></trkpt>
   <trkpt lat="46.356420" lon="12.201810"><ele>1154.0</ele></trkpt>
   <trkpt lat="46.356420" lon="12.201620"><ele>1155.0</ele></trkpt>
   <trkpt lat="46.356440" lon="12.201570"><ele>1154.0</ele></trkpt>
   <trkpt lat="46.356520" lon="12.201540"><ele>1150.0</ele></trkpt>
   <trkpt lat="46.356580" lon="12.201570"><ele>1150.0</ele></trkpt>
   <trkpt lat="46.356740" lon="12.201690"><ele>1139.0</ele></trkpt>
   <trkpt lat="46.356870" lon="12.201840"><ele>1136.0</ele></trkpt>
   <trkpt lat="46.356920" lon="12.201790"><ele>1130.0</ele></trkpt>
   <trkpt lat="46.356940" lon="12.201510"><ele>1130.0</ele></trkpt>
   <trkpt lat="46.356990" lon="12.201270"><ele>1129.0</ele></trkpt>
   <trkpt lat="46.356990" lon="12.201060"><ele>1128.0</ele></trkpt>
   <trkpt lat="46.356990" lon="12.200840"><ele>1123.0</ele></trkpt>
   <trkpt lat="46.356970" lon="12.200690"><ele>1119.0</ele></trkpt>
   <trkpt lat="46.356870" lon="12.200400"><ele>1117.0</ele></trkpt>
   <trkpt lat="46.356810" lon="12.200100"><ele>1114.0</ele></trkpt>
   <trkpt lat="46.356810" lon="12.200000"><ele>1113.0</ele></trkpt>
   <trkpt lat="46.356880" lon="12.199760"><ele>1108.0</ele></trkpt>
   <trkpt lat="46.356970" lon="12.199290"><ele>1089.0</ele></trkpt>
   <trkpt lat="46.357020" lon="12.199140"><ele>1083.0</ele></trkpt>
   <trkpt lat="46.357040" lon="12.198800"><ele>1076.0</ele></trkpt>
   <trkpt lat="46.357080" lon="12.198600"><ele>1073.0</ele></trkpt>
   <trkpt lat="46.357080" lon="12.198370"><ele>1070.0</ele></trkpt>
   <trkpt lat="46.357090" lon="12.198130"><ele>1067.0</ele></trkpt>
   <trkpt lat="46.357160" lon="12.197910"><ele>1060.0</ele></trkpt>
   <trkpt lat="46.357140" lon="12.197780"><ele>1057.0</ele></trkpt>
   <trkpt lat="46.357160" lon="12.197430"><ele>1052.0</ele></trkpt>
   <trkpt lat="46.357180" lon="12.197060"><ele>1045.0</ele></trkpt>
   <trkpt lat="46.357160" lon="12.196750"><ele>1043.0</ele></trkpt>
   <trkpt lat="46.356990" lon="12.196480"><ele>1043.0</ele></trkpt>
   <trkpt lat="46.356780" lon="12.196150"><ele>1044.0</ele></trkpt>
   <trkpt lat="46.356690" lon="12.195890"><ele>1044.0</ele></trkpt>
   <trkpt lat="46.356660" lon="12.195600"><ele>1039.0</ele></trkpt>
   <trkpt lat="46.356690" lon="12.195120"><ele>1033.0</ele></trkpt>
   <trkpt lat="46.356620" lon="12.194770"><ele>1027.0</ele></trkpt>
   <trkpt lat="46.356530" lon="12.194350"><ele>1025.0</ele></trkpt>
   <trkpt lat="46.356450" lon="12.194140"><ele>1025.0</ele></trkpt>
   <trkpt lat="46.356440" lon="12.194030"><ele>1022.0</ele></trkpt>
   <trkpt lat="46.356450" lon="12.193880"><ele>1017.0</ele></trkpt>
   <trkpt lat="46.356510" lon="12.193660"><ele>1009.0</ele></trkpt>
   <trkpt lat="46.356500" lon="12.193580"><ele>1010.0</ele></trkpt>
   <trkpt lat="46.356450" lon="12.193410"><ele>1007.0</ele></trkpt>
   <trkpt lat="46.356310" lon="12.193260"><ele>1006.0</ele></trkpt>
   <trkpt lat="46.356280" lon="12.193140"><ele>1008.0</ele></trkpt>
   <trkpt lat="46.356300" lon="12.192920"><ele>1003.0</ele></trkpt>
   <trkpt lat="46.356350" lon="12.192750"><ele>995.0</ele></trkpt>
   <trkpt lat="46.356460" lon="12.192470"><ele>986.0</ele></trkpt>
   <trkpt lat="46.356530" lon="12.192390"><ele>980.0</ele></trkpt>
   <trkpt lat="46.356560" lon="12.192250"><ele>984.0</ele></trkpt>
   <trkpt lat="46.356540" lon="12.192130"><ele>977.0</ele></trkpt>
   <trkpt lat="46.356380" lon="12.192020"><ele>982.0</ele></trkpt>
   <trkpt lat="46.356360" lon="12.191990"><ele>982.0</ele></trkpt>
   <trkpt lat="46.356370" lon="12.191890"><ele>981.0</ele></trkpt>
   <trkpt lat="46.356430" lon="12.191830"><ele>977.0</ele></trkpt>
   <trkpt lat="46.356460" lon="12.191630"><ele>975.0</ele></trkpt>
   <trkpt lat="46.356580" lon="12.191530"><ele>970.0</ele></trkpt>
   <trkpt lat="46.356600" lon="12.191390"><ele>968.0</ele></trkpt>
   <trkpt lat="46.356470" lon="12.190940"><ele>965.0</ele></trkpt>
   <trkpt lat="46.356470" lon="12.190670"><ele>958.0</ele></trkpt>
   <trkpt lat="46.356440" lon="12.190440"><ele>953.0</ele></trkpt>
   <trkpt lat="46.356380" lon="12.190370"><ele>953.0</ele></trkpt>
   <trkpt lat="46.356310" lon="12.190210"><ele>950.0</ele></trkpt>
   <trkpt lat="46.356090" lon="12.190170"><ele>950.0</ele></trkpt>
   <trkpt lat="46.355680" lon="12.190000"><ele>946.0</ele></trkpt>
   <trkpt lat="46.355540" lon="12.189930"><ele>947.0</ele></trkpt>
   <trkpt lat="46.355380" lon="12.189770"><ele>939.0</ele></trkpt>
   <trkpt lat="46.355280" lon="12.189720"><ele>934.0</ele></trkpt>
   <trkpt lat="46.355090" lon="12.189700"><ele>922.0</ele></trkpt>
   <trkpt lat="46.354900" lon="12.189680"><ele>921.0</ele></trkpt>
   <trkpt lat="46.354610" lon="12.189520"><ele>919.0</ele></trkpt>
   <trkpt lat="46.354530" lon="12.189380"><ele>913.0</ele></trkpt>
   <trkpt lat="46.354560" lon="12.189240"><ele>910.0</ele></trkpt>
   <trkpt lat="46.354690" lon="12.189130"><ele>907.0</ele></trkpt>
   <trkpt lat="46.354790" lon="12.188920"><ele>905.0</ele></trkpt>
   <trkpt lat="46.355100" lon="12.188670"><ele>896.0</ele></trkpt>
   <trkpt lat="46.355420" lon="12.188280"><ele>873.0</ele></trkpt>
   <trkpt lat="46.355540" lon="12.188170"><ele>864.0</ele></trkpt>
   <trkpt lat="46.355640" lon="12.188040"><ele>862.0</ele></trkpt>
   <trkpt lat="46.355740" lon="12.187820"><ele>861.0</ele></trkpt>
   <trkpt lat="46.355960" lon="12.187820"><ele>862.0</ele></trkpt>
   <trkpt lat="46.356300" lon="12.187820"><ele>861.0</ele></trkpt>
   <trkpt lat="46.356590" lon="12.187800"><ele>861.0</ele></trkpt>
   <trkpt lat="46.356830" lon="12.187780"><ele>862.0</ele></trkpt>
   <trkpt lat="46.357080" lon="12.187770"><ele>863.0</ele></trkpt>
   <trkpt lat="46.357110" lon="12.187650"><ele>865.0</ele></trkpt>
   <trkpt lat="46.357090" lon="12.187500"><ele>865.0</ele></trkpt>
   <trkpt lat="46.356750" lon="12.187050"><ele>865.0</ele></trkpt>
   <trkpt lat="46.356640" lon="12.186960"><ele>866.0</ele></trkpt>
   <trkpt lat="46.356390" lon="12.186830"><ele>864.0</ele></trkpt>
   <trkpt lat="46.356170" lon="12.186710"><ele>869.0</ele></trkpt>
   <trkpt lat="46.355920" lon="12.186590"><ele>868.0</ele></trkpt>
   <trkpt lat="46.355560" lon="12.186590"><ele>867.0</ele></trkpt>
   <trkpt lat="46.355370" lon="12.186550"><ele>867.0</ele></trkpt>
   <trkpt lat="46.355070" lon="12.186340"><ele>868.0</ele></trkpt>
   <trkpt lat="46.354790" lon="12.186160"><ele>872.0</ele></trkpt>
   <trkpt lat="46.354560" lon="12.186000"><ele>874.0</ele></trkpt>
   <trkpt lat="46.354280" lon="12.185820"><ele>882.0</ele></trkpt>
   <trkpt lat="46.354050" lon="12.185690"><ele>890.0</ele></trkpt>
   <trkpt lat="46.353800" lon="12.185540"><ele>891.0</ele></trkpt>
   <trkpt lat="46.353690" lon="12.185450"><ele>891.0</ele></trkpt>
   <trkpt lat="46.353590" lon="12.185300"><ele>891.0</ele></trkpt>
   <trkpt lat="46.353330" lon="12.185320"><ele>890.0</ele></trkpt>
   <trkpt lat="46.352900" lon="12.185390"><ele>890.0</ele></trkpt>
   <trkpt lat="46.352820" lon="12.185380"><ele>890.0</ele></trkpt>
   <trkpt lat="46.352690" lon="12.185270"><ele>890.0</ele></trkpt>
   <trkpt lat="46.352510" lon="12.185440"><ele>889.0</ele></trkpt>
   <trkpt lat="46.352410" lon="12.185430"><ele>888.0</ele></trkpt>
   <trkpt lat="46.352320" lon="12.185380"><ele>889.0</ele></trkpt>
   <trkpt lat="46.352210" lon="12.185730"><ele>886.0</ele></trkpt>
   <trkpt lat="46.351830" lon="12.185690"><ele>884.0</ele></trkpt>
   <trkpt lat="46.351550" lon="12.185690"><ele>883.0</ele></trkpt>
   <trkpt lat="46.351120" lon="12.185700"><ele>880.0</ele></trkpt>
   <trkpt lat="46.350880" lon="12.185680"><ele>880.0</ele></trkpt>
   <trkpt lat="46.350640" lon="12.185650"><ele>879.0</ele></trkpt>
   <trkpt lat="46.350390" lon="12.185710"><ele>877.0</ele></trkpt>
   <trkpt lat="46.350070" lon="12.185780"><ele>876.0</ele></trkpt>
   <trkpt lat="46.349900" lon="12.185860"><ele>874.0</ele></trkpt>
   <trkpt lat="46.349820" lon="12.185470"><ele>875.0</ele></trkpt>
   <trkpt lat="46.349740" lon="12.185090"><ele>875.0</ele></trkpt>
   <trkpt lat="46.349620" lon="12.184520"><ele>878.0</ele></trkpt>
   <trkpt lat="46.349430" lon="12.184230"><ele>880.0</ele></trkpt>
   <trkpt lat="46.349160" lon="12.183810"><ele>880.0</ele></trkpt>
   <trkpt lat="46.348810" lon="12.183730"><ele>880.0</ele></trkpt>
   <trkpt lat="46.348480" lon="12.183590"><ele>881.0</ele></trkpt>
   <trkpt lat="46.348240" lon="12.183380"><ele>881.0</ele></trkpt>
   <trkpt lat="46.347990" lon="12.183170"><ele>882.0</ele></trkpt>
   <trkpt lat="46.347790" lon="12.183000"><ele>882.0</ele></trkpt>
   <trkpt lat="46.347580" lon="12.182830"><ele>882.0</ele></trkpt>
   <trkpt lat="46.347400" lon="12.182640"><ele>882.0</ele></trkpt>
   <trkpt lat="46.347120" lon="12.182450"><ele>879.0</ele></trkpt>
   <trkpt lat="46.346870" lon="12.182350"><ele>877.0</ele></trkpt>
   <trkpt lat="46.346790" lon="12.182300"><ele>874.0</ele></trkpt>
   <trkpt lat="46.346790" lon="12.182260"><ele>874.0</ele></trkpt>
   <trkpt lat="46.346830" lon="12.182110"><ele>877.0</ele></trkpt>
   <trkpt lat="46.346840" lon="12.181900"><ele>877.0</ele></trkpt>
   <trkpt lat="46.346860" lon="12.181670"><ele>876.0</ele></trkpt>
   <trkpt lat="46.346960" lon="12.181310"><ele>876.0</ele></trkpt>
   <trkpt lat="46.347100" lon="12.180820"><ele>871.0</ele></trkpt>
   <trkpt lat="46.347210" lon="12.180250"><ele>867.0</ele></trkpt>
   <trkpt lat="46.347040" lon="12.179860"><ele>863.0</ele></trkpt>
   <trkpt lat="46.346880" lon="12.179310"><ele>860.0</ele></trkpt>
   <trkpt lat="46.346820" lon="12.178950"><ele>858.0</ele></trkpt>
   <trkpt lat="46.346740" lon="12.178510"><ele>857.0</ele></trkpt>
   <trkpt lat="46.346620" lon="12.178210"><ele>856.0</ele></trkpt>
   <trkpt lat="46.346490" lon="12.177910"><ele>852.0</ele></trkpt>
   <trkpt lat="46.346450" lon="12.177750"><ele>854.0</ele></trkpt>
   <trkpt lat="46.346340" lon="12.177460"><ele>852.0</ele></trkpt>
   <trkpt lat="46.346190" lon="12.177050"><ele>845.0</ele></trkpt>
   <trkpt lat="46.346170" lon="12.176890"><ele>843.0</ele></trkpt>
   <trkpt lat="46.346200" lon="12.176820"><ele>843.0</ele></trkpt>
   <trkpt lat="46.346200" lon="12.176770"><ele>844.0</ele></trkpt>
   <trkpt lat="46.346220" lon="12.176650"><ele>844.0</ele></trkpt>
   <trkpt lat="46.346210" lon="12.176590"><ele>845.0</ele></trkpt>
   <trkpt lat="46.346150" lon="12.176370"><ele>844.0</ele></trkpt>
   <trkpt lat="46.346110" lon="12.176050"><ele>843.0</ele></trkpt>
   <trkpt lat="46.346050" lon="12.176030"><ele>842.0</ele></trkpt>
   <trkpt lat="46.345990" lon="12.176410"><ele>841.0</ele></trkpt>
   <trkpt lat="46.345960" lon="12.176650"><ele>841.0</ele></trkpt>
   <trkpt lat="46.345930" lon="12.177050"><ele>841.0</ele></trkpt>
  </trkseg>
 </trk>
</gpx>
