<?xml version="1.0" encoding="UTF-8"?>
<gpx creator="StravaGPX" version="1.1" xmlns="http://www.topografix.com/GPX/1/1" xmlns:xsi="http://www.w3.org/2001/XMLSchema-instance" xsi:schemaLocation="http://www.topografix.com/GPX/1/1 http://www.topografix.com/GPX/1/1/gpx.xsd">
 <metadata>
  <name>FUSKY 30K 2026</name>
  <author>
   <name>Andrea Tomè 🚀</name>
   <link href="https://www.strava.com/athletes/363427"/>
  </author>
  <copyright author="OpenStreetMap contributors">
   <year>2020</year>
   <license>https://www.openstreetmap.org/copyright</license>
  </copyright>
  <link href="https://www.strava.com/routes/3433896077466080720"/>
 </metadata>
 <trk>
  <name>FUSKY 30K 2026</name>
  <link href="https://www.strava.com/routes/3433896077466080720"/>
  <type>trail_running</type>
  <trkseg>
   <trkpt lat="46.290690000000005" lon="11.46273">
    <ele>999.92</ele>
   </trkpt>
   <trkpt lat="46.29095" lon="11.46183">
    <ele>998.72</ele>
   </trkpt>
   <trkpt lat="46.29111" lon="11.461310000000001">
    <ele>998.3400000000001</ele>
   </trkpt>
   <trkpt lat="46.29124" lon="11.46081">
    <ele>997.8000000000001</ele>
   </trkpt>
   <trkpt lat="46.29126" lon="11.460540000000002">
    <ele>997.5100000000001</ele>
   </trkpt>
   <trkpt lat="46.291360000000005" lon="11.460350000000002">
    <ele>997.71</ele>
   </trkpt>
   <trkpt lat="46.291630000000005" lon="11.460080000000001">
    <ele>998.99</ele>
   </trkpt>
   <trkpt lat="46.29166" lon="11.46">
    <ele>998.99</ele>
   </trkpt>
   <trkpt lat="46.29178" lon="11.4601">
    <ele>999.99</ele>
   </trkpt>
   <trkpt lat="46.29178" lon="11.460130000000001">
    <ele>999.99</ele>
   </trkpt>
   <trkpt lat="46.29196" lon="11.460130000000001">
    <ele>1002.2900000000001</ele>
   </trkpt>
   <trkpt lat="46.29216" lon="11.460170000000002">
    <ele>1005.3700000000001</ele>
   </trkpt>
   <trkpt lat="46.292300000000004" lon="11.460270000000001">
    <ele>1007.44</ele>
   </trkpt>
   <trkpt lat="46.292440000000006" lon="11.460410000000001">
    <ele>1008.7099999999999</ele>
   </trkpt>
   <trkpt lat="46.29263" lon="11.460460000000001">
    <ele>1009.8</ele>
   </trkpt>
   <trkpt lat="46.292460000000005" lon="11.46127">
    <ele>1015.05</ele>
   </trkpt>
   <trkpt lat="46.29238" lon="11.46197">
    <ele>1018.54</ele>
   </trkpt>
   <trkpt lat="46.292410000000004" lon="11.462200000000001">
    <ele>1022.0</ele>
   </trkpt>
   <trkpt lat="46.292330003401304" lon="11.46308500143296">
    <ele>1027.7</ele>
   </trkpt>
   <trkpt lat="46.29225" lon="11.463970000000002">
    <ele>1035.7</ele>
   </trkpt>
   <trkpt lat="46.292" lon="11.46489">
    <ele>1043.9</ele>
   </trkpt>
   <trkpt lat="46.291990000000006" lon="11.465050000000002">
    <ele>1046.5900000000001</ele>
   </trkpt>
   <trkpt lat="46.29205" lon="11.465110000000001">
    <ele>1046.5900000000001</ele>
   </trkpt>
   <trkpt lat="46.29258" lon="11.464210000000001">
    <ele>1056.0500000000002</ele>
   </trkpt>
   <trkpt lat="46.29271000000001" lon="11.464120000000001">
    <ele>1059.74</ele>
   </trkpt>
   <trkpt lat="46.29278" lon="11.46413">
    <ele>1059.74</ele>
   </trkpt>
   <trkpt lat="46.292770000000004" lon="11.464500000000001">
    <ele>1062.4</ele>
   </trkpt>
   <trkpt lat="46.29269" lon="11.46512">
    <ele>1066.43</ele>
   </trkpt>
   <trkpt lat="46.29274" lon="11.46593">
    <ele>1072.66</ele>
   </trkpt>
   <trkpt lat="46.29274" lon="11.466270000000002">
    <ele>1073.91</ele>
   </trkpt>
   <trkpt lat="46.29281" lon="11.46662">
    <ele>1074.1000000000001</ele>
   </trkpt>
   <trkpt lat="46.29287" lon="11.466790000000001">
    <ele>1074.15</ele>
   </trkpt>
   <trkpt lat="46.29319" lon="11.4671">
    <ele>1074.94</ele>
   </trkpt>
   <trkpt lat="46.29341" lon="11.46728">
    <ele>1074.92</ele>
   </trkpt>
   <trkpt lat="46.293890000000005" lon="11.467910000000002">
    <ele>1076.81</ele>
   </trkpt>
   <trkpt lat="46.294230000000006" lon="11.468660000000002">
    <ele>1083.3300000000002</ele>
   </trkpt>
   <trkpt lat="46.2944" lon="11.46921">
    <ele>1085.7100000000003</ele>
   </trkpt>
   <trkpt lat="46.294560000000004" lon="11.46986">
    <ele>1091.3700000000001</ele>
   </trkpt>
   <trkpt lat="46.29467" lon="11.470220000000001">
    <ele>1094.15</ele>
   </trkpt>
   <trkpt lat="46.29486000000001" lon="11.47062">
    <ele>1095.79</ele>
   </trkpt>
   <trkpt lat="46.294900000000005" lon="11.47075">
    <ele>1095.4700000000003</ele>
   </trkpt>
   <trkpt lat="46.29513" lon="11.471200000000001">
    <ele>1093.5600000000002</ele>
   </trkpt>
   <trkpt lat="46.295350000000006" lon="11.47203">
    <ele>1088.39</ele>
   </trkpt>
   <trkpt lat="46.29538" lon="11.47222">
    <ele>1087.39</ele>
   </trkpt>
   <trkpt lat="46.295350000000006" lon="11.472760000000001">
    <ele>1085.9800000000002</ele>
   </trkpt>
   <trkpt lat="46.295300000000005" lon="11.4731">
    <ele>1085.32</ele>
   </trkpt>
   <trkpt lat="46.29529" lon="11.473310000000001">
    <ele>1085.18</ele>
   </trkpt>
   <trkpt lat="46.29536" lon="11.47344">
    <ele>1085.02</ele>
   </trkpt>
   <trkpt lat="46.295440000000006" lon="11.473540000000002">
    <ele>1084.7600000000002</ele>
   </trkpt>
   <trkpt lat="46.29553000000001" lon="11.47358">
    <ele>1084.46</ele>
   </trkpt>
   <trkpt lat="46.29561" lon="11.473650000000001">
    <ele>1083.93</ele>
   </trkpt>
   <trkpt lat="46.29565" lon="11.473780000000001">
    <ele>1083.1200000000001</ele>
   </trkpt>
   <trkpt lat="46.295860000000005" lon="11.47455">
    <ele>1078.5800000000002</ele>
   </trkpt>
   <trkpt lat="46.296020000000006" lon="11.47577">
    <ele>1075.18</ele>
   </trkpt>
   <trkpt lat="46.29612" lon="11.476080000000001">
    <ele>1073.82</ele>
   </trkpt>
   <trkpt lat="46.296240000000004" lon="11.476180000000001">
    <ele>1072.3500000000001</ele>
   </trkpt>
   <trkpt lat="46.29666" lon="11.47625">
    <ele>1074.42</ele>
   </trkpt>
   <trkpt lat="46.297000000000004" lon="11.47633">
    <ele>1079.79</ele>
   </trkpt>
   <trkpt lat="46.297070000000005" lon="11.476410000000001">
    <ele>1081.02</ele>
   </trkpt>
   <trkpt lat="46.297070000000005" lon="11.47653">
    <ele>1082.0</ele>
   </trkpt>
   <trkpt lat="46.29699" lon="11.47691">
    <ele>1083.7100000000003</ele>
   </trkpt>
   <trkpt lat="46.29702" lon="11.477310000000001">
    <ele>1085.32</ele>
   </trkpt>
   <trkpt lat="46.296980000000005" lon="11.477430000000002">
    <ele>1085.32</ele>
   </trkpt>
   <trkpt lat="46.296780000000005" lon="11.47779">
    <ele>1089.3799999999999</ele>
   </trkpt>
   <trkpt lat="46.29674000000001" lon="11.47798">
    <ele>1089.99</ele>
   </trkpt>
   <trkpt lat="46.296850000000006" lon="11.47892">
    <ele>1093.7400000000002</ele>
   </trkpt>
   <trkpt lat="46.296940000000006" lon="11.479260000000002">
    <ele>1095.0900000000001</ele>
   </trkpt>
   <trkpt lat="46.296980000000005" lon="11.479330000000001">
    <ele>1095.8100000000002</ele>
   </trkpt>
   <trkpt lat="46.29703000000001" lon="11.479330000000001">
    <ele>1095.8100000000002</ele>
   </trkpt>
   <trkpt lat="46.29706" lon="11.4793">
    <ele>1095.8100000000002</ele>
   </trkpt>
   <trkpt lat="46.297050000000006" lon="11.47893">
    <ele>1099.05</ele>
   </trkpt>
   <trkpt lat="46.29706" lon="11.478850000000001">
    <ele>1099.05</ele>
   </trkpt>
   <trkpt lat="46.29722" lon="11.479740000000001">
    <ele>1097.0000000000002</ele>
   </trkpt>
   <trkpt lat="46.29730000000001" lon="11.47999">
    <ele>1096.26</ele>
   </trkpt>
   <trkpt lat="46.29742" lon="11.48018">
    <ele>1095.7400000000002</ele>
   </trkpt>
   <trkpt lat="46.29768000000001" lon="11.480450000000001">
    <ele>1095.07</ele>
   </trkpt>
   <trkpt lat="46.29778" lon="11.480580000000002">
    <ele>1094.96</ele>
   </trkpt>
   <trkpt lat="46.297880000000006" lon="11.480770000000001">
    <ele>1094.8300000000002</ele>
   </trkpt>
   <trkpt lat="46.298" lon="11.48084">
    <ele>1094.71</ele>
   </trkpt>
   <trkpt lat="46.29829" lon="11.48094">
    <ele>1094.3</ele>
   </trkpt>
   <trkpt lat="46.2984" lon="11.481000000000002">
    <ele>1094.3</ele>
   </trkpt>
   <trkpt lat="46.29858" lon="11.481150000000001">
    <ele>1094.2</ele>
   </trkpt>
   <trkpt lat="46.298590000000004" lon="11.481230000000002">
    <ele>1094.2</ele>
   </trkpt>
   <trkpt lat="46.298590000000004" lon="11.481240000000001">
    <ele>1094.2</ele>
   </trkpt>
   <trkpt lat="46.298550000000006" lon="11.48137">
    <ele>1094.15</ele>
   </trkpt>
   <trkpt lat="46.29833000000001" lon="11.481530000000001">
    <ele>1094.14</ele>
   </trkpt>
   <trkpt lat="46.29804" lon="11.481860000000001">
    <ele>1099.72</ele>
   </trkpt>
   <trkpt lat="46.297920000000005" lon="11.482050000000001">
    <ele>1101.3000000000002</ele>
   </trkpt>
   <trkpt lat="46.297830000000005" lon="11.48235">
    <ele>1105.55</ele>
   </trkpt>
   <trkpt lat="46.297810000000005" lon="11.482660000000001">
    <ele>1110.05</ele>
   </trkpt>
   <trkpt lat="46.29777000000001" lon="11.48281">
    <ele>1111.3500000000001</ele>
   </trkpt>
   <trkpt lat="46.29766" lon="11.48287">
    <ele>1111.6000000000001</ele>
   </trkpt>
   <trkpt lat="46.29751" lon="11.482880000000002">
    <ele>1111.27</ele>
   </trkpt>
   <trkpt lat="46.297340000000005" lon="11.48315">
    <ele>1109.8700000000001</ele>
   </trkpt>
   <trkpt lat="46.29703000000001" lon="11.48393">
    <ele>1105.68</ele>
   </trkpt>
   <trkpt lat="46.296890000000005" lon="11.484580000000001">
    <ele>1102.99</ele>
   </trkpt>
   <trkpt lat="46.296765002175356" lon="11.485285001559165">
    <ele>1101.39</ele>
   </trkpt>
   <trkpt lat="46.296640000000004" lon="11.485990000000001">
    <ele>1094.91</ele>
   </trkpt>
   <trkpt lat="46.296510000000005" lon="11.486410000000001">
    <ele>1090.84</ele>
   </trkpt>
   <trkpt lat="46.296350000000004" lon="11.4867">
    <ele>1087.7800000000002</ele>
   </trkpt>
   <trkpt lat="46.296240000000004" lon="11.4868">
    <ele>1086.8600000000001</ele>
   </trkpt>
   <trkpt lat="46.296150000000004" lon="11.48695">
    <ele>1081.7700000000002</ele>
   </trkpt>
   <trkpt lat="46.296130000000005" lon="11.48704">
    <ele>1081.7700000000002</ele>
   </trkpt>
   <trkpt lat="46.296130000000005" lon="11.48741">
    <ele>1075.8700000000001</ele>
   </trkpt>
   <trkpt lat="46.29608" lon="11.48759">
    <ele>1074.36</ele>
   </trkpt>
   <trkpt lat="46.296060000000004" lon="11.48789">
    <ele>1072.0400000000002</ele>
   </trkpt>
   <trkpt lat="46.296060000000004" lon="11.48808">
    <ele>1070.44</ele>
   </trkpt>
   <trkpt lat="46.296110000000006" lon="11.48839">
    <ele>1067.8500000000001</ele>
   </trkpt>
   <trkpt lat="46.29612" lon="11.48872">
    <ele>1065.15</ele>
   </trkpt>
   <trkpt lat="46.2962450027817" lon="11.489524997885809">
    <ele>1062.4600000000003</ele>
   </trkpt>
   <trkpt lat="46.29637" lon="11.49033">
    <ele>1061.98</ele>
   </trkpt>
   <trkpt lat="46.2965" lon="11.49098">
    <ele>1061.86</ele>
   </trkpt>
   <trkpt lat="46.296580000000006" lon="11.491240000000001">
    <ele>1062.5200000000002</ele>
   </trkpt>
   <trkpt lat="46.29663" lon="11.49127">
    <ele>1063.22</ele>
   </trkpt>
   <trkpt lat="46.296940000000006" lon="11.491290000000001">
    <ele>1064.2500000000002</ele>
   </trkpt>
   <trkpt lat="46.297050000000006" lon="11.49135">
    <ele>1064.9</ele>
   </trkpt>
   <trkpt lat="46.29711" lon="11.49144">
    <ele>1065.5</ele>
   </trkpt>
   <trkpt lat="46.29712000000001" lon="11.49163">
    <ele>1066.26</ele>
   </trkpt>
   <trkpt lat="46.297160000000005" lon="11.491710000000001">
    <ele>1066.89</ele>
   </trkpt>
   <trkpt lat="46.29771" lon="11.492220000000001">
    <ele>1065.8</ele>
   </trkpt>
   <trkpt lat="46.297720000000005" lon="11.4923">
    <ele>1065.76</ele>
   </trkpt>
   <trkpt lat="46.29782" lon="11.49234">
    <ele>1067.3700000000001</ele>
   </trkpt>
   <trkpt lat="46.29813" lon="11.49258">
    <ele>1076.8</ele>
   </trkpt>
   <trkpt lat="46.298320000000004" lon="11.4928">
    <ele>1082.0800000000002</ele>
   </trkpt>
   <trkpt lat="46.29845" lon="11.4929">
    <ele>1084.19</ele>
   </trkpt>
   <trkpt lat="46.298570000000005" lon="11.49305">
    <ele>1085.68</ele>
   </trkpt>
   <trkpt lat="46.29856" lon="11.4931">
    <ele>1086.48</ele>
   </trkpt>
   <trkpt lat="46.298550000000006" lon="11.493110000000001">
    <ele>1086.48</ele>
   </trkpt>
   <trkpt lat="46.29845" lon="11.493120000000001">
    <ele>1088.16</ele>
   </trkpt>
   <trkpt lat="46.29805" lon="11.49332">
    <ele>1098.89</ele>
   </trkpt>
   <trkpt lat="46.29796" lon="11.49369">
    <ele>1102.4900000000002</ele>
   </trkpt>
   <trkpt lat="46.29773" lon="11.49418">
    <ele>1103.94</ele>
   </trkpt>
   <trkpt lat="46.29744" lon="11.494570000000001">
    <ele>1104.97</ele>
   </trkpt>
   <trkpt lat="46.29733" lon="11.494850000000001">
    <ele>1106.16</ele>
   </trkpt>
   <trkpt lat="46.297160000000005" lon="11.494860000000001">
    <ele>1106.27</ele>
   </trkpt>
   <trkpt lat="46.297090000000004" lon="11.49497">
    <ele>1106.0500000000002</ele>
   </trkpt>
   <trkpt lat="46.297090000000004" lon="11.49507">
    <ele>1105.75</ele>
   </trkpt>
   <trkpt lat="46.29702" lon="11.49525">
    <ele>1105.5000000000002</ele>
   </trkpt>
   <trkpt lat="46.296710000000004" lon="11.49543">
    <ele>1105.94</ele>
   </trkpt>
   <trkpt lat="46.29645000000001" lon="11.495460000000001">
    <ele>1106.38</ele>
   </trkpt>
   <trkpt lat="46.29634" lon="11.495640000000002">
    <ele>1106.21</ele>
   </trkpt>
   <trkpt lat="46.296220000000005" lon="11.495920000000002">
    <ele>1105.69</ele>
   </trkpt>
   <trkpt lat="46.2961" lon="11.49595">
    <ele>1105.5700000000002</ele>
   </trkpt>
   <trkpt lat="46.295910000000006" lon="11.495730000000002">
    <ele>1105.8000000000002</ele>
   </trkpt>
   <trkpt lat="46.29578" lon="11.495780000000002">
    <ele>1105.72</ele>
   </trkpt>
   <trkpt lat="46.29565" lon="11.49618">
    <ele>1104.8300000000002</ele>
   </trkpt>
   <trkpt lat="46.295640000000006" lon="11.496360000000001">
    <ele>1104.89</ele>
   </trkpt>
   <trkpt lat="46.29553000000001" lon="11.496500000000001">
    <ele>1105.22</ele>
   </trkpt>
   <trkpt lat="46.29542000000001" lon="11.49652">
    <ele>1105.73</ele>
   </trkpt>
   <trkpt lat="46.295120000000004" lon="11.49666">
    <ele>1106.0</ele>
   </trkpt>
   <trkpt lat="46.29506000000001" lon="11.49707">
    <ele>1105.52</ele>
   </trkpt>
   <trkpt lat="46.29477000000001" lon="11.49731">
    <ele>1106.2800000000002</ele>
   </trkpt>
   <trkpt lat="46.294740000000004" lon="11.49731">
    <ele>1106.2800000000002</ele>
   </trkpt>
   <trkpt lat="46.294630000000005" lon="11.49704">
    <ele>1107.19</ele>
   </trkpt>
   <trkpt lat="46.29457000000001" lon="11.49699">
    <ele>1107.38</ele>
   </trkpt>
   <trkpt lat="46.294290000000004" lon="11.497300000000001">
    <ele>1107.01</ele>
   </trkpt>
   <trkpt lat="46.29415" lon="11.49735">
    <ele>1107.1100000000001</ele>
   </trkpt>
   <trkpt lat="46.29402" lon="11.49726">
    <ele>1107.82</ele>
   </trkpt>
   <trkpt lat="46.29388" lon="11.49726">
    <ele>1108.0</ele>
   </trkpt>
   <trkpt lat="46.293730000000004" lon="11.49737">
    <ele>1108.0100000000002</ele>
   </trkpt>
   <trkpt lat="46.293620000000004" lon="11.497280000000002">
    <ele>1107.96</ele>
   </trkpt>
   <trkpt lat="46.293350000000004" lon="11.497340000000001">
    <ele>1108.0</ele>
   </trkpt>
   <trkpt lat="46.29321" lon="11.49735">
    <ele>1108.14</ele>
   </trkpt>
   <trkpt lat="46.29296" lon="11.49746">
    <ele>1107.97</ele>
   </trkpt>
   <trkpt lat="46.292680000000004" lon="11.497700000000002">
    <ele>1106.89</ele>
   </trkpt>
   <trkpt lat="46.292480000000005" lon="11.49792">
    <ele>1106.71</ele>
   </trkpt>
   <trkpt lat="46.29229" lon="11.498230000000001">
    <ele>1107.3300000000002</ele>
   </trkpt>
   <trkpt lat="46.292170000000006" lon="11.498560000000001">
    <ele>1110.42</ele>
   </trkpt>
   <trkpt lat="46.29205" lon="11.49909">
    <ele>1112.6</ele>
   </trkpt>
   <trkpt lat="46.292010000000005" lon="11.49942">
    <ele>1114.83</ele>
   </trkpt>
   <trkpt lat="46.29211" lon="11.49995">
    <ele>1118.47</ele>
   </trkpt>
   <trkpt lat="46.29211" lon="11.50018">
    <ele>1118.95</ele>
   </trkpt>
   <trkpt lat="46.291920000000005" lon="11.50065">
    <ele>1116.09</ele>
   </trkpt>
   <trkpt lat="46.291830000000004" lon="11.50074">
    <ele>1115.3300000000002</ele>
   </trkpt>
   <trkpt lat="46.29169" lon="11.50098">
    <ele>1110.42</ele>
   </trkpt>
   <trkpt lat="46.291630000000005" lon="11.50117">
    <ele>1108.81</ele>
   </trkpt>
   <trkpt lat="46.29164" lon="11.50153">
    <ele>1104.5200000000002</ele>
   </trkpt>
   <trkpt lat="46.291610000000006" lon="11.50192">
    <ele>1099.1000000000001</ele>
   </trkpt>
   <trkpt lat="46.29146" lon="11.502220000000001">
    <ele>1095.7400000000002</ele>
   </trkpt>
   <trkpt lat="46.291470000000004" lon="11.502830000000001">
    <ele>1088.24</ele>
   </trkpt>
   <trkpt lat="46.29131" lon="11.503190000000002">
    <ele>1085.46</ele>
   </trkpt>
   <trkpt lat="46.291290000000004" lon="11.50327">
    <ele>1085.02</ele>
   </trkpt>
   <trkpt lat="46.291230000000006" lon="11.503290000000002">
    <ele>1084.64</ele>
   </trkpt>
   <trkpt lat="46.29081" lon="11.503210000000001">
    <ele>1082.43</ele>
   </trkpt>
   <trkpt lat="46.29079" lon="11.503430000000002">
    <ele>1080.84</ele>
   </trkpt>
   <trkpt lat="46.290800000000004" lon="11.503660000000002">
    <ele>1077.39</ele>
   </trkpt>
   <trkpt lat="46.29088" lon="11.503850000000002">
    <ele>1074.7</ele>
   </trkpt>
   <trkpt lat="46.29104" lon="11.50406">
    <ele>1071.83</ele>
   </trkpt>
   <trkpt lat="46.29119" lon="11.5045">
    <ele>1066.27</ele>
   </trkpt>
   <trkpt lat="46.29133" lon="11.504610000000001">
    <ele>1063.76</ele>
   </trkpt>
   <trkpt lat="46.29126" lon="11.504990000000001">
    <ele>1042.8700000000001</ele>
   </trkpt>
   <trkpt lat="46.29111" lon="11.5052">
    <ele>1038.81</ele>
   </trkpt>
   <trkpt lat="46.29088" lon="11.505370000000001">
    <ele>1035.97</ele>
   </trkpt>
   <trkpt lat="46.29064" lon="11.505460000000001">
    <ele>1034.31</ele>
   </trkpt>
   <trkpt lat="46.29039" lon="11.50544">
    <ele>1033.28</ele>
   </trkpt>
   <trkpt lat="46.290150000000004" lon="11.50529">
    <ele>1033.1200000000001</ele>
   </trkpt>
   <trkpt lat="46.290060000000004" lon="11.50497">
    <ele>1034.28</ele>
   </trkpt>
   <trkpt lat="46.289950000000005" lon="11.50487">
    <ele>1032.65</ele>
   </trkpt>
   <trkpt lat="46.28974" lon="11.50481">
    <ele>1030.28</ele>
   </trkpt>
   <trkpt lat="46.289550000000006" lon="11.504790000000002">
    <ele>1028.16</ele>
   </trkpt>
   <trkpt lat="46.28945" lon="11.504850000000001">
    <ele>1025.95</ele>
   </trkpt>
   <trkpt lat="46.28914" lon="11.505230000000001">
    <ele>1021.05</ele>
   </trkpt>
   <trkpt lat="46.289080000000006" lon="11.50534">
    <ele>1020.6600000000001</ele>
   </trkpt>
   <trkpt lat="46.289010000000005" lon="11.505540000000002">
    <ele>1019.2</ele>
   </trkpt>
   <trkpt lat="46.288940000000004" lon="11.506060000000002">
    <ele>1016.17</ele>
   </trkpt>
   <trkpt lat="46.28907" lon="11.50664">
    <ele>1011.8100000000001</ele>
   </trkpt>
   <trkpt lat="46.28905" lon="11.506730000000001">
    <ele>1010.5300000000001</ele>
   </trkpt>
   <trkpt lat="46.289010000000005" lon="11.506730000000001">
    <ele>1010.5300000000001</ele>
   </trkpt>
   <trkpt lat="46.288920000000005" lon="11.50669">
    <ele>1007.6</ele>
   </trkpt>
   <trkpt lat="46.28878" lon="11.50656">
    <ele>1006.2500000000001</ele>
   </trkpt>
   <trkpt lat="46.28869" lon="11.506430000000002">
    <ele>1005.0300000000001</ele>
   </trkpt>
   <trkpt lat="46.28855" lon="11.506340000000002">
    <ele>1002.1600000000002</ele>
   </trkpt>
   <trkpt lat="46.288540000000005" lon="11.50633">
    <ele>1002.1600000000002</ele>
   </trkpt>
   <trkpt lat="46.288560000000004" lon="11.506450000000001">
    <ele>1001.4100000000001</ele>
   </trkpt>
   <trkpt lat="46.28862" lon="11.506620000000002">
    <ele>1000.3000000000002</ele>
   </trkpt>
   <trkpt lat="46.288810000000005" lon="11.506960000000001">
    <ele>996.26</ele>
   </trkpt>
   <trkpt lat="46.28898" lon="11.50721">
    <ele>995.4000000000001</ele>
   </trkpt>
   <trkpt lat="46.28911" lon="11.50736">
    <ele>993.94</ele>
   </trkpt>
   <trkpt lat="46.2892" lon="11.507530000000001">
    <ele>993.04</ele>
   </trkpt>
   <trkpt lat="46.289350000000006" lon="11.507570000000001">
    <ele>993.0000000000001</ele>
   </trkpt>
   <trkpt lat="46.289480000000005" lon="11.507650000000002">
    <ele>992.9000000000001</ele>
   </trkpt>
   <trkpt lat="46.289530000000006" lon="11.507700000000002">
    <ele>992.9000000000001</ele>
   </trkpt>
   <trkpt lat="46.289570000000005" lon="11.507790000000002">
    <ele>992.9100000000001</ele>
   </trkpt>
   <trkpt lat="46.28960000000001" lon="11.507890000000002">
    <ele>992.9100000000001</ele>
   </trkpt>
   <trkpt lat="46.289590000000004" lon="11.50801">
    <ele>992.99</ele>
   </trkpt>
   <trkpt lat="46.289480000000005" lon="11.509030000000001">
    <ele>992.82</ele>
   </trkpt>
   <trkpt lat="46.28956" lon="11.509260000000001">
    <ele>993.04</ele>
   </trkpt>
   <trkpt lat="46.28974" lon="11.509910000000001">
    <ele>997.9000000000001</ele>
   </trkpt>
   <trkpt lat="46.289860000000004" lon="11.510200000000001">
    <ele>1000.64</ele>
   </trkpt>
   <trkpt lat="46.290130000000005" lon="11.51097">
    <ele>1006.7000000000002</ele>
   </trkpt>
   <trkpt lat="46.290200000000006" lon="11.5113">
    <ele>1008.3100000000001</ele>
   </trkpt>
   <trkpt lat="46.29016000000001" lon="11.51149">
    <ele>1008.5000000000001</ele>
   </trkpt>
   <trkpt lat="46.29028" lon="11.51153">
    <ele>1010.7600000000001</ele>
   </trkpt>
   <trkpt lat="46.290580000000006" lon="11.51172">
    <ele>1014.9700000000001</ele>
   </trkpt>
   <trkpt lat="46.29074000000001" lon="11.511930000000001">
    <ele>1017.0700000000002</ele>
   </trkpt>
   <trkpt lat="46.29081" lon="11.5121">
    <ele>1019.93</ele>
   </trkpt>
   <trkpt lat="46.29081" lon="11.51223">
    <ele>1019.93</ele>
   </trkpt>
   <trkpt lat="46.29072" lon="11.51285">
    <ele>1026.15</ele>
   </trkpt>
   <trkpt lat="46.29072" lon="11.5134">
    <ele>1032.1299999999999</ele>
   </trkpt>
   <trkpt lat="46.2907" lon="11.51368">
    <ele>1035.56</ele>
   </trkpt>
   <trkpt lat="46.290580000000006" lon="11.51435">
    <ele>1041.2700000000002</ele>
   </trkpt>
   <trkpt lat="46.29055" lon="11.515">
    <ele>1047.95</ele>
   </trkpt>
   <trkpt lat="46.29057" lon="11.51537">
    <ele>1051.6100000000001</ele>
   </trkpt>
   <trkpt lat="46.290510000000005" lon="11.515720000000002">
    <ele>1054.71</ele>
   </trkpt>
   <trkpt lat="46.290490000000005" lon="11.515960000000002">
    <ele>1058.0500000000002</ele>
   </trkpt>
   <trkpt lat="46.2905" lon="11.51623">
    <ele>1060.26</ele>
   </trkpt>
   <trkpt lat="46.29052" lon="11.51636">
    <ele>1063.46</ele>
   </trkpt>
   <trkpt lat="46.29064" lon="11.516760000000001">
    <ele>1072.6100000000001</ele>
   </trkpt>
   <trkpt lat="46.290690000000005" lon="11.517130000000002">
    <ele>1072.6100000000001</ele>
   </trkpt>
   <trkpt lat="46.2907" lon="11.517410000000002">
    <ele>1076.06</ele>
   </trkpt>
   <trkpt lat="46.29063000000001" lon="11.517660000000001">
    <ele>1079.2</ele>
   </trkpt>
   <trkpt lat="46.2905" lon="11.51833">
    <ele>1085.69</ele>
   </trkpt>
   <trkpt lat="46.290400000000005" lon="11.51856">
    <ele>1089.07</ele>
   </trkpt>
   <trkpt lat="46.289970000000004" lon="11.518740000000001">
    <ele>1099.5600000000002</ele>
   </trkpt>
   <trkpt lat="46.28987" lon="11.5188">
    <ele>1099.5600000000002</ele>
   </trkpt>
   <trkpt lat="46.28972" lon="11.519070000000001">
    <ele>1106.5</ele>
   </trkpt>
   <trkpt lat="46.289660000000005" lon="11.519340000000001">
    <ele>1111.2300000000002</ele>
   </trkpt>
   <trkpt lat="46.289620000000006" lon="11.51974">
    <ele>1116.89</ele>
   </trkpt>
   <trkpt lat="46.289550000000006" lon="11.520140000000001">
    <ele>1119.0200000000002</ele>
   </trkpt>
   <trkpt lat="46.289530000000006" lon="11.52055">
    <ele>1124.83</ele>
   </trkpt>
   <trkpt lat="46.289500000000004" lon="11.520710000000001">
    <ele>1126.64</ele>
   </trkpt>
   <trkpt lat="46.28952000293933" lon="11.521530000044855">
    <ele>1132.1000000000001</ele>
   </trkpt>
   <trkpt lat="46.28954" lon="11.522350000000001">
    <ele>1137.0500000000002</ele>
   </trkpt>
   <trkpt lat="46.28963" lon="11.52303">
    <ele>1143.82</ele>
   </trkpt>
   <trkpt lat="46.289680000000004" lon="11.52326">
    <ele>1145.37</ele>
   </trkpt>
   <trkpt lat="46.28985" lon="11.52363">
    <ele>1148.59</ele>
   </trkpt>
   <trkpt lat="46.28989000000001" lon="11.523850000000001">
    <ele>1151.0900000000001</ele>
   </trkpt>
   <trkpt lat="46.28983" lon="11.52419">
    <ele>1155.16</ele>
   </trkpt>
   <trkpt lat="46.28983" lon="11.524510000000001">
    <ele>1156.2100000000003</ele>
   </trkpt>
   <trkpt lat="46.28987" lon="11.52462">
    <ele>1156.2100000000003</ele>
   </trkpt>
   <trkpt lat="46.290000000000006" lon="11.524650000000001">
    <ele>1160.15</ele>
   </trkpt>
   <trkpt lat="46.290110000000006" lon="11.52472">
    <ele>1160.15</ele>
   </trkpt>
   <trkpt lat="46.29021" lon="11.52481">
    <ele>1163.18</ele>
   </trkpt>
   <trkpt lat="46.290290000000006" lon="11.52541">
    <ele>1166.8200000000002</ele>
   </trkpt>
   <trkpt lat="46.29036000000001" lon="11.5256">
    <ele>1168.9900000000002</ele>
   </trkpt>
   <trkpt lat="46.290620000000004" lon="11.52618">
    <ele>1172.63</ele>
   </trkpt>
   <trkpt lat="46.290690000000005" lon="11.526510000000002">
    <ele>1176.2100000000003</ele>
   </trkpt>
   <trkpt lat="46.29065000000001" lon="11.52691">
    <ele>1179.48</ele>
   </trkpt>
   <trkpt lat="46.29061" lon="11.527140000000001">
    <ele>1180.94</ele>
   </trkpt>
   <trkpt lat="46.29066" lon="11.52735">
    <ele>1182.16</ele>
   </trkpt>
   <trkpt lat="46.290910000000004" lon="11.52814">
    <ele>1186.15</ele>
   </trkpt>
   <trkpt lat="46.29110000000001" lon="11.528920000000001">
    <ele>1190.8700000000001</ele>
   </trkpt>
   <trkpt lat="46.29131" lon="11.52955">
    <ele>1195.93</ele>
   </trkpt>
   <trkpt lat="46.29144" lon="11.529720000000001">
    <ele>1197.65</ele>
   </trkpt>
   <trkpt lat="46.291470000000004" lon="11.529890000000002">
    <ele>1199.21</ele>
   </trkpt>
   <trkpt lat="46.29148000000001" lon="11.530100000000001">
    <ele>1200.64</ele>
   </trkpt>
   <trkpt lat="46.29157000000001" lon="11.530510000000001">
    <ele>1203.98</ele>
   </trkpt>
   <trkpt lat="46.291850000000004" lon="11.530940000000001">
    <ele>1210.56</ele>
   </trkpt>
   <trkpt lat="46.292" lon="11.53128">
    <ele>1216.2400000000002</ele>
   </trkpt>
   <trkpt lat="46.29205" lon="11.53151">
    <ele>1218.25</ele>
   </trkpt>
   <trkpt lat="46.292060000000006" lon="11.532580000000001">
    <ele>1227.5</ele>
   </trkpt>
   <trkpt lat="46.29216" lon="11.53298">
    <ele>1231.3100000000002</ele>
   </trkpt>
   <trkpt lat="46.29224000000001" lon="11.533220000000002">
    <ele>1234.07</ele>
   </trkpt>
   <trkpt lat="46.29224000000001" lon="11.533230000000001">
    <ele>1234.17</ele>
   </trkpt>
   <trkpt lat="46.292370000000005" lon="11.533470000000001">
    <ele>1236.5400000000002</ele>
   </trkpt>
   <trkpt lat="46.29267" lon="11.53386">
    <ele>1238.68</ele>
   </trkpt>
   <trkpt lat="46.29296" lon="11.53415">
    <ele>1240.3000000000002</ele>
   </trkpt>
   <trkpt lat="46.293040000000005" lon="11.534320000000001">
    <ele>1241.2800000000002</ele>
   </trkpt>
   <trkpt lat="46.29312" lon="11.53443">
    <ele>1241.7</ele>
   </trkpt>
   <trkpt lat="46.293220000000005" lon="11.534510000000001">
    <ele>1242.0200000000002</ele>
   </trkpt>
   <trkpt lat="46.29341" lon="11.53472">
    <ele>1242.96</ele>
   </trkpt>
   <trkpt lat="46.293530000000004" lon="11.534820000000002">
    <ele>1243.2</ele>
   </trkpt>
   <trkpt lat="46.294250000000005" lon="11.53495">
    <ele>1247.57</ele>
   </trkpt>
   <trkpt lat="46.29435" lon="11.534980000000001">
    <ele>1247.57</ele>
   </trkpt>
   <trkpt lat="46.29451" lon="11.535100000000002">
    <ele>1248.93</ele>
   </trkpt>
   <trkpt lat="46.29471" lon="11.53536">
    <ele>1251.89</ele>
   </trkpt>
   <trkpt lat="46.294790000000006" lon="11.53542">
    <ele>1252.3200000000002</ele>
   </trkpt>
   <trkpt lat="46.29491" lon="11.53545">
    <ele>1253.4</ele>
   </trkpt>
   <trkpt lat="46.295300000000005" lon="11.53545">
    <ele>1255.98</ele>
   </trkpt>
   <trkpt lat="46.295440000000006" lon="11.535430000000002">
    <ele>1256.21</ele>
   </trkpt>
   <trkpt lat="46.295590000000004" lon="11.535340000000001">
    <ele>1256.63</ele>
   </trkpt>
   <trkpt lat="46.295680000000004" lon="11.53531">
    <ele>1257.5500000000002</ele>
   </trkpt>
   <trkpt lat="46.29578" lon="11.53531">
    <ele>1258.0</ele>
   </trkpt>
   <trkpt lat="46.295880000000004" lon="11.535390000000001">
    <ele>1258.55</ele>
   </trkpt>
   <trkpt lat="46.29614" lon="11.53537">
    <ele>1260.76</ele>
   </trkpt>
   <trkpt lat="46.296240000000004" lon="11.53545">
    <ele>1262.16</ele>
   </trkpt>
   <trkpt lat="46.29632" lon="11.535480000000002">
    <ele>1262.5900000000001</ele>
   </trkpt>
   <trkpt lat="46.296960000000006" lon="11.53545">
    <ele>1265.41</ele>
   </trkpt>
   <trkpt lat="46.297090000000004" lon="11.535400000000001">
    <ele>1265.4</ele>
   </trkpt>
   <trkpt lat="46.29719" lon="11.53542">
    <ele>1265.3100000000002</ele>
   </trkpt>
   <trkpt lat="46.29728" lon="11.53547">
    <ele>1265.3100000000002</ele>
   </trkpt>
   <trkpt lat="46.29739000000001" lon="11.535580000000001">
    <ele>1265.29</ele>
   </trkpt>
   <trkpt lat="46.29748000000001" lon="11.535620000000002">
    <ele>1265.29</ele>
   </trkpt>
   <trkpt lat="46.297560000000004" lon="11.53574">
    <ele>1265.24</ele>
   </trkpt>
   <trkpt lat="46.297670000000004" lon="11.535800000000002">
    <ele>1265.0700000000002</ele>
   </trkpt>
   <trkpt lat="46.29824000000001" lon="11.535950000000001">
    <ele>1264.6000000000001</ele>
   </trkpt>
   <trkpt lat="46.2984" lon="11.536010000000001">
    <ele>1264.89</ele>
   </trkpt>
   <trkpt lat="46.29849" lon="11.536100000000001">
    <ele>1265.14</ele>
   </trkpt>
   <trkpt lat="46.298660000000005" lon="11.53622">
    <ele>1266.15</ele>
   </trkpt>
   <trkpt lat="46.298930000000006" lon="11.53635">
    <ele>1266.8799999999999</ele>
   </trkpt>
   <trkpt lat="46.29918000000001" lon="11.536560000000001">
    <ele>1268.0200000000002</ele>
   </trkpt>
   <trkpt lat="46.299380000000006" lon="11.536890000000001">
    <ele>1269.19</ele>
   </trkpt>
   <trkpt lat="46.29959" lon="11.537180000000001">
    <ele>1271.77</ele>
   </trkpt>
   <trkpt lat="46.29968" lon="11.537220000000001">
    <ele>1272.04</ele>
   </trkpt>
   <trkpt lat="46.30017" lon="11.537650000000001">
    <ele>1273.5</ele>
   </trkpt>
   <trkpt lat="46.30033" lon="11.537650000000001">
    <ele>1273.67</ele>
   </trkpt>
   <trkpt lat="46.30042" lon="11.537690000000001">
    <ele>1273.67</ele>
   </trkpt>
   <trkpt lat="46.300720000000005" lon="11.537920000000002">
    <ele>1274.31</ele>
   </trkpt>
   <trkpt lat="46.30091" lon="11.538160000000001">
    <ele>1288.72</ele>
   </trkpt>
   <trkpt lat="46.30104" lon="11.53837">
    <ele>1303.73</ele>
   </trkpt>
   <trkpt lat="46.30127" lon="11.538900000000002">
    <ele>1338.4</ele>
   </trkpt>
   <trkpt lat="46.301320000000004" lon="11.53894">
    <ele>1338.4</ele>
   </trkpt>
   <trkpt lat="46.30147" lon="11.53898">
    <ele>1361.0300000000002</ele>
   </trkpt>
   <trkpt lat="46.301880000000004" lon="11.538960000000001">
    <ele>1383.7400000000002</ele>
   </trkpt>
   <trkpt lat="46.302150000000005" lon="11.539100000000001">
    <ele>1392.06</ele>
   </trkpt>
   <trkpt lat="46.302510000000005" lon="11.539180000000002">
    <ele>1397.2000000000003</ele>
   </trkpt>
   <trkpt lat="46.30328" lon="11.539390000000001">
    <ele>1415.18</ele>
   </trkpt>
   <trkpt lat="46.30355" lon="11.5394">
    <ele>1413.82</ele>
   </trkpt>
   <trkpt lat="46.30377000000001" lon="11.53958">
    <ele>1414.25</ele>
   </trkpt>
   <trkpt lat="46.304010000000005" lon="11.53974">
    <ele>1415.38</ele>
   </trkpt>
   <trkpt lat="46.30425" lon="11.539760000000001">
    <ele>1414.9600000000003</ele>
   </trkpt>
   <trkpt lat="46.30438" lon="11.53992">
    <ele>1417.04</ele>
   </trkpt>
   <trkpt lat="46.30458" lon="11.53972">
    <ele>1421.01</ele>
   </trkpt>
   <trkpt lat="46.30465" lon="11.539800000000001">
    <ele>1421.2</ele>
   </trkpt>
   <trkpt lat="46.304860000000005" lon="11.539840000000002">
    <ele>1420.43</ele>
   </trkpt>
   <trkpt lat="46.30501" lon="11.539900000000001">
    <ele>1417.42</ele>
   </trkpt>
   <trkpt lat="46.305490000000006" lon="11.53988">
    <ele>1421.17</ele>
   </trkpt>
   <trkpt lat="46.30568" lon="11.540000000000001">
    <ele>1422.65</ele>
   </trkpt>
   <trkpt lat="46.306090000000005" lon="11.540140000000001">
    <ele>1427.72</ele>
   </trkpt>
   <trkpt lat="46.30613" lon="11.540220000000001">
    <ele>1428.3100000000002</ele>
   </trkpt>
   <trkpt lat="46.30642" lon="11.540140000000001">
    <ele>1431.0500000000002</ele>
   </trkpt>
   <trkpt lat="46.306650000000005" lon="11.540280000000001">
    <ele>1432.8500000000001</ele>
   </trkpt>
   <trkpt lat="46.306850000000004" lon="11.54049">
    <ele>1433.57</ele>
   </trkpt>
   <trkpt lat="46.306960000000004" lon="11.54071">
    <ele>1436.88</ele>
   </trkpt>
   <trkpt lat="46.30724000000001" lon="11.541020000000001">
    <ele>1445.8000000000002</ele>
   </trkpt>
   <trkpt lat="46.30744000000001" lon="11.541170000000001">
    <ele>1451.2900000000002</ele>
   </trkpt>
   <trkpt lat="46.30781" lon="11.54118">
    <ele>1461.0900000000001</ele>
   </trkpt>
   <trkpt lat="46.30800000000001" lon="11.54123">
    <ele>1464.19</ele>
   </trkpt>
   <trkpt lat="46.30805" lon="11.541300000000001">
    <ele>1464.19</ele>
   </trkpt>
   <trkpt lat="46.308130000000006" lon="11.541360000000001">
    <ele>1466.9</ele>
   </trkpt>
   <trkpt lat="46.30820000000001" lon="11.541450000000001">
    <ele>1470.2700000000002</ele>
   </trkpt>
   <trkpt lat="46.30821" lon="11.541540000000001">
    <ele>1470.2700000000002</ele>
   </trkpt>
   <trkpt lat="46.30818000000001" lon="11.541630000000001">
    <ele>1471.18</ele>
   </trkpt>
   <trkpt lat="46.3083" lon="11.541690000000001">
    <ele>1474.48</ele>
   </trkpt>
   <trkpt lat="46.308350000000004" lon="11.541780000000001">
    <ele>1474.48</ele>
   </trkpt>
   <trkpt lat="46.30845" lon="11.54188">
    <ele>1480.67</ele>
   </trkpt>
   <trkpt lat="46.308580000000006" lon="11.542100000000001">
    <ele>1485.84</ele>
   </trkpt>
   <trkpt lat="46.308930000000004" lon="11.54218">
    <ele>1496.82</ele>
   </trkpt>
   <trkpt lat="46.309250000000006" lon="11.542190000000002">
    <ele>1508.6000000000001</ele>
   </trkpt>
   <trkpt lat="46.30969" lon="11.542150000000001">
    <ele>1519.53</ele>
   </trkpt>
   <trkpt lat="46.310010000000005" lon="11.54216">
    <ele>1528.5700000000002</ele>
   </trkpt>
   <trkpt lat="46.31016" lon="11.542100000000001">
    <ele>1531.23</ele>
   </trkpt>
   <trkpt lat="46.31036" lon="11.541770000000001">
    <ele>1540.94</ele>
   </trkpt>
   <trkpt lat="46.31051" lon="11.541680000000001">
    <ele>1543.8100000000002</ele>
   </trkpt>
   <trkpt lat="46.31094" lon="11.541720000000002">
    <ele>1559.14</ele>
   </trkpt>
   <trkpt lat="46.31134" lon="11.5417">
    <ele>1568.04</ele>
   </trkpt>
   <trkpt lat="46.31138000000001" lon="11.541730000000001">
    <ele>1569.15</ele>
   </trkpt>
   <trkpt lat="46.31167000000001" lon="11.54171">
    <ele>1575.7</ele>
   </trkpt>
   <trkpt lat="46.311840000000004" lon="11.541720000000002">
    <ele>1581.69</ele>
   </trkpt>
   <trkpt lat="46.311840000000004" lon="11.541620000000002">
    <ele>1584.4600000000003</ele>
   </trkpt>
   <trkpt lat="46.31217" lon="11.54175">
    <ele>1594.92</ele>
   </trkpt>
   <trkpt lat="46.31223000000001" lon="11.5417">
    <ele>1594.92</ele>
   </trkpt>
   <trkpt lat="46.3123" lon="11.541730000000001">
    <ele>1596.0500000000002</ele>
   </trkpt>
   <trkpt lat="46.31242" lon="11.541830000000001">
    <ele>1602.3200000000002</ele>
   </trkpt>
   <trkpt lat="46.312470000000005" lon="11.54184">
    <ele>1602.3200000000002</ele>
   </trkpt>
   <trkpt lat="46.31251" lon="11.54188">
    <ele>1603.72</ele>
   </trkpt>
   <trkpt lat="46.312580000000004" lon="11.541860000000002">
    <ele>1605.22</ele>
   </trkpt>
   <trkpt lat="46.31279000000001" lon="11.541870000000001">
    <ele>1613.89</ele>
   </trkpt>
   <trkpt lat="46.31295" lon="11.54199">
    <ele>1617.3000000000002</ele>
   </trkpt>
   <trkpt lat="46.31318" lon="11.542000000000002">
    <ele>1619.3700000000001</ele>
   </trkpt>
   <trkpt lat="46.313340000000004" lon="11.54199">
    <ele>1626.3200000000002</ele>
   </trkpt>
   <trkpt lat="46.31347" lon="11.542010000000001">
    <ele>1630.8700000000001</ele>
   </trkpt>
   <trkpt lat="46.31389" lon="11.54198">
    <ele>1641.7</ele>
   </trkpt>
   <trkpt lat="46.31403" lon="11.54203">
    <ele>1643.7700000000002</ele>
   </trkpt>
   <trkpt lat="46.31414" lon="11.542010000000001">
    <ele>1645.64</ele>
   </trkpt>
   <trkpt lat="46.314240000000005" lon="11.542090000000002">
    <ele>1648.24</ele>
   </trkpt>
   <trkpt lat="46.314400000000006" lon="11.542090000000002">
    <ele>1650.21</ele>
   </trkpt>
   <trkpt lat="46.31463" lon="11.54217">
    <ele>1656.4800000000002</ele>
   </trkpt>
   <trkpt lat="46.314840000000004" lon="11.542110000000001">
    <ele>1661.18</ele>
   </trkpt>
   <trkpt lat="46.315020000000004" lon="11.542140000000002">
    <ele>1664.46</ele>
   </trkpt>
   <trkpt lat="46.31533" lon="11.54231">
    <ele>1672.5700000000002</ele>
   </trkpt>
   <trkpt lat="46.31537" lon="11.54236">
    <ele>1673.79</ele>
   </trkpt>
   <trkpt lat="46.315430000000006" lon="11.54232">
    <ele>1673.79</ele>
   </trkpt>
   <trkpt lat="46.31579000000001" lon="11.54246">
    <ele>1687.8400000000001</ele>
   </trkpt>
   <trkpt lat="46.316390000000006" lon="11.54265">
    <ele>1709.3100000000002</ele>
   </trkpt>
   <trkpt lat="46.316520000000004" lon="11.54263">
    <ele>1716.32</ele>
   </trkpt>
   <trkpt lat="46.31656" lon="11.54268">
    <ele>1716.32</ele>
   </trkpt>
   <trkpt lat="46.316790000000005" lon="11.542710000000001">
    <ele>1720.79</ele>
   </trkpt>
   <trkpt lat="46.316880000000005" lon="11.54264">
    <ele>1721.89</ele>
   </trkpt>
   <trkpt lat="46.31702000000001" lon="11.54264">
    <ele>1721.69</ele>
   </trkpt>
   <trkpt lat="46.31736" lon="11.54277">
    <ele>1722.56</ele>
   </trkpt>
   <trkpt lat="46.31749000000001" lon="11.54277">
    <ele>1725.4900000000002</ele>
   </trkpt>
   <trkpt lat="46.317750000000004" lon="11.542890000000002">
    <ele>1731.93</ele>
   </trkpt>
   <trkpt lat="46.31781" lon="11.542840000000002">
    <ele>1731.93</ele>
   </trkpt>
   <trkpt lat="46.317870000000006" lon="11.542890000000002">
    <ele>1731.93</ele>
   </trkpt>
   <trkpt lat="46.31812" lon="11.542850000000001">
    <ele>1740.14</ele>
   </trkpt>
   <trkpt lat="46.31821" lon="11.54287">
    <ele>1743.6200000000001</ele>
   </trkpt>
   <trkpt lat="46.318310000000004" lon="11.542810000000001">
    <ele>1746.8600000000001</ele>
   </trkpt>
   <trkpt lat="46.318380000000005" lon="11.542800000000002">
    <ele>1748.88</ele>
   </trkpt>
   <trkpt lat="46.31857" lon="11.54288">
    <ele>1751.7600000000002</ele>
   </trkpt>
   <trkpt lat="46.318900000000006" lon="11.54307">
    <ele>1759.0700000000002</ele>
   </trkpt>
   <trkpt lat="46.319050000000004" lon="11.543330000000001">
    <ele>1764.63</ele>
   </trkpt>
   <trkpt lat="46.31926000000001" lon="11.543780000000002">
    <ele>1772.5400000000002</ele>
   </trkpt>
   <trkpt lat="46.319340000000004" lon="11.54391">
    <ele>1774.5600000000002</ele>
   </trkpt>
   <trkpt lat="46.31942" lon="11.543840000000001">
    <ele>1776.19</ele>
   </trkpt>
   <trkpt lat="46.319230000000005" lon="11.54335">
    <ele>1780.46</ele>
   </trkpt>
   <trkpt lat="46.31903500183986" lon="11.542714998005062">
    <ele>1786.3500000000001</ele>
   </trkpt>
   <trkpt lat="46.31884" lon="11.54208">
    <ele>1796.6200000000001</ele>
   </trkpt>
   <trkpt lat="46.31889" lon="11.541530000000002">
    <ele>1802.14</ele>
   </trkpt>
   <trkpt lat="46.318740000000005" lon="11.541340000000002">
    <ele>1806.31</ele>
   </trkpt>
   <trkpt lat="46.318540000000006" lon="11.54096">
    <ele>1811.53</ele>
   </trkpt>
   <trkpt lat="46.31841000000001" lon="11.540640000000002">
    <ele>1818.63</ele>
   </trkpt>
   <trkpt lat="46.31803" lon="11.54052">
    <ele>1822.5600000000002</ele>
   </trkpt>
   <trkpt lat="46.317840000000004" lon="11.540590000000002">
    <ele>1830.04</ele>
   </trkpt>
   <trkpt lat="46.317690000000006" lon="11.54053">
    <ele>1833.1000000000001</ele>
   </trkpt>
   <trkpt lat="46.31738000000001" lon="11.54058">
    <ele>1840.7300000000002</ele>
   </trkpt>
   <trkpt lat="46.31689" lon="11.539980000000002">
    <ele>1854.1100000000001</ele>
   </trkpt>
   <trkpt lat="46.316720000000004" lon="11.53992">
    <ele>1859.5600000000002</ele>
   </trkpt>
   <trkpt lat="46.31655000000001" lon="11.5396">
    <ele>1865.4100000000003</ele>
   </trkpt>
   <trkpt lat="46.316500000000005" lon="11.53926">
    <ele>1870.0400000000002</ele>
   </trkpt>
   <trkpt lat="46.31678" lon="11.538910000000001">
    <ele>1872.7300000000002</ele>
   </trkpt>
   <trkpt lat="46.31716" lon="11.538250000000001">
    <ele>1878.0800000000002</ele>
   </trkpt>
   <trkpt lat="46.317600000000006" lon="11.537630000000002">
    <ele>1886.2</ele>
   </trkpt>
   <trkpt lat="46.318290000000005" lon="11.537090000000001">
    <ele>1893.8400000000001</ele>
   </trkpt>
   <trkpt lat="46.318490000000004" lon="11.53686">
    <ele>1896.24</ele>
   </trkpt>
   <trkpt lat="46.31875" lon="11.536710000000001">
    <ele>1898.5700000000002</ele>
   </trkpt>
   <trkpt lat="46.31879000000001" lon="11.536620000000001">
    <ele>1900.23</ele>
   </trkpt>
   <trkpt lat="46.318780000000004" lon="11.53645">
    <ele>1901.7700000000002</ele>
   </trkpt>
   <trkpt lat="46.318470000000005" lon="11.536290000000001">
    <ele>1903.6800000000003</ele>
   </trkpt>
   <trkpt lat="46.31781" lon="11.535670000000001">
    <ele>1921.43</ele>
   </trkpt>
   <trkpt lat="46.317710000000005" lon="11.535540000000001">
    <ele>1924.17</ele>
   </trkpt>
   <trkpt lat="46.31776000295041" lon="11.534715001021558">
    <ele>1964.17</ele>
   </trkpt>
   <trkpt lat="46.31781" lon="11.533890000000001">
    <ele>1983.4600000000003</ele>
   </trkpt>
   <trkpt lat="46.317780000000006" lon="11.533800000000001">
    <ele>1984.79</ele>
   </trkpt>
   <trkpt lat="46.317750000000004" lon="11.533760000000001">
    <ele>1986.44</ele>
   </trkpt>
   <trkpt lat="46.31759" lon="11.53381">
    <ele>1990.7</ele>
   </trkpt>
   <trkpt lat="46.31712" lon="11.53326">
    <ele>2003.12</ele>
   </trkpt>
   <trkpt lat="46.316900000000004" lon="11.53297">
    <ele>2008.82</ele>
   </trkpt>
   <trkpt lat="46.316750000000006" lon="11.5327">
    <ele>2014.25</ele>
   </trkpt>
   <trkpt lat="46.31667" lon="11.532670000000001">
    <ele>2017.02</ele>
   </trkpt>
   <trkpt lat="46.316570000000006" lon="11.53273">
    <ele>2018.9500000000003</ele>
   </trkpt>
   <trkpt lat="46.31638" lon="11.532670000000001">
    <ele>2023.94</ele>
   </trkpt>
   <trkpt lat="46.31598000054589" lon="11.532319997452094">
    <ele>2033.4600000000003</ele>
   </trkpt>
   <trkpt lat="46.315580000000004" lon="11.531970000000001">
    <ele>2040.0200000000002</ele>
   </trkpt>
   <trkpt lat="46.31551" lon="11.53181">
    <ele>2042.8900000000003</ele>
   </trkpt>
   <trkpt lat="46.31539" lon="11.531770000000002">
    <ele>2043.5000000000002</ele>
   </trkpt>
   <trkpt lat="46.3153" lon="11.5317">
    <ele>2046.03</ele>
   </trkpt>
   <trkpt lat="46.315220000000004" lon="11.531580000000002">
    <ele>2047.19</ele>
   </trkpt>
   <trkpt lat="46.3151" lon="11.53157">
    <ele>2048.86</ele>
   </trkpt>
   <trkpt lat="46.314870000000006" lon="11.53166">
    <ele>2052.2599999999998</ele>
   </trkpt>
   <trkpt lat="46.31476000000001" lon="11.531580000000002">
    <ele>2053.64</ele>
   </trkpt>
   <trkpt lat="46.31467000000001" lon="11.53142">
    <ele>2056.05</ele>
   </trkpt>
   <trkpt lat="46.3145" lon="11.530740000000002">
    <ele>2062.34</ele>
   </trkpt>
   <trkpt lat="46.31412" lon="11.530750000000001">
    <ele>2068.03</ele>
   </trkpt>
   <trkpt lat="46.31401" lon="11.530700000000001">
    <ele>2069.26</ele>
   </trkpt>
   <trkpt lat="46.31387" lon="11.53057">
    <ele>2071.05</ele>
   </trkpt>
   <trkpt lat="46.31374" lon="11.530510000000001">
    <ele>2072.9100000000003</ele>
   </trkpt>
   <trkpt lat="46.313570000000006" lon="11.530360000000002">
    <ele>2074.84</ele>
   </trkpt>
   <trkpt lat="46.313480000000006" lon="11.53025">
    <ele>2077.4900000000002</ele>
   </trkpt>
   <trkpt lat="46.313390000000005" lon="11.530230000000001">
    <ele>2078.76</ele>
   </trkpt>
   <trkpt lat="46.31333" lon="11.530270000000002">
    <ele>2079.93</ele>
   </trkpt>
   <trkpt lat="46.31308000000001" lon="11.530890000000001">
    <ele>2086.4</ele>
   </trkpt>
   <trkpt lat="46.31293" lon="11.53101">
    <ele>2086.4</ele>
   </trkpt>
   <trkpt lat="46.31286" lon="11.531020000000002">
    <ele>2089.4600000000005</ele>
   </trkpt>
   <trkpt lat="46.31273" lon="11.53095">
    <ele>2090.3900000000003</ele>
   </trkpt>
   <trkpt lat="46.312630000000006" lon="11.530930000000001">
    <ele>2091.7000000000003</ele>
   </trkpt>
   <trkpt lat="46.312540000000006" lon="11.530890000000001">
    <ele>2092.1800000000003</ele>
   </trkpt>
   <trkpt lat="46.312490000000004" lon="11.53081">
    <ele>2092.9700000000003</ele>
   </trkpt>
   <trkpt lat="46.312400000000004" lon="11.530880000000002">
    <ele>2075.6</ele>
   </trkpt>
   <trkpt lat="46.312310000000004" lon="11.530940000000001">
    <ele>2074.6900000000005</ele>
   </trkpt>
   <trkpt lat="46.31219" lon="11.5309">
    <ele>2075.85</ele>
   </trkpt>
   <trkpt lat="46.311980000000005" lon="11.53068">
    <ele>2080.63</ele>
   </trkpt>
   <trkpt lat="46.31192" lon="11.530560000000001">
    <ele>2083.65</ele>
   </trkpt>
   <trkpt lat="46.31185000000001" lon="11.53016">
    <ele>2096.4</ele>
   </trkpt>
   <trkpt lat="46.311730000000004" lon="11.529940000000002">
    <ele>2102.23</ele>
   </trkpt>
   <trkpt lat="46.311600000000006" lon="11.529560000000002">
    <ele>2112.53</ele>
   </trkpt>
   <trkpt lat="46.311420000000005" lon="11.52927">
    <ele>2119.33</ele>
   </trkpt>
   <trkpt lat="46.31125" lon="11.52918">
    <ele>2120.06</ele>
   </trkpt>
   <trkpt lat="46.310950000000005" lon="11.529240000000001">
    <ele>2116.8500000000004</ele>
   </trkpt>
   <trkpt lat="46.310840000000006" lon="11.52923">
    <ele>2116.6500000000005</ele>
   </trkpt>
   <trkpt lat="46.31076" lon="11.52917">
    <ele>2118.17</ele>
   </trkpt>
   <trkpt lat="46.31069" lon="11.52907">
    <ele>2122.37</ele>
   </trkpt>
   <trkpt lat="46.31053000000001" lon="11.528950000000002">
    <ele>2125.5800000000004</ele>
   </trkpt>
   <trkpt lat="46.31033" lon="11.528910000000002">
    <ele>2127.64</ele>
   </trkpt>
   <trkpt lat="46.309900000000006" lon="11.528630000000001">
    <ele>2130.31</ele>
   </trkpt>
   <trkpt lat="46.30957" lon="11.528340000000002">
    <ele>2129.1600000000003</ele>
   </trkpt>
   <trkpt lat="46.30948" lon="11.528360000000001">
    <ele>2127.7799999999997</ele>
   </trkpt>
   <trkpt lat="46.30939" lon="11.52856">
    <ele>2125.77</ele>
   </trkpt>
   <trkpt lat="46.30937" lon="11.52874">
    <ele>2123.93</ele>
   </trkpt>
   <trkpt lat="46.30931" lon="11.528860000000002">
    <ele>2122.49</ele>
   </trkpt>
   <trkpt lat="46.30922" lon="11.5289">
    <ele>2120.79</ele>
   </trkpt>
   <trkpt lat="46.30903000000001" lon="11.52889">
    <ele>2117.54</ele>
   </trkpt>
   <trkpt lat="46.308890000000005" lon="11.528780000000001">
    <ele>2115.1400000000003</ele>
   </trkpt>
   <trkpt lat="46.308710000000005" lon="11.52879">
    <ele>2108.7700000000004</ele>
   </trkpt>
   <trkpt lat="46.30859" lon="11.52875">
    <ele>2108.7700000000004</ele>
   </trkpt>
   <trkpt lat="46.3085" lon="11.528490000000001">
    <ele>2105.71</ele>
   </trkpt>
   <trkpt lat="46.308510000000005" lon="11.528440000000002">
    <ele>2103.55</ele>
   </trkpt>
   <trkpt lat="46.30861" lon="11.528360000000001">
    <ele>2104.1000000000004</ele>
   </trkpt>
   <trkpt lat="46.30872" lon="11.52838">
    <ele>2104.57</ele>
   </trkpt>
   <trkpt lat="46.30886" lon="11.52832">
    <ele>2105.55</ele>
   </trkpt>
   <trkpt lat="46.308960000000006" lon="11.52818">
    <ele>2107.37</ele>
   </trkpt>
   <trkpt lat="46.30908" lon="11.528070000000001">
    <ele>2107.75</ele>
   </trkpt>
   <trkpt lat="46.309180000000005" lon="11.52791">
    <ele>2105.68</ele>
   </trkpt>
   <trkpt lat="46.30937" lon="11.527780000000002">
    <ele>2106.59</ele>
   </trkpt>
   <trkpt lat="46.309400000000004" lon="11.527780000000002">
    <ele>2107.96</ele>
   </trkpt>
   <trkpt lat="46.30946" lon="11.527880000000001">
    <ele>2109.6600000000003</ele>
   </trkpt>
   <trkpt lat="46.30950000000001" lon="11.52791">
    <ele>2115.61</ele>
   </trkpt>
   <trkpt lat="46.30953" lon="11.52782">
    <ele>2115.61</ele>
   </trkpt>
   <trkpt lat="46.309490000000004" lon="11.527730000000002">
    <ele>2118.46</ele>
   </trkpt>
   <trkpt lat="46.30946" lon="11.527470000000001">
    <ele>2118.67</ele>
   </trkpt>
   <trkpt lat="46.30951" lon="11.5274">
    <ele>2116.93</ele>
   </trkpt>
   <trkpt lat="46.30950000000001" lon="11.527370000000001">
    <ele>2116.93</ele>
   </trkpt>
   <trkpt lat="46.30955" lon="11.52734">
    <ele>2116.11</ele>
   </trkpt>
   <trkpt lat="46.3096" lon="11.527370000000001">
    <ele>2115.2200000000003</ele>
   </trkpt>
   <trkpt lat="46.30966" lon="11.52734">
    <ele>2115.24</ele>
   </trkpt>
   <trkpt lat="46.309830000000005" lon="11.527140000000001">
    <ele>2118.88</ele>
   </trkpt>
   <trkpt lat="46.30988000000001" lon="11.52702">
    <ele>2120.3100000000004</ele>
   </trkpt>
   <trkpt lat="46.309900000000006" lon="11.526710000000001">
    <ele>2121.9300000000003</ele>
   </trkpt>
   <trkpt lat="46.310010000000005" lon="11.526480000000001">
    <ele>2122.13</ele>
   </trkpt>
   <trkpt lat="46.31006000000001" lon="11.52631">
    <ele>2120.94</ele>
   </trkpt>
   <trkpt lat="46.31017000000001" lon="11.526230000000002">
    <ele>2119.04</ele>
   </trkpt>
   <trkpt lat="46.310190000000006" lon="11.52599">
    <ele>2118.67</ele>
   </trkpt>
   <trkpt lat="46.31017000000001" lon="11.525720000000002">
    <ele>2119.4900000000002</ele>
   </trkpt>
   <trkpt lat="46.310230000000004" lon="11.525490000000001">
    <ele>2117.6700000000005</ele>
   </trkpt>
   <trkpt lat="46.31044000000001" lon="11.525220000000001">
    <ele>2113.8500000000004</ele>
   </trkpt>
   <trkpt lat="46.31065" lon="11.525200000000002">
    <ele>2114.25</ele>
   </trkpt>
   <trkpt lat="46.3108" lon="11.525150000000002">
    <ele>2115.81</ele>
   </trkpt>
   <trkpt lat="46.31109000000001" lon="11.525">
    <ele>2119.9700000000003</ele>
   </trkpt>
   <trkpt lat="46.311260000000004" lon="11.524870000000002">
    <ele>2125.44</ele>
   </trkpt>
   <trkpt lat="46.311330000000005" lon="11.52443">
    <ele>2135.7400000000002</ele>
   </trkpt>
   <trkpt lat="46.311370000000004" lon="11.52435">
    <ele>2137.9100000000003</ele>
   </trkpt>
   <trkpt lat="46.31141" lon="11.524090000000001">
    <ele>2140.8300000000004</ele>
   </trkpt>
   <trkpt lat="46.31129000000001" lon="11.523790000000002">
    <ele>2145.78</ele>
   </trkpt>
   <trkpt lat="46.31125" lon="11.523470000000001">
    <ele>2147.54</ele>
   </trkpt>
   <trkpt lat="46.31120000000001" lon="11.52331">
    <ele>2146.9300000000003</ele>
   </trkpt>
   <trkpt lat="46.31119" lon="11.523280000000002">
    <ele>2146.83</ele>
   </trkpt>
   <trkpt lat="46.311350000000004" lon="11.52349">
    <ele>2150.7599999999998</ele>
   </trkpt>
   <trkpt lat="46.311530000000005" lon="11.52355">
    <ele>2150.7200000000003</ele>
   </trkpt>
   <trkpt lat="46.311690000000006" lon="11.523560000000002">
    <ele>2149.17</ele>
   </trkpt>
   <trkpt lat="46.31186" lon="11.523650000000002">
    <ele>2148.39</ele>
   </trkpt>
   <trkpt lat="46.311980000000005" lon="11.52383">
    <ele>2147.55</ele>
   </trkpt>
   <trkpt lat="46.312050000000006" lon="11.523850000000001">
    <ele>2145.61</ele>
   </trkpt>
   <trkpt lat="46.31215" lon="11.52396">
    <ele>2145.17</ele>
   </trkpt>
   <trkpt lat="46.31228" lon="11.523990000000001">
    <ele>2143.4700000000003</ele>
   </trkpt>
   <trkpt lat="46.31273" lon="11.52429">
    <ele>2143.2999999999997</ele>
   </trkpt>
   <trkpt lat="46.313050000000004" lon="11.52467">
    <ele>2147.78</ele>
   </trkpt>
   <trkpt lat="46.31327" lon="11.525170000000001">
    <ele>2147.64</ele>
   </trkpt>
   <trkpt lat="46.31338" lon="11.52537">
    <ele>2147.63</ele>
   </trkpt>
   <trkpt lat="46.31372" lon="11.52556">
    <ele>2148.03</ele>
   </trkpt>
   <trkpt lat="46.313680000000005" lon="11.52632">
    <ele>2141.01</ele>
   </trkpt>
   <trkpt lat="46.313430000000004" lon="11.527280000000001">
    <ele>2127.33</ele>
   </trkpt>
   <trkpt lat="46.313370000000006" lon="11.527750000000001">
    <ele>2121.9300000000003</ele>
   </trkpt>
   <trkpt lat="46.31335000000001" lon="11.52815">
    <ele>2116.29</ele>
   </trkpt>
   <trkpt lat="46.31344000000001" lon="11.528210000000001">
    <ele>2115.4100000000003</ele>
   </trkpt>
   <trkpt lat="46.3136" lon="11.52843">
    <ele>2114.63</ele>
   </trkpt>
   <trkpt lat="46.313700000000004" lon="11.52848">
    <ele>2114.63</ele>
   </trkpt>
   <trkpt lat="46.31400000000001" lon="11.528780000000001">
    <ele>2114.52</ele>
   </trkpt>
   <trkpt lat="46.31419" lon="11.529150000000001">
    <ele>2115.18</ele>
   </trkpt>
   <trkpt lat="46.314400000000006" lon="11.529050000000002">
    <ele>2114.08</ele>
   </trkpt>
   <trkpt lat="46.314820000000005" lon="11.52921">
    <ele>2114.94</ele>
   </trkpt>
   <trkpt lat="46.315270000000005" lon="11.529560000000002">
    <ele>2117.3</ele>
   </trkpt>
   <trkpt lat="46.31562" lon="11.52997">
    <ele>2117.4000000000005</ele>
   </trkpt>
   <trkpt lat="46.315830000000005" lon="11.530100000000001">
    <ele>2116.9900000000002</ele>
   </trkpt>
   <trkpt lat="46.316320000000005" lon="11.53001">
    <ele>2108.9100000000003</ele>
   </trkpt>
   <trkpt lat="46.31665" lon="11.5302">
    <ele>2104.5800000000004</ele>
   </trkpt>
   <trkpt lat="46.31685" lon="11.53048">
    <ele>2102.19</ele>
   </trkpt>
   <trkpt lat="46.31712" lon="11.53063">
    <ele>2101.77</ele>
   </trkpt>
   <trkpt lat="46.317980000000006" lon="11.53048">
    <ele>2095.7000000000003</ele>
   </trkpt>
   <trkpt lat="46.318340000000006" lon="11.530800000000001">
    <ele>2095.9</ele>
   </trkpt>
   <trkpt lat="46.31859" lon="11.53091">
    <ele>2096.02</ele>
   </trkpt>
   <trkpt lat="46.318850000000005" lon="11.53129">
    <ele>2099.64</ele>
   </trkpt>
   <trkpt lat="46.31907" lon="11.531490000000002">
    <ele>2102.97</ele>
   </trkpt>
   <trkpt lat="46.3194" lon="11.531400000000001">
    <ele>2105.3100000000004</ele>
   </trkpt>
   <trkpt lat="46.31969" lon="11.53143">
    <ele>2106.69</ele>
   </trkpt>
   <trkpt lat="46.32023" lon="11.531860000000002">
    <ele>2114.8100000000004</ele>
   </trkpt>
   <trkpt lat="46.32067000000001" lon="11.531930000000001">
    <ele>2118.09</ele>
   </trkpt>
   <trkpt lat="46.32074" lon="11.53198">
    <ele>2118.7500000000005</ele>
   </trkpt>
   <trkpt lat="46.32103" lon="11.531880000000001">
    <ele>2120.2200000000003</ele>
   </trkpt>
   <trkpt lat="46.321110000000004" lon="11.53195">
    <ele>2120.8</ele>
   </trkpt>
   <trkpt lat="46.321270000000005" lon="11.531930000000001">
    <ele>2121.27</ele>
   </trkpt>
   <trkpt lat="46.32148" lon="11.532050000000002">
    <ele>2121.65</ele>
   </trkpt>
   <trkpt lat="46.32229" lon="11.53194">
    <ele>2127.64</ele>
   </trkpt>
   <trkpt lat="46.32256" lon="11.532110000000001">
    <ele>2132.57</ele>
   </trkpt>
   <trkpt lat="46.322950000000006" lon="11.53231">
    <ele>2135.92</ele>
   </trkpt>
   <trkpt lat="46.323040000000006" lon="11.532490000000001">
    <ele>2138.23</ele>
   </trkpt>
   <trkpt lat="46.32327" lon="11.53255">
    <ele>2140.9</ele>
   </trkpt>
   <trkpt lat="46.32352" lon="11.53265">
    <ele>2142.3300000000004</ele>
   </trkpt>
   <trkpt lat="46.323730000000005" lon="11.53259">
    <ele>2144.01</ele>
   </trkpt>
   <trkpt lat="46.323930000000004" lon="11.53275">
    <ele>2145.81</ele>
   </trkpt>
   <trkpt lat="46.324220000000004" lon="11.53288">
    <ele>2150.77</ele>
   </trkpt>
   <trkpt lat="46.324510000000004" lon="11.533080000000002">
    <ele>2152.8900000000003</ele>
   </trkpt>
   <trkpt lat="46.32497500026454" lon="11.533025000437778">
    <ele>2156.3</ele>
   </trkpt>
   <trkpt lat="46.32544" lon="11.53297">
    <ele>2160.73</ele>
   </trkpt>
   <trkpt lat="46.325430000000004" lon="11.53288">
    <ele>2160.59</ele>
   </trkpt>
   <trkpt lat="46.325210000000006" lon="11.532290000000001">
    <ele>2162.7200000000003</ele>
   </trkpt>
   <trkpt lat="46.325010000000006" lon="11.531820000000002">
    <ele>2167.6600000000003</ele>
   </trkpt>
   <trkpt lat="46.324850000000005" lon="11.531220000000001">
    <ele>2172.92</ele>
   </trkpt>
   <trkpt lat="46.32481000000001" lon="11.531170000000001">
    <ele>2174.8199999999997</ele>
   </trkpt>
   <trkpt lat="46.324600000000004" lon="11.53124">
    <ele>2177.65</ele>
   </trkpt>
   <trkpt lat="46.32441" lon="11.531120000000001">
    <ele>2178.26</ele>
   </trkpt>
   <trkpt lat="46.324220000000004" lon="11.5312">
    <ele>2176.94</ele>
   </trkpt>
   <trkpt lat="46.324040000000004" lon="11.53124">
    <ele>2177.21</ele>
   </trkpt>
   <trkpt lat="46.32392" lon="11.5312">
    <ele>2178.2000000000003</ele>
   </trkpt>
   <trkpt lat="46.323750000000004" lon="11.531080000000001">
    <ele>2178.69</ele>
   </trkpt>
   <trkpt lat="46.32354" lon="11.5309">
    <ele>2180.32</ele>
   </trkpt>
   <trkpt lat="46.32349000000001" lon="11.53076">
    <ele>2182.32</ele>
   </trkpt>
   <trkpt lat="46.32341" lon="11.530420000000001">
    <ele>2186.48</ele>
   </trkpt>
   <trkpt lat="46.32332" lon="11.530280000000001">
    <ele>2187.2000000000003</ele>
   </trkpt>
   <trkpt lat="46.32316" lon="11.530230000000001">
    <ele>2188.11</ele>
   </trkpt>
   <trkpt lat="46.32312" lon="11.530140000000001">
    <ele>2188.9700000000003</ele>
   </trkpt>
   <trkpt lat="46.32303" lon="11.53012">
    <ele>2190.17</ele>
   </trkpt>
   <trkpt lat="46.32296" lon="11.530170000000002">
    <ele>2191.51</ele>
   </trkpt>
   <trkpt lat="46.322900000000004" lon="11.530140000000001">
    <ele>2192.13</ele>
   </trkpt>
   <trkpt lat="46.32284000000001" lon="11.530040000000001">
    <ele>2193.08</ele>
   </trkpt>
   <trkpt lat="46.322410000000005" lon="11.529580000000001">
    <ele>2199.51</ele>
   </trkpt>
   <trkpt lat="46.322280000000006" lon="11.529520000000002">
    <ele>2203.11</ele>
   </trkpt>
   <trkpt lat="46.322230000000005" lon="11.5294">
    <ele>2205.9100000000003</ele>
   </trkpt>
   <trkpt lat="46.32226000000001" lon="11.52927">
    <ele>2209.95</ele>
   </trkpt>
   <trkpt lat="46.322210000000005" lon="11.529240000000001">
    <ele>2209.95</ele>
   </trkpt>
   <trkpt lat="46.32208000000001" lon="11.529240000000001">
    <ele>2214.09</ele>
   </trkpt>
   <trkpt lat="46.32198" lon="11.52908">
    <ele>2218.89</ele>
   </trkpt>
   <trkpt lat="46.32182" lon="11.529000000000002">
    <ele>2222.84</ele>
   </trkpt>
   <trkpt lat="46.321600000000004" lon="11.52885">
    <ele>2227.01</ele>
   </trkpt>
   <trkpt lat="46.32144" lon="11.5286">
    <ele>2233.5200000000004</ele>
   </trkpt>
   <trkpt lat="46.321250000000006" lon="11.528580000000002">
    <ele>2236.85</ele>
   </trkpt>
   <trkpt lat="46.32108" lon="11.52848">
    <ele>2238.3900000000003</ele>
   </trkpt>
   <trkpt lat="46.32094000000001" lon="11.52848">
    <ele>2238.6000000000004</ele>
   </trkpt>
   <trkpt lat="46.320710000000005" lon="11.52843">
    <ele>2238.9900000000002</ele>
   </trkpt>
   <trkpt lat="46.320420000000006" lon="11.528500000000001">
    <ele>2240.7799999999997</ele>
   </trkpt>
   <trkpt lat="46.32012" lon="11.52847">
    <ele>2246.08</ele>
   </trkpt>
   <trkpt lat="46.31991000000001" lon="11.528310000000001">
    <ele>2247.07</ele>
   </trkpt>
   <trkpt lat="46.319840000000006" lon="11.528210000000001">
    <ele>2245.8300000000004</ele>
   </trkpt>
   <trkpt lat="46.31973000000001" lon="11.52813">
    <ele>2243.91</ele>
   </trkpt>
   <trkpt lat="46.31965" lon="11.527970000000002">
    <ele>2241.3700000000003</ele>
   </trkpt>
   <trkpt lat="46.319590000000005" lon="11.527940000000001">
    <ele>2235.7200000000003</ele>
   </trkpt>
   <trkpt lat="46.31955000000001" lon="11.52801">
    <ele>2235.7200000000003</ele>
   </trkpt>
   <trkpt lat="46.3194" lon="11.528030000000001">
    <ele>2231.04</ele>
   </trkpt>
   <trkpt lat="46.31911" lon="11.52828">
    <ele>2218.6000000000004</ele>
   </trkpt>
   <trkpt lat="46.319100000000006" lon="11.528210000000001">
    <ele>2218.6000000000004</ele>
   </trkpt>
   <trkpt lat="46.31889" lon="11.528030000000001">
    <ele>2208.9800000000005</ele>
   </trkpt>
   <trkpt lat="46.318650000000005" lon="11.527890000000001">
    <ele>2204.66</ele>
   </trkpt>
   <trkpt lat="46.318580000000004" lon="11.52799">
    <ele>2203.67</ele>
   </trkpt>
   <trkpt lat="46.31853" lon="11.52786">
    <ele>2203.1</ele>
   </trkpt>
   <trkpt lat="46.318450000000006" lon="11.527920000000002">
    <ele>2203.04</ele>
   </trkpt>
   <trkpt lat="46.31805000000001" lon="11.52777">
    <ele>2201.7999999999997</ele>
   </trkpt>
   <trkpt lat="46.31752" lon="11.52796">
    <ele>2211.29</ele>
   </trkpt>
   <trkpt lat="46.31738000000001" lon="11.52813">
    <ele>2212.5600000000004</ele>
   </trkpt>
   <trkpt lat="46.316970000000005" lon="11.527640000000002">
    <ele>2212.2200000000003</ele>
   </trkpt>
   <trkpt lat="46.31687" lon="11.527600000000001">
    <ele>2214.44</ele>
   </trkpt>
   <trkpt lat="46.316680000000005" lon="11.527650000000001">
    <ele>2217.0400000000004</ele>
   </trkpt>
   <trkpt lat="46.31656" lon="11.527800000000001">
    <ele>2218.4700000000003</ele>
   </trkpt>
   <trkpt lat="46.31644000000001" lon="11.527780000000002">
    <ele>2220.12</ele>
   </trkpt>
   <trkpt lat="46.31631" lon="11.527600000000001">
    <ele>2221.5200000000004</ele>
   </trkpt>
   <trkpt lat="46.316140000000004" lon="11.527550000000002">
    <ele>2221.3199999999997</ele>
   </trkpt>
   <trkpt lat="46.31593" lon="11.52725">
    <ele>2214.09</ele>
   </trkpt>
   <trkpt lat="46.3158" lon="11.52693">
    <ele>2204.96</ele>
   </trkpt>
   <trkpt lat="46.31532000000001" lon="11.526710000000001">
    <ele>2186.22</ele>
   </trkpt>
   <trkpt lat="46.31514000000001" lon="11.52636">
    <ele>2179.97</ele>
   </trkpt>
   <trkpt lat="46.314890000000005" lon="11.526110000000001">
    <ele>2171.3500000000004</ele>
   </trkpt>
   <trkpt lat="46.314640000000004" lon="11.526000000000002">
    <ele>2164.1700000000005</ele>
   </trkpt>
   <trkpt lat="46.31429000000001" lon="11.52571">
    <ele>2152.6500000000005</ele>
   </trkpt>
   <trkpt lat="46.31394" lon="11.525680000000001">
    <ele>2146.8</ele>
   </trkpt>
   <trkpt lat="46.31372" lon="11.52556">
    <ele>2148.03</ele>
   </trkpt>
   <trkpt lat="46.31385" lon="11.52519">
    <ele>2144.5600000000004</ele>
   </trkpt>
   <trkpt lat="46.314220000000006" lon="11.524320000000001">
    <ele>2113.2500000000005</ele>
   </trkpt>
   <trkpt lat="46.314420000000005" lon="11.52419">
    <ele>2103.0299999999997</ele>
   </trkpt>
   <trkpt lat="46.31472" lon="11.52411">
    <ele>2090.07</ele>
   </trkpt>
   <trkpt lat="46.314840000000004" lon="11.523890000000002">
    <ele>2086.11</ele>
   </trkpt>
   <trkpt lat="46.31501" lon="11.52386">
    <ele>2074.43</ele>
   </trkpt>
   <trkpt lat="46.31505000000001" lon="11.52377">
    <ele>2072.32</ele>
   </trkpt>
   <trkpt lat="46.31513" lon="11.523700000000002">
    <ele>2067.8300000000004</ele>
   </trkpt>
   <trkpt lat="46.3153" lon="11.52326">
    <ele>2046.93</ele>
   </trkpt>
   <trkpt lat="46.31542" lon="11.52311">
    <ele>2042.3200000000002</ele>
   </trkpt>
   <trkpt lat="46.31555" lon="11.522630000000001">
    <ele>2022.5500000000002</ele>
   </trkpt>
   <trkpt lat="46.315560000000005" lon="11.52223">
    <ele>2011.0800000000002</ele>
   </trkpt>
   <trkpt lat="46.315740000000005" lon="11.521400000000002">
    <ele>1988.01</ele>
   </trkpt>
   <trkpt lat="46.315780000000004" lon="11.520790000000002">
    <ele>1977.51</ele>
   </trkpt>
   <trkpt lat="46.31591" lon="11.520610000000001">
    <ele>1971.3600000000001</ele>
   </trkpt>
   <trkpt lat="46.315920000000006" lon="11.520520000000001">
    <ele>1967.78</ele>
   </trkpt>
   <trkpt lat="46.31586" lon="11.520330000000001">
    <ele>1961.4600000000003</ele>
   </trkpt>
   <trkpt lat="46.31591" lon="11.52022">
    <ele>1954.4500000000003</ele>
   </trkpt>
   <trkpt lat="46.315990000000006" lon="11.520100000000001">
    <ele>1952.2100000000003</ele>
   </trkpt>
   <trkpt lat="46.31629" lon="11.520050000000001">
    <ele>1942.4800000000002</ele>
   </trkpt>
   <trkpt lat="46.31649" lon="11.519800000000002">
    <ele>1927.95</ele>
   </trkpt>
   <trkpt lat="46.316610000000004" lon="11.519730000000001">
    <ele>1923.18</ele>
   </trkpt>
   <trkpt lat="46.316680000000005" lon="11.519490000000001">
    <ele>1918.3400000000001</ele>
   </trkpt>
   <trkpt lat="46.316810000000004" lon="11.519260000000001">
    <ele>1911.7400000000002</ele>
   </trkpt>
   <trkpt lat="46.316840000000006" lon="11.51904">
    <ele>1907.9800000000002</ele>
   </trkpt>
   <trkpt lat="46.316840000000006" lon="11.518510000000001">
    <ele>1905.1100000000001</ele>
   </trkpt>
   <trkpt lat="46.31678" lon="11.518160000000002">
    <ele>1906.2200000000003</ele>
   </trkpt>
   <trkpt lat="46.31689" lon="11.517690000000002">
    <ele>1900.6000000000001</ele>
   </trkpt>
   <trkpt lat="46.31703" lon="11.51762">
    <ele>1895.55</ele>
   </trkpt>
   <trkpt lat="46.317130000000006" lon="11.517380000000001">
    <ele>1888.21</ele>
   </trkpt>
   <trkpt lat="46.31721" lon="11.516910000000001">
    <ele>1876.77</ele>
   </trkpt>
   <trkpt lat="46.31743" lon="11.516480000000001">
    <ele>1856.15</ele>
   </trkpt>
   <trkpt lat="46.31749000000001" lon="11.516150000000001">
    <ele>1851.35</ele>
   </trkpt>
   <trkpt lat="46.31749000000001" lon="11.515500000000001">
    <ele>1837.3400000000001</ele>
   </trkpt>
   <trkpt lat="46.31763" lon="11.51538">
    <ele>1836.7300000000002</ele>
   </trkpt>
   <trkpt lat="46.317710000000005" lon="11.51519">
    <ele>1834.93</ele>
   </trkpt>
   <trkpt lat="46.317820000000005" lon="11.515030000000001">
    <ele>1832.6200000000001</ele>
   </trkpt>
   <trkpt lat="46.3179" lon="11.51476">
    <ele>1826.1</ele>
   </trkpt>
   <trkpt lat="46.318020000000004" lon="11.51459">
    <ele>1815.41</ele>
   </trkpt>
   <trkpt lat="46.318090000000005" lon="11.514280000000001">
    <ele>1812.6000000000001</ele>
   </trkpt>
   <trkpt lat="46.318180000000005" lon="11.5143">
    <ele>1811.2800000000002</ele>
   </trkpt>
   <trkpt lat="46.31828" lon="11.514500000000002">
    <ele>1806.19</ele>
   </trkpt>
   <trkpt lat="46.31832000000001" lon="11.51468">
    <ele>1803.39</ele>
   </trkpt>
   <trkpt lat="46.318360000000006" lon="11.51462">
    <ele>1798.7700000000002</ele>
   </trkpt>
   <trkpt lat="46.318430000000006" lon="11.51463">
    <ele>1798.7700000000002</ele>
   </trkpt>
   <trkpt lat="46.318490000000004" lon="11.51473">
    <ele>1789.74</ele>
   </trkpt>
   <trkpt lat="46.318540000000006" lon="11.514750000000001">
    <ele>1789.74</ele>
   </trkpt>
   <trkpt lat="46.31862" lon="11.51444">
    <ele>1782.65</ele>
   </trkpt>
   <trkpt lat="46.31870000000001" lon="11.514460000000001">
    <ele>1782.65</ele>
   </trkpt>
   <trkpt lat="46.318760000000005" lon="11.514420000000001">
    <ele>1779.7</ele>
   </trkpt>
   <trkpt lat="46.3188" lon="11.514220000000002">
    <ele>1776.48</ele>
   </trkpt>
   <trkpt lat="46.318720000000006" lon="11.51392">
    <ele>1766.3600000000001</ele>
   </trkpt>
   <trkpt lat="46.31879000000001" lon="11.51387">
    <ele>1761.57</ele>
   </trkpt>
   <trkpt lat="46.319010000000006" lon="11.514080000000002">
    <ele>1755.9</ele>
   </trkpt>
   <trkpt lat="46.319030000000005" lon="11.513950000000001">
    <ele>1750.96</ele>
   </trkpt>
   <trkpt lat="46.319" lon="11.51374">
    <ele>1747.1000000000001</ele>
   </trkpt>
   <trkpt lat="46.31879000000001" lon="11.51312">
    <ele>1734.0900000000001</ele>
   </trkpt>
   <trkpt lat="46.318830000000005" lon="11.512970000000001">
    <ele>1731.03</ele>
   </trkpt>
   <trkpt lat="46.31884" lon="11.512950000000002">
    <ele>1731.03</ele>
   </trkpt>
   <trkpt lat="46.31909" lon="11.513140000000002">
    <ele>1722.16</ele>
   </trkpt>
   <trkpt lat="46.319320000000005" lon="11.51337">
    <ele>1718.22</ele>
   </trkpt>
   <trkpt lat="46.319570000000006" lon="11.513700000000002">
    <ele>1717.0</ele>
   </trkpt>
   <trkpt lat="46.31974" lon="11.51407">
    <ele>1713.0100000000002</ele>
   </trkpt>
   <trkpt lat="46.31985" lon="11.5144">
    <ele>1709.3400000000001</ele>
   </trkpt>
   <trkpt lat="46.31973000000001" lon="11.51462">
    <ele>1705.4600000000003</ele>
   </trkpt>
   <trkpt lat="46.31982000000001" lon="11.514650000000001">
    <ele>1702.9</ele>
   </trkpt>
   <trkpt lat="46.31976" lon="11.514940000000001">
    <ele>1696.19</ele>
   </trkpt>
   <trkpt lat="46.3198" lon="11.51504">
    <ele>1694.3700000000001</ele>
   </trkpt>
   <trkpt lat="46.31996" lon="11.515160000000002">
    <ele>1693.0600000000002</ele>
   </trkpt>
   <trkpt lat="46.32001" lon="11.51538">
    <ele>1693.6000000000001</ele>
   </trkpt>
   <trkpt lat="46.31996" lon="11.515550000000001">
    <ele>1693.21</ele>
   </trkpt>
   <trkpt lat="46.31996" lon="11.51566">
    <ele>1692.1000000000001</ele>
   </trkpt>
   <trkpt lat="46.32003" lon="11.515820000000001">
    <ele>1689.5500000000002</ele>
   </trkpt>
   <trkpt lat="46.32016" lon="11.51599">
    <ele>1687.3500000000001</ele>
   </trkpt>
   <trkpt lat="46.32012" lon="11.516200000000001">
    <ele>1683.72</ele>
   </trkpt>
   <trkpt lat="46.32025" lon="11.516340000000001">
    <ele>1681.66</ele>
   </trkpt>
   <trkpt lat="46.32025" lon="11.5165">
    <ele>1678.1100000000001</ele>
   </trkpt>
   <trkpt lat="46.32036" lon="11.516910000000001">
    <ele>1663.1200000000001</ele>
   </trkpt>
   <trkpt lat="46.320510000000006" lon="11.516900000000001">
    <ele>1663.1200000000001</ele>
   </trkpt>
   <trkpt lat="46.320620000000005" lon="11.516950000000001">
    <ele>1657.42</ele>
   </trkpt>
   <trkpt lat="46.320710000000005" lon="11.516940000000002">
    <ele>1656.06</ele>
   </trkpt>
   <trkpt lat="46.32079" lon="11.51689">
    <ele>1653.8000000000002</ele>
   </trkpt>
   <trkpt lat="46.320840000000004" lon="11.51664">
    <ele>1651.0800000000002</ele>
   </trkpt>
   <trkpt lat="46.3209" lon="11.51646">
    <ele>1648.47</ele>
   </trkpt>
   <trkpt lat="46.32105000000001" lon="11.516240000000002">
    <ele>1644.7500000000002</ele>
   </trkpt>
   <trkpt lat="46.32128" lon="11.516210000000001">
    <ele>1637.93</ele>
   </trkpt>
   <trkpt lat="46.32137" lon="11.516160000000001">
    <ele>1632.2900000000002</ele>
   </trkpt>
   <trkpt lat="46.32146" lon="11.516070000000001">
    <ele>1628.4900000000002</ele>
   </trkpt>
   <trkpt lat="46.32157" lon="11.516050000000002">
    <ele>1627.38</ele>
   </trkpt>
   <trkpt lat="46.321650000000005" lon="11.515780000000001">
    <ele>1621.01</ele>
   </trkpt>
   <trkpt lat="46.3218" lon="11.515640000000001">
    <ele>1609.7700000000002</ele>
   </trkpt>
   <trkpt lat="46.32186" lon="11.51528">
    <ele>1598.88</ele>
   </trkpt>
   <trkpt lat="46.32202" lon="11.51495">
    <ele>1587.05</ele>
   </trkpt>
   <trkpt lat="46.322230000000005" lon="11.514410000000002">
    <ele>1570.19</ele>
   </trkpt>
   <trkpt lat="46.322410000000005" lon="11.51434">
    <ele>1560.81</ele>
   </trkpt>
   <trkpt lat="46.32249" lon="11.514230000000001">
    <ele>1555.83</ele>
   </trkpt>
   <trkpt lat="46.32256" lon="11.513950000000001">
    <ele>1551.7500000000002</ele>
   </trkpt>
   <trkpt lat="46.32282000000001" lon="11.513700000000002">
    <ele>1540.28</ele>
   </trkpt>
   <trkpt lat="46.323040000000006" lon="11.5134">
    <ele>1531.2100000000003</ele>
   </trkpt>
   <trkpt lat="46.32311000000001" lon="11.513250000000001">
    <ele>1525.8200000000002</ele>
   </trkpt>
   <trkpt lat="46.323040000000006" lon="11.513140000000002">
    <ele>1519.68</ele>
   </trkpt>
   <trkpt lat="46.32274" lon="11.51312">
    <ele>1508.73</ele>
   </trkpt>
   <trkpt lat="46.32271" lon="11.51304">
    <ele>1508.73</ele>
   </trkpt>
   <trkpt lat="46.32271" lon="11.512950000000002">
    <ele>1506.7</ele>
   </trkpt>
   <trkpt lat="46.322790000000005" lon="11.512920000000001">
    <ele>1505.6100000000001</ele>
   </trkpt>
   <trkpt lat="46.322860000000006" lon="11.51275">
    <ele>1501.46</ele>
   </trkpt>
   <trkpt lat="46.32285" lon="11.51243">
    <ele>1489.26</ele>
   </trkpt>
   <trkpt lat="46.32287" lon="11.5121">
    <ele>1482.4700000000003</ele>
   </trkpt>
   <trkpt lat="46.32307" lon="11.511560000000001">
    <ele>1466.46</ele>
   </trkpt>
   <trkpt lat="46.32302000000001" lon="11.51121">
    <ele>1457.21</ele>
   </trkpt>
   <trkpt lat="46.323060000000005" lon="11.510750000000002">
    <ele>1449.6200000000001</ele>
   </trkpt>
   <trkpt lat="46.32321" lon="11.51012">
    <ele>1435.28</ele>
   </trkpt>
   <trkpt lat="46.32327" lon="11.50974">
    <ele>1426.98</ele>
   </trkpt>
   <trkpt lat="46.32327" lon="11.50965">
    <ele>1426.98</ele>
   </trkpt>
   <trkpt lat="46.323330000000006" lon="11.50941">
    <ele>1418.74</ele>
   </trkpt>
   <trkpt lat="46.323240000000006" lon="11.50914">
    <ele>1415.1100000000001</ele>
   </trkpt>
   <trkpt lat="46.32320000000001" lon="11.50876">
    <ele>1410.9</ele>
   </trkpt>
   <trkpt lat="46.323170000000005" lon="11.508280000000001">
    <ele>1400.68</ele>
   </trkpt>
   <trkpt lat="46.323190000000004" lon="11.50786">
    <ele>1394.8100000000002</ele>
   </trkpt>
   <trkpt lat="46.323310000000006" lon="11.50741">
    <ele>1386.47</ele>
   </trkpt>
   <trkpt lat="46.32336" lon="11.5066">
    <ele>1371.8000000000002</ele>
   </trkpt>
   <trkpt lat="46.323460000000004" lon="11.506060000000002">
    <ele>1365.94</ele>
   </trkpt>
   <trkpt lat="46.32347" lon="11.505770000000002">
    <ele>1360.7900000000002</ele>
   </trkpt>
   <trkpt lat="46.323600000000006" lon="11.50534">
    <ele>1351.2700000000002</ele>
   </trkpt>
   <trkpt lat="46.323620000000005" lon="11.505120000000002">
    <ele>1351.2700000000002</ele>
   </trkpt>
   <trkpt lat="46.32285" lon="11.504510000000002">
    <ele>1342.1000000000001</ele>
   </trkpt>
   <trkpt lat="46.322590000000005" lon="11.504240000000001">
    <ele>1339.11</ele>
   </trkpt>
   <trkpt lat="46.322070000000004" lon="11.503850000000002">
    <ele>1328.93</ele>
   </trkpt>
   <trkpt lat="46.32159" lon="11.50345">
    <ele>1323.29</ele>
   </trkpt>
   <trkpt lat="46.32142" lon="11.503380000000002">
    <ele>1321.15</ele>
   </trkpt>
   <trkpt lat="46.32096000000001" lon="11.503910000000001">
    <ele>1320.8000000000002</ele>
   </trkpt>
   <trkpt lat="46.320780000000006" lon="11.50393">
    <ele>1318.0500000000002</ele>
   </trkpt>
   <trkpt lat="46.32065" lon="11.50388">
    <ele>1318.0500000000002</ele>
   </trkpt>
   <trkpt lat="46.320570000000004" lon="11.503760000000002">
    <ele>1316.18</ele>
   </trkpt>
   <trkpt lat="46.32038000000001" lon="11.50341">
    <ele>1308.8300000000002</ele>
   </trkpt>
   <trkpt lat="46.32002000000001" lon="11.502780000000001">
    <ele>1292.66</ele>
   </trkpt>
   <trkpt lat="46.31983" lon="11.502490000000002">
    <ele>1290.7700000000002</ele>
   </trkpt>
   <trkpt lat="46.3198" lon="11.50233">
    <ele>1288.41</ele>
   </trkpt>
   <trkpt lat="46.31982000000001" lon="11.502270000000001">
    <ele>1288.41</ele>
   </trkpt>
   <trkpt lat="46.319860000000006" lon="11.50223">
    <ele>1288.41</ele>
   </trkpt>
   <trkpt lat="46.31996" lon="11.50219">
    <ele>1287.65</ele>
   </trkpt>
   <trkpt lat="46.32" lon="11.502130000000001">
    <ele>1286.5300000000002</ele>
   </trkpt>
   <trkpt lat="46.32002000000001" lon="11.502130000000001">
    <ele>1286.5300000000002</ele>
   </trkpt>
   <trkpt lat="46.32005" lon="11.502180000000001">
    <ele>1286.5300000000002</ele>
   </trkpt>
   <trkpt lat="46.32014" lon="11.50224">
    <ele>1285.8200000000002</ele>
   </trkpt>
   <trkpt lat="46.32021" lon="11.502260000000001">
    <ele>1284.78</ele>
   </trkpt>
   <trkpt lat="46.320280000000004" lon="11.50225">
    <ele>1284.78</ele>
   </trkpt>
   <trkpt lat="46.32052" lon="11.50211">
    <ele>1282.69</ele>
   </trkpt>
   <trkpt lat="46.32056" lon="11.502030000000001">
    <ele>1282.69</ele>
   </trkpt>
   <trkpt lat="46.32056" lon="11.50196">
    <ele>1282.0800000000002</ele>
   </trkpt>
   <trkpt lat="46.320690000000006" lon="11.501930000000002">
    <ele>1283.53</ele>
   </trkpt>
   <trkpt lat="46.320820000000005" lon="11.501940000000001">
    <ele>1299.3600000000001</ele>
   </trkpt>
   <trkpt lat="46.320820000000005" lon="11.501790000000002">
    <ele>1298.66</ele>
   </trkpt>
   <trkpt lat="46.32079" lon="11.501660000000001">
    <ele>1297.63</ele>
   </trkpt>
   <trkpt lat="46.320800000000006" lon="11.50168">
    <ele>1298.01</ele>
   </trkpt>
   <trkpt lat="46.320780000000006" lon="11.50172">
    <ele>1289.8400000000001</ele>
   </trkpt>
   <trkpt lat="46.320690000000006" lon="11.50177">
    <ele>1288.8500000000001</ele>
   </trkpt>
   <trkpt lat="46.320460000000004" lon="11.501750000000001">
    <ele>1285.8400000000001</ele>
   </trkpt>
   <trkpt lat="46.31995999995211" lon="11.50164499902033">
    <ele>1279.4</ele>
   </trkpt>
   <trkpt lat="46.31946000000001" lon="11.50154">
    <ele>1271.42</ele>
   </trkpt>
   <trkpt lat="46.31955000000001" lon="11.501100000000001">
    <ele>1274.5000000000002</ele>
   </trkpt>
   <trkpt lat="46.319610000000004" lon="11.500710000000002">
    <ele>1273.9900000000002</ele>
   </trkpt>
   <trkpt lat="46.319500000000005" lon="11.500160000000001">
    <ele>1273.91</ele>
   </trkpt>
   <trkpt lat="46.31946000000001" lon="11.50009">
    <ele>1274.16</ele>
   </trkpt>
   <trkpt lat="46.31933" lon="11.500010000000001">
    <ele>1274.16</ele>
   </trkpt>
   <trkpt lat="46.31922" lon="11.49985">
    <ele>1275.86</ele>
   </trkpt>
   <trkpt lat="46.319140000000004" lon="11.499580000000002">
    <ele>1279.17</ele>
   </trkpt>
   <trkpt lat="46.31877" lon="11.49924">
    <ele>1287.19</ele>
   </trkpt>
   <trkpt lat="46.31855" lon="11.498520000000001">
    <ele>1292.98</ele>
   </trkpt>
   <trkpt lat="46.318250000000006" lon="11.49792">
    <ele>1294.55</ele>
   </trkpt>
   <trkpt lat="46.31812" lon="11.49774">
    <ele>1294.5900000000001</ele>
   </trkpt>
   <trkpt lat="46.31804" lon="11.49769">
    <ele>1294.68</ele>
   </trkpt>
   <trkpt lat="46.31803" lon="11.49769">
    <ele>1294.68</ele>
   </trkpt>
   <trkpt lat="46.3175" lon="11.497810000000001">
    <ele>1298.3600000000001</ele>
   </trkpt>
   <trkpt lat="46.31699000014805" lon="11.498015001924736">
    <ele>1299.63</ele>
   </trkpt>
   <trkpt lat="46.316480000000006" lon="11.498220000000002">
    <ele>1300.3500000000001</ele>
   </trkpt>
   <trkpt lat="46.315720000000006" lon="11.49867">
    <ele>1302.43</ele>
   </trkpt>
   <trkpt lat="46.31544" lon="11.499020000000002">
    <ele>1304.75</ele>
   </trkpt>
   <trkpt lat="46.315290000000005" lon="11.49915">
    <ele>1305.45</ele>
   </trkpt>
   <trkpt lat="46.314890000000005" lon="11.49937">
    <ele>1303.92</ele>
   </trkpt>
   <trkpt lat="46.31457" lon="11.499490000000002">
    <ele>1303.1000000000001</ele>
   </trkpt>
   <trkpt lat="46.314370000000004" lon="11.499490000000002">
    <ele>1303.23</ele>
   </trkpt>
   <trkpt lat="46.31420000000001" lon="11.499530000000002">
    <ele>1303.56</ele>
   </trkpt>
   <trkpt lat="46.313790000000004" lon="11.499740000000001">
    <ele>1303.68</ele>
   </trkpt>
   <trkpt lat="46.31336" lon="11.499860000000002">
    <ele>1302.96</ele>
   </trkpt>
   <trkpt lat="46.31297000000001" lon="11.499880000000001">
    <ele>1302.45</ele>
   </trkpt>
   <trkpt lat="46.312760000000004" lon="11.499920000000001">
    <ele>1302.0900000000001</ele>
   </trkpt>
   <trkpt lat="46.31221" lon="11.499830000000001">
    <ele>1300.3600000000001</ele>
   </trkpt>
   <trkpt lat="46.31204" lon="11.49984">
    <ele>1300.1100000000001</ele>
   </trkpt>
   <trkpt lat="46.311930000000004" lon="11.49979">
    <ele>1300.0800000000002</ele>
   </trkpt>
   <trkpt lat="46.311820000000004" lon="11.499680000000001">
    <ele>1300.2</ele>
   </trkpt>
   <trkpt lat="46.31172" lon="11.499540000000001">
    <ele>1300.68</ele>
   </trkpt>
   <trkpt lat="46.311350000000004" lon="11.49882">
    <ele>1306.39</ele>
   </trkpt>
   <trkpt lat="46.311280000000004" lon="11.498740000000002">
    <ele>1308.0200000000002</ele>
   </trkpt>
   <trkpt lat="46.31119" lon="11.49868">
    <ele>1308.0200000000002</ele>
   </trkpt>
   <trkpt lat="46.31092" lon="11.49859">
    <ele>1311.0300000000002</ele>
   </trkpt>
   <trkpt lat="46.31049" lon="11.498240000000001">
    <ele>1314.45</ele>
   </trkpt>
   <trkpt lat="46.310340000000004" lon="11.498170000000002">
    <ele>1316.06</ele>
   </trkpt>
   <trkpt lat="46.309960000000004" lon="11.498230000000001">
    <ele>1319.35</ele>
   </trkpt>
   <trkpt lat="46.309810000000006" lon="11.498320000000001">
    <ele>1319.8200000000002</ele>
   </trkpt>
   <trkpt lat="46.30969" lon="11.498360000000002">
    <ele>1319.8899999999999</ele>
   </trkpt>
   <trkpt lat="46.309580000000004" lon="11.49834">
    <ele>1319.73</ele>
   </trkpt>
   <trkpt lat="46.30908" lon="11.49816">
    <ele>1320.23</ele>
   </trkpt>
   <trkpt lat="46.308980000000005" lon="11.498140000000001">
    <ele>1320.8500000000001</ele>
   </trkpt>
   <trkpt lat="46.308870000000006" lon="11.49815">
    <ele>1322.0800000000002</ele>
   </trkpt>
   <trkpt lat="46.30876000000001" lon="11.498090000000001">
    <ele>1323.5400000000002</ele>
   </trkpt>
   <trkpt lat="46.308460000000004" lon="11.497660000000002">
    <ele>1325.8500000000001</ele>
   </trkpt>
   <trkpt lat="46.308080000000004" lon="11.497250000000001">
    <ele>1325.22</ele>
   </trkpt>
   <trkpt lat="46.307880000000004" lon="11.497150000000001">
    <ele>1325.1200000000001</ele>
   </trkpt>
   <trkpt lat="46.307770000000005" lon="11.497160000000001">
    <ele>1325.23</ele>
   </trkpt>
   <trkpt lat="46.30754" lon="11.49736">
    <ele>1325.55</ele>
   </trkpt>
   <trkpt lat="46.30733" lon="11.4976">
    <ele>1327.01</ele>
   </trkpt>
   <trkpt lat="46.307230000000004" lon="11.497660000000002">
    <ele>1328.4900000000002</ele>
   </trkpt>
   <trkpt lat="46.306990000000006" lon="11.49774">
    <ele>1329.6499999999999</ele>
   </trkpt>
   <trkpt lat="46.30668000000001" lon="11.497810000000001">
    <ele>1332.8500000000001</ele>
   </trkpt>
   <trkpt lat="46.30632000000001" lon="11.49782">
    <ele>1333.67</ele>
   </trkpt>
   <trkpt lat="46.306180000000005" lon="11.49779">
    <ele>1333.99</ele>
   </trkpt>
   <trkpt lat="46.30601" lon="11.49769">
    <ele>1334.2800000000002</ele>
   </trkpt>
   <trkpt lat="46.30561" lon="11.497560000000002">
    <ele>1335.55</ele>
   </trkpt>
   <trkpt lat="46.30505" lon="11.49741">
    <ele>1336.03</ele>
   </trkpt>
   <trkpt lat="46.30503" lon="11.497340000000001">
    <ele>1336.8200000000002</ele>
   </trkpt>
   <trkpt lat="46.30496" lon="11.497250000000001">
    <ele>1337.26</ele>
   </trkpt>
   <trkpt lat="46.3049" lon="11.497110000000001">
    <ele>1338.24</ele>
   </trkpt>
   <trkpt lat="46.30489" lon="11.496960000000001">
    <ele>1339.8300000000002</ele>
   </trkpt>
   <trkpt lat="46.30482000000001" lon="11.496690000000001">
    <ele>1342.63</ele>
   </trkpt>
   <trkpt lat="46.30456" lon="11.495940000000001">
    <ele>1344.75</ele>
   </trkpt>
   <trkpt lat="46.30454" lon="11.49525">
    <ele>1340.3200000000002</ele>
   </trkpt>
   <trkpt lat="46.30458" lon="11.4951">
    <ele>1338.48</ele>
   </trkpt>
   <trkpt lat="46.304660000000005" lon="11.494940000000001">
    <ele>1336.95</ele>
   </trkpt>
   <trkpt lat="46.30469" lon="11.49483">
    <ele>1336.2</ele>
   </trkpt>
   <trkpt lat="46.30476" lon="11.494200000000001">
    <ele>1334.1000000000001</ele>
   </trkpt>
   <trkpt lat="46.304730000000006" lon="11.494050000000001">
    <ele>1334.1000000000001</ele>
   </trkpt>
   <trkpt lat="46.304660000000005" lon="11.49394">
    <ele>1333.66</ele>
   </trkpt>
   <trkpt lat="46.30444000000001" lon="11.49388">
    <ele>1333.19</ele>
   </trkpt>
   <trkpt lat="46.30425" lon="11.493720000000001">
    <ele>1333.02</ele>
   </trkpt>
   <trkpt lat="46.303960000000004" lon="11.493340000000002">
    <ele>1332.39</ele>
   </trkpt>
   <trkpt lat="46.30359000000001" lon="11.492700000000001">
    <ele>1331.56</ele>
   </trkpt>
   <trkpt lat="46.30351" lon="11.49262">
    <ele>1331.3600000000001</ele>
   </trkpt>
   <trkpt lat="46.30331" lon="11.49233">
    <ele>1329.04</ele>
   </trkpt>
   <trkpt lat="46.30315" lon="11.49183">
    <ele>1324.18</ele>
   </trkpt>
   <trkpt lat="46.303360000000005" lon="11.491240000000001">
    <ele>1317.5400000000002</ele>
   </trkpt>
   <trkpt lat="46.303360000000005" lon="11.49102">
    <ele>1311.42</ele>
   </trkpt>
   <trkpt lat="46.30312000000001" lon="11.49036">
    <ele>1303.89</ele>
   </trkpt>
   <trkpt lat="46.30294000000001" lon="11.49014">
    <ele>1301.5100000000002</ele>
   </trkpt>
   <trkpt lat="46.30274000000001" lon="11.490060000000001">
    <ele>1299.29</ele>
   </trkpt>
   <trkpt lat="46.302400000000006" lon="11.489960000000002">
    <ele>1296.0900000000001</ele>
   </trkpt>
   <trkpt lat="46.30227000000001" lon="11.48981">
    <ele>1293.08</ele>
   </trkpt>
   <trkpt lat="46.302020000000006" lon="11.48942">
    <ele>1288.95</ele>
   </trkpt>
   <trkpt lat="46.301640000000006" lon="11.48877">
    <ele>1284.1</ele>
   </trkpt>
   <trkpt lat="46.30158" lon="11.488740000000002">
    <ele>1282.79</ele>
   </trkpt>
   <trkpt lat="46.301520000000004" lon="11.48863">
    <ele>1281.38</ele>
   </trkpt>
   <trkpt lat="46.30143" lon="11.488560000000001">
    <ele>1279.83</ele>
   </trkpt>
   <trkpt lat="46.301210000000005" lon="11.488470000000001">
    <ele>1275.2400000000002</ele>
   </trkpt>
   <trkpt lat="46.300990000000006" lon="11.48834">
    <ele>1268.58</ele>
   </trkpt>
   <trkpt lat="46.30078" lon="11.487950000000001">
    <ele>1263.13</ele>
   </trkpt>
   <trkpt lat="46.300700000000006" lon="11.4875">
    <ele>1259.3700000000001</ele>
   </trkpt>
   <trkpt lat="46.30068000000001" lon="11.487020000000001">
    <ele>1256.2300000000002</ele>
   </trkpt>
   <trkpt lat="46.30095" lon="11.486400000000001">
    <ele>1252.72</ele>
   </trkpt>
   <trkpt lat="46.30156" lon="11.48562">
    <ele>1251.0</ele>
   </trkpt>
   <trkpt lat="46.301790000000004" lon="11.48548">
    <ele>1250.9</ele>
   </trkpt>
   <trkpt lat="46.301970000000004" lon="11.485040000000001">
    <ele>1251.0700000000002</ele>
   </trkpt>
   <trkpt lat="46.30256000000001" lon="11.484350000000001">
    <ele>1250.5600000000002</ele>
   </trkpt>
   <trkpt lat="46.302730000000004" lon="11.484210000000001">
    <ele>1250.2000000000003</ele>
   </trkpt>
   <trkpt lat="46.30299" lon="11.484140000000002">
    <ele>1250.1100000000001</ele>
   </trkpt>
   <trkpt lat="46.303430000000006" lon="11.484150000000001">
    <ele>1250.3000000000002</ele>
   </trkpt>
   <trkpt lat="46.303580000000004" lon="11.484210000000001">
    <ele>1250.07</ele>
   </trkpt>
   <trkpt lat="46.303650000000005" lon="11.48417">
    <ele>1250.01</ele>
   </trkpt>
   <trkpt lat="46.30366" lon="11.484050000000002">
    <ele>1249.71</ele>
   </trkpt>
   <trkpt lat="46.30353" lon="11.483400000000001">
    <ele>1249.6</ele>
   </trkpt>
   <trkpt lat="46.30350000000001" lon="11.483060000000002">
    <ele>1249.6200000000001</ele>
   </trkpt>
   <trkpt lat="46.303630000000005" lon="11.482700000000001">
    <ele>1248.43</ele>
   </trkpt>
   <trkpt lat="46.30375" lon="11.48248">
    <ele>1248.3000000000002</ele>
   </trkpt>
   <trkpt lat="46.303830000000005" lon="11.482270000000002">
    <ele>1248.43</ele>
   </trkpt>
   <trkpt lat="46.303760000000004" lon="11.48192">
    <ele>1249.5</ele>
   </trkpt>
   <trkpt lat="46.303540000000005" lon="11.481630000000001">
    <ele>1251.7</ele>
   </trkpt>
   <trkpt lat="46.30331" lon="11.481440000000001">
    <ele>1254.2900000000002</ele>
   </trkpt>
   <trkpt lat="46.303230000000006" lon="11.481250000000001">
    <ele>1256.75</ele>
   </trkpt>
   <trkpt lat="46.30301" lon="11.481100000000001">
    <ele>1258.92</ele>
   </trkpt>
   <trkpt lat="46.302960000000006" lon="11.48094">
    <ele>1259.23</ele>
   </trkpt>
   <trkpt lat="46.30293" lon="11.48061">
    <ele>1260.3300000000002</ele>
   </trkpt>
   <trkpt lat="46.302820000000004" lon="11.48029">
    <ele>1261.44</ele>
   </trkpt>
   <trkpt lat="46.30248500128363" lon="11.479704996057105">
    <ele>1264.4700000000003</ele>
   </trkpt>
   <trkpt lat="46.302150000000005" lon="11.479120000000002">
    <ele>1262.6000000000001</ele>
   </trkpt>
   <trkpt lat="46.30180000000001" lon="11.47836">
    <ele>1263.24</ele>
   </trkpt>
   <trkpt lat="46.3016" lon="11.47775">
    <ele>1264.75</ele>
   </trkpt>
   <trkpt lat="46.301570000000005" lon="11.477440000000001">
    <ele>1265.0</ele>
   </trkpt>
   <trkpt lat="46.30153000000001" lon="11.47728">
    <ele>1264.79</ele>
   </trkpt>
   <trkpt lat="46.30122" lon="11.476500000000001">
    <ele>1263.63</ele>
   </trkpt>
   <trkpt lat="46.300990000000006" lon="11.475650000000002">
    <ele>1266.38</ele>
   </trkpt>
   <trkpt lat="46.30098" lon="11.47544">
    <ele>1266.42</ele>
   </trkpt>
   <trkpt lat="46.30107" lon="11.47483">
    <ele>1266.0</ele>
   </trkpt>
   <trkpt lat="46.30116" lon="11.4746">
    <ele>1264.49</ele>
   </trkpt>
   <trkpt lat="46.301280000000006" lon="11.474400000000001">
    <ele>1261.7500000000002</ele>
   </trkpt>
   <trkpt lat="46.30155000119469" lon="11.473870002672003">
    <ele>1258.21</ele>
   </trkpt>
   <trkpt lat="46.301820000000006" lon="11.47334">
    <ele>1255.74</ele>
   </trkpt>
   <trkpt lat="46.30218000000001" lon="11.472430000000001">
    <ele>1250.4700000000003</ele>
   </trkpt>
   <trkpt lat="46.302400000000006" lon="11.47197">
    <ele>1245.03</ele>
   </trkpt>
   <trkpt lat="46.30292" lon="11.470970000000001">
    <ele>1234.67</ele>
   </trkpt>
   <trkpt lat="46.30306" lon="11.470790000000001">
    <ele>1231.8300000000002</ele>
   </trkpt>
   <trkpt lat="46.30324" lon="11.47071">
    <ele>1228.64</ele>
   </trkpt>
   <trkpt lat="46.30351" lon="11.47052">
    <ele>1223.91</ele>
   </trkpt>
   <trkpt lat="46.30424000000001" lon="11.469940000000001">
    <ele>1212.8600000000001</ele>
   </trkpt>
   <trkpt lat="46.30444000000001" lon="11.469840000000001">
    <ele>1208.63</ele>
   </trkpt>
   <trkpt lat="46.304590000000005" lon="11.469690000000002">
    <ele>1206.7</ele>
   </trkpt>
   <trkpt lat="46.304700000000004" lon="11.469460000000002">
    <ele>1205.64</ele>
   </trkpt>
   <trkpt lat="46.30480000000001" lon="11.46897">
    <ele>1202.19</ele>
   </trkpt>
   <trkpt lat="46.3049" lon="11.468820000000001">
    <ele>1200.6000000000001</ele>
   </trkpt>
   <trkpt lat="46.305330000000005" lon="11.46855">
    <ele>1195.93</ele>
   </trkpt>
   <trkpt lat="46.30541" lon="11.46845">
    <ele>1195.2800000000002</ele>
   </trkpt>
   <trkpt lat="46.305240000000005" lon="11.468390000000001">
    <ele>1193.51</ele>
   </trkpt>
   <trkpt lat="46.30516" lon="11.468300000000001">
    <ele>1192.97</ele>
   </trkpt>
   <trkpt lat="46.304750000000006" lon="11.46779">
    <ele>1186.9</ele>
   </trkpt>
   <trkpt lat="46.304590000000005" lon="11.467550000000001">
    <ele>1183.5200000000002</ele>
   </trkpt>
   <trkpt lat="46.30444000000001" lon="11.46743">
    <ele>1182.6000000000001</ele>
   </trkpt>
   <trkpt lat="46.30435000000001" lon="11.467390000000002">
    <ele>1181.7300000000002</ele>
   </trkpt>
   <trkpt lat="46.304260000000006" lon="11.467390000000002">
    <ele>1180.5700000000002</ele>
   </trkpt>
   <trkpt lat="46.30418" lon="11.46747">
    <ele>1180.5700000000002</ele>
   </trkpt>
   <trkpt lat="46.304140000000004" lon="11.467590000000001">
    <ele>1178.8200000000002</ele>
   </trkpt>
   <trkpt lat="46.30406000000001" lon="11.467630000000002">
    <ele>1178.8200000000002</ele>
   </trkpt>
   <trkpt lat="46.30397000000001" lon="11.467590000000001">
    <ele>1176.8899999999999</ele>
   </trkpt>
   <trkpt lat="46.303540000000005" lon="11.46719">
    <ele>1173.51</ele>
   </trkpt>
   <trkpt lat="46.303160000000005" lon="11.4669">
    <ele>1169.55</ele>
   </trkpt>
   <trkpt lat="46.30266000075983" lon="11.466469996033254">
    <ele>1161.03</ele>
   </trkpt>
   <trkpt lat="46.30216" lon="11.466040000000001">
    <ele>1157.72</ele>
   </trkpt>
   <trkpt lat="46.30180000000001" lon="11.465840000000002">
    <ele>1154.95</ele>
   </trkpt>
   <trkpt lat="46.301660000000005" lon="11.46583">
    <ele>1152.63</ele>
   </trkpt>
   <trkpt lat="46.3016" lon="11.46579">
    <ele>1152.63</ele>
   </trkpt>
   <trkpt lat="46.301570000000005" lon="11.465720000000001">
    <ele>1152.63</ele>
   </trkpt>
   <trkpt lat="46.30145" lon="11.46569">
    <ele>1152.3000000000002</ele>
   </trkpt>
   <trkpt lat="46.30111" lon="11.465620000000001">
    <ele>1152.13</ele>
   </trkpt>
   <trkpt lat="46.30048" lon="11.46554">
    <ele>1150.1100000000001</ele>
   </trkpt>
   <trkpt lat="46.29988499999627" lon="11.46555000010874">
    <ele>1147.73</ele>
   </trkpt>
   <trkpt lat="46.299290000000006" lon="11.465560000000002">
    <ele>1146.3700000000001</ele>
   </trkpt>
   <trkpt lat="46.299110000000006" lon="11.465580000000001">
    <ele>1146.17</ele>
   </trkpt>
   <trkpt lat="46.299020000000006" lon="11.465620000000001">
    <ele>1145.5300000000002</ele>
   </trkpt>
   <trkpt lat="46.29887" lon="11.46574">
    <ele>1145.5300000000002</ele>
   </trkpt>
   <trkpt lat="46.298750000000005" lon="11.465910000000001">
    <ele>1145.0500000000002</ele>
   </trkpt>
   <trkpt lat="46.29867" lon="11.466090000000001">
    <ele>1145.0500000000002</ele>
   </trkpt>
   <trkpt lat="46.2986" lon="11.466310000000002">
    <ele>1145.0500000000002</ele>
   </trkpt>
   <trkpt lat="46.298500000000004" lon="11.466970000000002">
    <ele>1144.1100000000001</ele>
   </trkpt>
   <trkpt lat="46.29849" lon="11.46723">
    <ele>1143.85</ele>
   </trkpt>
   <trkpt lat="46.298550000000006" lon="11.46771">
    <ele>1143.27</ele>
   </trkpt>
   <trkpt lat="46.298550000000006" lon="11.467870000000001">
    <ele>1143.27</ele>
   </trkpt>
   <trkpt lat="46.29848500181559" lon="11.4685150007439">
    <ele>1142.8</ele>
   </trkpt>
   <trkpt lat="46.29842000000001" lon="11.46916">
    <ele>1141.46</ele>
   </trkpt>
   <trkpt lat="46.29838" lon="11.469330000000001">
    <ele>1141.46</ele>
   </trkpt>
   <trkpt lat="46.298320000000004" lon="11.469410000000002">
    <ele>1140.8100000000002</ele>
   </trkpt>
   <trkpt lat="46.298230000000004" lon="11.469430000000001">
    <ele>1140.8100000000002</ele>
   </trkpt>
   <trkpt lat="46.29813" lon="11.46939">
    <ele>1139.91</ele>
   </trkpt>
   <trkpt lat="46.29802" lon="11.46925">
    <ele>1139.5900000000001</ele>
   </trkpt>
   <trkpt lat="46.29791" lon="11.46917">
    <ele>1139.2900000000002</ele>
   </trkpt>
   <trkpt lat="46.297830000000005" lon="11.46915">
    <ele>1138.88</ele>
   </trkpt>
   <trkpt lat="46.29742" lon="11.46926">
    <ele>1138.1499999999999</ele>
   </trkpt>
   <trkpt lat="46.29731" lon="11.46903">
    <ele>1134.77</ele>
   </trkpt>
   <trkpt lat="46.29713" lon="11.46874">
    <ele>1132.21</ele>
   </trkpt>
   <trkpt lat="46.29699" lon="11.468440000000001">
    <ele>1129.52</ele>
   </trkpt>
   <trkpt lat="46.296850000000006" lon="11.46808">
    <ele>1127.17</ele>
   </trkpt>
   <trkpt lat="46.29645000000001" lon="11.46756">
    <ele>1121.55</ele>
   </trkpt>
   <trkpt lat="46.29621500201943" lon="11.466879997093077">
    <ele>1117.31</ele>
   </trkpt>
   <trkpt lat="46.29598000000001" lon="11.4662">
    <ele>1113.0300000000002</ele>
   </trkpt>
   <trkpt lat="46.29601" lon="11.465800000000002">
    <ele>1108.83</ele>
   </trkpt>
   <trkpt lat="46.29599" lon="11.46554">
    <ele>1105.8000000000002</ele>
   </trkpt>
   <trkpt lat="46.29578" lon="11.465100000000001">
    <ele>1100.8</ele>
   </trkpt>
   <trkpt lat="46.29549" lon="11.464550000000001">
    <ele>1093.29</ele>
   </trkpt>
   <trkpt lat="46.29531" lon="11.46413">
    <ele>1088.44</ele>
   </trkpt>
   <trkpt lat="46.295260000000006" lon="11.463920000000002">
    <ele>1088.44</ele>
   </trkpt>
   <trkpt lat="46.29527" lon="11.463790000000001">
    <ele>1086.92</ele>
   </trkpt>
   <trkpt lat="46.29522" lon="11.46372">
    <ele>1086.19</ele>
   </trkpt>
   <trkpt lat="46.295080000000006" lon="11.46363">
    <ele>1085.85</ele>
   </trkpt>
   <trkpt lat="46.29473" lon="11.46362">
    <ele>1083.19</ele>
   </trkpt>
   <trkpt lat="46.29455" lon="11.463650000000001">
    <ele>1081.8700000000001</ele>
   </trkpt>
   <trkpt lat="46.29415" lon="11.463830000000002">
    <ele>1079.8700000000001</ele>
   </trkpt>
   <trkpt lat="46.293760000000006" lon="11.464030000000001">
    <ele>1076.63</ele>
   </trkpt>
   <trkpt lat="46.293470000000006" lon="11.464">
    <ele>1073.89</ele>
   </trkpt>
   <trkpt lat="46.29334" lon="11.464070000000001">
    <ele>1072.06</ele>
   </trkpt>
   <trkpt lat="46.293220000000005" lon="11.46443">
    <ele>1070.5500000000002</ele>
   </trkpt>
   <trkpt lat="46.29294" lon="11.46485">
    <ele>1067.47</ele>
   </trkpt>
   <trkpt lat="46.29276" lon="11.46507">
    <ele>1066.43</ele>
   </trkpt>
   <trkpt lat="46.29269" lon="11.46512">
    <ele>1066.43</ele>
   </trkpt>
   <trkpt lat="46.292770000000004" lon="11.464500000000001">
    <ele>1061.2</ele>
   </trkpt>
   <trkpt lat="46.29278" lon="11.46413">
    <ele>1059.74</ele>
   </trkpt>
   <trkpt lat="46.29271000000001" lon="11.464120000000001">
    <ele>1059.74</ele>
   </trkpt>
   <trkpt lat="46.29258" lon="11.464210000000001">
    <ele>1056.0500000000002</ele>
   </trkpt>
   <trkpt lat="46.29205" lon="11.465110000000001">
    <ele>1046.5900000000001</ele>
   </trkpt>
   <trkpt lat="46.291990000000006" lon="11.46504">
    <ele>1045.2</ele>
   </trkpt>
   <trkpt lat="46.292" lon="11.46489">
    <ele>1043.9</ele>
   </trkpt>
   <trkpt lat="46.29225" lon="11.463970000000002">
    <ele>1035.7</ele>
   </trkpt>
   <trkpt lat="46.29233000342666" lon="11.463085001152509">
    <ele>1027.7</ele>
   </trkpt>
   <trkpt lat="46.292410000000004" lon="11.462200000000001">
    <ele>1022.0</ele>
   </trkpt>
   <trkpt lat="46.29238" lon="11.46197">
    <ele>1018.54</ele>
   </trkpt>
   <trkpt lat="46.292460000000005" lon="11.46127">
    <ele>1015.05</ele>
   </trkpt>
   <trkpt lat="46.29263" lon="11.460460000000001">
    <ele>1009.8</ele>
   </trkpt>
   <trkpt lat="46.292440000000006" lon="11.460410000000001">
    <ele>1008.7099999999999</ele>
   </trkpt>
   <trkpt lat="46.292300000000004" lon="11.460270000000001">
    <ele>1007.44</ele>
   </trkpt>
   <trkpt lat="46.29216" lon="11.460170000000002">
    <ele>1005.25</ele>
   </trkpt>
   <trkpt lat="46.29196" lon="11.460130000000001">
    <ele>1002.2900000000001</ele>
   </trkpt>
   <trkpt lat="46.29178" lon="11.460130000000001">
    <ele>999.99</ele>
   </trkpt>
   <trkpt lat="46.29178" lon="11.4601">
    <ele>999.99</ele>
   </trkpt>
   <trkpt lat="46.29166" lon="11.46">
    <ele>998.99</ele>
   </trkpt>
   <trkpt lat="46.291630000000005" lon="11.460080000000001">
    <ele>998.99</ele>
   </trkpt>
   <trkpt lat="46.291360000000005" lon="11.460350000000002">
    <ele>997.71</ele>
   </trkpt>
   <trkpt lat="46.29126" lon="11.460540000000002">
    <ele>997.5100000000001</ele>
   </trkpt>
   <trkpt lat="46.29124" lon="11.46081">
    <ele>997.8000000000001</ele>
   </trkpt>
   <trkpt lat="46.29111" lon="11.461310000000001">
    <ele>998.3400000000001</ele>
   </trkpt>
   <trkpt lat="46.29095" lon="11.46183">
    <ele>998.72</ele>
   </trkpt>
   <trkpt lat="46.29068" lon="11.46277">
    <ele>999.99</ele>
   </trkpt>
  </trkseg>
 </trk>
</gpx>
