<?xml version="1.0" encoding="UTF-8"?>
<gpx creator="StravaGPX" version="1.1" xmlns="http://www.topografix.com/GPX/1/1" xmlns:xsi="http://www.w3.org/2001/XMLSchema-instance" xsi:schemaLocation="http://www.topografix.com/GPX/1/1 http://www.topografix.com/GPX/1/1/gpx.xsd">
 <metadata>
  <name>FUSKY 120K 2026+</name>
  <author>
   <name>Andrea Tomè 🚀</name>
   <link href="https://www.strava.com/athletes/363427"/>
  </author>
  <copyright author="OpenStreetMap contributors">
   <year>2020</year>
   <license>https://www.openstreetmap.org/copyright</license>
  </copyright>
  <link href="https://www.strava.com/routes/3512197614011759810"/>
 </metadata>
 <trk>
  <name>FUSKY 120K 2026+</name>
  <link href="https://www.strava.com/routes/3512197614011759810"/>
  <type>trail_running</type>
  <trkseg>
   <trkpt lat="46.29097" lon="11.46174">
    <ele>998.71</ele>
   </trkpt>
   <trkpt lat="46.29111" lon="11.461310000000001">
    <ele>998.4000000000001</ele>
   </trkpt>
   <trkpt lat="46.29124" lon="11.46081">
    <ele>997.65</ele>
   </trkpt>
   <trkpt lat="46.29126" lon="11.460540000000002">
    <ele>997.5500000000001</ele>
   </trkpt>
   <trkpt lat="46.291360000000005" lon="11.460350000000002">
    <ele>997.7500000000001</ele>
   </trkpt>
   <trkpt lat="46.291630000000005" lon="11.460080000000001">
    <ele>999.11</ele>
   </trkpt>
   <trkpt lat="46.29166" lon="11.46">
    <ele>999.11</ele>
   </trkpt>
   <trkpt lat="46.29178" lon="11.4601">
    <ele>1000.0</ele>
   </trkpt>
   <trkpt lat="46.29178" lon="11.460130000000001">
    <ele>1000.0</ele>
   </trkpt>
   <trkpt lat="46.29196" lon="11.460130000000001">
    <ele>1003.3700000000001</ele>
   </trkpt>
   <trkpt lat="46.29216" lon="11.460170000000002">
    <ele>1005.0600000000001</ele>
   </trkpt>
   <trkpt lat="46.292300000000004" lon="11.460270000000001">
    <ele>1007.6700000000001</ele>
   </trkpt>
   <trkpt lat="46.292440000000006" lon="11.460410000000001">
    <ele>1008.68</ele>
   </trkpt>
   <trkpt lat="46.29263" lon="11.460460000000001">
    <ele>1009.8</ele>
   </trkpt>
   <trkpt lat="46.292460000000005" lon="11.46127">
    <ele>1015.5800000000002</ele>
   </trkpt>
   <trkpt lat="46.29238" lon="11.46197">
    <ele>1019.2</ele>
   </trkpt>
   <trkpt lat="46.292410000000004" lon="11.462200000000001">
    <ele>1020.5500000000001</ele>
   </trkpt>
   <trkpt lat="46.292330003401304" lon="11.46308500143296">
    <ele>1028.58</ele>
   </trkpt>
   <trkpt lat="46.29225" lon="11.463970000000002">
    <ele>1036.18</ele>
   </trkpt>
   <trkpt lat="46.292" lon="11.46489">
    <ele>1044.7600000000002</ele>
   </trkpt>
   <trkpt lat="46.291990000000006" lon="11.465050000000002">
    <ele>1046.8600000000001</ele>
   </trkpt>
   <trkpt lat="46.29205" lon="11.465110000000001">
    <ele>1046.8600000000001</ele>
   </trkpt>
   <trkpt lat="46.29258" lon="11.464210000000001">
    <ele>1058.87</ele>
   </trkpt>
   <trkpt lat="46.29271000000001" lon="11.464120000000001">
    <ele>1060.09</ele>
   </trkpt>
   <trkpt lat="46.29278" lon="11.46413">
    <ele>1060.09</ele>
   </trkpt>
   <trkpt lat="46.292770000000004" lon="11.464500000000001">
    <ele>1062.3200000000002</ele>
   </trkpt>
   <trkpt lat="46.29269" lon="11.46512">
    <ele>1066.8600000000001</ele>
   </trkpt>
   <trkpt lat="46.29274" lon="11.46593">
    <ele>1073.68</ele>
   </trkpt>
   <trkpt lat="46.29274" lon="11.466270000000002">
    <ele>1074.77</ele>
   </trkpt>
   <trkpt lat="46.29281" lon="11.46662">
    <ele>1075.0700000000002</ele>
   </trkpt>
   <trkpt lat="46.29287" lon="11.466790000000001">
    <ele>1075.13</ele>
   </trkpt>
   <trkpt lat="46.29319" lon="11.4671">
    <ele>1076.06</ele>
   </trkpt>
   <trkpt lat="46.29341" lon="11.46728">
    <ele>1076.0800000000002</ele>
   </trkpt>
   <trkpt lat="46.293890000000005" lon="11.467910000000002">
    <ele>1077.8600000000001</ele>
   </trkpt>
   <trkpt lat="46.294230000000006" lon="11.468660000000002">
    <ele>1083.5400000000002</ele>
   </trkpt>
   <trkpt lat="46.2944" lon="11.46921">
    <ele>1086.8300000000002</ele>
   </trkpt>
   <trkpt lat="46.294560000000004" lon="11.46986">
    <ele>1093.18</ele>
   </trkpt>
   <trkpt lat="46.29467" lon="11.470220000000001">
    <ele>1095.93</ele>
   </trkpt>
   <trkpt lat="46.29486000000001" lon="11.47062">
    <ele>1097.46</ele>
   </trkpt>
   <trkpt lat="46.294900000000005" lon="11.47075">
    <ele>1097.1200000000001</ele>
   </trkpt>
   <trkpt lat="46.29513" lon="11.471200000000001">
    <ele>1095.17</ele>
   </trkpt>
   <trkpt lat="46.295350000000006" lon="11.47203">
    <ele>1089.67</ele>
   </trkpt>
   <trkpt lat="46.29538" lon="11.47222">
    <ele>1088.47</ele>
   </trkpt>
   <trkpt lat="46.295350000000006" lon="11.472760000000001">
    <ele>1086.81</ele>
   </trkpt>
   <trkpt lat="46.295300000000005" lon="11.4731">
    <ele>1086.15</ele>
   </trkpt>
   <trkpt lat="46.29529" lon="11.473310000000001">
    <ele>1085.9800000000002</ele>
   </trkpt>
   <trkpt lat="46.29536" lon="11.47344">
    <ele>1085.8100000000002</ele>
   </trkpt>
   <trkpt lat="46.295440000000006" lon="11.473540000000002">
    <ele>1085.5700000000002</ele>
   </trkpt>
   <trkpt lat="46.29553000000001" lon="11.47358">
    <ele>1085.2700000000002</ele>
   </trkpt>
   <trkpt lat="46.29561" lon="11.473650000000001">
    <ele>1084.7900000000002</ele>
   </trkpt>
   <trkpt lat="46.29565" lon="11.473780000000001">
    <ele>1084.0400000000002</ele>
   </trkpt>
   <trkpt lat="46.295860000000005" lon="11.47455">
    <ele>1079.82</ele>
   </trkpt>
   <trkpt lat="46.296020000000006" lon="11.47577">
    <ele>1075.76</ele>
   </trkpt>
   <trkpt lat="46.29612" lon="11.476080000000001">
    <ele>1074.0400000000002</ele>
   </trkpt>
   <trkpt lat="46.296240000000004" lon="11.476180000000001">
    <ele>1072.7</ele>
   </trkpt>
   <trkpt lat="46.29666" lon="11.47625">
    <ele>1075.1000000000001</ele>
   </trkpt>
   <trkpt lat="46.297000000000004" lon="11.47633">
    <ele>1080.7300000000002</ele>
   </trkpt>
   <trkpt lat="46.297070000000005" lon="11.476410000000001">
    <ele>1081.3600000000001</ele>
   </trkpt>
   <trkpt lat="46.297070000000005" lon="11.47653">
    <ele>1082.45</ele>
   </trkpt>
   <trkpt lat="46.29699" lon="11.47691">
    <ele>1084.87</ele>
   </trkpt>
   <trkpt lat="46.29702" lon="11.477310000000001">
    <ele>1086.1000000000001</ele>
   </trkpt>
   <trkpt lat="46.296980000000005" lon="11.477430000000002">
    <ele>1086.8300000000002</ele>
   </trkpt>
   <trkpt lat="46.296780000000005" lon="11.47779">
    <ele>1089.9</ele>
   </trkpt>
   <trkpt lat="46.29674000000001" lon="11.47798">
    <ele>1090.54</ele>
   </trkpt>
   <trkpt lat="46.296850000000006" lon="11.47892">
    <ele>1094.5600000000002</ele>
   </trkpt>
   <trkpt lat="46.296940000000006" lon="11.479260000000002">
    <ele>1095.64</ele>
   </trkpt>
   <trkpt lat="46.296980000000005" lon="11.479330000000001">
    <ele>1096.24</ele>
   </trkpt>
   <trkpt lat="46.29703000000001" lon="11.479330000000001">
    <ele>1096.6</ele>
   </trkpt>
   <trkpt lat="46.29706" lon="11.4793">
    <ele>1096.6</ele>
   </trkpt>
   <trkpt lat="46.297050000000006" lon="11.47893">
    <ele>1099.41</ele>
   </trkpt>
   <trkpt lat="46.29706" lon="11.478850000000001">
    <ele>1099.41</ele>
   </trkpt>
   <trkpt lat="46.29722" lon="11.479740000000001">
    <ele>1097.25</ele>
   </trkpt>
   <trkpt lat="46.29730000000001" lon="11.47999">
    <ele>1096.7900000000002</ele>
   </trkpt>
   <trkpt lat="46.29742" lon="11.48018">
    <ele>1096.2800000000002</ele>
   </trkpt>
   <trkpt lat="46.29768000000001" lon="11.480450000000001">
    <ele>1095.6100000000001</ele>
   </trkpt>
   <trkpt lat="46.29778" lon="11.480580000000002">
    <ele>1095.49</ele>
   </trkpt>
   <trkpt lat="46.297880000000006" lon="11.480770000000001">
    <ele>1095.31</ele>
   </trkpt>
   <trkpt lat="46.298" lon="11.48084">
    <ele>1095.3500000000001</ele>
   </trkpt>
   <trkpt lat="46.29829" lon="11.48094">
    <ele>1095.31</ele>
   </trkpt>
   <trkpt lat="46.2984" lon="11.481000000000002">
    <ele>1095.23</ele>
   </trkpt>
   <trkpt lat="46.29858" lon="11.481150000000001">
    <ele>1095.08</ele>
   </trkpt>
   <trkpt lat="46.2986" lon="11.481240000000001">
    <ele>1095.04</ele>
   </trkpt>
   <trkpt lat="46.298550000000006" lon="11.48137">
    <ele>1095.07</ele>
   </trkpt>
   <trkpt lat="46.29833000000001" lon="11.481530000000001">
    <ele>1096.2800000000002</ele>
   </trkpt>
   <trkpt lat="46.29804" lon="11.481860000000001">
    <ele>1101.5400000000002</ele>
   </trkpt>
   <trkpt lat="46.297920000000005" lon="11.482050000000001">
    <ele>1104.97</ele>
   </trkpt>
   <trkpt lat="46.297830000000005" lon="11.48235">
    <ele>1109.14</ele>
   </trkpt>
   <trkpt lat="46.297810000000005" lon="11.482660000000001">
    <ele>1112.06</ele>
   </trkpt>
   <trkpt lat="46.29777000000001" lon="11.48281">
    <ele>1113.1200000000001</ele>
   </trkpt>
   <trkpt lat="46.29766" lon="11.48287">
    <ele>1113.22</ele>
   </trkpt>
   <trkpt lat="46.29751" lon="11.482880000000002">
    <ele>1112.8</ele>
   </trkpt>
   <trkpt lat="46.297340000000005" lon="11.48315">
    <ele>1111.2900000000002</ele>
   </trkpt>
   <trkpt lat="46.29703000000001" lon="11.48393">
    <ele>1106.96</ele>
   </trkpt>
   <trkpt lat="46.296890000000005" lon="11.484580000000001">
    <ele>1104.38</ele>
   </trkpt>
   <trkpt lat="46.296765002175356" lon="11.485285001559165">
    <ele>1102.72</ele>
   </trkpt>
   <trkpt lat="46.296640000000004" lon="11.485990000000001">
    <ele>1095.04</ele>
   </trkpt>
   <trkpt lat="46.296510000000005" lon="11.486410000000001">
    <ele>1091.7700000000002</ele>
   </trkpt>
   <trkpt lat="46.296350000000004" lon="11.4867">
    <ele>1088.42</ele>
   </trkpt>
   <trkpt lat="46.296240000000004" lon="11.4868">
    <ele>1083.25</ele>
   </trkpt>
   <trkpt lat="46.296150000000004" lon="11.48695">
    <ele>1083.25</ele>
   </trkpt>
   <trkpt lat="46.296130000000005" lon="11.48704">
    <ele>1080.2900000000002</ele>
   </trkpt>
   <trkpt lat="46.296130000000005" lon="11.48741">
    <ele>1076.4900000000002</ele>
   </trkpt>
   <trkpt lat="46.29608" lon="11.48759">
    <ele>1074.14</ele>
   </trkpt>
   <trkpt lat="46.296060000000004" lon="11.48789">
    <ele>1072.68</ele>
   </trkpt>
   <trkpt lat="46.296060000000004" lon="11.48808">
    <ele>1071.0000000000002</ele>
   </trkpt>
   <trkpt lat="46.296110000000006" lon="11.48839">
    <ele>1067.74</ele>
   </trkpt>
   <trkpt lat="46.29612" lon="11.48872">
    <ele>1065.8899999999999</ele>
   </trkpt>
   <trkpt lat="46.2962450027817" lon="11.489524997885809">
    <ele>1063.43</ele>
   </trkpt>
   <trkpt lat="46.29637" lon="11.49033">
    <ele>1063.05</ele>
   </trkpt>
   <trkpt lat="46.2965" lon="11.49098">
    <ele>1062.9700000000003</ele>
   </trkpt>
   <trkpt lat="46.296580000000006" lon="11.491240000000001">
    <ele>1064.27</ele>
   </trkpt>
   <trkpt lat="46.29663" lon="11.49127">
    <ele>1064.27</ele>
   </trkpt>
   <trkpt lat="46.296940000000006" lon="11.491290000000001">
    <ele>1065.52</ele>
   </trkpt>
   <trkpt lat="46.297050000000006" lon="11.49135">
    <ele>1066.17</ele>
   </trkpt>
   <trkpt lat="46.29711" lon="11.49144">
    <ele>1066.8200000000002</ele>
   </trkpt>
   <trkpt lat="46.29712000000001" lon="11.49163">
    <ele>1067.6000000000001</ele>
   </trkpt>
   <trkpt lat="46.297160000000005" lon="11.491710000000001">
    <ele>1068.09</ele>
   </trkpt>
   <trkpt lat="46.29771" lon="11.492220000000001">
    <ele>1067.2400000000002</ele>
   </trkpt>
   <trkpt lat="46.297720000000005" lon="11.4923">
    <ele>1067.2400000000002</ele>
   </trkpt>
   <trkpt lat="46.29782" lon="11.49234">
    <ele>1069.48</ele>
   </trkpt>
   <trkpt lat="46.29813" lon="11.49258">
    <ele>1075.53</ele>
   </trkpt>
   <trkpt lat="46.298320000000004" lon="11.4928">
    <ele>1084.8200000000002</ele>
   </trkpt>
   <trkpt lat="46.29845" lon="11.4929">
    <ele>1086.64</ele>
   </trkpt>
   <trkpt lat="46.29856" lon="11.49304">
    <ele>1087.64</ele>
   </trkpt>
   <trkpt lat="46.29856" lon="11.49305">
    <ele>1087.64</ele>
   </trkpt>
   <trkpt lat="46.29856" lon="11.493110000000001">
    <ele>1088.27</ele>
   </trkpt>
   <trkpt lat="46.29845" lon="11.493120000000001">
    <ele>1089.42</ele>
   </trkpt>
   <trkpt lat="46.29805" lon="11.49332">
    <ele>1100.67</ele>
   </trkpt>
   <trkpt lat="46.29796" lon="11.49369">
    <ele>1104.89</ele>
   </trkpt>
   <trkpt lat="46.29773" lon="11.49418">
    <ele>1106.24</ele>
   </trkpt>
   <trkpt lat="46.29744" lon="11.494570000000001">
    <ele>1106.95</ele>
   </trkpt>
   <trkpt lat="46.29733" lon="11.494850000000001">
    <ele>1108.2</ele>
   </trkpt>
   <trkpt lat="46.297160000000005" lon="11.494860000000001">
    <ele>1108.2500000000002</ele>
   </trkpt>
   <trkpt lat="46.297090000000004" lon="11.49497">
    <ele>1108.1000000000001</ele>
   </trkpt>
   <trkpt lat="46.297090000000004" lon="11.49507">
    <ele>1107.5400000000002</ele>
   </trkpt>
   <trkpt lat="46.29702" lon="11.49525">
    <ele>1107.3500000000001</ele>
   </trkpt>
   <trkpt lat="46.296710000000004" lon="11.49543">
    <ele>1107.8000000000002</ele>
   </trkpt>
   <trkpt lat="46.29645000000001" lon="11.495460000000001">
    <ele>1108.3100000000002</ele>
   </trkpt>
   <trkpt lat="46.29634" lon="11.495640000000002">
    <ele>1108.0500000000002</ele>
   </trkpt>
   <trkpt lat="46.296220000000005" lon="11.495920000000002">
    <ele>1107.3200000000002</ele>
   </trkpt>
   <trkpt lat="46.2961" lon="11.49595">
    <ele>1107.24</ele>
   </trkpt>
   <trkpt lat="46.295910000000006" lon="11.495730000000002">
    <ele>1107.49</ele>
   </trkpt>
   <trkpt lat="46.29578" lon="11.495780000000002">
    <ele>1107.3000000000002</ele>
   </trkpt>
   <trkpt lat="46.29565" lon="11.49618">
    <ele>1106.29</ele>
   </trkpt>
   <trkpt lat="46.295640000000006" lon="11.496360000000001">
    <ele>1106.29</ele>
   </trkpt>
   <trkpt lat="46.29553000000001" lon="11.496500000000001">
    <ele>1106.68</ele>
   </trkpt>
   <trkpt lat="46.29542000000001" lon="11.49652">
    <ele>1107.3500000000001</ele>
   </trkpt>
   <trkpt lat="46.295120000000004" lon="11.49666">
    <ele>1107.41</ele>
   </trkpt>
   <trkpt lat="46.29506000000001" lon="11.49707">
    <ele>1106.83</ele>
   </trkpt>
   <trkpt lat="46.29477000000001" lon="11.49731">
    <ele>1107.49</ele>
   </trkpt>
   <trkpt lat="46.294740000000004" lon="11.49731">
    <ele>1107.61</ele>
   </trkpt>
   <trkpt lat="46.294630000000005" lon="11.49704">
    <ele>1108.6200000000001</ele>
   </trkpt>
   <trkpt lat="46.29457000000001" lon="11.49699">
    <ele>1108.7900000000002</ele>
   </trkpt>
   <trkpt lat="46.294290000000004" lon="11.497300000000001">
    <ele>1108.44</ele>
   </trkpt>
   <trkpt lat="46.29415" lon="11.49735">
    <ele>1108.88</ele>
   </trkpt>
   <trkpt lat="46.29402" lon="11.49726">
    <ele>1109.0800000000002</ele>
   </trkpt>
   <trkpt lat="46.29388" lon="11.49726">
    <ele>1109.16</ele>
   </trkpt>
   <trkpt lat="46.293730000000004" lon="11.49737">
    <ele>1109.07</ele>
   </trkpt>
   <trkpt lat="46.293620000000004" lon="11.497280000000002">
    <ele>1109.1000000000001</ele>
   </trkpt>
   <trkpt lat="46.293350000000004" lon="11.497340000000001">
    <ele>1109.07</ele>
   </trkpt>
   <trkpt lat="46.29321" lon="11.49735">
    <ele>1109.2000000000003</ele>
   </trkpt>
   <trkpt lat="46.29296" lon="11.49746">
    <ele>1108.81</ele>
   </trkpt>
   <trkpt lat="46.292680000000004" lon="11.497700000000002">
    <ele>1107.66</ele>
   </trkpt>
   <trkpt lat="46.292480000000005" lon="11.49792">
    <ele>1107.24</ele>
   </trkpt>
   <trkpt lat="46.29229" lon="11.498230000000001">
    <ele>1107.2700000000002</ele>
   </trkpt>
   <trkpt lat="46.292170000000006" lon="11.498560000000001">
    <ele>1110.6100000000001</ele>
   </trkpt>
   <trkpt lat="46.29205" lon="11.49909">
    <ele>1113.48</ele>
   </trkpt>
   <trkpt lat="46.292010000000005" lon="11.49942">
    <ele>1114.88</ele>
   </trkpt>
   <trkpt lat="46.29211" lon="11.49995">
    <ele>1118.9</ele>
   </trkpt>
   <trkpt lat="46.29211" lon="11.50018">
    <ele>1119.3200000000002</ele>
   </trkpt>
   <trkpt lat="46.291920000000005" lon="11.50065">
    <ele>1116.16</ele>
   </trkpt>
   <trkpt lat="46.291830000000004" lon="11.50074">
    <ele>1114.78</ele>
   </trkpt>
   <trkpt lat="46.29169" lon="11.50098">
    <ele>1110.5500000000002</ele>
   </trkpt>
   <trkpt lat="46.291630000000005" lon="11.50117">
    <ele>1108.24</ele>
   </trkpt>
   <trkpt lat="46.29164" lon="11.50153">
    <ele>1104.56</ele>
   </trkpt>
   <trkpt lat="46.291610000000006" lon="11.50192">
    <ele>1099.22</ele>
   </trkpt>
   <trkpt lat="46.29146" lon="11.502220000000001">
    <ele>1095.8700000000001</ele>
   </trkpt>
   <trkpt lat="46.291470000000004" lon="11.502830000000001">
    <ele>1089.02</ele>
   </trkpt>
   <trkpt lat="46.29131" lon="11.503190000000002">
    <ele>1085.5100000000002</ele>
   </trkpt>
   <trkpt lat="46.291290000000004" lon="11.50327">
    <ele>1085.05</ele>
   </trkpt>
   <trkpt lat="46.291230000000006" lon="11.503290000000002">
    <ele>1084.3</ele>
   </trkpt>
   <trkpt lat="46.29081" lon="11.503210000000001">
    <ele>1082.17</ele>
   </trkpt>
   <trkpt lat="46.29079" lon="11.503430000000002">
    <ele>1080.0</ele>
   </trkpt>
   <trkpt lat="46.290800000000004" lon="11.503660000000002">
    <ele>1080.0</ele>
   </trkpt>
   <trkpt lat="46.29088" lon="11.503850000000002">
    <ele>1073.72</ele>
   </trkpt>
   <trkpt lat="46.29104" lon="11.50406">
    <ele>1071.58</ele>
   </trkpt>
   <trkpt lat="46.29119" lon="11.5045">
    <ele>1067.0700000000002</ele>
   </trkpt>
   <trkpt lat="46.29133" lon="11.504610000000001">
    <ele>1064.01</ele>
   </trkpt>
   <trkpt lat="46.29131" lon="11.50491">
    <ele>1044.68</ele>
   </trkpt>
   <trkpt lat="46.29119" lon="11.50515">
    <ele>1038.99</ele>
   </trkpt>
   <trkpt lat="46.290960000000005" lon="11.505260000000002">
    <ele>1038.88</ele>
   </trkpt>
   <trkpt lat="46.290760000000006" lon="11.505410000000001">
    <ele>1035.28</ele>
   </trkpt>
   <trkpt lat="46.2905" lon="11.505450000000002">
    <ele>1033.93</ele>
   </trkpt>
   <trkpt lat="46.29025" lon="11.50534">
    <ele>1033.76</ele>
   </trkpt>
   <trkpt lat="46.290060000000004" lon="11.50497">
    <ele>1034.28</ele>
   </trkpt>
   <trkpt lat="46.289950000000005" lon="11.50487">
    <ele>1035.15</ele>
   </trkpt>
   <trkpt lat="46.28974" lon="11.50481">
    <ele>1031.95</ele>
   </trkpt>
   <trkpt lat="46.289550000000006" lon="11.504790000000002">
    <ele>1030.55</ele>
   </trkpt>
   <trkpt lat="46.28945" lon="11.504850000000001">
    <ele>1026.8000000000002</ele>
   </trkpt>
   <trkpt lat="46.28914" lon="11.505230000000001">
    <ele>1021.8200000000002</ele>
   </trkpt>
   <trkpt lat="46.289080000000006" lon="11.50534">
    <ele>1021.8200000000002</ele>
   </trkpt>
   <trkpt lat="46.289010000000005" lon="11.505540000000002">
    <ele>1020.17</ele>
   </trkpt>
   <trkpt lat="46.288940000000004" lon="11.506060000000002">
    <ele>1016.1900000000002</ele>
   </trkpt>
   <trkpt lat="46.28907" lon="11.50664">
    <ele>1012.3600000000001</ele>
   </trkpt>
   <trkpt lat="46.28905" lon="11.506730000000001">
    <ele>1011.2100000000002</ele>
   </trkpt>
   <trkpt lat="46.289010000000005" lon="11.506730000000001">
    <ele>1010.5500000000001</ele>
   </trkpt>
   <trkpt lat="46.288920000000005" lon="11.50669">
    <ele>1008.4200000000001</ele>
   </trkpt>
   <trkpt lat="46.28878" lon="11.50656">
    <ele>1007.0300000000001</ele>
   </trkpt>
   <trkpt lat="46.28869" lon="11.506430000000002">
    <ele>1005.71</ele>
   </trkpt>
   <trkpt lat="46.288540000000005" lon="11.50633">
    <ele>1002.41</ele>
   </trkpt>
   <trkpt lat="46.288560000000004" lon="11.506450000000001">
    <ele>1001.8500000000001</ele>
   </trkpt>
   <trkpt lat="46.28862" lon="11.506620000000002">
    <ele>1001.1700000000001</ele>
   </trkpt>
   <trkpt lat="46.288810000000005" lon="11.506960000000001">
    <ele>998.6400000000001</ele>
   </trkpt>
   <trkpt lat="46.28898" lon="11.50721">
    <ele>995.89</ele>
   </trkpt>
   <trkpt lat="46.28911" lon="11.50736">
    <ele>993.9700000000001</ele>
   </trkpt>
   <trkpt lat="46.2892" lon="11.507530000000001">
    <ele>993.2</ele>
   </trkpt>
   <trkpt lat="46.289350000000006" lon="11.507570000000001">
    <ele>993.1500000000001</ele>
   </trkpt>
   <trkpt lat="46.289480000000005" lon="11.507650000000002">
    <ele>993.08</ele>
   </trkpt>
   <trkpt lat="46.289530000000006" lon="11.507700000000002">
    <ele>993.07</ele>
   </trkpt>
   <trkpt lat="46.289570000000005" lon="11.507790000000002">
    <ele>993.07</ele>
   </trkpt>
   <trkpt lat="46.28960000000001" lon="11.507890000000002">
    <ele>993.09</ele>
   </trkpt>
   <trkpt lat="46.289590000000004" lon="11.50801">
    <ele>993.16</ele>
   </trkpt>
   <trkpt lat="46.289480000000005" lon="11.509030000000001">
    <ele>992.94</ele>
   </trkpt>
   <trkpt lat="46.28956" lon="11.509260000000001">
    <ele>993.25</ele>
   </trkpt>
   <trkpt lat="46.28974" lon="11.509910000000001">
    <ele>998.2500000000001</ele>
   </trkpt>
   <trkpt lat="46.289860000000004" lon="11.510200000000001">
    <ele>1000.6300000000001</ele>
   </trkpt>
   <trkpt lat="46.290130000000005" lon="11.51097">
    <ele>1006.7300000000001</ele>
   </trkpt>
   <trkpt lat="46.290200000000006" lon="11.5113">
    <ele>1008.37</ele>
   </trkpt>
   <trkpt lat="46.29016000000001" lon="11.51149">
    <ele>1008.85</ele>
   </trkpt>
   <trkpt lat="46.29028" lon="11.51153">
    <ele>1009.9800000000001</ele>
   </trkpt>
   <trkpt lat="46.290580000000006" lon="11.51172">
    <ele>1014.96</ele>
   </trkpt>
   <trkpt lat="46.29074000000001" lon="11.511930000000001">
    <ele>1017.4800000000001</ele>
   </trkpt>
   <trkpt lat="46.29081" lon="11.5121">
    <ele>1019.5800000000002</ele>
   </trkpt>
   <trkpt lat="46.29081" lon="11.51223">
    <ele>1020.9200000000001</ele>
   </trkpt>
   <trkpt lat="46.29072" lon="11.51285">
    <ele>1025.64</ele>
   </trkpt>
   <trkpt lat="46.29072" lon="11.5134">
    <ele>1032.1200000000001</ele>
   </trkpt>
   <trkpt lat="46.2907" lon="11.51368">
    <ele>1034.01</ele>
   </trkpt>
   <trkpt lat="46.290580000000006" lon="11.51435">
    <ele>1042.3999999999999</ele>
   </trkpt>
   <trkpt lat="46.29055" lon="11.515">
    <ele>1048.48</ele>
   </trkpt>
   <trkpt lat="46.29057" lon="11.51537">
    <ele>1052.2600000000002</ele>
   </trkpt>
   <trkpt lat="46.290510000000005" lon="11.515720000000002">
    <ele>1056.44</ele>
   </trkpt>
   <trkpt lat="46.290490000000005" lon="11.515960000000002">
    <ele>1058.44</ele>
   </trkpt>
   <trkpt lat="46.2905" lon="11.51623">
    <ele>1062.2200000000003</ele>
   </trkpt>
   <trkpt lat="46.29052" lon="11.51636">
    <ele>1062.2200000000003</ele>
   </trkpt>
   <trkpt lat="46.29064" lon="11.516760000000001">
    <ele>1067.8700000000001</ele>
   </trkpt>
   <trkpt lat="46.290690000000005" lon="11.517130000000002">
    <ele>1073.63</ele>
   </trkpt>
   <trkpt lat="46.2907" lon="11.517410000000002">
    <ele>1076.24</ele>
   </trkpt>
   <trkpt lat="46.29063000000001" lon="11.517660000000001">
    <ele>1079.91</ele>
   </trkpt>
   <trkpt lat="46.2905" lon="11.51833">
    <ele>1086.23</ele>
   </trkpt>
   <trkpt lat="46.290400000000005" lon="11.51856">
    <ele>1089.68</ele>
   </trkpt>
   <trkpt lat="46.289970000000004" lon="11.518740000000001">
    <ele>1099.4</ele>
   </trkpt>
   <trkpt lat="46.28987" lon="11.5188">
    <ele>1099.4</ele>
   </trkpt>
   <trkpt lat="46.28972" lon="11.519070000000001">
    <ele>1108.21</ele>
   </trkpt>
   <trkpt lat="46.289660000000005" lon="11.519340000000001">
    <ele>1112.5800000000002</ele>
   </trkpt>
   <trkpt lat="46.289620000000006" lon="11.51974">
    <ele>1117.44</ele>
   </trkpt>
   <trkpt lat="46.289550000000006" lon="11.520140000000001">
    <ele>1120.88</ele>
   </trkpt>
   <trkpt lat="46.289530000000006" lon="11.52055">
    <ele>1126.0100000000002</ele>
   </trkpt>
   <trkpt lat="46.289500000000004" lon="11.520710000000001">
    <ele>1127.21</ele>
   </trkpt>
   <trkpt lat="46.28952000293933" lon="11.521530000044855">
    <ele>1132.6100000000001</ele>
   </trkpt>
   <trkpt lat="46.28954" lon="11.522350000000001">
    <ele>1136.9600000000003</ele>
   </trkpt>
   <trkpt lat="46.28963" lon="11.52303">
    <ele>1144.14</ele>
   </trkpt>
   <trkpt lat="46.289680000000004" lon="11.52326">
    <ele>1145.72</ele>
   </trkpt>
   <trkpt lat="46.28985" lon="11.52363">
    <ele>1149.51</ele>
   </trkpt>
   <trkpt lat="46.28989000000001" lon="11.523850000000001">
    <ele>1152.4800000000002</ele>
   </trkpt>
   <trkpt lat="46.28983" lon="11.52419">
    <ele>1155.6000000000001</ele>
   </trkpt>
   <trkpt lat="46.28983" lon="11.524500000000002">
    <ele>1156.4800000000002</ele>
   </trkpt>
   <trkpt lat="46.28987" lon="11.52462">
    <ele>1158.42</ele>
   </trkpt>
   <trkpt lat="46.290000000000006" lon="11.524650000000001">
    <ele>1158.42</ele>
   </trkpt>
   <trkpt lat="46.290110000000006" lon="11.52472">
    <ele>1161.22</ele>
   </trkpt>
   <trkpt lat="46.29021" lon="11.52481">
    <ele>1162.43</ele>
   </trkpt>
   <trkpt lat="46.290290000000006" lon="11.52541">
    <ele>1167.58</ele>
   </trkpt>
   <trkpt lat="46.29036000000001" lon="11.5256">
    <ele>1169.3600000000001</ele>
   </trkpt>
   <trkpt lat="46.290620000000004" lon="11.52618">
    <ele>1173.88</ele>
   </trkpt>
   <trkpt lat="46.290690000000005" lon="11.526510000000002">
    <ele>1175.94</ele>
   </trkpt>
   <trkpt lat="46.29065000000001" lon="11.52691">
    <ele>1180.3700000000001</ele>
   </trkpt>
   <trkpt lat="46.29061" lon="11.527140000000001">
    <ele>1181.89</ele>
   </trkpt>
   <trkpt lat="46.29066" lon="11.52735">
    <ele>1183.1100000000001</ele>
   </trkpt>
   <trkpt lat="46.290910000000004" lon="11.52814">
    <ele>1186.8100000000002</ele>
   </trkpt>
   <trkpt lat="46.29110000000001" lon="11.528920000000001">
    <ele>1191.9700000000003</ele>
   </trkpt>
   <trkpt lat="46.29131" lon="11.52955">
    <ele>1196.46</ele>
   </trkpt>
   <trkpt lat="46.29144" lon="11.529720000000001">
    <ele>1199.2800000000002</ele>
   </trkpt>
   <trkpt lat="46.291470000000004" lon="11.529890000000002">
    <ele>1199.8200000000002</ele>
   </trkpt>
   <trkpt lat="46.29148000000001" lon="11.530100000000001">
    <ele>1202.26</ele>
   </trkpt>
   <trkpt lat="46.29157000000001" lon="11.530510000000001">
    <ele>1205.66</ele>
   </trkpt>
   <trkpt lat="46.291850000000004" lon="11.530940000000001">
    <ele>1212.35</ele>
   </trkpt>
   <trkpt lat="46.292" lon="11.53128">
    <ele>1217.3400000000001</ele>
   </trkpt>
   <trkpt lat="46.29205" lon="11.53151">
    <ele>1219.38</ele>
   </trkpt>
   <trkpt lat="46.292060000000006" lon="11.532580000000001">
    <ele>1229.06</ele>
   </trkpt>
   <trkpt lat="46.29216" lon="11.53298">
    <ele>1232.38</ele>
   </trkpt>
   <trkpt lat="46.29224000000001" lon="11.533230000000001">
    <ele>1235.29</ele>
   </trkpt>
   <trkpt lat="46.292370000000005" lon="11.533470000000001">
    <ele>1237.73</ele>
   </trkpt>
   <trkpt lat="46.29267" lon="11.53386">
    <ele>1239.51</ele>
   </trkpt>
   <trkpt lat="46.29296" lon="11.53415">
    <ele>1241.19</ele>
   </trkpt>
   <trkpt lat="46.293040000000005" lon="11.534320000000001">
    <ele>1242.2000000000003</ele>
   </trkpt>
   <trkpt lat="46.29312" lon="11.53443">
    <ele>1242.6200000000001</ele>
   </trkpt>
   <trkpt lat="46.293220000000005" lon="11.534510000000001">
    <ele>1242.78</ele>
   </trkpt>
   <trkpt lat="46.29341" lon="11.53472">
    <ele>1243.81</ele>
   </trkpt>
   <trkpt lat="46.293530000000004" lon="11.534820000000002">
    <ele>1244.0300000000002</ele>
   </trkpt>
   <trkpt lat="46.294250000000005" lon="11.53495">
    <ele>1248.28</ele>
   </trkpt>
   <trkpt lat="46.29435" lon="11.534980000000001">
    <ele>1248.48</ele>
   </trkpt>
   <trkpt lat="46.29451" lon="11.535100000000002">
    <ele>1249.5800000000002</ele>
   </trkpt>
   <trkpt lat="46.29471" lon="11.53536">
    <ele>1252.79</ele>
   </trkpt>
   <trkpt lat="46.294790000000006" lon="11.53542">
    <ele>1253.22</ele>
   </trkpt>
   <trkpt lat="46.29491" lon="11.53545">
    <ele>1254.2600000000002</ele>
   </trkpt>
   <trkpt lat="46.295300000000005" lon="11.53545">
    <ele>1256.97</ele>
   </trkpt>
   <trkpt lat="46.295440000000006" lon="11.535430000000002">
    <ele>1256.97</ele>
   </trkpt>
   <trkpt lat="46.295590000000004" lon="11.535340000000001">
    <ele>1257.4</ele>
   </trkpt>
   <trkpt lat="46.295680000000004" lon="11.53531">
    <ele>1258.21</ele>
   </trkpt>
   <trkpt lat="46.29578" lon="11.53531">
    <ele>1258.4</ele>
   </trkpt>
   <trkpt lat="46.295880000000004" lon="11.535390000000001">
    <ele>1259.2</ele>
   </trkpt>
   <trkpt lat="46.29614" lon="11.53537">
    <ele>1261.49</ele>
   </trkpt>
   <trkpt lat="46.296240000000004" lon="11.53545">
    <ele>1262.97</ele>
   </trkpt>
   <trkpt lat="46.29632" lon="11.535480000000002">
    <ele>1263.41</ele>
   </trkpt>
   <trkpt lat="46.296960000000006" lon="11.53545">
    <ele>1266.21</ele>
   </trkpt>
   <trkpt lat="46.297090000000004" lon="11.535400000000001">
    <ele>1266.25</ele>
   </trkpt>
   <trkpt lat="46.29719" lon="11.53542">
    <ele>1266.17</ele>
   </trkpt>
   <trkpt lat="46.29728" lon="11.53547">
    <ele>1266.17</ele>
   </trkpt>
   <trkpt lat="46.29739000000001" lon="11.535580000000001">
    <ele>1266.18</ele>
   </trkpt>
   <trkpt lat="46.29748000000001" lon="11.535620000000002">
    <ele>1266.18</ele>
   </trkpt>
   <trkpt lat="46.297560000000004" lon="11.53574">
    <ele>1266.1200000000001</ele>
   </trkpt>
   <trkpt lat="46.297670000000004" lon="11.535800000000002">
    <ele>1266.0200000000002</ele>
   </trkpt>
   <trkpt lat="46.29824000000001" lon="11.535950000000001">
    <ele>1265.4500000000003</ele>
   </trkpt>
   <trkpt lat="46.2984" lon="11.536010000000001">
    <ele>1265.6900000000003</ele>
   </trkpt>
   <trkpt lat="46.29849" lon="11.536100000000001">
    <ele>1265.94</ele>
   </trkpt>
   <trkpt lat="46.298660000000005" lon="11.53622">
    <ele>1267.0</ele>
   </trkpt>
   <trkpt lat="46.298930000000006" lon="11.53635">
    <ele>1267.68</ele>
   </trkpt>
   <trkpt lat="46.29918000000001" lon="11.536560000000001">
    <ele>1268.6200000000001</ele>
   </trkpt>
   <trkpt lat="46.299380000000006" lon="11.536890000000001">
    <ele>1270.24</ele>
   </trkpt>
   <trkpt lat="46.29959" lon="11.537180000000001">
    <ele>1272.6200000000001</ele>
   </trkpt>
   <trkpt lat="46.29968" lon="11.537220000000001">
    <ele>1272.9</ele>
   </trkpt>
   <trkpt lat="46.30017" lon="11.537650000000001">
    <ele>1274.39</ele>
   </trkpt>
   <trkpt lat="46.30033" lon="11.537650000000001">
    <ele>1274.55</ele>
   </trkpt>
   <trkpt lat="46.30042" lon="11.537690000000001">
    <ele>1274.55</ele>
   </trkpt>
   <trkpt lat="46.300720000000005" lon="11.537920000000002">
    <ele>1275.14</ele>
   </trkpt>
   <trkpt lat="46.30091" lon="11.538160000000001">
    <ele>1276.0600000000002</ele>
   </trkpt>
   <trkpt lat="46.30104" lon="11.53837">
    <ele>1277.5100000000002</ele>
   </trkpt>
   <trkpt lat="46.30127" lon="11.538900000000002">
    <ele>1282.51</ele>
   </trkpt>
   <trkpt lat="46.301320000000004" lon="11.53894">
    <ele>1283.2700000000002</ele>
   </trkpt>
   <trkpt lat="46.30147" lon="11.53898">
    <ele>1284.2900000000002</ele>
   </trkpt>
   <trkpt lat="46.301880000000004" lon="11.538960000000001">
    <ele>1289.86</ele>
   </trkpt>
   <trkpt lat="46.302150000000005" lon="11.539100000000001">
    <ele>1294.48</ele>
   </trkpt>
   <trkpt lat="46.302510000000005" lon="11.539180000000002">
    <ele>1302.57</ele>
   </trkpt>
   <trkpt lat="46.30328" lon="11.539390000000001">
    <ele>1319.13</ele>
   </trkpt>
   <trkpt lat="46.30326" lon="11.539610000000001">
    <ele>1328.27</ele>
   </trkpt>
   <trkpt lat="46.30322" lon="11.539670000000001">
    <ele>1329.7500000000002</ele>
   </trkpt>
   <trkpt lat="46.302890000000005" lon="11.539700000000002">
    <ele>1347.69</ele>
   </trkpt>
   <trkpt lat="46.30265000000001" lon="11.539750000000002">
    <ele>1356.0400000000002</ele>
   </trkpt>
   <trkpt lat="46.30234" lon="11.539930000000002">
    <ele>1372.3200000000002</ele>
   </trkpt>
   <trkpt lat="46.30207" lon="11.540040000000001">
    <ele>1388.71</ele>
   </trkpt>
   <trkpt lat="46.301770000000005" lon="11.540000000000001">
    <ele>1401.9</ele>
   </trkpt>
   <trkpt lat="46.30158" lon="11.54001">
    <ele>1410.8600000000001</ele>
   </trkpt>
   <trkpt lat="46.30145" lon="11.540130000000001">
    <ele>1417.0200000000002</ele>
   </trkpt>
   <trkpt lat="46.301390000000005" lon="11.540280000000001">
    <ele>1426.16</ele>
   </trkpt>
   <trkpt lat="46.301300000000005" lon="11.540420000000001">
    <ele>1426.16</ele>
   </trkpt>
   <trkpt lat="46.3012" lon="11.541">
    <ele>1442.26</ele>
   </trkpt>
   <trkpt lat="46.3012" lon="11.54133">
    <ele>1451.5</ele>
   </trkpt>
   <trkpt lat="46.301140000000004" lon="11.54175">
    <ele>1465.54</ele>
   </trkpt>
   <trkpt lat="46.30106000000001" lon="11.54203">
    <ele>1470.3400000000001</ele>
   </trkpt>
   <trkpt lat="46.30102" lon="11.54227">
    <ele>1475.5300000000002</ele>
   </trkpt>
   <trkpt lat="46.301030000000004" lon="11.542420000000002">
    <ele>1478.94</ele>
   </trkpt>
   <trkpt lat="46.30091" lon="11.542530000000001">
    <ele>1483.3400000000001</ele>
   </trkpt>
   <trkpt lat="46.30084" lon="11.542510000000002">
    <ele>1495.54</ele>
   </trkpt>
   <trkpt lat="46.30075" lon="11.542560000000002">
    <ele>1495.54</ele>
   </trkpt>
   <trkpt lat="46.300670000000004" lon="11.542530000000001">
    <ele>1504.7400000000002</ele>
   </trkpt>
   <trkpt lat="46.30050000000001" lon="11.542420000000002">
    <ele>1509.0500000000002</ele>
   </trkpt>
   <trkpt lat="46.30033" lon="11.542280000000002">
    <ele>1517.5700000000002</ele>
   </trkpt>
   <trkpt lat="46.300230000000006" lon="11.542280000000002">
    <ele>1519.6900000000003</ele>
   </trkpt>
   <trkpt lat="46.300140000000006" lon="11.54226">
    <ele>1520.99</ele>
   </trkpt>
   <trkpt lat="46.300070000000005" lon="11.54216">
    <ele>1521.97</ele>
   </trkpt>
   <trkpt lat="46.30004" lon="11.54204">
    <ele>1523.27</ele>
   </trkpt>
   <trkpt lat="46.29999" lon="11.54193">
    <ele>1525.3300000000002</ele>
   </trkpt>
   <trkpt lat="46.29994000000001" lon="11.541670000000002">
    <ele>1530.96</ele>
   </trkpt>
   <trkpt lat="46.29988" lon="11.54156">
    <ele>1533.49</ele>
   </trkpt>
   <trkpt lat="46.29979" lon="11.54152">
    <ele>1536.79</ele>
   </trkpt>
   <trkpt lat="46.299710000000005" lon="11.54143">
    <ele>1538.8700000000001</ele>
   </trkpt>
   <trkpt lat="46.299530000000004" lon="11.541390000000002">
    <ele>1542.42</ele>
   </trkpt>
   <trkpt lat="46.299420000000005" lon="11.541390000000002">
    <ele>1544.6200000000001</ele>
   </trkpt>
   <trkpt lat="46.2993" lon="11.54146">
    <ele>1546.19</ele>
   </trkpt>
   <trkpt lat="46.299240000000005" lon="11.54161">
    <ele>1548.95</ele>
   </trkpt>
   <trkpt lat="46.299330000000005" lon="11.541860000000002">
    <ele>1554.2</ele>
   </trkpt>
   <trkpt lat="46.299380000000006" lon="11.54213">
    <ele>1562.22</ele>
   </trkpt>
   <trkpt lat="46.29939" lon="11.542530000000001">
    <ele>1568.2300000000002</ele>
   </trkpt>
   <trkpt lat="46.29947000000001" lon="11.542620000000001">
    <ele>1571.66</ele>
   </trkpt>
   <trkpt lat="46.29952" lon="11.542760000000001">
    <ele>1572.68</ele>
   </trkpt>
   <trkpt lat="46.29957" lon="11.543080000000002">
    <ele>1576.4900000000002</ele>
   </trkpt>
   <trkpt lat="46.299580000000006" lon="11.5432">
    <ele>1578.8300000000002</ele>
   </trkpt>
   <trkpt lat="46.29955" lon="11.54371">
    <ele>1591.6000000000001</ele>
   </trkpt>
   <trkpt lat="46.29957" lon="11.543980000000001">
    <ele>1596.93</ele>
   </trkpt>
   <trkpt lat="46.29945000000001" lon="11.544210000000001">
    <ele>1603.5000000000002</ele>
   </trkpt>
   <trkpt lat="46.2993" lon="11.54438">
    <ele>1612.45</ele>
   </trkpt>
   <trkpt lat="46.299040000000005" lon="11.544540000000001">
    <ele>1619.04</ele>
   </trkpt>
   <trkpt lat="46.29871000000001" lon="11.5448">
    <ele>1634.66</ele>
   </trkpt>
   <trkpt lat="46.298610000000004" lon="11.5448">
    <ele>1639.43</ele>
   </trkpt>
   <trkpt lat="46.29852" lon="11.544740000000001">
    <ele>1641.18</ele>
   </trkpt>
   <trkpt lat="46.29844000000001" lon="11.5448">
    <ele>1650.2</ele>
   </trkpt>
   <trkpt lat="46.29838" lon="11.544910000000002">
    <ele>1650.2</ele>
   </trkpt>
   <trkpt lat="46.298280000000005" lon="11.54493">
    <ele>1654.6000000000001</ele>
   </trkpt>
   <trkpt lat="46.29822" lon="11.545020000000001">
    <ele>1655.8300000000002</ele>
   </trkpt>
   <trkpt lat="46.29802" lon="11.545010000000001">
    <ele>1664.66</ele>
   </trkpt>
   <trkpt lat="46.29793" lon="11.54504">
    <ele>1664.66</ele>
   </trkpt>
   <trkpt lat="46.297740000000005" lon="11.545050000000002">
    <ele>1669.61</ele>
   </trkpt>
   <trkpt lat="46.29766" lon="11.545110000000001">
    <ele>1681.13</ele>
   </trkpt>
   <trkpt lat="46.29773" lon="11.545200000000001">
    <ele>1681.13</ele>
   </trkpt>
   <trkpt lat="46.29775" lon="11.545340000000001">
    <ele>1686.59</ele>
   </trkpt>
   <trkpt lat="46.297810000000005" lon="11.545430000000001">
    <ele>1688.5500000000002</ele>
   </trkpt>
   <trkpt lat="46.29773" lon="11.545670000000001">
    <ele>1696.7800000000002</ele>
   </trkpt>
   <trkpt lat="46.297610000000006" lon="11.5462">
    <ele>1710.73</ele>
   </trkpt>
   <trkpt lat="46.297540000000005" lon="11.54644">
    <ele>1724.65</ele>
   </trkpt>
   <trkpt lat="46.297540000000005" lon="11.546570000000001">
    <ele>1724.65</ele>
   </trkpt>
   <trkpt lat="46.29746" lon="11.54695">
    <ele>1736.4800000000002</ele>
   </trkpt>
   <trkpt lat="46.297430000000006" lon="11.547220000000001">
    <ele>1743.94</ele>
   </trkpt>
   <trkpt lat="46.297380000000004" lon="11.54734">
    <ele>1749.8500000000001</ele>
   </trkpt>
   <trkpt lat="46.29737" lon="11.54761">
    <ele>1760.3600000000001</ele>
   </trkpt>
   <trkpt lat="46.29739000000001" lon="11.547740000000001">
    <ele>1760.3600000000001</ele>
   </trkpt>
   <trkpt lat="46.29739000000001" lon="11.548010000000001">
    <ele>1772.3300000000002</ele>
   </trkpt>
   <trkpt lat="46.29748000000001" lon="11.548000000000002">
    <ele>1775.95</ele>
   </trkpt>
   <trkpt lat="46.29766" lon="11.547910000000002">
    <ele>1775.95</ele>
   </trkpt>
   <trkpt lat="46.297900000000006" lon="11.547690000000001">
    <ele>1791.6600000000003</ele>
   </trkpt>
   <trkpt lat="46.29845" lon="11.547590000000001">
    <ele>1811.5900000000001</ele>
   </trkpt>
   <trkpt lat="46.29853000000001" lon="11.547640000000001">
    <ele>1814.15</ele>
   </trkpt>
   <trkpt lat="46.298480000000005" lon="11.54776">
    <ele>1815.32</ele>
   </trkpt>
   <trkpt lat="46.29849" lon="11.54789">
    <ele>1818.69</ele>
   </trkpt>
   <trkpt lat="46.298195001513236" lon="11.548490003346304">
    <ele>1836.74</ele>
   </trkpt>
   <trkpt lat="46.297900000000006" lon="11.549090000000001">
    <ele>1847.97</ele>
   </trkpt>
   <trkpt lat="46.297760000000004" lon="11.54958">
    <ele>1858.74</ele>
   </trkpt>
   <trkpt lat="46.297740000000005" lon="11.549850000000001">
    <ele>1863.64</ele>
   </trkpt>
   <trkpt lat="46.297650000000004" lon="11.550080000000001">
    <ele>1865.8600000000001</ele>
   </trkpt>
   <trkpt lat="46.29762" lon="11.5502">
    <ele>1866.3500000000001</ele>
   </trkpt>
   <trkpt lat="46.29755" lon="11.550600000000001">
    <ele>1866.0500000000002</ele>
   </trkpt>
   <trkpt lat="46.297560000000004" lon="11.550730000000001">
    <ele>1865.16</ele>
   </trkpt>
   <trkpt lat="46.29750000000001" lon="11.551120000000001">
    <ele>1862.03</ele>
   </trkpt>
   <trkpt lat="46.29749" lon="11.551260000000001">
    <ele>1860.6000000000001</ele>
   </trkpt>
   <trkpt lat="46.297520000000006" lon="11.551520000000002">
    <ele>1855.9500000000003</ele>
   </trkpt>
   <trkpt lat="46.29751" lon="11.55165">
    <ele>1849.5700000000002</ele>
   </trkpt>
   <trkpt lat="46.29759000000001" lon="11.551720000000001">
    <ele>1848.0600000000002</ele>
   </trkpt>
   <trkpt lat="46.297740000000005" lon="11.55206">
    <ele>1843.0000000000002</ele>
   </trkpt>
   <trkpt lat="46.297700000000006" lon="11.552320000000002">
    <ele>1840.72</ele>
   </trkpt>
   <trkpt lat="46.29766" lon="11.552430000000001">
    <ele>1840.72</ele>
   </trkpt>
   <trkpt lat="46.29766" lon="11.552570000000001">
    <ele>1839.47</ele>
   </trkpt>
   <trkpt lat="46.297560000000004" lon="11.552790000000002">
    <ele>1838.65</ele>
   </trkpt>
   <trkpt lat="46.29749" lon="11.552890000000001">
    <ele>1838.64</ele>
   </trkpt>
   <trkpt lat="46.297410000000006" lon="11.55296">
    <ele>1838.91</ele>
   </trkpt>
   <trkpt lat="46.29735" lon="11.55306">
    <ele>1839.67</ele>
   </trkpt>
   <trkpt lat="46.29730000000001" lon="11.553320000000001">
    <ele>1843.3600000000001</ele>
   </trkpt>
   <trkpt lat="46.297360000000005" lon="11.553420000000001">
    <ele>1844.65</ele>
   </trkpt>
   <trkpt lat="46.297380000000004" lon="11.553560000000001">
    <ele>1845.66</ele>
   </trkpt>
   <trkpt lat="46.297290000000004" lon="11.55361">
    <ele>1846.4900000000002</ele>
   </trkpt>
   <trkpt lat="46.29724" lon="11.553700000000001">
    <ele>1847.0700000000002</ele>
   </trkpt>
   <trkpt lat="46.297230000000006" lon="11.55371">
    <ele>1847.18</ele>
   </trkpt>
   <trkpt lat="46.29737" lon="11.553680000000002">
    <ele>1850.99</ele>
   </trkpt>
   <trkpt lat="46.29753" lon="11.55352">
    <ele>1856.5500000000002</ele>
   </trkpt>
   <trkpt lat="46.297610000000006" lon="11.55347">
    <ele>1862.0900000000001</ele>
   </trkpt>
   <trkpt lat="46.297700000000006" lon="11.553500000000001">
    <ele>1864.1100000000001</ele>
   </trkpt>
   <trkpt lat="46.297720000000005" lon="11.55363">
    <ele>1873.0900000000001</ele>
   </trkpt>
   <trkpt lat="46.297720000000005" lon="11.55377">
    <ele>1877.25</ele>
   </trkpt>
   <trkpt lat="46.29782" lon="11.553830000000001">
    <ele>1880.91</ele>
   </trkpt>
   <trkpt lat="46.29786000000001" lon="11.55394">
    <ele>1884.21</ele>
   </trkpt>
   <trkpt lat="46.29802" lon="11.55409">
    <ele>1892.0100000000002</ele>
   </trkpt>
   <trkpt lat="46.29822" lon="11.55438">
    <ele>1906.6600000000003</ele>
   </trkpt>
   <trkpt lat="46.29849" lon="11.55451">
    <ele>1912.77</ele>
   </trkpt>
   <trkpt lat="46.29858" lon="11.554480000000002">
    <ele>1917.1000000000001</ele>
   </trkpt>
   <trkpt lat="46.29867" lon="11.554490000000001">
    <ele>1921.68</ele>
   </trkpt>
   <trkpt lat="46.298750000000005" lon="11.55455">
    <ele>1928.8200000000002</ele>
   </trkpt>
   <trkpt lat="46.29881" lon="11.55465">
    <ele>1933.21</ele>
   </trkpt>
   <trkpt lat="46.29891000000001" lon="11.55489">
    <ele>1941.66</ele>
   </trkpt>
   <trkpt lat="46.299020000000006" lon="11.55494">
    <ele>1945.25</ele>
   </trkpt>
   <trkpt lat="46.299200000000006" lon="11.554950000000002">
    <ele>1949.5200000000002</ele>
   </trkpt>
   <trkpt lat="46.299290000000006" lon="11.55499">
    <ele>1958.5100000000002</ele>
   </trkpt>
   <trkpt lat="46.29946" lon="11.55527">
    <ele>1973.3300000000002</ele>
   </trkpt>
   <trkpt lat="46.299530000000004" lon="11.555280000000002">
    <ele>1973.3300000000002</ele>
   </trkpt>
   <trkpt lat="46.29961" lon="11.555320000000002">
    <ele>1981.89</ele>
   </trkpt>
   <trkpt lat="46.299690000000005" lon="11.555390000000001">
    <ele>1981.89</ele>
   </trkpt>
   <trkpt lat="46.299780000000005" lon="11.555430000000001">
    <ele>1985.9</ele>
   </trkpt>
   <trkpt lat="46.299870000000006" lon="11.55544">
    <ele>1987.7700000000002</ele>
   </trkpt>
   <trkpt lat="46.299960000000006" lon="11.555380000000001">
    <ele>1993.18</ele>
   </trkpt>
   <trkpt lat="46.30024" lon="11.55544">
    <ele>2008.42</ele>
   </trkpt>
   <trkpt lat="46.300360000000005" lon="11.55544">
    <ele>2008.42</ele>
   </trkpt>
   <trkpt lat="46.30042" lon="11.5555">
    <ele>2016.1900000000003</ele>
   </trkpt>
   <trkpt lat="46.30051" lon="11.555700000000002">
    <ele>2021.3200000000002</ele>
   </trkpt>
   <trkpt lat="46.30059000000001" lon="11.55577">
    <ele>2025.64</ele>
   </trkpt>
   <trkpt lat="46.30091" lon="11.55596">
    <ele>2034.98</ele>
   </trkpt>
   <trkpt lat="46.301080000000006" lon="11.5561">
    <ele>2037.8100000000004</ele>
   </trkpt>
   <trkpt lat="46.301170000000006" lon="11.5561">
    <ele>2038.5300000000002</ele>
   </trkpt>
   <trkpt lat="46.30124000000001" lon="11.5562">
    <ele>2039.0200000000002</ele>
   </trkpt>
   <trkpt lat="46.301410000000004" lon="11.55634">
    <ele>2042.2100000000003</ele>
   </trkpt>
   <trkpt lat="46.30149" lon="11.556270000000001">
    <ele>2043.31</ele>
   </trkpt>
   <trkpt lat="46.30158" lon="11.556230000000001">
    <ele>2048.98</ele>
   </trkpt>
   <trkpt lat="46.301770000000005" lon="11.55621">
    <ele>2051.3</ele>
   </trkpt>
   <trkpt lat="46.301860000000005" lon="11.556230000000001">
    <ele>2053.35</ele>
   </trkpt>
   <trkpt lat="46.30203" lon="11.55634">
    <ele>2056.7000000000003</ele>
   </trkpt>
   <trkpt lat="46.302240000000005" lon="11.55635">
    <ele>2060.34</ele>
   </trkpt>
   <trkpt lat="46.302310000000006" lon="11.55644">
    <ele>2062.2100000000005</ele>
   </trkpt>
   <trkpt lat="46.302490000000006" lon="11.556500000000002">
    <ele>2068.4900000000002</ele>
   </trkpt>
   <trkpt lat="46.302580000000006" lon="11.55648">
    <ele>2073.15</ele>
   </trkpt>
   <trkpt lat="46.30285000000001" lon="11.556610000000001">
    <ele>2086.9900000000002</ele>
   </trkpt>
   <trkpt lat="46.30294000000001" lon="11.55662">
    <ele>2090.32</ele>
   </trkpt>
   <trkpt lat="46.30303000000001" lon="11.55667">
    <ele>2093.9700000000003</ele>
   </trkpt>
   <trkpt lat="46.30312000000001" lon="11.556690000000001">
    <ele>2095.4900000000002</ele>
   </trkpt>
   <trkpt lat="46.30322" lon="11.556690000000001">
    <ele>2096.77</ele>
   </trkpt>
   <trkpt lat="46.30331" lon="11.55672">
    <ele>2098.1400000000003</ele>
   </trkpt>
   <trkpt lat="46.3034" lon="11.556690000000001">
    <ele>2099.26</ele>
   </trkpt>
   <trkpt lat="46.303580000000004" lon="11.55677">
    <ele>2101.56</ele>
   </trkpt>
   <trkpt lat="46.30377000000001" lon="11.5568">
    <ele>2105.7200000000003</ele>
   </trkpt>
   <trkpt lat="46.30386" lon="11.556740000000001">
    <ele>2108.27</ele>
   </trkpt>
   <trkpt lat="46.30389" lon="11.55662">
    <ele>2109.1300000000006</ele>
   </trkpt>
   <trkpt lat="46.303990000000006" lon="11.55657">
    <ele>2111.2000000000003</ele>
   </trkpt>
   <trkpt lat="46.304140000000004" lon="11.556420000000001">
    <ele>2116.9500000000003</ele>
   </trkpt>
   <trkpt lat="46.3042" lon="11.556320000000001">
    <ele>2117.96</ele>
   </trkpt>
   <trkpt lat="46.30424000000001" lon="11.55629">
    <ele>2120.88</ele>
   </trkpt>
   <trkpt lat="46.304370000000006" lon="11.55592">
    <ele>2125.8500000000004</ele>
   </trkpt>
   <trkpt lat="46.304460000000006" lon="11.55587">
    <ele>2127.1600000000003</ele>
   </trkpt>
   <trkpt lat="46.304500000000004" lon="11.555700000000002">
    <ele>2128.25</ele>
   </trkpt>
   <trkpt lat="46.304550000000006" lon="11.5556">
    <ele>2128.69</ele>
   </trkpt>
   <trkpt lat="46.30463" lon="11.555570000000001">
    <ele>2129.77</ele>
   </trkpt>
   <trkpt lat="46.30471000000001" lon="11.55559">
    <ele>2131.67</ele>
   </trkpt>
   <trkpt lat="46.30480000000001" lon="11.55541">
    <ele>2135.5099999999998</ele>
   </trkpt>
   <trkpt lat="46.304860000000005" lon="11.55541">
    <ele>2137.83</ele>
   </trkpt>
   <trkpt lat="46.30527000000001" lon="11.555620000000001">
    <ele>2143.6</ele>
   </trkpt>
   <trkpt lat="46.30543" lon="11.55574">
    <ele>2145.7300000000005</ele>
   </trkpt>
   <trkpt lat="46.305530000000005" lon="11.555790000000002">
    <ele>2147.9900000000002</ele>
   </trkpt>
   <trkpt lat="46.305580000000006" lon="11.55587">
    <ele>2148.8900000000003</ele>
   </trkpt>
   <trkpt lat="46.30563" lon="11.55615">
    <ele>2155.79</ele>
   </trkpt>
   <trkpt lat="46.30581" lon="11.55653">
    <ele>2160.1700000000005</ele>
   </trkpt>
   <trkpt lat="46.305930000000004" lon="11.55663">
    <ele>2161.9900000000002</ele>
   </trkpt>
   <trkpt lat="46.306020000000004" lon="11.55667">
    <ele>2162.73</ele>
   </trkpt>
   <trkpt lat="46.30624" lon="11.557010000000002">
    <ele>2163.67</ele>
   </trkpt>
   <trkpt lat="46.306400000000004" lon="11.55719">
    <ele>2164.82</ele>
   </trkpt>
   <trkpt lat="46.306490000000004" lon="11.55723">
    <ele>2164.65</ele>
   </trkpt>
   <trkpt lat="46.30655" lon="11.557360000000001">
    <ele>2163.9500000000003</ele>
   </trkpt>
   <trkpt lat="46.30664" lon="11.557390000000002">
    <ele>2163.11</ele>
   </trkpt>
   <trkpt lat="46.30673" lon="11.557500000000001">
    <ele>2162.38</ele>
   </trkpt>
   <trkpt lat="46.30682" lon="11.55751">
    <ele>2162.3300000000004</ele>
   </trkpt>
   <trkpt lat="46.30697000000001" lon="11.55788">
    <ele>2159.67</ele>
   </trkpt>
   <trkpt lat="46.30713" lon="11.55808">
    <ele>2155.4</ele>
   </trkpt>
   <trkpt lat="46.30745" lon="11.55826">
    <ele>2150.91</ele>
   </trkpt>
   <trkpt lat="46.30776" lon="11.55831">
    <ele>2147.92</ele>
   </trkpt>
   <trkpt lat="46.308020000000006" lon="11.55827">
    <ele>2145.56</ele>
   </trkpt>
   <trkpt lat="46.308220000000006" lon="11.55836">
    <ele>2142.44</ele>
   </trkpt>
   <trkpt lat="46.30848" lon="11.558330000000002">
    <ele>2139.45</ele>
   </trkpt>
   <trkpt lat="46.308580000000006" lon="11.558240000000001">
    <ele>2135.75</ele>
   </trkpt>
   <trkpt lat="46.308730000000004" lon="11.558200000000001">
    <ele>2134.1800000000003</ele>
   </trkpt>
   <trkpt lat="46.30897" lon="11.55818">
    <ele>2128.53</ele>
   </trkpt>
   <trkpt lat="46.3091" lon="11.558200000000001">
    <ele>2125.2200000000003</ele>
   </trkpt>
   <trkpt lat="46.30924" lon="11.55827">
    <ele>2123.37</ele>
   </trkpt>
   <trkpt lat="46.30951" lon="11.558290000000001">
    <ele>2118.46</ele>
   </trkpt>
   <trkpt lat="46.30973" lon="11.55827">
    <ele>2113.89</ele>
   </trkpt>
   <trkpt lat="46.30986" lon="11.55821">
    <ele>2111.0200000000004</ele>
   </trkpt>
   <trkpt lat="46.31002" lon="11.55817">
    <ele>2107.5099999999998</ele>
   </trkpt>
   <trkpt lat="46.31011" lon="11.55818">
    <ele>2106.23</ele>
   </trkpt>
   <trkpt lat="46.310370000000006" lon="11.558300000000001">
    <ele>2106.86</ele>
   </trkpt>
   <trkpt lat="46.310570000000006" lon="11.558300000000001">
    <ele>2106.78</ele>
   </trkpt>
   <trkpt lat="46.31069" lon="11.558240000000001">
    <ele>2106.79</ele>
   </trkpt>
   <trkpt lat="46.310930000000006" lon="11.558250000000001">
    <ele>2106.23</ele>
   </trkpt>
   <trkpt lat="46.31119" lon="11.55813">
    <ele>2104.63</ele>
   </trkpt>
   <trkpt lat="46.31156000000001" lon="11.55803">
    <ele>2102.65</ele>
   </trkpt>
   <trkpt lat="46.31176000000001" lon="11.557860000000002">
    <ele>2103.53</ele>
   </trkpt>
   <trkpt lat="46.31213" lon="11.557590000000001">
    <ele>2104.67</ele>
   </trkpt>
   <trkpt lat="46.31232000000001" lon="11.557580000000002">
    <ele>2108.4</ele>
   </trkpt>
   <trkpt lat="46.3123" lon="11.55779">
    <ele>2108.71</ele>
   </trkpt>
   <trkpt lat="46.312380000000005" lon="11.55874">
    <ele>2104.84</ele>
   </trkpt>
   <trkpt lat="46.312470000000005" lon="11.55896">
    <ele>2103.33</ele>
   </trkpt>
   <trkpt lat="46.312630000000006" lon="11.559280000000001">
    <ele>2096.73</ele>
   </trkpt>
   <trkpt lat="46.31282" lon="11.55957">
    <ele>2091.52</ele>
   </trkpt>
   <trkpt lat="46.31302" lon="11.559780000000002">
    <ele>2087.6200000000003</ele>
   </trkpt>
   <trkpt lat="46.31326000000001" lon="11.559940000000001">
    <ele>2084.7000000000003</ele>
   </trkpt>
   <trkpt lat="46.313810000000004" lon="11.560120000000001">
    <ele>2077.19</ele>
   </trkpt>
   <trkpt lat="46.3141" lon="11.560390000000002">
    <ele>2076.63</ele>
   </trkpt>
   <trkpt lat="46.314730000000004" lon="11.560690000000001">
    <ele>2069.71</ele>
   </trkpt>
   <trkpt lat="46.31523000000001" lon="11.56061">
    <ele>2063.8900000000003</ele>
   </trkpt>
   <trkpt lat="46.315360000000005" lon="11.560640000000001">
    <ele>2061.84</ele>
   </trkpt>
   <trkpt lat="46.31552000000001" lon="11.560810000000002">
    <ele>2059.69</ele>
   </trkpt>
   <trkpt lat="46.31611" lon="11.56121">
    <ele>2050.98</ele>
   </trkpt>
   <trkpt lat="46.31671500039462" lon="11.561489996928785">
    <ele>2042.4100000000003</ele>
   </trkpt>
   <trkpt lat="46.31732" lon="11.561770000000001">
    <ele>2043.0</ele>
   </trkpt>
   <trkpt lat="46.31736" lon="11.562030000000002">
    <ele>2044.7300000000002</ele>
   </trkpt>
   <trkpt lat="46.317530000000005" lon="11.561810000000001">
    <ele>2044.7300000000002</ele>
   </trkpt>
   <trkpt lat="46.31806" lon="11.56156">
    <ele>2058.61</ele>
   </trkpt>
   <trkpt lat="46.31814000000001" lon="11.561910000000001">
    <ele>2056.67</ele>
   </trkpt>
   <trkpt lat="46.31806" lon="11.562040000000001">
    <ele>2055.53</ele>
   </trkpt>
   <trkpt lat="46.317820000000005" lon="11.562790000000001">
    <ele>2061.35</ele>
   </trkpt>
   <trkpt lat="46.317530000000005" lon="11.563590000000001">
    <ele>2076.92</ele>
   </trkpt>
   <trkpt lat="46.317440000000005" lon="11.56403">
    <ele>2089.96</ele>
   </trkpt>
   <trkpt lat="46.31728500562255" lon="11.565165003159711">
    <ele>2123.85</ele>
   </trkpt>
   <trkpt lat="46.317130000000006" lon="11.566300000000002">
    <ele>2144.1600000000003</ele>
   </trkpt>
   <trkpt lat="46.31721" lon="11.56658">
    <ele>2147.4900000000002</ele>
   </trkpt>
   <trkpt lat="46.317440000000005" lon="11.566740000000001">
    <ele>2150.2700000000004</ele>
   </trkpt>
   <trkpt lat="46.31754" lon="11.5669">
    <ele>2151.16</ele>
   </trkpt>
   <trkpt lat="46.31774" lon="11.56699">
    <ele>2151.79</ele>
   </trkpt>
   <trkpt lat="46.31804" lon="11.56704">
    <ele>2151.78</ele>
   </trkpt>
   <trkpt lat="46.31805000000001" lon="11.56704">
    <ele>2151.78</ele>
   </trkpt>
   <trkpt lat="46.318470000000005" lon="11.56694">
    <ele>2151.69</ele>
   </trkpt>
   <trkpt lat="46.31889" lon="11.566870000000002">
    <ele>2151.6200000000003</ele>
   </trkpt>
   <trkpt lat="46.31926000000001" lon="11.566450000000001">
    <ele>2155.7000000000003</ele>
   </trkpt>
   <trkpt lat="46.319480000000006" lon="11.56605">
    <ele>2158.71</ele>
   </trkpt>
   <trkpt lat="46.319660000000006" lon="11.565890000000001">
    <ele>2161.4600000000005</ele>
   </trkpt>
   <trkpt lat="46.31978" lon="11.565840000000001">
    <ele>2164.8500000000004</ele>
   </trkpt>
   <trkpt lat="46.32003" lon="11.565570000000001">
    <ele>2176.19</ele>
   </trkpt>
   <trkpt lat="46.32018" lon="11.565380000000001">
    <ele>2178.9300000000003</ele>
   </trkpt>
   <trkpt lat="46.32021" lon="11.565220000000002">
    <ele>2181.62</ele>
   </trkpt>
   <trkpt lat="46.32039" lon="11.56497">
    <ele>2191.2400000000002</ele>
   </trkpt>
   <trkpt lat="46.32043" lon="11.56488">
    <ele>2192.8300000000004</ele>
   </trkpt>
   <trkpt lat="46.320420000000006" lon="11.56478">
    <ele>2192.8300000000004</ele>
   </trkpt>
   <trkpt lat="46.320460000000004" lon="11.564710000000002">
    <ele>2202.9</ele>
   </trkpt>
   <trkpt lat="46.32059" lon="11.564670000000001">
    <ele>2204.38</ele>
   </trkpt>
   <trkpt lat="46.3207" lon="11.564390000000001">
    <ele>2209.3100000000004</ele>
   </trkpt>
   <trkpt lat="46.320870000000006" lon="11.564300000000001">
    <ele>2216.38</ele>
   </trkpt>
   <trkpt lat="46.32112" lon="11.56413">
    <ele>2224.0</ele>
   </trkpt>
   <trkpt lat="46.32124" lon="11.56417">
    <ele>2225.75</ele>
   </trkpt>
   <trkpt lat="46.32137" lon="11.56404">
    <ele>2227.36</ele>
   </trkpt>
   <trkpt lat="46.321450000000006" lon="11.5639">
    <ele>2227.36</ele>
   </trkpt>
   <trkpt lat="46.32161000000001" lon="11.5638">
    <ele>2225.27</ele>
   </trkpt>
   <trkpt lat="46.321740000000005" lon="11.56357">
    <ele>2224.7000000000003</ele>
   </trkpt>
   <trkpt lat="46.32226000000001" lon="11.563160000000002">
    <ele>2223.8700000000003</ele>
   </trkpt>
   <trkpt lat="46.3228" lon="11.56244">
    <ele>2229.61</ele>
   </trkpt>
   <trkpt lat="46.32318" lon="11.562230000000001">
    <ele>2238.2500000000005</ele>
   </trkpt>
   <trkpt lat="46.32334" lon="11.562190000000001">
    <ele>2243.4</ele>
   </trkpt>
   <trkpt lat="46.3235" lon="11.562190000000001">
    <ele>2227.2700000000004</ele>
   </trkpt>
   <trkpt lat="46.323660000000004" lon="11.56174">
    <ele>2234.02</ele>
   </trkpt>
   <trkpt lat="46.32395" lon="11.56131">
    <ele>2247.69</ele>
   </trkpt>
   <trkpt lat="46.324070000000006" lon="11.56132">
    <ele>2250.65</ele>
   </trkpt>
   <trkpt lat="46.324180000000005" lon="11.56118">
    <ele>2255.8900000000003</ele>
   </trkpt>
   <trkpt lat="46.32432000000001" lon="11.56109">
    <ele>2259.63</ele>
   </trkpt>
   <trkpt lat="46.324600000000004" lon="11.560720000000002">
    <ele>2271.46</ele>
   </trkpt>
   <trkpt lat="46.324830000000006" lon="11.560670000000002">
    <ele>2278.68</ele>
   </trkpt>
   <trkpt lat="46.32546000000001" lon="11.560060000000002">
    <ele>2289.12</ele>
   </trkpt>
   <trkpt lat="46.326010000000004" lon="11.55986">
    <ele>2303.9900000000002</ele>
   </trkpt>
   <trkpt lat="46.326570000000004" lon="11.5593">
    <ele>2317.57</ele>
   </trkpt>
   <trkpt lat="46.326620000000005" lon="11.559080000000002">
    <ele>2318.57</ele>
   </trkpt>
   <trkpt lat="46.32661" lon="11.55882">
    <ele>2318.07</ele>
   </trkpt>
   <trkpt lat="46.326640000000005" lon="11.558480000000001">
    <ele>2317.03</ele>
   </trkpt>
   <trkpt lat="46.32672" lon="11.558250000000001">
    <ele>2316.92</ele>
   </trkpt>
   <trkpt lat="46.32677" lon="11.55803">
    <ele>2318.03</ele>
   </trkpt>
   <trkpt lat="46.32677" lon="11.55789">
    <ele>2319.16</ele>
   </trkpt>
   <trkpt lat="46.32697" lon="11.557630000000001">
    <ele>2322.5800000000004</ele>
   </trkpt>
   <trkpt lat="46.327600000000004" lon="11.557010000000002">
    <ele>2318.42</ele>
   </trkpt>
   <trkpt lat="46.32779" lon="11.55685">
    <ele>2316.2100000000005</ele>
   </trkpt>
   <trkpt lat="46.32822" lon="11.55633">
    <ele>2314.23</ele>
   </trkpt>
   <trkpt lat="46.3284" lon="11.556140000000001">
    <ele>2317.36</ele>
   </trkpt>
   <trkpt lat="46.32853" lon="11.55605">
    <ele>2320.1200000000003</ele>
   </trkpt>
   <trkpt lat="46.328630000000004" lon="11.556090000000001">
    <ele>2323.71</ele>
   </trkpt>
   <trkpt lat="46.328810000000004" lon="11.55602">
    <ele>2326.75</ele>
   </trkpt>
   <trkpt lat="46.32905" lon="11.555840000000002">
    <ele>2333.09</ele>
   </trkpt>
   <trkpt lat="46.32916" lon="11.555860000000001">
    <ele>2334.8500000000004</ele>
   </trkpt>
   <trkpt lat="46.32936" lon="11.55564">
    <ele>2336.2100000000005</ele>
   </trkpt>
   <trkpt lat="46.329440000000005" lon="11.5553">
    <ele>2335.5400000000004</ele>
   </trkpt>
   <trkpt lat="46.329570000000004" lon="11.55511">
    <ele>2334.27</ele>
   </trkpt>
   <trkpt lat="46.329750000000004" lon="11.55466">
    <ele>2330.5200000000004</ele>
   </trkpt>
   <trkpt lat="46.33028" lon="11.55394">
    <ele>2318.1600000000003</ele>
   </trkpt>
   <trkpt lat="46.33043000000001" lon="11.55366">
    <ele>2315.07</ele>
   </trkpt>
   <trkpt lat="46.33044" lon="11.553650000000001">
    <ele>2315.07</ele>
   </trkpt>
   <trkpt lat="46.33053" lon="11.55334">
    <ele>2311.52</ele>
   </trkpt>
   <trkpt lat="46.330630000000006" lon="11.55316">
    <ele>2308.8900000000003</ele>
   </trkpt>
   <trkpt lat="46.330670000000005" lon="11.552930000000002">
    <ele>2304.05</ele>
   </trkpt>
   <trkpt lat="46.33071" lon="11.552850000000001">
    <ele>2302.5800000000004</ele>
   </trkpt>
   <trkpt lat="46.330650000000006" lon="11.55283">
    <ele>2299.1400000000003</ele>
   </trkpt>
   <trkpt lat="46.330650000000006" lon="11.552760000000001">
    <ele>2297.21</ele>
   </trkpt>
   <trkpt lat="46.330600000000004" lon="11.552750000000001">
    <ele>2295.17</ele>
   </trkpt>
   <trkpt lat="46.33061000000001" lon="11.55267">
    <ele>2293.2200000000003</ele>
   </trkpt>
   <trkpt lat="46.33066" lon="11.552600000000002">
    <ele>2287.6800000000003</ele>
   </trkpt>
   <trkpt lat="46.33057" lon="11.55222">
    <ele>2278.41</ele>
   </trkpt>
   <trkpt lat="46.330850000000005" lon="11.551340000000001">
    <ele>2269.06</ele>
   </trkpt>
   <trkpt lat="46.330920000000006" lon="11.55076">
    <ele>2264.27</ele>
   </trkpt>
   <trkpt lat="46.33117000000001" lon="11.55014">
    <ele>2256.4300000000003</ele>
   </trkpt>
   <trkpt lat="46.33118" lon="11.55">
    <ele>2254.7900000000004</ele>
   </trkpt>
   <trkpt lat="46.33137000000001" lon="11.549850000000001">
    <ele>2253.36</ele>
   </trkpt>
   <trkpt lat="46.33129" lon="11.54964">
    <ele>2237.1600000000003</ele>
   </trkpt>
   <trkpt lat="46.331390000000006" lon="11.549080000000002">
    <ele>2226.4000000000005</ele>
   </trkpt>
   <trkpt lat="46.3314" lon="11.54878">
    <ele>2220.94</ele>
   </trkpt>
   <trkpt lat="46.331480000000006" lon="11.548480000000001">
    <ele>2217.76</ele>
   </trkpt>
   <trkpt lat="46.33155000000001" lon="11.548070000000001">
    <ele>2211.04</ele>
   </trkpt>
   <trkpt lat="46.33162" lon="11.54781">
    <ele>2205.5800000000004</ele>
   </trkpt>
   <trkpt lat="46.331610000000005" lon="11.547390000000002">
    <ele>2195.29</ele>
   </trkpt>
   <trkpt lat="46.331630000000004" lon="11.547250000000002">
    <ele>2192.42</ele>
   </trkpt>
   <trkpt lat="46.331610000000005" lon="11.546970000000002">
    <ele>2186.22</ele>
   </trkpt>
   <trkpt lat="46.33167" lon="11.546380000000001">
    <ele>2174.85</ele>
   </trkpt>
   <trkpt lat="46.33174" lon="11.54612">
    <ele>2169.67</ele>
   </trkpt>
   <trkpt lat="46.33175000000001" lon="11.54597">
    <ele>2166.46</ele>
   </trkpt>
   <trkpt lat="46.33182" lon="11.545710000000001">
    <ele>2161.34</ele>
   </trkpt>
   <trkpt lat="46.331810000000004" lon="11.545570000000001">
    <ele>2159.17</ele>
   </trkpt>
   <trkpt lat="46.33203" lon="11.545290000000001">
    <ele>2151.57</ele>
   </trkpt>
   <trkpt lat="46.33194" lon="11.54507">
    <ele>2165.84</ele>
   </trkpt>
   <trkpt lat="46.331880000000005" lon="11.544450000000001">
    <ele>2154.44</ele>
   </trkpt>
   <trkpt lat="46.33196" lon="11.54423">
    <ele>2149.8700000000003</ele>
   </trkpt>
   <trkpt lat="46.33187" lon="11.543320000000001">
    <ele>2155.3500000000004</ele>
   </trkpt>
   <trkpt lat="46.33182" lon="11.543140000000001">
    <ele>2156.27</ele>
   </trkpt>
   <trkpt lat="46.331720000000004" lon="11.54296">
    <ele>2157.6400000000003</ele>
   </trkpt>
   <trkpt lat="46.331515001553576" lon="11.542344997409954">
    <ele>2161.5</ele>
   </trkpt>
   <trkpt lat="46.33131" lon="11.541730000000001">
    <ele>2163.5400000000004</ele>
   </trkpt>
   <trkpt lat="46.33099000000001" lon="11.54133">
    <ele>2165.17</ele>
   </trkpt>
   <trkpt lat="46.330780000000004" lon="11.540870000000002">
    <ele>2167.86</ele>
   </trkpt>
   <trkpt lat="46.33035" lon="11.54033">
    <ele>2171.1400000000003</ele>
   </trkpt>
   <trkpt lat="46.33006" lon="11.539750000000002">
    <ele>2173.9900000000002</ele>
   </trkpt>
   <trkpt lat="46.329800000000006" lon="11.539530000000001">
    <ele>2175.34</ele>
   </trkpt>
   <trkpt lat="46.32929" lon="11.539190000000001">
    <ele>2177.13</ele>
   </trkpt>
   <trkpt lat="46.3288" lon="11.53889">
    <ele>2179.4800000000005</ele>
   </trkpt>
   <trkpt lat="46.32842" lon="11.53855">
    <ele>2180.92</ele>
   </trkpt>
   <trkpt lat="46.32818" lon="11.53819">
    <ele>2183.34</ele>
   </trkpt>
   <trkpt lat="46.327920000000006" lon="11.537970000000001">
    <ele>2187.4500000000003</ele>
   </trkpt>
   <trkpt lat="46.327780000000004" lon="11.537600000000001">
    <ele>2193.56</ele>
   </trkpt>
   <trkpt lat="46.32764" lon="11.53739">
    <ele>2194.9400000000005</ele>
   </trkpt>
   <trkpt lat="46.32741" lon="11.536950000000001">
    <ele>2196.3700000000003</ele>
   </trkpt>
   <trkpt lat="46.32706" lon="11.53649">
    <ele>2195.28</ele>
   </trkpt>
   <trkpt lat="46.3265" lon="11.5356">
    <ele>2191.71</ele>
   </trkpt>
   <trkpt lat="46.32623" lon="11.53522">
    <ele>2189.95</ele>
   </trkpt>
   <trkpt lat="46.325950000000006" lon="11.53467">
    <ele>2185.05</ele>
   </trkpt>
   <trkpt lat="46.32555000000001" lon="11.53382">
    <ele>2170.37</ele>
   </trkpt>
   <trkpt lat="46.325450000000004" lon="11.533370000000001">
    <ele>2167.64</ele>
   </trkpt>
   <trkpt lat="46.32544" lon="11.53297">
    <ele>2164.76</ele>
   </trkpt>
   <trkpt lat="46.32497499976185" lon="11.533025000497235">
    <ele>2159.86</ele>
   </trkpt>
   <trkpt lat="46.324510000000004" lon="11.533080000000002">
    <ele>2152.8900000000003</ele>
   </trkpt>
   <trkpt lat="46.324220000000004" lon="11.53288">
    <ele>2148.87</ele>
   </trkpt>
   <trkpt lat="46.323930000000004" lon="11.53275">
    <ele>2143.15</ele>
   </trkpt>
   <trkpt lat="46.323730000000005" lon="11.53259">
    <ele>2141.11</ele>
   </trkpt>
   <trkpt lat="46.32352" lon="11.53265">
    <ele>2138.3900000000003</ele>
   </trkpt>
   <trkpt lat="46.32327" lon="11.53255">
    <ele>2136.06</ele>
   </trkpt>
   <trkpt lat="46.323040000000006" lon="11.532490000000001">
    <ele>2131.81</ele>
   </trkpt>
   <trkpt lat="46.322950000000006" lon="11.53231">
    <ele>2130.4100000000003</ele>
   </trkpt>
   <trkpt lat="46.32256" lon="11.532110000000001">
    <ele>2125.1200000000003</ele>
   </trkpt>
   <trkpt lat="46.32229" lon="11.53194">
    <ele>2119.52</ele>
   </trkpt>
   <trkpt lat="46.32148" lon="11.532050000000002">
    <ele>2111.09</ele>
   </trkpt>
   <trkpt lat="46.321270000000005" lon="11.531930000000001">
    <ele>2110.11</ele>
   </trkpt>
   <trkpt lat="46.321110000000004" lon="11.53195">
    <ele>2109.3900000000003</ele>
   </trkpt>
   <trkpt lat="46.32103" lon="11.531880000000001">
    <ele>2109.2500000000005</ele>
   </trkpt>
   <trkpt lat="46.32074" lon="11.53198">
    <ele>2108.1000000000004</ele>
   </trkpt>
   <trkpt lat="46.32067000000001" lon="11.531930000000001">
    <ele>2107.64</ele>
   </trkpt>
   <trkpt lat="46.32023" lon="11.531860000000002">
    <ele>2105.27</ele>
   </trkpt>
   <trkpt lat="46.31969" lon="11.53143">
    <ele>2098.2400000000002</ele>
   </trkpt>
   <trkpt lat="46.3194" lon="11.531400000000001">
    <ele>2096.2599999999998</ele>
   </trkpt>
   <trkpt lat="46.31907" lon="11.531490000000002">
    <ele>2094.59</ele>
   </trkpt>
   <trkpt lat="46.318850000000005" lon="11.53129">
    <ele>2090.82</ele>
   </trkpt>
   <trkpt lat="46.31859" lon="11.53091">
    <ele>2087.87</ele>
   </trkpt>
   <trkpt lat="46.318340000000006" lon="11.530800000000001">
    <ele>2089.2200000000003</ele>
   </trkpt>
   <trkpt lat="46.317980000000006" lon="11.53048">
    <ele>2089.54</ele>
   </trkpt>
   <trkpt lat="46.31712" lon="11.53063">
    <ele>2097.05</ele>
   </trkpt>
   <trkpt lat="46.31685" lon="11.53048">
    <ele>2097.6700000000005</ele>
   </trkpt>
   <trkpt lat="46.31665" lon="11.5302">
    <ele>2100.38</ele>
   </trkpt>
   <trkpt lat="46.316320000000005" lon="11.53001">
    <ele>2105.9300000000003</ele>
   </trkpt>
   <trkpt lat="46.315830000000005" lon="11.530100000000001">
    <ele>2115.39</ele>
   </trkpt>
   <trkpt lat="46.31562" lon="11.52997">
    <ele>2115.69</ele>
   </trkpt>
   <trkpt lat="46.315270000000005" lon="11.529560000000002">
    <ele>2114.98</ele>
   </trkpt>
   <trkpt lat="46.314820000000005" lon="11.52921">
    <ele>2112.73</ele>
   </trkpt>
   <trkpt lat="46.314400000000006" lon="11.529050000000002">
    <ele>2112.53</ele>
   </trkpt>
   <trkpt lat="46.31419" lon="11.529150000000001">
    <ele>2114.08</ele>
   </trkpt>
   <trkpt lat="46.31400000000001" lon="11.528780000000001">
    <ele>2114.26</ele>
   </trkpt>
   <trkpt lat="46.313700000000004" lon="11.52848">
    <ele>2114.4700000000003</ele>
   </trkpt>
   <trkpt lat="46.3136" lon="11.52843">
    <ele>2114.4700000000003</ele>
   </trkpt>
   <trkpt lat="46.31344000000001" lon="11.528210000000001">
    <ele>2115.4700000000003</ele>
   </trkpt>
   <trkpt lat="46.31335000000001" lon="11.52815">
    <ele>2116.29</ele>
   </trkpt>
   <trkpt lat="46.31326000000001" lon="11.528170000000001">
    <ele>2115.2900000000004</ele>
   </trkpt>
   <trkpt lat="46.31322" lon="11.528200000000002">
    <ele>2114.37</ele>
   </trkpt>
   <trkpt lat="46.313140000000004" lon="11.528350000000001">
    <ele>2113.41</ele>
   </trkpt>
   <trkpt lat="46.313050000000004" lon="11.528440000000002">
    <ele>2112.4</ele>
   </trkpt>
   <trkpt lat="46.31304" lon="11.52856">
    <ele>2109.81</ele>
   </trkpt>
   <trkpt lat="46.3128" lon="11.52937">
    <ele>2105.8700000000003</ele>
   </trkpt>
   <trkpt lat="46.3126" lon="11.529890000000002">
    <ele>2100.62</ele>
   </trkpt>
   <trkpt lat="46.312490000000004" lon="11.53082">
    <ele>2091.6400000000003</ele>
   </trkpt>
   <trkpt lat="46.31223000000001" lon="11.53086">
    <ele>2077.1200000000003</ele>
   </trkpt>
   <trkpt lat="46.31199" lon="11.530640000000002">
    <ele>2082.25</ele>
   </trkpt>
   <trkpt lat="46.31194000000001" lon="11.530510000000001">
    <ele>2085.48</ele>
   </trkpt>
   <trkpt lat="46.311910000000005" lon="11.530220000000002">
    <ele>2095.6</ele>
   </trkpt>
   <trkpt lat="46.31168" lon="11.52978">
    <ele>2107.0</ele>
   </trkpt>
   <trkpt lat="46.311510000000006" lon="11.529330000000002">
    <ele>2119.0</ele>
   </trkpt>
   <trkpt lat="46.311400000000006" lon="11.52912">
    <ele>2122.86</ele>
   </trkpt>
   <trkpt lat="46.31123" lon="11.52908">
    <ele>2121.9</ele>
   </trkpt>
   <trkpt lat="46.311060000000005" lon="11.529150000000001">
    <ele>2119.86</ele>
   </trkpt>
   <trkpt lat="46.310860000000005" lon="11.529160000000001">
    <ele>2119.39</ele>
   </trkpt>
   <trkpt lat="46.310550000000006" lon="11.528860000000002">
    <ele>2128.4</ele>
   </trkpt>
   <trkpt lat="46.310340000000004" lon="11.52885">
    <ele>2129.1200000000003</ele>
   </trkpt>
   <trkpt lat="46.310100000000006" lon="11.52871">
    <ele>2130.57</ele>
   </trkpt>
   <trkpt lat="46.30997000000001" lon="11.528690000000001">
    <ele>2130.35</ele>
   </trkpt>
   <trkpt lat="46.309580000000004" lon="11.528360000000001">
    <ele>2129.07</ele>
   </trkpt>
   <trkpt lat="46.30946" lon="11.528350000000001">
    <ele>2127.24</ele>
   </trkpt>
   <trkpt lat="46.30939" lon="11.528440000000002">
    <ele>2126.05</ele>
   </trkpt>
   <trkpt lat="46.30939" lon="11.528670000000002">
    <ele>2124.9500000000003</ele>
   </trkpt>
   <trkpt lat="46.309340000000006" lon="11.528860000000002">
    <ele>2122.84</ele>
   </trkpt>
   <trkpt lat="46.30903000000001" lon="11.52884">
    <ele>2117.9900000000002</ele>
   </trkpt>
   <trkpt lat="46.30885000000001" lon="11.528680000000001">
    <ele>2117.9900000000002</ele>
   </trkpt>
   <trkpt lat="46.308780000000006" lon="11.528350000000001">
    <ele>2111.93</ele>
   </trkpt>
   <trkpt lat="46.30886" lon="11.52832">
    <ele>2107.39</ele>
   </trkpt>
   <trkpt lat="46.308960000000006" lon="11.52818">
    <ele>2109.7200000000003</ele>
   </trkpt>
   <trkpt lat="46.30908" lon="11.528070000000001">
    <ele>2111.71</ele>
   </trkpt>
   <trkpt lat="46.309180000000005" lon="11.52791">
    <ele>2111.2999999999997</ele>
   </trkpt>
   <trkpt lat="46.30937" lon="11.527780000000002">
    <ele>2112.1600000000003</ele>
   </trkpt>
   <trkpt lat="46.309400000000004" lon="11.527780000000002">
    <ele>2112.1600000000003</ele>
   </trkpt>
   <trkpt lat="46.30946" lon="11.527880000000001">
    <ele>2115.09</ele>
   </trkpt>
   <trkpt lat="46.30950000000001" lon="11.52791">
    <ele>2117.01</ele>
   </trkpt>
   <trkpt lat="46.30953" lon="11.52782">
    <ele>2121.32</ele>
   </trkpt>
   <trkpt lat="46.309490000000004" lon="11.527730000000002">
    <ele>2124.94</ele>
   </trkpt>
   <trkpt lat="46.30946" lon="11.527470000000001">
    <ele>2127.69</ele>
   </trkpt>
   <trkpt lat="46.30951" lon="11.5274">
    <ele>2127.46</ele>
   </trkpt>
   <trkpt lat="46.30950000000001" lon="11.527370000000001">
    <ele>2126.96</ele>
   </trkpt>
   <trkpt lat="46.30955" lon="11.52734">
    <ele>2126.36</ele>
   </trkpt>
   <trkpt lat="46.3096" lon="11.527370000000001">
    <ele>2125.83</ele>
   </trkpt>
   <trkpt lat="46.30966" lon="11.52734">
    <ele>2125.34</ele>
   </trkpt>
   <trkpt lat="46.309830000000005" lon="11.527140000000001">
    <ele>2127.52</ele>
   </trkpt>
   <trkpt lat="46.30988000000001" lon="11.52702">
    <ele>2131.05</ele>
   </trkpt>
   <trkpt lat="46.309900000000006" lon="11.526710000000001">
    <ele>2133.9300000000003</ele>
   </trkpt>
   <trkpt lat="46.310010000000005" lon="11.526480000000001">
    <ele>2136.09</ele>
   </trkpt>
   <trkpt lat="46.31006000000001" lon="11.52631">
    <ele>2136.6</ele>
   </trkpt>
   <trkpt lat="46.31017000000001" lon="11.526230000000002">
    <ele>2136.1700000000005</ele>
   </trkpt>
   <trkpt lat="46.310190000000006" lon="11.52599">
    <ele>2134.61</ele>
   </trkpt>
   <trkpt lat="46.31017000000001" lon="11.525720000000002">
    <ele>2136.7000000000003</ele>
   </trkpt>
   <trkpt lat="46.310230000000004" lon="11.525490000000001">
    <ele>2137.81</ele>
   </trkpt>
   <trkpt lat="46.31044000000001" lon="11.525220000000001">
    <ele>2135.2200000000003</ele>
   </trkpt>
   <trkpt lat="46.31065" lon="11.525200000000002">
    <ele>2134.29</ele>
   </trkpt>
   <trkpt lat="46.3108" lon="11.525150000000002">
    <ele>2135.79</ele>
   </trkpt>
   <trkpt lat="46.31109000000001" lon="11.525">
    <ele>2139.92</ele>
   </trkpt>
   <trkpt lat="46.311260000000004" lon="11.524870000000002">
    <ele>2145.89</ele>
   </trkpt>
   <trkpt lat="46.311330000000005" lon="11.52443">
    <ele>2158.8199999999997</ele>
   </trkpt>
   <trkpt lat="46.311370000000004" lon="11.52435">
    <ele>2160.39</ele>
   </trkpt>
   <trkpt lat="46.31141" lon="11.524090000000001">
    <ele>2165.4600000000005</ele>
   </trkpt>
   <trkpt lat="46.31129000000001" lon="11.523790000000002">
    <ele>2172.7700000000004</ele>
   </trkpt>
   <trkpt lat="46.31125" lon="11.523470000000001">
    <ele>2178.04</ele>
   </trkpt>
   <trkpt lat="46.31120000000001" lon="11.52331">
    <ele>2180.25</ele>
   </trkpt>
   <trkpt lat="46.31119" lon="11.523280000000002">
    <ele>2180.6200000000003</ele>
   </trkpt>
   <trkpt lat="46.311350000000004" lon="11.52349">
    <ele>2181.1200000000003</ele>
   </trkpt>
   <trkpt lat="46.311530000000005" lon="11.52355">
    <ele>2178.9900000000002</ele>
   </trkpt>
   <trkpt lat="46.311690000000006" lon="11.523560000000002">
    <ele>2174.67</ele>
   </trkpt>
   <trkpt lat="46.31186" lon="11.523650000000002">
    <ele>2172.61</ele>
   </trkpt>
   <trkpt lat="46.311980000000005" lon="11.52383">
    <ele>2166.9900000000002</ele>
   </trkpt>
   <trkpt lat="46.312050000000006" lon="11.523850000000001">
    <ele>2166.9900000000002</ele>
   </trkpt>
   <trkpt lat="46.31215" lon="11.52396">
    <ele>2163.57</ele>
   </trkpt>
   <trkpt lat="46.31228" lon="11.523990000000001">
    <ele>2162.64</ele>
   </trkpt>
   <trkpt lat="46.31273" lon="11.52429">
    <ele>2157.23</ele>
   </trkpt>
   <trkpt lat="46.313050000000004" lon="11.52467">
    <ele>2158.07</ele>
   </trkpt>
   <trkpt lat="46.31327" lon="11.525170000000001">
    <ele>2154.08</ele>
   </trkpt>
   <trkpt lat="46.31338" lon="11.52537">
    <ele>2151.94</ele>
   </trkpt>
   <trkpt lat="46.31394" lon="11.525680000000001">
    <ele>2147.42</ele>
   </trkpt>
   <trkpt lat="46.31429000000001" lon="11.52571">
    <ele>2153.06</ele>
   </trkpt>
   <trkpt lat="46.314640000000004" lon="11.526000000000002">
    <ele>2165.36</ele>
   </trkpt>
   <trkpt lat="46.314890000000005" lon="11.526110000000001">
    <ele>2174.44</ele>
   </trkpt>
   <trkpt lat="46.31514000000001" lon="11.52636">
    <ele>2183.63</ele>
   </trkpt>
   <trkpt lat="46.31532000000001" lon="11.526710000000001">
    <ele>2190.89</ele>
   </trkpt>
   <trkpt lat="46.3158" lon="11.52693">
    <ele>2209.3700000000003</ele>
   </trkpt>
   <trkpt lat="46.31593" lon="11.52725">
    <ele>2222.32</ele>
   </trkpt>
   <trkpt lat="46.316140000000004" lon="11.527550000000002">
    <ele>2227.6000000000004</ele>
   </trkpt>
   <trkpt lat="46.31631" lon="11.527600000000001">
    <ele>2229.5</ele>
   </trkpt>
   <trkpt lat="46.31644000000001" lon="11.527780000000002">
    <ele>2227.51</ele>
   </trkpt>
   <trkpt lat="46.31656" lon="11.527800000000001">
    <ele>2227.11</ele>
   </trkpt>
   <trkpt lat="46.316680000000005" lon="11.527650000000001">
    <ele>2225.2</ele>
   </trkpt>
   <trkpt lat="46.31687" lon="11.527600000000001">
    <ele>2222.89</ele>
   </trkpt>
   <trkpt lat="46.316970000000005" lon="11.527640000000002">
    <ele>2221.03</ele>
   </trkpt>
   <trkpt lat="46.31738000000001" lon="11.52813">
    <ele>2222.44</ele>
   </trkpt>
   <trkpt lat="46.31752" lon="11.52796">
    <ele>2221.69</ele>
   </trkpt>
   <trkpt lat="46.31805000000001" lon="11.52777">
    <ele>2212.36</ele>
   </trkpt>
   <trkpt lat="46.318450000000006" lon="11.527920000000002">
    <ele>2214.35</ele>
   </trkpt>
   <trkpt lat="46.31853" lon="11.52786">
    <ele>2214.51</ele>
   </trkpt>
   <trkpt lat="46.318580000000004" lon="11.52799">
    <ele>2215.26</ele>
   </trkpt>
   <trkpt lat="46.318650000000005" lon="11.527890000000001">
    <ele>2215.84</ele>
   </trkpt>
   <trkpt lat="46.31889" lon="11.528030000000001">
    <ele>2221.4</ele>
   </trkpt>
   <trkpt lat="46.319100000000006" lon="11.528210000000001">
    <ele>2230.2400000000002</ele>
   </trkpt>
   <trkpt lat="46.31911" lon="11.52828">
    <ele>2232.37</ele>
   </trkpt>
   <trkpt lat="46.3194" lon="11.528030000000001">
    <ele>2245.06</ele>
   </trkpt>
   <trkpt lat="46.31955000000001" lon="11.52801">
    <ele>2247.4</ele>
   </trkpt>
   <trkpt lat="46.319590000000005" lon="11.527940000000001">
    <ele>2251.83</ele>
   </trkpt>
   <trkpt lat="46.31965" lon="11.527970000000002">
    <ele>2251.83</ele>
   </trkpt>
   <trkpt lat="46.31973000000001" lon="11.52813">
    <ele>2257.55</ele>
   </trkpt>
   <trkpt lat="46.319840000000006" lon="11.528210000000001">
    <ele>2260.96</ele>
   </trkpt>
   <trkpt lat="46.31991000000001" lon="11.528310000000001">
    <ele>2262.26</ele>
   </trkpt>
   <trkpt lat="46.32012" lon="11.52847">
    <ele>2261.3</ele>
   </trkpt>
   <trkpt lat="46.320420000000006" lon="11.528500000000001">
    <ele>2257.7700000000004</ele>
   </trkpt>
   <trkpt lat="46.320710000000005" lon="11.52843">
    <ele>2256.4300000000003</ele>
   </trkpt>
   <trkpt lat="46.32094000000001" lon="11.52848">
    <ele>2256.5600000000004</ele>
   </trkpt>
   <trkpt lat="46.32108" lon="11.52848">
    <ele>2256.59</ele>
   </trkpt>
   <trkpt lat="46.321250000000006" lon="11.528580000000002">
    <ele>2255.7200000000003</ele>
   </trkpt>
   <trkpt lat="46.32144" lon="11.5286">
    <ele>2253.19</ele>
   </trkpt>
   <trkpt lat="46.321600000000004" lon="11.52885">
    <ele>2245.75</ele>
   </trkpt>
   <trkpt lat="46.32182" lon="11.529000000000002">
    <ele>2238.11</ele>
   </trkpt>
   <trkpt lat="46.32198" lon="11.52908">
    <ele>2235.7599999999998</ele>
   </trkpt>
   <trkpt lat="46.32208000000001" lon="11.529240000000001">
    <ele>2233.0499999999997</ele>
   </trkpt>
   <trkpt lat="46.322210000000005" lon="11.529240000000001">
    <ele>2228.54</ele>
   </trkpt>
   <trkpt lat="46.32226000000001" lon="11.52927">
    <ele>2222.7300000000005</ele>
   </trkpt>
   <trkpt lat="46.322230000000005" lon="11.5294">
    <ele>2222.7300000000005</ele>
   </trkpt>
   <trkpt lat="46.322280000000006" lon="11.529520000000002">
    <ele>2218.3300000000004</ele>
   </trkpt>
   <trkpt lat="46.322410000000005" lon="11.529580000000001">
    <ele>2214.89</ele>
   </trkpt>
   <trkpt lat="46.32284000000001" lon="11.530040000000001">
    <ele>2207.4900000000002</ele>
   </trkpt>
   <trkpt lat="46.322900000000004" lon="11.530140000000001">
    <ele>2206.13</ele>
   </trkpt>
   <trkpt lat="46.32296" lon="11.530170000000002">
    <ele>2206.13</ele>
   </trkpt>
   <trkpt lat="46.32303" lon="11.53012">
    <ele>2203.56</ele>
   </trkpt>
   <trkpt lat="46.32312" lon="11.530140000000001">
    <ele>2202.11</ele>
   </trkpt>
   <trkpt lat="46.32316" lon="11.530230000000001">
    <ele>2201.1800000000003</ele>
   </trkpt>
   <trkpt lat="46.32332" lon="11.530280000000001">
    <ele>2200.4300000000003</ele>
   </trkpt>
   <trkpt lat="46.32341" lon="11.530420000000001">
    <ele>2199.0000000000005</ele>
   </trkpt>
   <trkpt lat="46.32349000000001" lon="11.53076">
    <ele>2194.71</ele>
   </trkpt>
   <trkpt lat="46.32354" lon="11.5309">
    <ele>2192.13</ele>
   </trkpt>
   <trkpt lat="46.323750000000004" lon="11.531080000000001">
    <ele>2189.48</ele>
   </trkpt>
   <trkpt lat="46.32392" lon="11.5312">
    <ele>2188.55</ele>
   </trkpt>
   <trkpt lat="46.324040000000004" lon="11.53124">
    <ele>2186.9500000000003</ele>
   </trkpt>
   <trkpt lat="46.324220000000004" lon="11.5312">
    <ele>2186.6000000000004</ele>
   </trkpt>
   <trkpt lat="46.32441" lon="11.531120000000001">
    <ele>2187.8300000000004</ele>
   </trkpt>
   <trkpt lat="46.324600000000004" lon="11.53124">
    <ele>2185.89</ele>
   </trkpt>
   <trkpt lat="46.32481000000001" lon="11.531170000000001">
    <ele>2180.6</ele>
   </trkpt>
   <trkpt lat="46.324850000000005" lon="11.531220000000001">
    <ele>2179.5</ele>
   </trkpt>
   <trkpt lat="46.325010000000006" lon="11.531820000000002">
    <ele>2174.15</ele>
   </trkpt>
   <trkpt lat="46.325210000000006" lon="11.532290000000001">
    <ele>2168.13</ele>
   </trkpt>
   <trkpt lat="46.325430000000004" lon="11.53288">
    <ele>2164.76</ele>
   </trkpt>
   <trkpt lat="46.32544" lon="11.53297">
    <ele>2164.76</ele>
   </trkpt>
   <trkpt lat="46.325480000000006" lon="11.532950000000001">
    <ele>2164.9100000000003</ele>
   </trkpt>
   <trkpt lat="46.325700000000005" lon="11.53306">
    <ele>2164.9800000000005</ele>
   </trkpt>
   <trkpt lat="46.32582000000001" lon="11.53317">
    <ele>2164.9500000000003</ele>
   </trkpt>
   <trkpt lat="46.325900000000004" lon="11.5333">
    <ele>2164.6</ele>
   </trkpt>
   <trkpt lat="46.32654" lon="11.5335">
    <ele>2158.92</ele>
   </trkpt>
   <trkpt lat="46.3269" lon="11.53372">
    <ele>2154.7599999999998</ele>
   </trkpt>
   <trkpt lat="46.3271" lon="11.534030000000001">
    <ele>2149.1800000000003</ele>
   </trkpt>
   <trkpt lat="46.327560000000005" lon="11.53438">
    <ele>2141.7200000000003</ele>
   </trkpt>
   <trkpt lat="46.32764" lon="11.53452">
    <ele>2140.63</ele>
   </trkpt>
   <trkpt lat="46.32781000000001" lon="11.53453">
    <ele>2138.73</ele>
   </trkpt>
   <trkpt lat="46.32795" lon="11.534370000000001">
    <ele>2135.91</ele>
   </trkpt>
   <trkpt lat="46.328160000000004" lon="11.534270000000001">
    <ele>2131.91</ele>
   </trkpt>
   <trkpt lat="46.328300000000006" lon="11.53434">
    <ele>2130.6600000000003</ele>
   </trkpt>
   <trkpt lat="46.328590000000005" lon="11.535160000000001">
    <ele>2121.13</ele>
   </trkpt>
   <trkpt lat="46.32921" lon="11.535910000000001">
    <ele>2116.93</ele>
   </trkpt>
   <trkpt lat="46.32956" lon="11.53617">
    <ele>2112.23</ele>
   </trkpt>
   <trkpt lat="46.329800000000006" lon="11.53649">
    <ele>2110.08</ele>
   </trkpt>
   <trkpt lat="46.32992" lon="11.53659">
    <ele>2109.62</ele>
   </trkpt>
   <trkpt lat="46.330040000000004" lon="11.53682">
    <ele>2109.1200000000003</ele>
   </trkpt>
   <trkpt lat="46.33035" lon="11.536950000000001">
    <ele>2108.1800000000003</ele>
   </trkpt>
   <trkpt lat="46.33043000000001" lon="11.537130000000001">
    <ele>2106.7200000000003</ele>
   </trkpt>
   <trkpt lat="46.330490000000005" lon="11.537210000000002">
    <ele>2106.22</ele>
   </trkpt>
   <trkpt lat="46.33061000000001" lon="11.537170000000001">
    <ele>2106.08</ele>
   </trkpt>
   <trkpt lat="46.330890000000004" lon="11.537130000000001">
    <ele>2105.8700000000003</ele>
   </trkpt>
   <trkpt lat="46.33106" lon="11.537170000000001">
    <ele>2105.2</ele>
   </trkpt>
   <trkpt lat="46.33135" lon="11.537540000000002">
    <ele>2105.02</ele>
   </trkpt>
   <trkpt lat="46.331520000000005" lon="11.537790000000001">
    <ele>2104.4500000000003</ele>
   </trkpt>
   <trkpt lat="46.33174" lon="11.5378">
    <ele>2104.71</ele>
   </trkpt>
   <trkpt lat="46.332100000000004" lon="11.538120000000001">
    <ele>2105.1800000000003</ele>
   </trkpt>
   <trkpt lat="46.3322" lon="11.538350000000001">
    <ele>2104.06</ele>
   </trkpt>
   <trkpt lat="46.33231000000001" lon="11.53842">
    <ele>2104.08</ele>
   </trkpt>
   <trkpt lat="46.33274" lon="11.53842">
    <ele>2106.28</ele>
   </trkpt>
   <trkpt lat="46.33292" lon="11.53846">
    <ele>2107.7799999999997</ele>
   </trkpt>
   <trkpt lat="46.33325000000001" lon="11.53879">
    <ele>2107.2900000000004</ele>
   </trkpt>
   <trkpt lat="46.3335" lon="11.53927">
    <ele>2104.8900000000003</ele>
   </trkpt>
   <trkpt lat="46.3337" lon="11.539790000000002">
    <ele>2101.9700000000003</ele>
   </trkpt>
   <trkpt lat="46.33381000000001" lon="11.53987">
    <ele>2101.15</ele>
   </trkpt>
   <trkpt lat="46.333890000000004" lon="11.54025">
    <ele>2099.4</ele>
   </trkpt>
   <trkpt lat="46.33404" lon="11.54062">
    <ele>2096.09</ele>
   </trkpt>
   <trkpt lat="46.33428000000001" lon="11.54095">
    <ele>2090.7599999999998</ele>
   </trkpt>
   <trkpt lat="46.33444" lon="11.54147">
    <ele>2086.52</ele>
   </trkpt>
   <trkpt lat="46.33446000000001" lon="11.54165">
    <ele>2085.15</ele>
   </trkpt>
   <trkpt lat="46.3344" lon="11.54212">
    <ele>2080.76</ele>
   </trkpt>
   <trkpt lat="46.3344" lon="11.542280000000002">
    <ele>2079.92</ele>
   </trkpt>
   <trkpt lat="46.334360000000004" lon="11.542520000000001">
    <ele>2075.33</ele>
   </trkpt>
   <trkpt lat="46.334120000000006" lon="11.542750000000002">
    <ele>2071.69</ele>
   </trkpt>
   <trkpt lat="46.333800000000004" lon="11.5433">
    <ele>2067.2000000000003</ele>
   </trkpt>
   <trkpt lat="46.333740000000006" lon="11.543640000000002">
    <ele>2067.04</ele>
   </trkpt>
   <trkpt lat="46.33377" lon="11.54382">
    <ele>2068.08</ele>
   </trkpt>
   <trkpt lat="46.33384" lon="11.543980000000001">
    <ele>2069.11</ele>
   </trkpt>
   <trkpt lat="46.33408000000001" lon="11.54429">
    <ele>2071.55</ele>
   </trkpt>
   <trkpt lat="46.33438" lon="11.54475">
    <ele>2078.38</ele>
   </trkpt>
   <trkpt lat="46.33476" lon="11.545160000000001">
    <ele>2089.9100000000003</ele>
   </trkpt>
   <trkpt lat="46.335190000000004" lon="11.5455">
    <ele>2096.47</ele>
   </trkpt>
   <trkpt lat="46.33556" lon="11.545670000000001">
    <ele>2098.94</ele>
   </trkpt>
   <trkpt lat="46.335620000000006" lon="11.545850000000002">
    <ele>2100.9700000000003</ele>
   </trkpt>
   <trkpt lat="46.335550000000005" lon="11.546360000000002">
    <ele>2104.5800000000004</ele>
   </trkpt>
   <trkpt lat="46.335570000000004" lon="11.54691">
    <ele>2108.34</ele>
   </trkpt>
   <trkpt lat="46.33554" lon="11.546970000000002">
    <ele>2108.34</ele>
   </trkpt>
   <trkpt lat="46.33549000000001" lon="11.54695">
    <ele>2108.34</ele>
   </trkpt>
   <trkpt lat="46.33518" lon="11.546660000000001">
    <ele>2122.8900000000003</ele>
   </trkpt>
   <trkpt lat="46.334810000000004" lon="11.54663">
    <ele>2137.95</ele>
   </trkpt>
   <trkpt lat="46.334365000053815" lon="11.54682500163579">
    <ele>2149.75</ele>
   </trkpt>
   <trkpt lat="46.333920000000006" lon="11.547020000000002">
    <ele>2158.09</ele>
   </trkpt>
   <trkpt lat="46.333690000000004" lon="11.547210000000002">
    <ele>2164.57</ele>
   </trkpt>
   <trkpt lat="46.333540000000006" lon="11.547450000000001">
    <ele>2167.4200000000005</ele>
   </trkpt>
   <trkpt lat="46.33348" lon="11.547820000000002">
    <ele>2170.3</ele>
   </trkpt>
   <trkpt lat="46.33348" lon="11.54798">
    <ele>2171.25</ele>
   </trkpt>
   <trkpt lat="46.333560000000006" lon="11.548210000000001">
    <ele>2172.2300000000005</ele>
   </trkpt>
   <trkpt lat="46.333560000000006" lon="11.54828">
    <ele>2172.66</ele>
   </trkpt>
   <trkpt lat="46.33353" lon="11.54836">
    <ele>2173.1200000000003</ele>
   </trkpt>
   <trkpt lat="46.333360000000006" lon="11.548490000000001">
    <ele>2175.09</ele>
   </trkpt>
   <trkpt lat="46.3333" lon="11.54859">
    <ele>2175.91</ele>
   </trkpt>
   <trkpt lat="46.33332" lon="11.54883">
    <ele>2177.19</ele>
   </trkpt>
   <trkpt lat="46.33314000000001" lon="11.549240000000001">
    <ele>2178.88</ele>
   </trkpt>
   <trkpt lat="46.333000000000006" lon="11.54944">
    <ele>2180.4</ele>
   </trkpt>
   <trkpt lat="46.33288" lon="11.549570000000001">
    <ele>2181.9</ele>
   </trkpt>
   <trkpt lat="46.332860000000004" lon="11.549830000000002">
    <ele>2182.42</ele>
   </trkpt>
   <trkpt lat="46.33274" lon="11.550170000000001">
    <ele>2183.71</ele>
   </trkpt>
   <trkpt lat="46.332730000000005" lon="11.550400000000002">
    <ele>2184.27</ele>
   </trkpt>
   <trkpt lat="46.332640000000005" lon="11.550690000000001">
    <ele>2185.6400000000003</ele>
   </trkpt>
   <trkpt lat="46.332550000000005" lon="11.550870000000002">
    <ele>2186.37</ele>
   </trkpt>
   <trkpt lat="46.33249000000001" lon="11.55118">
    <ele>2188.99</ele>
   </trkpt>
   <trkpt lat="46.332510000000006" lon="11.55128">
    <ele>2189.5</ele>
   </trkpt>
   <trkpt lat="46.33232" lon="11.551760000000002">
    <ele>2195.9</ele>
   </trkpt>
   <trkpt lat="46.33227" lon="11.55197">
    <ele>2197.41</ele>
   </trkpt>
   <trkpt lat="46.332280000000004" lon="11.55258">
    <ele>2201.27</ele>
   </trkpt>
   <trkpt lat="46.3322" lon="11.55324">
    <ele>2206.89</ele>
   </trkpt>
   <trkpt lat="46.33214" lon="11.55329">
    <ele>2207.58</ele>
   </trkpt>
   <trkpt lat="46.33211000000001" lon="11.553510000000001">
    <ele>2208.0800000000004</ele>
   </trkpt>
   <trkpt lat="46.332060000000006" lon="11.55353">
    <ele>2208.9700000000003</ele>
   </trkpt>
   <trkpt lat="46.331830000000004" lon="11.55408">
    <ele>2212.36</ele>
   </trkpt>
   <trkpt lat="46.33176" lon="11.554170000000001">
    <ele>2212.36</ele>
   </trkpt>
   <trkpt lat="46.331720000000004" lon="11.55447">
    <ele>2213.66</ele>
   </trkpt>
   <trkpt lat="46.33155000000001" lon="11.55498">
    <ele>2216.04</ele>
   </trkpt>
   <trkpt lat="46.331450000000004" lon="11.55508">
    <ele>2216.2200000000003</ele>
   </trkpt>
   <trkpt lat="46.331500000000005" lon="11.55508">
    <ele>2216.3</ele>
   </trkpt>
   <trkpt lat="46.33151" lon="11.555150000000001">
    <ele>2216.3</ele>
   </trkpt>
   <trkpt lat="46.331450000000004" lon="11.555240000000001">
    <ele>2216.31</ele>
   </trkpt>
   <trkpt lat="46.331450000000004" lon="11.5553">
    <ele>2216.31</ele>
   </trkpt>
   <trkpt lat="46.331390000000006" lon="11.555340000000001">
    <ele>2216.34</ele>
   </trkpt>
   <trkpt lat="46.33142" lon="11.555380000000001">
    <ele>2216.34</ele>
   </trkpt>
   <trkpt lat="46.331300000000006" lon="11.55545">
    <ele>2216.6</ele>
   </trkpt>
   <trkpt lat="46.33129" lon="11.55554">
    <ele>2216.6200000000003</ele>
   </trkpt>
   <trkpt lat="46.331250000000004" lon="11.55555">
    <ele>2216.6</ele>
   </trkpt>
   <trkpt lat="46.331250000000004" lon="11.555620000000001">
    <ele>2216.54</ele>
   </trkpt>
   <trkpt lat="46.33106" lon="11.55578">
    <ele>2216.07</ele>
   </trkpt>
   <trkpt lat="46.33109" lon="11.555900000000001">
    <ele>2216.07</ele>
   </trkpt>
   <trkpt lat="46.331160000000004" lon="11.555940000000001">
    <ele>2215.8700000000003</ele>
   </trkpt>
   <trkpt lat="46.331140000000005" lon="11.556080000000001">
    <ele>2215.8700000000003</ele>
   </trkpt>
   <trkpt lat="46.33115" lon="11.556310000000002">
    <ele>2215.1400000000003</ele>
   </trkpt>
   <trkpt lat="46.33108000000001" lon="11.556470000000001">
    <ele>2214.9900000000002</ele>
   </trkpt>
   <trkpt lat="46.33108000000001" lon="11.55658">
    <ele>2214.27</ele>
   </trkpt>
   <trkpt lat="46.331010000000006" lon="11.55681">
    <ele>2214.5800000000004</ele>
   </trkpt>
   <trkpt lat="46.330980000000004" lon="11.557030000000001">
    <ele>2215.8700000000003</ele>
   </trkpt>
   <trkpt lat="46.33079" lon="11.557250000000002">
    <ele>2216.19</ele>
   </trkpt>
   <trkpt lat="46.33077" lon="11.557400000000001">
    <ele>2215.8700000000003</ele>
   </trkpt>
   <trkpt lat="46.3308" lon="11.55747">
    <ele>2212.75</ele>
   </trkpt>
   <trkpt lat="46.33081000000001" lon="11.55756">
    <ele>2211.29</ele>
   </trkpt>
   <trkpt lat="46.33095" lon="11.55771">
    <ele>2206.03</ele>
   </trkpt>
   <trkpt lat="46.33113" lon="11.558100000000001">
    <ele>2195.8100000000004</ele>
   </trkpt>
   <trkpt lat="46.33129" lon="11.55831">
    <ele>2189.98</ele>
   </trkpt>
   <trkpt lat="46.331770000000006" lon="11.558660000000001">
    <ele>2178.77</ele>
   </trkpt>
   <trkpt lat="46.33213000000001" lon="11.558700000000002">
    <ele>2177.08</ele>
   </trkpt>
   <trkpt lat="46.33238" lon="11.55869">
    <ele>2176.4100000000003</ele>
   </trkpt>
   <trkpt lat="46.33265" lon="11.558560000000002">
    <ele>2172.12</ele>
   </trkpt>
   <trkpt lat="46.33278000000001" lon="11.558430000000001">
    <ele>2170.34</ele>
   </trkpt>
   <trkpt lat="46.33305000000001" lon="11.558330000000002">
    <ele>2172.34</ele>
   </trkpt>
   <trkpt lat="46.333220000000004" lon="11.55822">
    <ele>2174.49</ele>
   </trkpt>
   <trkpt lat="46.333650000000006" lon="11.558110000000001">
    <ele>2177.71</ele>
   </trkpt>
   <trkpt lat="46.33382" lon="11.557970000000001">
    <ele>2180.76</ele>
   </trkpt>
   <trkpt lat="46.334050000000005" lon="11.557810000000002">
    <ele>2184.31</ele>
   </trkpt>
   <trkpt lat="46.33433" lon="11.557690000000001">
    <ele>2188.2900000000004</ele>
   </trkpt>
   <trkpt lat="46.33442" lon="11.5577">
    <ele>2189.88</ele>
   </trkpt>
   <trkpt lat="46.33449" lon="11.55774">
    <ele>2189.88</ele>
   </trkpt>
   <trkpt lat="46.33456" lon="11.557830000000001">
    <ele>2190.9</ele>
   </trkpt>
   <trkpt lat="46.33462" lon="11.55799">
    <ele>2192.72</ele>
   </trkpt>
   <trkpt lat="46.334680000000006" lon="11.558060000000001">
    <ele>2193.09</ele>
   </trkpt>
   <trkpt lat="46.334740000000004" lon="11.55807">
    <ele>2193.69</ele>
   </trkpt>
   <trkpt lat="46.33505" lon="11.558060000000001">
    <ele>2194.7000000000003</ele>
   </trkpt>
   <trkpt lat="46.33516" lon="11.55802">
    <ele>2195.05</ele>
   </trkpt>
   <trkpt lat="46.33536" lon="11.55789">
    <ele>2195.31</ele>
   </trkpt>
   <trkpt lat="46.335480000000004" lon="11.55784">
    <ele>2195.46</ele>
   </trkpt>
   <trkpt lat="46.335620000000006" lon="11.55784">
    <ele>2195.8900000000003</ele>
   </trkpt>
   <trkpt lat="46.33576" lon="11.55789">
    <ele>2196.66</ele>
   </trkpt>
   <trkpt lat="46.336220000000004" lon="11.558150000000001">
    <ele>2199.9500000000003</ele>
   </trkpt>
   <trkpt lat="46.336580000000005" lon="11.558250000000001">
    <ele>2201.51</ele>
   </trkpt>
   <trkpt lat="46.33673" lon="11.55836">
    <ele>2201.76</ele>
   </trkpt>
   <trkpt lat="46.336870000000005" lon="11.55854">
    <ele>2201.92</ele>
   </trkpt>
   <trkpt lat="46.337160000000004" lon="11.55877">
    <ele>2202.8800000000006</ele>
   </trkpt>
   <trkpt lat="46.33758" lon="11.559000000000001">
    <ele>2203.3300000000004</ele>
   </trkpt>
   <trkpt lat="46.33773" lon="11.55906">
    <ele>2202.75</ele>
   </trkpt>
   <trkpt lat="46.337830000000004" lon="11.559040000000001">
    <ele>2202.25</ele>
   </trkpt>
   <trkpt lat="46.33804000000001" lon="11.55892">
    <ele>2197.44</ele>
   </trkpt>
   <trkpt lat="46.338420000000006" lon="11.558470000000002">
    <ele>2189.14</ele>
   </trkpt>
   <trkpt lat="46.33867" lon="11.55831">
    <ele>2186.8700000000003</ele>
   </trkpt>
   <trkpt lat="46.33899" lon="11.55817">
    <ele>2183.9600000000005</ele>
   </trkpt>
   <trkpt lat="46.339200000000005" lon="11.55817">
    <ele>2181.15</ele>
   </trkpt>
   <trkpt lat="46.33972000000001" lon="11.558240000000001">
    <ele>2177.65</ele>
   </trkpt>
   <trkpt lat="46.339850000000006" lon="11.558300000000001">
    <ele>2177.02</ele>
   </trkpt>
   <trkpt lat="46.339980000000004" lon="11.558390000000001">
    <ele>2176.12</ele>
   </trkpt>
   <trkpt lat="46.34053" lon="11.558990000000001">
    <ele>2174.0600000000004</ele>
   </trkpt>
   <trkpt lat="46.34062" lon="11.559040000000001">
    <ele>2172.53</ele>
   </trkpt>
   <trkpt lat="46.340720000000005" lon="11.559040000000001">
    <ele>2172.53</ele>
   </trkpt>
   <trkpt lat="46.34095000000001" lon="11.55888">
    <ele>2171.3300000000004</ele>
   </trkpt>
   <trkpt lat="46.34109" lon="11.55882">
    <ele>2170.0600000000004</ele>
   </trkpt>
   <trkpt lat="46.34174" lon="11.558760000000001">
    <ele>2160.75</ele>
   </trkpt>
   <trkpt lat="46.341840000000005" lon="11.558720000000001">
    <ele>2157.32</ele>
   </trkpt>
   <trkpt lat="46.34189000000001" lon="11.55864">
    <ele>2157.32</ele>
   </trkpt>
   <trkpt lat="46.34194" lon="11.55851">
    <ele>2151.31</ele>
   </trkpt>
   <trkpt lat="46.34194" lon="11.5584">
    <ele>2151.31</ele>
   </trkpt>
   <trkpt lat="46.34187000000001" lon="11.557780000000001">
    <ele>2140.9500000000003</ele>
   </trkpt>
   <trkpt lat="46.34189000000001" lon="11.55752">
    <ele>2134.8700000000003</ele>
   </trkpt>
   <trkpt lat="46.34192" lon="11.557490000000001">
    <ele>2132.67</ele>
   </trkpt>
   <trkpt lat="46.341950000000004" lon="11.557490000000001">
    <ele>2132.67</ele>
   </trkpt>
   <trkpt lat="46.34219" lon="11.55785">
    <ele>2125.7300000000005</ele>
   </trkpt>
   <trkpt lat="46.342470000000006" lon="11.55807">
    <ele>2122.67</ele>
   </trkpt>
   <trkpt lat="46.342600000000004" lon="11.558200000000001">
    <ele>2122.0600000000004</ele>
   </trkpt>
   <trkpt lat="46.34275" lon="11.55851">
    <ele>2121.36</ele>
   </trkpt>
   <trkpt lat="46.34281000000001" lon="11.5586">
    <ele>2121.3900000000003</ele>
   </trkpt>
   <trkpt lat="46.34302" lon="11.558720000000001">
    <ele>2121.71</ele>
   </trkpt>
   <trkpt lat="46.34337000000001" lon="11.55883">
    <ele>2119.5699999999997</ele>
   </trkpt>
   <trkpt lat="46.343610000000005" lon="11.558860000000001">
    <ele>2115.75</ele>
   </trkpt>
   <trkpt lat="46.34389" lon="11.55883">
    <ele>2113.57</ele>
   </trkpt>
   <trkpt lat="46.344190000000005" lon="11.558850000000001">
    <ele>2112.82</ele>
   </trkpt>
   <trkpt lat="46.344440000000006" lon="11.558900000000001">
    <ele>2112.7900000000004</ele>
   </trkpt>
   <trkpt lat="46.344710000000006" lon="11.55901">
    <ele>2113.2200000000003</ele>
   </trkpt>
   <trkpt lat="46.34498000000001" lon="11.559220000000002">
    <ele>2114.5400000000004</ele>
   </trkpt>
   <trkpt lat="46.34512" lon="11.559310000000002">
    <ele>2116.12</ele>
   </trkpt>
   <trkpt lat="46.345600000000005" lon="11.559360000000002">
    <ele>2123.01</ele>
   </trkpt>
   <trkpt lat="46.34582" lon="11.559410000000002">
    <ele>2127.85</ele>
   </trkpt>
   <trkpt lat="46.346360000000004" lon="11.559370000000001">
    <ele>2139.32</ele>
   </trkpt>
   <trkpt lat="46.34667" lon="11.55943">
    <ele>2147.8900000000003</ele>
   </trkpt>
   <trkpt lat="46.34682" lon="11.559420000000001">
    <ele>2153.09</ele>
   </trkpt>
   <trkpt lat="46.346940000000004" lon="11.559370000000001">
    <ele>2157.74</ele>
   </trkpt>
   <trkpt lat="46.347010000000004" lon="11.55924">
    <ele>2157.74</ele>
   </trkpt>
   <trkpt lat="46.34704000000001" lon="11.55911">
    <ele>2161.3100000000004</ele>
   </trkpt>
   <trkpt lat="46.347030000000004" lon="11.558850000000001">
    <ele>2163.27</ele>
   </trkpt>
   <trkpt lat="46.346900000000005" lon="11.558570000000001">
    <ele>2163.9000000000005</ele>
   </trkpt>
   <trkpt lat="46.346940000000004" lon="11.558290000000001">
    <ele>2166.31</ele>
   </trkpt>
   <trkpt lat="46.347" lon="11.55827">
    <ele>2167.0800000000004</ele>
   </trkpt>
   <trkpt lat="46.347100000000005" lon="11.55832">
    <ele>2169.81</ele>
   </trkpt>
   <trkpt lat="46.347210000000004" lon="11.558420000000002">
    <ele>2172.8300000000004</ele>
   </trkpt>
   <trkpt lat="46.347260000000006" lon="11.558580000000001">
    <ele>2174.71</ele>
   </trkpt>
   <trkpt lat="46.34734" lon="11.558610000000002">
    <ele>2176.38</ele>
   </trkpt>
   <trkpt lat="46.34767" lon="11.5586">
    <ele>2181.5800000000004</ele>
   </trkpt>
   <trkpt lat="46.34825000000001" lon="11.558810000000001">
    <ele>2195.11</ele>
   </trkpt>
   <trkpt lat="46.34845000000001" lon="11.55883">
    <ele>2198.5</ele>
   </trkpt>
   <trkpt lat="46.34854000000001" lon="11.558860000000001">
    <ele>2202.0600000000004</ele>
   </trkpt>
   <trkpt lat="46.34864" lon="11.55907">
    <ele>2208.4900000000002</ele>
   </trkpt>
   <trkpt lat="46.34881" lon="11.55912">
    <ele>2210.9</ele>
   </trkpt>
   <trkpt lat="46.34902" lon="11.55944">
    <ele>2221.86</ele>
   </trkpt>
   <trkpt lat="46.34908" lon="11.559450000000002">
    <ele>2221.86</ele>
   </trkpt>
   <trkpt lat="46.349120000000006" lon="11.55943">
    <ele>2224.3</ele>
   </trkpt>
   <trkpt lat="46.34939000000001" lon="11.5591">
    <ele>2230.3900000000003</ele>
   </trkpt>
   <trkpt lat="46.34982" lon="11.558370000000002">
    <ele>2241.34</ele>
   </trkpt>
   <trkpt lat="46.35004000000001" lon="11.558140000000002">
    <ele>2247.16</ele>
   </trkpt>
   <trkpt lat="46.35018" lon="11.557950000000002">
    <ele>2247.16</ele>
   </trkpt>
   <trkpt lat="46.35056500037444" lon="11.557610002509243">
    <ele>2258.34</ele>
   </trkpt>
   <trkpt lat="46.350950000000005" lon="11.55727">
    <ele>2264.34</ele>
   </trkpt>
   <trkpt lat="46.35114" lon="11.557070000000001">
    <ele>2266.92</ele>
   </trkpt>
   <trkpt lat="46.35143" lon="11.55682">
    <ele>2271.58</ele>
   </trkpt>
   <trkpt lat="46.35161" lon="11.556690000000001">
    <ele>2275.22</ele>
   </trkpt>
   <trkpt lat="46.351910000000004" lon="11.55672">
    <ele>2280.04</ele>
   </trkpt>
   <trkpt lat="46.35206" lon="11.55667">
    <ele>2281.9100000000003</ele>
   </trkpt>
   <trkpt lat="46.3522" lon="11.556560000000001">
    <ele>2287.57</ele>
   </trkpt>
   <trkpt lat="46.35233" lon="11.556500000000002">
    <ele>2289.2400000000002</ele>
   </trkpt>
   <trkpt lat="46.352380000000004" lon="11.55653">
    <ele>2290.02</ele>
   </trkpt>
   <trkpt lat="46.352430000000005" lon="11.556600000000001">
    <ele>2292.25</ele>
   </trkpt>
   <trkpt lat="46.35248000000001" lon="11.55663">
    <ele>2292.25</ele>
   </trkpt>
   <trkpt lat="46.35257000000001" lon="11.556610000000001">
    <ele>2293.8900000000003</ele>
   </trkpt>
   <trkpt lat="46.35264" lon="11.55658">
    <ele>2293.8900000000003</ele>
   </trkpt>
   <trkpt lat="46.35275" lon="11.556460000000001">
    <ele>2298.5</ele>
   </trkpt>
   <trkpt lat="46.352920000000005" lon="11.556470000000001">
    <ele>2302.01</ele>
   </trkpt>
   <trkpt lat="46.353" lon="11.55644">
    <ele>2302.01</ele>
   </trkpt>
   <trkpt lat="46.353100000000005" lon="11.55634">
    <ele>2307.4</ele>
   </trkpt>
   <trkpt lat="46.35322" lon="11.55633">
    <ele>2307.4</ele>
   </trkpt>
   <trkpt lat="46.35369" lon="11.556090000000001">
    <ele>2317.18</ele>
   </trkpt>
   <trkpt lat="46.353750000000005" lon="11.55602">
    <ele>2318.33</ele>
   </trkpt>
   <trkpt lat="46.35378" lon="11.55591">
    <ele>2319.41</ele>
   </trkpt>
   <trkpt lat="46.353910000000006" lon="11.55583">
    <ele>2321.2200000000003</ele>
   </trkpt>
   <trkpt lat="46.35407000000001" lon="11.555940000000001">
    <ele>2322.7300000000005</ele>
   </trkpt>
   <trkpt lat="46.354130000000005" lon="11.555940000000001">
    <ele>2323.38</ele>
   </trkpt>
   <trkpt lat="46.354380000000006" lon="11.555850000000001">
    <ele>2328.32</ele>
   </trkpt>
   <trkpt lat="46.35448" lon="11.555840000000002">
    <ele>2329.87</ele>
   </trkpt>
   <trkpt lat="46.35465000000001" lon="11.555940000000001">
    <ele>2334.77</ele>
   </trkpt>
   <trkpt lat="46.35479" lon="11.55611">
    <ele>2345.84</ele>
   </trkpt>
   <trkpt lat="46.354960000000005" lon="11.55615">
    <ele>2349.66</ele>
   </trkpt>
   <trkpt lat="46.35517" lon="11.555990000000001">
    <ele>2357.31</ele>
   </trkpt>
   <trkpt lat="46.355140000000006" lon="11.556180000000001">
    <ele>2359.3900000000003</ele>
   </trkpt>
   <trkpt lat="46.355250000000005" lon="11.55605">
    <ele>2359.3900000000003</ele>
   </trkpt>
   <trkpt lat="46.35535" lon="11.555980000000002">
    <ele>2365.27</ele>
   </trkpt>
   <trkpt lat="46.35528" lon="11.556180000000001">
    <ele>2369.99</ele>
   </trkpt>
   <trkpt lat="46.355430000000005" lon="11.556040000000001">
    <ele>2370.9900000000002</ele>
   </trkpt>
   <trkpt lat="46.35548000000001" lon="11.555940000000001">
    <ele>2374.13</ele>
   </trkpt>
   <trkpt lat="46.35562" lon="11.555800000000001">
    <ele>2377.1400000000003</ele>
   </trkpt>
   <trkpt lat="46.355720000000005" lon="11.555670000000001">
    <ele>2380.1200000000003</ele>
   </trkpt>
   <trkpt lat="46.35575" lon="11.555660000000001">
    <ele>2380.1200000000003</ele>
   </trkpt>
   <trkpt lat="46.35578" lon="11.55583">
    <ele>2383.83</ele>
   </trkpt>
   <trkpt lat="46.355790000000006" lon="11.55602">
    <ele>2386.8500000000004</ele>
   </trkpt>
   <trkpt lat="46.355810000000005" lon="11.556000000000001">
    <ele>2386.8500000000004</ele>
   </trkpt>
   <trkpt lat="46.355940000000004" lon="11.55587">
    <ele>2391.88</ele>
   </trkpt>
   <trkpt lat="46.35604000000001" lon="11.555700000000002">
    <ele>2395.02</ele>
   </trkpt>
   <trkpt lat="46.35604000000001" lon="11.55558">
    <ele>2395.02</ele>
   </trkpt>
   <trkpt lat="46.35613" lon="11.55574">
    <ele>2395.02</ele>
   </trkpt>
   <trkpt lat="46.35618" lon="11.5555">
    <ele>2404.2000000000003</ele>
   </trkpt>
   <trkpt lat="46.356230000000004" lon="11.555420000000002">
    <ele>2406.1700000000005</ele>
   </trkpt>
   <trkpt lat="46.35627" lon="11.555420000000002">
    <ele>2406.1700000000005</ele>
   </trkpt>
   <trkpt lat="46.35629" lon="11.555530000000001">
    <ele>2409.0</ele>
   </trkpt>
   <trkpt lat="46.356370000000005" lon="11.555700000000002">
    <ele>2411.1200000000003</ele>
   </trkpt>
   <trkpt lat="46.3564" lon="11.55583">
    <ele>2411.1200000000003</ele>
   </trkpt>
   <trkpt lat="46.35638" lon="11.55605">
    <ele>2417.9000000000005</ele>
   </trkpt>
   <trkpt lat="46.356480000000005" lon="11.55596">
    <ele>2420.0099999999998</ele>
   </trkpt>
   <trkpt lat="46.356590000000004" lon="11.555900000000001">
    <ele>2422.01</ele>
   </trkpt>
   <trkpt lat="46.35672" lon="11.555790000000002">
    <ele>2426.72</ele>
   </trkpt>
   <trkpt lat="46.35676" lon="11.5556">
    <ele>2428.52</ele>
   </trkpt>
   <trkpt lat="46.356790000000004" lon="11.55563">
    <ele>2429.34</ele>
   </trkpt>
   <trkpt lat="46.35685" lon="11.55583">
    <ele>2431.69</ele>
   </trkpt>
   <trkpt lat="46.35692" lon="11.555560000000002">
    <ele>2435.95</ele>
   </trkpt>
   <trkpt lat="46.356950000000005" lon="11.5555">
    <ele>2436.7500000000005</ele>
   </trkpt>
   <trkpt lat="46.35698000000001" lon="11.555660000000001">
    <ele>2438.93</ele>
   </trkpt>
   <trkpt lat="46.35705" lon="11.555840000000002">
    <ele>2440.48</ele>
   </trkpt>
   <trkpt lat="46.357110000000006" lon="11.55568">
    <ele>2445.7400000000002</ele>
   </trkpt>
   <trkpt lat="46.35717" lon="11.555700000000002">
    <ele>2445.7400000000002</ele>
   </trkpt>
   <trkpt lat="46.357220000000005" lon="11.55592">
    <ele>2445.7400000000002</ele>
   </trkpt>
   <trkpt lat="46.35727000000001" lon="11.55588">
    <ele>2452.26</ele>
   </trkpt>
   <trkpt lat="46.35734" lon="11.55592">
    <ele>2452.26</ele>
   </trkpt>
   <trkpt lat="46.35739" lon="11.55588">
    <ele>2452.26</ele>
   </trkpt>
   <trkpt lat="46.357440000000004" lon="11.555900000000001">
    <ele>2453.17</ele>
   </trkpt>
   <trkpt lat="46.35737" lon="11.556090000000001">
    <ele>2455.76</ele>
   </trkpt>
   <trkpt lat="46.35746" lon="11.55644">
    <ele>2455.55</ele>
   </trkpt>
   <trkpt lat="46.357510000000005" lon="11.55648">
    <ele>2455.55</ele>
   </trkpt>
   <trkpt lat="46.35756000000001" lon="11.556460000000001">
    <ele>2459.77</ele>
   </trkpt>
   <trkpt lat="46.357620000000004" lon="11.556470000000001">
    <ele>2459.77</ele>
   </trkpt>
   <trkpt lat="46.35755" lon="11.55666">
    <ele>2465.43</ele>
   </trkpt>
   <trkpt lat="46.35759" lon="11.55667">
    <ele>2465.43</ele>
   </trkpt>
   <trkpt lat="46.35764" lon="11.556640000000002">
    <ele>2465.43</ele>
   </trkpt>
   <trkpt lat="46.35765000000001" lon="11.55671">
    <ele>2467.6</ele>
   </trkpt>
   <trkpt lat="46.35759" lon="11.55681">
    <ele>2469.61</ele>
   </trkpt>
   <trkpt lat="46.357670000000006" lon="11.55685">
    <ele>2471.27</ele>
   </trkpt>
   <trkpt lat="46.357760000000006" lon="11.55694">
    <ele>2472.5400000000004</ele>
   </trkpt>
   <trkpt lat="46.35812000000001" lon="11.55714">
    <ele>2478.2900000000004</ele>
   </trkpt>
   <trkpt lat="46.35831" lon="11.557160000000001">
    <ele>2480.1800000000003</ele>
   </trkpt>
   <trkpt lat="46.358540000000005" lon="11.557">
    <ele>2483.61</ele>
   </trkpt>
   <trkpt lat="46.358740000000004" lon="11.55685">
    <ele>2484.4700000000003</ele>
   </trkpt>
   <trkpt lat="46.35877000000001" lon="11.55686">
    <ele>2485.0000000000005</ele>
   </trkpt>
   <trkpt lat="46.35891" lon="11.557060000000002">
    <ele>2486.88</ele>
   </trkpt>
   <trkpt lat="46.358990000000006" lon="11.557110000000002">
    <ele>2488.92</ele>
   </trkpt>
   <trkpt lat="46.35907" lon="11.557110000000002">
    <ele>2490.92</ele>
   </trkpt>
   <trkpt lat="46.359" lon="11.55733">
    <ele>2493.36</ele>
   </trkpt>
   <trkpt lat="46.358900000000006" lon="11.557450000000001">
    <ele>2495.4900000000002</ele>
   </trkpt>
   <trkpt lat="46.35889" lon="11.557500000000001">
    <ele>2507.1600000000003</ele>
   </trkpt>
   <trkpt lat="46.358920000000005" lon="11.55755">
    <ele>2507.1600000000003</ele>
   </trkpt>
   <trkpt lat="46.35886000000001" lon="11.557670000000002">
    <ele>2514.57</ele>
   </trkpt>
   <trkpt lat="46.358810000000005" lon="11.55771">
    <ele>2517.32</ele>
   </trkpt>
   <trkpt lat="46.35878" lon="11.55784">
    <ele>2522.4100000000003</ele>
   </trkpt>
   <trkpt lat="46.35873" lon="11.55793">
    <ele>2522.4100000000003</ele>
   </trkpt>
   <trkpt lat="46.35873" lon="11.558060000000001">
    <ele>2524.84</ele>
   </trkpt>
   <trkpt lat="46.358830000000005" lon="11.558010000000001">
    <ele>2524.84</ele>
   </trkpt>
   <trkpt lat="46.35886000000001" lon="11.558090000000002">
    <ele>2538.52</ele>
   </trkpt>
   <trkpt lat="46.358900000000006" lon="11.55807">
    <ele>2538.52</ele>
   </trkpt>
   <trkpt lat="46.35893" lon="11.55817">
    <ele>2538.52</ele>
   </trkpt>
   <trkpt lat="46.358990000000006" lon="11.55813">
    <ele>2538.52</ele>
   </trkpt>
   <trkpt lat="46.35904" lon="11.55804">
    <ele>2547.13</ele>
   </trkpt>
   <trkpt lat="46.359100000000005" lon="11.55812">
    <ele>2547.13</ele>
   </trkpt>
   <trkpt lat="46.359140000000004" lon="11.558290000000001">
    <ele>2552.42</ele>
   </trkpt>
   <trkpt lat="46.3592" lon="11.558230000000002">
    <ele>2552.42</ele>
   </trkpt>
   <trkpt lat="46.35925" lon="11.55836">
    <ele>2557.32</ele>
   </trkpt>
   <trkpt lat="46.35929" lon="11.558300000000001">
    <ele>2560.4300000000003</ele>
   </trkpt>
   <trkpt lat="46.35958" lon="11.55863">
    <ele>2570.46</ele>
   </trkpt>
   <trkpt lat="46.359770000000005" lon="11.558910000000001">
    <ele>2584.1800000000003</ele>
   </trkpt>
   <trkpt lat="46.3599" lon="11.558910000000001">
    <ele>2585.9900000000002</ele>
   </trkpt>
   <trkpt lat="46.359910000000006" lon="11.55915">
    <ele>2591.84</ele>
   </trkpt>
   <trkpt lat="46.35999" lon="11.559050000000001">
    <ele>2596.28</ele>
   </trkpt>
   <trkpt lat="46.36007" lon="11.55907">
    <ele>2596.28</ele>
   </trkpt>
   <trkpt lat="46.36016" lon="11.55883">
    <ele>2602.05</ele>
   </trkpt>
   <trkpt lat="46.36023" lon="11.558850000000001">
    <ele>2606.6200000000003</ele>
   </trkpt>
   <trkpt lat="46.36027000000001" lon="11.55897">
    <ele>2609.9900000000002</ele>
   </trkpt>
   <trkpt lat="46.360260000000004" lon="11.55911">
    <ele>2611.85</ele>
   </trkpt>
   <trkpt lat="46.36048" lon="11.559040000000001">
    <ele>2625.0</ele>
   </trkpt>
   <trkpt lat="46.36055" lon="11.55921">
    <ele>2626.65</ele>
   </trkpt>
   <trkpt lat="46.36061" lon="11.559090000000001">
    <ele>2631.4</ele>
   </trkpt>
   <trkpt lat="46.360640000000004" lon="11.559130000000001">
    <ele>2633.05</ele>
   </trkpt>
   <trkpt lat="46.36068" lon="11.559030000000002">
    <ele>2636.48</ele>
   </trkpt>
   <trkpt lat="46.3607" lon="11.55925">
    <ele>2645.28</ele>
   </trkpt>
   <trkpt lat="46.36065000000001" lon="11.559370000000001">
    <ele>2645.28</ele>
   </trkpt>
   <trkpt lat="46.360620000000004" lon="11.5593">
    <ele>2648.6800000000003</ele>
   </trkpt>
   <trkpt lat="46.36059" lon="11.559370000000001">
    <ele>2650.31</ele>
   </trkpt>
   <trkpt lat="46.36061" lon="11.559500000000002">
    <ele>2653.41</ele>
   </trkpt>
   <trkpt lat="46.36056000000001" lon="11.55982">
    <ele>2661.32</ele>
   </trkpt>
   <trkpt lat="46.36063" lon="11.559830000000002">
    <ele>2662.19</ele>
   </trkpt>
   <trkpt lat="46.36061" lon="11.559930000000001">
    <ele>2663.37</ele>
   </trkpt>
   <trkpt lat="46.3607" lon="11.559890000000001">
    <ele>2663.59</ele>
   </trkpt>
   <trkpt lat="46.360780000000005" lon="11.55981">
    <ele>2663.24</ele>
   </trkpt>
   <trkpt lat="46.360820000000004" lon="11.559780000000002">
    <ele>2662.9500000000003</ele>
   </trkpt>
   <trkpt lat="46.36077" lon="11.55962">
    <ele>2662.77</ele>
   </trkpt>
   <trkpt lat="46.36097" lon="11.559410000000002">
    <ele>2663.0200000000004</ele>
   </trkpt>
   <trkpt lat="46.36103000000001" lon="11.559510000000001">
    <ele>2666.57</ele>
   </trkpt>
   <trkpt lat="46.36115" lon="11.5594">
    <ele>2670.6200000000003</ele>
   </trkpt>
   <trkpt lat="46.36113" lon="11.559330000000001">
    <ele>2671.46</ele>
   </trkpt>
   <trkpt lat="46.36117" lon="11.559270000000001">
    <ele>2672.05</ele>
   </trkpt>
   <trkpt lat="46.36124" lon="11.559310000000002">
    <ele>2671.9600000000005</ele>
   </trkpt>
   <trkpt lat="46.36130000000001" lon="11.55921">
    <ele>2670.63</ele>
   </trkpt>
   <trkpt lat="46.36135" lon="11.55924">
    <ele>2669.96</ele>
   </trkpt>
   <trkpt lat="46.36164" lon="11.559050000000001">
    <ele>2666.34</ele>
   </trkpt>
   <trkpt lat="46.36173" lon="11.559090000000001">
    <ele>2664.82</ele>
   </trkpt>
   <trkpt lat="46.36187" lon="11.559080000000002">
    <ele>2661.2400000000002</ele>
   </trkpt>
   <trkpt lat="46.361920000000005" lon="11.55916">
    <ele>2660.12</ele>
   </trkpt>
   <trkpt lat="46.36184" lon="11.559190000000001">
    <ele>2657.76</ele>
   </trkpt>
   <trkpt lat="46.36186000000001" lon="11.559220000000002">
    <ele>2656.75</ele>
   </trkpt>
   <trkpt lat="46.36202" lon="11.5592">
    <ele>2654.5</ele>
   </trkpt>
   <trkpt lat="46.362100000000005" lon="11.559270000000001">
    <ele>2651.59</ele>
   </trkpt>
   <trkpt lat="46.36218" lon="11.559280000000001">
    <ele>2650.3</ele>
   </trkpt>
   <trkpt lat="46.362210000000005" lon="11.559190000000001">
    <ele>2650.3</ele>
   </trkpt>
   <trkpt lat="46.362210000000005" lon="11.559090000000001">
    <ele>2644.6800000000003</ele>
   </trkpt>
   <trkpt lat="46.36224000000001" lon="11.558980000000002">
    <ele>2644.6800000000003</ele>
   </trkpt>
   <trkpt lat="46.36236" lon="11.558980000000002">
    <ele>2638.23</ele>
   </trkpt>
   <trkpt lat="46.36244000000001" lon="11.55906">
    <ele>2638.23</ele>
   </trkpt>
   <trkpt lat="46.36254" lon="11.5591">
    <ele>2631.53</ele>
   </trkpt>
   <trkpt lat="46.36263" lon="11.559190000000001">
    <ele>2630.23</ele>
   </trkpt>
   <trkpt lat="46.36271000000001" lon="11.55934">
    <ele>2626.84</ele>
   </trkpt>
   <trkpt lat="46.362840000000006" lon="11.559410000000002">
    <ele>2624.2</ele>
   </trkpt>
   <trkpt lat="46.362930000000006" lon="11.55957">
    <ele>2620.9300000000003</ele>
   </trkpt>
   <trkpt lat="46.363020000000006" lon="11.559550000000002">
    <ele>2620.06</ele>
   </trkpt>
   <trkpt lat="46.36298" lon="11.55968">
    <ele>2618.2200000000003</ele>
   </trkpt>
   <trkpt lat="46.363020000000006" lon="11.559790000000001">
    <ele>2616.71</ele>
   </trkpt>
   <trkpt lat="46.3629" lon="11.559940000000001">
    <ele>2615.92</ele>
   </trkpt>
   <trkpt lat="46.362790000000004" lon="11.5599">
    <ele>2615.59</ele>
   </trkpt>
   <trkpt lat="46.362790000000004" lon="11.559970000000002">
    <ele>2615.13</ele>
   </trkpt>
   <trkpt lat="46.36285" lon="11.560060000000002">
    <ele>2613.6400000000003</ele>
   </trkpt>
   <trkpt lat="46.36298" lon="11.560400000000001">
    <ele>2605.3100000000004</ele>
   </trkpt>
   <trkpt lat="46.363240000000005" lon="11.5608">
    <ele>2597.03</ele>
   </trkpt>
   <trkpt lat="46.363310000000006" lon="11.560870000000001">
    <ele>2597.03</ele>
   </trkpt>
   <trkpt lat="46.363420000000005" lon="11.561110000000001">
    <ele>2593.48</ele>
   </trkpt>
   <trkpt lat="46.36357" lon="11.56127">
    <ele>2588.7200000000003</ele>
   </trkpt>
   <trkpt lat="46.36365000000001" lon="11.561330000000002">
    <ele>2586.11</ele>
   </trkpt>
   <trkpt lat="46.363820000000004" lon="11.561430000000001">
    <ele>2582.8100000000004</ele>
   </trkpt>
   <trkpt lat="46.364000000000004" lon="11.561490000000001">
    <ele>2580.5800000000004</ele>
   </trkpt>
   <trkpt lat="46.364090000000004" lon="11.56155">
    <ele>2578.6800000000003</ele>
   </trkpt>
   <trkpt lat="46.364230000000006" lon="11.561720000000001">
    <ele>2576.27</ele>
   </trkpt>
   <trkpt lat="46.364290000000004" lon="11.56182">
    <ele>2574.9300000000003</ele>
   </trkpt>
   <trkpt lat="46.364700000000006" lon="11.561850000000002">
    <ele>2567.1700000000005</ele>
   </trkpt>
   <trkpt lat="46.36482" lon="11.561800000000002">
    <ele>2564.76</ele>
   </trkpt>
   <trkpt lat="46.36496" lon="11.56169">
    <ele>2559.75</ele>
   </trkpt>
   <trkpt lat="46.36506000000001" lon="11.56168">
    <ele>2556.95</ele>
   </trkpt>
   <trkpt lat="46.365100000000005" lon="11.56174">
    <ele>2556.36</ele>
   </trkpt>
   <trkpt lat="46.365410000000004" lon="11.561770000000001">
    <ele>2555.39</ele>
   </trkpt>
   <trkpt lat="46.365480000000005" lon="11.56183">
    <ele>2555.07</ele>
   </trkpt>
   <trkpt lat="46.365770000000005" lon="11.561750000000002">
    <ele>2552.68</ele>
   </trkpt>
   <trkpt lat="46.365840000000006" lon="11.56168">
    <ele>2552.32</ele>
   </trkpt>
   <trkpt lat="46.3661" lon="11.561630000000001">
    <ele>2551.11</ele>
   </trkpt>
   <trkpt lat="46.366220000000006" lon="11.56154">
    <ele>2550.37</ele>
   </trkpt>
   <trkpt lat="46.366400000000006" lon="11.56146">
    <ele>2550.0200000000004</ele>
   </trkpt>
   <trkpt lat="46.366440000000004" lon="11.56136">
    <ele>2550.2900000000004</ele>
   </trkpt>
   <trkpt lat="46.36643" lon="11.561160000000001">
    <ele>2550.8300000000004</ele>
   </trkpt>
   <trkpt lat="46.366460000000004" lon="11.561020000000001">
    <ele>2551.09</ele>
   </trkpt>
   <trkpt lat="46.36647000000001" lon="11.56085">
    <ele>2552.2500000000005</ele>
   </trkpt>
   <trkpt lat="46.366510000000005" lon="11.56079">
    <ele>2552.8700000000003</ele>
   </trkpt>
   <trkpt lat="46.366690000000006" lon="11.560670000000002">
    <ele>2554.94</ele>
   </trkpt>
   <trkpt lat="46.366760000000006" lon="11.560580000000002">
    <ele>2555.19</ele>
   </trkpt>
   <trkpt lat="46.36686" lon="11.56057">
    <ele>2554.9300000000003</ele>
   </trkpt>
   <trkpt lat="46.36699" lon="11.56062">
    <ele>2554.2400000000002</ele>
   </trkpt>
   <trkpt lat="46.36715" lon="11.56052">
    <ele>2555.12</ele>
   </trkpt>
   <trkpt lat="46.36717" lon="11.56051">
    <ele>2555.3700000000003</ele>
   </trkpt>
   <trkpt lat="46.36722" lon="11.560400000000001">
    <ele>2557.8100000000004</ele>
   </trkpt>
   <trkpt lat="46.36722" lon="11.560360000000001">
    <ele>2559.1700000000005</ele>
   </trkpt>
   <trkpt lat="46.367340000000006" lon="11.55999">
    <ele>2568.74</ele>
   </trkpt>
   <trkpt lat="46.36744" lon="11.55987">
    <ele>2568.74</ele>
   </trkpt>
   <trkpt lat="46.36741000000001" lon="11.55981">
    <ele>2578.3</ele>
   </trkpt>
   <trkpt lat="46.36753" lon="11.55963">
    <ele>2581.7400000000002</ele>
   </trkpt>
   <trkpt lat="46.367580000000004" lon="11.55949">
    <ele>2585.51</ele>
   </trkpt>
   <trkpt lat="46.367560000000005" lon="11.559420000000001">
    <ele>2587.5000000000005</ele>
   </trkpt>
   <trkpt lat="46.36750000000001" lon="11.559410000000002">
    <ele>2591.65</ele>
   </trkpt>
   <trkpt lat="46.36737" lon="11.55944">
    <ele>2596.06</ele>
   </trkpt>
   <trkpt lat="46.36732000000001" lon="11.559360000000002">
    <ele>2600.67</ele>
   </trkpt>
   <trkpt lat="46.367270000000005" lon="11.55938">
    <ele>2604.94</ele>
   </trkpt>
   <trkpt lat="46.36730000000001" lon="11.559270000000001">
    <ele>2606.8300000000004</ele>
   </trkpt>
   <trkpt lat="46.367380000000004" lon="11.5591">
    <ele>2613.35</ele>
   </trkpt>
   <trkpt lat="46.36731" lon="11.559090000000001">
    <ele>2614.79</ele>
   </trkpt>
   <trkpt lat="46.36732000000001" lon="11.559040000000001">
    <ele>2616.07</ele>
   </trkpt>
   <trkpt lat="46.367450000000005" lon="11.55902">
    <ele>2618.25</ele>
   </trkpt>
   <trkpt lat="46.367490000000004" lon="11.558950000000001">
    <ele>2620.2400000000002</ele>
   </trkpt>
   <trkpt lat="46.367270000000005" lon="11.558850000000001">
    <ele>2622.9300000000003</ele>
   </trkpt>
   <trkpt lat="46.36708" lon="11.55864">
    <ele>2611.4100000000003</ele>
   </trkpt>
   <trkpt lat="46.36694000000001" lon="11.558440000000001">
    <ele>2607.31</ele>
   </trkpt>
   <trkpt lat="46.36679" lon="11.558340000000001">
    <ele>2607.12</ele>
   </trkpt>
   <trkpt lat="46.366730000000004" lon="11.55817">
    <ele>2608.76</ele>
   </trkpt>
   <trkpt lat="46.36663" lon="11.55808">
    <ele>2610.1</ele>
   </trkpt>
   <trkpt lat="46.366620000000005" lon="11.55789">
    <ele>2611.4300000000003</ele>
   </trkpt>
   <trkpt lat="46.366420000000005" lon="11.55747">
    <ele>2610.2400000000002</ele>
   </trkpt>
   <trkpt lat="46.36648" lon="11.55741">
    <ele>2608.27</ele>
   </trkpt>
   <trkpt lat="46.36648" lon="11.5571">
    <ele>2601.63</ele>
   </trkpt>
   <trkpt lat="46.366620000000005" lon="11.556930000000001">
    <ele>2597.44</ele>
   </trkpt>
   <trkpt lat="46.366780000000006" lon="11.556830000000001">
    <ele>2595.51</ele>
   </trkpt>
   <trkpt lat="46.36712000000001" lon="11.55652">
    <ele>2589.62</ele>
   </trkpt>
   <trkpt lat="46.3674" lon="11.55635">
    <ele>2587.39</ele>
   </trkpt>
   <trkpt lat="46.367670000000004" lon="11.5561">
    <ele>2588.69</ele>
   </trkpt>
   <trkpt lat="46.367700000000006" lon="11.55591">
    <ele>2590.65</ele>
   </trkpt>
   <trkpt lat="46.36768000000001" lon="11.555750000000002">
    <ele>2591.0200000000004</ele>
   </trkpt>
   <trkpt lat="46.36773" lon="11.5556">
    <ele>2591.31</ele>
   </trkpt>
   <trkpt lat="46.367900000000006" lon="11.555610000000001">
    <ele>2591.28</ele>
   </trkpt>
   <trkpt lat="46.36822" lon="11.55549">
    <ele>2587.13</ele>
   </trkpt>
   <trkpt lat="46.368280000000006" lon="11.555370000000002">
    <ele>2585.05</ele>
   </trkpt>
   <trkpt lat="46.368370000000006" lon="11.555370000000002">
    <ele>2583.8900000000003</ele>
   </trkpt>
   <trkpt lat="46.36849" lon="11.55546">
    <ele>2583.34</ele>
   </trkpt>
   <trkpt lat="46.368590000000005" lon="11.555370000000002">
    <ele>2584.09</ele>
   </trkpt>
   <trkpt lat="46.36867" lon="11.555370000000002">
    <ele>2584.3</ele>
   </trkpt>
   <trkpt lat="46.36874" lon="11.555330000000001">
    <ele>2584.34</ele>
   </trkpt>
   <trkpt lat="46.368840000000006" lon="11.555100000000001">
    <ele>2582.8100000000004</ele>
   </trkpt>
   <trkpt lat="46.369260000000004" lon="11.554620000000002">
    <ele>2571.28</ele>
   </trkpt>
   <trkpt lat="46.36938000000001" lon="11.554250000000001">
    <ele>2566.2400000000002</ele>
   </trkpt>
   <trkpt lat="46.36952" lon="11.55422">
    <ele>2566.4</ele>
   </trkpt>
   <trkpt lat="46.36952" lon="11.554160000000001">
    <ele>2566.4</ele>
   </trkpt>
   <trkpt lat="46.369620000000005" lon="11.55422">
    <ele>2567.7700000000004</ele>
   </trkpt>
   <trkpt lat="46.36986" lon="11.554310000000001">
    <ele>2562.4300000000003</ele>
   </trkpt>
   <trkpt lat="46.36997" lon="11.554310000000001">
    <ele>2559.52</ele>
   </trkpt>
   <trkpt lat="46.37013" lon="11.55438">
    <ele>2554.3</ele>
   </trkpt>
   <trkpt lat="46.370140000000006" lon="11.554350000000001">
    <ele>2554.3</ele>
   </trkpt>
   <trkpt lat="46.37012000000001" lon="11.55427">
    <ele>2548.44</ele>
   </trkpt>
   <trkpt lat="46.37004" lon="11.554170000000001">
    <ele>2544.69</ele>
   </trkpt>
   <trkpt lat="46.36997" lon="11.554010000000002">
    <ele>2541.25</ele>
   </trkpt>
   <trkpt lat="46.37001" lon="11.553920000000002">
    <ele>2538.17</ele>
   </trkpt>
   <trkpt lat="46.37012000000001" lon="11.554020000000001">
    <ele>2533.7599999999998</ele>
   </trkpt>
   <trkpt lat="46.37023000000001" lon="11.553980000000001">
    <ele>2528.78</ele>
   </trkpt>
   <trkpt lat="46.370270000000005" lon="11.553830000000001">
    <ele>2522.38</ele>
   </trkpt>
   <trkpt lat="46.370340000000006" lon="11.55385">
    <ele>2522.38</ele>
   </trkpt>
   <trkpt lat="46.37041000000001" lon="11.553820000000002">
    <ele>2518.72</ele>
   </trkpt>
   <trkpt lat="46.37037" lon="11.55366">
    <ele>2510.4100000000003</ele>
   </trkpt>
   <trkpt lat="46.370290000000004" lon="11.55357">
    <ele>2508.4600000000005</ele>
   </trkpt>
   <trkpt lat="46.37028" lon="11.553490000000002">
    <ele>2506.6200000000003</ele>
   </trkpt>
   <trkpt lat="46.37037" lon="11.553350000000002">
    <ele>2501.73</ele>
   </trkpt>
   <trkpt lat="46.37050000000001" lon="11.55334">
    <ele>2498.75</ele>
   </trkpt>
   <trkpt lat="46.37051" lon="11.553310000000002">
    <ele>2498.75</ele>
   </trkpt>
   <trkpt lat="46.370200000000004" lon="11.553">
    <ele>2484.7000000000003</ele>
   </trkpt>
   <trkpt lat="46.37022" lon="11.55287">
    <ele>2482.99</ele>
   </trkpt>
   <trkpt lat="46.37013" lon="11.55278">
    <ele>2482.19</ele>
   </trkpt>
   <trkpt lat="46.37012000000001" lon="11.55269">
    <ele>2481.98</ele>
   </trkpt>
   <trkpt lat="46.37006" lon="11.552600000000002">
    <ele>2481.52</ele>
   </trkpt>
   <trkpt lat="46.370250000000006" lon="11.552560000000001">
    <ele>2477.3</ele>
   </trkpt>
   <trkpt lat="46.37026" lon="11.552470000000001">
    <ele>2475.57</ele>
   </trkpt>
   <trkpt lat="46.37012000000001" lon="11.552370000000002">
    <ele>2468.13</ele>
   </trkpt>
   <trkpt lat="46.3701" lon="11.552280000000001">
    <ele>2466.5000000000005</ele>
   </trkpt>
   <trkpt lat="46.37024" lon="11.552240000000001">
    <ele>2461.98</ele>
   </trkpt>
   <trkpt lat="46.37033" lon="11.551990000000002">
    <ele>2454.3700000000003</ele>
   </trkpt>
   <trkpt lat="46.370380000000004" lon="11.551960000000001">
    <ele>2452.9900000000002</ele>
   </trkpt>
   <trkpt lat="46.370450000000005" lon="11.551850000000002">
    <ele>2450.57</ele>
   </trkpt>
   <trkpt lat="46.37057" lon="11.551770000000001">
    <ele>2448.63</ele>
   </trkpt>
   <trkpt lat="46.37068000000001" lon="11.551630000000001">
    <ele>2444.32</ele>
   </trkpt>
   <trkpt lat="46.37068000000001" lon="11.551590000000001">
    <ele>2444.32</ele>
   </trkpt>
   <trkpt lat="46.37062" lon="11.55151">
    <ele>2443.56</ele>
   </trkpt>
   <trkpt lat="46.37068000000001" lon="11.551250000000001">
    <ele>2440.36</ele>
   </trkpt>
   <trkpt lat="46.370810000000006" lon="11.551050000000002">
    <ele>2435.2599999999998</ele>
   </trkpt>
   <trkpt lat="46.371050000000004" lon="11.550740000000001">
    <ele>2430.81</ele>
   </trkpt>
   <trkpt lat="46.37118" lon="11.550490000000002">
    <ele>2425.05</ele>
   </trkpt>
   <trkpt lat="46.37124000000001" lon="11.550350000000002">
    <ele>2421.76</ele>
   </trkpt>
   <trkpt lat="46.37133" lon="11.55">
    <ele>2411.67</ele>
   </trkpt>
   <trkpt lat="46.371500000000005" lon="11.54959">
    <ele>2399.1200000000003</ele>
   </trkpt>
   <trkpt lat="46.37181" lon="11.54939">
    <ele>2391.96</ele>
   </trkpt>
   <trkpt lat="46.37192" lon="11.549180000000002">
    <ele>2389.92</ele>
   </trkpt>
   <trkpt lat="46.37192" lon="11.549140000000001">
    <ele>2385.2999999999997</ele>
   </trkpt>
   <trkpt lat="46.371880000000004" lon="11.54912">
    <ele>2385.2999999999997</ele>
   </trkpt>
   <trkpt lat="46.37163" lon="11.549140000000001">
    <ele>2379.4900000000002</ele>
   </trkpt>
   <trkpt lat="46.37147" lon="11.549290000000001">
    <ele>2375.34</ele>
   </trkpt>
   <trkpt lat="46.371460000000006" lon="11.549190000000001">
    <ele>2370.9500000000003</ele>
   </trkpt>
   <trkpt lat="46.37153000000001" lon="11.548950000000001">
    <ele>2364.1400000000003</ele>
   </trkpt>
   <trkpt lat="46.371640000000006" lon="11.54892">
    <ele>2362.73</ele>
   </trkpt>
   <trkpt lat="46.371680000000005" lon="11.54883">
    <ele>2359.6400000000003</ele>
   </trkpt>
   <trkpt lat="46.37192" lon="11.54856">
    <ele>2347.0600000000004</ele>
   </trkpt>
   <trkpt lat="46.371860000000005" lon="11.5485">
    <ele>2345.38</ele>
   </trkpt>
   <trkpt lat="46.37191000000001" lon="11.548470000000002">
    <ele>2342.5200000000004</ele>
   </trkpt>
   <trkpt lat="46.37183" lon="11.54842">
    <ele>2339.9700000000003</ele>
   </trkpt>
   <trkpt lat="46.371790000000004" lon="11.548330000000002">
    <ele>2338.65</ele>
   </trkpt>
   <trkpt lat="46.371950000000005" lon="11.548110000000001">
    <ele>2330.35</ele>
   </trkpt>
   <trkpt lat="46.37209000000001" lon="11.548010000000001">
    <ele>2323.56</ele>
   </trkpt>
   <trkpt lat="46.372260000000004" lon="11.54794">
    <ele>2317.8300000000004</ele>
   </trkpt>
   <trkpt lat="46.37220000000001" lon="11.547860000000002">
    <ele>2311.25</ele>
   </trkpt>
   <trkpt lat="46.37216" lon="11.547770000000002">
    <ele>2311.25</ele>
   </trkpt>
   <trkpt lat="46.372080000000004" lon="11.547780000000001">
    <ele>2308.1800000000003</ele>
   </trkpt>
   <trkpt lat="46.37196" lon="11.54767">
    <ele>2304.09</ele>
   </trkpt>
   <trkpt lat="46.37228" lon="11.54762">
    <ele>2293.38</ele>
   </trkpt>
   <trkpt lat="46.37227" lon="11.547580000000002">
    <ele>2291.69</ele>
   </trkpt>
   <trkpt lat="46.37219" lon="11.54751">
    <ele>2288.0200000000004</ele>
   </trkpt>
   <trkpt lat="46.37234" lon="11.54738">
    <ele>2277.72</ele>
   </trkpt>
   <trkpt lat="46.3725" lon="11.547260000000001">
    <ele>2268.9</ele>
   </trkpt>
   <trkpt lat="46.37261" lon="11.5472">
    <ele>2264.58</ele>
   </trkpt>
   <trkpt lat="46.37275" lon="11.54718">
    <ele>2258.41</ele>
   </trkpt>
   <trkpt lat="46.37286" lon="11.547110000000002">
    <ele>2254.51</ele>
   </trkpt>
   <trkpt lat="46.372870000000006" lon="11.54705">
    <ele>2254.51</ele>
   </trkpt>
   <trkpt lat="46.37297" lon="11.54704">
    <ele>2250.9100000000003</ele>
   </trkpt>
   <trkpt lat="46.372980000000005" lon="11.546990000000001">
    <ele>2250.9100000000003</ele>
   </trkpt>
   <trkpt lat="46.37312000000001" lon="11.546980000000001">
    <ele>2240.59</ele>
   </trkpt>
   <trkpt lat="46.373200000000004" lon="11.5469">
    <ele>2240.59</ele>
   </trkpt>
   <trkpt lat="46.373290000000004" lon="11.5469">
    <ele>2240.59</ele>
   </trkpt>
   <trkpt lat="46.37337" lon="11.54686">
    <ele>2229.42</ele>
   </trkpt>
   <trkpt lat="46.373490000000004" lon="11.54672">
    <ele>2226.28</ele>
   </trkpt>
   <trkpt lat="46.373580000000004" lon="11.546690000000002">
    <ele>2223.28</ele>
   </trkpt>
   <trkpt lat="46.37369" lon="11.546560000000001">
    <ele>2218.92</ele>
   </trkpt>
   <trkpt lat="46.37362" lon="11.54648">
    <ele>2217.5200000000004</ele>
   </trkpt>
   <trkpt lat="46.37357" lon="11.546470000000001">
    <ele>2214.8700000000003</ele>
   </trkpt>
   <trkpt lat="46.373520000000006" lon="11.546420000000001">
    <ele>2212.4100000000003</ele>
   </trkpt>
   <trkpt lat="46.373400000000004" lon="11.54635">
    <ele>2211.26</ele>
   </trkpt>
   <trkpt lat="46.37324" lon="11.546270000000002">
    <ele>2205.5299999999997</ele>
   </trkpt>
   <trkpt lat="46.37314000000001" lon="11.546270000000002">
    <ele>2202.8</ele>
   </trkpt>
   <trkpt lat="46.37313" lon="11.54625">
    <ele>2202.8</ele>
   </trkpt>
   <trkpt lat="46.37323000000001" lon="11.54612">
    <ele>2201.3100000000004</ele>
   </trkpt>
   <trkpt lat="46.37322" lon="11.546100000000001">
    <ele>2193.7000000000003</ele>
   </trkpt>
   <trkpt lat="46.37306" lon="11.54602">
    <ele>2190.9100000000003</ele>
   </trkpt>
   <trkpt lat="46.372930000000004" lon="11.54583">
    <ele>2187.4700000000003</ele>
   </trkpt>
   <trkpt lat="46.37275" lon="11.54578">
    <ele>2182.21</ele>
   </trkpt>
   <trkpt lat="46.372710000000005" lon="11.54568">
    <ele>2179.82</ele>
   </trkpt>
   <trkpt lat="46.37266" lon="11.54564">
    <ele>2178.52</ele>
   </trkpt>
   <trkpt lat="46.37265000000001" lon="11.545580000000001">
    <ele>2177.13</ele>
   </trkpt>
   <trkpt lat="46.37259" lon="11.545490000000001">
    <ele>2175.65</ele>
   </trkpt>
   <trkpt lat="46.37263" lon="11.545440000000001">
    <ele>2175.65</ele>
   </trkpt>
   <trkpt lat="46.37263" lon="11.545390000000001">
    <ele>2167.77</ele>
   </trkpt>
   <trkpt lat="46.37254" lon="11.545350000000001">
    <ele>2167.77</ele>
   </trkpt>
   <trkpt lat="46.37248" lon="11.545250000000001">
    <ele>2166.3</ele>
   </trkpt>
   <trkpt lat="46.372580000000006" lon="11.54521">
    <ele>2162.1200000000003</ele>
   </trkpt>
   <trkpt lat="46.37263" lon="11.54523">
    <ele>2162.1200000000003</ele>
   </trkpt>
   <trkpt lat="46.372800000000005" lon="11.54508">
    <ele>2153.56</ele>
   </trkpt>
   <trkpt lat="46.372960000000006" lon="11.54498">
    <ele>2149.71</ele>
   </trkpt>
   <trkpt lat="46.37297" lon="11.544960000000001">
    <ele>2149.71</ele>
   </trkpt>
   <trkpt lat="46.372960000000006" lon="11.54493">
    <ele>2149.71</ele>
   </trkpt>
   <trkpt lat="46.37286" lon="11.544880000000001">
    <ele>2144.32</ele>
   </trkpt>
   <trkpt lat="46.372710000000005" lon="11.54462">
    <ele>2138.86</ele>
   </trkpt>
   <trkpt lat="46.37263" lon="11.54456">
    <ele>2136.01</ele>
   </trkpt>
   <trkpt lat="46.372600000000006" lon="11.544490000000001">
    <ele>2134.4800000000005</ele>
   </trkpt>
   <trkpt lat="46.37263" lon="11.54446">
    <ele>2132.84</ele>
   </trkpt>
   <trkpt lat="46.37259" lon="11.544450000000001">
    <ele>2131.1</ele>
   </trkpt>
   <trkpt lat="46.37256000000001" lon="11.544340000000002">
    <ele>2125.5800000000004</ele>
   </trkpt>
   <trkpt lat="46.37245" lon="11.54418">
    <ele>2122.2000000000003</ele>
   </trkpt>
   <trkpt lat="46.37236" lon="11.544110000000002">
    <ele>2118.36</ele>
   </trkpt>
   <trkpt lat="46.37234" lon="11.544070000000001">
    <ele>2117.4000000000005</ele>
   </trkpt>
   <trkpt lat="46.37218000000001" lon="11.54401">
    <ele>2116.3700000000003</ele>
   </trkpt>
   <trkpt lat="46.372150000000005" lon="11.54405">
    <ele>2116.3700000000003</ele>
   </trkpt>
   <trkpt lat="46.372040000000005" lon="11.544110000000002">
    <ele>2117.53</ele>
   </trkpt>
   <trkpt lat="46.371930000000006" lon="11.544070000000001">
    <ele>2117.9300000000003</ele>
   </trkpt>
   <trkpt lat="46.37181" lon="11.544080000000001">
    <ele>2117.82</ele>
   </trkpt>
   <trkpt lat="46.371770000000005" lon="11.5441">
    <ele>2117.48</ele>
   </trkpt>
   <trkpt lat="46.371680000000005" lon="11.544200000000002">
    <ele>2115.6</ele>
   </trkpt>
   <trkpt lat="46.37147" lon="11.544500000000001">
    <ele>2113.2500000000005</ele>
   </trkpt>
   <trkpt lat="46.371300000000005" lon="11.5446">
    <ele>2112.94</ele>
   </trkpt>
   <trkpt lat="46.371140000000004" lon="11.544630000000002">
    <ele>2112.9100000000003</ele>
   </trkpt>
   <trkpt lat="46.370810000000006" lon="11.544640000000001">
    <ele>2112.38</ele>
   </trkpt>
   <trkpt lat="46.37069" lon="11.5447">
    <ele>2112.38</ele>
   </trkpt>
   <trkpt lat="46.37059000000001" lon="11.544680000000001">
    <ele>2112.52</ele>
   </trkpt>
   <trkpt lat="46.37046" lon="11.544880000000001">
    <ele>2113.2200000000003</ele>
   </trkpt>
   <trkpt lat="46.370360000000005" lon="11.544880000000001">
    <ele>2113.78</ele>
   </trkpt>
   <trkpt lat="46.37028" lon="11.544960000000001">
    <ele>2114.64</ele>
   </trkpt>
   <trkpt lat="46.37017" lon="11.54493">
    <ele>2116.4700000000003</ele>
   </trkpt>
   <trkpt lat="46.37008" lon="11.54498">
    <ele>2117.98</ele>
   </trkpt>
   <trkpt lat="46.37004" lon="11.54527">
    <ele>2122.37</ele>
   </trkpt>
   <trkpt lat="46.369980000000005" lon="11.54531">
    <ele>2122.37</ele>
   </trkpt>
   <trkpt lat="46.36992" lon="11.545330000000002">
    <ele>2122.37</ele>
   </trkpt>
   <trkpt lat="46.369800000000005" lon="11.545280000000002">
    <ele>2127.37</ele>
   </trkpt>
   <trkpt lat="46.36977" lon="11.545300000000001">
    <ele>2128.28</ele>
   </trkpt>
   <trkpt lat="46.36975" lon="11.545250000000001">
    <ele>2129.1000000000004</ele>
   </trkpt>
   <trkpt lat="46.36961" lon="11.54517">
    <ele>2130.56</ele>
   </trkpt>
   <trkpt lat="46.369460000000004" lon="11.545470000000002">
    <ele>2135.2000000000003</ele>
   </trkpt>
   <trkpt lat="46.36938000000001" lon="11.54554">
    <ele>2136.6400000000003</ele>
   </trkpt>
   <trkpt lat="46.36914" lon="11.54565">
    <ele>2139.92</ele>
   </trkpt>
   <trkpt lat="46.36894" lon="11.54554">
    <ele>2145.33</ele>
   </trkpt>
   <trkpt lat="46.36854" lon="11.545420000000002">
    <ele>2149.67</ele>
   </trkpt>
   <trkpt lat="46.368460000000006" lon="11.545430000000001">
    <ele>2149.95</ele>
   </trkpt>
   <trkpt lat="46.368120000000005" lon="11.545300000000001">
    <ele>2146.9</ele>
   </trkpt>
   <trkpt lat="46.36802" lon="11.54531">
    <ele>2145.29</ele>
   </trkpt>
   <trkpt lat="46.367960000000004" lon="11.545350000000001">
    <ele>2145.29</ele>
   </trkpt>
   <trkpt lat="46.367900000000006" lon="11.54546">
    <ele>2143.55</ele>
   </trkpt>
   <trkpt lat="46.367850000000004" lon="11.54546">
    <ele>2143.0200000000004</ele>
   </trkpt>
   <trkpt lat="46.36778" lon="11.545280000000002">
    <ele>2141.8500000000004</ele>
   </trkpt>
   <trkpt lat="46.367610000000006" lon="11.545060000000001">
    <ele>2141.76</ele>
   </trkpt>
   <trkpt lat="46.367520000000006" lon="11.545000000000002">
    <ele>2143.05</ele>
   </trkpt>
   <trkpt lat="46.36741000000001" lon="11.544970000000001">
    <ele>2144.54</ele>
   </trkpt>
   <trkpt lat="46.36731" lon="11.545020000000001">
    <ele>2147.1</ele>
   </trkpt>
   <trkpt lat="46.367020000000004" lon="11.545020000000001">
    <ele>2151.79</ele>
   </trkpt>
   <trkpt lat="46.3669" lon="11.54504">
    <ele>2153.09</ele>
   </trkpt>
   <trkpt lat="46.366780000000006" lon="11.54509">
    <ele>2153.6400000000003</ele>
   </trkpt>
   <trkpt lat="46.366640000000004" lon="11.54509">
    <ele>2153.9700000000003</ele>
   </trkpt>
   <trkpt lat="46.36648" lon="11.54512">
    <ele>2153.75</ele>
   </trkpt>
   <trkpt lat="46.366350000000004" lon="11.54507">
    <ele>2154.03</ele>
   </trkpt>
   <trkpt lat="46.36618000000001" lon="11.54504">
    <ele>2155.5600000000004</ele>
   </trkpt>
   <trkpt lat="46.366020000000006" lon="11.545100000000001">
    <ele>2157.78</ele>
   </trkpt>
   <trkpt lat="46.365880000000004" lon="11.54509">
    <ele>2160.4400000000005</ele>
   </trkpt>
   <trkpt lat="46.36576" lon="11.545160000000001">
    <ele>2161.56</ele>
   </trkpt>
   <trkpt lat="46.36565" lon="11.54517">
    <ele>2162.5</ele>
   </trkpt>
   <trkpt lat="46.36556" lon="11.54521">
    <ele>2163.65</ele>
   </trkpt>
   <trkpt lat="46.36544000000001" lon="11.545390000000001">
    <ele>2164.1600000000003</ele>
   </trkpt>
   <trkpt lat="46.36535000000001" lon="11.545720000000001">
    <ele>2161.6600000000003</ele>
   </trkpt>
   <trkpt lat="46.36538" lon="11.545890000000002">
    <ele>2159.7000000000003</ele>
   </trkpt>
   <trkpt lat="46.36533000000001" lon="11.546470000000001">
    <ele>2151.9000000000005</ele>
   </trkpt>
   <trkpt lat="46.36527" lon="11.546840000000001">
    <ele>2143.75</ele>
   </trkpt>
   <trkpt lat="46.365210000000005" lon="11.547">
    <ele>2143.75</ele>
   </trkpt>
   <trkpt lat="46.365210000000005" lon="11.547220000000001">
    <ele>2140.5800000000004</ele>
   </trkpt>
   <trkpt lat="46.36515000000001" lon="11.547460000000001">
    <ele>2138.31</ele>
   </trkpt>
   <trkpt lat="46.365100000000005" lon="11.54751">
    <ele>2137.9100000000003</ele>
   </trkpt>
   <trkpt lat="46.36502" lon="11.54752">
    <ele>2137.36</ele>
   </trkpt>
   <trkpt lat="46.36489" lon="11.547640000000001">
    <ele>2136.8</ele>
   </trkpt>
   <trkpt lat="46.36477000000001" lon="11.54767">
    <ele>2136.09</ele>
   </trkpt>
   <trkpt lat="46.36448" lon="11.547690000000001">
    <ele>2133.8700000000003</ele>
   </trkpt>
   <trkpt lat="46.36449" lon="11.54751">
    <ele>2132.18</ele>
   </trkpt>
   <trkpt lat="46.36446" lon="11.547020000000002">
    <ele>2123.33</ele>
   </trkpt>
   <trkpt lat="46.36448" lon="11.546240000000001">
    <ele>2114.17</ele>
   </trkpt>
   <trkpt lat="46.36455" lon="11.545990000000002">
    <ele>2111.76</ele>
   </trkpt>
   <trkpt lat="46.364540000000005" lon="11.54592">
    <ele>2111.12</ele>
   </trkpt>
   <trkpt lat="46.36451" lon="11.54588">
    <ele>2110.42</ele>
   </trkpt>
   <trkpt lat="46.364470000000004" lon="11.54587">
    <ele>2109.6700000000005</ele>
   </trkpt>
   <trkpt lat="46.364320000000006" lon="11.54597">
    <ele>2106.28</ele>
   </trkpt>
   <trkpt lat="46.363710000000005" lon="11.545810000000001">
    <ele>2093.69</ele>
   </trkpt>
   <trkpt lat="46.36352" lon="11.54551">
    <ele>2088.27</ele>
   </trkpt>
   <trkpt lat="46.36341" lon="11.545430000000001">
    <ele>2086.56</ele>
   </trkpt>
   <trkpt lat="46.36319" lon="11.545330000000002">
    <ele>2082.4100000000003</ele>
   </trkpt>
   <trkpt lat="46.363060000000004" lon="11.545200000000001">
    <ele>2078.84</ele>
   </trkpt>
   <trkpt lat="46.362840000000006" lon="11.544910000000002">
    <ele>2072.2400000000002</ele>
   </trkpt>
   <trkpt lat="46.36263" lon="11.544720000000002">
    <ele>2067.4100000000003</ele>
   </trkpt>
   <trkpt lat="46.36256" lon="11.5446">
    <ele>2066.0000000000005</ele>
   </trkpt>
   <trkpt lat="46.36247" lon="11.544390000000002">
    <ele>2064.2400000000002</ele>
   </trkpt>
   <trkpt lat="46.36234" lon="11.54418">
    <ele>2061.7200000000003</ele>
   </trkpt>
   <trkpt lat="46.36225" lon="11.544120000000001">
    <ele>2060.5200000000004</ele>
   </trkpt>
   <trkpt lat="46.36215000000001" lon="11.544110000000002">
    <ele>2058.38</ele>
   </trkpt>
   <trkpt lat="46.361940000000004" lon="11.544260000000001">
    <ele>2054.2000000000003</ele>
   </trkpt>
   <trkpt lat="46.361380000000004" lon="11.54452">
    <ele>2044.5800000000002</ele>
   </trkpt>
   <trkpt lat="46.361250000000005" lon="11.544530000000002">
    <ele>2042.51</ele>
   </trkpt>
   <trkpt lat="46.36106" lon="11.54447">
    <ele>2038.2600000000002</ele>
   </trkpt>
   <trkpt lat="46.36065000000001" lon="11.54428">
    <ele>2034.2900000000004</ele>
   </trkpt>
   <trkpt lat="46.3603" lon="11.544070000000001">
    <ele>2028.6</ele>
   </trkpt>
   <trkpt lat="46.36012" lon="11.543880000000001">
    <ele>2025.8800000000003</ele>
   </trkpt>
   <trkpt lat="46.359770000000005" lon="11.543640000000002">
    <ele>2023.0</ele>
   </trkpt>
   <trkpt lat="46.359680000000004" lon="11.543550000000002">
    <ele>2016.1700000000003</ele>
   </trkpt>
   <trkpt lat="46.359550000000006" lon="11.543280000000001">
    <ele>2016.1700000000003</ele>
   </trkpt>
   <trkpt lat="46.35942000000001" lon="11.543090000000001">
    <ele>2011.8300000000002</ele>
   </trkpt>
   <trkpt lat="46.35915000000001" lon="11.54277">
    <ele>2005.6000000000001</ele>
   </trkpt>
   <trkpt lat="46.35895000000001" lon="11.542610000000002">
    <ele>1999.41</ele>
   </trkpt>
   <trkpt lat="46.35873" lon="11.542530000000001">
    <ele>1996.8500000000001</ele>
   </trkpt>
   <trkpt lat="46.35849" lon="11.542470000000002">
    <ele>1992.6500000000003</ele>
   </trkpt>
   <trkpt lat="46.358230000000006" lon="11.542510000000002">
    <ele>1990.4700000000003</ele>
   </trkpt>
   <trkpt lat="46.35813" lon="11.5425">
    <ele>1989.5800000000002</ele>
   </trkpt>
   <trkpt lat="46.35803000000001" lon="11.54245">
    <ele>1988.19</ele>
   </trkpt>
   <trkpt lat="46.357940000000006" lon="11.542380000000001">
    <ele>1987.5500000000002</ele>
   </trkpt>
   <trkpt lat="46.35777" lon="11.542330000000002">
    <ele>1986.7500000000002</ele>
   </trkpt>
   <trkpt lat="46.35723" lon="11.54231">
    <ele>1981.8700000000001</ele>
   </trkpt>
   <trkpt lat="46.357110000000006" lon="11.54227">
    <ele>1981.8700000000001</ele>
   </trkpt>
   <trkpt lat="46.35701" lon="11.54221">
    <ele>1978.5100000000002</ele>
   </trkpt>
   <trkpt lat="46.356860000000005" lon="11.54203">
    <ele>1978.5100000000002</ele>
   </trkpt>
   <trkpt lat="46.356750000000005" lon="11.54179">
    <ele>1976.1800000000003</ele>
   </trkpt>
   <trkpt lat="46.35658" lon="11.541590000000001">
    <ele>1974.2800000000002</ele>
   </trkpt>
   <trkpt lat="46.35645" lon="11.54133">
    <ele>1972.2700000000002</ele>
   </trkpt>
   <trkpt lat="46.35642000000001" lon="11.5411">
    <ele>1969.78</ele>
   </trkpt>
   <trkpt lat="46.356370000000005" lon="11.540880000000001">
    <ele>1968.1000000000001</ele>
   </trkpt>
   <trkpt lat="46.356280000000005" lon="11.54067">
    <ele>1966.56</ele>
   </trkpt>
   <trkpt lat="46.356300000000005" lon="11.540610000000001">
    <ele>1966.32</ele>
   </trkpt>
   <trkpt lat="46.35613" lon="11.54049">
    <ele>1967.2900000000002</ele>
   </trkpt>
   <trkpt lat="46.355650000000004" lon="11.540550000000001">
    <ele>1972.6100000000001</ele>
   </trkpt>
   <trkpt lat="46.355430000000005" lon="11.540510000000001">
    <ele>1975.6100000000001</ele>
   </trkpt>
   <trkpt lat="46.3552" lon="11.54043">
    <ele>1979.2500000000002</ele>
   </trkpt>
   <trkpt lat="46.35501000000001" lon="11.540320000000001">
    <ele>1979.2500000000002</ele>
   </trkpt>
   <trkpt lat="46.354530000000004" lon="11.53987">
    <ele>1985.95</ele>
   </trkpt>
   <trkpt lat="46.354260000000004" lon="11.539700000000002">
    <ele>1988.3400000000001</ele>
   </trkpt>
   <trkpt lat="46.35409000000001" lon="11.53963">
    <ele>1990.9500000000003</ele>
   </trkpt>
   <trkpt lat="46.353950000000005" lon="11.539670000000001">
    <ele>1992.01</ele>
   </trkpt>
   <trkpt lat="46.353820000000006" lon="11.539800000000001">
    <ele>1993.2200000000003</ele>
   </trkpt>
   <trkpt lat="46.35369" lon="11.54002">
    <ele>1994.02</ele>
   </trkpt>
   <trkpt lat="46.35347" lon="11.540470000000001">
    <ele>1993.91</ele>
   </trkpt>
   <trkpt lat="46.35334" lon="11.540690000000001">
    <ele>1993.41</ele>
   </trkpt>
   <trkpt lat="46.353260000000006" lon="11.540790000000001">
    <ele>1993.42</ele>
   </trkpt>
   <trkpt lat="46.352970000000006" lon="11.54104">
    <ele>1994.6100000000001</ele>
   </trkpt>
   <trkpt lat="46.352810000000005" lon="11.54124">
    <ele>1995.0200000000002</ele>
   </trkpt>
   <trkpt lat="46.352340000000005" lon="11.54202">
    <ele>1995.21</ele>
   </trkpt>
   <trkpt lat="46.352050000000006" lon="11.542440000000001">
    <ele>1995.66</ele>
   </trkpt>
   <trkpt lat="46.351960000000005" lon="11.542700000000002">
    <ele>1995.69</ele>
   </trkpt>
   <trkpt lat="46.351870000000005" lon="11.54334">
    <ele>1993.75</ele>
   </trkpt>
   <trkpt lat="46.351800000000004" lon="11.543470000000001">
    <ele>1993.2</ele>
   </trkpt>
   <trkpt lat="46.35166" lon="11.543640000000002">
    <ele>1993.4600000000003</ele>
   </trkpt>
   <trkpt lat="46.351530000000004" lon="11.543890000000001">
    <ele>1994.5900000000001</ele>
   </trkpt>
   <trkpt lat="46.35143" lon="11.54418">
    <ele>1994.5900000000001</ele>
   </trkpt>
   <trkpt lat="46.35137" lon="11.54451">
    <ele>1994.16</ele>
   </trkpt>
   <trkpt lat="46.35121" lon="11.54484">
    <ele>1994.0000000000002</ele>
   </trkpt>
   <trkpt lat="46.351150000000004" lon="11.54512">
    <ele>1993.39</ele>
   </trkpt>
   <trkpt lat="46.351060000000004" lon="11.54537">
    <ele>1994.08</ele>
   </trkpt>
   <trkpt lat="46.35085" lon="11.545670000000001">
    <ele>1995.6000000000001</ele>
   </trkpt>
   <trkpt lat="46.35069000000001" lon="11.545960000000001">
    <ele>1996.66</ele>
   </trkpt>
   <trkpt lat="46.35038" lon="11.546650000000001">
    <ele>1997.8700000000001</ele>
   </trkpt>
   <trkpt lat="46.35025" lon="11.54691">
    <ele>1998.4400000000003</ele>
   </trkpt>
   <trkpt lat="46.34978" lon="11.54757">
    <ele>2000.3500000000001</ele>
   </trkpt>
   <trkpt lat="46.34973" lon="11.547300000000002">
    <ele>1998.1000000000001</ele>
   </trkpt>
   <trkpt lat="46.34967" lon="11.547160000000002">
    <ele>1995.5900000000001</ele>
   </trkpt>
   <trkpt lat="46.34953" lon="11.54695">
    <ele>1991.0</ele>
   </trkpt>
   <trkpt lat="46.3492" lon="11.54663">
    <ele>1983.7300000000002</ele>
   </trkpt>
   <trkpt lat="46.349090000000004" lon="11.54648">
    <ele>1983.7300000000002</ele>
   </trkpt>
   <trkpt lat="46.348870000000005" lon="11.54602">
    <ele>1981.0100000000002</ele>
   </trkpt>
   <trkpt lat="46.34877" lon="11.54546">
    <ele>1979.0400000000002</ele>
   </trkpt>
   <trkpt lat="46.348580000000005" lon="11.54521">
    <ele>1977.64</ele>
   </trkpt>
   <trkpt lat="46.348510000000005" lon="11.54509">
    <ele>1976.8100000000002</ele>
   </trkpt>
   <trkpt lat="46.34825000000001" lon="11.544340000000002">
    <ele>1966.8700000000001</ele>
   </trkpt>
   <trkpt lat="46.34823" lon="11.54423">
    <ele>1966.8700000000001</ele>
   </trkpt>
   <trkpt lat="46.34826" lon="11.544120000000001">
    <ele>1965.6200000000001</ele>
   </trkpt>
   <trkpt lat="46.34843" lon="11.543790000000001">
    <ele>1959.92</ele>
   </trkpt>
   <trkpt lat="46.34854000000001" lon="11.54349">
    <ele>1956.0100000000002</ele>
   </trkpt>
   <trkpt lat="46.34859" lon="11.5434">
    <ele>1954.15</ele>
   </trkpt>
   <trkpt lat="46.348650000000006" lon="11.54335">
    <ele>1952.38</ele>
   </trkpt>
   <trkpt lat="46.34872000000001" lon="11.543330000000001">
    <ele>1952.38</ele>
   </trkpt>
   <trkpt lat="46.348910000000004" lon="11.543370000000001">
    <ele>1948.9900000000002</ele>
   </trkpt>
   <trkpt lat="46.34906" lon="11.54343">
    <ele>1944.2</ele>
   </trkpt>
   <trkpt lat="46.34913" lon="11.54343">
    <ele>1944.2</ele>
   </trkpt>
   <trkpt lat="46.34922" lon="11.543360000000002">
    <ele>1941.88</ele>
   </trkpt>
   <trkpt lat="46.34930000000001" lon="11.543120000000002">
    <ele>1939.3700000000001</ele>
   </trkpt>
   <trkpt lat="46.349540000000005" lon="11.542710000000001">
    <ele>1938.14</ele>
   </trkpt>
   <trkpt lat="46.34969" lon="11.542390000000001">
    <ele>1938.16</ele>
   </trkpt>
   <trkpt lat="46.349740000000004" lon="11.542330000000002">
    <ele>1938.19</ele>
   </trkpt>
   <trkpt lat="46.34996" lon="11.542150000000001">
    <ele>1938.89</ele>
   </trkpt>
   <trkpt lat="46.35011" lon="11.541960000000001">
    <ele>1940.77</ele>
   </trkpt>
   <trkpt lat="46.350350000000006" lon="11.54156">
    <ele>1946.8</ele>
   </trkpt>
   <trkpt lat="46.3504" lon="11.541300000000001">
    <ele>1948.94</ele>
   </trkpt>
   <trkpt lat="46.35042000000001" lon="11.540740000000001">
    <ele>1958.71</ele>
   </trkpt>
   <trkpt lat="46.35054000237964" lon="11.539995001880555">
    <ele>1972.0000000000002</ele>
   </trkpt>
   <trkpt lat="46.350660000000005" lon="11.539250000000001">
    <ele>1985.42</ele>
   </trkpt>
   <trkpt lat="46.35067" lon="11.53894">
    <ele>1989.3100000000002</ele>
   </trkpt>
   <trkpt lat="46.35074" lon="11.53836">
    <ele>2003.7000000000003</ele>
   </trkpt>
   <trkpt lat="46.350875003114915" lon="11.537520001828566">
    <ele>2017.45</ele>
   </trkpt>
   <trkpt lat="46.35101" lon="11.53668">
    <ele>2035.1600000000003</ele>
   </trkpt>
   <trkpt lat="46.351000000000006" lon="11.53584">
    <ele>2052.59</ele>
   </trkpt>
   <trkpt lat="46.350930000000005" lon="11.5356">
    <ele>2060.28</ele>
   </trkpt>
   <trkpt lat="46.350770000000004" lon="11.535440000000001">
    <ele>2069.2000000000003</ele>
   </trkpt>
   <trkpt lat="46.35011" lon="11.535260000000001">
    <ele>2087.44</ele>
   </trkpt>
   <trkpt lat="46.349630000000005" lon="11.534680000000002">
    <ele>2111.8300000000004</ele>
   </trkpt>
   <trkpt lat="46.349410000000006" lon="11.53457">
    <ele>2118.51</ele>
   </trkpt>
   <trkpt lat="46.34861" lon="11.534490000000002">
    <ele>2135.18</ele>
   </trkpt>
   <trkpt lat="46.34857" lon="11.534450000000001">
    <ele>2138.53</ele>
   </trkpt>
   <trkpt lat="46.34857" lon="11.534360000000001">
    <ele>2139.58</ele>
   </trkpt>
   <trkpt lat="46.348600000000005" lon="11.534310000000001">
    <ele>2139.58</ele>
   </trkpt>
   <trkpt lat="46.34895" lon="11.534030000000001">
    <ele>2148.3700000000003</ele>
   </trkpt>
   <trkpt lat="46.349520000000005" lon="11.533430000000001">
    <ele>2163.78</ele>
   </trkpt>
   <trkpt lat="46.34986000000001" lon="11.533150000000001">
    <ele>2174.21</ele>
   </trkpt>
   <trkpt lat="46.34987" lon="11.53312">
    <ele>2174.21</ele>
   </trkpt>
   <trkpt lat="46.34984" lon="11.533050000000001">
    <ele>2176.21</ele>
   </trkpt>
   <trkpt lat="46.3494" lon="11.532950000000001">
    <ele>2184.05</ele>
   </trkpt>
   <trkpt lat="46.34875" lon="11.532860000000001">
    <ele>2193.34</ele>
   </trkpt>
   <trkpt lat="46.348530000000004" lon="11.532800000000002">
    <ele>2197.82</ele>
   </trkpt>
   <trkpt lat="46.34835" lon="11.532670000000001">
    <ele>2199.0600000000004</ele>
   </trkpt>
   <trkpt lat="46.347620000000006" lon="11.53228">
    <ele>2212.3</ele>
   </trkpt>
   <trkpt lat="46.34761" lon="11.53223">
    <ele>2212.9500000000003</ele>
   </trkpt>
   <trkpt lat="46.347620000000006" lon="11.53217">
    <ele>2213.46</ele>
   </trkpt>
   <trkpt lat="46.34767" lon="11.53214">
    <ele>2213.86</ele>
   </trkpt>
   <trkpt lat="46.34807000000001" lon="11.532160000000001">
    <ele>2216.28</ele>
   </trkpt>
   <trkpt lat="46.34834" lon="11.532050000000002">
    <ele>2219.94</ele>
   </trkpt>
   <trkpt lat="46.348560000000006" lon="11.531920000000001">
    <ele>2222.57</ele>
   </trkpt>
   <trkpt lat="46.34893" lon="11.53157">
    <ele>2232.73</ele>
   </trkpt>
   <trkpt lat="46.348980000000005" lon="11.53148">
    <ele>2232.73</ele>
   </trkpt>
   <trkpt lat="46.34897" lon="11.531360000000001">
    <ele>2236.06</ele>
   </trkpt>
   <trkpt lat="46.348890000000004" lon="11.531210000000002">
    <ele>2238.15</ele>
   </trkpt>
   <trkpt lat="46.34837" lon="11.530640000000002">
    <ele>2249.76</ele>
   </trkpt>
   <trkpt lat="46.347970000000004" lon="11.53029">
    <ele>2261.61</ele>
   </trkpt>
   <trkpt lat="46.34788" lon="11.53015">
    <ele>2263.5</ele>
   </trkpt>
   <trkpt lat="46.347820000000006" lon="11.53002">
    <ele>2266.4900000000002</ele>
   </trkpt>
   <trkpt lat="46.34778000000001" lon="11.529860000000001">
    <ele>2267.5400000000004</ele>
   </trkpt>
   <trkpt lat="46.347750000000005" lon="11.529490000000001">
    <ele>2273.9500000000003</ele>
   </trkpt>
   <trkpt lat="46.347730000000006" lon="11.52861">
    <ele>2285.81</ele>
   </trkpt>
   <trkpt lat="46.347190000000005" lon="11.52785">
    <ele>2304.2200000000003</ele>
   </trkpt>
   <trkpt lat="46.34698" lon="11.52749">
    <ele>2310.2200000000003</ele>
   </trkpt>
   <trkpt lat="46.34678" lon="11.52729">
    <ele>2314.98</ele>
   </trkpt>
   <trkpt lat="46.346700000000006" lon="11.52724">
    <ele>2316.23</ele>
   </trkpt>
   <trkpt lat="46.34639000000001" lon="11.5272">
    <ele>2319.26</ele>
   </trkpt>
   <trkpt lat="46.346270000000004" lon="11.52707">
    <ele>2321.5000000000005</ele>
   </trkpt>
   <trkpt lat="46.34617" lon="11.526800000000001">
    <ele>2326.44</ele>
   </trkpt>
   <trkpt lat="46.346270000000004" lon="11.52645">
    <ele>2332.6000000000004</ele>
   </trkpt>
   <trkpt lat="46.34622" lon="11.52599">
    <ele>2339.2200000000003</ele>
   </trkpt>
   <trkpt lat="46.34615" lon="11.525670000000002">
    <ele>2344.7200000000003</ele>
   </trkpt>
   <trkpt lat="46.346000000000004" lon="11.524890000000001">
    <ele>2356.51</ele>
   </trkpt>
   <trkpt lat="46.345870000000005" lon="11.52372">
    <ele>2371.4500000000003</ele>
   </trkpt>
   <trkpt lat="46.34573000422966" lon="11.522734997483942">
    <ele>2383.2200000000003</ele>
   </trkpt>
   <trkpt lat="46.34559" lon="11.52175">
    <ele>2394.96</ele>
   </trkpt>
   <trkpt lat="46.3455" lon="11.52064">
    <ele>2402.39</ele>
   </trkpt>
   <trkpt lat="46.345530000000004" lon="11.51992">
    <ele>2407.27</ele>
   </trkpt>
   <trkpt lat="46.345530000000004" lon="11.519010000000002">
    <ele>2416.56</ele>
   </trkpt>
   <trkpt lat="46.345505002788386" lon="11.518209999599812">
    <ele>2423.29</ele>
   </trkpt>
   <trkpt lat="46.34548" lon="11.517410000000002">
    <ele>2434.6400000000003</ele>
   </trkpt>
   <trkpt lat="46.345600000000005" lon="11.516660000000002">
    <ele>2443.3</ele>
   </trkpt>
   <trkpt lat="46.34577" lon="11.515920000000001">
    <ele>2442.61</ele>
   </trkpt>
   <trkpt lat="46.34591" lon="11.51468">
    <ele>2441.6900000000005</ele>
   </trkpt>
   <trkpt lat="46.34591" lon="11.513760000000001">
    <ele>2447.55</ele>
   </trkpt>
   <trkpt lat="46.345940000000006" lon="11.512880000000001">
    <ele>2451.28</ele>
   </trkpt>
   <trkpt lat="46.34575" lon="11.512250000000002">
    <ele>2454.8</ele>
   </trkpt>
   <trkpt lat="46.345940000000006" lon="11.51201">
    <ele>2452.8800000000006</ele>
   </trkpt>
   <trkpt lat="46.34592000000001" lon="11.511550000000002">
    <ele>2442.31</ele>
   </trkpt>
   <trkpt lat="46.345580000000005" lon="11.511310000000002">
    <ele>2427.9100000000003</ele>
   </trkpt>
   <trkpt lat="46.34554000000001" lon="11.5112">
    <ele>2423.9900000000002</ele>
   </trkpt>
   <trkpt lat="46.345560000000006" lon="11.51111">
    <ele>2419.44</ele>
   </trkpt>
   <trkpt lat="46.34554000000001" lon="11.51102">
    <ele>2417.2900000000004</ele>
   </trkpt>
   <trkpt lat="46.345420000000004" lon="11.51091">
    <ele>2409.79</ele>
   </trkpt>
   <trkpt lat="46.34541" lon="11.510810000000001">
    <ele>2407.9</ele>
   </trkpt>
   <trkpt lat="46.34545000000001" lon="11.510720000000001">
    <ele>2405.92</ele>
   </trkpt>
   <trkpt lat="46.34494" lon="11.510140000000002">
    <ele>2387.5200000000004</ele>
   </trkpt>
   <trkpt lat="46.34492" lon="11.50999">
    <ele>2382.4100000000003</ele>
   </trkpt>
   <trkpt lat="46.34481" lon="11.509860000000002">
    <ele>2375.96</ele>
   </trkpt>
   <trkpt lat="46.3447" lon="11.50984">
    <ele>2372.98</ele>
   </trkpt>
   <trkpt lat="46.34436" lon="11.509400000000001">
    <ele>2364.34</ele>
   </trkpt>
   <trkpt lat="46.34436" lon="11.50928">
    <ele>2365.06</ele>
   </trkpt>
   <trkpt lat="46.34427" lon="11.509110000000002">
    <ele>2365.86</ele>
   </trkpt>
   <trkpt lat="46.34407" lon="11.508880000000001">
    <ele>2362.3</ele>
   </trkpt>
   <trkpt lat="46.343970000000006" lon="11.508700000000001">
    <ele>2357.82</ele>
   </trkpt>
   <trkpt lat="46.34393" lon="11.50857">
    <ele>2352.0600000000004</ele>
   </trkpt>
   <trkpt lat="46.34387" lon="11.50811">
    <ele>2334.29</ele>
   </trkpt>
   <trkpt lat="46.34389" lon="11.508040000000001">
    <ele>2331.65</ele>
   </trkpt>
   <trkpt lat="46.343970000000006" lon="11.50802">
    <ele>2326.86</ele>
   </trkpt>
   <trkpt lat="46.34402" lon="11.507900000000001">
    <ele>2320.05</ele>
   </trkpt>
   <trkpt lat="46.34396" lon="11.50778">
    <ele>2317.92</ele>
   </trkpt>
   <trkpt lat="46.343900000000005" lon="11.50772">
    <ele>2314.07</ele>
   </trkpt>
   <trkpt lat="46.34385" lon="11.50764">
    <ele>2314.07</ele>
   </trkpt>
   <trkpt lat="46.34385" lon="11.507330000000001">
    <ele>2304.1200000000003</ele>
   </trkpt>
   <trkpt lat="46.343790000000006" lon="11.506810000000002">
    <ele>2296.04</ele>
   </trkpt>
   <trkpt lat="46.34367" lon="11.50651">
    <ele>2290.27</ele>
   </trkpt>
   <trkpt lat="46.343680000000006" lon="11.506340000000002">
    <ele>2288.06</ele>
   </trkpt>
   <trkpt lat="46.3436" lon="11.50618">
    <ele>2284.2900000000004</ele>
   </trkpt>
   <trkpt lat="46.343630000000005" lon="11.50605">
    <ele>2282.32</ele>
   </trkpt>
   <trkpt lat="46.343560000000004" lon="11.505820000000002">
    <ele>2279.34</ele>
   </trkpt>
   <trkpt lat="46.34358" lon="11.50561">
    <ele>2276.86</ele>
   </trkpt>
   <trkpt lat="46.34349" lon="11.50538">
    <ele>2271.07</ele>
   </trkpt>
   <trkpt lat="46.34357000000001" lon="11.505310000000001">
    <ele>2267.53</ele>
   </trkpt>
   <trkpt lat="46.34331" lon="11.50491">
    <ele>2250.3100000000004</ele>
   </trkpt>
   <trkpt lat="46.34335" lon="11.504760000000001">
    <ele>2246.02</ele>
   </trkpt>
   <trkpt lat="46.343140000000005" lon="11.504570000000001">
    <ele>2242.28</ele>
   </trkpt>
   <trkpt lat="46.34306" lon="11.504370000000002">
    <ele>2237.51</ele>
   </trkpt>
   <trkpt lat="46.342890000000004" lon="11.50416">
    <ele>2235.0600000000004</ele>
   </trkpt>
   <trkpt lat="46.342760000000006" lon="11.50384">
    <ele>2230.76</ele>
   </trkpt>
   <trkpt lat="46.34259" lon="11.503730000000001">
    <ele>2222.75</ele>
   </trkpt>
   <trkpt lat="46.34254000000001" lon="11.503660000000002">
    <ele>2220.9500000000003</ele>
   </trkpt>
   <trkpt lat="46.34254000000001" lon="11.503520000000002">
    <ele>2216.93</ele>
   </trkpt>
   <trkpt lat="46.342490000000005" lon="11.503480000000001">
    <ele>2216.93</ele>
   </trkpt>
   <trkpt lat="46.34221" lon="11.503490000000001">
    <ele>2204.2000000000003</ele>
   </trkpt>
   <trkpt lat="46.342150000000004" lon="11.50345">
    <ele>2196.25</ele>
   </trkpt>
   <trkpt lat="46.342130000000004" lon="11.503380000000002">
    <ele>2196.25</ele>
   </trkpt>
   <trkpt lat="46.34207000000001" lon="11.50333">
    <ele>2196.25</ele>
   </trkpt>
   <trkpt lat="46.342000000000006" lon="11.503350000000001">
    <ele>2186.53</ele>
   </trkpt>
   <trkpt lat="46.34196" lon="11.50332">
    <ele>2186.53</ele>
   </trkpt>
   <trkpt lat="46.34194" lon="11.503250000000001">
    <ele>2186.53</ele>
   </trkpt>
   <trkpt lat="46.34188" lon="11.503200000000001">
    <ele>2178.65</ele>
   </trkpt>
   <trkpt lat="46.34185" lon="11.503110000000001">
    <ele>2178.65</ele>
   </trkpt>
   <trkpt lat="46.341750000000005" lon="11.503070000000001">
    <ele>2173.05</ele>
   </trkpt>
   <trkpt lat="46.341710000000006" lon="11.50298">
    <ele>2171.28</ele>
   </trkpt>
   <trkpt lat="46.341680000000004" lon="11.502960000000002">
    <ele>2171.28</ele>
   </trkpt>
   <trkpt lat="46.341570000000004" lon="11.50295">
    <ele>2166.43</ele>
   </trkpt>
   <trkpt lat="46.34149" lon="11.50285">
    <ele>2162.07</ele>
   </trkpt>
   <trkpt lat="46.341390000000004" lon="11.50284">
    <ele>2162.07</ele>
   </trkpt>
   <trkpt lat="46.34123" lon="11.502690000000001">
    <ele>2156.6400000000003</ele>
   </trkpt>
   <trkpt lat="46.34111" lon="11.502680000000002">
    <ele>2151.05</ele>
   </trkpt>
   <trkpt lat="46.341060000000006" lon="11.502580000000002">
    <ele>2148.45</ele>
   </trkpt>
   <trkpt lat="46.34085" lon="11.502440000000002">
    <ele>2141.92</ele>
   </trkpt>
   <trkpt lat="46.34071" lon="11.502270000000001">
    <ele>2138.0099999999998</ele>
   </trkpt>
   <trkpt lat="46.3406" lon="11.502210000000002">
    <ele>2135.85</ele>
   </trkpt>
   <trkpt lat="46.340590000000006" lon="11.502130000000001">
    <ele>2134.62</ele>
   </trkpt>
   <trkpt lat="46.34064" lon="11.502">
    <ele>2130.1</ele>
   </trkpt>
   <trkpt lat="46.34062" lon="11.50192">
    <ele>2130.1</ele>
   </trkpt>
   <trkpt lat="46.340520000000005" lon="11.50187">
    <ele>2125.0600000000004</ele>
   </trkpt>
   <trkpt lat="46.340230000000005" lon="11.501790000000002">
    <ele>2112.96</ele>
   </trkpt>
   <trkpt lat="46.34002" lon="11.50164">
    <ele>2099.5000000000005</ele>
   </trkpt>
   <trkpt lat="46.34" lon="11.501550000000002">
    <ele>2097.76</ele>
   </trkpt>
   <trkpt lat="46.339890000000004" lon="11.50153">
    <ele>2093.2200000000003</ele>
   </trkpt>
   <trkpt lat="46.33977" lon="11.501430000000001">
    <ele>2089.3900000000003</ele>
   </trkpt>
   <trkpt lat="46.33968" lon="11.501320000000002">
    <ele>2086.26</ele>
   </trkpt>
   <trkpt lat="46.33919" lon="11.50116">
    <ele>2066.67</ele>
   </trkpt>
   <trkpt lat="46.338890000000006" lon="11.50089">
    <ele>2059.4400000000005</ele>
   </trkpt>
   <trkpt lat="46.338950000000004" lon="11.50084">
    <ele>2059.4400000000005</ele>
   </trkpt>
   <trkpt lat="46.339420000000004" lon="11.50056">
    <ele>2050.9900000000002</ele>
   </trkpt>
   <trkpt lat="46.33959" lon="11.500440000000001">
    <ele>2047.9100000000003</ele>
   </trkpt>
   <trkpt lat="46.33991" lon="11.50041">
    <ele>2040.5100000000002</ele>
   </trkpt>
   <trkpt lat="46.34029" lon="11.50022">
    <ele>2035.31</ele>
   </trkpt>
   <trkpt lat="46.340430000000005" lon="11.500070000000001">
    <ele>2033.9300000000003</ele>
   </trkpt>
   <trkpt lat="46.3406" lon="11.49984">
    <ele>2029.7400000000002</ele>
   </trkpt>
   <trkpt lat="46.34078" lon="11.499720000000002">
    <ele>2026.3</ele>
   </trkpt>
   <trkpt lat="46.341330000000006" lon="11.49966">
    <ele>2015.8200000000002</ele>
   </trkpt>
   <trkpt lat="46.341460000000005" lon="11.499630000000002">
    <ele>2013.5400000000002</ele>
   </trkpt>
   <trkpt lat="46.34165" lon="11.499500000000001">
    <ele>2009.98</ele>
   </trkpt>
   <trkpt lat="46.34232" lon="11.498750000000001">
    <ele>1997.5900000000001</ele>
   </trkpt>
   <trkpt lat="46.342830000000006" lon="11.498420000000001">
    <ele>1986.0300000000002</ele>
   </trkpt>
   <trkpt lat="46.34310000000001" lon="11.498330000000001">
    <ele>1981.5300000000002</ele>
   </trkpt>
   <trkpt lat="46.343270000000004" lon="11.49825">
    <ele>1979.1000000000001</ele>
   </trkpt>
   <trkpt lat="46.34351" lon="11.4982">
    <ele>1975.2600000000002</ele>
   </trkpt>
   <trkpt lat="46.343630000000005" lon="11.4982">
    <ele>1973.6200000000001</ele>
   </trkpt>
   <trkpt lat="46.343720000000005" lon="11.498230000000001">
    <ele>1968.42</ele>
   </trkpt>
   <trkpt lat="46.343970000000006" lon="11.49839">
    <ele>1966.8</ele>
   </trkpt>
   <trkpt lat="46.344060000000006" lon="11.498610000000001">
    <ele>1963.0600000000002</ele>
   </trkpt>
   <trkpt lat="46.34414" lon="11.49867">
    <ele>1962.3500000000001</ele>
   </trkpt>
   <trkpt lat="46.34422000000001" lon="11.49862">
    <ele>1960.3600000000001</ele>
   </trkpt>
   <trkpt lat="46.34458" lon="11.4983">
    <ele>1954.5200000000002</ele>
   </trkpt>
   <trkpt lat="46.3449" lon="11.498080000000002">
    <ele>1945.0</ele>
   </trkpt>
   <trkpt lat="46.345150000000004" lon="11.497750000000002">
    <ele>1941.63</ele>
   </trkpt>
   <trkpt lat="46.345290000000006" lon="11.497610000000002">
    <ele>1939.17</ele>
   </trkpt>
   <trkpt lat="46.34543" lon="11.497200000000001">
    <ele>1935.31</ele>
   </trkpt>
   <trkpt lat="46.34561" lon="11.497050000000002">
    <ele>1932.2400000000002</ele>
   </trkpt>
   <trkpt lat="46.34583000000001" lon="11.49698">
    <ele>1926.9300000000003</ele>
   </trkpt>
   <trkpt lat="46.34622" lon="11.49707">
    <ele>1919.82</ele>
   </trkpt>
   <trkpt lat="46.34698" lon="11.49765">
    <ele>1901.89</ele>
   </trkpt>
   <trkpt lat="46.347210000000004" lon="11.49787">
    <ele>1895.46</ele>
   </trkpt>
   <trkpt lat="46.347280000000005" lon="11.497890000000002">
    <ele>1894.71</ele>
   </trkpt>
   <trkpt lat="46.34738" lon="11.49788">
    <ele>1893.3000000000002</ele>
   </trkpt>
   <trkpt lat="46.34749" lon="11.49783">
    <ele>1891.3000000000002</ele>
   </trkpt>
   <trkpt lat="46.347660000000005" lon="11.49773">
    <ele>1890.0500000000002</ele>
   </trkpt>
   <trkpt lat="46.34780000000001" lon="11.49759">
    <ele>1888.2900000000002</ele>
   </trkpt>
   <trkpt lat="46.347950000000004" lon="11.4975">
    <ele>1887.0600000000002</ele>
   </trkpt>
   <trkpt lat="46.348110000000005" lon="11.497520000000002">
    <ele>1885.1400000000003</ele>
   </trkpt>
   <trkpt lat="46.34826" lon="11.49768">
    <ele>1882.57</ele>
   </trkpt>
   <trkpt lat="46.34837" lon="11.497900000000001">
    <ele>1881.1000000000001</ele>
   </trkpt>
   <trkpt lat="46.34852" lon="11.49806">
    <ele>1879.5000000000002</ele>
   </trkpt>
   <trkpt lat="46.34861" lon="11.498090000000001">
    <ele>1878.8500000000001</ele>
   </trkpt>
   <trkpt lat="46.348890000000004" lon="11.498080000000002">
    <ele>1876.4900000000002</ele>
   </trkpt>
   <trkpt lat="46.34929" lon="11.4981">
    <ele>1873.43</ele>
   </trkpt>
   <trkpt lat="46.34939000000001" lon="11.49807">
    <ele>1872.4900000000002</ele>
   </trkpt>
   <trkpt lat="46.349680000000006" lon="11.49788">
    <ele>1870.75</ele>
   </trkpt>
   <trkpt lat="46.34978" lon="11.49778">
    <ele>1869.13</ele>
   </trkpt>
   <trkpt lat="46.349900000000005" lon="11.497530000000001">
    <ele>1867.5700000000002</ele>
   </trkpt>
   <trkpt lat="46.349940000000004" lon="11.49749">
    <ele>1867.5700000000002</ele>
   </trkpt>
   <trkpt lat="46.350030000000004" lon="11.49745">
    <ele>1865.7800000000002</ele>
   </trkpt>
   <trkpt lat="46.35031" lon="11.497470000000002">
    <ele>1863.63</ele>
   </trkpt>
   <trkpt lat="46.350570000000005" lon="11.497420000000002">
    <ele>1860.2800000000002</ele>
   </trkpt>
   <trkpt lat="46.35072" lon="11.49741">
    <ele>1858.24</ele>
   </trkpt>
   <trkpt lat="46.350860000000004" lon="11.497430000000001">
    <ele>1858.24</ele>
   </trkpt>
   <trkpt lat="46.351130000000005" lon="11.497530000000001">
    <ele>1854.9400000000003</ele>
   </trkpt>
   <trkpt lat="46.35127000000001" lon="11.49755">
    <ele>1853.02</ele>
   </trkpt>
   <trkpt lat="46.351580000000006" lon="11.497720000000001">
    <ele>1850.8300000000002</ele>
   </trkpt>
   <trkpt lat="46.35168" lon="11.49783">
    <ele>1849.39</ele>
   </trkpt>
   <trkpt lat="46.351710000000004" lon="11.498030000000002">
    <ele>1848.8600000000001</ele>
   </trkpt>
   <trkpt lat="46.35179" lon="11.498320000000001">
    <ele>1847.8400000000001</ele>
   </trkpt>
   <trkpt lat="46.35183000000001" lon="11.49839">
    <ele>1846.42</ele>
   </trkpt>
   <trkpt lat="46.3519" lon="11.4984">
    <ele>1846.42</ele>
   </trkpt>
   <trkpt lat="46.352070000000005" lon="11.49821">
    <ele>1845.5</ele>
   </trkpt>
   <trkpt lat="46.35221000000001" lon="11.497950000000001">
    <ele>1844.8200000000002</ele>
   </trkpt>
   <trkpt lat="46.35226" lon="11.497900000000001">
    <ele>1844.5300000000002</ele>
   </trkpt>
   <trkpt lat="46.35255" lon="11.497890000000002">
    <ele>1843.46</ele>
   </trkpt>
   <trkpt lat="46.35257000000001" lon="11.49788">
    <ele>1843.46</ele>
   </trkpt>
   <trkpt lat="46.35262" lon="11.497760000000001">
    <ele>1843.2800000000002</ele>
   </trkpt>
   <trkpt lat="46.352650000000004" lon="11.49746">
    <ele>1842.68</ele>
   </trkpt>
   <trkpt lat="46.3528" lon="11.49698">
    <ele>1840.92</ele>
   </trkpt>
   <trkpt lat="46.35309" lon="11.496550000000001">
    <ele>1837.88</ele>
   </trkpt>
   <trkpt lat="46.353100000000005" lon="11.496440000000002">
    <ele>1837.32</ele>
   </trkpt>
   <trkpt lat="46.35309" lon="11.49633">
    <ele>1836.8300000000002</ele>
   </trkpt>
   <trkpt lat="46.353030000000004" lon="11.496070000000001">
    <ele>1835.95</ele>
   </trkpt>
   <trkpt lat="46.353" lon="11.49585">
    <ele>1834.7400000000002</ele>
   </trkpt>
   <trkpt lat="46.35298" lon="11.49548">
    <ele>1833.6200000000001</ele>
   </trkpt>
   <trkpt lat="46.353010000000005" lon="11.495330000000001">
    <ele>1831.2</ele>
   </trkpt>
   <trkpt lat="46.353120000000004" lon="11.494990000000001">
    <ele>1829.2100000000003</ele>
   </trkpt>
   <trkpt lat="46.35356000176185" lon="11.494350005186742">
    <ele>1819.89</ele>
   </trkpt>
   <trkpt lat="46.354000000000006" lon="11.49371">
    <ele>1812.8100000000002</ele>
   </trkpt>
   <trkpt lat="46.35407000000001" lon="11.493670000000002">
    <ele>1812.14</ele>
   </trkpt>
   <trkpt lat="46.35427000000001" lon="11.493110000000001">
    <ele>1810.07</ele>
   </trkpt>
   <trkpt lat="46.35434" lon="11.493020000000001">
    <ele>1810.07</ele>
   </trkpt>
   <trkpt lat="46.35464" lon="11.49291">
    <ele>1809.97</ele>
   </trkpt>
   <trkpt lat="46.35466" lon="11.492730000000002">
    <ele>1809.8100000000002</ele>
   </trkpt>
   <trkpt lat="46.354600000000005" lon="11.492690000000001">
    <ele>1809.7500000000002</ele>
   </trkpt>
   <trkpt lat="46.35457" lon="11.49258">
    <ele>1809.2700000000002</ele>
   </trkpt>
   <trkpt lat="46.35459" lon="11.492420000000001">
    <ele>1808.5000000000002</ele>
   </trkpt>
   <trkpt lat="46.35475" lon="11.49192">
    <ele>1807.22</ele>
   </trkpt>
   <trkpt lat="46.354910000000004" lon="11.490900000000002">
    <ele>1804.72</ele>
   </trkpt>
   <trkpt lat="46.354960000000005" lon="11.490820000000001">
    <ele>1802.76</ele>
   </trkpt>
   <trkpt lat="46.35526" lon="11.490540000000001">
    <ele>1798.5600000000002</ele>
   </trkpt>
   <trkpt lat="46.355380000000004" lon="11.490490000000001">
    <ele>1797.6000000000001</ele>
   </trkpt>
   <trkpt lat="46.35558" lon="11.490490000000001">
    <ele>1796.22</ele>
   </trkpt>
   <trkpt lat="46.355760000000004" lon="11.490440000000001">
    <ele>1795.64</ele>
   </trkpt>
   <trkpt lat="46.35591" lon="11.490350000000001">
    <ele>1793.26</ele>
   </trkpt>
   <trkpt lat="46.356" lon="11.490240000000002">
    <ele>1793.26</ele>
   </trkpt>
   <trkpt lat="46.35614" lon="11.48991">
    <ele>1791.8100000000002</ele>
   </trkpt>
   <trkpt lat="46.356480000000005" lon="11.48953">
    <ele>1789.6000000000001</ele>
   </trkpt>
   <trkpt lat="46.35672" lon="11.48906">
    <ele>1788.49</ele>
   </trkpt>
   <trkpt lat="46.35685" lon="11.488880000000002">
    <ele>1787.8100000000002</ele>
   </trkpt>
   <trkpt lat="46.356970000000004" lon="11.488750000000001">
    <ele>1787.1000000000001</ele>
   </trkpt>
   <trkpt lat="46.357200000000006" lon="11.48826">
    <ele>1784.72</ele>
   </trkpt>
   <trkpt lat="46.357330000000005" lon="11.48788">
    <ele>1783.03</ele>
   </trkpt>
   <trkpt lat="46.3574450019487" lon="11.48721000145549">
    <ele>1780.28</ele>
   </trkpt>
   <trkpt lat="46.35756000000001" lon="11.486540000000002">
    <ele>1778.14</ele>
   </trkpt>
   <trkpt lat="46.35768" lon="11.485560000000001">
    <ele>1776.5700000000002</ele>
   </trkpt>
   <trkpt lat="46.357670000000006" lon="11.485280000000001">
    <ele>1776.2600000000002</ele>
   </trkpt>
   <trkpt lat="46.35763" lon="11.485100000000001">
    <ele>1775.7600000000002</ele>
   </trkpt>
   <trkpt lat="46.35765000000001" lon="11.484820000000001">
    <ele>1775.5</ele>
   </trkpt>
   <trkpt lat="46.357760000000006" lon="11.48446">
    <ele>1774.85</ele>
   </trkpt>
   <trkpt lat="46.35786" lon="11.48432">
    <ele>1774.19</ele>
   </trkpt>
   <trkpt lat="46.358090000000004" lon="11.48361">
    <ele>1772.21</ele>
   </trkpt>
   <trkpt lat="46.358200000000004" lon="11.483210000000001">
    <ele>1771.2</ele>
   </trkpt>
   <trkpt lat="46.358320000000006" lon="11.48268">
    <ele>1770.13</ele>
   </trkpt>
   <trkpt lat="46.35837" lon="11.48225">
    <ele>1769.0100000000002</ele>
   </trkpt>
   <trkpt lat="46.358450000000005" lon="11.48197">
    <ele>1768.0000000000002</ele>
   </trkpt>
   <trkpt lat="46.358720000000005" lon="11.48146">
    <ele>1763.74</ele>
   </trkpt>
   <trkpt lat="46.358810000000005" lon="11.48136">
    <ele>1762.14</ele>
   </trkpt>
   <trkpt lat="46.35887" lon="11.48118">
    <ele>1760.67</ele>
   </trkpt>
   <trkpt lat="46.358670000000004" lon="11.481160000000001">
    <ele>1757.9</ele>
   </trkpt>
   <trkpt lat="46.35839000000001" lon="11.481330000000002">
    <ele>1754.5800000000002</ele>
   </trkpt>
   <trkpt lat="46.35806" lon="11.4814">
    <ele>1749.84</ele>
   </trkpt>
   <trkpt lat="46.35784" lon="11.481610000000002">
    <ele>1747.5300000000002</ele>
   </trkpt>
   <trkpt lat="46.357730000000004" lon="11.481630000000001">
    <ele>1747.5900000000001</ele>
   </trkpt>
   <trkpt lat="46.35761" lon="11.48137">
    <ele>1747.0700000000002</ele>
   </trkpt>
   <trkpt lat="46.3575" lon="11.48061">
    <ele>1745.5</ele>
   </trkpt>
   <trkpt lat="46.35725" lon="11.480070000000001">
    <ele>1743.7000000000003</ele>
   </trkpt>
   <trkpt lat="46.357000000000006" lon="11.479930000000001">
    <ele>1743.21</ele>
   </trkpt>
   <trkpt lat="46.356500000000004" lon="11.47986">
    <ele>1743.54</ele>
   </trkpt>
   <trkpt lat="46.356260000000006" lon="11.479700000000001">
    <ele>1743.91</ele>
   </trkpt>
   <trkpt lat="46.356080000000006" lon="11.479560000000001">
    <ele>1744.6100000000001</ele>
   </trkpt>
   <trkpt lat="46.356010000000005" lon="11.479460000000001">
    <ele>1744.82</ele>
   </trkpt>
   <trkpt lat="46.35604000000001" lon="11.479230000000001">
    <ele>1745.44</ele>
   </trkpt>
   <trkpt lat="46.35618" lon="11.479130000000001">
    <ele>1746.46</ele>
   </trkpt>
   <trkpt lat="46.35634" lon="11.47906">
    <ele>1747.1000000000001</ele>
   </trkpt>
   <trkpt lat="46.356390000000005" lon="11.478890000000002">
    <ele>1747.4600000000003</ele>
   </trkpt>
   <trkpt lat="46.35647" lon="11.47827">
    <ele>1747.42</ele>
   </trkpt>
   <trkpt lat="46.35643" lon="11.478110000000001">
    <ele>1747.89</ele>
   </trkpt>
   <trkpt lat="46.3564" lon="11.477870000000001">
    <ele>1748.1100000000001</ele>
   </trkpt>
   <trkpt lat="46.356480000000005" lon="11.47771">
    <ele>1748.13</ele>
   </trkpt>
   <trkpt lat="46.356660000000005" lon="11.47752">
    <ele>1748.8000000000002</ele>
   </trkpt>
   <trkpt lat="46.35680000000001" lon="11.477290000000002">
    <ele>1750.21</ele>
   </trkpt>
   <trkpt lat="46.356930000000006" lon="11.476890000000001">
    <ele>1753.5</ele>
   </trkpt>
   <trkpt lat="46.356880000000004" lon="11.47624">
    <ele>1757.18</ele>
   </trkpt>
   <trkpt lat="46.356790000000004" lon="11.47592">
    <ele>1759.4900000000002</ele>
   </trkpt>
   <trkpt lat="46.35680000000001" lon="11.47569">
    <ele>1761.19</ele>
   </trkpt>
   <trkpt lat="46.356930000000006" lon="11.475610000000001">
    <ele>1764.0900000000001</ele>
   </trkpt>
   <trkpt lat="46.3571" lon="11.475940000000001">
    <ele>1766.19</ele>
   </trkpt>
   <trkpt lat="46.35723" lon="11.47629">
    <ele>1766.67</ele>
   </trkpt>
   <trkpt lat="46.357310000000005" lon="11.476400000000002">
    <ele>1766.42</ele>
   </trkpt>
   <trkpt lat="46.35768" lon="11.476320000000001">
    <ele>1765.1200000000001</ele>
   </trkpt>
   <trkpt lat="46.35786" lon="11.476370000000001">
    <ele>1764.0800000000002</ele>
   </trkpt>
   <trkpt lat="46.358070000000005" lon="11.476510000000001">
    <ele>1763.5900000000001</ele>
   </trkpt>
   <trkpt lat="46.35858" lon="11.476640000000002">
    <ele>1761.14</ele>
   </trkpt>
   <trkpt lat="46.35916" lon="11.476830000000001">
    <ele>1759.94</ele>
   </trkpt>
   <trkpt lat="46.35953000000001" lon="11.476730000000002">
    <ele>1761.1200000000001</ele>
   </trkpt>
   <trkpt lat="46.36000500039639" lon="11.47642500265734">
    <ele>1762.66</ele>
   </trkpt>
   <trkpt lat="46.36048" lon="11.476120000000002">
    <ele>1763.72</ele>
   </trkpt>
   <trkpt lat="46.36057" lon="11.475980000000002">
    <ele>1763.97</ele>
   </trkpt>
   <trkpt lat="46.360690000000005" lon="11.47558">
    <ele>1765.0500000000002</ele>
   </trkpt>
   <trkpt lat="46.360760000000006" lon="11.47531">
    <ele>1766.1000000000001</ele>
   </trkpt>
   <trkpt lat="46.360760000000006" lon="11.47513">
    <ele>1766.45</ele>
   </trkpt>
   <trkpt lat="46.36053500319095" lon="11.474279996658279">
    <ele>1767.98</ele>
   </trkpt>
   <trkpt lat="46.360310000000005" lon="11.47343">
    <ele>1770.21</ele>
   </trkpt>
   <trkpt lat="46.36008" lon="11.472930000000002">
    <ele>1771.0</ele>
   </trkpt>
   <trkpt lat="46.359700000000004" lon="11.472240000000001">
    <ele>1773.45</ele>
   </trkpt>
   <trkpt lat="46.35934" lon="11.47179">
    <ele>1773.91</ele>
   </trkpt>
   <trkpt lat="46.35929" lon="11.471630000000001">
    <ele>1773.7600000000002</ele>
   </trkpt>
   <trkpt lat="46.35934" lon="11.471490000000001">
    <ele>1773.8700000000001</ele>
   </trkpt>
   <trkpt lat="46.35965" lon="11.471260000000001">
    <ele>1776.46</ele>
   </trkpt>
   <trkpt lat="46.35980000000001" lon="11.47113">
    <ele>1778.19</ele>
   </trkpt>
   <trkpt lat="46.360380000000006" lon="11.47109">
    <ele>1781.7200000000003</ele>
   </trkpt>
   <trkpt lat="46.36059" lon="11.471010000000001">
    <ele>1783.5700000000002</ele>
   </trkpt>
   <trkpt lat="46.36117" lon="11.47048">
    <ele>1787.38</ele>
   </trkpt>
   <trkpt lat="46.3614" lon="11.47023">
    <ele>1789.77</ele>
   </trkpt>
   <trkpt lat="46.36157" lon="11.4699">
    <ele>1794.01</ele>
   </trkpt>
   <trkpt lat="46.36175" lon="11.4694">
    <ele>1795.89</ele>
   </trkpt>
   <trkpt lat="46.36196" lon="11.469040000000001">
    <ele>1798.92</ele>
   </trkpt>
   <trkpt lat="46.3622" lon="11.46887">
    <ele>1800.73</ele>
   </trkpt>
   <trkpt lat="46.362660000000005" lon="11.46874">
    <ele>1803.43</ele>
   </trkpt>
   <trkpt lat="46.363310000000006" lon="11.468490000000001">
    <ele>1808.45</ele>
   </trkpt>
   <trkpt lat="46.363640000000004" lon="11.46831">
    <ele>1809.5800000000002</ele>
   </trkpt>
   <trkpt lat="46.36394000000001" lon="11.46798">
    <ele>1812.6100000000001</ele>
   </trkpt>
   <trkpt lat="46.36413" lon="11.46771">
    <ele>1814.0</ele>
   </trkpt>
   <trkpt lat="46.364580000000004" lon="11.467410000000001">
    <ele>1814.18</ele>
   </trkpt>
   <trkpt lat="46.364670000000004" lon="11.46729">
    <ele>1813.88</ele>
   </trkpt>
   <trkpt lat="46.36471" lon="11.467160000000002">
    <ele>1813.7500000000002</ele>
   </trkpt>
   <trkpt lat="46.36471" lon="11.46714">
    <ele>1813.7500000000002</ele>
   </trkpt>
   <trkpt lat="46.36468000000001" lon="11.467020000000002">
    <ele>1813.5500000000002</ele>
   </trkpt>
   <trkpt lat="46.364580000000004" lon="11.466980000000001">
    <ele>1813.65</ele>
   </trkpt>
   <trkpt lat="46.364200000000004" lon="11.467">
    <ele>1814.37</ele>
   </trkpt>
   <trkpt lat="46.36397" lon="11.46705">
    <ele>1815.2100000000003</ele>
   </trkpt>
   <trkpt lat="46.36356000000001" lon="11.46723">
    <ele>1817.14</ele>
   </trkpt>
   <trkpt lat="46.36307500007278" lon="11.467255000218326">
    <ele>1818.78</ele>
   </trkpt>
   <trkpt lat="46.362590000000004" lon="11.46728">
    <ele>1822.0</ele>
   </trkpt>
   <trkpt lat="46.36193" lon="11.46734">
    <ele>1825.6100000000001</ele>
   </trkpt>
   <trkpt lat="46.361270000000005" lon="11.467500000000001">
    <ele>1830.07</ele>
   </trkpt>
   <trkpt lat="46.360850000000006" lon="11.46748">
    <ele>1833.2700000000002</ele>
   </trkpt>
   <trkpt lat="46.36031499987394" lon="11.467570000908404">
    <ele>1834.9400000000003</ele>
   </trkpt>
   <trkpt lat="46.35978" lon="11.46766">
    <ele>1837.83</ele>
   </trkpt>
   <trkpt lat="46.35947" lon="11.467630000000002">
    <ele>1838.7600000000002</ele>
   </trkpt>
   <trkpt lat="46.35918" lon="11.467500000000001">
    <ele>1839.44</ele>
   </trkpt>
   <trkpt lat="46.359030000000004" lon="11.467360000000001">
    <ele>1840.8500000000001</ele>
   </trkpt>
   <trkpt lat="46.358740000000004" lon="11.46691">
    <ele>1841.77</ele>
   </trkpt>
   <trkpt lat="46.35848000000001" lon="11.466650000000001">
    <ele>1842.2500000000002</ele>
   </trkpt>
   <trkpt lat="46.35826" lon="11.46658">
    <ele>1843.49</ele>
   </trkpt>
   <trkpt lat="46.357940000000006" lon="11.466660000000001">
    <ele>1845.0900000000001</ele>
   </trkpt>
   <trkpt lat="46.357760000000006" lon="11.466750000000001">
    <ele>1845.35</ele>
   </trkpt>
   <trkpt lat="46.35759" lon="11.466990000000001">
    <ele>1845.3300000000002</ele>
   </trkpt>
   <trkpt lat="46.35739" lon="11.467410000000001">
    <ele>1845.4500000000003</ele>
   </trkpt>
   <trkpt lat="46.357290000000006" lon="11.46752">
    <ele>1845.4500000000003</ele>
   </trkpt>
   <trkpt lat="46.35718000000001" lon="11.467590000000001">
    <ele>1845.5400000000002</ele>
   </trkpt>
   <trkpt lat="46.356680000000004" lon="11.46781">
    <ele>1847.1100000000001</ele>
   </trkpt>
   <trkpt lat="46.356235000070676" lon="11.467990001494348">
    <ele>1847.71</ele>
   </trkpt>
   <trkpt lat="46.355790000000006" lon="11.46817">
    <ele>1848.5500000000002</ele>
   </trkpt>
   <trkpt lat="46.355540000000005" lon="11.468300000000001">
    <ele>1849.0900000000001</ele>
   </trkpt>
   <trkpt lat="46.355430000000005" lon="11.4684">
    <ele>1849.68</ele>
   </trkpt>
   <trkpt lat="46.35533" lon="11.46855">
    <ele>1850.93</ele>
   </trkpt>
   <trkpt lat="46.354960000000005" lon="11.46935">
    <ele>1855.3700000000001</ele>
   </trkpt>
   <trkpt lat="46.3549" lon="11.46944">
    <ele>1855.6000000000001</ele>
   </trkpt>
   <trkpt lat="46.35484" lon="11.469500000000002">
    <ele>1855.67</ele>
   </trkpt>
   <trkpt lat="46.354710000000004" lon="11.46958">
    <ele>1855.6200000000001</ele>
   </trkpt>
   <trkpt lat="46.354530000000004" lon="11.46962">
    <ele>1855.47</ele>
   </trkpt>
   <trkpt lat="46.35443" lon="11.46967">
    <ele>1855.45</ele>
   </trkpt>
   <trkpt lat="46.35434" lon="11.46982">
    <ele>1855.5700000000002</ele>
   </trkpt>
   <trkpt lat="46.35418000000001" lon="11.47029">
    <ele>1856.2</ele>
   </trkpt>
   <trkpt lat="46.353970000000004" lon="11.470630000000002">
    <ele>1855.79</ele>
   </trkpt>
   <trkpt lat="46.35376" lon="11.47089">
    <ele>1855.1000000000001</ele>
   </trkpt>
   <trkpt lat="46.353590000000004" lon="11.471160000000001">
    <ele>1854.54</ele>
   </trkpt>
   <trkpt lat="46.35351000000001" lon="11.471190000000002">
    <ele>1854.6100000000001</ele>
   </trkpt>
   <trkpt lat="46.35342000000001" lon="11.47117">
    <ele>1854.9</ele>
   </trkpt>
   <trkpt lat="46.353370000000005" lon="11.47108">
    <ele>1855.14</ele>
   </trkpt>
   <trkpt lat="46.353350000000006" lon="11.470960000000002">
    <ele>1855.7100000000003</ele>
   </trkpt>
   <trkpt lat="46.353410000000004" lon="11.47071">
    <ele>1857.32</ele>
   </trkpt>
   <trkpt lat="46.35351000000001" lon="11.469990000000001">
    <ele>1859.8200000000002</ele>
   </trkpt>
   <trkpt lat="46.35365" lon="11.46939">
    <ele>1861.01</ele>
   </trkpt>
   <trkpt lat="46.353680000000004" lon="11.46906">
    <ele>1861.3000000000002</ele>
   </trkpt>
   <trkpt lat="46.353640000000006" lon="11.46841">
    <ele>1863.22</ele>
   </trkpt>
   <trkpt lat="46.353480000000005" lon="11.467780000000001">
    <ele>1868.21</ele>
   </trkpt>
   <trkpt lat="46.353480000000005" lon="11.467630000000002">
    <ele>1868.21</ele>
   </trkpt>
   <trkpt lat="46.35374" lon="11.46681">
    <ele>1872.54</ele>
   </trkpt>
   <trkpt lat="46.35378" lon="11.46657">
    <ele>1872.54</ele>
   </trkpt>
   <trkpt lat="46.353750000000005" lon="11.466280000000001">
    <ele>1873.63</ele>
   </trkpt>
   <trkpt lat="46.353590000000004" lon="11.46545">
    <ele>1876.06</ele>
   </trkpt>
   <trkpt lat="46.353550000000006" lon="11.464970000000001">
    <ele>1877.4</ele>
   </trkpt>
   <trkpt lat="46.35349" lon="11.46474">
    <ele>1877.7700000000002</ele>
   </trkpt>
   <trkpt lat="46.35323" lon="11.46415">
    <ele>1879.02</ele>
   </trkpt>
   <trkpt lat="46.35313000000001" lon="11.46405">
    <ele>1879.97</ele>
   </trkpt>
   <trkpt lat="46.352920000000005" lon="11.463920000000002">
    <ele>1880.51</ele>
   </trkpt>
   <trkpt lat="46.352900000000005" lon="11.46377">
    <ele>1880.7600000000002</ele>
   </trkpt>
   <trkpt lat="46.35278" lon="11.463640000000002">
    <ele>1881.13</ele>
   </trkpt>
   <trkpt lat="46.352590000000006" lon="11.463510000000001">
    <ele>1882.77</ele>
   </trkpt>
   <trkpt lat="46.35231" lon="11.463230000000001">
    <ele>1884.3100000000002</ele>
   </trkpt>
   <trkpt lat="46.35211" lon="11.462940000000001">
    <ele>1886.1200000000001</ele>
   </trkpt>
   <trkpt lat="46.35206" lon="11.462800000000001">
    <ele>1886.8400000000001</ele>
   </trkpt>
   <trkpt lat="46.35184" lon="11.462380000000001">
    <ele>1890.3500000000001</ele>
   </trkpt>
   <trkpt lat="46.35173" lon="11.462230000000002">
    <ele>1892.8600000000001</ele>
   </trkpt>
   <trkpt lat="46.35165000000001" lon="11.46202">
    <ele>1893.8300000000002</ele>
   </trkpt>
   <trkpt lat="46.35145000000001" lon="11.46127">
    <ele>1898.5500000000002</ele>
   </trkpt>
   <trkpt lat="46.351400000000005" lon="11.46118">
    <ele>1899.7400000000002</ele>
   </trkpt>
   <trkpt lat="46.35118000000001" lon="11.461070000000001">
    <ele>1906.1200000000001</ele>
   </trkpt>
   <trkpt lat="46.351040000000005" lon="11.46114">
    <ele>1908.8400000000001</ele>
   </trkpt>
   <trkpt lat="46.350860000000004" lon="11.461150000000002">
    <ele>1912.63</ele>
   </trkpt>
   <trkpt lat="46.350680000000004" lon="11.46119">
    <ele>1915.0900000000001</ele>
   </trkpt>
   <trkpt lat="46.350570000000005" lon="11.461160000000001">
    <ele>1916.5200000000002</ele>
   </trkpt>
   <trkpt lat="46.35049" lon="11.46104">
    <ele>1918.3900000000003</ele>
   </trkpt>
   <trkpt lat="46.350410000000004" lon="11.4608">
    <ele>1918.3900000000003</ele>
   </trkpt>
   <trkpt lat="46.35032" lon="11.460320000000001">
    <ele>1924.6600000000003</ele>
   </trkpt>
   <trkpt lat="46.35033000000001" lon="11.46006">
    <ele>1926.0700000000002</ele>
   </trkpt>
   <trkpt lat="46.350280000000005" lon="11.45982">
    <ele>1927.7100000000003</ele>
   </trkpt>
   <trkpt lat="46.35022000000001" lon="11.45969">
    <ele>1929.41</ele>
   </trkpt>
   <trkpt lat="46.350080000000005" lon="11.459560000000002">
    <ele>1934.0600000000002</ele>
   </trkpt>
   <trkpt lat="46.349990000000005" lon="11.45941">
    <ele>1935.72</ele>
   </trkpt>
   <trkpt lat="46.349940000000004" lon="11.45927">
    <ele>1938.6200000000001</ele>
   </trkpt>
   <trkpt lat="46.34989" lon="11.45897">
    <ele>1941.8000000000002</ele>
   </trkpt>
   <trkpt lat="46.3498" lon="11.458730000000001">
    <ele>1944.6000000000001</ele>
   </trkpt>
   <trkpt lat="46.34969" lon="11.458290000000002">
    <ele>1949.1200000000001</ele>
   </trkpt>
   <trkpt lat="46.34949" lon="11.45795">
    <ele>1955.13</ele>
   </trkpt>
   <trkpt lat="46.34944" lon="11.4577">
    <ele>1957.99</ele>
   </trkpt>
   <trkpt lat="46.349270000000004" lon="11.457320000000001">
    <ele>1961.39</ele>
   </trkpt>
   <trkpt lat="46.34901000000001" lon="11.457">
    <ele>1964.47</ele>
   </trkpt>
   <trkpt lat="46.34859" lon="11.45659">
    <ele>1970.91</ele>
   </trkpt>
   <trkpt lat="46.34798000000001" lon="11.45631">
    <ele>1975.39</ele>
   </trkpt>
   <trkpt lat="46.34788" lon="11.45622">
    <ele>1976.08</ele>
   </trkpt>
   <trkpt lat="46.347840000000005" lon="11.45607">
    <ele>1977.42</ele>
   </trkpt>
   <trkpt lat="46.347840000000005" lon="11.455850000000002">
    <ele>1979.5300000000002</ele>
   </trkpt>
   <trkpt lat="46.34776" lon="11.45542">
    <ele>1982.93</ele>
   </trkpt>
   <trkpt lat="46.347640000000006" lon="11.455110000000001">
    <ele>1985.51</ele>
   </trkpt>
   <trkpt lat="46.34754" lon="11.454550000000001">
    <ele>1987.89</ele>
   </trkpt>
   <trkpt lat="46.34749" lon="11.454500000000001">
    <ele>1987.89</ele>
   </trkpt>
   <trkpt lat="46.34743" lon="11.453640000000002">
    <ele>1989.41</ele>
   </trkpt>
   <trkpt lat="46.347370000000005" lon="11.45363">
    <ele>1989.8600000000001</ele>
   </trkpt>
   <trkpt lat="46.347010000000004" lon="11.453330000000001">
    <ele>1994.08</ele>
   </trkpt>
   <trkpt lat="46.34675000000001" lon="11.453220000000002">
    <ele>1995.71</ele>
   </trkpt>
   <trkpt lat="46.3468" lon="11.45302">
    <ele>1991.0700000000002</ele>
   </trkpt>
   <trkpt lat="46.34678" lon="11.452240000000002">
    <ele>1991.23</ele>
   </trkpt>
   <trkpt lat="46.34695000000001" lon="11.45198">
    <ele>1989.9700000000003</ele>
   </trkpt>
   <trkpt lat="46.34731000000001" lon="11.451530000000002">
    <ele>1992.23</ele>
   </trkpt>
   <trkpt lat="46.34738" lon="11.451550000000001">
    <ele>1989.2200000000003</ele>
   </trkpt>
   <trkpt lat="46.347590000000004" lon="11.45176">
    <ele>1989.54</ele>
   </trkpt>
   <trkpt lat="46.34772" lon="11.451730000000001">
    <ele>1989.71</ele>
   </trkpt>
   <trkpt lat="46.34812" lon="11.451740000000001">
    <ele>1990.5600000000002</ele>
   </trkpt>
   <trkpt lat="46.34823" lon="11.451780000000001">
    <ele>1990.8700000000001</ele>
   </trkpt>
   <trkpt lat="46.348560000000006" lon="11.45195">
    <ele>1992.8400000000001</ele>
   </trkpt>
   <trkpt lat="46.34915" lon="11.45222">
    <ele>1994.9900000000002</ele>
   </trkpt>
   <trkpt lat="46.34929" lon="11.452250000000001">
    <ele>1995.39</ele>
   </trkpt>
   <trkpt lat="46.34948000000001" lon="11.45218">
    <ele>1995.38</ele>
   </trkpt>
   <trkpt lat="46.34966000000001" lon="11.4524">
    <ele>1995.57</ele>
   </trkpt>
   <trkpt lat="46.34991" lon="11.45255">
    <ele>1995.7300000000002</ele>
   </trkpt>
   <trkpt lat="46.350530000000006" lon="11.45274">
    <ele>1996.76</ele>
   </trkpt>
   <trkpt lat="46.350930000000005" lon="11.45298">
    <ele>1998.3600000000001</ele>
   </trkpt>
   <trkpt lat="46.351240000000004" lon="11.453100000000001">
    <ele>1999.71</ele>
   </trkpt>
   <trkpt lat="46.35165000000001" lon="11.453470000000001">
    <ele>2001.65</ele>
   </trkpt>
   <trkpt lat="46.35206" lon="11.453700000000001">
    <ele>2003.7199999999998</ele>
   </trkpt>
   <trkpt lat="46.352230000000006" lon="11.45387">
    <ele>2005.24</ele>
   </trkpt>
   <trkpt lat="46.35273" lon="11.45465">
    <ele>2006.8700000000001</ele>
   </trkpt>
   <trkpt lat="46.352970000000006" lon="11.454910000000002">
    <ele>2007.0</ele>
   </trkpt>
   <trkpt lat="46.35318" lon="11.45499">
    <ele>2007.1600000000003</ele>
   </trkpt>
   <trkpt lat="46.35363500027421" lon="11.455099999137722">
    <ele>2006.6900000000003</ele>
   </trkpt>
   <trkpt lat="46.35409000000001" lon="11.455210000000001">
    <ele>2004.68</ele>
   </trkpt>
   <trkpt lat="46.354330000000004" lon="11.455240000000002">
    <ele>2001.6299999999999</ele>
   </trkpt>
   <trkpt lat="46.35513" lon="11.455110000000001">
    <ele>1993.2800000000002</ele>
   </trkpt>
   <trkpt lat="46.35533" lon="11.45498">
    <ele>1991.2900000000002</ele>
   </trkpt>
   <trkpt lat="46.355500000000006" lon="11.454790000000001">
    <ele>1989.1000000000001</ele>
   </trkpt>
   <trkpt lat="46.355700000000006" lon="11.454360000000001">
    <ele>1984.7200000000003</ele>
   </trkpt>
   <trkpt lat="46.35575" lon="11.45406">
    <ele>1982.02</ele>
   </trkpt>
   <trkpt lat="46.35577000000001" lon="11.45368">
    <ele>1978.02</ele>
   </trkpt>
   <trkpt lat="46.355740000000004" lon="11.453190000000001">
    <ele>1974.73</ele>
   </trkpt>
   <trkpt lat="46.3558" lon="11.452280000000002">
    <ele>1971.6200000000001</ele>
   </trkpt>
   <trkpt lat="46.355720000000005" lon="11.4518">
    <ele>1971.4600000000003</ele>
   </trkpt>
   <trkpt lat="46.35571" lon="11.451590000000001">
    <ele>1971.2</ele>
   </trkpt>
   <trkpt lat="46.35575" lon="11.45148">
    <ele>1971.0800000000002</ele>
   </trkpt>
   <trkpt lat="46.35591" lon="11.45148">
    <ele>1970.3700000000001</ele>
   </trkpt>
   <trkpt lat="46.35614" lon="11.451580000000002">
    <ele>1969.27</ele>
   </trkpt>
   <trkpt lat="46.35634" lon="11.451630000000002">
    <ele>1968.08</ele>
   </trkpt>
   <trkpt lat="46.3564" lon="11.45162">
    <ele>1967.7900000000002</ele>
   </trkpt>
   <trkpt lat="46.35662000000001" lon="11.451350000000001">
    <ele>1966.5400000000002</ele>
   </trkpt>
   <trkpt lat="46.35717" lon="11.451170000000001">
    <ele>1967.9700000000003</ele>
   </trkpt>
   <trkpt lat="46.35745000000001" lon="11.451130000000001">
    <ele>1967.81</ele>
   </trkpt>
   <trkpt lat="46.3579" lon="11.4511">
    <ele>1967.4000000000003</ele>
   </trkpt>
   <trkpt lat="46.358090000000004" lon="11.451060000000002">
    <ele>1968.1100000000001</ele>
   </trkpt>
   <trkpt lat="46.358320000000006" lon="11.45087">
    <ele>1968.71</ele>
   </trkpt>
   <trkpt lat="46.358720000000005" lon="11.45048">
    <ele>1967.0500000000002</ele>
   </trkpt>
   <trkpt lat="46.35891" lon="11.450180000000001">
    <ele>1963.8200000000002</ele>
   </trkpt>
   <trkpt lat="46.359100000000005" lon="11.44979">
    <ele>1959.18</ele>
   </trkpt>
   <trkpt lat="46.35952" lon="11.449520000000001">
    <ele>1956.0400000000002</ele>
   </trkpt>
   <trkpt lat="46.35978" lon="11.44913">
    <ele>1952.5700000000002</ele>
   </trkpt>
   <trkpt lat="46.35992" lon="11.44898">
    <ele>1949.71</ele>
   </trkpt>
   <trkpt lat="46.36014" lon="11.448920000000001">
    <ele>1947.0200000000002</ele>
   </trkpt>
   <trkpt lat="46.36057" lon="11.448970000000001">
    <ele>1942.5100000000002</ele>
   </trkpt>
   <trkpt lat="46.36074000000001" lon="11.4488">
    <ele>1940.7900000000002</ele>
   </trkpt>
   <trkpt lat="46.3609" lon="11.448480000000002">
    <ele>1940.0300000000002</ele>
   </trkpt>
   <trkpt lat="46.36102" lon="11.44829">
    <ele>1938.26</ele>
   </trkpt>
   <trkpt lat="46.361880000000006" lon="11.448070000000001">
    <ele>1935.01</ele>
   </trkpt>
   <trkpt lat="46.36205" lon="11.4481">
    <ele>1931.43</ele>
   </trkpt>
   <trkpt lat="46.36236" lon="11.448250000000002">
    <ele>1927.2900000000002</ele>
   </trkpt>
   <trkpt lat="46.362820000000006" lon="11.44843">
    <ele>1924.8100000000002</ele>
   </trkpt>
   <trkpt lat="46.36305" lon="11.448360000000001">
    <ele>1923.19</ele>
   </trkpt>
   <trkpt lat="46.36337" lon="11.448120000000001">
    <ele>1918.5200000000002</ele>
   </trkpt>
   <trkpt lat="46.36361" lon="11.447870000000002">
    <ele>1916.1200000000001</ele>
   </trkpt>
   <trkpt lat="46.36381" lon="11.447590000000002">
    <ele>1912.38</ele>
   </trkpt>
   <trkpt lat="46.363820000000004" lon="11.44758">
    <ele>1912.38</ele>
   </trkpt>
   <trkpt lat="46.36384" lon="11.44738">
    <ele>1910.9300000000003</ele>
   </trkpt>
   <trkpt lat="46.363800000000005" lon="11.446660000000001">
    <ele>1903.8700000000001</ele>
   </trkpt>
   <trkpt lat="46.363820000000004" lon="11.446420000000002">
    <ele>1902.5800000000002</ele>
   </trkpt>
   <trkpt lat="46.36401" lon="11.446110000000001">
    <ele>1900.43</ele>
   </trkpt>
   <trkpt lat="46.36431" lon="11.445730000000001">
    <ele>1894.8300000000002</ele>
   </trkpt>
   <trkpt lat="46.36473" lon="11.44546">
    <ele>1885.38</ele>
   </trkpt>
   <trkpt lat="46.364990000000006" lon="11.44513">
    <ele>1880.2</ele>
   </trkpt>
   <trkpt lat="46.36518" lon="11.445">
    <ele>1877.16</ele>
   </trkpt>
   <trkpt lat="46.36536" lon="11.444960000000002">
    <ele>1874.51</ele>
   </trkpt>
   <trkpt lat="46.36563" lon="11.444540000000002">
    <ele>1865.5900000000001</ele>
   </trkpt>
   <trkpt lat="46.365950000000005" lon="11.444170000000002">
    <ele>1859.25</ele>
   </trkpt>
   <trkpt lat="46.366170000000004" lon="11.443740000000002">
    <ele>1856.69</ele>
   </trkpt>
   <trkpt lat="46.366290000000006" lon="11.443340000000001">
    <ele>1854.7300000000002</ele>
   </trkpt>
   <trkpt lat="46.36657" lon="11.44214">
    <ele>1847.7500000000002</ele>
   </trkpt>
   <trkpt lat="46.366780000000006" lon="11.441360000000001">
    <ele>1845.1100000000001</ele>
   </trkpt>
   <trkpt lat="46.36684" lon="11.44106">
    <ele>1845.8700000000001</ele>
   </trkpt>
   <trkpt lat="46.36684" lon="11.440290000000001">
    <ele>1845.7200000000003</ele>
   </trkpt>
   <trkpt lat="46.36674000000001" lon="11.4396">
    <ele>1848.5000000000002</ele>
   </trkpt>
   <trkpt lat="46.366730000000004" lon="11.439190000000002">
    <ele>1848.27</ele>
   </trkpt>
   <trkpt lat="46.366780000000006" lon="11.438680000000002">
    <ele>1847.0000000000002</ele>
   </trkpt>
   <trkpt lat="46.366980000000005" lon="11.43834">
    <ele>1848.54</ele>
   </trkpt>
   <trkpt lat="46.36717" lon="11.43795">
    <ele>1852.99</ele>
   </trkpt>
   <trkpt lat="46.36717" lon="11.43748">
    <ele>1856.4900000000002</ele>
   </trkpt>
   <trkpt lat="46.36703000000001" lon="11.43717">
    <ele>1857.67</ele>
   </trkpt>
   <trkpt lat="46.366890000000005" lon="11.437030000000002">
    <ele>1858.21</ele>
   </trkpt>
   <trkpt lat="46.36648" lon="11.436720000000001">
    <ele>1860.5500000000002</ele>
   </trkpt>
   <trkpt lat="46.366220000000006" lon="11.436470000000002">
    <ele>1861.14</ele>
   </trkpt>
   <trkpt lat="46.36545" lon="11.43585">
    <ele>1862.84</ele>
   </trkpt>
   <trkpt lat="46.36511" lon="11.435550000000001">
    <ele>1861.73</ele>
   </trkpt>
   <trkpt lat="46.364450000000005" lon="11.43487">
    <ele>1864.3200000000002</ele>
   </trkpt>
   <trkpt lat="46.36413" lon="11.434320000000001">
    <ele>1865.22</ele>
   </trkpt>
   <trkpt lat="46.36375" lon="11.43351">
    <ele>1868.3200000000002</ele>
   </trkpt>
   <trkpt lat="46.36347000000001" lon="11.43304">
    <ele>1869.1200000000001</ele>
   </trkpt>
   <trkpt lat="46.363260000000004" lon="11.432870000000001">
    <ele>1864.2900000000002</ele>
   </trkpt>
   <trkpt lat="46.36296" lon="11.432810000000002">
    <ele>1860.27</ele>
   </trkpt>
   <trkpt lat="46.36272" lon="11.432690000000001">
    <ele>1857.35</ele>
   </trkpt>
   <trkpt lat="46.362610000000004" lon="11.43252">
    <ele>1856.98</ele>
   </trkpt>
   <trkpt lat="46.36258" lon="11.43238">
    <ele>1857.08</ele>
   </trkpt>
   <trkpt lat="46.362680000000005" lon="11.43194">
    <ele>1857.8600000000001</ele>
   </trkpt>
   <trkpt lat="46.36267" lon="11.43139">
    <ele>1858.8500000000001</ele>
   </trkpt>
   <trkpt lat="46.36278" lon="11.43074">
    <ele>1859.13</ele>
   </trkpt>
   <trkpt lat="46.363130000000005" lon="11.43002">
    <ele>1863.3700000000001</ele>
   </trkpt>
   <trkpt lat="46.36323" lon="11.429400000000001">
    <ele>1864.45</ele>
   </trkpt>
   <trkpt lat="46.36347000000001" lon="11.42858">
    <ele>1865.0000000000002</ele>
   </trkpt>
   <trkpt lat="46.36354" lon="11.42828">
    <ele>1864.96</ele>
   </trkpt>
   <trkpt lat="46.363550000000004" lon="11.42758">
    <ele>1862.91</ele>
   </trkpt>
   <trkpt lat="46.36337" lon="11.42811">
    <ele>1866.0500000000002</ele>
   </trkpt>
   <trkpt lat="46.363110000000006" lon="11.42872">
    <ele>1869.0300000000002</ele>
   </trkpt>
   <trkpt lat="46.36289000000001" lon="11.42919">
    <ele>1872.63</ele>
   </trkpt>
   <trkpt lat="46.362860000000005" lon="11.42932">
    <ele>1872.95</ele>
   </trkpt>
   <trkpt lat="46.362730000000006" lon="11.429620000000002">
    <ele>1874.92</ele>
   </trkpt>
   <trkpt lat="46.362610000000004" lon="11.429770000000001">
    <ele>1876.71</ele>
   </trkpt>
   <trkpt lat="46.362460000000006" lon="11.429910000000001">
    <ele>1879.38</ele>
   </trkpt>
   <trkpt lat="46.362350000000006" lon="11.430200000000001">
    <ele>1881.4100000000003</ele>
   </trkpt>
   <trkpt lat="46.362230000000004" lon="11.43044">
    <ele>1883.5700000000002</ele>
   </trkpt>
   <trkpt lat="46.362100000000005" lon="11.4306">
    <ele>1886.3200000000002</ele>
   </trkpt>
   <trkpt lat="46.36206000000001" lon="11.43068">
    <ele>1887.3200000000002</ele>
   </trkpt>
   <trkpt lat="46.362100000000005" lon="11.430750000000002">
    <ele>1888.41</ele>
   </trkpt>
   <trkpt lat="46.36209" lon="11.430860000000001">
    <ele>1890.71</ele>
   </trkpt>
   <trkpt lat="46.362030000000004" lon="11.43105">
    <ele>1894.44</ele>
   </trkpt>
   <trkpt lat="46.361900000000006" lon="11.43125">
    <ele>1896.54</ele>
   </trkpt>
   <trkpt lat="46.36166" lon="11.43171">
    <ele>1900.8700000000001</ele>
   </trkpt>
   <trkpt lat="46.361650000000004" lon="11.43181">
    <ele>1903.92</ele>
   </trkpt>
   <trkpt lat="46.36169" lon="11.43195">
    <ele>1905.7100000000003</ele>
   </trkpt>
   <trkpt lat="46.36169" lon="11.432110000000002">
    <ele>1906.9600000000003</ele>
   </trkpt>
   <trkpt lat="46.361580000000004" lon="11.43232">
    <ele>1908.4200000000003</ele>
   </trkpt>
   <trkpt lat="46.36150000000001" lon="11.432580000000002">
    <ele>1910.97</ele>
   </trkpt>
   <trkpt lat="46.36150000000001" lon="11.43288">
    <ele>1912.8500000000001</ele>
   </trkpt>
   <trkpt lat="46.36141000000001" lon="11.433140000000002">
    <ele>1917.14</ele>
   </trkpt>
   <trkpt lat="46.3614" lon="11.43327">
    <ele>1917.14</ele>
   </trkpt>
   <trkpt lat="46.36164" lon="11.433900000000001">
    <ele>1930.4900000000002</ele>
   </trkpt>
   <trkpt lat="46.361920000000005" lon="11.43406">
    <ele>1940.4</ele>
   </trkpt>
   <trkpt lat="46.36198" lon="11.43415">
    <ele>1942.0900000000001</ele>
   </trkpt>
   <trkpt lat="46.362030000000004" lon="11.434370000000001">
    <ele>1944.16</ele>
   </trkpt>
   <trkpt lat="46.36209" lon="11.43448">
    <ele>1944.92</ele>
   </trkpt>
   <trkpt lat="46.362140000000004" lon="11.434840000000001">
    <ele>1946.5400000000002</ele>
   </trkpt>
   <trkpt lat="46.362230000000004" lon="11.43518">
    <ele>1950.0400000000002</ele>
   </trkpt>
   <trkpt lat="46.3622" lon="11.435500000000001">
    <ele>1954.02</ele>
   </trkpt>
   <trkpt lat="46.36231" lon="11.43593">
    <ele>1954.7800000000002</ele>
   </trkpt>
   <trkpt lat="46.362550000000006" lon="11.43626">
    <ele>1956.66</ele>
   </trkpt>
   <trkpt lat="46.36283" lon="11.43698">
    <ele>1966.1200000000001</ele>
   </trkpt>
   <trkpt lat="46.3629" lon="11.437080000000002">
    <ele>1967.7300000000002</ele>
   </trkpt>
   <trkpt lat="46.36314" lon="11.437640000000002">
    <ele>1979.44</ele>
   </trkpt>
   <trkpt lat="46.36316" lon="11.43781">
    <ele>1979.44</ele>
   </trkpt>
   <trkpt lat="46.36301" lon="11.43781">
    <ele>1982.56</ele>
   </trkpt>
   <trkpt lat="46.3629" lon="11.43777">
    <ele>1985.8700000000001</ele>
   </trkpt>
   <trkpt lat="46.362730000000006" lon="11.43787">
    <ele>1992.19</ele>
   </trkpt>
   <trkpt lat="46.362680000000005" lon="11.437980000000001">
    <ele>1993.7300000000002</ele>
   </trkpt>
   <trkpt lat="46.3626" lon="11.438020000000002">
    <ele>1993.7300000000002</ele>
   </trkpt>
   <trkpt lat="46.36253000000001" lon="11.43795">
    <ele>2004.16</ele>
   </trkpt>
   <trkpt lat="46.36227" lon="11.43806">
    <ele>2011.2300000000002</ele>
   </trkpt>
   <trkpt lat="46.362190000000005" lon="11.438030000000001">
    <ele>2011.2300000000002</ele>
   </trkpt>
   <trkpt lat="46.36193" lon="11.43837">
    <ele>2023.11</ele>
   </trkpt>
   <trkpt lat="46.36182" lon="11.438400000000001">
    <ele>2027.26</ele>
   </trkpt>
   <trkpt lat="46.36166" lon="11.438400000000001">
    <ele>2030.51</ele>
   </trkpt>
   <trkpt lat="46.36155" lon="11.4382">
    <ele>2035.2</ele>
   </trkpt>
   <trkpt lat="46.361090000000004" lon="11.43833">
    <ele>2044.4500000000003</ele>
   </trkpt>
   <trkpt lat="46.36092000000001" lon="11.43843">
    <ele>2052.9700000000003</ele>
   </trkpt>
   <trkpt lat="46.3609" lon="11.43857">
    <ele>2054.1200000000003</ele>
   </trkpt>
   <trkpt lat="46.36104" lon="11.438870000000001">
    <ele>2058.0000000000005</ele>
   </trkpt>
   <trkpt lat="46.361070000000005" lon="11.439060000000001">
    <ele>2060.29</ele>
   </trkpt>
   <trkpt lat="46.36099" lon="11.439070000000001">
    <ele>2061.36</ele>
   </trkpt>
   <trkpt lat="46.36095" lon="11.439380000000002">
    <ele>2066.1500000000005</ele>
   </trkpt>
   <trkpt lat="46.360800000000005" lon="11.43917">
    <ele>2072.3700000000003</ele>
   </trkpt>
   <trkpt lat="46.360780000000005" lon="11.439290000000002">
    <ele>2076.4900000000002</ele>
   </trkpt>
   <trkpt lat="46.36081" lon="11.439400000000001">
    <ele>2080.46</ele>
   </trkpt>
   <trkpt lat="46.36081" lon="11.439520000000002">
    <ele>2081.86</ele>
   </trkpt>
   <trkpt lat="46.360730000000004" lon="11.43941">
    <ele>2081.86</ele>
   </trkpt>
   <trkpt lat="46.360710000000005" lon="11.439440000000001">
    <ele>2081.86</ele>
   </trkpt>
   <trkpt lat="46.36063" lon="11.43937">
    <ele>2092.21</ele>
   </trkpt>
   <trkpt lat="46.36054" lon="11.439340000000001">
    <ele>2092.21</ele>
   </trkpt>
   <trkpt lat="46.3605" lon="11.43937">
    <ele>2093.76</ele>
   </trkpt>
   <trkpt lat="46.3605" lon="11.43945">
    <ele>2093.76</ele>
   </trkpt>
   <trkpt lat="46.360440000000004" lon="11.43945">
    <ele>2098.7</ele>
   </trkpt>
   <trkpt lat="46.36039" lon="11.439530000000001">
    <ele>2100.2599999999998</ele>
   </trkpt>
   <trkpt lat="46.36034" lon="11.439480000000001">
    <ele>2101.6600000000003</ele>
   </trkpt>
   <trkpt lat="46.360290000000006" lon="11.439490000000001">
    <ele>2104.0</ele>
   </trkpt>
   <trkpt lat="46.360350000000004" lon="11.43975">
    <ele>2107.9700000000003</ele>
   </trkpt>
   <trkpt lat="46.36041" lon="11.43983">
    <ele>2109.75</ele>
   </trkpt>
   <trkpt lat="46.360440000000004" lon="11.440090000000001">
    <ele>2112.55</ele>
   </trkpt>
   <trkpt lat="46.36043" lon="11.44036">
    <ele>2115.61</ele>
   </trkpt>
   <trkpt lat="46.36036000000001" lon="11.440710000000001">
    <ele>2117.9</ele>
   </trkpt>
   <trkpt lat="46.36028" lon="11.44091">
    <ele>2118.71</ele>
   </trkpt>
   <trkpt lat="46.360130000000005" lon="11.44114">
    <ele>2118.7500000000005</ele>
   </trkpt>
   <trkpt lat="46.3601" lon="11.44142">
    <ele>2118.57</ele>
   </trkpt>
   <trkpt lat="46.35987" lon="11.441870000000002">
    <ele>2116.5800000000004</ele>
   </trkpt>
   <trkpt lat="46.35987" lon="11.441910000000002">
    <ele>2115.66</ele>
   </trkpt>
   <trkpt lat="46.359910000000006" lon="11.441960000000002">
    <ele>2114.64</ele>
   </trkpt>
   <trkpt lat="46.36021" lon="11.4418">
    <ele>2106.63</ele>
   </trkpt>
   <trkpt lat="46.36048" lon="11.442440000000001">
    <ele>2094.73</ele>
   </trkpt>
   <trkpt lat="46.360510000000005" lon="11.442590000000001">
    <ele>2094.4100000000003</ele>
   </trkpt>
   <trkpt lat="46.360420000000005" lon="11.44308">
    <ele>2096.27</ele>
   </trkpt>
   <trkpt lat="46.36000000000001" lon="11.44358">
    <ele>2089.7200000000003</ele>
   </trkpt>
   <trkpt lat="46.35987" lon="11.44386">
    <ele>2088.3</ele>
   </trkpt>
   <trkpt lat="46.359170000000006" lon="11.444400000000002">
    <ele>2085.88</ele>
   </trkpt>
   <trkpt lat="46.35864" lon="11.445150000000002">
    <ele>2089.86</ele>
   </trkpt>
   <trkpt lat="46.35792000000001" lon="11.44542">
    <ele>2108.7900000000004</ele>
   </trkpt>
   <trkpt lat="46.35774000000001" lon="11.44571">
    <ele>2113.11</ele>
   </trkpt>
   <trkpt lat="46.35741" lon="11.445810000000002">
    <ele>2120.17</ele>
   </trkpt>
   <trkpt lat="46.35699" lon="11.446370000000002">
    <ele>2130.7500000000005</ele>
   </trkpt>
   <trkpt lat="46.35665" lon="11.446480000000001">
    <ele>2134.38</ele>
   </trkpt>
   <trkpt lat="46.356190000000005" lon="11.447030000000002">
    <ele>2141.09</ele>
   </trkpt>
   <trkpt lat="46.355610000000006" lon="11.447360000000002">
    <ele>2144.55</ele>
   </trkpt>
   <trkpt lat="46.35506000026" lon="11.447550001876781">
    <ele>2147.78</ele>
   </trkpt>
   <trkpt lat="46.354510000000005" lon="11.447740000000001">
    <ele>2148.03</ele>
   </trkpt>
   <trkpt lat="46.35417" lon="11.447730000000002">
    <ele>2151.53</ele>
   </trkpt>
   <trkpt lat="46.354000000000006" lon="11.447740000000001">
    <ele>2151.55</ele>
   </trkpt>
   <trkpt lat="46.35337000095414" lon="11.448215005497703">
    <ele>2145.7200000000003</ele>
   </trkpt>
   <trkpt lat="46.352740000000004" lon="11.448690000000001">
    <ele>2135.37</ele>
   </trkpt>
   <trkpt lat="46.35249" lon="11.448820000000001">
    <ele>2131.05</ele>
   </trkpt>
   <trkpt lat="46.35217" lon="11.44874">
    <ele>2128.2400000000002</ele>
   </trkpt>
   <trkpt lat="46.35204" lon="11.448580000000002">
    <ele>2129.01</ele>
   </trkpt>
   <trkpt lat="46.351850000000006" lon="11.44828">
    <ele>2130.59</ele>
   </trkpt>
   <trkpt lat="46.351800000000004" lon="11.44791">
    <ele>2128.7400000000002</ele>
   </trkpt>
   <trkpt lat="46.351760000000006" lon="11.44781">
    <ele>2128.94</ele>
   </trkpt>
   <trkpt lat="46.35184" lon="11.44754">
    <ele>2130.07</ele>
   </trkpt>
   <trkpt lat="46.35183000000001" lon="11.447090000000001">
    <ele>2133.3100000000004</ele>
   </trkpt>
   <trkpt lat="46.351490000000005" lon="11.44649">
    <ele>2134.73</ele>
   </trkpt>
   <trkpt lat="46.351510000000005" lon="11.44644">
    <ele>2134.73</ele>
   </trkpt>
   <trkpt lat="46.35152" lon="11.445960000000001">
    <ele>2142.5</ele>
   </trkpt>
   <trkpt lat="46.3515" lon="11.44565">
    <ele>2145.33</ele>
   </trkpt>
   <trkpt lat="46.35143" lon="11.445340000000002">
    <ele>2150.29</ele>
   </trkpt>
   <trkpt lat="46.35145000000001" lon="11.44462">
    <ele>2161.4500000000003</ele>
   </trkpt>
   <trkpt lat="46.35152" lon="11.444350000000002">
    <ele>2169.2</ele>
   </trkpt>
   <trkpt lat="46.351470000000006" lon="11.44401">
    <ele>2176.27</ele>
   </trkpt>
   <trkpt lat="46.35148" lon="11.443660000000001">
    <ele>2189.6600000000003</ele>
   </trkpt>
   <trkpt lat="46.35154000000001" lon="11.443420000000001">
    <ele>2192.6200000000003</ele>
   </trkpt>
   <trkpt lat="46.351560000000006" lon="11.44339">
    <ele>2192.6200000000003</ele>
   </trkpt>
   <trkpt lat="46.35166" lon="11.443330000000001">
    <ele>2196.25</ele>
   </trkpt>
   <trkpt lat="46.35166" lon="11.44322">
    <ele>2198.2700000000004</ele>
   </trkpt>
   <trkpt lat="46.35183000000001" lon="11.442910000000001">
    <ele>2205.2200000000003</ele>
   </trkpt>
   <trkpt lat="46.3519" lon="11.44288">
    <ele>2206.1800000000003</ele>
   </trkpt>
   <trkpt lat="46.35204" lon="11.44289">
    <ele>2210.7200000000003</ele>
   </trkpt>
   <trkpt lat="46.35206" lon="11.442850000000002">
    <ele>2210.7200000000003</ele>
   </trkpt>
   <trkpt lat="46.352120000000006" lon="11.44289">
    <ele>2212.7100000000005</ele>
   </trkpt>
   <trkpt lat="46.35213" lon="11.44297">
    <ele>2212.7100000000005</ele>
   </trkpt>
   <trkpt lat="46.3522" lon="11.443050000000001">
    <ele>2214.9</ele>
   </trkpt>
   <trkpt lat="46.35217" lon="11.44321">
    <ele>2218.3900000000003</ele>
   </trkpt>
   <trkpt lat="46.352180000000004" lon="11.44325">
    <ele>2219.46</ele>
   </trkpt>
   <trkpt lat="46.35221000000001" lon="11.443240000000001">
    <ele>2219.46</ele>
   </trkpt>
   <trkpt lat="46.35224" lon="11.443280000000001">
    <ele>2220.38</ele>
   </trkpt>
   <trkpt lat="46.35230000000001" lon="11.44325">
    <ele>2221.7000000000003</ele>
   </trkpt>
   <trkpt lat="46.35235" lon="11.443290000000001">
    <ele>2222.1000000000004</ele>
   </trkpt>
   <trkpt lat="46.35239000000001" lon="11.44345">
    <ele>2223.07</ele>
   </trkpt>
   <trkpt lat="46.35244" lon="11.443520000000001">
    <ele>2223.07</ele>
   </trkpt>
   <trkpt lat="46.35248000000001" lon="11.44353">
    <ele>2224.55</ele>
   </trkpt>
   <trkpt lat="46.352520000000005" lon="11.44359">
    <ele>2224.55</ele>
   </trkpt>
   <trkpt lat="46.352590000000006" lon="11.443610000000001">
    <ele>2225.0</ele>
   </trkpt>
   <trkpt lat="46.352610000000006" lon="11.443650000000002">
    <ele>2225.54</ele>
   </trkpt>
   <trkpt lat="46.35258" lon="11.44387">
    <ele>2228.55</ele>
   </trkpt>
   <trkpt lat="46.352520000000005" lon="11.44391">
    <ele>2229.51</ele>
   </trkpt>
   <trkpt lat="46.352470000000004" lon="11.444030000000001">
    <ele>2231.8</ele>
   </trkpt>
   <trkpt lat="46.35251" lon="11.444080000000001">
    <ele>2233.2</ele>
   </trkpt>
   <trkpt lat="46.35249" lon="11.444120000000002">
    <ele>2234.81</ele>
   </trkpt>
   <trkpt lat="46.352590000000006" lon="11.444220000000001">
    <ele>2240.1600000000003</ele>
   </trkpt>
   <trkpt lat="46.352610000000006" lon="11.444280000000001">
    <ele>2241.82</ele>
   </trkpt>
   <trkpt lat="46.35266000000001" lon="11.44419">
    <ele>2243.34</ele>
   </trkpt>
   <trkpt lat="46.35269" lon="11.44419">
    <ele>2246.2400000000002</ele>
   </trkpt>
   <trkpt lat="46.35271" lon="11.44424">
    <ele>2246.2400000000002</ele>
   </trkpt>
   <trkpt lat="46.352790000000006" lon="11.44424">
    <ele>2249.46</ele>
   </trkpt>
   <trkpt lat="46.352880000000006" lon="11.444280000000001">
    <ele>2254.63</ele>
   </trkpt>
   <trkpt lat="46.35289" lon="11.4443">
    <ele>2254.63</ele>
   </trkpt>
   <trkpt lat="46.353" lon="11.4443">
    <ele>2257.73</ele>
   </trkpt>
   <trkpt lat="46.353030000000004" lon="11.444280000000001">
    <ele>2257.73</ele>
   </trkpt>
   <trkpt lat="46.35311" lon="11.444280000000001">
    <ele>2259.1200000000003</ele>
   </trkpt>
   <trkpt lat="46.353410000000004" lon="11.444220000000001">
    <ele>2269.81</ele>
   </trkpt>
   <trkpt lat="46.353480000000005" lon="11.444220000000001">
    <ele>2272.36</ele>
   </trkpt>
   <trkpt lat="46.35360000000001" lon="11.444130000000001">
    <ele>2275.9500000000003</ele>
   </trkpt>
   <trkpt lat="46.35369" lon="11.444120000000002">
    <ele>2277.78</ele>
   </trkpt>
   <trkpt lat="46.35371000000001" lon="11.444210000000002">
    <ele>2277.78</ele>
   </trkpt>
   <trkpt lat="46.35376" lon="11.444260000000002">
    <ele>2277.78</ele>
   </trkpt>
   <trkpt lat="46.354000000000006" lon="11.444260000000002">
    <ele>2297.1700000000005</ele>
   </trkpt>
   <trkpt lat="46.35405" lon="11.44419">
    <ele>2299.1400000000003</ele>
   </trkpt>
   <trkpt lat="46.3541" lon="11.44419">
    <ele>2301.6400000000003</ele>
   </trkpt>
   <trkpt lat="46.35425" lon="11.444040000000001">
    <ele>2301.07</ele>
   </trkpt>
   <trkpt lat="46.354330000000004" lon="11.443900000000001">
    <ele>2301.2300000000005</ele>
   </trkpt>
   <trkpt lat="46.354380000000006" lon="11.443740000000002">
    <ele>2301.6</ele>
   </trkpt>
   <trkpt lat="46.354350000000004" lon="11.443740000000002">
    <ele>2301.6</ele>
   </trkpt>
   <trkpt lat="46.35421" lon="11.44396">
    <ele>2296.05</ele>
   </trkpt>
   <trkpt lat="46.35408" lon="11.443990000000001">
    <ele>2292.86</ele>
   </trkpt>
   <trkpt lat="46.35401" lon="11.44391">
    <ele>2285.53</ele>
   </trkpt>
   <trkpt lat="46.3541" lon="11.44382">
    <ele>2282.29</ele>
   </trkpt>
   <trkpt lat="46.3541" lon="11.443750000000001">
    <ele>2282.29</ele>
   </trkpt>
   <trkpt lat="46.354220000000005" lon="11.44353">
    <ele>2276.8100000000004</ele>
   </trkpt>
   <trkpt lat="46.354290000000006" lon="11.443470000000001">
    <ele>2273.48</ele>
   </trkpt>
   <trkpt lat="46.35434" lon="11.44331">
    <ele>2269.4300000000003</ele>
   </trkpt>
   <trkpt lat="46.354440000000004" lon="11.443100000000001">
    <ele>2264.4900000000002</ele>
   </trkpt>
   <trkpt lat="46.3545" lon="11.44303">
    <ele>2264.4900000000002</ele>
   </trkpt>
   <trkpt lat="46.35454000000001" lon="11.44293">
    <ele>2262.3300000000004</ele>
   </trkpt>
   <trkpt lat="46.354290000000006" lon="11.44311">
    <ele>2254.6000000000004</ele>
   </trkpt>
   <trkpt lat="46.354290000000006" lon="11.443010000000001">
    <ele>2252.99</ele>
   </trkpt>
   <trkpt lat="46.35418000000001" lon="11.443100000000001">
    <ele>2247.91</ele>
   </trkpt>
   <trkpt lat="46.354240000000004" lon="11.442910000000001">
    <ele>2238.09</ele>
   </trkpt>
   <trkpt lat="46.35408" lon="11.44302">
    <ele>2238.09</ele>
   </trkpt>
   <trkpt lat="46.3543" lon="11.44247">
    <ele>2218.3300000000004</ele>
   </trkpt>
   <trkpt lat="46.3541" lon="11.442490000000001">
    <ele>2212.85</ele>
   </trkpt>
   <trkpt lat="46.35421" lon="11.44219">
    <ele>2208.6200000000003</ele>
   </trkpt>
   <trkpt lat="46.35407000000001" lon="11.441930000000001">
    <ele>2202.83</ele>
   </trkpt>
   <trkpt lat="46.353860000000005" lon="11.44194">
    <ele>2196.5099999999998</ele>
   </trkpt>
   <trkpt lat="46.35405" lon="11.44162">
    <ele>2186.75</ele>
   </trkpt>
   <trkpt lat="46.353910000000006" lon="11.44158">
    <ele>2183.2700000000004</ele>
   </trkpt>
   <trkpt lat="46.35396" lon="11.441460000000001">
    <ele>2180.09</ele>
   </trkpt>
   <trkpt lat="46.35389000000001" lon="11.441310000000001">
    <ele>2177.78</ele>
   </trkpt>
   <trkpt lat="46.35398000000001" lon="11.440980000000001">
    <ele>2169.67</ele>
   </trkpt>
   <trkpt lat="46.353860000000005" lon="11.440990000000001">
    <ele>2168.33</ele>
   </trkpt>
   <trkpt lat="46.354040000000005" lon="11.44081">
    <ele>2162.11</ele>
   </trkpt>
   <trkpt lat="46.35396" lon="11.440740000000002">
    <ele>2162.11</ele>
   </trkpt>
   <trkpt lat="46.354060000000004" lon="11.440600000000002">
    <ele>2154.38</ele>
   </trkpt>
   <trkpt lat="46.35392" lon="11.44054">
    <ele>2151.7400000000002</ele>
   </trkpt>
   <trkpt lat="46.35407000000001" lon="11.440370000000001">
    <ele>2143.7000000000003</ele>
   </trkpt>
   <trkpt lat="46.35412" lon="11.440230000000001">
    <ele>2139.85</ele>
   </trkpt>
   <trkpt lat="46.35419" lon="11.43984">
    <ele>2132.6500000000005</ele>
   </trkpt>
   <trkpt lat="46.35417" lon="11.43973">
    <ele>2129.32</ele>
   </trkpt>
   <trkpt lat="46.35427000000001" lon="11.439350000000001">
    <ele>2119.73</ele>
   </trkpt>
   <trkpt lat="46.35428" lon="11.43875">
    <ele>2109.4600000000005</ele>
   </trkpt>
   <trkpt lat="46.354200000000006" lon="11.438740000000001">
    <ele>2106.9900000000002</ele>
   </trkpt>
   <trkpt lat="46.35425" lon="11.438460000000001">
    <ele>2100.1000000000004</ele>
   </trkpt>
   <trkpt lat="46.35403" lon="11.43823">
    <ele>2093.0600000000004</ele>
   </trkpt>
   <trkpt lat="46.35407000000001" lon="11.438120000000001">
    <ele>2087.12</ele>
   </trkpt>
   <trkpt lat="46.35389000000001" lon="11.438020000000002">
    <ele>2083.67</ele>
   </trkpt>
   <trkpt lat="46.35399" lon="11.43776">
    <ele>2078.8900000000003</ele>
   </trkpt>
   <trkpt lat="46.35425" lon="11.437500000000002">
    <ele>2070.3300000000004</ele>
   </trkpt>
   <trkpt lat="46.35417" lon="11.437270000000002">
    <ele>2066.1800000000003</ele>
   </trkpt>
   <trkpt lat="46.354310000000005" lon="11.437040000000001">
    <ele>2058.9900000000002</ele>
   </trkpt>
   <trkpt lat="46.35452" lon="11.437140000000001">
    <ele>2054.2100000000005</ele>
   </trkpt>
   <trkpt lat="46.35464" lon="11.437090000000001">
    <ele>2050.8300000000004</ele>
   </trkpt>
   <trkpt lat="46.35465000000001" lon="11.43702">
    <ele>2050.8300000000004</ele>
   </trkpt>
   <trkpt lat="46.354580000000006" lon="11.43684">
    <ele>2048.9100000000003</ele>
   </trkpt>
   <trkpt lat="46.354600000000005" lon="11.436770000000001">
    <ele>2048.9100000000003</ele>
   </trkpt>
   <trkpt lat="46.35459" lon="11.4367">
    <ele>2048.3900000000003</ele>
   </trkpt>
   <trkpt lat="46.35452" lon="11.436630000000001">
    <ele>2047.2100000000003</ele>
   </trkpt>
   <trkpt lat="46.35454000000001" lon="11.43651">
    <ele>2045.17</ele>
   </trkpt>
   <trkpt lat="46.354490000000006" lon="11.43637">
    <ele>2044.5600000000002</ele>
   </trkpt>
   <trkpt lat="46.35454000000001" lon="11.43607">
    <ele>2041.2000000000003</ele>
   </trkpt>
   <trkpt lat="46.35455" lon="11.43561">
    <ele>2033.5200000000002</ele>
   </trkpt>
   <trkpt lat="46.35464" lon="11.43524">
    <ele>2024.8799999999999</ele>
   </trkpt>
   <trkpt lat="46.3545" lon="11.435260000000001">
    <ele>2022.23</ele>
   </trkpt>
   <trkpt lat="46.354440000000004" lon="11.43519">
    <ele>2018.1100000000001</ele>
   </trkpt>
   <trkpt lat="46.35445000000001" lon="11.435020000000002">
    <ele>2016.7900000000002</ele>
   </trkpt>
   <trkpt lat="46.35436000000001" lon="11.434980000000001">
    <ele>2014.4800000000002</ele>
   </trkpt>
   <trkpt lat="46.35437" lon="11.43485">
    <ele>2012.8000000000004</ele>
   </trkpt>
   <trkpt lat="46.354420000000005" lon="11.43473">
    <ele>2011.69</ele>
   </trkpt>
   <trkpt lat="46.354710000000004" lon="11.43458">
    <ele>2006.73</ele>
   </trkpt>
   <trkpt lat="46.354820000000004" lon="11.43434">
    <ele>2004.3200000000004</ele>
   </trkpt>
   <trkpt lat="46.35483000000001" lon="11.434190000000001">
    <ele>2003.4499999999998</ele>
   </trkpt>
   <trkpt lat="46.354690000000005" lon="11.4342">
    <ele>2002.6000000000001</ele>
   </trkpt>
   <trkpt lat="46.35455" lon="11.4341">
    <ele>2002.17</ele>
   </trkpt>
   <trkpt lat="46.354380000000006" lon="11.43411">
    <ele>2000.9200000000003</ele>
   </trkpt>
   <trkpt lat="46.35417" lon="11.43425">
    <ele>2000.1900000000003</ele>
   </trkpt>
   <trkpt lat="46.35407000000001" lon="11.43443">
    <ele>1999.7000000000003</ele>
   </trkpt>
   <trkpt lat="46.35394" lon="11.434550000000002">
    <ele>1999.0100000000002</ele>
   </trkpt>
   <trkpt lat="46.353680000000004" lon="11.434930000000001">
    <ele>1998.3100000000002</ele>
   </trkpt>
   <trkpt lat="46.35349" lon="11.43505">
    <ele>1999.0400000000002</ele>
   </trkpt>
   <trkpt lat="46.353280000000005" lon="11.43496">
    <ele>2003.75</ele>
   </trkpt>
   <trkpt lat="46.35313000000001" lon="11.435030000000001">
    <ele>2006.7600000000002</ele>
   </trkpt>
   <trkpt lat="46.352920000000005" lon="11.43499">
    <ele>2008.7900000000002</ele>
   </trkpt>
   <trkpt lat="46.35264" lon="11.43487">
    <ele>2010.1</ele>
   </trkpt>
   <trkpt lat="46.35228" lon="11.435060000000002">
    <ele>2009.24</ele>
   </trkpt>
   <trkpt lat="46.35201000000001" lon="11.435060000000002">
    <ele>2008.0400000000002</ele>
   </trkpt>
   <trkpt lat="46.351870000000005" lon="11.43496">
    <ele>2006.6300000000003</ele>
   </trkpt>
   <trkpt lat="46.35179" lon="11.434830000000002">
    <ele>2003.15</ele>
   </trkpt>
   <trkpt lat="46.35168" lon="11.43477">
    <ele>2001.5500000000004</ele>
   </trkpt>
   <trkpt lat="46.351110000000006" lon="11.434560000000001">
    <ele>1996.4400000000003</ele>
   </trkpt>
   <trkpt lat="46.351020000000005" lon="11.43444">
    <ele>1995.14</ele>
   </trkpt>
   <trkpt lat="46.351000000000006" lon="11.434330000000001">
    <ele>1992.0700000000002</ele>
   </trkpt>
   <trkpt lat="46.351020000000005" lon="11.43397">
    <ele>1989.3</ele>
   </trkpt>
   <trkpt lat="46.35098000000001" lon="11.433980000000002">
    <ele>1987.8200000000002</ele>
   </trkpt>
   <trkpt lat="46.350820000000006" lon="11.43421">
    <ele>1985.47</ele>
   </trkpt>
   <trkpt lat="46.35078" lon="11.434190000000001">
    <ele>1982.93</ele>
   </trkpt>
   <trkpt lat="46.35078" lon="11.434040000000001">
    <ele>1981.6200000000001</ele>
   </trkpt>
   <trkpt lat="46.35081" lon="11.43387">
    <ele>1981.1200000000001</ele>
   </trkpt>
   <trkpt lat="46.35079" lon="11.43377">
    <ele>1979.72</ele>
   </trkpt>
   <trkpt lat="46.35074" lon="11.433840000000002">
    <ele>1978.16</ele>
   </trkpt>
   <trkpt lat="46.35071000000001" lon="11.434000000000001">
    <ele>1976.73</ele>
   </trkpt>
   <trkpt lat="46.35067" lon="11.43401">
    <ele>1976.73</ele>
   </trkpt>
   <trkpt lat="46.350620000000006" lon="11.434000000000001">
    <ele>1976.73</ele>
   </trkpt>
   <trkpt lat="46.35052" lon="11.43387">
    <ele>1973.6100000000001</ele>
   </trkpt>
   <trkpt lat="46.350440000000006" lon="11.433840000000002">
    <ele>1972.9200000000003</ele>
   </trkpt>
   <trkpt lat="46.35029" lon="11.433850000000001">
    <ele>1972.9200000000003</ele>
   </trkpt>
   <trkpt lat="46.350170000000006" lon="11.43383">
    <ele>1966.4800000000002</ele>
   </trkpt>
   <trkpt lat="46.350100000000005" lon="11.433800000000002">
    <ele>1966.4800000000002</ele>
   </trkpt>
   <trkpt lat="46.34985" lon="11.43388">
    <ele>1963.75</ele>
   </trkpt>
   <trkpt lat="46.349720000000005" lon="11.433840000000002">
    <ele>1960.88</ele>
   </trkpt>
   <trkpt lat="46.34964" lon="11.433850000000001">
    <ele>1960.88</ele>
   </trkpt>
   <trkpt lat="46.349590000000006" lon="11.433900000000001">
    <ele>1955.7000000000003</ele>
   </trkpt>
   <trkpt lat="46.34944" lon="11.433810000000001">
    <ele>1955.7000000000003</ele>
   </trkpt>
   <trkpt lat="46.34937" lon="11.433800000000002">
    <ele>1954.3000000000002</ele>
   </trkpt>
   <trkpt lat="46.349230000000006" lon="11.43374">
    <ele>1952.56</ele>
   </trkpt>
   <trkpt lat="46.348980000000005" lon="11.43345">
    <ele>1950.2100000000003</ele>
   </trkpt>
   <trkpt lat="46.34886" lon="11.433390000000001">
    <ele>1950.46</ele>
   </trkpt>
   <trkpt lat="46.348650000000006" lon="11.43331">
    <ele>1952.5800000000002</ele>
   </trkpt>
   <trkpt lat="46.34852" lon="11.433290000000001">
    <ele>1955.0300000000002</ele>
   </trkpt>
   <trkpt lat="46.348380000000006" lon="11.433300000000001">
    <ele>1956.32</ele>
   </trkpt>
   <trkpt lat="46.348240000000004" lon="11.43327">
    <ele>1957.88</ele>
   </trkpt>
   <trkpt lat="46.348150000000004" lon="11.433190000000002">
    <ele>1958.3000000000002</ele>
   </trkpt>
   <trkpt lat="46.347820000000006" lon="11.432760000000002">
    <ele>1958.2800000000002</ele>
   </trkpt>
   <trkpt lat="46.34781" lon="11.43275">
    <ele>1958.29</ele>
   </trkpt>
   <trkpt lat="46.347770000000004" lon="11.433580000000001">
    <ele>1963.5700000000002</ele>
   </trkpt>
   <trkpt lat="46.347710000000006" lon="11.43416">
    <ele>1966.5200000000002</ele>
   </trkpt>
   <trkpt lat="46.347620000000006" lon="11.434610000000001">
    <ele>1968.2</ele>
   </trkpt>
   <trkpt lat="46.347570000000005" lon="11.435030000000001">
    <ele>1971.21</ele>
   </trkpt>
   <trkpt lat="46.34758" lon="11.435490000000001">
    <ele>1973.15</ele>
   </trkpt>
   <trkpt lat="46.347500000000004" lon="11.435720000000002">
    <ele>1974.7900000000002</ele>
   </trkpt>
   <trkpt lat="46.347440000000006" lon="11.436060000000001">
    <ele>1976.9800000000002</ele>
   </trkpt>
   <trkpt lat="46.34741" lon="11.436580000000001">
    <ele>1978.71</ele>
   </trkpt>
   <trkpt lat="46.34736" lon="11.436710000000001">
    <ele>1979.2900000000002</ele>
   </trkpt>
   <trkpt lat="46.347260000000006" lon="11.43688">
    <ele>1979.6000000000001</ele>
   </trkpt>
   <trkpt lat="46.3472" lon="11.43706">
    <ele>1979.81</ele>
   </trkpt>
   <trkpt lat="46.34713000000001" lon="11.437600000000002">
    <ele>1980.5400000000002</ele>
   </trkpt>
   <trkpt lat="46.34693500199292" lon="11.438270002265071">
    <ele>1982.0000000000002</ele>
   </trkpt>
   <trkpt lat="46.346740000000004" lon="11.43894">
    <ele>1983.4900000000002</ele>
   </trkpt>
   <trkpt lat="46.346680000000006" lon="11.43918">
    <ele>1983.4900000000002</ele>
   </trkpt>
   <trkpt lat="46.346650000000004" lon="11.43946">
    <ele>1984.0900000000001</ele>
   </trkpt>
   <trkpt lat="46.34664" lon="11.440140000000001">
    <ele>1984.01</ele>
   </trkpt>
   <trkpt lat="46.34667" lon="11.4405">
    <ele>1983.6000000000001</ele>
   </trkpt>
   <trkpt lat="46.346650000000004" lon="11.440710000000001">
    <ele>1983.4</ele>
   </trkpt>
   <trkpt lat="46.346700000000006" lon="11.441120000000002">
    <ele>1982.4</ele>
   </trkpt>
   <trkpt lat="46.34671" lon="11.441490000000002">
    <ele>1981.54</ele>
   </trkpt>
   <trkpt lat="46.346825002920895" lon="11.442304998468686">
    <ele>1981.6700000000003</ele>
   </trkpt>
   <trkpt lat="46.346940000000004" lon="11.44312">
    <ele>1982.6000000000001</ele>
   </trkpt>
   <trkpt lat="46.34689" lon="11.443760000000001">
    <ele>1984.13</ele>
   </trkpt>
   <trkpt lat="46.346940000000004" lon="11.444350000000002">
    <ele>1984.8400000000001</ele>
   </trkpt>
   <trkpt lat="46.34709" lon="11.444960000000002">
    <ele>1985.6100000000001</ele>
   </trkpt>
   <trkpt lat="46.347100000000005" lon="11.44533">
    <ele>1986.6500000000003</ele>
   </trkpt>
   <trkpt lat="46.347" lon="11.446000000000002">
    <ele>1988.3700000000001</ele>
   </trkpt>
   <trkpt lat="46.34691" lon="11.44644">
    <ele>1989.2</ele>
   </trkpt>
   <trkpt lat="46.34693" lon="11.44734">
    <ele>1989.1900000000003</ele>
   </trkpt>
   <trkpt lat="46.34691" lon="11.44771">
    <ele>1989.4900000000002</ele>
   </trkpt>
   <trkpt lat="46.346810000000005" lon="11.448490000000001">
    <ele>1989.1000000000001</ele>
   </trkpt>
   <trkpt lat="46.346810000000005" lon="11.448810000000002">
    <ele>1989.2600000000002</ele>
   </trkpt>
   <trkpt lat="46.34687" lon="11.44941">
    <ele>1989.7700000000002</ele>
   </trkpt>
   <trkpt lat="46.346920000000004" lon="11.449620000000001">
    <ele>1990.43</ele>
   </trkpt>
   <trkpt lat="46.346650000000004" lon="11.450040000000001">
    <ele>1984.0600000000002</ele>
   </trkpt>
   <trkpt lat="46.34671" lon="11.45129">
    <ele>1987.64</ele>
   </trkpt>
   <trkpt lat="46.346700000000006" lon="11.45195">
    <ele>1990.73</ele>
   </trkpt>
   <trkpt lat="46.34675000000001" lon="11.452940000000002">
    <ele>1991.03</ele>
   </trkpt>
   <trkpt lat="46.346700000000006" lon="11.4532">
    <ele>1991.03</ele>
   </trkpt>
   <trkpt lat="46.34662" lon="11.453190000000001">
    <ele>1996.7500000000002</ele>
   </trkpt>
   <trkpt lat="46.34657000000001" lon="11.453220000000002">
    <ele>1997.2600000000002</ele>
   </trkpt>
   <trkpt lat="46.34637" lon="11.453510000000001">
    <ele>1998.0600000000002</ele>
   </trkpt>
   <trkpt lat="46.346210000000006" lon="11.45329">
    <ele>1998.5500000000002</ele>
   </trkpt>
   <trkpt lat="46.34601000000001" lon="11.45345">
    <ele>2000.5600000000002</ele>
   </trkpt>
   <trkpt lat="46.34548" lon="11.454110000000002">
    <ele>2010.0200000000002</ele>
   </trkpt>
   <trkpt lat="46.34521" lon="11.45452">
    <ele>2015.69</ele>
   </trkpt>
   <trkpt lat="46.34485" lon="11.455240000000002">
    <ele>2022.5400000000002</ele>
   </trkpt>
   <trkpt lat="46.34461" lon="11.45579">
    <ele>2029.1900000000003</ele>
   </trkpt>
   <trkpt lat="46.34442000000001" lon="11.45634">
    <ele>2033.49</ele>
   </trkpt>
   <trkpt lat="46.344260000000006" lon="11.45654">
    <ele>2036.01</ele>
   </trkpt>
   <trkpt lat="46.34418" lon="11.456850000000001">
    <ele>2038.79</ele>
   </trkpt>
   <trkpt lat="46.34409" lon="11.457400000000002">
    <ele>2041.5300000000002</ele>
   </trkpt>
   <trkpt lat="46.343650000000004" lon="11.45823">
    <ele>2046.31</ele>
   </trkpt>
   <trkpt lat="46.343560000000004" lon="11.458350000000001">
    <ele>2046.9099999999999</ele>
   </trkpt>
   <trkpt lat="46.342800000000004" lon="11.45883">
    <ele>2055.2000000000003</ele>
   </trkpt>
   <trkpt lat="46.34281000000001" lon="11.458910000000001">
    <ele>2054.61</ele>
   </trkpt>
   <trkpt lat="46.342760000000006" lon="11.459060000000001">
    <ele>2054.0600000000004</ele>
   </trkpt>
   <trkpt lat="46.342670000000005" lon="11.45916">
    <ele>2053.44</ele>
   </trkpt>
   <trkpt lat="46.34257" lon="11.45955">
    <ele>2053.51</ele>
   </trkpt>
   <trkpt lat="46.342600000000004" lon="11.459950000000001">
    <ele>2053.3</ele>
   </trkpt>
   <trkpt lat="46.34255" lon="11.460120000000002">
    <ele>2053.4700000000003</ele>
   </trkpt>
   <trkpt lat="46.34252" lon="11.46014">
    <ele>2053.4700000000003</ele>
   </trkpt>
   <trkpt lat="46.342510000000004" lon="11.46014">
    <ele>2053.4700000000003</ele>
   </trkpt>
   <trkpt lat="46.342490000000005" lon="11.46014">
    <ele>2053.51</ele>
   </trkpt>
   <trkpt lat="46.34245000000001" lon="11.46016">
    <ele>2054.26</ele>
   </trkpt>
   <trkpt lat="46.34239" lon="11.46011">
    <ele>2055.09</ele>
   </trkpt>
   <trkpt lat="46.34235" lon="11.460130000000001">
    <ele>2056.07</ele>
   </trkpt>
   <trkpt lat="46.34205" lon="11.460090000000001">
    <ele>2063.11</ele>
   </trkpt>
   <trkpt lat="46.341860000000004" lon="11.459940000000001">
    <ele>2066.7</ele>
   </trkpt>
   <trkpt lat="46.34178000000001" lon="11.459900000000001">
    <ele>2067.54</ele>
   </trkpt>
   <trkpt lat="46.341620000000006" lon="11.45991">
    <ele>2068.05</ele>
   </trkpt>
   <trkpt lat="46.341460000000005" lon="11.459840000000002">
    <ele>2068.78</ele>
   </trkpt>
   <trkpt lat="46.341460000000005" lon="11.459810000000001">
    <ele>2068.78</ele>
   </trkpt>
   <trkpt lat="46.341440000000006" lon="11.459800000000001">
    <ele>2068.78</ele>
   </trkpt>
   <trkpt lat="46.34141" lon="11.459900000000001">
    <ele>2071.01</ele>
   </trkpt>
   <trkpt lat="46.34134" lon="11.45992">
    <ele>2072.2500000000005</ele>
   </trkpt>
   <trkpt lat="46.34132" lon="11.45997">
    <ele>2073.5800000000004</ele>
   </trkpt>
   <trkpt lat="46.34129" lon="11.45996">
    <ele>2076.46</ele>
   </trkpt>
   <trkpt lat="46.34127" lon="11.459980000000002">
    <ele>2076.46</ele>
   </trkpt>
   <trkpt lat="46.34125" lon="11.4601">
    <ele>2076.46</ele>
   </trkpt>
   <trkpt lat="46.3412" lon="11.460090000000001">
    <ele>2084.0499999999997</ele>
   </trkpt>
   <trkpt lat="46.34116" lon="11.460180000000001">
    <ele>2084.0499999999997</ele>
   </trkpt>
   <trkpt lat="46.34111" lon="11.46016">
    <ele>2085.48</ele>
   </trkpt>
   <trkpt lat="46.34104000000001" lon="11.46025">
    <ele>2088.2200000000003</ele>
   </trkpt>
   <trkpt lat="46.341" lon="11.46024">
    <ele>2088.2200000000003</ele>
   </trkpt>
   <trkpt lat="46.340900000000005" lon="11.46029">
    <ele>2092.0400000000004</ele>
   </trkpt>
   <trkpt lat="46.34087" lon="11.46025">
    <ele>2092.0400000000004</ele>
   </trkpt>
   <trkpt lat="46.34076" lon="11.460230000000001">
    <ele>2095.5099999999998</ele>
   </trkpt>
   <trkpt lat="46.34066000000001" lon="11.46016">
    <ele>2098.01</ele>
   </trkpt>
   <trkpt lat="46.340610000000005" lon="11.46019">
    <ele>2103.54</ele>
   </trkpt>
   <trkpt lat="46.340610000000005" lon="11.460210000000002">
    <ele>2103.54</ele>
   </trkpt>
   <trkpt lat="46.34056" lon="11.460210000000002">
    <ele>2103.54</ele>
   </trkpt>
   <trkpt lat="46.34053" lon="11.46011">
    <ele>2104.9900000000002</ele>
   </trkpt>
   <trkpt lat="46.34047" lon="11.460070000000002">
    <ele>2108.42</ele>
   </trkpt>
   <trkpt lat="46.34042" lon="11.460090000000001">
    <ele>2108.42</ele>
   </trkpt>
   <trkpt lat="46.34035" lon="11.460080000000001">
    <ele>2112.3100000000004</ele>
   </trkpt>
   <trkpt lat="46.340250000000005" lon="11.459890000000001">
    <ele>2119.87</ele>
   </trkpt>
   <trkpt lat="46.340210000000006" lon="11.459850000000001">
    <ele>2121.95</ele>
   </trkpt>
   <trkpt lat="46.34019000000001" lon="11.459850000000001">
    <ele>2121.95</ele>
   </trkpt>
   <trkpt lat="46.34015" lon="11.45978">
    <ele>2130.5400000000004</ele>
   </trkpt>
   <trkpt lat="46.34008" lon="11.459710000000001">
    <ele>2130.5400000000004</ele>
   </trkpt>
   <trkpt lat="46.340050000000005" lon="11.459740000000002">
    <ele>2130.5400000000004</ele>
   </trkpt>
   <trkpt lat="46.34002" lon="11.459710000000001">
    <ele>2135.0200000000004</ele>
   </trkpt>
   <trkpt lat="46.33997" lon="11.459620000000001">
    <ele>2138.7</ele>
   </trkpt>
   <trkpt lat="46.33995" lon="11.459610000000001">
    <ele>2138.7</ele>
   </trkpt>
   <trkpt lat="46.339890000000004" lon="11.45968">
    <ele>2141.98</ele>
   </trkpt>
   <trkpt lat="46.339870000000005" lon="11.459670000000001">
    <ele>2141.98</ele>
   </trkpt>
   <trkpt lat="46.33986" lon="11.459600000000002">
    <ele>2143.42</ele>
   </trkpt>
   <trkpt lat="46.33977" lon="11.45945">
    <ele>2147.65</ele>
   </trkpt>
   <trkpt lat="46.33973" lon="11.459480000000001">
    <ele>2149.28</ele>
   </trkpt>
   <trkpt lat="46.339710000000004" lon="11.45941">
    <ele>2149.28</ele>
   </trkpt>
   <trkpt lat="46.33968" lon="11.459420000000001">
    <ele>2149.28</ele>
   </trkpt>
   <trkpt lat="46.339650000000006" lon="11.45936">
    <ele>2158.0099999999998</ele>
   </trkpt>
   <trkpt lat="46.339620000000004" lon="11.45939">
    <ele>2158.0099999999998</ele>
   </trkpt>
   <trkpt lat="46.339580000000005" lon="11.459320000000002">
    <ele>2158.0099999999998</ele>
   </trkpt>
   <trkpt lat="46.339510000000004" lon="11.459370000000002">
    <ele>2161.33</ele>
   </trkpt>
   <trkpt lat="46.339490000000005" lon="11.45931">
    <ele>2164.4400000000005</ele>
   </trkpt>
   <trkpt lat="46.33946" lon="11.459280000000001">
    <ele>2164.4400000000005</ele>
   </trkpt>
   <trkpt lat="46.339420000000004" lon="11.459150000000001">
    <ele>2167.37</ele>
   </trkpt>
   <trkpt lat="46.339400000000005" lon="11.459130000000002">
    <ele>2167.37</ele>
   </trkpt>
   <trkpt lat="46.33934000000001" lon="11.45916">
    <ele>2171.6800000000003</ele>
   </trkpt>
   <trkpt lat="46.3393" lon="11.459050000000001">
    <ele>2174.6600000000003</ele>
   </trkpt>
   <trkpt lat="46.339240000000004" lon="11.459090000000002">
    <ele>2174.6600000000003</ele>
   </trkpt>
   <trkpt lat="46.33921" lon="11.459060000000001">
    <ele>2177.84</ele>
   </trkpt>
   <trkpt lat="46.33919" lon="11.459060000000001">
    <ele>2177.84</ele>
   </trkpt>
   <trkpt lat="46.339150000000004" lon="11.45902">
    <ele>2177.84</ele>
   </trkpt>
   <trkpt lat="46.33914" lon="11.458960000000001">
    <ele>2182.75</ele>
   </trkpt>
   <trkpt lat="46.339110000000005" lon="11.458960000000001">
    <ele>2182.75</ele>
   </trkpt>
   <trkpt lat="46.33907000000001" lon="11.458850000000002">
    <ele>2185.95</ele>
   </trkpt>
   <trkpt lat="46.339040000000004" lon="11.45883">
    <ele>2185.95</ele>
   </trkpt>
   <trkpt lat="46.33901" lon="11.45888">
    <ele>2185.95</ele>
   </trkpt>
   <trkpt lat="46.33898000000001" lon="11.45883">
    <ele>2190.63</ele>
   </trkpt>
   <trkpt lat="46.338950000000004" lon="11.45884">
    <ele>2190.63</ele>
   </trkpt>
   <trkpt lat="46.338930000000005" lon="11.45878">
    <ele>2190.63</ele>
   </trkpt>
   <trkpt lat="46.3389" lon="11.458770000000001">
    <ele>2190.63</ele>
   </trkpt>
   <trkpt lat="46.33888" lon="11.458770000000001">
    <ele>2196.75</ele>
   </trkpt>
   <trkpt lat="46.33885" lon="11.45883">
    <ele>2196.75</ele>
   </trkpt>
   <trkpt lat="46.33881" lon="11.458730000000001">
    <ele>2196.75</ele>
   </trkpt>
   <trkpt lat="46.33878000000001" lon="11.458710000000002">
    <ele>2196.75</ele>
   </trkpt>
   <trkpt lat="46.33876" lon="11.45866">
    <ele>2196.75</ele>
   </trkpt>
   <trkpt lat="46.33872" lon="11.45864">
    <ele>2208.01</ele>
   </trkpt>
   <trkpt lat="46.33869000000001" lon="11.45865">
    <ele>2208.01</ele>
   </trkpt>
   <trkpt lat="46.338660000000004" lon="11.458590000000001">
    <ele>2208.01</ele>
   </trkpt>
   <trkpt lat="46.33863" lon="11.458570000000002">
    <ele>2208.01</ele>
   </trkpt>
   <trkpt lat="46.338620000000006" lon="11.458580000000001">
    <ele>2208.01</ele>
   </trkpt>
   <trkpt lat="46.33858" lon="11.458540000000001">
    <ele>2209.5200000000004</ele>
   </trkpt>
   <trkpt lat="46.33856" lon="11.458390000000001">
    <ele>2210.9400000000005</ele>
   </trkpt>
   <trkpt lat="46.33849000000001" lon="11.45822">
    <ele>2217.75</ele>
   </trkpt>
   <trkpt lat="46.33845" lon="11.45823">
    <ele>2217.75</ele>
   </trkpt>
   <trkpt lat="46.33840000000001" lon="11.45814">
    <ele>2219.2400000000002</ele>
   </trkpt>
   <trkpt lat="46.338300000000004" lon="11.458100000000002">
    <ele>2223.84</ele>
   </trkpt>
   <trkpt lat="46.338300000000004" lon="11.458070000000001">
    <ele>2225.29</ele>
   </trkpt>
   <trkpt lat="46.33827" lon="11.45804">
    <ele>2225.29</ele>
   </trkpt>
   <trkpt lat="46.33823" lon="11.45803">
    <ele>2225.29</ele>
   </trkpt>
   <trkpt lat="46.338210000000004" lon="11.457980000000001">
    <ele>2225.29</ele>
   </trkpt>
   <trkpt lat="46.338100000000004" lon="11.45786">
    <ele>2235.17</ele>
   </trkpt>
   <trkpt lat="46.338" lon="11.45767">
    <ele>2235.17</ele>
   </trkpt>
   <trkpt lat="46.337880000000006" lon="11.457510000000001">
    <ele>2243.29</ele>
   </trkpt>
   <trkpt lat="46.337830000000004" lon="11.457490000000002">
    <ele>2243.29</ele>
   </trkpt>
   <trkpt lat="46.337790000000005" lon="11.45753">
    <ele>2246.26</ele>
   </trkpt>
   <trkpt lat="46.33778" lon="11.45748">
    <ele>2246.26</ele>
   </trkpt>
   <trkpt lat="46.33771" lon="11.45748">
    <ele>2249.11</ele>
   </trkpt>
   <trkpt lat="46.33767" lon="11.457410000000001">
    <ele>2252.1400000000003</ele>
   </trkpt>
   <trkpt lat="46.337610000000005" lon="11.457400000000002">
    <ele>2253.7700000000004</ele>
   </trkpt>
   <trkpt lat="46.33758" lon="11.457320000000001">
    <ele>2253.7700000000004</ele>
   </trkpt>
   <trkpt lat="46.337520000000005" lon="11.457260000000002">
    <ele>2253.7700000000004</ele>
   </trkpt>
   <trkpt lat="46.33749" lon="11.457270000000001">
    <ele>2265.79</ele>
   </trkpt>
   <trkpt lat="46.33744" lon="11.45734">
    <ele>2265.79</ele>
   </trkpt>
   <trkpt lat="46.337390000000006" lon="11.457230000000001">
    <ele>2265.79</ele>
   </trkpt>
   <trkpt lat="46.337360000000004" lon="11.457230000000001">
    <ele>2269.4</ele>
   </trkpt>
   <trkpt lat="46.337320000000005" lon="11.45729">
    <ele>2269.4</ele>
   </trkpt>
   <trkpt lat="46.33729" lon="11.457270000000001">
    <ele>2271.31</ele>
   </trkpt>
   <trkpt lat="46.337230000000005" lon="11.457320000000001">
    <ele>2271.31</ele>
   </trkpt>
   <trkpt lat="46.337210000000006" lon="11.457180000000001">
    <ele>2281.18</ele>
   </trkpt>
   <trkpt lat="46.337180000000004" lon="11.457170000000001">
    <ele>2281.18</ele>
   </trkpt>
   <trkpt lat="46.33709" lon="11.457210000000002">
    <ele>2285.2400000000002</ele>
   </trkpt>
   <trkpt lat="46.33708" lon="11.45711">
    <ele>2285.2400000000002</ele>
   </trkpt>
   <trkpt lat="46.33706" lon="11.457080000000001">
    <ele>2291.61</ele>
   </trkpt>
   <trkpt lat="46.33701000000001" lon="11.45711">
    <ele>2291.61</ele>
   </trkpt>
   <trkpt lat="46.336980000000004" lon="11.45711">
    <ele>2291.61</ele>
   </trkpt>
   <trkpt lat="46.33697" lon="11.45709">
    <ele>2291.61</ele>
   </trkpt>
   <trkpt lat="46.33691" lon="11.457070000000002">
    <ele>2300.4500000000003</ele>
   </trkpt>
   <trkpt lat="46.33688" lon="11.457040000000001">
    <ele>2300.4500000000003</ele>
   </trkpt>
   <trkpt lat="46.33686" lon="11.45706">
    <ele>2300.4500000000003</ele>
   </trkpt>
   <trkpt lat="46.33684" lon="11.457030000000001">
    <ele>2300.4500000000003</ele>
   </trkpt>
   <trkpt lat="46.33681000000001" lon="11.457030000000001">
    <ele>2302.5800000000004</ele>
   </trkpt>
   <trkpt lat="46.336800000000004" lon="11.45695">
    <ele>2306.6600000000003</ele>
   </trkpt>
   <trkpt lat="46.336760000000005" lon="11.45697">
    <ele>2306.6600000000003</ele>
   </trkpt>
   <trkpt lat="46.3367" lon="11.456890000000001">
    <ele>2312.57</ele>
   </trkpt>
   <trkpt lat="46.33659" lon="11.456890000000001">
    <ele>2318.1000000000004</ele>
   </trkpt>
   <trkpt lat="46.33654000000001" lon="11.456850000000001">
    <ele>2318.1000000000004</ele>
   </trkpt>
   <trkpt lat="46.33652000000001" lon="11.456880000000002">
    <ele>2318.1000000000004</ele>
   </trkpt>
   <trkpt lat="46.336490000000005" lon="11.45687">
    <ele>2320.0000000000005</ele>
   </trkpt>
   <trkpt lat="46.336470000000006" lon="11.456840000000001">
    <ele>2320.0000000000005</ele>
   </trkpt>
   <trkpt lat="46.33639" lon="11.45686">
    <ele>2327.9300000000003</ele>
   </trkpt>
   <trkpt lat="46.336360000000006" lon="11.456840000000001">
    <ele>2327.9300000000003</ele>
   </trkpt>
   <trkpt lat="46.33634000000001" lon="11.456800000000001">
    <ele>2327.9300000000003</ele>
   </trkpt>
   <trkpt lat="46.336290000000005" lon="11.45683">
    <ele>2327.9300000000003</ele>
   </trkpt>
   <trkpt lat="46.33623" lon="11.456760000000001">
    <ele>2337.69</ele>
   </trkpt>
   <trkpt lat="46.33619" lon="11.45682">
    <ele>2337.69</ele>
   </trkpt>
   <trkpt lat="46.33615" lon="11.45682">
    <ele>2337.69</ele>
   </trkpt>
   <trkpt lat="46.33615" lon="11.456750000000001">
    <ele>2341.8300000000004</ele>
   </trkpt>
   <trkpt lat="46.336000000000006" lon="11.45678">
    <ele>2348.52</ele>
   </trkpt>
   <trkpt lat="46.33607000000001" lon="11.45644">
    <ele>2356.37</ele>
   </trkpt>
   <trkpt lat="46.335950000000004" lon="11.456460000000002">
    <ele>2362.7900000000004</ele>
   </trkpt>
   <trkpt lat="46.335910000000005" lon="11.45636">
    <ele>2366.15</ele>
   </trkpt>
   <trkpt lat="46.335840000000005" lon="11.456420000000001">
    <ele>2366.15</ele>
   </trkpt>
   <trkpt lat="46.33574" lon="11.45645">
    <ele>2373.46</ele>
   </trkpt>
   <trkpt lat="46.33574" lon="11.456420000000001">
    <ele>2373.46</ele>
   </trkpt>
   <trkpt lat="46.33565" lon="11.45631">
    <ele>2378.4700000000003</ele>
   </trkpt>
   <trkpt lat="46.335620000000006" lon="11.45625">
    <ele>2379.89</ele>
   </trkpt>
   <trkpt lat="46.33561" lon="11.45616">
    <ele>2381.1600000000003</ele>
   </trkpt>
   <trkpt lat="46.335510000000006" lon="11.45592">
    <ele>2385.91</ele>
   </trkpt>
   <trkpt lat="46.33540000000001" lon="11.45578">
    <ele>2387.3</ele>
   </trkpt>
   <trkpt lat="46.33531000000001" lon="11.45573">
    <ele>2387.6700000000005</ele>
   </trkpt>
   <trkpt lat="46.33523" lon="11.45565">
    <ele>2387.32</ele>
   </trkpt>
   <trkpt lat="46.33513000000001" lon="11.4555">
    <ele>2386.32</ele>
   </trkpt>
   <trkpt lat="46.33511" lon="11.455430000000002">
    <ele>2386.9700000000003</ele>
   </trkpt>
   <trkpt lat="46.335080000000005" lon="11.45542">
    <ele>2387.82</ele>
   </trkpt>
   <trkpt lat="46.33505" lon="11.45537">
    <ele>2388.97</ele>
   </trkpt>
   <trkpt lat="46.33509" lon="11.45536">
    <ele>2390.39</ele>
   </trkpt>
   <trkpt lat="46.33507" lon="11.455330000000002">
    <ele>2392.03</ele>
   </trkpt>
   <trkpt lat="46.33509" lon="11.455290000000002">
    <ele>2393.82</ele>
   </trkpt>
   <trkpt lat="46.33505" lon="11.45527">
    <ele>2393.82</ele>
   </trkpt>
   <trkpt lat="46.33507" lon="11.455210000000001">
    <ele>2399.4600000000005</ele>
   </trkpt>
   <trkpt lat="46.33503" lon="11.45518">
    <ele>2399.4600000000005</ele>
   </trkpt>
   <trkpt lat="46.334970000000006" lon="11.455070000000001">
    <ele>2399.4600000000005</ele>
   </trkpt>
   <trkpt lat="46.334950000000006" lon="11.454880000000001">
    <ele>2406.84</ele>
   </trkpt>
   <trkpt lat="46.334880000000005" lon="11.45484">
    <ele>2410.36</ele>
   </trkpt>
   <trkpt lat="46.33485" lon="11.45476">
    <ele>2413.65</ele>
   </trkpt>
   <trkpt lat="46.334810000000004" lon="11.454740000000001">
    <ele>2415.17</ele>
   </trkpt>
   <trkpt lat="46.33478" lon="11.45475">
    <ele>2416.6000000000004</ele>
   </trkpt>
   <trkpt lat="46.334740000000004" lon="11.454720000000002">
    <ele>2417.94</ele>
   </trkpt>
   <trkpt lat="46.334720000000004" lon="11.45466">
    <ele>2419.1900000000005</ele>
   </trkpt>
   <trkpt lat="46.334610000000005" lon="11.45475">
    <ele>2422.4700000000003</ele>
   </trkpt>
   <trkpt lat="46.3346" lon="11.454780000000001">
    <ele>2422.4700000000003</ele>
   </trkpt>
   <trkpt lat="46.33455000000001" lon="11.454790000000001">
    <ele>2421.5</ele>
   </trkpt>
   <trkpt lat="46.33453" lon="11.454820000000002">
    <ele>2419.3900000000003</ele>
   </trkpt>
   <trkpt lat="46.33444" lon="11.454820000000002">
    <ele>2418.39</ele>
   </trkpt>
   <trkpt lat="46.334410000000005" lon="11.45461">
    <ele>2416.2400000000002</ele>
   </trkpt>
   <trkpt lat="46.334480000000006" lon="11.454410000000001">
    <ele>2409.7200000000003</ele>
   </trkpt>
   <trkpt lat="46.334480000000006" lon="11.454070000000002">
    <ele>2404.51</ele>
   </trkpt>
   <trkpt lat="46.334430000000005" lon="11.453880000000002">
    <ele>2400.1</ele>
   </trkpt>
   <trkpt lat="46.33442" lon="11.45372">
    <ele>2396.17</ele>
   </trkpt>
   <trkpt lat="46.334430000000005" lon="11.453660000000001">
    <ele>2396.17</ele>
   </trkpt>
   <trkpt lat="46.33438" lon="11.453360000000002">
    <ele>2388.6000000000004</ele>
   </trkpt>
   <trkpt lat="46.3342" lon="11.45302">
    <ele>2377.36</ele>
   </trkpt>
   <trkpt lat="46.33417" lon="11.45283">
    <ele>2369.67</ele>
   </trkpt>
   <trkpt lat="46.33418" lon="11.45268">
    <ele>2369.67</ele>
   </trkpt>
   <trkpt lat="46.334050000000005" lon="11.45246">
    <ele>2358.96</ele>
   </trkpt>
   <trkpt lat="46.33399000000001" lon="11.452300000000001">
    <ele>2349.8300000000004</ele>
   </trkpt>
   <trkpt lat="46.334010000000006" lon="11.452210000000001">
    <ele>2347.34</ele>
   </trkpt>
   <trkpt lat="46.334" lon="11.4518">
    <ele>2336.73</ele>
   </trkpt>
   <trkpt lat="46.33390000000001" lon="11.451530000000002">
    <ele>2333.34</ele>
   </trkpt>
   <trkpt lat="46.333740000000006" lon="11.45129">
    <ele>2332.55</ele>
   </trkpt>
   <trkpt lat="46.333650000000006" lon="11.451200000000002">
    <ele>2331.71</ele>
   </trkpt>
   <trkpt lat="46.33353" lon="11.451030000000001">
    <ele>2331.16</ele>
   </trkpt>
   <trkpt lat="46.33353" lon="11.45087">
    <ele>2330.03</ele>
   </trkpt>
   <trkpt lat="46.33344" lon="11.450370000000001">
    <ele>2323.03</ele>
   </trkpt>
   <trkpt lat="46.33324" lon="11.450000000000001">
    <ele>2320.64</ele>
   </trkpt>
   <trkpt lat="46.333090000000006" lon="11.449810000000001">
    <ele>2321.6400000000003</ele>
   </trkpt>
   <trkpt lat="46.332820000000005" lon="11.44954">
    <ele>2322.08</ele>
   </trkpt>
   <trkpt lat="46.332730000000005" lon="11.449390000000001">
    <ele>2322.51</ele>
   </trkpt>
   <trkpt lat="46.33249000000001" lon="11.44927">
    <ele>2323.26</ele>
   </trkpt>
   <trkpt lat="46.332370000000004" lon="11.449300000000001">
    <ele>2322.94</ele>
   </trkpt>
   <trkpt lat="46.332150000000006" lon="11.44931">
    <ele>2321.38</ele>
   </trkpt>
   <trkpt lat="46.33189" lon="11.449250000000001">
    <ele>2318.1000000000004</ele>
   </trkpt>
   <trkpt lat="46.33184000000001" lon="11.44918">
    <ele>2316.2100000000005</ele>
   </trkpt>
   <trkpt lat="46.331770000000006" lon="11.44912">
    <ele>2314.9300000000003</ele>
   </trkpt>
   <trkpt lat="46.331700000000005" lon="11.449090000000002">
    <ele>2310.57</ele>
   </trkpt>
   <trkpt lat="46.331320000000005" lon="11.449090000000002">
    <ele>2300.9900000000002</ele>
   </trkpt>
   <trkpt lat="46.33122" lon="11.44904">
    <ele>2292.11</ele>
   </trkpt>
   <trkpt lat="46.331160000000004" lon="11.449060000000001">
    <ele>2292.11</ele>
   </trkpt>
   <trkpt lat="46.33111" lon="11.44902">
    <ele>2292.11</ele>
   </trkpt>
   <trkpt lat="46.331050000000005" lon="11.449050000000002">
    <ele>2288.77</ele>
   </trkpt>
   <trkpt lat="46.33099000000001" lon="11.44904">
    <ele>2287.2400000000002</ele>
   </trkpt>
   <trkpt lat="46.33086" lon="11.44912">
    <ele>2282.9700000000003</ele>
   </trkpt>
   <trkpt lat="46.33081000000001" lon="11.44912">
    <ele>2282.27</ele>
   </trkpt>
   <trkpt lat="46.33071" lon="11.44917">
    <ele>2280.9300000000003</ele>
   </trkpt>
   <trkpt lat="46.330540000000006" lon="11.449280000000002">
    <ele>2277.9900000000002</ele>
   </trkpt>
   <trkpt lat="46.330490000000005" lon="11.44935">
    <ele>2276.7200000000003</ele>
   </trkpt>
   <trkpt lat="46.33044" lon="11.449370000000002">
    <ele>2276.7200000000003</ele>
   </trkpt>
   <trkpt lat="46.3305" lon="11.449140000000002">
    <ele>2273.01</ele>
   </trkpt>
   <trkpt lat="46.330470000000005" lon="11.44902">
    <ele>2270.2400000000002</ele>
   </trkpt>
   <trkpt lat="46.330470000000005" lon="11.448920000000001">
    <ele>2268.6</ele>
   </trkpt>
   <trkpt lat="46.33053" lon="11.448580000000002">
    <ele>2258.3300000000004</ele>
   </trkpt>
   <trkpt lat="46.330540000000006" lon="11.44847">
    <ele>2254.8</ele>
   </trkpt>
   <trkpt lat="46.33053" lon="11.448300000000001">
    <ele>2251.0000000000005</ele>
   </trkpt>
   <trkpt lat="46.33055" lon="11.44819">
    <ele>2251.0000000000005</ele>
   </trkpt>
   <trkpt lat="46.33055" lon="11.448060000000002">
    <ele>2241.2</ele>
   </trkpt>
   <trkpt lat="46.33048" lon="11.447880000000001">
    <ele>2239.2000000000003</ele>
   </trkpt>
   <trkpt lat="46.33048" lon="11.44781">
    <ele>2232.98</ele>
   </trkpt>
   <trkpt lat="46.33062" lon="11.44752">
    <ele>2224.7400000000002</ele>
   </trkpt>
   <trkpt lat="46.330670000000005" lon="11.447310000000002">
    <ele>2219.2100000000005</ele>
   </trkpt>
   <trkpt lat="46.33064" lon="11.44729">
    <ele>2219.2100000000005</ele>
   </trkpt>
   <trkpt lat="46.330310000000004" lon="11.447280000000001">
    <ele>2208.01</ele>
   </trkpt>
   <trkpt lat="46.33008" lon="11.447330000000001">
    <ele>2200.5099999999998</ele>
   </trkpt>
   <trkpt lat="46.33005000000001" lon="11.447310000000002">
    <ele>2197.34</ele>
   </trkpt>
   <trkpt lat="46.330070000000006" lon="11.4472">
    <ele>2195.6200000000003</ele>
   </trkpt>
   <trkpt lat="46.33006" lon="11.447130000000001">
    <ele>2195.6200000000003</ele>
   </trkpt>
   <trkpt lat="46.330000000000005" lon="11.44711">
    <ele>2195.6200000000003</ele>
   </trkpt>
   <trkpt lat="46.329930000000004" lon="11.447130000000001">
    <ele>2182.49</ele>
   </trkpt>
   <trkpt lat="46.329890000000006" lon="11.447120000000002">
    <ele>2182.49</ele>
   </trkpt>
   <trkpt lat="46.32988" lon="11.446950000000001">
    <ele>2182.49</ele>
   </trkpt>
   <trkpt lat="46.32968" lon="11.44691">
    <ele>2170.8700000000003</ele>
   </trkpt>
   <trkpt lat="46.32961" lon="11.44683">
    <ele>2169.05</ele>
   </trkpt>
   <trkpt lat="46.329510000000006" lon="11.446790000000002">
    <ele>2164.0</ele>
   </trkpt>
   <trkpt lat="46.32947" lon="11.446800000000001">
    <ele>2164.0</ele>
   </trkpt>
   <trkpt lat="46.32936" lon="11.44674">
    <ele>2157.63</ele>
   </trkpt>
   <trkpt lat="46.328990000000005" lon="11.44627">
    <ele>2142.71</ele>
   </trkpt>
   <trkpt lat="46.328790000000005" lon="11.44594">
    <ele>2136.46</ele>
   </trkpt>
   <trkpt lat="46.32875000000001" lon="11.44583">
    <ele>2132.73</ele>
   </trkpt>
   <trkpt lat="46.32867" lon="11.445730000000001">
    <ele>2132.73</ele>
   </trkpt>
   <trkpt lat="46.328630000000004" lon="11.44561">
    <ele>2128.88</ele>
   </trkpt>
   <trkpt lat="46.328430000000004" lon="11.44532">
    <ele>2124.7000000000003</ele>
   </trkpt>
   <trkpt lat="46.32835" lon="11.445170000000001">
    <ele>2124.19</ele>
   </trkpt>
   <trkpt lat="46.32808000331125" lon="11.444284995295451">
    <ele>2119.82</ele>
   </trkpt>
   <trkpt lat="46.32781000000001" lon="11.4434">
    <ele>2120.4100000000003</ele>
   </trkpt>
   <trkpt lat="46.32771" lon="11.44317">
    <ele>2119.05</ele>
   </trkpt>
   <trkpt lat="46.32771" lon="11.442950000000002">
    <ele>2117.8500000000004</ele>
   </trkpt>
   <trkpt lat="46.327650000000006" lon="11.44264">
    <ele>2116.57</ele>
   </trkpt>
   <trkpt lat="46.32755" lon="11.442250000000001">
    <ele>2115.58</ele>
   </trkpt>
   <trkpt lat="46.32746" lon="11.441690000000001">
    <ele>2111.39</ele>
   </trkpt>
   <trkpt lat="46.327400000000004" lon="11.44158">
    <ele>2110.31</ele>
   </trkpt>
   <trkpt lat="46.32724" lon="11.441550000000001">
    <ele>2108.9100000000003</ele>
   </trkpt>
   <trkpt lat="46.327070000000006" lon="11.441450000000001">
    <ele>2104.96</ele>
   </trkpt>
   <trkpt lat="46.326950000000004" lon="11.441310000000001">
    <ele>2099.27</ele>
   </trkpt>
   <trkpt lat="46.3269" lon="11.441210000000002">
    <ele>2096.2599999999998</ele>
   </trkpt>
   <trkpt lat="46.32674" lon="11.440990000000001">
    <ele>2088.17</ele>
   </trkpt>
   <trkpt lat="46.326710000000006" lon="11.4405">
    <ele>2077.9</ele>
   </trkpt>
   <trkpt lat="46.32674" lon="11.440330000000001">
    <ele>2072.75</ele>
   </trkpt>
   <trkpt lat="46.32668" lon="11.44017">
    <ele>2071.4100000000003</ele>
   </trkpt>
   <trkpt lat="46.326660000000004" lon="11.43992">
    <ele>2065.5400000000004</ele>
   </trkpt>
   <trkpt lat="46.32668" lon="11.43979">
    <ele>2062.7500000000005</ele>
   </trkpt>
   <trkpt lat="46.32672" lon="11.43975">
    <ele>2060.1800000000003</ele>
   </trkpt>
   <trkpt lat="46.32677" lon="11.439540000000001">
    <ele>2056.82</ele>
   </trkpt>
   <trkpt lat="46.32661" lon="11.438490000000002">
    <ele>2045.5300000000002</ele>
   </trkpt>
   <trkpt lat="46.32661" lon="11.438220000000001">
    <ele>2044.5200000000002</ele>
   </trkpt>
   <trkpt lat="46.32659" lon="11.43815">
    <ele>2044.2</ele>
   </trkpt>
   <trkpt lat="46.326550000000005" lon="11.43809">
    <ele>2043.7700000000002</ele>
   </trkpt>
   <trkpt lat="46.32647" lon="11.437740000000002">
    <ele>2037.21</ele>
   </trkpt>
   <trkpt lat="46.326350000000005" lon="11.437650000000001">
    <ele>2033.4000000000003</ele>
   </trkpt>
   <trkpt lat="46.32631000000001" lon="11.437550000000002">
    <ele>2029.2700000000002</ele>
   </trkpt>
   <trkpt lat="46.32625" lon="11.437460000000002">
    <ele>2024.97</ele>
   </trkpt>
   <trkpt lat="46.32618" lon="11.437220000000002">
    <ele>2018.3400000000001</ele>
   </trkpt>
   <trkpt lat="46.32609" lon="11.43707">
    <ele>2007.3700000000003</ele>
   </trkpt>
   <trkpt lat="46.32602000000001" lon="11.43701">
    <ele>2007.3700000000003</ele>
   </trkpt>
   <trkpt lat="46.32598" lon="11.437050000000001">
    <ele>2000.5700000000002</ele>
   </trkpt>
   <trkpt lat="46.32587" lon="11.436910000000001">
    <ele>1996.15</ele>
   </trkpt>
   <trkpt lat="46.32584000000001" lon="11.436900000000001">
    <ele>1991.9400000000003</ele>
   </trkpt>
   <trkpt lat="46.3258" lon="11.436810000000001">
    <ele>1991.9400000000003</ele>
   </trkpt>
   <trkpt lat="46.325790000000005" lon="11.43679">
    <ele>1983.75</ele>
   </trkpt>
   <trkpt lat="46.325720000000004" lon="11.436750000000002">
    <ele>1981.8300000000002</ele>
   </trkpt>
   <trkpt lat="46.325520000000004" lon="11.43697">
    <ele>1967.0400000000002</ele>
   </trkpt>
   <trkpt lat="46.32544" lon="11.43701">
    <ele>1964.86</ele>
   </trkpt>
   <trkpt lat="46.325390000000006" lon="11.43701">
    <ele>1964.86</ele>
   </trkpt>
   <trkpt lat="46.32524" lon="11.43711">
    <ele>1953.39</ele>
   </trkpt>
   <trkpt lat="46.325190000000006" lon="11.43707">
    <ele>1951.4000000000003</ele>
   </trkpt>
   <trkpt lat="46.32518" lon="11.43712">
    <ele>1949.54</ele>
   </trkpt>
   <trkpt lat="46.32513" lon="11.437130000000002">
    <ele>1947.78</ele>
   </trkpt>
   <trkpt lat="46.325120000000005" lon="11.437040000000001">
    <ele>1947.78</ele>
   </trkpt>
   <trkpt lat="46.32509" lon="11.437000000000001">
    <ele>1947.78</ele>
   </trkpt>
   <trkpt lat="46.32502" lon="11.43707">
    <ele>1947.78</ele>
   </trkpt>
   <trkpt lat="46.325" lon="11.437000000000001">
    <ele>1932.5400000000002</ele>
   </trkpt>
   <trkpt lat="46.324960000000004" lon="11.436990000000002">
    <ele>1932.5400000000002</ele>
   </trkpt>
   <trkpt lat="46.32491" lon="11.43702">
    <ele>1932.5400000000002</ele>
   </trkpt>
   <trkpt lat="46.324870000000004" lon="11.43698">
    <ele>1932.5400000000002</ele>
   </trkpt>
   <trkpt lat="46.32482" lon="11.43682">
    <ele>1925.8600000000001</ele>
   </trkpt>
   <trkpt lat="46.324670000000005" lon="11.436760000000001">
    <ele>1924.1100000000001</ele>
   </trkpt>
   <trkpt lat="46.324630000000006" lon="11.436770000000001">
    <ele>1918.6600000000003</ele>
   </trkpt>
   <trkpt lat="46.32461000000001" lon="11.43668">
    <ele>1918.6600000000003</ele>
   </trkpt>
   <trkpt lat="46.32455" lon="11.436630000000001">
    <ele>1915.2000000000003</ele>
   </trkpt>
   <trkpt lat="46.32444" lon="11.436620000000001">
    <ele>1911.94</ele>
   </trkpt>
   <trkpt lat="46.32434000000001" lon="11.436660000000002">
    <ele>1907.39</ele>
   </trkpt>
   <trkpt lat="46.324250000000006" lon="11.43646">
    <ele>1901.9800000000002</ele>
   </trkpt>
   <trkpt lat="46.32423000000001" lon="11.436250000000001">
    <ele>1898.5900000000001</ele>
   </trkpt>
   <trkpt lat="46.324000000000005" lon="11.43637">
    <ele>1893.3600000000001</ele>
   </trkpt>
   <trkpt lat="46.32381" lon="11.43659">
    <ele>1888.6</ele>
   </trkpt>
   <trkpt lat="46.32311000000001" lon="11.436910000000001">
    <ele>1869.94</ele>
   </trkpt>
   <trkpt lat="46.32276" lon="11.43698">
    <ele>1861.01</ele>
   </trkpt>
   <trkpt lat="46.322140000000005" lon="11.437360000000002">
    <ele>1842.5200000000002</ele>
   </trkpt>
   <trkpt lat="46.32191" lon="11.437610000000001">
    <ele>1836.64</ele>
   </trkpt>
   <trkpt lat="46.32157" lon="11.438410000000001">
    <ele>1819.7500000000002</ele>
   </trkpt>
   <trkpt lat="46.32151" lon="11.438880000000001">
    <ele>1813.0900000000001</ele>
   </trkpt>
   <trkpt lat="46.32166" lon="11.438910000000002">
    <ele>1809.2</ele>
   </trkpt>
   <trkpt lat="46.32211" lon="11.4388">
    <ele>1797.3700000000001</ele>
   </trkpt>
   <trkpt lat="46.32217000000001" lon="11.438870000000001">
    <ele>1793.68</ele>
   </trkpt>
   <trkpt lat="46.322120000000005" lon="11.43914">
    <ele>1789.8600000000001</ele>
   </trkpt>
   <trkpt lat="46.321690000000004" lon="11.43987">
    <ele>1768.2300000000002</ele>
   </trkpt>
   <trkpt lat="46.32135500213841" lon="11.440580004471942">
    <ele>1750.2400000000002</ele>
   </trkpt>
   <trkpt lat="46.321020000000004" lon="11.44129">
    <ele>1750.2400000000002</ele>
   </trkpt>
   <trkpt lat="46.32077" lon="11.441630000000002">
    <ele>1733.69</ele>
   </trkpt>
   <trkpt lat="46.320440000000005" lon="11.441880000000001">
    <ele>1725.0800000000002</ele>
   </trkpt>
   <trkpt lat="46.32027" lon="11.44217">
    <ele>1718.25</ele>
   </trkpt>
   <trkpt lat="46.32014" lon="11.442300000000001">
    <ele>1718.25</ele>
   </trkpt>
   <trkpt lat="46.319990000000004" lon="11.44231">
    <ele>1710.97</ele>
   </trkpt>
   <trkpt lat="46.3198" lon="11.442160000000001">
    <ele>1704.2</ele>
   </trkpt>
   <trkpt lat="46.31973000000001" lon="11.44204">
    <ele>1704.2</ele>
   </trkpt>
   <trkpt lat="46.319610000000004" lon="11.441160000000002">
    <ele>1686.56</ele>
   </trkpt>
   <trkpt lat="46.31962" lon="11.44048">
    <ele>1676.19</ele>
   </trkpt>
   <trkpt lat="46.31954" lon="11.440410000000002">
    <ele>1674.0800000000002</ele>
   </trkpt>
   <trkpt lat="46.31947" lon="11.440280000000001">
    <ele>1670.13</ele>
   </trkpt>
   <trkpt lat="46.31951" lon="11.43983">
    <ele>1663.8799999999999</ele>
   </trkpt>
   <trkpt lat="46.319410000000005" lon="11.43979">
    <ele>1662.22</ele>
   </trkpt>
   <trkpt lat="46.31915" lon="11.43984">
    <ele>1657.01</ele>
   </trkpt>
   <trkpt lat="46.31877" lon="11.43997">
    <ele>1649.8400000000001</ele>
   </trkpt>
   <trkpt lat="46.3186" lon="11.439900000000002">
    <ele>1647.89</ele>
   </trkpt>
   <trkpt lat="46.318450000000006" lon="11.439670000000001">
    <ele>1644.95</ele>
   </trkpt>
   <trkpt lat="46.318000000000005" lon="11.439630000000001">
    <ele>1635.8400000000001</ele>
   </trkpt>
   <trkpt lat="46.317190000000004" lon="11.439430000000002">
    <ele>1613.63</ele>
   </trkpt>
   <trkpt lat="46.316970000000005" lon="11.43927">
    <ele>1605.04</ele>
   </trkpt>
   <trkpt lat="46.316590000000005" lon="11.438870000000001">
    <ele>1590.6200000000001</ele>
   </trkpt>
   <trkpt lat="46.31649" lon="11.43894">
    <ele>1587.4800000000002</ele>
   </trkpt>
   <trkpt lat="46.31649" lon="11.438960000000002">
    <ele>1587.4800000000002</ele>
   </trkpt>
   <trkpt lat="46.31649" lon="11.43894">
    <ele>1587.4800000000002</ele>
   </trkpt>
   <trkpt lat="46.3166" lon="11.439670000000001">
    <ele>1570.0800000000002</ele>
   </trkpt>
   <trkpt lat="46.31658" lon="11.4403">
    <ele>1559.3100000000002</ele>
   </trkpt>
   <trkpt lat="46.31651" lon="11.440520000000001">
    <ele>1554.51</ele>
   </trkpt>
   <trkpt lat="46.3162" lon="11.44072">
    <ele>1543.6100000000001</ele>
   </trkpt>
   <trkpt lat="46.316" lon="11.441080000000001">
    <ele>1537.5200000000002</ele>
   </trkpt>
   <trkpt lat="46.315720000000006" lon="11.44109">
    <ele>1522.4700000000003</ele>
   </trkpt>
   <trkpt lat="46.31564" lon="11.441210000000002">
    <ele>1519.0400000000002</ele>
   </trkpt>
   <trkpt lat="46.31553" lon="11.441550000000001">
    <ele>1512.43</ele>
   </trkpt>
   <trkpt lat="46.31551" lon="11.4418">
    <ele>1503.97</ele>
   </trkpt>
   <trkpt lat="46.315580000000004" lon="11.44204">
    <ele>1497.8500000000001</ele>
   </trkpt>
   <trkpt lat="46.315650000000005" lon="11.44241">
    <ele>1489.1100000000001</ele>
   </trkpt>
   <trkpt lat="46.3156" lon="11.442430000000002">
    <ele>1486.8600000000001</ele>
   </trkpt>
   <trkpt lat="46.31533" lon="11.442820000000001">
    <ele>1472.82</ele>
   </trkpt>
   <trkpt lat="46.315250000000006" lon="11.442860000000001">
    <ele>1472.82</ele>
   </trkpt>
   <trkpt lat="46.315200000000004" lon="11.442910000000001">
    <ele>1472.82</ele>
   </trkpt>
   <trkpt lat="46.315070000000006" lon="11.443130000000002">
    <ele>1465.9</ele>
   </trkpt>
   <trkpt lat="46.31492" lon="11.4433">
    <ele>1461.69</ele>
   </trkpt>
   <trkpt lat="46.31459" lon="11.443600000000002">
    <ele>1454.52</ele>
   </trkpt>
   <trkpt lat="46.3149" lon="11.444030000000001">
    <ele>1453.8500000000001</ele>
   </trkpt>
   <trkpt lat="46.31508" lon="11.444320000000001">
    <ele>1451.5900000000001</ele>
   </trkpt>
   <trkpt lat="46.31517" lon="11.445200000000002">
    <ele>1442.5400000000002</ele>
   </trkpt>
   <trkpt lat="46.315070000000006" lon="11.445810000000002">
    <ele>1435.68</ele>
   </trkpt>
   <trkpt lat="46.31514000000001" lon="11.446100000000001">
    <ele>1433.1299999999999</ele>
   </trkpt>
   <trkpt lat="46.315090000000005" lon="11.446760000000001">
    <ele>1428.8700000000001</ele>
   </trkpt>
   <trkpt lat="46.315320002185416" lon="11.447449997430635">
    <ele>1433.54</ele>
   </trkpt>
   <trkpt lat="46.31555" lon="11.44814">
    <ele>1442.2400000000002</ele>
   </trkpt>
   <trkpt lat="46.315870000000004" lon="11.44861">
    <ele>1451.3600000000001</ele>
   </trkpt>
   <trkpt lat="46.316140000000004" lon="11.448960000000001">
    <ele>1454.95</ele>
   </trkpt>
   <trkpt lat="46.316990000000004" lon="11.448690000000001">
    <ele>1455.8600000000001</ele>
   </trkpt>
   <trkpt lat="46.317280000000004" lon="11.448770000000001">
    <ele>1460.3400000000001</ele>
   </trkpt>
   <trkpt lat="46.3175" lon="11.44851">
    <ele>1462.7500000000002</ele>
   </trkpt>
   <trkpt lat="46.31801" lon="11.448670000000002">
    <ele>1471.6200000000001</ele>
   </trkpt>
   <trkpt lat="46.31832000000001" lon="11.44884">
    <ele>1479.16</ele>
   </trkpt>
   <trkpt lat="46.31851" lon="11.449050000000002">
    <ele>1484.08</ele>
   </trkpt>
   <trkpt lat="46.318540000000006" lon="11.44921">
    <ele>1485.26</ele>
   </trkpt>
   <trkpt lat="46.318540000000006" lon="11.44922">
    <ele>1485.26</ele>
   </trkpt>
   <trkpt lat="46.31850000000001" lon="11.44927">
    <ele>1486.1000000000001</ele>
   </trkpt>
   <trkpt lat="46.3183" lon="11.44918">
    <ele>1480.94</ele>
   </trkpt>
   <trkpt lat="46.318160000000006" lon="11.44902">
    <ele>1477.2800000000002</ele>
   </trkpt>
   <trkpt lat="46.318070000000006" lon="11.449000000000002">
    <ele>1475.3100000000002</ele>
   </trkpt>
   <trkpt lat="46.31796000000001" lon="11.449160000000001">
    <ele>1470.11</ele>
   </trkpt>
   <trkpt lat="46.31786" lon="11.449100000000001">
    <ele>1466.29</ele>
   </trkpt>
   <trkpt lat="46.31759" lon="11.449150000000001">
    <ele>1452.59</ele>
   </trkpt>
   <trkpt lat="46.31748" lon="11.449280000000002">
    <ele>1448.53</ele>
   </trkpt>
   <trkpt lat="46.31741" lon="11.449280000000002">
    <ele>1442.2400000000002</ele>
   </trkpt>
   <trkpt lat="46.31727" lon="11.449480000000001">
    <ele>1436.35</ele>
   </trkpt>
   <trkpt lat="46.317080000000004" lon="11.44954">
    <ele>1432.7</ele>
   </trkpt>
   <trkpt lat="46.316970000000005" lon="11.4496">
    <ele>1420.2400000000002</ele>
   </trkpt>
   <trkpt lat="46.31676" lon="11.44983">
    <ele>1408.91</ele>
   </trkpt>
   <trkpt lat="46.31671" lon="11.44983">
    <ele>1408.91</ele>
   </trkpt>
   <trkpt lat="46.316570000000006" lon="11.44996">
    <ele>1402.7500000000002</ele>
   </trkpt>
   <trkpt lat="46.3164" lon="11.450080000000002">
    <ele>1400.77</ele>
   </trkpt>
   <trkpt lat="46.316050000000004" lon="11.45048">
    <ele>1391.61</ele>
   </trkpt>
   <trkpt lat="46.31595" lon="11.450520000000001">
    <ele>1389.16</ele>
   </trkpt>
   <trkpt lat="46.31589" lon="11.450740000000001">
    <ele>1387.18</ele>
   </trkpt>
   <trkpt lat="46.315560000000005" lon="11.451130000000001">
    <ele>1382.98</ele>
   </trkpt>
   <trkpt lat="46.315450000000006" lon="11.45129">
    <ele>1380.38</ele>
   </trkpt>
   <trkpt lat="46.31526" lon="11.45138">
    <ele>1378.8500000000001</ele>
   </trkpt>
   <trkpt lat="46.31519" lon="11.451490000000002">
    <ele>1378.5500000000002</ele>
   </trkpt>
   <trkpt lat="46.31514000000001" lon="11.45161">
    <ele>1378.56</ele>
   </trkpt>
   <trkpt lat="46.314980000000006" lon="11.45176">
    <ele>1378.7600000000002</ele>
   </trkpt>
   <trkpt lat="46.31481" lon="11.451740000000001">
    <ele>1379.28</ele>
   </trkpt>
   <trkpt lat="46.3145" lon="11.45184">
    <ele>1381.3200000000002</ele>
   </trkpt>
   <trkpt lat="46.31432" lon="11.451810000000002">
    <ele>1381.7</ele>
   </trkpt>
   <trkpt lat="46.314150000000005" lon="11.451910000000002">
    <ele>1380.02</ele>
   </trkpt>
   <trkpt lat="46.313990000000004" lon="11.452190000000002">
    <ele>1375.1000000000001</ele>
   </trkpt>
   <trkpt lat="46.3138" lon="11.452280000000002">
    <ele>1370.3400000000001</ele>
   </trkpt>
   <trkpt lat="46.31364000000001" lon="11.45256">
    <ele>1367.31</ele>
   </trkpt>
   <trkpt lat="46.31336" lon="11.453190000000001">
    <ele>1358.78</ele>
   </trkpt>
   <trkpt lat="46.31317000000001" lon="11.453520000000001">
    <ele>1353.41</ele>
   </trkpt>
   <trkpt lat="46.31297000000001" lon="11.453660000000001">
    <ele>1350.65</ele>
   </trkpt>
   <trkpt lat="46.312780000000004" lon="11.453830000000002">
    <ele>1347.7</ele>
   </trkpt>
   <trkpt lat="46.312670000000004" lon="11.4539">
    <ele>1346.65</ele>
   </trkpt>
   <trkpt lat="46.31253" lon="11.454110000000002">
    <ele>1343.8400000000001</ele>
   </trkpt>
   <trkpt lat="46.31217" lon="11.45448">
    <ele>1338.16</ele>
   </trkpt>
   <trkpt lat="46.31208" lon="11.45484">
    <ele>1333.7800000000002</ele>
   </trkpt>
   <trkpt lat="46.311960000000006" lon="11.45513">
    <ele>1331.5100000000002</ele>
   </trkpt>
   <trkpt lat="46.311870000000006" lon="11.45522">
    <ele>1330.74</ele>
   </trkpt>
   <trkpt lat="46.31159" lon="11.45542">
    <ele>1327.9</ele>
   </trkpt>
   <trkpt lat="46.311400000000006" lon="11.455390000000001">
    <ele>1325.99</ele>
   </trkpt>
   <trkpt lat="46.311130000000006" lon="11.455470000000002">
    <ele>1321.99</ele>
   </trkpt>
   <trkpt lat="46.310990000000004" lon="11.455350000000001">
    <ele>1319.62</ele>
   </trkpt>
   <trkpt lat="46.310810000000004" lon="11.455330000000002">
    <ele>1318.0</ele>
   </trkpt>
   <trkpt lat="46.31065" lon="11.455250000000001">
    <ele>1316.9700000000003</ele>
   </trkpt>
   <trkpt lat="46.31049" lon="11.455290000000002">
    <ele>1316.5300000000002</ele>
   </trkpt>
   <trkpt lat="46.3104" lon="11.455470000000002">
    <ele>1315.94</ele>
   </trkpt>
   <trkpt lat="46.31036" lon="11.455800000000002">
    <ele>1313.64</ele>
   </trkpt>
   <trkpt lat="46.310280000000006" lon="11.45598">
    <ele>1312.06</ele>
   </trkpt>
   <trkpt lat="46.310190000000006" lon="11.456040000000002">
    <ele>1311.0700000000002</ele>
   </trkpt>
   <trkpt lat="46.310050000000004" lon="11.45598">
    <ele>1310.5300000000002</ele>
   </trkpt>
   <trkpt lat="46.30991" lon="11.456190000000001">
    <ele>1308.92</ele>
   </trkpt>
   <trkpt lat="46.30977" lon="11.456240000000001">
    <ele>1306.9</ele>
   </trkpt>
   <trkpt lat="46.30959000000001" lon="11.456550000000002">
    <ele>1301.96</ele>
   </trkpt>
   <trkpt lat="46.309400000000004" lon="11.457170000000001">
    <ele>1296.3600000000001</ele>
   </trkpt>
   <trkpt lat="46.309200000000004" lon="11.457460000000001">
    <ele>1291.9900000000002</ele>
   </trkpt>
   <trkpt lat="46.309090000000005" lon="11.4577">
    <ele>1290.2600000000002</ele>
   </trkpt>
   <trkpt lat="46.30894000000001" lon="11.457840000000001">
    <ele>1287.66</ele>
   </trkpt>
   <trkpt lat="46.308930000000004" lon="11.457970000000001">
    <ele>1286.9</ele>
   </trkpt>
   <trkpt lat="46.308820000000004" lon="11.458240000000002">
    <ele>1282.31</ele>
   </trkpt>
   <trkpt lat="46.30883" lon="11.458450000000001">
    <ele>1281.17</ele>
   </trkpt>
   <trkpt lat="46.30888" lon="11.458540000000001">
    <ele>1279.7200000000003</ele>
   </trkpt>
   <trkpt lat="46.308870000000006" lon="11.458620000000002">
    <ele>1278.7</ele>
   </trkpt>
   <trkpt lat="46.30892" lon="11.459000000000001">
    <ele>1276.7700000000002</ele>
   </trkpt>
   <trkpt lat="46.308890000000005" lon="11.459090000000002">
    <ele>1272.89</ele>
   </trkpt>
   <trkpt lat="46.30892" lon="11.459180000000002">
    <ele>1272.89</ele>
   </trkpt>
   <trkpt lat="46.3089" lon="11.45925">
    <ele>1271.39</ele>
   </trkpt>
   <trkpt lat="46.3089" lon="11.45944">
    <ele>1269.3000000000002</ele>
   </trkpt>
   <trkpt lat="46.30899" lon="11.459650000000002">
    <ele>1267.3300000000002</ele>
   </trkpt>
   <trkpt lat="46.30899" lon="11.45978">
    <ele>1265.3</ele>
   </trkpt>
   <trkpt lat="46.30904" lon="11.460040000000001">
    <ele>1262.43</ele>
   </trkpt>
   <trkpt lat="46.30904" lon="11.460460000000001">
    <ele>1256.89</ele>
   </trkpt>
   <trkpt lat="46.309000000000005" lon="11.46057">
    <ele>1255.97</ele>
   </trkpt>
   <trkpt lat="46.308840000000004" lon="11.46062">
    <ele>1252.15</ele>
   </trkpt>
   <trkpt lat="46.308620000000005" lon="11.46062">
    <ele>1249.06</ele>
   </trkpt>
   <trkpt lat="46.30854" lon="11.460650000000001">
    <ele>1249.06</ele>
   </trkpt>
   <trkpt lat="46.308490000000006" lon="11.460740000000001">
    <ele>1246.41</ele>
   </trkpt>
   <trkpt lat="46.30832" lon="11.460920000000002">
    <ele>1243.38</ele>
   </trkpt>
   <trkpt lat="46.30812" lon="11.46076">
    <ele>1235.89</ele>
   </trkpt>
   <trkpt lat="46.30805" lon="11.46066">
    <ele>1235.89</ele>
   </trkpt>
   <trkpt lat="46.30781" lon="11.460780000000002">
    <ele>1229.27</ele>
   </trkpt>
   <trkpt lat="46.307930000000006" lon="11.46099">
    <ele>1230.31</ele>
   </trkpt>
   <trkpt lat="46.30827000088577" lon="11.46144999709326">
    <ele>1236.07</ele>
   </trkpt>
   <trkpt lat="46.30861" lon="11.461910000000001">
    <ele>1239.5500000000002</ele>
   </trkpt>
   <trkpt lat="46.30868" lon="11.462150000000001">
    <ele>1242.2600000000002</ele>
   </trkpt>
   <trkpt lat="46.30859" lon="11.463030000000002">
    <ele>1241.56</ele>
   </trkpt>
   <trkpt lat="46.30866" lon="11.46325">
    <ele>1241.8</ele>
   </trkpt>
   <trkpt lat="46.30865000000001" lon="11.46329">
    <ele>1242.3300000000002</ele>
   </trkpt>
   <trkpt lat="46.308690000000006" lon="11.46338">
    <ele>1242.3300000000002</ele>
   </trkpt>
   <trkpt lat="46.30875" lon="11.46344">
    <ele>1242.3200000000002</ele>
   </trkpt>
   <trkpt lat="46.30877" lon="11.46349">
    <ele>1242.34</ele>
   </trkpt>
   <trkpt lat="46.30885000000001" lon="11.46358">
    <ele>1242.5900000000001</ele>
   </trkpt>
   <trkpt lat="46.30888" lon="11.463640000000002">
    <ele>1242.5900000000001</ele>
   </trkpt>
   <trkpt lat="46.30894000000001" lon="11.463690000000001">
    <ele>1242.5900000000001</ele>
   </trkpt>
   <trkpt lat="46.30897" lon="11.463780000000002">
    <ele>1242.67</ele>
   </trkpt>
   <trkpt lat="46.309160000000006" lon="11.46371">
    <ele>1243.43</ele>
   </trkpt>
   <trkpt lat="46.30921000000001" lon="11.463790000000001">
    <ele>1244.17</ele>
   </trkpt>
   <trkpt lat="46.30923000000001" lon="11.46399">
    <ele>1244.6200000000001</ele>
   </trkpt>
   <trkpt lat="46.30917" lon="11.46413">
    <ele>1244.51</ele>
   </trkpt>
   <trkpt lat="46.309200000000004" lon="11.46415">
    <ele>1244.7100000000003</ele>
   </trkpt>
   <trkpt lat="46.309290000000004" lon="11.46429">
    <ele>1245.19</ele>
   </trkpt>
   <trkpt lat="46.309290000000004" lon="11.46442">
    <ele>1245.72</ele>
   </trkpt>
   <trkpt lat="46.30937" lon="11.464580000000002">
    <ele>1247.12</ele>
   </trkpt>
   <trkpt lat="46.30942" lon="11.46457">
    <ele>1247.12</ele>
   </trkpt>
   <trkpt lat="46.30950000000001" lon="11.464580000000002">
    <ele>1248.3300000000002</ele>
   </trkpt>
   <trkpt lat="46.309540000000005" lon="11.464530000000002">
    <ele>1248.7700000000002</ele>
   </trkpt>
   <trkpt lat="46.30962" lon="11.464500000000001">
    <ele>1249.7600000000002</ele>
   </trkpt>
   <trkpt lat="46.30964" lon="11.464440000000002">
    <ele>1249.7600000000002</ele>
   </trkpt>
   <trkpt lat="46.30970000000001" lon="11.46442">
    <ele>1251.3899999999999</ele>
   </trkpt>
   <trkpt lat="46.309740000000005" lon="11.464440000000002">
    <ele>1251.3899999999999</ele>
   </trkpt>
   <trkpt lat="46.30982" lon="11.46443">
    <ele>1252.5300000000002</ele>
   </trkpt>
   <trkpt lat="46.309870000000004" lon="11.464340000000002">
    <ele>1254.38</ele>
   </trkpt>
   <trkpt lat="46.30991" lon="11.46433">
    <ele>1254.38</ele>
   </trkpt>
   <trkpt lat="46.309940000000005" lon="11.464250000000002">
    <ele>1254.97</ele>
   </trkpt>
   <trkpt lat="46.310080000000006" lon="11.464200000000002">
    <ele>1256.96</ele>
   </trkpt>
   <trkpt lat="46.31009" lon="11.46451">
    <ele>1255.2500000000002</ele>
   </trkpt>
   <trkpt lat="46.310010000000005" lon="11.4646">
    <ele>1254.31</ele>
   </trkpt>
   <trkpt lat="46.30984" lon="11.4649">
    <ele>1253.54</ele>
   </trkpt>
   <trkpt lat="46.3096" lon="11.465060000000001">
    <ele>1252.5700000000002</ele>
   </trkpt>
   <trkpt lat="46.30923000000001" lon="11.46498">
    <ele>1246.99</ele>
   </trkpt>
   <trkpt lat="46.308980000000005" lon="11.465000000000002">
    <ele>1241.41</ele>
   </trkpt>
   <trkpt lat="46.30892" lon="11.46507">
    <ele>1241.41</ele>
   </trkpt>
   <trkpt lat="46.30874" lon="11.46535">
    <ele>1239.0100000000002</ele>
   </trkpt>
   <trkpt lat="46.308580000000006" lon="11.46546">
    <ele>1238.15</ele>
   </trkpt>
   <trkpt lat="46.30841" lon="11.4655">
    <ele>1237.5</ele>
   </trkpt>
   <trkpt lat="46.308330000000005" lon="11.465480000000001">
    <ele>1236.4</ele>
   </trkpt>
   <trkpt lat="46.30789" lon="11.465670000000001">
    <ele>1229.91</ele>
   </trkpt>
   <trkpt lat="46.30792" lon="11.466000000000001">
    <ele>1232.34</ele>
   </trkpt>
   <trkpt lat="46.30783" lon="11.466640000000002">
    <ele>1234.75</ele>
   </trkpt>
   <trkpt lat="46.307770000000005" lon="11.46685">
    <ele>1234.92</ele>
   </trkpt>
   <trkpt lat="46.307410000000004" lon="11.467300000000002">
    <ele>1231.87</ele>
   </trkpt>
   <trkpt lat="46.3078" lon="11.46799">
    <ele>1237.67</ele>
   </trkpt>
   <trkpt lat="46.30789" lon="11.468020000000001">
    <ele>1238.3200000000002</ele>
   </trkpt>
   <trkpt lat="46.30791000000001" lon="11.46813">
    <ele>1238.3200000000002</ele>
   </trkpt>
   <trkpt lat="46.30798" lon="11.46827">
    <ele>1242.0500000000002</ele>
   </trkpt>
   <trkpt lat="46.30823" lon="11.46868">
    <ele>1245.72</ele>
   </trkpt>
   <trkpt lat="46.30828" lon="11.468800000000002">
    <ele>1249.6299999999999</ele>
   </trkpt>
   <trkpt lat="46.30841" lon="11.469240000000001">
    <ele>1253.3200000000002</ele>
   </trkpt>
   <trkpt lat="46.308600000000006" lon="11.469560000000001">
    <ele>1258.1100000000001</ele>
   </trkpt>
   <trkpt lat="46.30868" lon="11.469650000000001">
    <ele>1259.6000000000001</ele>
   </trkpt>
   <trkpt lat="46.3087" lon="11.47">
    <ele>1256.8700000000001</ele>
   </trkpt>
   <trkpt lat="46.308825001920006" lon="11.470664998441181">
    <ele>1256.3200000000002</ele>
   </trkpt>
   <trkpt lat="46.30895" lon="11.471330000000002">
    <ele>1260.54</ele>
   </trkpt>
   <trkpt lat="46.30883" lon="11.4717">
    <ele>1262.91</ele>
   </trkpt>
   <trkpt lat="46.308490000000006" lon="11.4715">
    <ele>1251.5500000000002</ele>
   </trkpt>
   <trkpt lat="46.308440000000004" lon="11.47131">
    <ele>1250.38</ele>
   </trkpt>
   <trkpt lat="46.30819" lon="11.471200000000001">
    <ele>1246.9</ele>
   </trkpt>
   <trkpt lat="46.307990000000004" lon="11.47098">
    <ele>1241.51</ele>
   </trkpt>
   <trkpt lat="46.307930000000006" lon="11.470820000000002">
    <ele>1238.82</ele>
   </trkpt>
   <trkpt lat="46.307430000000004" lon="11.470450000000001">
    <ele>1229.54</ele>
   </trkpt>
   <trkpt lat="46.30698" lon="11.47047">
    <ele>1225.51</ele>
   </trkpt>
   <trkpt lat="46.30687" lon="11.47015">
    <ele>1220.6000000000001</ele>
   </trkpt>
   <trkpt lat="46.30671" lon="11.469970000000002">
    <ele>1218.5900000000001</ele>
   </trkpt>
   <trkpt lat="46.30664" lon="11.47001">
    <ele>1217.9</ele>
   </trkpt>
   <trkpt lat="46.30646" lon="11.46972">
    <ele>1216.25</ele>
   </trkpt>
   <trkpt lat="46.306140000000006" lon="11.469570000000001">
    <ele>1212.94</ele>
   </trkpt>
   <trkpt lat="46.305930000000004" lon="11.46926">
    <ele>1209.8200000000002</ele>
   </trkpt>
   <trkpt lat="46.30576000000001" lon="11.46926">
    <ele>1207.15</ele>
   </trkpt>
   <trkpt lat="46.30557" lon="11.46884">
    <ele>1202.17</ele>
   </trkpt>
   <trkpt lat="46.30538000000001" lon="11.468670000000001">
    <ele>1198.88</ele>
   </trkpt>
   <trkpt lat="46.305330000000005" lon="11.46855">
    <ele>1196.71</ele>
   </trkpt>
   <trkpt lat="46.30541" lon="11.46845">
    <ele>1196.3000000000002</ele>
   </trkpt>
   <trkpt lat="46.305240000000005" lon="11.468390000000001">
    <ele>1194.69</ele>
   </trkpt>
   <trkpt lat="46.30516" lon="11.468300000000001">
    <ele>1194.22</ele>
   </trkpt>
   <trkpt lat="46.304750000000006" lon="11.46779">
    <ele>1188.23</ele>
   </trkpt>
   <trkpt lat="46.304590000000005" lon="11.467550000000001">
    <ele>1184.71</ele>
   </trkpt>
   <trkpt lat="46.30444000000001" lon="11.46743">
    <ele>1183.27</ele>
   </trkpt>
   <trkpt lat="46.30435000000001" lon="11.467390000000002">
    <ele>1182.3799999999999</ele>
   </trkpt>
   <trkpt lat="46.304260000000006" lon="11.467390000000002">
    <ele>1181.5800000000002</ele>
   </trkpt>
   <trkpt lat="46.30418" lon="11.46747">
    <ele>1181.5800000000002</ele>
   </trkpt>
   <trkpt lat="46.304140000000004" lon="11.467590000000001">
    <ele>1180.5</ele>
   </trkpt>
   <trkpt lat="46.30406000000001" lon="11.467630000000002">
    <ele>1179.75</ele>
   </trkpt>
   <trkpt lat="46.30397000000001" lon="11.467590000000001">
    <ele>1179.75</ele>
   </trkpt>
   <trkpt lat="46.303540000000005" lon="11.46719">
    <ele>1174.42</ele>
   </trkpt>
   <trkpt lat="46.303160000000005" lon="11.4669">
    <ele>1170.49</ele>
   </trkpt>
   <trkpt lat="46.30266000075983" lon="11.466469996033254">
    <ele>1162.38</ele>
   </trkpt>
   <trkpt lat="46.30216" lon="11.466040000000001">
    <ele>1158.53</ele>
   </trkpt>
   <trkpt lat="46.30180000000001" lon="11.465840000000002">
    <ele>1154.7800000000002</ele>
   </trkpt>
   <trkpt lat="46.301660000000005" lon="11.46583">
    <ele>1154.08</ele>
   </trkpt>
   <trkpt lat="46.3016" lon="11.46579">
    <ele>1154.08</ele>
   </trkpt>
   <trkpt lat="46.301570000000005" lon="11.465720000000001">
    <ele>1153.34</ele>
   </trkpt>
   <trkpt lat="46.30145" lon="11.46569">
    <ele>1153.04</ele>
   </trkpt>
   <trkpt lat="46.30111" lon="11.465620000000001">
    <ele>1151.93</ele>
   </trkpt>
   <trkpt lat="46.30048" lon="11.46554">
    <ele>1150.08</ele>
   </trkpt>
   <trkpt lat="46.29988499999627" lon="11.46555000010874">
    <ele>1148.5800000000002</ele>
   </trkpt>
   <trkpt lat="46.299290000000006" lon="11.465560000000002">
    <ele>1147.0800000000002</ele>
   </trkpt>
   <trkpt lat="46.299110000000006" lon="11.465580000000001">
    <ele>1146.65</ele>
   </trkpt>
   <trkpt lat="46.299020000000006" lon="11.465620000000001">
    <ele>1146.4</ele>
   </trkpt>
   <trkpt lat="46.29887" lon="11.46574">
    <ele>1145.93</ele>
   </trkpt>
   <trkpt lat="46.298750000000005" lon="11.465910000000001">
    <ele>1145.93</ele>
   </trkpt>
   <trkpt lat="46.29867" lon="11.466090000000001">
    <ele>1145.93</ele>
   </trkpt>
   <trkpt lat="46.2986" lon="11.466310000000002">
    <ele>1144.8200000000002</ele>
   </trkpt>
   <trkpt lat="46.298500000000004" lon="11.466970000000002">
    <ele>1144.65</ele>
   </trkpt>
   <trkpt lat="46.29849" lon="11.46723">
    <ele>1144.44</ele>
   </trkpt>
   <trkpt lat="46.298550000000006" lon="11.46771">
    <ele>1143.9</ele>
   </trkpt>
   <trkpt lat="46.298550000000006" lon="11.467870000000001">
    <ele>1143.9</ele>
   </trkpt>
   <trkpt lat="46.29848500181559" lon="11.4685150007439">
    <ele>1143.14</ele>
   </trkpt>
   <trkpt lat="46.29842000000001" lon="11.46916">
    <ele>1142.5400000000002</ele>
   </trkpt>
   <trkpt lat="46.29838" lon="11.469330000000001">
    <ele>1141.8300000000002</ele>
   </trkpt>
   <trkpt lat="46.298320000000004" lon="11.469410000000002">
    <ele>1141.8300000000002</ele>
   </trkpt>
   <trkpt lat="46.298230000000004" lon="11.469430000000001">
    <ele>1140.93</ele>
   </trkpt>
   <trkpt lat="46.29813" lon="11.46939">
    <ele>1140.93</ele>
   </trkpt>
   <trkpt lat="46.29802" lon="11.46925">
    <ele>1140.6100000000001</ele>
   </trkpt>
   <trkpt lat="46.29791" lon="11.46917">
    <ele>1139.8700000000001</ele>
   </trkpt>
   <trkpt lat="46.297830000000005" lon="11.46915">
    <ele>1139.5900000000001</ele>
   </trkpt>
   <trkpt lat="46.29742" lon="11.46926">
    <ele>1138.86</ele>
   </trkpt>
   <trkpt lat="46.29731" lon="11.46903">
    <ele>1137.39</ele>
   </trkpt>
   <trkpt lat="46.29713" lon="11.46874">
    <ele>1133.21</ele>
   </trkpt>
   <trkpt lat="46.29699" lon="11.468440000000001">
    <ele>1130.6200000000001</ele>
   </trkpt>
   <trkpt lat="46.296850000000006" lon="11.46808">
    <ele>1127.89</ele>
   </trkpt>
   <trkpt lat="46.29645000000001" lon="11.46756">
    <ele>1121.99</ele>
   </trkpt>
   <trkpt lat="46.29621500201943" lon="11.466879997093077">
    <ele>1118.5200000000002</ele>
   </trkpt>
   <trkpt lat="46.29598000000001" lon="11.4662">
    <ele>1113.7400000000002</ele>
   </trkpt>
   <trkpt lat="46.29601" lon="11.465800000000002">
    <ele>1110.06</ele>
   </trkpt>
   <trkpt lat="46.29599" lon="11.46554">
    <ele>1108.88</ele>
   </trkpt>
   <trkpt lat="46.29578" lon="11.465100000000001">
    <ele>1102.0700000000002</ele>
   </trkpt>
   <trkpt lat="46.29549" lon="11.464550000000001">
    <ele>1094.44</ele>
   </trkpt>
   <trkpt lat="46.29531" lon="11.46413">
    <ele>1089.52</ele>
   </trkpt>
   <trkpt lat="46.295260000000006" lon="11.463920000000002">
    <ele>1089.52</ele>
   </trkpt>
   <trkpt lat="46.29527" lon="11.463790000000001">
    <ele>1087.93</ele>
   </trkpt>
   <trkpt lat="46.29522" lon="11.46372">
    <ele>1087.93</ele>
   </trkpt>
   <trkpt lat="46.295080000000006" lon="11.46363">
    <ele>1085.7100000000003</ele>
   </trkpt>
   <trkpt lat="46.29473" lon="11.46362">
    <ele>1083.1200000000001</ele>
   </trkpt>
   <trkpt lat="46.29455" lon="11.463650000000001">
    <ele>1082.3700000000001</ele>
   </trkpt>
   <trkpt lat="46.29415" lon="11.463830000000002">
    <ele>1080.14</ele>
   </trkpt>
   <trkpt lat="46.293760000000006" lon="11.464030000000001">
    <ele>1077.05</ele>
   </trkpt>
   <trkpt lat="46.293470000000006" lon="11.464">
    <ele>1073.5400000000002</ele>
   </trkpt>
   <trkpt lat="46.29334" lon="11.464070000000001">
    <ele>1072.7</ele>
   </trkpt>
   <trkpt lat="46.293220000000005" lon="11.46443">
    <ele>1071.3799999999999</ele>
   </trkpt>
   <trkpt lat="46.29294" lon="11.46485">
    <ele>1067.59</ele>
   </trkpt>
   <trkpt lat="46.29276" lon="11.46507">
    <ele>1066.8600000000001</ele>
   </trkpt>
   <trkpt lat="46.29269" lon="11.46512">
    <ele>1066.8600000000001</ele>
   </trkpt>
   <trkpt lat="46.292770000000004" lon="11.464500000000001">
    <ele>1062.3200000000002</ele>
   </trkpt>
   <trkpt lat="46.29278" lon="11.46413">
    <ele>1060.09</ele>
   </trkpt>
   <trkpt lat="46.29271000000001" lon="11.464120000000001">
    <ele>1058.87</ele>
   </trkpt>
   <trkpt lat="46.29258" lon="11.464210000000001">
    <ele>1055.7500000000002</ele>
   </trkpt>
   <trkpt lat="46.29204000000001" lon="11.465100000000001">
    <ele>1046.5600000000002</ele>
   </trkpt>
   <trkpt lat="46.291990000000006" lon="11.465050000000002">
    <ele>1044.7600000000002</ele>
   </trkpt>
   <trkpt lat="46.292" lon="11.46489">
    <ele>1043.5</ele>
   </trkpt>
   <trkpt lat="46.29225" lon="11.463970000000002">
    <ele>1036.0200000000002</ele>
   </trkpt>
   <trkpt lat="46.29233000342666" lon="11.463085001152509">
    <ele>1027.46</ele>
   </trkpt>
   <trkpt lat="46.292410000000004" lon="11.462200000000001">
    <ele>1020.5500000000001</ele>
   </trkpt>
   <trkpt lat="46.29238" lon="11.46197">
    <ele>1019.2</ele>
   </trkpt>
   <trkpt lat="46.292460000000005" lon="11.46127">
    <ele>1015.5800000000002</ele>
   </trkpt>
   <trkpt lat="46.29263" lon="11.460460000000001">
    <ele>1009.8</ele>
   </trkpt>
   <trkpt lat="46.292440000000006" lon="11.460410000000001">
    <ele>1008.68</ele>
   </trkpt>
   <trkpt lat="46.292300000000004" lon="11.460270000000001">
    <ele>1007.6700000000001</ele>
   </trkpt>
   <trkpt lat="46.29216" lon="11.460170000000002">
    <ele>1004.95</ele>
   </trkpt>
   <trkpt lat="46.29196" lon="11.460130000000001">
    <ele>1003.3700000000001</ele>
   </trkpt>
   <trkpt lat="46.29178" lon="11.460130000000001">
    <ele>1000.0</ele>
   </trkpt>
   <trkpt lat="46.29178" lon="11.4601">
    <ele>1000.0</ele>
   </trkpt>
   <trkpt lat="46.29166" lon="11.46">
    <ele>999.11</ele>
   </trkpt>
   <trkpt lat="46.291720000000005" lon="11.459650000000002">
    <ele>999.92</ele>
   </trkpt>
   <trkpt lat="46.291650000000004" lon="11.45963">
    <ele>1000.4200000000001</ele>
   </trkpt>
   <trkpt lat="46.29166" lon="11.45954">
    <ele>1000.64</ele>
   </trkpt>
   <trkpt lat="46.29128" lon="11.459510000000002">
    <ele>997.8000000000001</ele>
   </trkpt>
   <trkpt lat="46.29111" lon="11.459430000000001">
    <ele>995.16</ele>
   </trkpt>
   <trkpt lat="46.29095" lon="11.45939">
    <ele>994.32</ele>
   </trkpt>
   <trkpt lat="46.290820000000004" lon="11.45926">
    <ele>992.7900000000001</ele>
   </trkpt>
   <trkpt lat="46.29072" lon="11.459190000000001">
    <ele>991.72</ele>
   </trkpt>
   <trkpt lat="46.290620000000004" lon="11.459150000000001">
    <ele>990.1400000000001</ele>
   </trkpt>
   <trkpt lat="46.290580000000006" lon="11.45897">
    <ele>988.74</ele>
   </trkpt>
   <trkpt lat="46.29059" lon="11.458860000000001">
    <ele>988.74</ele>
   </trkpt>
   <trkpt lat="46.29048" lon="11.458810000000001">
    <ele>987.3100000000001</ele>
   </trkpt>
   <trkpt lat="46.290400000000005" lon="11.45874">
    <ele>987.3100000000001</ele>
   </trkpt>
   <trkpt lat="46.2903" lon="11.458720000000001">
    <ele>986.19</ele>
   </trkpt>
   <trkpt lat="46.29027000000001" lon="11.458680000000001">
    <ele>986.19</ele>
   </trkpt>
   <trkpt lat="46.290220000000005" lon="11.458380000000002">
    <ele>985.0300000000001</ele>
   </trkpt>
   <trkpt lat="46.29014" lon="11.45813">
    <ele>984.5</ele>
   </trkpt>
   <trkpt lat="46.28996" lon="11.457930000000001">
    <ele>983.28</ele>
   </trkpt>
   <trkpt lat="46.28994" lon="11.457730000000002">
    <ele>982.4200000000001</ele>
   </trkpt>
   <trkpt lat="46.289930000000005" lon="11.457350000000002">
    <ele>981.4800000000001</ele>
   </trkpt>
   <trkpt lat="46.28996" lon="11.457160000000002">
    <ele>980.94</ele>
   </trkpt>
   <trkpt lat="46.290040000000005" lon="11.45681">
    <ele>980.0900000000001</ele>
   </trkpt>
   <trkpt lat="46.29017" lon="11.456560000000001">
    <ele>979.8200000000002</ele>
   </trkpt>
   <trkpt lat="46.29016000000001" lon="11.456100000000001">
    <ele>977.8200000000002</ele>
   </trkpt>
   <trkpt lat="46.290090000000006" lon="11.45602">
    <ele>977.8200000000002</ele>
   </trkpt>
   <trkpt lat="46.28996" lon="11.45592">
    <ele>974.71</ele>
   </trkpt>
   <trkpt lat="46.28980000000001" lon="11.45592">
    <ele>974.71</ele>
   </trkpt>
   <trkpt lat="46.28947" lon="11.45617">
    <ele>972.0900000000001</ele>
   </trkpt>
   <trkpt lat="46.28923" lon="11.456320000000002">
    <ele>969.5400000000001</ele>
   </trkpt>
   <trkpt lat="46.289" lon="11.4565">
    <ele>968.35</ele>
   </trkpt>
   <trkpt lat="46.28878" lon="11.456600000000002">
    <ele>966.1600000000001</ele>
   </trkpt>
   <trkpt lat="46.288500000000006" lon="11.456690000000002">
    <ele>964.85</ele>
   </trkpt>
   <trkpt lat="46.28821000000001" lon="11.45682">
    <ele>963.28</ele>
   </trkpt>
   <trkpt lat="46.288070000000005" lon="11.456900000000001">
    <ele>963.28</ele>
   </trkpt>
   <trkpt lat="46.28799" lon="11.45691">
    <ele>963.28</ele>
   </trkpt>
   <trkpt lat="46.287580000000005" lon="11.456760000000001">
    <ele>958.74</ele>
   </trkpt>
   <trkpt lat="46.28679" lon="11.456420000000001">
    <ele>952.82</ele>
   </trkpt>
   <trkpt lat="46.28660000000001" lon="11.456130000000002">
    <ele>954.1</ele>
   </trkpt>
   <trkpt lat="46.28647" lon="11.455990000000002">
    <ele>955.85</ele>
   </trkpt>
   <trkpt lat="46.2864" lon="11.455940000000002">
    <ele>956.9900000000001</ele>
   </trkpt>
   <trkpt lat="46.28611" lon="11.45584">
    <ele>959.25</ele>
   </trkpt>
   <trkpt lat="46.285900000000005" lon="11.45569">
    <ele>960.3800000000001</ele>
   </trkpt>
   <trkpt lat="46.285790000000006" lon="11.45555">
    <ele>960.6800000000001</ele>
   </trkpt>
   <trkpt lat="46.28562" lon="11.455190000000002">
    <ele>961.69</ele>
   </trkpt>
   <trkpt lat="46.28549" lon="11.45484">
    <ele>962.7200000000001</ele>
   </trkpt>
   <trkpt lat="46.28539000000001" lon="11.45438">
    <ele>964.6500000000001</ele>
   </trkpt>
   <trkpt lat="46.285210000000006" lon="11.453790000000001">
    <ele>966.1700000000001</ele>
   </trkpt>
   <trkpt lat="46.28572000005845" lon="11.453715000693254">
    <ele>965.9900000000001</ele>
   </trkpt>
   <trkpt lat="46.28623" lon="11.453640000000002">
    <ele>966.23</ele>
   </trkpt>
   <trkpt lat="46.286165002041464" lon="11.452954999146636">
    <ele>967.85</ele>
   </trkpt>
   <trkpt lat="46.286100000000005" lon="11.45227">
    <ele>968.2700000000001</ele>
   </trkpt>
   <trkpt lat="46.286060000000006" lon="11.45222">
    <ele>968.2700000000001</ele>
   </trkpt>
   <trkpt lat="46.285920000000004" lon="11.451770000000002">
    <ele>966.2400000000001</ele>
   </trkpt>
   <trkpt lat="46.28582" lon="11.45132">
    <ele>963.79</ele>
   </trkpt>
   <trkpt lat="46.28577000000001" lon="11.45096">
    <ele>961.2700000000001</ele>
   </trkpt>
   <trkpt lat="46.28562" lon="11.45071">
    <ele>958.3600000000001</ele>
   </trkpt>
   <trkpt lat="46.28557000000001" lon="11.450590000000002">
    <ele>958.3600000000001</ele>
   </trkpt>
   <trkpt lat="46.285540000000005" lon="11.450460000000001">
    <ele>955.7500000000001</ele>
   </trkpt>
   <trkpt lat="46.285450000000004" lon="11.4495">
    <ele>949.82</ele>
   </trkpt>
   <trkpt lat="46.285520000000005" lon="11.44904">
    <ele>946.36</ele>
   </trkpt>
   <trkpt lat="46.285540000000005" lon="11.44851">
    <ele>943.6700000000001</ele>
   </trkpt>
   <trkpt lat="46.28562" lon="11.448200000000002">
    <ele>939.7700000000001</ele>
   </trkpt>
   <trkpt lat="46.285540000000005" lon="11.44809">
    <ele>938.9300000000001</ele>
   </trkpt>
   <trkpt lat="46.285450000000004" lon="11.448">
    <ele>938.6000000000001</ele>
   </trkpt>
   <trkpt lat="46.285320000000006" lon="11.44796">
    <ele>937.73</ele>
   </trkpt>
   <trkpt lat="46.28508" lon="11.44799">
    <ele>936.0100000000001</ele>
   </trkpt>
   <trkpt lat="46.28486" lon="11.447930000000001">
    <ele>934.0</ele>
   </trkpt>
   <trkpt lat="46.284870000000005" lon="11.447930000000001">
    <ele>934.0</ele>
   </trkpt>
   <trkpt lat="46.28481000000001" lon="11.44804">
    <ele>933.59</ele>
   </trkpt>
   <trkpt lat="46.28421" lon="11.448340000000002">
    <ele>927.5300000000001</ele>
   </trkpt>
   <trkpt lat="46.284130000000005" lon="11.44832">
    <ele>927.0400000000001</ele>
   </trkpt>
   <trkpt lat="46.2841" lon="11.44827">
    <ele>926.48</ele>
   </trkpt>
   <trkpt lat="46.28394" lon="11.44833">
    <ele>924.1400000000001</ele>
   </trkpt>
   <trkpt lat="46.283840000000005" lon="11.44846">
    <ele>922.7900000000001</ele>
   </trkpt>
   <trkpt lat="46.283550000000005" lon="11.448340000000002">
    <ele>921.5300000000001</ele>
   </trkpt>
   <trkpt lat="46.28349" lon="11.44838">
    <ele>921.5300000000001</ele>
   </trkpt>
   <trkpt lat="46.2834" lon="11.44832">
    <ele>921.37</ele>
   </trkpt>
   <trkpt lat="46.28331000000001" lon="11.448340000000002">
    <ele>921.0300000000001</ele>
   </trkpt>
   <trkpt lat="46.28311" lon="11.44829">
    <ele>917.82</ele>
   </trkpt>
   <trkpt lat="46.28291" lon="11.448160000000001">
    <ele>907.85</ele>
   </trkpt>
   <trkpt lat="46.28262" lon="11.44813">
    <ele>898.6800000000001</ele>
   </trkpt>
   <trkpt lat="46.282560000000004" lon="11.448160000000001">
    <ele>897.7</ele>
   </trkpt>
   <trkpt lat="46.28246" lon="11.448260000000001">
    <ele>896.08</ele>
   </trkpt>
   <trkpt lat="46.28231" lon="11.448310000000001">
    <ele>894.3000000000001</ele>
   </trkpt>
   <trkpt lat="46.282250000000005" lon="11.44843">
    <ele>892.17</ele>
   </trkpt>
   <trkpt lat="46.28222" lon="11.44837">
    <ele>890.8100000000001</ele>
   </trkpt>
   <trkpt lat="46.282070000000004" lon="11.448400000000001">
    <ele>885.09</ele>
   </trkpt>
   <trkpt lat="46.281800000000004" lon="11.448690000000001">
    <ele>879.58</ele>
   </trkpt>
   <trkpt lat="46.28164" lon="11.449060000000001">
    <ele>876.57</ele>
   </trkpt>
   <trkpt lat="46.28128" lon="11.449440000000001">
    <ele>871.5600000000001</ele>
   </trkpt>
   <trkpt lat="46.28116000000001" lon="11.44993">
    <ele>873.62</ele>
   </trkpt>
   <trkpt lat="46.28087000000001" lon="11.45043">
    <ele>876.99</ele>
   </trkpt>
   <trkpt lat="46.28085" lon="11.45071">
    <ele>878.7900000000001</ele>
   </trkpt>
   <trkpt lat="46.28099" lon="11.45132">
    <ele>880.6600000000001</ele>
   </trkpt>
   <trkpt lat="46.28097" lon="11.45147">
    <ele>881.6600000000001</ele>
   </trkpt>
   <trkpt lat="46.281040000000004" lon="11.451720000000002">
    <ele>883.2200000000001</ele>
   </trkpt>
   <trkpt lat="46.281090000000006" lon="11.45179">
    <ele>883.5</ele>
   </trkpt>
   <trkpt lat="46.28119" lon="11.45185">
    <ele>884.21</ele>
   </trkpt>
   <trkpt lat="46.281530000000004" lon="11.45301">
    <ele>884.8900000000001</ele>
   </trkpt>
   <trkpt lat="46.281645002152494" lon="11.453719998232838">
    <ele>883.45</ele>
   </trkpt>
   <trkpt lat="46.281760000000006" lon="11.45443">
    <ele>878.89</ele>
   </trkpt>
   <trkpt lat="46.28193" lon="11.45494">
    <ele>876.5200000000001</ele>
   </trkpt>
   <trkpt lat="46.28211" lon="11.45512">
    <ele>874.02</ele>
   </trkpt>
   <trkpt lat="46.28195" lon="11.455100000000002">
    <ele>872.38</ele>
   </trkpt>
   <trkpt lat="46.28191" lon="11.45513">
    <ele>871.9100000000001</ele>
   </trkpt>
   <trkpt lat="46.28188" lon="11.455200000000001">
    <ele>871.9100000000001</ele>
   </trkpt>
   <trkpt lat="46.28188" lon="11.45526">
    <ele>869.7900000000001</ele>
   </trkpt>
   <trkpt lat="46.28199" lon="11.455440000000001">
    <ele>868.86</ele>
   </trkpt>
   <trkpt lat="46.282180000000004" lon="11.45565">
    <ele>866.9300000000001</ele>
   </trkpt>
   <trkpt lat="46.282180000000004" lon="11.45574">
    <ele>866.1</ele>
   </trkpt>
   <trkpt lat="46.282140000000005" lon="11.45578">
    <ele>865.6300000000001</ele>
   </trkpt>
   <trkpt lat="46.282090000000004" lon="11.455770000000001">
    <ele>865.11</ele>
   </trkpt>
   <trkpt lat="46.28154000000001" lon="11.455380000000002">
    <ele>858.6</ele>
   </trkpt>
   <trkpt lat="46.28123" lon="11.455110000000001">
    <ele>854.72</ele>
   </trkpt>
   <trkpt lat="46.28116000000001" lon="11.455020000000001">
    <ele>854.72</ele>
   </trkpt>
   <trkpt lat="46.28098000000001" lon="11.454680000000002">
    <ele>854.72</ele>
   </trkpt>
   <trkpt lat="46.280950000000004" lon="11.454500000000001">
    <ele>849.96</ele>
   </trkpt>
   <trkpt lat="46.28103" lon="11.453650000000001">
    <ele>845.96</ele>
   </trkpt>
   <trkpt lat="46.281020000000005" lon="11.453470000000001">
    <ele>845.96</ele>
   </trkpt>
   <trkpt lat="46.28098000000001" lon="11.453270000000002">
    <ele>845.4100000000001</ele>
   </trkpt>
   <trkpt lat="46.28076" lon="11.4527">
    <ele>844.21</ele>
   </trkpt>
   <trkpt lat="46.28069000000001" lon="11.45268">
    <ele>843.9100000000001</ele>
   </trkpt>
   <trkpt lat="46.28063" lon="11.4527">
    <ele>842.99</ele>
   </trkpt>
   <trkpt lat="46.280590000000004" lon="11.45241">
    <ele>841.1700000000001</ele>
   </trkpt>
   <trkpt lat="46.28052" lon="11.45227">
    <ele>840.6600000000001</ele>
   </trkpt>
   <trkpt lat="46.280480000000004" lon="11.45223">
    <ele>840.2900000000001</ele>
   </trkpt>
   <trkpt lat="46.279929999901285" lon="11.452214999846712">
    <ele>839.3600000000001</ele>
   </trkpt>
   <trkpt lat="46.27938" lon="11.452200000000001">
    <ele>841.1200000000001</ele>
   </trkpt>
   <trkpt lat="46.27928000000001" lon="11.452140000000002">
    <ele>841.1200000000001</ele>
   </trkpt>
   <trkpt lat="46.27881999983264" lon="11.452019998932549">
    <ele>844.01</ele>
   </trkpt>
   <trkpt lat="46.278360000000006" lon="11.4519">
    <ele>847.74</ele>
   </trkpt>
   <trkpt lat="46.27814" lon="11.4519">
    <ele>849.4200000000001</ele>
   </trkpt>
   <trkpt lat="46.27794" lon="11.451970000000001">
    <ele>850.23</ele>
   </trkpt>
   <trkpt lat="46.277800000000006" lon="11.451920000000001">
    <ele>850.9000000000001</ele>
   </trkpt>
   <trkpt lat="46.277890000000006" lon="11.45165">
    <ele>852.0300000000001</ele>
   </trkpt>
   <trkpt lat="46.27808" lon="11.451300000000002">
    <ele>856.25</ele>
   </trkpt>
   <trkpt lat="46.27781" lon="11.4504">
    <ele>866.97</ele>
   </trkpt>
   <trkpt lat="46.27772" lon="11.450790000000001">
    <ele>872.65</ele>
   </trkpt>
   <trkpt lat="46.277730000000005" lon="11.45091">
    <ele>875.2500000000001</ele>
   </trkpt>
   <trkpt lat="46.27769000000001" lon="11.451070000000001">
    <ele>877.1000000000001</ele>
   </trkpt>
   <trkpt lat="46.27767" lon="11.4511">
    <ele>877.1000000000001</ele>
   </trkpt>
   <trkpt lat="46.277620000000006" lon="11.451070000000001">
    <ele>877.1000000000001</ele>
   </trkpt>
   <trkpt lat="46.277570000000004" lon="11.45091">
    <ele>882.1200000000001</ele>
   </trkpt>
   <trkpt lat="46.27754" lon="11.450990000000001">
    <ele>882.1200000000001</ele>
   </trkpt>
   <trkpt lat="46.277530000000006" lon="11.451080000000001">
    <ele>884.07</ele>
   </trkpt>
   <trkpt lat="46.27749" lon="11.45115">
    <ele>884.99</ele>
   </trkpt>
   <trkpt lat="46.277460000000005" lon="11.451250000000002">
    <ele>886.68</ele>
   </trkpt>
   <trkpt lat="46.277460000000005" lon="11.45133">
    <ele>887.46</ele>
   </trkpt>
   <trkpt lat="46.27743" lon="11.45143">
    <ele>888.8000000000001</ele>
   </trkpt>
   <trkpt lat="46.27713000000001" lon="11.451820000000001">
    <ele>893.9</ele>
   </trkpt>
   <trkpt lat="46.277100000000004" lon="11.45189">
    <ele>894.5600000000001</ele>
   </trkpt>
   <trkpt lat="46.27704000000001" lon="11.45227">
    <ele>897.8300000000002</ele>
   </trkpt>
   <trkpt lat="46.27705" lon="11.452340000000001">
    <ele>900.29</ele>
   </trkpt>
   <trkpt lat="46.27711" lon="11.45246">
    <ele>901.63</ele>
   </trkpt>
   <trkpt lat="46.277210000000004" lon="11.452520000000002">
    <ele>902.44</ele>
   </trkpt>
   <trkpt lat="46.27723" lon="11.45283">
    <ele>910.0300000000001</ele>
   </trkpt>
   <trkpt lat="46.27722000000001" lon="11.452940000000002">
    <ele>910.0300000000001</ele>
   </trkpt>
   <trkpt lat="46.27718" lon="11.45301">
    <ele>911.46</ele>
   </trkpt>
   <trkpt lat="46.277120000000004" lon="11.453030000000002">
    <ele>914.1500000000001</ele>
   </trkpt>
   <trkpt lat="46.276770000000006" lon="11.452960000000001">
    <ele>920.39</ele>
   </trkpt>
   <trkpt lat="46.27657000000001" lon="11.452890000000002">
    <ele>922.66</ele>
   </trkpt>
   <trkpt lat="46.27624" lon="11.45273">
    <ele>927.0200000000001</ele>
   </trkpt>
   <trkpt lat="46.27606" lon="11.452720000000001">
    <ele>930.7900000000001</ele>
   </trkpt>
   <trkpt lat="46.275850000000005" lon="11.452800000000002">
    <ele>932.98</ele>
   </trkpt>
   <trkpt lat="46.275780000000005" lon="11.452950000000001">
    <ele>934.85</ele>
   </trkpt>
   <trkpt lat="46.275800000000004" lon="11.453240000000001">
    <ele>939.94</ele>
   </trkpt>
   <trkpt lat="46.275870000000005" lon="11.45349">
    <ele>941.3100000000001</ele>
   </trkpt>
   <trkpt lat="46.27591" lon="11.453750000000001">
    <ele>944.03</ele>
   </trkpt>
   <trkpt lat="46.27581000000001" lon="11.453890000000001">
    <ele>945.6600000000001</ele>
   </trkpt>
   <trkpt lat="46.27537" lon="11.454110000000002">
    <ele>955.46</ele>
   </trkpt>
   <trkpt lat="46.275150000000004" lon="11.454260000000001">
    <ele>959.95</ele>
   </trkpt>
   <trkpt lat="46.27496000000001" lon="11.45433">
    <ele>963.2600000000001</ele>
   </trkpt>
   <trkpt lat="46.27479" lon="11.45447">
    <ele>971.4800000000001</ele>
   </trkpt>
   <trkpt lat="46.27458" lon="11.4547">
    <ele>979.2600000000001</ele>
   </trkpt>
   <trkpt lat="46.27443" lon="11.454920000000001">
    <ele>982.8100000000001</ele>
   </trkpt>
   <trkpt lat="46.27434" lon="11.45518">
    <ele>987.6300000000001</ele>
   </trkpt>
   <trkpt lat="46.27427" lon="11.455490000000001">
    <ele>991.6400000000001</ele>
   </trkpt>
   <trkpt lat="46.274190000000004" lon="11.45574">
    <ele>994.07</ele>
   </trkpt>
   <trkpt lat="46.27405" lon="11.455940000000002">
    <ele>995.95</ele>
   </trkpt>
   <trkpt lat="46.273880000000005" lon="11.456100000000001">
    <ele>997.13</ele>
   </trkpt>
   <trkpt lat="46.27375000000001" lon="11.456090000000001">
    <ele>997.5100000000001</ele>
   </trkpt>
   <trkpt lat="46.27362" lon="11.456150000000001">
    <ele>997.07</ele>
   </trkpt>
   <trkpt lat="46.27351" lon="11.45626">
    <ele>995.5500000000001</ele>
   </trkpt>
   <trkpt lat="46.273320000000005" lon="11.4563">
    <ele>993.87</ele>
   </trkpt>
   <trkpt lat="46.273340000000005" lon="11.4564">
    <ele>995.3000000000001</ele>
   </trkpt>
   <trkpt lat="46.273300000000006" lon="11.456520000000001">
    <ele>995.3000000000001</ele>
   </trkpt>
   <trkpt lat="46.273230000000005" lon="11.45659">
    <ele>998.3000000000001</ele>
   </trkpt>
   <trkpt lat="46.27313" lon="11.456600000000002">
    <ele>998.3000000000001</ele>
   </trkpt>
   <trkpt lat="46.27304" lon="11.456570000000001">
    <ele>999.23</ele>
   </trkpt>
   <trkpt lat="46.27297" lon="11.456510000000002">
    <ele>999.23</ele>
   </trkpt>
   <trkpt lat="46.27290000000001" lon="11.45659">
    <ele>1000.7000000000002</ele>
   </trkpt>
   <trkpt lat="46.272600000000004" lon="11.455490000000001">
    <ele>1000.07</ele>
   </trkpt>
   <trkpt lat="46.272420000000004" lon="11.45565">
    <ele>1002.27</ele>
   </trkpt>
   <trkpt lat="46.272110000000005" lon="11.456000000000001">
    <ele>1006.96</ele>
   </trkpt>
   <trkpt lat="46.27183" lon="11.456040000000002">
    <ele>1009.47</ele>
   </trkpt>
   <trkpt lat="46.271710000000006" lon="11.45616">
    <ele>1010.24</ele>
   </trkpt>
   <trkpt lat="46.27172" lon="11.456650000000002">
    <ele>1010.68</ele>
   </trkpt>
   <trkpt lat="46.27168500345972" lon="11.457540000391793">
    <ele>1013.97</ele>
   </trkpt>
   <trkpt lat="46.27165" lon="11.458430000000002">
    <ele>1019.66</ele>
   </trkpt>
   <trkpt lat="46.271620000000006" lon="11.4588">
    <ele>1020.9400000000002</ele>
   </trkpt>
   <trkpt lat="46.271530000000006" lon="11.45925">
    <ele>1022.61</ele>
   </trkpt>
   <trkpt lat="46.27126500332831" lon="11.460120004111445">
    <ele>1030.7700000000002</ele>
   </trkpt>
   <trkpt lat="46.271" lon="11.46099">
    <ele>1040.88</ele>
   </trkpt>
   <trkpt lat="46.27096" lon="11.46132">
    <ele>1044.7000000000003</ele>
   </trkpt>
   <trkpt lat="46.27056" lon="11.460210000000002">
    <ele>1048.5</ele>
   </trkpt>
   <trkpt lat="46.270430000000005" lon="11.45936">
    <ele>1051.4</ele>
   </trkpt>
   <trkpt lat="46.27037500235944" lon="11.458624999323696">
    <ele>1054.3</ele>
   </trkpt>
   <trkpt lat="46.270320000000005" lon="11.45789">
    <ele>1056.54</ele>
   </trkpt>
   <trkpt lat="46.27037000000001" lon="11.457490000000002">
    <ele>1057.92</ele>
   </trkpt>
   <trkpt lat="46.27033000217714" lon="11.456779999122308">
    <ele>1059.94</ele>
   </trkpt>
   <trkpt lat="46.27029" lon="11.45607">
    <ele>1061.3700000000001</ele>
   </trkpt>
   <trkpt lat="46.27026" lon="11.455900000000002">
    <ele>1062.47</ele>
   </trkpt>
   <trkpt lat="46.269920000000006" lon="11.455530000000001">
    <ele>1063.19</ele>
   </trkpt>
   <trkpt lat="46.26972000000001" lon="11.45495">
    <ele>1065.0300000000002</ele>
   </trkpt>
   <trkpt lat="46.26932500074872" lon="11.454519996838863">
    <ele>1066.68</ele>
   </trkpt>
   <trkpt lat="46.268930000000005" lon="11.45409">
    <ele>1068.09</ele>
   </trkpt>
   <trkpt lat="46.268620000000006" lon="11.45405">
    <ele>1069.1200000000001</ele>
   </trkpt>
   <trkpt lat="46.26843" lon="11.453980000000001">
    <ele>1070.3400000000001</ele>
   </trkpt>
   <trkpt lat="46.26827" lon="11.453790000000001">
    <ele>1070.6200000000001</ele>
   </trkpt>
   <trkpt lat="46.26812" lon="11.45325">
    <ele>1071.25</ele>
   </trkpt>
   <trkpt lat="46.268010000000004" lon="11.45306">
    <ele>1071.3799999999999</ele>
   </trkpt>
   <trkpt lat="46.267480000000006" lon="11.452750000000002">
    <ele>1072.99</ele>
   </trkpt>
   <trkpt lat="46.26722" lon="11.45269">
    <ele>1074.3500000000001</ele>
   </trkpt>
   <trkpt lat="46.26706" lon="11.45278">
    <ele>1074.91</ele>
   </trkpt>
   <trkpt lat="46.26695" lon="11.45301">
    <ele>1075.5400000000002</ele>
   </trkpt>
   <trkpt lat="46.2668" lon="11.45311">
    <ele>1075.5400000000002</ele>
   </trkpt>
   <trkpt lat="46.266690000000004" lon="11.453100000000001">
    <ele>1076.39</ele>
   </trkpt>
   <trkpt lat="46.26653" lon="11.45287">
    <ele>1077.11</ele>
   </trkpt>
   <trkpt lat="46.26637" lon="11.452820000000001">
    <ele>1077.42</ele>
   </trkpt>
   <trkpt lat="46.26578000000001" lon="11.45284">
    <ele>1080.02</ele>
   </trkpt>
   <trkpt lat="46.265285000336675" lon="11.453060001930663">
    <ele>1081.75</ele>
   </trkpt>
   <trkpt lat="46.264790000000005" lon="11.453280000000001">
    <ele>1083.79</ele>
   </trkpt>
   <trkpt lat="46.264340000000004" lon="11.45321">
    <ele>1086.1100000000001</ele>
   </trkpt>
   <trkpt lat="46.263600001472014" lon="11.45377500756496">
    <ele>1089.1399999999999</ele>
   </trkpt>
   <trkpt lat="46.26286" lon="11.45434">
    <ele>1092.12</ele>
   </trkpt>
   <trkpt lat="46.2627" lon="11.454310000000001">
    <ele>1093.25</ele>
   </trkpt>
   <trkpt lat="46.26258000000001" lon="11.45423">
    <ele>1093.25</ele>
   </trkpt>
   <trkpt lat="46.2623" lon="11.45442">
    <ele>1095.11</ele>
   </trkpt>
   <trkpt lat="46.262080000000005" lon="11.45447">
    <ele>1096.02</ele>
   </trkpt>
   <trkpt lat="46.26171" lon="11.454460000000001">
    <ele>1098.16</ele>
   </trkpt>
   <trkpt lat="46.26129" lon="11.45438">
    <ele>1100.0500000000002</ele>
   </trkpt>
   <trkpt lat="46.26111" lon="11.45451">
    <ele>1101.05</ele>
   </trkpt>
   <trkpt lat="46.260960000000004" lon="11.45448">
    <ele>1102.0700000000002</ele>
   </trkpt>
   <trkpt lat="46.260690000000004" lon="11.454310000000001">
    <ele>1103.8700000000001</ele>
   </trkpt>
   <trkpt lat="46.26035" lon="11.454260000000001">
    <ele>1105.31</ele>
   </trkpt>
   <trkpt lat="46.259930000000004" lon="11.45415">
    <ele>1107.41</ele>
   </trkpt>
   <trkpt lat="46.259460000000004" lon="11.453560000000001">
    <ele>1109.92</ele>
   </trkpt>
   <trkpt lat="46.25911000000001" lon="11.453610000000001">
    <ele>1111.8700000000001</ele>
   </trkpt>
   <trkpt lat="46.25911000000001" lon="11.45354">
    <ele>1111.8700000000001</ele>
   </trkpt>
   <trkpt lat="46.258600000214166" lon="11.453650000988308">
    <ele>1117.0900000000001</ele>
   </trkpt>
   <trkpt lat="46.25809" lon="11.45376">
    <ele>1121.65</ele>
   </trkpt>
   <trkpt lat="46.25737000004943" lon="11.453634998355458">
    <ele>1130.7200000000003</ele>
   </trkpt>
   <trkpt lat="46.25665" lon="11.453510000000001">
    <ele>1139.2600000000002</ele>
   </trkpt>
   <trkpt lat="46.25638000000001" lon="11.453560000000001">
    <ele>1142.0700000000002</ele>
   </trkpt>
   <trkpt lat="46.25618" lon="11.45377">
    <ele>1143.52</ele>
   </trkpt>
   <trkpt lat="46.255990000000004" lon="11.4539">
    <ele>1145.8000000000002</ele>
   </trkpt>
   <trkpt lat="46.25531" lon="11.45415">
    <ele>1151.69</ele>
   </trkpt>
   <trkpt lat="46.25466" lon="11.454490000000002">
    <ele>1161.22</ele>
   </trkpt>
   <trkpt lat="46.25432000000001" lon="11.454600000000001">
    <ele>1164.32</ele>
   </trkpt>
   <trkpt lat="46.25424" lon="11.454580000000002">
    <ele>1166.97</ele>
   </trkpt>
   <trkpt lat="46.254180000000005" lon="11.45453">
    <ele>1168.67</ele>
   </trkpt>
   <trkpt lat="46.25408" lon="11.45433">
    <ele>1168.93</ele>
   </trkpt>
   <trkpt lat="46.25404" lon="11.454">
    <ele>1172.0400000000002</ele>
   </trkpt>
   <trkpt lat="46.25383" lon="11.453560000000001">
    <ele>1178.69</ele>
   </trkpt>
   <trkpt lat="46.253730000000004" lon="11.453500000000002">
    <ele>1178.69</ele>
   </trkpt>
   <trkpt lat="46.253460000000004" lon="11.45335">
    <ele>1182.72</ele>
   </trkpt>
   <trkpt lat="46.252700000000004" lon="11.452990000000002">
    <ele>1195.45</ele>
   </trkpt>
   <trkpt lat="46.25251" lon="11.45307">
    <ele>1198.6100000000001</ele>
   </trkpt>
   <trkpt lat="46.252320000000005" lon="11.4532">
    <ele>1204.76</ele>
   </trkpt>
   <trkpt lat="46.252050000000004" lon="11.4533">
    <ele>1211.23</ele>
   </trkpt>
   <trkpt lat="46.25168" lon="11.453190000000001">
    <ele>1213.5600000000002</ele>
   </trkpt>
   <trkpt lat="46.25097" lon="11.453220000000002">
    <ele>1226.8000000000002</ele>
   </trkpt>
   <trkpt lat="46.25083" lon="11.453270000000002">
    <ele>1228.9800000000002</ele>
   </trkpt>
   <trkpt lat="46.250780000000006" lon="11.453220000000002">
    <ele>1228.9800000000002</ele>
   </trkpt>
   <trkpt lat="46.25052" lon="11.45287">
    <ele>1235.6</ele>
   </trkpt>
   <trkpt lat="46.2499900014934" lon="11.452284994348924">
    <ele>1248.78</ele>
   </trkpt>
   <trkpt lat="46.249460000000006" lon="11.4517">
    <ele>1260.89</ele>
   </trkpt>
   <trkpt lat="46.24929" lon="11.451590000000001">
    <ele>1264.71</ele>
   </trkpt>
   <trkpt lat="46.248780000000004" lon="11.45137">
    <ele>1272.44</ele>
   </trkpt>
   <trkpt lat="46.24859000000001" lon="11.45132">
    <ele>1275.3600000000001</ele>
   </trkpt>
   <trkpt lat="46.248360000000005" lon="11.451360000000001">
    <ele>1279.29</ele>
   </trkpt>
   <trkpt lat="46.24783" lon="11.45152">
    <ele>1288.89</ele>
   </trkpt>
   <trkpt lat="46.247255000147916" lon="11.451720002105674">
    <ele>1299.3400000000001</ele>
   </trkpt>
   <trkpt lat="46.246680000000005" lon="11.451920000000001">
    <ele>1310.3200000000002</ele>
   </trkpt>
   <trkpt lat="46.246500000000005" lon="11.451960000000001">
    <ele>1310.3200000000002</ele>
   </trkpt>
   <trkpt lat="46.246170000000006" lon="11.45198">
    <ele>1318.06</ele>
   </trkpt>
   <trkpt lat="46.24618" lon="11.451970000000001">
    <ele>1318.06</ele>
   </trkpt>
   <trkpt lat="46.246050000000004" lon="11.452050000000002">
    <ele>1320.69</ele>
   </trkpt>
   <trkpt lat="46.24589" lon="11.45217">
    <ele>1322.9</ele>
   </trkpt>
   <trkpt lat="46.24559000000001" lon="11.45226">
    <ele>1327.05</ele>
   </trkpt>
   <trkpt lat="46.24520500051329" lon="11.452600002377899">
    <ele>1332.9700000000003</ele>
   </trkpt>
   <trkpt lat="46.244820000000004" lon="11.452940000000002">
    <ele>1344.3400000000001</ele>
   </trkpt>
   <trkpt lat="46.24434" lon="11.45353">
    <ele>1355.0900000000001</ele>
   </trkpt>
   <trkpt lat="46.24418000000001" lon="11.453690000000002">
    <ele>1355.0900000000001</ele>
   </trkpt>
   <trkpt lat="46.24407" lon="11.45376">
    <ele>1362.71</ele>
   </trkpt>
   <trkpt lat="46.24389" lon="11.453790000000001">
    <ele>1364.36</ele>
   </trkpt>
   <trkpt lat="46.24362000000001" lon="11.45373">
    <ele>1369.8000000000002</ele>
   </trkpt>
   <trkpt lat="46.24353000000001" lon="11.45373">
    <ele>1369.8000000000002</ele>
   </trkpt>
   <trkpt lat="46.243390000000005" lon="11.45378">
    <ele>1371.89</ele>
   </trkpt>
   <trkpt lat="46.24327" lon="11.45386">
    <ele>1374.8600000000001</ele>
   </trkpt>
   <trkpt lat="46.24307" lon="11.454070000000002">
    <ele>1378.75</ele>
   </trkpt>
   <trkpt lat="46.24293" lon="11.45414">
    <ele>1380.9900000000002</ele>
   </trkpt>
   <trkpt lat="46.24232500077177" lon="11.454540004361824">
    <ele>1396.97</ele>
   </trkpt>
   <trkpt lat="46.24172" lon="11.45494">
    <ele>1411.61</ele>
   </trkpt>
   <trkpt lat="46.241460000000004" lon="11.45508">
    <ele>1416.14</ele>
   </trkpt>
   <trkpt lat="46.240945001075765" lon="11.455605005056102">
    <ele>1428.98</ele>
   </trkpt>
   <trkpt lat="46.24043" lon="11.456130000000002">
    <ele>1441.2900000000002</ele>
   </trkpt>
   <trkpt lat="46.240370000000006" lon="11.45617">
    <ele>1443.3600000000001</ele>
   </trkpt>
   <trkpt lat="46.23986000000001" lon="11.45644">
    <ele>1453.93</ele>
   </trkpt>
   <trkpt lat="46.239430000000006" lon="11.456610000000001">
    <ele>1459.67</ele>
   </trkpt>
   <trkpt lat="46.23894000000001" lon="11.45663">
    <ele>1470.89</ele>
   </trkpt>
   <trkpt lat="46.238670000000006" lon="11.45672">
    <ele>1476.13</ele>
   </trkpt>
   <trkpt lat="46.238510000000005" lon="11.456790000000002">
    <ele>1478.7100000000003</ele>
   </trkpt>
   <trkpt lat="46.23832" lon="11.45692">
    <ele>1481.9700000000003</ele>
   </trkpt>
   <trkpt lat="46.238020000000006" lon="11.45719">
    <ele>1488.89</ele>
   </trkpt>
   <trkpt lat="46.23778" lon="11.457300000000002">
    <ele>1493.2200000000003</ele>
   </trkpt>
   <trkpt lat="46.23751" lon="11.45738">
    <ele>1497.6200000000001</ele>
   </trkpt>
   <trkpt lat="46.23697000000001" lon="11.457630000000002">
    <ele>1505.44</ele>
   </trkpt>
   <trkpt lat="46.23621000000001" lon="11.457780000000001">
    <ele>1517.8100000000002</ele>
   </trkpt>
   <trkpt lat="46.235890000000005" lon="11.457880000000001">
    <ele>1523.6200000000001</ele>
   </trkpt>
   <trkpt lat="46.235600000000005" lon="11.457880000000001">
    <ele>1528.41</ele>
   </trkpt>
   <trkpt lat="46.235510000000005" lon="11.457840000000001">
    <ele>1530.46</ele>
   </trkpt>
   <trkpt lat="46.235420000000005" lon="11.45772">
    <ele>1531.8700000000001</ele>
   </trkpt>
   <trkpt lat="46.235170000000004" lon="11.45775">
    <ele>1535.03</ele>
   </trkpt>
   <trkpt lat="46.23462000000001" lon="11.4579">
    <ele>1541.9</ele>
   </trkpt>
   <trkpt lat="46.234260000000006" lon="11.458070000000001">
    <ele>1549.65</ele>
   </trkpt>
   <trkpt lat="46.234010000000005" lon="11.458260000000001">
    <ele>1552.0900000000001</ele>
   </trkpt>
   <trkpt lat="46.233670000000004" lon="11.45856">
    <ele>1560.3</ele>
   </trkpt>
   <trkpt lat="46.23326" lon="11.45903">
    <ele>1567.53</ele>
   </trkpt>
   <trkpt lat="46.23288" lon="11.4593">
    <ele>1573.7800000000002</ele>
   </trkpt>
   <trkpt lat="46.23283000000001" lon="11.45936">
    <ele>1575.01</ele>
   </trkpt>
   <trkpt lat="46.23281" lon="11.459420000000001">
    <ele>1575.01</ele>
   </trkpt>
   <trkpt lat="46.232850000000006" lon="11.45959">
    <ele>1575.01</ele>
   </trkpt>
   <trkpt lat="46.23295" lon="11.45964">
    <ele>1575.5500000000002</ele>
   </trkpt>
   <trkpt lat="46.233200000000004" lon="11.459700000000002">
    <ele>1577.46</ele>
   </trkpt>
   <trkpt lat="46.23369" lon="11.459710000000001">
    <ele>1580.7900000000002</ele>
   </trkpt>
   <trkpt lat="46.233920000000005" lon="11.45964">
    <ele>1581.63</ele>
   </trkpt>
   <trkpt lat="46.23416" lon="11.459430000000001">
    <ele>1582.78</ele>
   </trkpt>
   <trkpt lat="46.23422" lon="11.459420000000001">
    <ele>1584.51</ele>
   </trkpt>
   <trkpt lat="46.23425" lon="11.459510000000002">
    <ele>1584.51</ele>
   </trkpt>
   <trkpt lat="46.234230000000004" lon="11.45958">
    <ele>1584.8300000000002</ele>
   </trkpt>
   <trkpt lat="46.234010000000005" lon="11.459810000000001">
    <ele>1586.71</ele>
   </trkpt>
   <trkpt lat="46.23359000000001" lon="11.460320000000001">
    <ele>1591.41</ele>
   </trkpt>
   <trkpt lat="46.233290000000004" lon="11.46043">
    <ele>1593.16</ele>
   </trkpt>
   <trkpt lat="46.23301000000001" lon="11.46066">
    <ele>1596.1000000000001</ele>
   </trkpt>
   <trkpt lat="46.232780000000005" lon="11.4609">
    <ele>1597.96</ele>
   </trkpt>
   <trkpt lat="46.23257" lon="11.460960000000002">
    <ele>1600.5800000000002</ele>
   </trkpt>
   <trkpt lat="46.23256000000001" lon="11.461">
    <ele>1600.5800000000002</ele>
   </trkpt>
   <trkpt lat="46.23217" lon="11.46122">
    <ele>1609.8500000000001</ele>
   </trkpt>
   <trkpt lat="46.232000000000006" lon="11.46142">
    <ele>1614.77</ele>
   </trkpt>
   <trkpt lat="46.23180000000001" lon="11.46156">
    <ele>1618.91</ele>
   </trkpt>
   <trkpt lat="46.23162000000001" lon="11.461730000000001">
    <ele>1623.39</ele>
   </trkpt>
   <trkpt lat="46.23134" lon="11.46222">
    <ele>1633.58</ele>
   </trkpt>
   <trkpt lat="46.23125" lon="11.462330000000001">
    <ele>1633.58</ele>
   </trkpt>
   <trkpt lat="46.23115000000001" lon="11.462420000000002">
    <ele>1637.8600000000001</ele>
   </trkpt>
   <trkpt lat="46.230940000000004" lon="11.462570000000001">
    <ele>1637.8600000000001</ele>
   </trkpt>
   <trkpt lat="46.23067" lon="11.462570000000001">
    <ele>1647.68</ele>
   </trkpt>
   <trkpt lat="46.23037" lon="11.46263">
    <ele>1652.56</ele>
   </trkpt>
   <trkpt lat="46.23030000000001" lon="11.462660000000001">
    <ele>1654.4500000000003</ele>
   </trkpt>
   <trkpt lat="46.23001000000001" lon="11.46307">
    <ele>1661.4700000000003</ele>
   </trkpt>
   <trkpt lat="46.229890000000005" lon="11.463370000000001">
    <ele>1668.1200000000001</ele>
   </trkpt>
   <trkpt lat="46.22986" lon="11.463410000000001">
    <ele>1668.1200000000001</ele>
   </trkpt>
   <trkpt lat="46.22963000000001" lon="11.463370000000001">
    <ele>1672.05</ele>
   </trkpt>
   <trkpt lat="46.229580000000006" lon="11.46338">
    <ele>1676.29</ele>
   </trkpt>
   <trkpt lat="46.22945000000001" lon="11.463600000000001">
    <ele>1681.52</ele>
   </trkpt>
   <trkpt lat="46.22939" lon="11.463610000000001">
    <ele>1681.52</ele>
   </trkpt>
   <trkpt lat="46.22917" lon="11.46376">
    <ele>1689.2600000000002</ele>
   </trkpt>
   <trkpt lat="46.22903" lon="11.463790000000001">
    <ele>1689.2600000000002</ele>
   </trkpt>
   <trkpt lat="46.22881" lon="11.463790000000001">
    <ele>1695.3100000000002</ele>
   </trkpt>
   <trkpt lat="46.22856" lon="11.463830000000002">
    <ele>1699.03</ele>
   </trkpt>
   <trkpt lat="46.22824000000001" lon="11.46391">
    <ele>1706.65</ele>
   </trkpt>
   <trkpt lat="46.22764" lon="11.46414">
    <ele>1714.22</ele>
   </trkpt>
   <trkpt lat="46.226960000000005" lon="11.46432">
    <ele>1730.16</ele>
   </trkpt>
   <trkpt lat="46.22623" lon="11.46474">
    <ele>1751.5800000000002</ele>
   </trkpt>
   <trkpt lat="46.22596" lon="11.464830000000001">
    <ele>1758.0700000000002</ele>
   </trkpt>
   <trkpt lat="46.22576" lon="11.46493">
    <ele>1761.5600000000002</ele>
   </trkpt>
   <trkpt lat="46.22547" lon="11.465010000000001">
    <ele>1769.3200000000002</ele>
   </trkpt>
   <trkpt lat="46.22525" lon="11.465110000000001">
    <ele>1774.8700000000001</ele>
   </trkpt>
   <trkpt lat="46.22511" lon="11.465110000000001">
    <ele>1780.75</ele>
   </trkpt>
   <trkpt lat="46.22489" lon="11.465160000000001">
    <ele>1782.58</ele>
   </trkpt>
   <trkpt lat="46.224540000000005" lon="11.465110000000001">
    <ele>1787.0</ele>
   </trkpt>
   <trkpt lat="46.224430000000005" lon="11.465240000000001">
    <ele>1795.5100000000002</ele>
   </trkpt>
   <trkpt lat="46.22437" lon="11.465250000000001">
    <ele>1795.5100000000002</ele>
   </trkpt>
   <trkpt lat="46.22428" lon="11.465200000000001">
    <ele>1795.5100000000002</ele>
   </trkpt>
   <trkpt lat="46.22421000000001" lon="11.465190000000002">
    <ele>1797.0700000000002</ele>
   </trkpt>
   <trkpt lat="46.22408" lon="11.46527">
    <ele>1798.52</ele>
   </trkpt>
   <trkpt lat="46.224030000000006" lon="11.46527">
    <ele>1798.52</ele>
   </trkpt>
   <trkpt lat="46.22395" lon="11.465230000000002">
    <ele>1800.22</ele>
   </trkpt>
   <trkpt lat="46.2237" lon="11.46499">
    <ele>1806.42</ele>
   </trkpt>
   <trkpt lat="46.22366" lon="11.46498">
    <ele>1806.42</ele>
   </trkpt>
   <trkpt lat="46.22317000012128" lon="11.464980000000002">
    <ele>1814.0800000000002</ele>
   </trkpt>
   <trkpt lat="46.222680000000004" lon="11.46498">
    <ele>1820.8600000000001</ele>
   </trkpt>
   <trkpt lat="46.22245" lon="11.465010000000001">
    <ele>1823.77</ele>
   </trkpt>
   <trkpt lat="46.22233000000001" lon="11.465090000000002">
    <ele>1825.29</ele>
   </trkpt>
   <trkpt lat="46.22216" lon="11.465240000000001">
    <ele>1826.98</ele>
   </trkpt>
   <trkpt lat="46.22189" lon="11.46532">
    <ele>1829.3400000000001</ele>
   </trkpt>
   <trkpt lat="46.221700000000006" lon="11.46535">
    <ele>1832.2900000000002</ele>
   </trkpt>
   <trkpt lat="46.221360000000004" lon="11.465470000000002">
    <ele>1836.2600000000002</ele>
   </trkpt>
   <trkpt lat="46.221140000000005" lon="11.46549">
    <ele>1839.5500000000002</ele>
   </trkpt>
   <trkpt lat="46.2209" lon="11.46546">
    <ele>1843.25</ele>
   </trkpt>
   <trkpt lat="46.22073" lon="11.4655">
    <ele>1845.8100000000002</ele>
   </trkpt>
   <trkpt lat="46.22046" lon="11.465520000000001">
    <ele>1850.0100000000002</ele>
   </trkpt>
   <trkpt lat="46.22041" lon="11.46555">
    <ele>1853.0600000000002</ele>
   </trkpt>
   <trkpt lat="46.22037" lon="11.46563">
    <ele>1853.0600000000002</ele>
   </trkpt>
   <trkpt lat="46.22039" lon="11.465840000000002">
    <ele>1855.8200000000002</ele>
   </trkpt>
   <trkpt lat="46.22043" lon="11.46601">
    <ele>1860.03</ele>
   </trkpt>
   <trkpt lat="46.22043" lon="11.46611">
    <ele>1860.03</ele>
   </trkpt>
   <trkpt lat="46.22039" lon="11.46616">
    <ele>1860.03</ele>
   </trkpt>
   <trkpt lat="46.220330000000004" lon="11.466170000000002">
    <ele>1860.03</ele>
   </trkpt>
   <trkpt lat="46.22014" lon="11.465940000000002">
    <ele>1864.3500000000001</ele>
   </trkpt>
   <trkpt lat="46.21997" lon="11.46596">
    <ele>1869.17</ele>
   </trkpt>
   <trkpt lat="46.21974" lon="11.465860000000001">
    <ele>1875.2700000000002</ele>
   </trkpt>
   <trkpt lat="46.21958" lon="11.465890000000002">
    <ele>1878.5200000000002</ele>
   </trkpt>
   <trkpt lat="46.219440000000006" lon="11.466000000000001">
    <ele>1879.4</ele>
   </trkpt>
   <trkpt lat="46.21936" lon="11.4661">
    <ele>1883.1400000000003</ele>
   </trkpt>
   <trkpt lat="46.21934" lon="11.466190000000001">
    <ele>1884.0</ele>
   </trkpt>
   <trkpt lat="46.219480000000004" lon="11.46639">
    <ele>1887.5700000000002</ele>
   </trkpt>
   <trkpt lat="46.21949" lon="11.46648">
    <ele>1887.5700000000002</ele>
   </trkpt>
   <trkpt lat="46.219480000000004" lon="11.466550000000002">
    <ele>1888.8300000000002</ele>
   </trkpt>
   <trkpt lat="46.2194" lon="11.466700000000001">
    <ele>1890.27</ele>
   </trkpt>
   <trkpt lat="46.219280000000005" lon="11.46676">
    <ele>1893.5100000000002</ele>
   </trkpt>
   <trkpt lat="46.219010000000004" lon="11.466740000000001">
    <ele>1895.21</ele>
   </trkpt>
   <trkpt lat="46.21891" lon="11.466790000000001">
    <ele>1894.9700000000003</ele>
   </trkpt>
   <trkpt lat="46.21878" lon="11.46691">
    <ele>1894.21</ele>
   </trkpt>
   <trkpt lat="46.2186" lon="11.466890000000001">
    <ele>1893.8500000000001</ele>
   </trkpt>
   <trkpt lat="46.21838" lon="11.46691">
    <ele>1893.5400000000002</ele>
   </trkpt>
   <trkpt lat="46.218230000000005" lon="11.466890000000001">
    <ele>1894.7800000000002</ele>
   </trkpt>
   <trkpt lat="46.21806" lon="11.466790000000001">
    <ele>1896.39</ele>
   </trkpt>
   <trkpt lat="46.21786" lon="11.46673">
    <ele>1900.09</ele>
   </trkpt>
   <trkpt lat="46.21773" lon="11.466660000000001">
    <ele>1901.58</ele>
   </trkpt>
   <trkpt lat="46.21764" lon="11.466700000000001">
    <ele>1905.4</ele>
   </trkpt>
   <trkpt lat="46.21757" lon="11.466690000000002">
    <ele>1905.4</ele>
   </trkpt>
   <trkpt lat="46.21743" lon="11.466750000000001">
    <ele>1912.7500000000002</ele>
   </trkpt>
   <trkpt lat="46.21732" lon="11.466830000000002">
    <ele>1914.06</ele>
   </trkpt>
   <trkpt lat="46.21725000000001" lon="11.466830000000002">
    <ele>1915.4700000000003</ele>
   </trkpt>
   <trkpt lat="46.21717" lon="11.46686">
    <ele>1921.5300000000002</ele>
   </trkpt>
   <trkpt lat="46.21714" lon="11.46724">
    <ele>1932.68</ele>
   </trkpt>
   <trkpt lat="46.21708" lon="11.467490000000002">
    <ele>1932.68</ele>
   </trkpt>
   <trkpt lat="46.217110000000005" lon="11.467600000000001">
    <ele>1938.47</ele>
   </trkpt>
   <trkpt lat="46.2171" lon="11.46793">
    <ele>1944.71</ele>
   </trkpt>
   <trkpt lat="46.217040000000004" lon="11.467960000000001">
    <ele>1944.71</ele>
   </trkpt>
   <trkpt lat="46.2171" lon="11.46808">
    <ele>1949.7600000000002</ele>
   </trkpt>
   <trkpt lat="46.21697" lon="11.46808">
    <ele>1954.23</ele>
   </trkpt>
   <trkpt lat="46.2169" lon="11.46812">
    <ele>1956.49</ele>
   </trkpt>
   <trkpt lat="46.21681" lon="11.46798">
    <ele>1957.4700000000003</ele>
   </trkpt>
   <trkpt lat="46.216680000000004" lon="11.46794">
    <ele>1961.2200000000003</ele>
   </trkpt>
   <trkpt lat="46.21652" lon="11.46798">
    <ele>1964.93</ele>
   </trkpt>
   <trkpt lat="46.216460000000005" lon="11.46822">
    <ele>1967.0400000000002</ele>
   </trkpt>
   <trkpt lat="46.21642000000001" lon="11.46827">
    <ele>1972.7800000000002</ele>
   </trkpt>
   <trkpt lat="46.21627" lon="11.46856">
    <ele>1977.9400000000003</ele>
   </trkpt>
   <trkpt lat="46.21625" lon="11.46868">
    <ele>1977.9400000000003</ele>
   </trkpt>
   <trkpt lat="46.216350000000006" lon="11.46939">
    <ele>1989.66</ele>
   </trkpt>
   <trkpt lat="46.21643" lon="11.469500000000002">
    <ele>1991.42</ele>
   </trkpt>
   <trkpt lat="46.21652" lon="11.469990000000001">
    <ele>1993.54</ele>
   </trkpt>
   <trkpt lat="46.21652" lon="11.47037">
    <ele>1999.63</ele>
   </trkpt>
   <trkpt lat="46.216550000000005" lon="11.470410000000001">
    <ele>1999.63</ele>
   </trkpt>
   <trkpt lat="46.216570000000004" lon="11.470580000000002">
    <ele>2001.3400000000004</ele>
   </trkpt>
   <trkpt lat="46.216480000000004" lon="11.471">
    <ele>2005.45</ele>
   </trkpt>
   <trkpt lat="46.21647" lon="11.47128">
    <ele>2009.65</ele>
   </trkpt>
   <trkpt lat="46.216440000000006" lon="11.471430000000002">
    <ele>2013.7400000000002</ele>
   </trkpt>
   <trkpt lat="46.21645" lon="11.47156">
    <ele>2018.2700000000002</ele>
   </trkpt>
   <trkpt lat="46.2165" lon="11.471660000000002">
    <ele>2019.7000000000003</ele>
   </trkpt>
   <trkpt lat="46.216550000000005" lon="11.471660000000002">
    <ele>2019.7000000000003</ele>
   </trkpt>
   <trkpt lat="46.216620000000006" lon="11.47161">
    <ele>2022.3400000000001</ele>
   </trkpt>
   <trkpt lat="46.216680000000004" lon="11.471490000000001">
    <ele>2025.7500000000005</ele>
   </trkpt>
   <trkpt lat="46.216840000000005" lon="11.471440000000001">
    <ele>2029.3100000000002</ele>
   </trkpt>
   <trkpt lat="46.2169" lon="11.471530000000001">
    <ele>2030.2200000000003</ele>
   </trkpt>
   <trkpt lat="46.21689000000001" lon="11.471760000000002">
    <ele>2034.8000000000002</ele>
   </trkpt>
   <trkpt lat="46.21692" lon="11.471810000000001">
    <ele>2034.8000000000002</ele>
   </trkpt>
   <trkpt lat="46.21685" lon="11.471870000000001">
    <ele>2038.8000000000002</ele>
   </trkpt>
   <trkpt lat="46.21685" lon="11.471950000000001">
    <ele>2039.89</ele>
   </trkpt>
   <trkpt lat="46.216640000000005" lon="11.47253">
    <ele>2043.1000000000004</ele>
   </trkpt>
   <trkpt lat="46.216590000000004" lon="11.47263">
    <ele>2043.95</ele>
   </trkpt>
   <trkpt lat="46.21620000093192" lon="11.473090003255793">
    <ele>2046.57</ele>
   </trkpt>
   <trkpt lat="46.215810000000005" lon="11.473550000000001">
    <ele>2046.6299999999999</ele>
   </trkpt>
   <trkpt lat="46.21569" lon="11.47375">
    <ele>2047.39</ele>
   </trkpt>
   <trkpt lat="46.21553" lon="11.47395">
    <ele>2049.4500000000003</ele>
   </trkpt>
   <trkpt lat="46.21528000000001" lon="11.474400000000001">
    <ele>2057.67</ele>
   </trkpt>
   <trkpt lat="46.2152" lon="11.4746">
    <ele>2061.1800000000003</ele>
   </trkpt>
   <trkpt lat="46.215090000000004" lon="11.474710000000002">
    <ele>2063.4300000000003</ele>
   </trkpt>
   <trkpt lat="46.21508" lon="11.474820000000001">
    <ele>2063.4300000000003</ele>
   </trkpt>
   <trkpt lat="46.21482" lon="11.47502">
    <ele>2068.7000000000003</ele>
   </trkpt>
   <trkpt lat="46.21466" lon="11.475200000000001">
    <ele>2073.36</ele>
   </trkpt>
   <trkpt lat="46.214600000000004" lon="11.4754">
    <ele>2076.4900000000002</ele>
   </trkpt>
   <trkpt lat="46.214400000000005" lon="11.475620000000001">
    <ele>2084.55</ele>
   </trkpt>
   <trkpt lat="46.21417" lon="11.475790000000002">
    <ele>2092.47</ele>
   </trkpt>
   <trkpt lat="46.21408" lon="11.47592">
    <ele>2095.9500000000003</ele>
   </trkpt>
   <trkpt lat="46.213930000000005" lon="11.47592">
    <ele>2104.9200000000005</ele>
   </trkpt>
   <trkpt lat="46.213730000000005" lon="11.475840000000002">
    <ele>2114.8900000000003</ele>
   </trkpt>
   <trkpt lat="46.21352" lon="11.475980000000002">
    <ele>2121.14</ele>
   </trkpt>
   <trkpt lat="46.21341" lon="11.475850000000001">
    <ele>2125.3100000000004</ele>
   </trkpt>
   <trkpt lat="46.21322000000001" lon="11.475890000000001">
    <ele>2128.2000000000003</ele>
   </trkpt>
   <trkpt lat="46.21309" lon="11.476080000000001">
    <ele>2135.8300000000004</ele>
   </trkpt>
   <trkpt lat="46.212970000000006" lon="11.475930000000002">
    <ele>2140.34</ele>
   </trkpt>
   <trkpt lat="46.212920000000004" lon="11.475840000000002">
    <ele>2146.4500000000003</ele>
   </trkpt>
   <trkpt lat="46.21269" lon="11.476040000000001">
    <ele>2154.79</ele>
   </trkpt>
   <trkpt lat="46.21264" lon="11.476">
    <ele>2160.7100000000005</ele>
   </trkpt>
   <trkpt lat="46.212520000000005" lon="11.476170000000002">
    <ele>2165.89</ele>
   </trkpt>
   <trkpt lat="46.212360000000004" lon="11.47605">
    <ele>2170.6000000000004</ele>
   </trkpt>
   <trkpt lat="46.21224" lon="11.476180000000001">
    <ele>2177.44</ele>
   </trkpt>
   <trkpt lat="46.21213" lon="11.47619">
    <ele>2183.0000000000005</ele>
   </trkpt>
   <trkpt lat="46.21208" lon="11.47634">
    <ele>2186.51</ele>
   </trkpt>
   <trkpt lat="46.211940000000006" lon="11.476360000000001">
    <ele>2189.84</ele>
   </trkpt>
   <trkpt lat="46.21182" lon="11.47635">
    <ele>2194.65</ele>
   </trkpt>
   <trkpt lat="46.21172000000001" lon="11.47647">
    <ele>2205.0</ele>
   </trkpt>
   <trkpt lat="46.21154000000001" lon="11.47647">
    <ele>2208.3500000000004</ele>
   </trkpt>
   <trkpt lat="46.2115" lon="11.47663">
    <ele>2213.06</ele>
   </trkpt>
   <trkpt lat="46.21137" lon="11.476700000000001">
    <ele>2216.1000000000004</ele>
   </trkpt>
   <trkpt lat="46.21125000000001" lon="11.47663">
    <ele>2223.1200000000003</ele>
   </trkpt>
   <trkpt lat="46.21114" lon="11.476840000000001">
    <ele>2223.1200000000003</ele>
   </trkpt>
   <trkpt lat="46.21096000000001" lon="11.47691">
    <ele>2233.09</ele>
   </trkpt>
   <trkpt lat="46.210840000000005" lon="11.476890000000001">
    <ele>2235.49</ele>
   </trkpt>
   <trkpt lat="46.210660000000004" lon="11.476890000000001">
    <ele>2239.86</ele>
   </trkpt>
   <trkpt lat="46.210510000000006" lon="11.47686">
    <ele>2241.9800000000005</ele>
   </trkpt>
   <trkpt lat="46.21036" lon="11.477060000000002">
    <ele>2248.1400000000003</ele>
   </trkpt>
   <trkpt lat="46.210170000000005" lon="11.477110000000001">
    <ele>2251.4700000000003</ele>
   </trkpt>
   <trkpt lat="46.210150000000006" lon="11.477200000000002">
    <ele>2251.4700000000003</ele>
   </trkpt>
   <trkpt lat="46.21016" lon="11.477210000000001">
    <ele>2251.4700000000003</ele>
   </trkpt>
   <trkpt lat="46.210150000000006" lon="11.47719">
    <ele>2251.4700000000003</ele>
   </trkpt>
   <trkpt lat="46.21032" lon="11.47741">
    <ele>2253.93</ele>
   </trkpt>
   <trkpt lat="46.21045" lon="11.47765">
    <ele>2255.36</ele>
   </trkpt>
   <trkpt lat="46.210570000000004" lon="11.477770000000001">
    <ele>2256.79</ele>
   </trkpt>
   <trkpt lat="46.21076" lon="11.477810000000002">
    <ele>2258.1900000000005</ele>
   </trkpt>
   <trkpt lat="46.211000000000006" lon="11.478000000000002">
    <ele>2262.76</ele>
   </trkpt>
   <trkpt lat="46.210910000000005" lon="11.478280000000002">
    <ele>2269.2300000000005</ele>
   </trkpt>
   <trkpt lat="46.21092" lon="11.478570000000001">
    <ele>2276.59</ele>
   </trkpt>
   <trkpt lat="46.211560000000006" lon="11.479090000000001">
    <ele>2263.36</ele>
   </trkpt>
   <trkpt lat="46.211420000000004" lon="11.479270000000001">
    <ele>2255.03</ele>
   </trkpt>
   <trkpt lat="46.21182" lon="11.47962">
    <ele>2243.9900000000002</ele>
   </trkpt>
   <trkpt lat="46.212070000000004" lon="11.48033">
    <ele>2225.5200000000004</ele>
   </trkpt>
   <trkpt lat="46.21228000000001" lon="11.480360000000001">
    <ele>2221.14</ele>
   </trkpt>
   <trkpt lat="46.21267" lon="11.48065">
    <ele>2214.86</ele>
   </trkpt>
   <trkpt lat="46.21289" lon="11.48108">
    <ele>2202.9100000000003</ele>
   </trkpt>
   <trkpt lat="46.2132" lon="11.48121">
    <ele>2195.5</ele>
   </trkpt>
   <trkpt lat="46.213190000000004" lon="11.481440000000001">
    <ele>2187.85</ele>
   </trkpt>
   <trkpt lat="46.21354" lon="11.48132">
    <ele>2171.97</ele>
   </trkpt>
   <trkpt lat="46.213660000000004" lon="11.48113">
    <ele>2169.2400000000002</ele>
   </trkpt>
   <trkpt lat="46.213820000000005" lon="11.48094">
    <ele>2162.91</ele>
   </trkpt>
   <trkpt lat="46.21383" lon="11.480730000000001">
    <ele>2162.91</ele>
   </trkpt>
   <trkpt lat="46.213910000000006" lon="11.48056">
    <ele>2155.09</ele>
   </trkpt>
   <trkpt lat="46.21392" lon="11.48047">
    <ele>2155.09</ele>
   </trkpt>
   <trkpt lat="46.21406" lon="11.480540000000001">
    <ele>2154.8</ele>
   </trkpt>
   <trkpt lat="46.214090000000006" lon="11.4806">
    <ele>2154.8</ele>
   </trkpt>
   <trkpt lat="46.21416000000001" lon="11.4806">
    <ele>2154.8</ele>
   </trkpt>
   <trkpt lat="46.21439" lon="11.48043">
    <ele>2154.8</ele>
   </trkpt>
   <trkpt lat="46.21448" lon="11.480400000000001">
    <ele>2154.8</ele>
   </trkpt>
   <trkpt lat="46.21457" lon="11.48032">
    <ele>2154.8</ele>
   </trkpt>
   <trkpt lat="46.214670000000005" lon="11.480490000000001">
    <ele>2154.8</ele>
   </trkpt>
   <trkpt lat="46.21475" lon="11.48056">
    <ele>2154.8</ele>
   </trkpt>
   <trkpt lat="46.214780000000005" lon="11.480640000000001">
    <ele>2154.8</ele>
   </trkpt>
   <trkpt lat="46.214850000000006" lon="11.48075">
    <ele>2154.8</ele>
   </trkpt>
   <trkpt lat="46.21482" lon="11.481110000000001">
    <ele>2154.8</ele>
   </trkpt>
   <trkpt lat="46.21493" lon="11.481630000000001">
    <ele>2154.8</ele>
   </trkpt>
   <trkpt lat="46.21493" lon="11.481890000000002">
    <ele>2154.8</ele>
   </trkpt>
   <trkpt lat="46.21491" lon="11.48202">
    <ele>2154.8</ele>
   </trkpt>
   <trkpt lat="46.214830000000006" lon="11.48216">
    <ele>2226.26</ele>
   </trkpt>
   <trkpt lat="46.21479" lon="11.48229">
    <ele>2226.26</ele>
   </trkpt>
   <trkpt lat="46.21477" lon="11.482520000000001">
    <ele>2226.26</ele>
   </trkpt>
   <trkpt lat="46.214690000000004" lon="11.48291">
    <ele>2226.26</ele>
   </trkpt>
   <trkpt lat="46.214690000000004" lon="11.48318">
    <ele>2226.26</ele>
   </trkpt>
   <trkpt lat="46.214580000000005" lon="11.48334">
    <ele>2226.26</ele>
   </trkpt>
   <trkpt lat="46.2145" lon="11.48352">
    <ele>2226.26</ele>
   </trkpt>
   <trkpt lat="46.214400000000005" lon="11.48365">
    <ele>2226.26</ele>
   </trkpt>
   <trkpt lat="46.2143" lon="11.48394">
    <ele>2226.26</ele>
   </trkpt>
   <trkpt lat="46.21425000000001" lon="11.48427">
    <ele>2226.26</ele>
   </trkpt>
   <trkpt lat="46.21426" lon="11.48432">
    <ele>2226.26</ele>
   </trkpt>
   <trkpt lat="46.214180000000006" lon="11.48445">
    <ele>2226.26</ele>
   </trkpt>
   <trkpt lat="46.21417" lon="11.484530000000001">
    <ele>2226.26</ele>
   </trkpt>
   <trkpt lat="46.214290000000005" lon="11.484660000000002">
    <ele>2232.15</ele>
   </trkpt>
   <trkpt lat="46.2145" lon="11.48464">
    <ele>2234.7000000000003</ele>
   </trkpt>
   <trkpt lat="46.21461" lon="11.484530000000001">
    <ele>2235.77</ele>
   </trkpt>
   <trkpt lat="46.21497" lon="11.484380000000002">
    <ele>2241.6</ele>
   </trkpt>
   <trkpt lat="46.215" lon="11.48441">
    <ele>2242.2200000000003</ele>
   </trkpt>
   <trkpt lat="46.215270000000004" lon="11.48426">
    <ele>2248.26</ele>
   </trkpt>
   <trkpt lat="46.21542" lon="11.484240000000002">
    <ele>2249.6400000000003</ele>
   </trkpt>
   <trkpt lat="46.215450000000004" lon="11.48418">
    <ele>2249.3700000000003</ele>
   </trkpt>
   <trkpt lat="46.21547" lon="11.484060000000001">
    <ele>2248.53</ele>
   </trkpt>
   <trkpt lat="46.21556" lon="11.483960000000002">
    <ele>2247.4800000000005</ele>
   </trkpt>
   <trkpt lat="46.21566000000001" lon="11.483730000000001">
    <ele>2245.12</ele>
   </trkpt>
   <trkpt lat="46.21573" lon="11.48352">
    <ele>2240.17</ele>
   </trkpt>
   <trkpt lat="46.215880000000006" lon="11.483490000000002">
    <ele>2237.09</ele>
   </trkpt>
   <trkpt lat="46.216" lon="11.483400000000001">
    <ele>2234.9300000000003</ele>
   </trkpt>
   <trkpt lat="46.216300000000004" lon="11.483410000000001">
    <ele>2226.4900000000002</ele>
   </trkpt>
   <trkpt lat="46.21642000000001" lon="11.48333">
    <ele>2224.4300000000003</ele>
   </trkpt>
   <trkpt lat="46.21654" lon="11.48334">
    <ele>2221.7000000000003</ele>
   </trkpt>
   <trkpt lat="46.216750000000005" lon="11.483460000000001">
    <ele>2217.88</ele>
   </trkpt>
   <trkpt lat="46.21699" lon="11.483630000000002">
    <ele>2206.7400000000002</ele>
   </trkpt>
   <trkpt lat="46.217000000000006" lon="11.48366">
    <ele>2206.7400000000002</ele>
   </trkpt>
   <trkpt lat="46.21696" lon="11.48371">
    <ele>2206.7400000000002</ele>
   </trkpt>
   <trkpt lat="46.21687000000001" lon="11.483720000000002">
    <ele>2203.29</ele>
   </trkpt>
   <trkpt lat="46.21681" lon="11.48376">
    <ele>2200.63</ele>
   </trkpt>
   <trkpt lat="46.216800000000006" lon="11.4838">
    <ele>2199.1</ele>
   </trkpt>
   <trkpt lat="46.21694" lon="11.48389">
    <ele>2194.17</ele>
   </trkpt>
   <trkpt lat="46.21705" lon="11.484000000000002">
    <ele>2189.9</ele>
   </trkpt>
   <trkpt lat="46.217220000000005" lon="11.484020000000001">
    <ele>2184.9500000000003</ele>
   </trkpt>
   <trkpt lat="46.217310000000005" lon="11.484150000000001">
    <ele>2180.72</ele>
   </trkpt>
   <trkpt lat="46.21744" lon="11.484210000000001">
    <ele>2177.5200000000004</ele>
   </trkpt>
   <trkpt lat="46.21726" lon="11.484430000000001">
    <ele>2169.03</ele>
   </trkpt>
   <trkpt lat="46.217200000000005" lon="11.484490000000001">
    <ele>2164.1600000000003</ele>
   </trkpt>
   <trkpt lat="46.21716000000001" lon="11.4845">
    <ele>2164.1600000000003</ele>
   </trkpt>
   <trkpt lat="46.217150000000004" lon="11.48454">
    <ele>2161.1000000000004</ele>
   </trkpt>
   <trkpt lat="46.21717" lon="11.484570000000001">
    <ele>2161.1000000000004</ele>
   </trkpt>
   <trkpt lat="46.21734000000001" lon="11.48469">
    <ele>2153.95</ele>
   </trkpt>
   <trkpt lat="46.21763000000001" lon="11.484820000000001">
    <ele>2145.6000000000004</ele>
   </trkpt>
   <trkpt lat="46.217690000000005" lon="11.484900000000001">
    <ele>2139.88</ele>
   </trkpt>
   <trkpt lat="46.2177" lon="11.48501">
    <ele>2136.19</ele>
   </trkpt>
   <trkpt lat="46.217760000000006" lon="11.485050000000001">
    <ele>2136.19</ele>
   </trkpt>
   <trkpt lat="46.217780000000005" lon="11.485100000000001">
    <ele>2136.19</ele>
   </trkpt>
   <trkpt lat="46.21768" lon="11.485220000000002">
    <ele>2129.3300000000004</ele>
   </trkpt>
   <trkpt lat="46.21768" lon="11.485320000000002">
    <ele>2121.92</ele>
   </trkpt>
   <trkpt lat="46.21773" lon="11.485360000000002">
    <ele>2121.92</ele>
   </trkpt>
   <trkpt lat="46.21773" lon="11.48539">
    <ele>2121.92</ele>
   </trkpt>
   <trkpt lat="46.217690000000005" lon="11.4854">
    <ele>2120.1600000000003</ele>
   </trkpt>
   <trkpt lat="46.2177" lon="11.48545">
    <ele>2120.1600000000003</ele>
   </trkpt>
   <trkpt lat="46.21761" lon="11.48553">
    <ele>2115.1</ele>
   </trkpt>
   <trkpt lat="46.21763000000001" lon="11.485600000000002">
    <ele>2113.27</ele>
   </trkpt>
   <trkpt lat="46.21761" lon="11.485650000000001">
    <ele>2113.27</ele>
   </trkpt>
   <trkpt lat="46.21763000000001" lon="11.485660000000001">
    <ele>2113.27</ele>
   </trkpt>
   <trkpt lat="46.21763000000001" lon="11.485700000000001">
    <ele>2113.27</ele>
   </trkpt>
   <trkpt lat="46.21768" lon="11.48573">
    <ele>2113.27</ele>
   </trkpt>
   <trkpt lat="46.217710000000004" lon="11.48606">
    <ele>2096.07</ele>
   </trkpt>
   <trkpt lat="46.21773" lon="11.486130000000001">
    <ele>2094.36</ele>
   </trkpt>
   <trkpt lat="46.217760000000006" lon="11.486160000000002">
    <ele>2094.36</ele>
   </trkpt>
   <trkpt lat="46.21777" lon="11.486220000000001">
    <ele>2094.36</ele>
   </trkpt>
   <trkpt lat="46.21792000000001" lon="11.48629">
    <ele>2087.66</ele>
   </trkpt>
   <trkpt lat="46.21795" lon="11.486440000000002">
    <ele>2082.0800000000004</ele>
   </trkpt>
   <trkpt lat="46.218050000000005" lon="11.48648">
    <ele>2075.2200000000003</ele>
   </trkpt>
   <trkpt lat="46.218090000000004" lon="11.486540000000002">
    <ele>2075.2200000000003</ele>
   </trkpt>
   <trkpt lat="46.21831" lon="11.486770000000002">
    <ele>2066.6000000000004</ele>
   </trkpt>
   <trkpt lat="46.218360000000004" lon="11.4868">
    <ele>2060.1600000000003</ele>
   </trkpt>
   <trkpt lat="46.21871" lon="11.48685">
    <ele>2053.58</ele>
   </trkpt>
   <trkpt lat="46.21891" lon="11.486970000000001">
    <ele>2042.1599999999999</ele>
   </trkpt>
   <trkpt lat="46.21898" lon="11.48699">
    <ele>2038.72</ele>
   </trkpt>
   <trkpt lat="46.218990000000005" lon="11.487070000000001">
    <ele>2038.72</ele>
   </trkpt>
   <trkpt lat="46.21904000000001" lon="11.487060000000001">
    <ele>2038.72</ele>
   </trkpt>
   <trkpt lat="46.219100000000005" lon="11.487190000000002">
    <ele>2030.71</ele>
   </trkpt>
   <trkpt lat="46.219170000000005" lon="11.487160000000001">
    <ele>2030.71</ele>
   </trkpt>
   <trkpt lat="46.21923" lon="11.487190000000002">
    <ele>2025.64</ele>
   </trkpt>
   <trkpt lat="46.219260000000006" lon="11.487250000000001">
    <ele>2025.64</ele>
   </trkpt>
   <trkpt lat="46.219480000000004" lon="11.48746">
    <ele>2017.2700000000002</ele>
   </trkpt>
   <trkpt lat="46.21954" lon="11.48759">
    <ele>2009.9500000000003</ele>
   </trkpt>
   <trkpt lat="46.21963" lon="11.487620000000001">
    <ele>2006.5300000000002</ele>
   </trkpt>
   <trkpt lat="46.219750000000005" lon="11.487710000000002">
    <ele>2002.0000000000002</ele>
   </trkpt>
   <trkpt lat="46.21987" lon="11.48773">
    <ele>1999.5200000000002</ele>
   </trkpt>
   <trkpt lat="46.21989000000001" lon="11.487810000000001">
    <ele>1997.4600000000003</ele>
   </trkpt>
   <trkpt lat="46.21987" lon="11.48784">
    <ele>1997.4600000000003</ele>
   </trkpt>
   <trkpt lat="46.219750000000005" lon="11.487900000000002">
    <ele>1995.4600000000003</ele>
   </trkpt>
   <trkpt lat="46.21943" lon="11.48826">
    <ele>1989.5000000000002</ele>
   </trkpt>
   <trkpt lat="46.21942000000001" lon="11.4884">
    <ele>1988.7200000000003</ele>
   </trkpt>
   <trkpt lat="46.21951000000001" lon="11.48877">
    <ele>1986.7500000000002</ele>
   </trkpt>
   <trkpt lat="46.219550000000005" lon="11.48928">
    <ele>1978.94</ele>
   </trkpt>
   <trkpt lat="46.21954" lon="11.489540000000002">
    <ele>1975.7600000000002</ele>
   </trkpt>
   <trkpt lat="46.219480000000004" lon="11.489780000000001">
    <ele>1972.26</ele>
   </trkpt>
   <trkpt lat="46.21945" lon="11.4898">
    <ele>1971.5800000000002</ele>
   </trkpt>
   <trkpt lat="46.21943" lon="11.489840000000001">
    <ele>1970.92</ele>
   </trkpt>
   <trkpt lat="46.21949" lon="11.49008">
    <ele>1969.2800000000002</ele>
   </trkpt>
   <trkpt lat="46.21945" lon="11.490260000000001">
    <ele>1967.3300000000002</ele>
   </trkpt>
   <trkpt lat="46.21938" lon="11.490430000000002">
    <ele>1965.7600000000002</ele>
   </trkpt>
   <trkpt lat="46.219350000000006" lon="11.490730000000001">
    <ele>1961.54</ele>
   </trkpt>
   <trkpt lat="46.21916" lon="11.490990000000002">
    <ele>1959.9400000000003</ele>
   </trkpt>
   <trkpt lat="46.218880000000006" lon="11.491100000000001">
    <ele>1958.2</ele>
   </trkpt>
   <trkpt lat="46.21835" lon="11.491420000000002">
    <ele>1950.95</ele>
   </trkpt>
   <trkpt lat="46.218270000000004" lon="11.49141">
    <ele>1950.13</ele>
   </trkpt>
   <trkpt lat="46.21817" lon="11.49145">
    <ele>1948.4200000000003</ele>
   </trkpt>
   <trkpt lat="46.218" lon="11.49145">
    <ele>1944.0300000000002</ele>
   </trkpt>
   <trkpt lat="46.218090000000004" lon="11.49168">
    <ele>1938.63</ele>
   </trkpt>
   <trkpt lat="46.21815" lon="11.49172">
    <ele>1937.48</ele>
   </trkpt>
   <trkpt lat="46.218160000000005" lon="11.491760000000001">
    <ele>1936.44</ele>
   </trkpt>
   <trkpt lat="46.217890000000004" lon="11.491760000000001">
    <ele>1930.6600000000003</ele>
   </trkpt>
   <trkpt lat="46.21766" lon="11.491890000000001">
    <ele>1923.3300000000002</ele>
   </trkpt>
   <trkpt lat="46.21746" lon="11.491950000000001">
    <ele>1917.16</ele>
   </trkpt>
   <trkpt lat="46.21741" lon="11.49202">
    <ele>1916.17</ele>
   </trkpt>
   <trkpt lat="46.217330000000004" lon="11.492220000000001">
    <ele>1910.24</ele>
   </trkpt>
   <trkpt lat="46.21735" lon="11.49224">
    <ele>1910.24</ele>
   </trkpt>
   <trkpt lat="46.217400000000005" lon="11.492510000000001">
    <ele>1899.15</ele>
   </trkpt>
   <trkpt lat="46.21739" lon="11.49261">
    <ele>1897.0300000000002</ele>
   </trkpt>
   <trkpt lat="46.217400000000005" lon="11.49272">
    <ele>1893.21</ele>
   </trkpt>
   <trkpt lat="46.217330000000004" lon="11.492890000000001">
    <ele>1886.91</ele>
   </trkpt>
   <trkpt lat="46.21735" lon="11.49324">
    <ele>1881.7100000000003</ele>
   </trkpt>
   <trkpt lat="46.21739" lon="11.493310000000001">
    <ele>1874.2200000000003</ele>
   </trkpt>
   <trkpt lat="46.21739" lon="11.493440000000001">
    <ele>1874.2200000000003</ele>
   </trkpt>
   <trkpt lat="46.21734000000001" lon="11.4936">
    <ele>1874.2200000000003</ele>
   </trkpt>
   <trkpt lat="46.21734000000001" lon="11.494040000000002">
    <ele>1856.3500000000001</ele>
   </trkpt>
   <trkpt lat="46.21741" lon="11.494280000000002">
    <ele>1848.2500000000002</ele>
   </trkpt>
   <trkpt lat="46.21739" lon="11.4944">
    <ele>1845.43</ele>
   </trkpt>
   <trkpt lat="46.21732" lon="11.49455">
    <ele>1844.17</ele>
   </trkpt>
   <trkpt lat="46.21726" lon="11.49483">
    <ele>1838.0700000000002</ele>
   </trkpt>
   <trkpt lat="46.21723" lon="11.495140000000001">
    <ele>1830.5600000000002</ele>
   </trkpt>
   <trkpt lat="46.21725000000001" lon="11.49521">
    <ele>1829.49</ele>
   </trkpt>
   <trkpt lat="46.21737" lon="11.49525">
    <ele>1828.4900000000002</ele>
   </trkpt>
   <trkpt lat="46.21743" lon="11.495190000000001">
    <ele>1828.4900000000002</ele>
   </trkpt>
   <trkpt lat="46.217510000000004" lon="11.49516">
    <ele>1827.5500000000002</ele>
   </trkpt>
   <trkpt lat="46.21777" lon="11.49511">
    <ele>1826.1200000000001</ele>
   </trkpt>
   <trkpt lat="46.218090000000004" lon="11.4951">
    <ele>1824.69</ele>
   </trkpt>
   <trkpt lat="46.218410000000006" lon="11.494850000000001">
    <ele>1822.7300000000002</ele>
   </trkpt>
   <trkpt lat="46.218700000000005" lon="11.49478">
    <ele>1819.0100000000002</ele>
   </trkpt>
   <trkpt lat="46.218770000000006" lon="11.49473">
    <ele>1818.54</ele>
   </trkpt>
   <trkpt lat="46.21889" lon="11.494340000000001">
    <ele>1815.66</ele>
   </trkpt>
   <trkpt lat="46.21893" lon="11.49427">
    <ele>1814.7000000000003</ele>
   </trkpt>
   <trkpt lat="46.21904000000001" lon="11.494200000000001">
    <ele>1814.7000000000003</ele>
   </trkpt>
   <trkpt lat="46.219240000000006" lon="11.49417">
    <ele>1812.0600000000002</ele>
   </trkpt>
   <trkpt lat="46.219480000000004" lon="11.494060000000001">
    <ele>1808.52</ele>
   </trkpt>
   <trkpt lat="46.220040000000004" lon="11.493870000000001">
    <ele>1802.4</ele>
   </trkpt>
   <trkpt lat="46.22016000000001" lon="11.493810000000002">
    <ele>1800.9700000000003</ele>
   </trkpt>
   <trkpt lat="46.22036000000001" lon="11.493630000000001">
    <ele>1798.55</ele>
   </trkpt>
   <trkpt lat="46.220560000000006" lon="11.493400000000001">
    <ele>1796.8100000000002</ele>
   </trkpt>
   <trkpt lat="46.22063000000001" lon="11.49337">
    <ele>1795.3700000000001</ele>
   </trkpt>
   <trkpt lat="46.220740000000006" lon="11.493350000000001">
    <ele>1794.52</ele>
   </trkpt>
   <trkpt lat="46.22108" lon="11.49337">
    <ele>1792.28</ele>
   </trkpt>
   <trkpt lat="46.22144" lon="11.493200000000002">
    <ele>1790.13</ele>
   </trkpt>
   <trkpt lat="46.221790000000006" lon="11.49296">
    <ele>1788.2900000000002</ele>
   </trkpt>
   <trkpt lat="46.222100000000005" lon="11.49286">
    <ele>1786.16</ele>
   </trkpt>
   <trkpt lat="46.22249" lon="11.492560000000001">
    <ele>1784.92</ele>
   </trkpt>
   <trkpt lat="46.222840000000005" lon="11.49235">
    <ele>1783.46</ele>
   </trkpt>
   <trkpt lat="46.223580000000005" lon="11.49202">
    <ele>1778.9</ele>
   </trkpt>
   <trkpt lat="46.22395" lon="11.49169">
    <ele>1775.5</ele>
   </trkpt>
   <trkpt lat="46.224180000000004" lon="11.4913">
    <ele>1771.8700000000001</ele>
   </trkpt>
   <trkpt lat="46.22424" lon="11.491240000000001">
    <ele>1771.64</ele>
   </trkpt>
   <trkpt lat="46.22429" lon="11.49121">
    <ele>1771.24</ele>
   </trkpt>
   <trkpt lat="46.224560000000004" lon="11.491200000000001">
    <ele>1769.06</ele>
   </trkpt>
   <trkpt lat="46.224650000000004" lon="11.49117">
    <ele>1768.76</ele>
   </trkpt>
   <trkpt lat="46.224880000000006" lon="11.490950000000002">
    <ele>1767.97</ele>
   </trkpt>
   <trkpt lat="46.22523" lon="11.490820000000001">
    <ele>1767.5500000000002</ele>
   </trkpt>
   <trkpt lat="46.2254" lon="11.490710000000002">
    <ele>1766.89</ele>
   </trkpt>
   <trkpt lat="46.22585" lon="11.49032">
    <ele>1764.13</ele>
   </trkpt>
   <trkpt lat="46.226150000000004" lon="11.490400000000001">
    <ele>1759.89</ele>
   </trkpt>
   <trkpt lat="46.22632" lon="11.490390000000001">
    <ele>1759.2</ele>
   </trkpt>
   <trkpt lat="46.22645000000001" lon="11.490350000000001">
    <ele>1758.5000000000002</ele>
   </trkpt>
   <trkpt lat="46.2267" lon="11.490350000000001">
    <ele>1758.0300000000002</ele>
   </trkpt>
   <trkpt lat="46.22706" lon="11.49027">
    <ele>1757.13</ele>
   </trkpt>
   <trkpt lat="46.227340000000005" lon="11.490300000000001">
    <ele>1755.94</ele>
   </trkpt>
   <trkpt lat="46.22771" lon="11.49041">
    <ele>1755.4900000000002</ele>
   </trkpt>
   <trkpt lat="46.22816" lon="11.49047">
    <ele>1754.55</ele>
   </trkpt>
   <trkpt lat="46.22829" lon="11.49046">
    <ele>1753.7900000000002</ele>
   </trkpt>
   <trkpt lat="46.2289" lon="11.490310000000001">
    <ele>1750.96</ele>
   </trkpt>
   <trkpt lat="46.2291" lon="11.490160000000001">
    <ele>1750.6000000000001</ele>
   </trkpt>
   <trkpt lat="46.22925" lon="11.490010000000002">
    <ele>1750.7400000000002</ele>
   </trkpt>
   <trkpt lat="46.22936000000001" lon="11.489840000000001">
    <ele>1751.18</ele>
   </trkpt>
   <trkpt lat="46.22972" lon="11.489370000000001">
    <ele>1752.7100000000003</ele>
   </trkpt>
   <trkpt lat="46.230070000000005" lon="11.48886">
    <ele>1750.9800000000002</ele>
   </trkpt>
   <trkpt lat="46.230250000000005" lon="11.488740000000002">
    <ele>1750.2000000000003</ele>
   </trkpt>
   <trkpt lat="46.23069" lon="11.488560000000001">
    <ele>1748.9800000000002</ele>
   </trkpt>
   <trkpt lat="46.230900000000005" lon="11.488370000000002">
    <ele>1748.04</ele>
   </trkpt>
   <trkpt lat="46.230970000000006" lon="11.48859">
    <ele>1748.19</ele>
   </trkpt>
   <trkpt lat="46.23107" lon="11.488740000000002">
    <ele>1748.4400000000003</ele>
   </trkpt>
   <trkpt lat="46.23122" lon="11.488790000000002">
    <ele>1748.94</ele>
   </trkpt>
   <trkpt lat="46.23154" lon="11.48849">
    <ele>1753.1100000000001</ele>
   </trkpt>
   <trkpt lat="46.23183" lon="11.48825">
    <ele>1758.0200000000002</ele>
   </trkpt>
   <trkpt lat="46.23208" lon="11.487870000000001">
    <ele>1764.6200000000001</ele>
   </trkpt>
   <trkpt lat="46.232220000000005" lon="11.4876">
    <ele>1769.98</ele>
   </trkpt>
   <trkpt lat="46.23245000000001" lon="11.487430000000002">
    <ele>1775.65</ele>
   </trkpt>
   <trkpt lat="46.23263" lon="11.487210000000001">
    <ele>1779.26</ele>
   </trkpt>
   <trkpt lat="46.232730000000004" lon="11.48718">
    <ele>1779.26</ele>
   </trkpt>
   <trkpt lat="46.23284" lon="11.48722">
    <ele>1784.4</ele>
   </trkpt>
   <trkpt lat="46.233000000000004" lon="11.487350000000001">
    <ele>1784.4</ele>
   </trkpt>
   <trkpt lat="46.233090000000004" lon="11.48736">
    <ele>1787.56</ele>
   </trkpt>
   <trkpt lat="46.23315" lon="11.487300000000001">
    <ele>1787.56</ele>
   </trkpt>
   <trkpt lat="46.233290000000004" lon="11.48709">
    <ele>1789.5500000000002</ele>
   </trkpt>
   <trkpt lat="46.23348000000001" lon="11.48685">
    <ele>1792.8000000000002</ele>
   </trkpt>
   <trkpt lat="46.23353" lon="11.486650000000001">
    <ele>1793.8500000000001</ele>
   </trkpt>
   <trkpt lat="46.23366" lon="11.486400000000001">
    <ele>1795.7600000000002</ele>
   </trkpt>
   <trkpt lat="46.23377000000001" lon="11.486260000000001">
    <ele>1796.7400000000002</ele>
   </trkpt>
   <trkpt lat="46.233830000000005" lon="11.48605">
    <ele>1798.28</ele>
   </trkpt>
   <trkpt lat="46.234100000000005" lon="11.48554">
    <ele>1801.0900000000001</ele>
   </trkpt>
   <trkpt lat="46.23422" lon="11.485410000000002">
    <ele>1803.0900000000001</ele>
   </trkpt>
   <trkpt lat="46.23434" lon="11.48535">
    <ele>1804.31</ele>
   </trkpt>
   <trkpt lat="46.23445" lon="11.485270000000002">
    <ele>1806.7700000000002</ele>
   </trkpt>
   <trkpt lat="46.23449" lon="11.48516">
    <ele>1808.92</ele>
   </trkpt>
   <trkpt lat="46.234440000000006" lon="11.48464">
    <ele>1821.41</ele>
   </trkpt>
   <trkpt lat="46.23451000000001" lon="11.4845">
    <ele>1824.51</ele>
   </trkpt>
   <trkpt lat="46.23462000000001" lon="11.4844">
    <ele>1826.16</ele>
   </trkpt>
   <trkpt lat="46.234640000000006" lon="11.48445">
    <ele>1834.7700000000002</ele>
   </trkpt>
   <trkpt lat="46.23472" lon="11.48437">
    <ele>1834.7700000000002</ele>
   </trkpt>
   <trkpt lat="46.234770000000005" lon="11.4844">
    <ele>1834.7700000000002</ele>
   </trkpt>
   <trkpt lat="46.234770000000005" lon="11.484480000000001">
    <ele>1840.0100000000002</ele>
   </trkpt>
   <trkpt lat="46.23485" lon="11.48455">
    <ele>1840.0100000000002</ele>
   </trkpt>
   <trkpt lat="46.23485" lon="11.48465">
    <ele>1846.7600000000002</ele>
   </trkpt>
   <trkpt lat="46.2349" lon="11.484720000000001">
    <ele>1846.7600000000002</ele>
   </trkpt>
   <trkpt lat="46.23496" lon="11.484710000000002">
    <ele>1850.23</ele>
   </trkpt>
   <trkpt lat="46.235020000000006" lon="11.484660000000002">
    <ele>1853.9</ele>
   </trkpt>
   <trkpt lat="46.2351" lon="11.48464">
    <ele>1853.9</ele>
   </trkpt>
   <trkpt lat="46.2351" lon="11.484670000000001">
    <ele>1859.73</ele>
   </trkpt>
   <trkpt lat="46.235170000000004" lon="11.484670000000001">
    <ele>1859.73</ele>
   </trkpt>
   <trkpt lat="46.235240000000005" lon="11.48455">
    <ele>1867.0600000000002</ele>
   </trkpt>
   <trkpt lat="46.23539" lon="11.48455">
    <ele>1872.81</ele>
   </trkpt>
   <trkpt lat="46.235530000000004" lon="11.48459">
    <ele>1876.4300000000003</ele>
   </trkpt>
   <trkpt lat="46.23557" lon="11.484570000000001">
    <ele>1876.4300000000003</ele>
   </trkpt>
   <trkpt lat="46.235580000000006" lon="11.4845">
    <ele>1879.76</ele>
   </trkpt>
   <trkpt lat="46.235640000000004" lon="11.48455">
    <ele>1884.6</ele>
   </trkpt>
   <trkpt lat="46.235820000000004" lon="11.48465">
    <ele>1889.7700000000002</ele>
   </trkpt>
   <trkpt lat="46.235870000000006" lon="11.484580000000001">
    <ele>1891.3700000000001</ele>
   </trkpt>
   <trkpt lat="46.23584" lon="11.484350000000001">
    <ele>1895.75</ele>
   </trkpt>
   <trkpt lat="46.236070000000005" lon="11.484350000000001">
    <ele>1901.0900000000001</ele>
   </trkpt>
   <trkpt lat="46.23608" lon="11.484280000000002">
    <ele>1902.71</ele>
   </trkpt>
   <trkpt lat="46.236050000000006" lon="11.484070000000001">
    <ele>1909.5300000000002</ele>
   </trkpt>
   <trkpt lat="46.236110000000004" lon="11.48408">
    <ele>1910.9900000000002</ele>
   </trkpt>
   <trkpt lat="46.2361" lon="11.483960000000002">
    <ele>1910.9900000000002</ele>
   </trkpt>
   <trkpt lat="46.23613" lon="11.48389">
    <ele>1916.2700000000002</ele>
   </trkpt>
   <trkpt lat="46.236070000000005" lon="11.48379">
    <ele>1919.01</ele>
   </trkpt>
   <trkpt lat="46.236110000000004" lon="11.483640000000001">
    <ele>1921.93</ele>
   </trkpt>
   <trkpt lat="46.23621000000001" lon="11.483670000000002">
    <ele>1924.98</ele>
   </trkpt>
   <trkpt lat="46.23624" lon="11.48357">
    <ele>1927.82</ele>
   </trkpt>
   <trkpt lat="46.23622" lon="11.48329">
    <ele>1932.95</ele>
   </trkpt>
   <trkpt lat="46.23628" lon="11.483300000000002">
    <ele>1935.63</ele>
   </trkpt>
   <trkpt lat="46.236270000000005" lon="11.483250000000002">
    <ele>1935.63</ele>
   </trkpt>
   <trkpt lat="46.23630000000001" lon="11.48319">
    <ele>1937.0300000000002</ele>
   </trkpt>
   <trkpt lat="46.236320000000006" lon="11.483210000000001">
    <ele>1937.0300000000002</ele>
   </trkpt>
   <trkpt lat="46.23650000000001" lon="11.483030000000001">
    <ele>1944.5500000000002</ele>
   </trkpt>
   <trkpt lat="46.236670000000004" lon="11.48291">
    <ele>1949.14</ele>
   </trkpt>
   <trkpt lat="46.23686000000001" lon="11.482830000000002">
    <ele>1955.1100000000001</ele>
   </trkpt>
   <trkpt lat="46.23696" lon="11.48276">
    <ele>1958.3000000000002</ele>
   </trkpt>
   <trkpt lat="46.23704" lon="11.48267">
    <ele>1959.18</ele>
   </trkpt>
   <trkpt lat="46.23713" lon="11.48267">
    <ele>1961.68</ele>
   </trkpt>
   <trkpt lat="46.23724000000001" lon="11.48262">
    <ele>1964.73</ele>
   </trkpt>
   <trkpt lat="46.237300000000005" lon="11.482780000000002">
    <ele>1967.2600000000002</ele>
   </trkpt>
   <trkpt lat="46.23743" lon="11.482800000000001">
    <ele>1973.0600000000002</ele>
   </trkpt>
   <trkpt lat="46.237610000000004" lon="11.482780000000002">
    <ele>1978.3000000000002</ele>
   </trkpt>
   <trkpt lat="46.237590000000004" lon="11.482930000000001">
    <ele>1980.68</ele>
   </trkpt>
   <trkpt lat="46.23751" lon="11.483070000000001">
    <ele>1984.05</ele>
   </trkpt>
   <trkpt lat="46.2374" lon="11.48371">
    <ele>1994.67</ele>
   </trkpt>
   <trkpt lat="46.2374" lon="11.483830000000001">
    <ele>1994.67</ele>
   </trkpt>
   <trkpt lat="46.23743" lon="11.48389">
    <ele>2002.0600000000002</ele>
   </trkpt>
   <trkpt lat="46.23749" lon="11.483910000000002">
    <ele>2002.0600000000002</ele>
   </trkpt>
   <trkpt lat="46.237500000000004" lon="11.484000000000002">
    <ele>2002.0600000000002</ele>
   </trkpt>
   <trkpt lat="46.23758" lon="11.48398">
    <ele>2002.0600000000002</ele>
   </trkpt>
   <trkpt lat="46.2376" lon="11.484050000000002">
    <ele>2008.42</ele>
   </trkpt>
   <trkpt lat="46.237660000000005" lon="11.484020000000001">
    <ele>2008.42</ele>
   </trkpt>
   <trkpt lat="46.23772" lon="11.48409">
    <ele>2008.42</ele>
   </trkpt>
   <trkpt lat="46.237790000000004" lon="11.484060000000001">
    <ele>2014.5900000000001</ele>
   </trkpt>
   <trkpt lat="46.23780000000001" lon="11.484160000000001">
    <ele>2014.5900000000001</ele>
   </trkpt>
   <trkpt lat="46.237860000000005" lon="11.484110000000001">
    <ele>2017.1300000000003</ele>
   </trkpt>
   <trkpt lat="46.237860000000005" lon="11.484250000000001">
    <ele>2017.1300000000003</ele>
   </trkpt>
   <trkpt lat="46.238060000000004" lon="11.484190000000002">
    <ele>2022.3</ele>
   </trkpt>
   <trkpt lat="46.238110000000006" lon="11.48422">
    <ele>2028.5000000000002</ele>
   </trkpt>
   <trkpt lat="46.23814" lon="11.484330000000002">
    <ele>2028.5000000000002</ele>
   </trkpt>
   <trkpt lat="46.238170000000004" lon="11.48436">
    <ele>2028.5000000000002</ele>
   </trkpt>
   <trkpt lat="46.23836000000001" lon="11.484340000000001">
    <ele>2035.41</ele>
   </trkpt>
   <trkpt lat="46.238580000000006" lon="11.48441">
    <ele>2039.52</ele>
   </trkpt>
   <trkpt lat="46.23874000000001" lon="11.48442">
    <ele>2042.2000000000003</ele>
   </trkpt>
   <trkpt lat="46.238820000000004" lon="11.484520000000002">
    <ele>2042.58</ele>
   </trkpt>
   <trkpt lat="46.2389" lon="11.484660000000002">
    <ele>2043.0100000000002</ele>
   </trkpt>
   <trkpt lat="46.238870000000006" lon="11.48474">
    <ele>2043.7000000000003</ele>
   </trkpt>
   <trkpt lat="46.23881" lon="11.48478">
    <ele>2044.26</ele>
   </trkpt>
   <trkpt lat="46.238800000000005" lon="11.484850000000002">
    <ele>2044.9800000000002</ele>
   </trkpt>
   <trkpt lat="46.238710000000005" lon="11.484960000000001">
    <ele>2048.06</ele>
   </trkpt>
   <trkpt lat="46.2387" lon="11.48506">
    <ele>2049.38</ele>
   </trkpt>
   <trkpt lat="46.23863" lon="11.485130000000002">
    <ele>2050.8300000000004</ele>
   </trkpt>
   <trkpt lat="46.238620000000004" lon="11.485270000000002">
    <ele>2055.55</ele>
   </trkpt>
   <trkpt lat="46.23856000000001" lon="11.485500000000002">
    <ele>2060.4300000000003</ele>
   </trkpt>
   <trkpt lat="46.23852" lon="11.48554">
    <ele>2067.2300000000005</ele>
   </trkpt>
   <trkpt lat="46.238510000000005" lon="11.485610000000001">
    <ele>2067.2300000000005</ele>
   </trkpt>
   <trkpt lat="46.238440000000004" lon="11.485740000000002">
    <ele>2070.55</ele>
   </trkpt>
   <trkpt lat="46.23843" lon="11.48581">
    <ele>2070.55</ele>
   </trkpt>
   <trkpt lat="46.23852" lon="11.485980000000001">
    <ele>2075.3500000000004</ele>
   </trkpt>
   <trkpt lat="46.238530000000004" lon="11.486080000000001">
    <ele>2081.35</ele>
   </trkpt>
   <trkpt lat="46.2385" lon="11.486160000000002">
    <ele>2081.35</ele>
   </trkpt>
   <trkpt lat="46.238530000000004" lon="11.486270000000001">
    <ele>2084.12</ele>
   </trkpt>
   <trkpt lat="46.23856000000001" lon="11.48652">
    <ele>2088.33</ele>
   </trkpt>
   <trkpt lat="46.23859" lon="11.486580000000002">
    <ele>2088.96</ele>
   </trkpt>
   <trkpt lat="46.238550000000004" lon="11.48671">
    <ele>2089.7400000000002</ele>
   </trkpt>
   <trkpt lat="46.23841" lon="11.48698">
    <ele>2090.2100000000005</ele>
   </trkpt>
   <trkpt lat="46.23834" lon="11.487060000000001">
    <ele>2090.9600000000005</ele>
   </trkpt>
   <trkpt lat="46.23828" lon="11.48736">
    <ele>2094.23</ele>
   </trkpt>
   <trkpt lat="46.23828" lon="11.48747">
    <ele>2096.28</ele>
   </trkpt>
   <trkpt lat="46.23823" lon="11.487540000000001">
    <ele>2098.4500000000003</ele>
   </trkpt>
   <trkpt lat="46.23818000000001" lon="11.487580000000001">
    <ele>2099.6200000000003</ele>
   </trkpt>
   <trkpt lat="46.238150000000005" lon="11.487670000000001">
    <ele>2100.86</ele>
   </trkpt>
   <trkpt lat="46.2381" lon="11.487710000000002">
    <ele>2102.16</ele>
   </trkpt>
   <trkpt lat="46.238060000000004" lon="11.48792">
    <ele>2107.61</ele>
   </trkpt>
   <trkpt lat="46.23772" lon="11.488510000000002">
    <ele>2116.8</ele>
   </trkpt>
   <trkpt lat="46.237700000000004" lon="11.488650000000002">
    <ele>2117.2400000000002</ele>
   </trkpt>
   <trkpt lat="46.23762000000001" lon="11.48891">
    <ele>2117.26</ele>
   </trkpt>
   <trkpt lat="46.237410000000004" lon="11.48943">
    <ele>2112.73</ele>
   </trkpt>
   <trkpt lat="46.237320000000004" lon="11.489960000000002">
    <ele>2109.3900000000003</ele>
   </trkpt>
   <trkpt lat="46.23722" lon="11.49018">
    <ele>2112.28</ele>
   </trkpt>
   <trkpt lat="46.237210000000005" lon="11.49032">
    <ele>2114.4800000000005</ele>
   </trkpt>
   <trkpt lat="46.23716" lon="11.49051">
    <ele>2119.88</ele>
   </trkpt>
   <trkpt lat="46.23705" lon="11.490530000000001">
    <ele>2121.48</ele>
   </trkpt>
   <trkpt lat="46.23713" lon="11.490630000000001">
    <ele>2126.6600000000003</ele>
   </trkpt>
   <trkpt lat="46.23706000000001" lon="11.490680000000001">
    <ele>2129.92</ele>
   </trkpt>
   <trkpt lat="46.23702" lon="11.49084">
    <ele>2137.2400000000002</ele>
   </trkpt>
   <trkpt lat="46.23704" lon="11.49098">
    <ele>2137.2400000000002</ele>
   </trkpt>
   <trkpt lat="46.23698" lon="11.491420000000002">
    <ele>2145.3</ele>
   </trkpt>
   <trkpt lat="46.23693" lon="11.491530000000001">
    <ele>2147.07</ele>
   </trkpt>
   <trkpt lat="46.23693" lon="11.491660000000001">
    <ele>2149.1800000000003</ele>
   </trkpt>
   <trkpt lat="46.236850000000004" lon="11.49191">
    <ele>2155.82</ele>
   </trkpt>
   <trkpt lat="46.23669" lon="11.492080000000001">
    <ele>2163.4800000000005</ele>
   </trkpt>
   <trkpt lat="46.23673" lon="11.492210000000002">
    <ele>2163.4800000000005</ele>
   </trkpt>
   <trkpt lat="46.23639000000001" lon="11.49276">
    <ele>2181.4500000000003</ele>
   </trkpt>
   <trkpt lat="46.236250000000005" lon="11.49294">
    <ele>2184.4300000000003</ele>
   </trkpt>
   <trkpt lat="46.236160000000005" lon="11.49318">
    <ele>2188.09</ele>
   </trkpt>
   <trkpt lat="46.23615" lon="11.49332">
    <ele>2190.0699999999997</ele>
   </trkpt>
   <trkpt lat="46.236050000000006" lon="11.49352">
    <ele>2191.86</ele>
   </trkpt>
   <trkpt lat="46.236000000000004" lon="11.493810000000002">
    <ele>2196.32</ele>
   </trkpt>
   <trkpt lat="46.23595" lon="11.493970000000001">
    <ele>2197.9900000000002</ele>
   </trkpt>
   <trkpt lat="46.235820000000004" lon="11.49407">
    <ele>2200.9700000000003</ele>
   </trkpt>
   <trkpt lat="46.235710000000005" lon="11.49412">
    <ele>2203.02</ele>
   </trkpt>
   <trkpt lat="46.23566" lon="11.494190000000001">
    <ele>2205.33</ele>
   </trkpt>
   <trkpt lat="46.23547000000001" lon="11.494330000000001">
    <ele>2209.54</ele>
   </trkpt>
   <trkpt lat="46.23537" lon="11.494340000000001">
    <ele>2212.92</ele>
   </trkpt>
   <trkpt lat="46.23509000000001" lon="11.49445">
    <ele>2219.23</ele>
   </trkpt>
   <trkpt lat="46.23471000000001" lon="11.49482">
    <ele>2220.42</ele>
   </trkpt>
   <trkpt lat="46.23458" lon="11.495000000000001">
    <ele>2220.7400000000002</ele>
   </trkpt>
   <trkpt lat="46.234500000000004" lon="11.495190000000001">
    <ele>2221.59</ele>
   </trkpt>
   <trkpt lat="46.23449" lon="11.49535">
    <ele>2224.1600000000003</ele>
   </trkpt>
   <trkpt lat="46.23451000000001" lon="11.495470000000001">
    <ele>2225.54</ele>
   </trkpt>
   <trkpt lat="46.23443" lon="11.49566">
    <ele>2227.78</ele>
   </trkpt>
   <trkpt lat="46.23422" lon="11.495880000000001">
    <ele>2233.42</ele>
   </trkpt>
   <trkpt lat="46.23416" lon="11.495980000000001">
    <ele>2235.0000000000005</ele>
   </trkpt>
   <trkpt lat="46.233990000000006" lon="11.49614">
    <ele>2237.5800000000004</ele>
   </trkpt>
   <trkpt lat="46.233790000000006" lon="11.49623">
    <ele>2242.3700000000003</ele>
   </trkpt>
   <trkpt lat="46.233630000000005" lon="11.49637">
    <ele>2247.98</ele>
   </trkpt>
   <trkpt lat="46.23337" lon="11.496690000000001">
    <ele>2258.1000000000004</ele>
   </trkpt>
   <trkpt lat="46.233340000000005" lon="11.496820000000001">
    <ele>2262.1800000000003</ele>
   </trkpt>
   <trkpt lat="46.233200000000004" lon="11.49698">
    <ele>2266.69</ele>
   </trkpt>
   <trkpt lat="46.2331" lon="11.497140000000002">
    <ele>2273.07</ele>
   </trkpt>
   <trkpt lat="46.233050000000006" lon="11.497300000000001">
    <ele>2275.78</ele>
   </trkpt>
   <trkpt lat="46.232940000000006" lon="11.497380000000001">
    <ele>2279.4700000000003</ele>
   </trkpt>
   <trkpt lat="46.232780000000005" lon="11.49765">
    <ele>2288.2900000000004</ele>
   </trkpt>
   <trkpt lat="46.232530000000004" lon="11.49793">
    <ele>2301.0</ele>
   </trkpt>
   <trkpt lat="46.23243" lon="11.498080000000002">
    <ele>2302.56</ele>
   </trkpt>
   <trkpt lat="46.232240000000004" lon="11.498470000000001">
    <ele>2306.21</ele>
   </trkpt>
   <trkpt lat="46.23218000000001" lon="11.498700000000001">
    <ele>2305.86</ele>
   </trkpt>
   <trkpt lat="46.23219" lon="11.498890000000001">
    <ele>2305.81</ele>
   </trkpt>
   <trkpt lat="46.232150000000004" lon="11.49895">
    <ele>2309.94</ele>
   </trkpt>
   <trkpt lat="46.23208" lon="11.498970000000002">
    <ele>2313.9</ele>
   </trkpt>
   <trkpt lat="46.232000000000006" lon="11.499070000000001">
    <ele>2315.75</ele>
   </trkpt>
   <trkpt lat="46.231970000000004" lon="11.49918">
    <ele>2321.1400000000003</ele>
   </trkpt>
   <trkpt lat="46.231910000000006" lon="11.49928">
    <ele>2323.05</ele>
   </trkpt>
   <trkpt lat="46.23181" lon="11.49951">
    <ele>2335.4900000000002</ele>
   </trkpt>
   <trkpt lat="46.231790000000004" lon="11.499630000000002">
    <ele>2335.4900000000002</ele>
   </trkpt>
   <trkpt lat="46.23174" lon="11.499640000000001">
    <ele>2341.66</ele>
   </trkpt>
   <trkpt lat="46.23163" lon="11.49981">
    <ele>2350.08</ele>
   </trkpt>
   <trkpt lat="46.23163" lon="11.5006">
    <ele>2365.92</ele>
   </trkpt>
   <trkpt lat="46.23138" lon="11.500900000000001">
    <ele>2362.94</ele>
   </trkpt>
   <trkpt lat="46.23133000000001" lon="11.500910000000001">
    <ele>2361.71</ele>
   </trkpt>
   <trkpt lat="46.231210000000004" lon="11.50117">
    <ele>2352.38</ele>
   </trkpt>
   <trkpt lat="46.231210000000004" lon="11.50134">
    <ele>2352.38</ele>
   </trkpt>
   <trkpt lat="46.23114" lon="11.501370000000001">
    <ele>2345.9700000000003</ele>
   </trkpt>
   <trkpt lat="46.231" lon="11.501650000000001">
    <ele>2337.65</ele>
   </trkpt>
   <trkpt lat="46.230760000000004" lon="11.50191">
    <ele>2329.15</ele>
   </trkpt>
   <trkpt lat="46.230610000000006" lon="11.501940000000001">
    <ele>2326.2599999999998</ele>
   </trkpt>
   <trkpt lat="46.23051" lon="11.501990000000001">
    <ele>2325.03</ele>
   </trkpt>
   <trkpt lat="46.23006" lon="11.502080000000001">
    <ele>2328.59</ele>
   </trkpt>
   <trkpt lat="46.229530000000004" lon="11.50228">
    <ele>2331.32</ele>
   </trkpt>
   <trkpt lat="46.22903" lon="11.50239">
    <ele>2337.2300000000005</ele>
   </trkpt>
   <trkpt lat="46.228790000000004" lon="11.502300000000002">
    <ele>2343.04</ele>
   </trkpt>
   <trkpt lat="46.228680000000004" lon="11.50229">
    <ele>2344.91</ele>
   </trkpt>
   <trkpt lat="46.22852" lon="11.502320000000001">
    <ele>2347.5200000000004</ele>
   </trkpt>
   <trkpt lat="46.22815000000001" lon="11.502640000000001">
    <ele>2352.79</ele>
   </trkpt>
   <trkpt lat="46.22802" lon="11.502650000000001">
    <ele>2353.19</ele>
   </trkpt>
   <trkpt lat="46.22767" lon="11.50281">
    <ele>2354.3100000000004</ele>
   </trkpt>
   <trkpt lat="46.227450000000005" lon="11.50286">
    <ele>2354.7200000000003</ele>
   </trkpt>
   <trkpt lat="46.227360000000004" lon="11.50295">
    <ele>2355.69</ele>
   </trkpt>
   <trkpt lat="46.22729" lon="11.502960000000002">
    <ele>2356.4700000000003</ele>
   </trkpt>
   <trkpt lat="46.22713" lon="11.50304">
    <ele>2360.76</ele>
   </trkpt>
   <trkpt lat="46.226710000000004" lon="11.503060000000001">
    <ele>2367.77</ele>
   </trkpt>
   <trkpt lat="46.22663000000001" lon="11.503010000000002">
    <ele>2368.22</ele>
   </trkpt>
   <trkpt lat="46.22636000000001" lon="11.50299">
    <ele>2369.4300000000003</ele>
   </trkpt>
   <trkpt lat="46.22625" lon="11.503020000000001">
    <ele>2368.78</ele>
   </trkpt>
   <trkpt lat="46.225750000000005" lon="11.50337">
    <ele>2362.28</ele>
   </trkpt>
   <trkpt lat="46.22571000000001" lon="11.50356">
    <ele>2358.75</ele>
   </trkpt>
   <trkpt lat="46.2259" lon="11.503870000000001">
    <ele>2347.69</ele>
   </trkpt>
   <trkpt lat="46.22619" lon="11.503960000000001">
    <ele>2340.1200000000003</ele>
   </trkpt>
   <trkpt lat="46.226380000000006" lon="11.50431">
    <ele>2332.01</ele>
   </trkpt>
   <trkpt lat="46.226420000000005" lon="11.50482">
    <ele>2327.63</ele>
   </trkpt>
   <trkpt lat="46.226560000000006" lon="11.50501">
    <ele>2326.44</ele>
   </trkpt>
   <trkpt lat="46.226600000000005" lon="11.505320000000001">
    <ele>2326.4</ele>
   </trkpt>
   <trkpt lat="46.226490000000005" lon="11.50542">
    <ele>2327.4</ele>
   </trkpt>
   <trkpt lat="46.22634" lon="11.505450000000002">
    <ele>2329.24</ele>
   </trkpt>
   <trkpt lat="46.22617" lon="11.50558">
    <ele>2330.5800000000004</ele>
   </trkpt>
   <trkpt lat="46.22621" lon="11.505930000000001">
    <ele>2326.2400000000002</ele>
   </trkpt>
   <trkpt lat="46.226560000000006" lon="11.506260000000001">
    <ele>2319.41</ele>
   </trkpt>
   <trkpt lat="46.226800000000004" lon="11.506380000000002">
    <ele>2315.4700000000003</ele>
   </trkpt>
   <trkpt lat="46.227050000000006" lon="11.50656">
    <ele>2307.9700000000003</ele>
   </trkpt>
   <trkpt lat="46.2272" lon="11.50655">
    <ele>2304.2700000000004</ele>
   </trkpt>
   <trkpt lat="46.2274" lon="11.50651">
    <ele>2300.52</ele>
   </trkpt>
   <trkpt lat="46.22755" lon="11.50688">
    <ele>2297.4700000000003</ele>
   </trkpt>
   <trkpt lat="46.22757000000001" lon="11.507240000000001">
    <ele>2296.5600000000004</ele>
   </trkpt>
   <trkpt lat="46.22749" lon="11.507670000000001">
    <ele>2296.7500000000005</ele>
   </trkpt>
   <trkpt lat="46.22757000000001" lon="11.507940000000001">
    <ele>2294.7200000000003</ele>
   </trkpt>
   <trkpt lat="46.22766000000001" lon="11.50815">
    <ele>2289.2400000000002</ele>
   </trkpt>
   <trkpt lat="46.22789" lon="11.508310000000002">
    <ele>2284.1</ele>
   </trkpt>
   <trkpt lat="46.228100000000005" lon="11.508400000000002">
    <ele>2281.06</ele>
   </trkpt>
   <trkpt lat="46.228280000000005" lon="11.50844">
    <ele>2278.67</ele>
   </trkpt>
   <trkpt lat="46.228390000000005" lon="11.50863">
    <ele>2277.4400000000005</ele>
   </trkpt>
   <trkpt lat="46.228390000000005" lon="11.508820000000002">
    <ele>2275.71</ele>
   </trkpt>
   <trkpt lat="46.22849" lon="11.50896">
    <ele>2272.2200000000003</ele>
   </trkpt>
   <trkpt lat="46.228460000000005" lon="11.509030000000001">
    <ele>2272.2200000000003</ele>
   </trkpt>
   <trkpt lat="46.22831" lon="11.509030000000001">
    <ele>2268.37</ele>
   </trkpt>
   <trkpt lat="46.2282" lon="11.50908">
    <ele>2265.3100000000004</ele>
   </trkpt>
   <trkpt lat="46.228080000000006" lon="11.509360000000001">
    <ele>2262.5</ele>
   </trkpt>
   <trkpt lat="46.228010000000005" lon="11.509640000000001">
    <ele>2261.9</ele>
   </trkpt>
   <trkpt lat="46.227920000000005" lon="11.50975">
    <ele>2261.82</ele>
   </trkpt>
   <trkpt lat="46.22777000000001" lon="11.510250000000001">
    <ele>2260.5099999999998</ele>
   </trkpt>
   <trkpt lat="46.227590000000006" lon="11.510480000000001">
    <ele>2260.52</ele>
   </trkpt>
   <trkpt lat="46.227590000000006" lon="11.51064">
    <ele>2260.52</ele>
   </trkpt>
   <trkpt lat="46.227470000000004" lon="11.511080000000002">
    <ele>2260.36</ele>
   </trkpt>
   <trkpt lat="46.227270000000004" lon="11.511230000000001">
    <ele>2261.9100000000003</ele>
   </trkpt>
   <trkpt lat="46.2272" lon="11.51134">
    <ele>2263.9900000000002</ele>
   </trkpt>
   <trkpt lat="46.22702" lon="11.51134">
    <ele>2265.6800000000003</ele>
   </trkpt>
   <trkpt lat="46.226890000000004" lon="11.511320000000001">
    <ele>2267.9500000000003</ele>
   </trkpt>
   <trkpt lat="46.22675" lon="11.51135">
    <ele>2271.92</ele>
   </trkpt>
   <trkpt lat="46.22664" lon="11.511320000000001">
    <ele>2274.2</ele>
   </trkpt>
   <trkpt lat="46.226620000000004" lon="11.511370000000001">
    <ele>2275.52</ele>
   </trkpt>
   <trkpt lat="46.226560000000006" lon="11.51138">
    <ele>2276.9300000000003</ele>
   </trkpt>
   <trkpt lat="46.22626" lon="11.511320000000001">
    <ele>2286.7300000000005</ele>
   </trkpt>
   <trkpt lat="46.22621" lon="11.51135">
    <ele>2287.8700000000003</ele>
   </trkpt>
   <trkpt lat="46.22614" lon="11.51135">
    <ele>2289.9100000000003</ele>
   </trkpt>
   <trkpt lat="46.22603" lon="11.5114">
    <ele>2291.04</ele>
   </trkpt>
   <trkpt lat="46.225840000000005" lon="11.511420000000001">
    <ele>2287.96</ele>
   </trkpt>
   <trkpt lat="46.22563" lon="11.51139">
    <ele>2285.2300000000005</ele>
   </trkpt>
   <trkpt lat="46.22545" lon="11.511310000000002">
    <ele>2282.5</ele>
   </trkpt>
   <trkpt lat="46.22536" lon="11.511220000000002">
    <ele>2280.88</ele>
   </trkpt>
   <trkpt lat="46.224940000000004" lon="11.51111">
    <ele>2272.9700000000003</ele>
   </trkpt>
   <trkpt lat="46.22491" lon="11.51107">
    <ele>2271.8700000000003</ele>
   </trkpt>
   <trkpt lat="46.2248" lon="11.51107">
    <ele>2270.98</ele>
   </trkpt>
   <trkpt lat="46.22475000000001" lon="11.511040000000001">
    <ele>2270.65</ele>
   </trkpt>
   <trkpt lat="46.22458" lon="11.51101">
    <ele>2270.07</ele>
   </trkpt>
   <trkpt lat="46.22449" lon="11.510940000000002">
    <ele>2269.8</ele>
   </trkpt>
   <trkpt lat="46.224430000000005" lon="11.510940000000002">
    <ele>2269.51</ele>
   </trkpt>
   <trkpt lat="46.22435" lon="11.51088">
    <ele>2268.7700000000004</ele>
   </trkpt>
   <trkpt lat="46.224250000000005" lon="11.51087">
    <ele>2267.46</ele>
   </trkpt>
   <trkpt lat="46.224140000000006" lon="11.51082">
    <ele>2265.75</ele>
   </trkpt>
   <trkpt lat="46.224000000000004" lon="11.51083">
    <ele>2261.9500000000003</ele>
   </trkpt>
   <trkpt lat="46.22393" lon="11.51078">
    <ele>2260.31</ele>
   </trkpt>
   <trkpt lat="46.22386" lon="11.510560000000002">
    <ele>2258.8</ele>
   </trkpt>
   <trkpt lat="46.22379" lon="11.510580000000001">
    <ele>2258.1600000000003</ele>
   </trkpt>
   <trkpt lat="46.2237" lon="11.510570000000001">
    <ele>2257.4300000000003</ele>
   </trkpt>
   <trkpt lat="46.22363000000001" lon="11.510620000000001">
    <ele>2257.0400000000004</ele>
   </trkpt>
   <trkpt lat="46.223510000000005" lon="11.51064">
    <ele>2255.4800000000005</ele>
   </trkpt>
   <trkpt lat="46.22343" lon="11.51078">
    <ele>2252.66</ele>
   </trkpt>
   <trkpt lat="46.22337" lon="11.510760000000001">
    <ele>2247.3</ele>
   </trkpt>
   <trkpt lat="46.22334" lon="11.51063">
    <ele>2244.31</ele>
   </trkpt>
   <trkpt lat="46.22328" lon="11.51064">
    <ele>2243.1400000000003</ele>
   </trkpt>
   <trkpt lat="46.22327000000001" lon="11.51074">
    <ele>2241.17</ele>
   </trkpt>
   <trkpt lat="46.22323" lon="11.51077">
    <ele>2240.26</ele>
   </trkpt>
   <trkpt lat="46.223090000000006" lon="11.510750000000002">
    <ele>2237.66</ele>
   </trkpt>
   <trkpt lat="46.222930000000005" lon="11.510750000000002">
    <ele>2233.73</ele>
   </trkpt>
   <trkpt lat="46.222500000000004" lon="11.510810000000001">
    <ele>2228.53</ele>
   </trkpt>
   <trkpt lat="46.22216" lon="11.51093">
    <ele>2215.1400000000003</ele>
   </trkpt>
   <trkpt lat="46.222030000000004" lon="11.511000000000001">
    <ele>2212.6400000000003</ele>
   </trkpt>
   <trkpt lat="46.221900000000005" lon="11.5111">
    <ele>2208.2300000000005</ele>
   </trkpt>
   <trkpt lat="46.22177000000001" lon="11.511090000000001">
    <ele>2205.71</ele>
   </trkpt>
   <trkpt lat="46.221650000000004" lon="11.511270000000001">
    <ele>2199.77</ele>
   </trkpt>
   <trkpt lat="46.221630000000005" lon="11.51139">
    <ele>2196.6200000000003</ele>
   </trkpt>
   <trkpt lat="46.22153" lon="11.511470000000001">
    <ele>2193.2200000000003</ele>
   </trkpt>
   <trkpt lat="46.221520000000005" lon="11.511550000000002">
    <ele>2193.2200000000003</ele>
   </trkpt>
   <trkpt lat="46.221450000000004" lon="11.51163">
    <ele>2185.65</ele>
   </trkpt>
   <trkpt lat="46.22148000000001" lon="11.511730000000002">
    <ele>2183.8900000000003</ele>
   </trkpt>
   <trkpt lat="46.221470000000004" lon="11.511780000000002">
    <ele>2182.3</ele>
   </trkpt>
   <trkpt lat="46.22138" lon="11.51167">
    <ele>2178.31</ele>
   </trkpt>
   <trkpt lat="46.220760000000006" lon="11.51167">
    <ele>2173.2500000000005</ele>
   </trkpt>
   <trkpt lat="46.220110000000005" lon="11.511800000000001">
    <ele>2165.78</ele>
   </trkpt>
   <trkpt lat="46.21978000000001" lon="11.51191">
    <ele>2159.6800000000003</ele>
   </trkpt>
   <trkpt lat="46.21972" lon="11.512">
    <ele>2158.0099999999998</ele>
   </trkpt>
   <trkpt lat="46.21963" lon="11.512">
    <ele>2156.63</ele>
   </trkpt>
   <trkpt lat="46.21954" lon="11.512070000000001">
    <ele>2155.7000000000003</ele>
   </trkpt>
   <trkpt lat="46.21945" lon="11.512020000000001">
    <ele>2155.3500000000004</ele>
   </trkpt>
   <trkpt lat="46.21931000000001" lon="11.512060000000002">
    <ele>2155.0</ele>
   </trkpt>
   <trkpt lat="46.21922000000001" lon="11.51215">
    <ele>2154.51</ele>
   </trkpt>
   <trkpt lat="46.21914" lon="11.51218">
    <ele>2154.3300000000004</ele>
   </trkpt>
   <trkpt lat="46.219100000000005" lon="11.51229">
    <ele>2154.07</ele>
   </trkpt>
   <trkpt lat="46.219120000000004" lon="11.51256">
    <ele>2141.2500000000005</ele>
   </trkpt>
   <trkpt lat="46.219170000000005" lon="11.51265">
    <ele>2141.2500000000005</ele>
   </trkpt>
   <trkpt lat="46.21918" lon="11.512830000000001">
    <ele>2133.78</ele>
   </trkpt>
   <trkpt lat="46.219260000000006" lon="11.512970000000001">
    <ele>2124.0400000000004</ele>
   </trkpt>
   <trkpt lat="46.219350000000006" lon="11.513060000000001">
    <ele>2124.0400000000004</ele>
   </trkpt>
   <trkpt lat="46.219440000000006" lon="11.513340000000001">
    <ele>2107.93</ele>
   </trkpt>
   <trkpt lat="46.219530000000006" lon="11.51351">
    <ele>2099.69</ele>
   </trkpt>
   <trkpt lat="46.21967" lon="11.51365">
    <ele>2091.4700000000003</ele>
   </trkpt>
   <trkpt lat="46.219680000000004" lon="11.51379">
    <ele>2087.63</ele>
   </trkpt>
   <trkpt lat="46.219710000000006" lon="11.513800000000002">
    <ele>2087.63</ele>
   </trkpt>
   <trkpt lat="46.21976" lon="11.51369">
    <ele>2085.51</ele>
   </trkpt>
   <trkpt lat="46.219820000000006" lon="11.513670000000001">
    <ele>2084.39</ele>
   </trkpt>
   <trkpt lat="46.22001" lon="11.51374">
    <ele>2077.9</ele>
   </trkpt>
   <trkpt lat="46.22007000000001" lon="11.513800000000002">
    <ele>2076.46</ele>
   </trkpt>
   <trkpt lat="46.220400000000005" lon="11.51392">
    <ele>2063.9100000000003</ele>
   </trkpt>
   <trkpt lat="46.22045000000001" lon="11.514000000000001">
    <ele>2063.9100000000003</ele>
   </trkpt>
   <trkpt lat="46.220560000000006" lon="11.51402">
    <ele>2056.87</ele>
   </trkpt>
   <trkpt lat="46.22061" lon="11.51412">
    <ele>2054.1500000000005</ele>
   </trkpt>
   <trkpt lat="46.22082" lon="11.51415">
    <ele>2049.31</ele>
   </trkpt>
   <trkpt lat="46.22092000000001" lon="11.514230000000001">
    <ele>2044.9399999999998</ele>
   </trkpt>
   <trkpt lat="46.22101000000001" lon="11.514240000000001">
    <ele>2044.9399999999998</ele>
   </trkpt>
   <trkpt lat="46.22102" lon="11.51429">
    <ele>2044.9399999999998</ele>
   </trkpt>
   <trkpt lat="46.220960000000005" lon="11.514380000000001">
    <ele>2040.4600000000003</ele>
   </trkpt>
   <trkpt lat="46.220940000000006" lon="11.51445">
    <ele>2040.4600000000003</ele>
   </trkpt>
   <trkpt lat="46.220940000000006" lon="11.51459">
    <ele>2038.1500000000003</ele>
   </trkpt>
   <trkpt lat="46.22102" lon="11.51462">
    <ele>2035.68</ele>
   </trkpt>
   <trkpt lat="46.221230000000006" lon="11.514850000000001">
    <ele>2030.58</ele>
   </trkpt>
   <trkpt lat="46.22153" lon="11.51506">
    <ele>2019.5100000000002</ele>
   </trkpt>
   <trkpt lat="46.22166000000001" lon="11.515170000000001">
    <ele>2014.8300000000004</ele>
   </trkpt>
   <trkpt lat="46.22186000000001" lon="11.51518">
    <ele>2008.7800000000002</ele>
   </trkpt>
   <trkpt lat="46.222150000000006" lon="11.515300000000002">
    <ele>2004.2900000000002</ele>
   </trkpt>
   <trkpt lat="46.22242000000001" lon="11.515600000000001">
    <ele>1993.5600000000002</ele>
   </trkpt>
   <trkpt lat="46.222570000000005" lon="11.515720000000002">
    <ele>1990.2700000000002</ele>
   </trkpt>
   <trkpt lat="46.22260000000001" lon="11.51579">
    <ele>1988.17</ele>
   </trkpt>
   <trkpt lat="46.222590000000004" lon="11.515870000000001">
    <ele>1988.17</ele>
   </trkpt>
   <trkpt lat="46.222910000000006" lon="11.516250000000001">
    <ele>1975.5800000000002</ele>
   </trkpt>
   <trkpt lat="46.22301" lon="11.51628">
    <ele>1974.4500000000003</ele>
   </trkpt>
   <trkpt lat="46.22307000000001" lon="11.516380000000002">
    <ele>1972.1000000000001</ele>
   </trkpt>
   <trkpt lat="46.223180000000006" lon="11.516470000000002">
    <ele>1970.97</ele>
   </trkpt>
   <trkpt lat="46.223180000000006" lon="11.51655">
    <ele>1966.76</ele>
   </trkpt>
   <trkpt lat="46.22327000000001" lon="11.516710000000002">
    <ele>1965.63</ele>
   </trkpt>
   <trkpt lat="46.22336000000001" lon="11.516820000000001">
    <ele>1962.1100000000001</ele>
   </trkpt>
   <trkpt lat="46.2235" lon="11.51693">
    <ele>1956.4800000000002</ele>
   </trkpt>
   <trkpt lat="46.223580000000005" lon="11.517080000000002">
    <ele>1954.32</ele>
   </trkpt>
   <trkpt lat="46.22364" lon="11.51715">
    <ele>1952.19</ele>
   </trkpt>
   <trkpt lat="46.22375" lon="11.51721">
    <ele>1949.19</ele>
   </trkpt>
   <trkpt lat="46.223850000000006" lon="11.5173">
    <ele>1947.44</ele>
   </trkpt>
   <trkpt lat="46.22388" lon="11.517380000000001">
    <ele>1945.41</ele>
   </trkpt>
   <trkpt lat="46.223940000000006" lon="11.517410000000002">
    <ele>1945.41</ele>
   </trkpt>
   <trkpt lat="46.22411" lon="11.51764">
    <ele>1942.17</ele>
   </trkpt>
   <trkpt lat="46.22430000000001" lon="11.51795">
    <ele>1936.7600000000002</ele>
   </trkpt>
   <trkpt lat="46.224320000000006" lon="11.518020000000002">
    <ele>1936.19</ele>
   </trkpt>
   <trkpt lat="46.22446" lon="11.518260000000001">
    <ele>1933.6200000000001</ele>
   </trkpt>
   <trkpt lat="46.22466000000001" lon="11.51852">
    <ele>1929.5300000000002</ele>
   </trkpt>
   <trkpt lat="46.22495000000001" lon="11.51917">
    <ele>1923.3600000000001</ele>
   </trkpt>
   <trkpt lat="46.22518" lon="11.51947">
    <ele>1919.9800000000002</ele>
   </trkpt>
   <trkpt lat="46.22532" lon="11.519570000000002">
    <ele>1919.18</ele>
   </trkpt>
   <trkpt lat="46.225410000000004" lon="11.519680000000001">
    <ele>1918.3300000000002</ele>
   </trkpt>
   <trkpt lat="46.22574" lon="11.520180000000002">
    <ele>1912.8600000000001</ele>
   </trkpt>
   <trkpt lat="46.22585" lon="11.520380000000001">
    <ele>1912.5100000000002</ele>
   </trkpt>
   <trkpt lat="46.22626" lon="11.520880000000002">
    <ele>1908.06</ele>
   </trkpt>
   <trkpt lat="46.22639" lon="11.52096">
    <ele>1907.3400000000001</ele>
   </trkpt>
   <trkpt lat="46.226580000000006" lon="11.521220000000001">
    <ele>1906.3500000000001</ele>
   </trkpt>
   <trkpt lat="46.22695" lon="11.52158">
    <ele>1904.8200000000002</ele>
   </trkpt>
   <trkpt lat="46.22724" lon="11.52203">
    <ele>1904.65</ele>
   </trkpt>
   <trkpt lat="46.2274" lon="11.52219">
    <ele>1904.18</ele>
   </trkpt>
   <trkpt lat="46.22764" lon="11.5228">
    <ele>1900.92</ele>
   </trkpt>
   <trkpt lat="46.227720000000005" lon="11.523090000000002">
    <ele>1899.8300000000002</ele>
   </trkpt>
   <trkpt lat="46.227850000000004" lon="11.523290000000001">
    <ele>1899.28</ele>
   </trkpt>
   <trkpt lat="46.228010000000005" lon="11.52345">
    <ele>1898.3100000000002</ele>
   </trkpt>
   <trkpt lat="46.22809" lon="11.52363">
    <ele>1898.0100000000002</ele>
   </trkpt>
   <trkpt lat="46.228210000000004" lon="11.523750000000001">
    <ele>1898.0100000000002</ele>
   </trkpt>
   <trkpt lat="46.228410000000004" lon="11.524120000000002">
    <ele>1896.2200000000003</ele>
   </trkpt>
   <trkpt lat="46.22861" lon="11.524310000000002">
    <ele>1895.67</ele>
   </trkpt>
   <trkpt lat="46.228770000000004" lon="11.52453">
    <ele>1894.94</ele>
   </trkpt>
   <trkpt lat="46.22885" lon="11.524680000000002">
    <ele>1894.3500000000001</ele>
   </trkpt>
   <trkpt lat="46.22952" lon="11.52527">
    <ele>1891.6800000000003</ele>
   </trkpt>
   <trkpt lat="46.22983000000001" lon="11.525490000000001">
    <ele>1890.89</ele>
   </trkpt>
   <trkpt lat="46.229940000000006" lon="11.525640000000001">
    <ele>1890.71</ele>
   </trkpt>
   <trkpt lat="46.230070000000005" lon="11.525670000000002">
    <ele>1890.27</ele>
   </trkpt>
   <trkpt lat="46.23015" lon="11.525720000000002">
    <ele>1889.89</ele>
   </trkpt>
   <trkpt lat="46.230290000000004" lon="11.52594">
    <ele>1888.78</ele>
   </trkpt>
   <trkpt lat="46.2302" lon="11.52593">
    <ele>1888.78</ele>
   </trkpt>
   <trkpt lat="46.23004" lon="11.525960000000001">
    <ele>1880.44</ele>
   </trkpt>
   <trkpt lat="46.22997" lon="11.52608">
    <ele>1876.5</ele>
   </trkpt>
   <trkpt lat="46.22965000000001" lon="11.527120000000002">
    <ele>1869.5600000000002</ele>
   </trkpt>
   <trkpt lat="46.22997" lon="11.52608">
    <ele>1876.5</ele>
   </trkpt>
   <trkpt lat="46.23004" lon="11.525960000000001">
    <ele>1880.44</ele>
   </trkpt>
   <trkpt lat="46.2302" lon="11.52593">
    <ele>1888.78</ele>
   </trkpt>
   <trkpt lat="46.230290000000004" lon="11.52594">
    <ele>1888.78</ele>
   </trkpt>
   <trkpt lat="46.23059000000001" lon="11.526240000000001">
    <ele>1887.16</ele>
   </trkpt>
   <trkpt lat="46.23071" lon="11.526290000000001">
    <ele>1886.41</ele>
   </trkpt>
   <trkpt lat="46.230850000000004" lon="11.5263">
    <ele>1885.94</ele>
   </trkpt>
   <trkpt lat="46.230940000000004" lon="11.526330000000002">
    <ele>1885.94</ele>
   </trkpt>
   <trkpt lat="46.23105" lon="11.52641">
    <ele>1884.0800000000002</ele>
   </trkpt>
   <trkpt lat="46.231210000000004" lon="11.52646">
    <ele>1884.0800000000002</ele>
   </trkpt>
   <trkpt lat="46.23154" lon="11.526700000000002">
    <ele>1882.17</ele>
   </trkpt>
   <trkpt lat="46.23165" lon="11.526750000000002">
    <ele>1881.79</ele>
   </trkpt>
   <trkpt lat="46.231860000000005" lon="11.52679">
    <ele>1881.38</ele>
   </trkpt>
   <trkpt lat="46.23218000000001" lon="11.52692">
    <ele>1880.45</ele>
   </trkpt>
   <trkpt lat="46.23245000000001" lon="11.527140000000001">
    <ele>1879.76</ele>
   </trkpt>
   <trkpt lat="46.23299" lon="11.5274">
    <ele>1877.7400000000002</ele>
   </trkpt>
   <trkpt lat="46.233090000000004" lon="11.52753">
    <ele>1877.64</ele>
   </trkpt>
   <trkpt lat="46.233230000000006" lon="11.527590000000002">
    <ele>1877.5700000000002</ele>
   </trkpt>
   <trkpt lat="46.233320000000006" lon="11.52767">
    <ele>1877.4100000000003</ele>
   </trkpt>
   <trkpt lat="46.234100000000005" lon="11.5281">
    <ele>1875.0800000000002</ele>
   </trkpt>
   <trkpt lat="46.234350000000006" lon="11.52813">
    <ele>1874.48</ele>
   </trkpt>
   <trkpt lat="46.23472" lon="11.52813">
    <ele>1873.18</ele>
   </trkpt>
   <trkpt lat="46.23494" lon="11.52823">
    <ele>1872.5900000000001</ele>
   </trkpt>
   <trkpt lat="46.23514" lon="11.528270000000001">
    <ele>1871.96</ele>
   </trkpt>
   <trkpt lat="46.235600000000005" lon="11.52824">
    <ele>1871.2400000000002</ele>
   </trkpt>
   <trkpt lat="46.23577" lon="11.528270000000001">
    <ele>1870.51</ele>
   </trkpt>
   <trkpt lat="46.2359" lon="11.52832">
    <ele>1870.2800000000002</ele>
   </trkpt>
   <trkpt lat="46.23606" lon="11.52843">
    <ele>1870.2800000000002</ele>
   </trkpt>
   <trkpt lat="46.23615" lon="11.528450000000001">
    <ele>1868.8000000000002</ele>
   </trkpt>
   <trkpt lat="46.23653" lon="11.52846">
    <ele>1868.0700000000002</ele>
   </trkpt>
   <trkpt lat="46.23687" lon="11.52871">
    <ele>1866.1000000000001</ele>
   </trkpt>
   <trkpt lat="46.23704" lon="11.5289">
    <ele>1865.43</ele>
   </trkpt>
   <trkpt lat="46.237140000000004" lon="11.52893">
    <ele>1864.95</ele>
   </trkpt>
   <trkpt lat="46.23754" lon="11.528950000000002">
    <ele>1859.5600000000002</ele>
   </trkpt>
   <trkpt lat="46.237700000000004" lon="11.52898">
    <ele>1855.1000000000001</ele>
   </trkpt>
   <trkpt lat="46.23778" lon="11.529020000000001">
    <ele>1855.1000000000001</ele>
   </trkpt>
   <trkpt lat="46.23807" lon="11.529250000000001">
    <ele>1849.67</ele>
   </trkpt>
   <trkpt lat="46.238170000000004" lon="11.52927">
    <ele>1845.4500000000003</ele>
   </trkpt>
   <trkpt lat="46.238440000000004" lon="11.52923">
    <ele>1840.7300000000002</ele>
   </trkpt>
   <trkpt lat="46.238905000174306" lon="11.529220000081006">
    <ele>1828.0500000000002</ele>
   </trkpt>
   <trkpt lat="46.23937" lon="11.52921">
    <ele>1814.63</ele>
   </trkpt>
   <trkpt lat="46.239610000000006" lon="11.52922">
    <ele>1808.5900000000001</ele>
   </trkpt>
   <trkpt lat="46.24006000000001" lon="11.529290000000001">
    <ele>1795.7900000000002</ele>
   </trkpt>
   <trkpt lat="46.240280000000006" lon="11.52926">
    <ele>1791.41</ele>
   </trkpt>
   <trkpt lat="46.24029" lon="11.52926">
    <ele>1791.41</ele>
   </trkpt>
   <trkpt lat="46.240700000000004" lon="11.529150000000001">
    <ele>1782.72</ele>
   </trkpt>
   <trkpt lat="46.24089" lon="11.529000000000002">
    <ele>1777.44</ele>
   </trkpt>
   <trkpt lat="46.241130000000005" lon="11.52894">
    <ele>1774.3700000000001</ele>
   </trkpt>
   <trkpt lat="46.24123" lon="11.52885">
    <ele>1771.48</ele>
   </trkpt>
   <trkpt lat="46.241400000000006" lon="11.5288">
    <ele>1768.73</ele>
   </trkpt>
   <trkpt lat="46.241530000000004" lon="11.52866">
    <ele>1767.2800000000002</ele>
   </trkpt>
   <trkpt lat="46.24174000000001" lon="11.52813">
    <ele>1757.0200000000002</ele>
   </trkpt>
   <trkpt lat="46.24184" lon="11.527980000000001">
    <ele>1755.2900000000002</ele>
   </trkpt>
   <trkpt lat="46.24222" lon="11.52749">
    <ele>1748.5700000000002</ele>
   </trkpt>
   <trkpt lat="46.24228" lon="11.527310000000002">
    <ele>1743.4</ele>
   </trkpt>
   <trkpt lat="46.242360000000005" lon="11.52683">
    <ele>1740.2400000000002</ele>
   </trkpt>
   <trkpt lat="46.242470000000004" lon="11.52659">
    <ele>1737.0200000000002</ele>
   </trkpt>
   <trkpt lat="46.24259000000001" lon="11.526470000000002">
    <ele>1732.13</ele>
   </trkpt>
   <trkpt lat="46.242650000000005" lon="11.52645">
    <ele>1732.13</ele>
   </trkpt>
   <trkpt lat="46.242760000000004" lon="11.52646">
    <ele>1730.35</ele>
   </trkpt>
   <trkpt lat="46.24295" lon="11.526390000000001">
    <ele>1728.16</ele>
   </trkpt>
   <trkpt lat="46.24302" lon="11.526230000000002">
    <ele>1723.0400000000002</ele>
   </trkpt>
   <trkpt lat="46.243050000000004" lon="11.526060000000001">
    <ele>1723.0400000000002</ele>
   </trkpt>
   <trkpt lat="46.24309" lon="11.525970000000001">
    <ele>1723.0400000000002</ele>
   </trkpt>
   <trkpt lat="46.243140000000004" lon="11.525920000000001">
    <ele>1723.0400000000002</ele>
   </trkpt>
   <trkpt lat="46.243170000000006" lon="11.525730000000001">
    <ele>1719.5600000000002</ele>
   </trkpt>
   <trkpt lat="46.24316" lon="11.52546">
    <ele>1717.1600000000003</ele>
   </trkpt>
   <trkpt lat="46.243190000000006" lon="11.52524">
    <ele>1714.02</ele>
   </trkpt>
   <trkpt lat="46.24326000000001" lon="11.52509">
    <ele>1712.02</ele>
   </trkpt>
   <trkpt lat="46.24334" lon="11.52499">
    <ele>1708.64</ele>
   </trkpt>
   <trkpt lat="46.243770000000005" lon="11.524600000000001">
    <ele>1694.8700000000001</ele>
   </trkpt>
   <trkpt lat="46.24398" lon="11.524370000000001">
    <ele>1688.98</ele>
   </trkpt>
   <trkpt lat="46.24429000000001" lon="11.5242">
    <ele>1683.89</ele>
   </trkpt>
   <trkpt lat="46.244400000000006" lon="11.5241">
    <ele>1680.89</ele>
   </trkpt>
   <trkpt lat="46.24447000000001" lon="11.523990000000001">
    <ele>1677.99</ele>
   </trkpt>
   <trkpt lat="46.244550000000004" lon="11.523570000000001">
    <ele>1669.96</ele>
   </trkpt>
   <trkpt lat="46.24468" lon="11.52336">
    <ele>1665.46</ele>
   </trkpt>
   <trkpt lat="46.244980000000005" lon="11.52312">
    <ele>1659.9800000000002</ele>
   </trkpt>
   <trkpt lat="46.24542" lon="11.522850000000002">
    <ele>1651.16</ele>
   </trkpt>
   <trkpt lat="46.245850000000004" lon="11.522480000000002">
    <ele>1637.85</ele>
   </trkpt>
   <trkpt lat="46.24640000118923" lon="11.521965005132598">
    <ele>1621.65</ele>
   </trkpt>
   <trkpt lat="46.246950000000005" lon="11.521450000000002">
    <ele>1608.65</ele>
   </trkpt>
   <trkpt lat="46.247170000000004" lon="11.521310000000001">
    <ele>1603.55</ele>
   </trkpt>
   <trkpt lat="46.24776000000001" lon="11.52063">
    <ele>1587.8600000000001</ele>
   </trkpt>
   <trkpt lat="46.24785000000001" lon="11.52049">
    <ele>1587.8600000000001</ele>
   </trkpt>
   <trkpt lat="46.247980000000005" lon="11.52049">
    <ele>1583.0900000000001</ele>
   </trkpt>
   <trkpt lat="46.24804" lon="11.520460000000002">
    <ele>1583.0900000000001</ele>
   </trkpt>
   <trkpt lat="46.24828" lon="11.520230000000002">
    <ele>1578.65</ele>
   </trkpt>
   <trkpt lat="46.24855" lon="11.52011">
    <ele>1569.3600000000001</ele>
   </trkpt>
   <trkpt lat="46.248720000000006" lon="11.520100000000001">
    <ele>1569.3600000000001</ele>
   </trkpt>
   <trkpt lat="46.24888000000001" lon="11.52003">
    <ele>1562.7300000000002</ele>
   </trkpt>
   <trkpt lat="46.24933" lon="11.520000000000001">
    <ele>1552.13</ele>
   </trkpt>
   <trkpt lat="46.249500000000005" lon="11.519950000000001">
    <ele>1546.54</ele>
   </trkpt>
   <trkpt lat="46.24973000000001" lon="11.519870000000001">
    <ele>1541.89</ele>
   </trkpt>
   <trkpt lat="46.2501" lon="11.519660000000002">
    <ele>1533.73</ele>
   </trkpt>
   <trkpt lat="46.25036" lon="11.519540000000001">
    <ele>1524.14</ele>
   </trkpt>
   <trkpt lat="46.250620000000005" lon="11.51946">
    <ele>1518.3700000000001</ele>
   </trkpt>
   <trkpt lat="46.25077" lon="11.51946">
    <ele>1508.7800000000002</ele>
   </trkpt>
   <trkpt lat="46.251020000000004" lon="11.51955">
    <ele>1508.7800000000002</ele>
   </trkpt>
   <trkpt lat="46.25115" lon="11.51951">
    <ele>1502.65</ele>
   </trkpt>
   <trkpt lat="46.25128" lon="11.519440000000001">
    <ele>1499.2200000000003</ele>
   </trkpt>
   <trkpt lat="46.25141000000001" lon="11.51946">
    <ele>1495.96</ele>
   </trkpt>
   <trkpt lat="46.25155" lon="11.51946">
    <ele>1491.7300000000002</ele>
   </trkpt>
   <trkpt lat="46.251830000000005" lon="11.51917">
    <ele>1485.63</ele>
   </trkpt>
   <trkpt lat="46.252410000111496" lon="11.51893000259587">
    <ele>1471.81</ele>
   </trkpt>
   <trkpt lat="46.252990000000004" lon="11.518690000000001">
    <ele>1462.5100000000002</ele>
   </trkpt>
   <trkpt lat="46.253260000000004" lon="11.51852">
    <ele>1457.2800000000002</ele>
   </trkpt>
   <trkpt lat="46.25345" lon="11.51833">
    <ele>1454.2700000000002</ele>
   </trkpt>
   <trkpt lat="46.253510000000006" lon="11.5182">
    <ele>1454.2700000000002</ele>
   </trkpt>
   <trkpt lat="46.253710000000005" lon="11.51806">
    <ele>1451.7000000000003</ele>
   </trkpt>
   <trkpt lat="46.253820000000005" lon="11.517840000000001">
    <ele>1447.5900000000001</ele>
   </trkpt>
   <trkpt lat="46.253910000000005" lon="11.517710000000001">
    <ele>1445.67</ele>
   </trkpt>
   <trkpt lat="46.253980000000006" lon="11.51768">
    <ele>1444.5</ele>
   </trkpt>
   <trkpt lat="46.254250000000006" lon="11.517660000000001">
    <ele>1442.35</ele>
   </trkpt>
   <trkpt lat="46.25442" lon="11.517460000000002">
    <ele>1439.0200000000002</ele>
   </trkpt>
   <trkpt lat="46.25451" lon="11.517130000000002">
    <ele>1436.05</ele>
   </trkpt>
   <trkpt lat="46.254580000000004" lon="11.517040000000001">
    <ele>1432.8400000000001</ele>
   </trkpt>
   <trkpt lat="46.25462" lon="11.516900000000001">
    <ele>1432.8400000000001</ele>
   </trkpt>
   <trkpt lat="46.25459" lon="11.516680000000001">
    <ele>1431.5900000000001</ele>
   </trkpt>
   <trkpt lat="46.25461000000001" lon="11.51651">
    <ele>1427.38</ele>
   </trkpt>
   <trkpt lat="46.254760000000005" lon="11.5159">
    <ele>1423.24</ele>
   </trkpt>
   <trkpt lat="46.25484" lon="11.51571">
    <ele>1420.74</ele>
   </trkpt>
   <trkpt lat="46.25495" lon="11.515540000000001">
    <ele>1420.74</ele>
   </trkpt>
   <trkpt lat="46.25558" lon="11.5149">
    <ele>1409.72</ele>
   </trkpt>
   <trkpt lat="46.25583" lon="11.514600000000002">
    <ele>1408.26</ele>
   </trkpt>
   <trkpt lat="46.25600000000001" lon="11.514520000000001">
    <ele>1406.9</ele>
   </trkpt>
   <trkpt lat="46.256130000000006" lon="11.514500000000002">
    <ele>1406.3100000000002</ele>
   </trkpt>
   <trkpt lat="46.25632" lon="11.514500000000002">
    <ele>1405.2</ele>
   </trkpt>
   <trkpt lat="46.25685000000001" lon="11.514550000000002">
    <ele>1401.68</ele>
   </trkpt>
   <trkpt lat="46.257290000000005" lon="11.51453">
    <ele>1396.71</ele>
   </trkpt>
   <trkpt lat="46.257470000000005" lon="11.51445">
    <ele>1395.2900000000002</ele>
   </trkpt>
   <trkpt lat="46.257630000000006" lon="11.514330000000001">
    <ele>1393.73</ele>
   </trkpt>
   <trkpt lat="46.257850000000005" lon="11.514090000000001">
    <ele>1392.3200000000002</ele>
   </trkpt>
   <trkpt lat="46.257940000000005" lon="11.51383">
    <ele>1391.99</ele>
   </trkpt>
   <trkpt lat="46.25795" lon="11.51374">
    <ele>1391.99</ele>
   </trkpt>
   <trkpt lat="46.258030000000005" lon="11.51365">
    <ele>1391.22</ele>
   </trkpt>
   <trkpt lat="46.258630000000004" lon="11.51317">
    <ele>1382.92</ele>
   </trkpt>
   <trkpt lat="46.258860000000006" lon="11.51284">
    <ele>1379.01</ele>
   </trkpt>
   <trkpt lat="46.25914" lon="11.51223">
    <ele>1368.89</ele>
   </trkpt>
   <trkpt lat="46.25949000000001" lon="11.51177">
    <ele>1362.8500000000001</ele>
   </trkpt>
   <trkpt lat="46.259750001895526" lon="11.511105003235691">
    <ele>1355.99</ele>
   </trkpt>
   <trkpt lat="46.26001" lon="11.510440000000001">
    <ele>1348.68</ele>
   </trkpt>
   <trkpt lat="46.26017" lon="11.509720000000002">
    <ele>1339.55</ele>
   </trkpt>
   <trkpt lat="46.260360000000006" lon="11.509200000000002">
    <ele>1332.65</ele>
   </trkpt>
   <trkpt lat="46.260540000000006" lon="11.50876">
    <ele>1329.3100000000002</ele>
   </trkpt>
   <trkpt lat="46.26073" lon="11.50852">
    <ele>1323.67</ele>
   </trkpt>
   <trkpt lat="46.26082" lon="11.507890000000002">
    <ele>1313.26</ele>
   </trkpt>
   <trkpt lat="46.26093" lon="11.507470000000001">
    <ele>1309.41</ele>
   </trkpt>
   <trkpt lat="46.26138" lon="11.50683">
    <ele>1298.28</ele>
   </trkpt>
   <trkpt lat="46.261540000000004" lon="11.50666">
    <ele>1293.65</ele>
   </trkpt>
   <trkpt lat="46.26170500184052" lon="11.506015001835438">
    <ele>1286.51</ele>
   </trkpt>
   <trkpt lat="46.26187" lon="11.505370000000001">
    <ele>1278.92</ele>
   </trkpt>
   <trkpt lat="46.26194" lon="11.50516">
    <ele>1274.5600000000002</ele>
   </trkpt>
   <trkpt lat="46.262060000000005" lon="11.505090000000001">
    <ele>1274.5600000000002</ele>
   </trkpt>
   <trkpt lat="46.262150000000005" lon="11.50496">
    <ele>1273.15</ele>
   </trkpt>
   <trkpt lat="46.262220000000006" lon="11.50477">
    <ele>1270.4</ele>
   </trkpt>
   <trkpt lat="46.26225" lon="11.50455">
    <ele>1267.47</ele>
   </trkpt>
   <trkpt lat="46.26239" lon="11.504420000000001">
    <ele>1264.2000000000003</ele>
   </trkpt>
   <trkpt lat="46.26292" lon="11.503660000000002">
    <ele>1252.21</ele>
   </trkpt>
   <trkpt lat="46.263040000000004" lon="11.503400000000001">
    <ele>1248.82</ele>
   </trkpt>
   <trkpt lat="46.263180000000006" lon="11.502830000000001">
    <ele>1242.5300000000002</ele>
   </trkpt>
   <trkpt lat="46.2627" lon="11.503440000000001">
    <ele>1245.0700000000002</ele>
   </trkpt>
   <trkpt lat="46.26238" lon="11.503720000000001">
    <ele>1246.52</ele>
   </trkpt>
   <trkpt lat="46.26220000000001" lon="11.503770000000001">
    <ele>1246.52</ele>
   </trkpt>
   <trkpt lat="46.261860000000006" lon="11.503730000000001">
    <ele>1247.95</ele>
   </trkpt>
   <trkpt lat="46.261750000000006" lon="11.50369">
    <ele>1248.45</ele>
   </trkpt>
   <trkpt lat="46.261680000000005" lon="11.503630000000001">
    <ele>1249.3100000000002</ele>
   </trkpt>
   <trkpt lat="46.26165" lon="11.50341">
    <ele>1250.39</ele>
   </trkpt>
   <trkpt lat="46.261700000000005" lon="11.5029">
    <ele>1252.95</ele>
   </trkpt>
   <trkpt lat="46.261700000000005" lon="11.502770000000002">
    <ele>1257.2</ele>
   </trkpt>
   <trkpt lat="46.261660000000006" lon="11.502640000000001">
    <ele>1257.2</ele>
   </trkpt>
   <trkpt lat="46.261630000000004" lon="11.502360000000001">
    <ele>1258.94</ele>
   </trkpt>
   <trkpt lat="46.26162" lon="11.501970000000002">
    <ele>1262.38</ele>
   </trkpt>
   <trkpt lat="46.261660000000006" lon="11.50173">
    <ele>1262.38</ele>
   </trkpt>
   <trkpt lat="46.26178" lon="11.501430000000001">
    <ele>1273.89</ele>
   </trkpt>
   <trkpt lat="46.26190000218666" lon="11.500720001617696">
    <ele>1276.8400000000001</ele>
   </trkpt>
   <trkpt lat="46.26202000000001" lon="11.500010000000001">
    <ele>1280.8400000000001</ele>
   </trkpt>
   <trkpt lat="46.262100000000004" lon="11.4997">
    <ele>1286.1200000000001</ele>
   </trkpt>
   <trkpt lat="46.26218" lon="11.49914">
    <ele>1292.0500000000002</ele>
   </trkpt>
   <trkpt lat="46.26232" lon="11.49854">
    <ele>1300.0200000000002</ele>
   </trkpt>
   <trkpt lat="46.26247" lon="11.49812">
    <ele>1300.0200000000002</ele>
   </trkpt>
   <trkpt lat="46.262660000000004" lon="11.49779">
    <ele>1306.6100000000001</ele>
   </trkpt>
   <trkpt lat="46.262840000000004" lon="11.49755">
    <ele>1310.99</ele>
   </trkpt>
   <trkpt lat="46.26299" lon="11.497380000000001">
    <ele>1310.99</ele>
   </trkpt>
   <trkpt lat="46.26317" lon="11.497280000000002">
    <ele>1314.6000000000001</ele>
   </trkpt>
   <trkpt lat="46.263250000000006" lon="11.497160000000001">
    <ele>1314.6000000000001</ele>
   </trkpt>
   <trkpt lat="46.26324" lon="11.496870000000001">
    <ele>1318.8700000000001</ele>
   </trkpt>
   <trkpt lat="46.263250000000006" lon="11.49676">
    <ele>1320.8200000000002</ele>
   </trkpt>
   <trkpt lat="46.263180000000006" lon="11.49662">
    <ele>1320.8200000000002</ele>
   </trkpt>
   <trkpt lat="46.263020000000004" lon="11.49642">
    <ele>1325.72</ele>
   </trkpt>
   <trkpt lat="46.26305000000001" lon="11.496310000000001">
    <ele>1326.95</ele>
   </trkpt>
   <trkpt lat="46.26344" lon="11.49624">
    <ele>1329.89</ele>
   </trkpt>
   <trkpt lat="46.263760000000005" lon="11.49628">
    <ele>1336.0200000000002</ele>
   </trkpt>
   <trkpt lat="46.26384" lon="11.496170000000001">
    <ele>1337.7700000000002</ele>
   </trkpt>
   <trkpt lat="46.26386" lon="11.495980000000001">
    <ele>1339.68</ele>
   </trkpt>
   <trkpt lat="46.263850000000005" lon="11.495790000000001">
    <ele>1341.0700000000002</ele>
   </trkpt>
   <trkpt lat="46.26381000000001" lon="11.49567">
    <ele>1341.0700000000002</ele>
   </trkpt>
   <trkpt lat="46.26373" lon="11.495560000000001">
    <ele>1347.6200000000001</ele>
   </trkpt>
   <trkpt lat="46.26362" lon="11.49549">
    <ele>1347.6200000000001</ele>
   </trkpt>
   <trkpt lat="46.263290000000005" lon="11.49549">
    <ele>1352.1100000000001</ele>
   </trkpt>
   <trkpt lat="46.26324" lon="11.4954">
    <ele>1352.1100000000001</ele>
   </trkpt>
   <trkpt lat="46.263270000000006" lon="11.49507">
    <ele>1357.25</ele>
   </trkpt>
   <trkpt lat="46.26326" lon="11.49477">
    <ele>1362.1200000000001</ele>
   </trkpt>
   <trkpt lat="46.2633" lon="11.4946">
    <ele>1363.5400000000002</ele>
   </trkpt>
   <trkpt lat="46.263290000000005" lon="11.494560000000002">
    <ele>1363.5400000000002</ele>
   </trkpt>
   <trkpt lat="46.263380000000005" lon="11.49402">
    <ele>1369.94</ele>
   </trkpt>
   <trkpt lat="46.263490000000004" lon="11.49357">
    <ele>1373.7100000000003</ele>
   </trkpt>
   <trkpt lat="46.263490000000004" lon="11.49337">
    <ele>1379.46</ele>
   </trkpt>
   <trkpt lat="46.263580000000005" lon="11.492930000000001">
    <ele>1383.6200000000001</ele>
   </trkpt>
   <trkpt lat="46.26359" lon="11.49281">
    <ele>1383.6200000000001</ele>
   </trkpt>
   <trkpt lat="46.263560000000005" lon="11.49263">
    <ele>1386.2</ele>
   </trkpt>
   <trkpt lat="46.26339" lon="11.492220000000001">
    <ele>1391.48</ele>
   </trkpt>
   <trkpt lat="46.26315" lon="11.491940000000001">
    <ele>1396.68</ele>
   </trkpt>
   <trkpt lat="46.263040000000004" lon="11.49164">
    <ele>1400.95</ele>
   </trkpt>
   <trkpt lat="46.26305000000001" lon="11.491380000000001">
    <ele>1398.8600000000001</ele>
   </trkpt>
   <trkpt lat="46.262980000000006" lon="11.49122">
    <ele>1398.0700000000002</ele>
   </trkpt>
   <trkpt lat="46.262980000000006" lon="11.49107">
    <ele>1397.0900000000001</ele>
   </trkpt>
   <trkpt lat="46.262930000000004" lon="11.490920000000001">
    <ele>1396.27</ele>
   </trkpt>
   <trkpt lat="46.26286" lon="11.4908">
    <ele>1395.48</ele>
   </trkpt>
   <trkpt lat="46.26274" lon="11.49037">
    <ele>1393.22</ele>
   </trkpt>
   <trkpt lat="46.262550000000005" lon="11.48999">
    <ele>1389.48</ele>
   </trkpt>
   <trkpt lat="46.2625" lon="11.489840000000001">
    <ele>1388.68</ele>
   </trkpt>
   <trkpt lat="46.262060000000005" lon="11.48924">
    <ele>1382.4900000000002</ele>
   </trkpt>
   <trkpt lat="46.26205" lon="11.489080000000001">
    <ele>1380.65</ele>
   </trkpt>
   <trkpt lat="46.26207" lon="11.489020000000002">
    <ele>1380.14</ele>
   </trkpt>
   <trkpt lat="46.26236" lon="11.48877">
    <ele>1379.6200000000001</ele>
   </trkpt>
   <trkpt lat="46.26256" lon="11.488750000000001">
    <ele>1379.0200000000002</ele>
   </trkpt>
   <trkpt lat="46.262820000000005" lon="11.488520000000001">
    <ele>1379.24</ele>
   </trkpt>
   <trkpt lat="46.2629" lon="11.48839">
    <ele>1379.92</ele>
   </trkpt>
   <trkpt lat="46.262950000000004" lon="11.48807">
    <ele>1381.94</ele>
   </trkpt>
   <trkpt lat="46.263110000000005" lon="11.4875">
    <ele>1382.57</ele>
   </trkpt>
   <trkpt lat="46.26315" lon="11.487260000000001">
    <ele>1383.15</ele>
   </trkpt>
   <trkpt lat="46.263290000000005" lon="11.486830000000001">
    <ele>1384.7800000000002</ele>
   </trkpt>
   <trkpt lat="46.26344" lon="11.486630000000002">
    <ele>1385.0200000000002</ele>
   </trkpt>
   <trkpt lat="46.263600000000004" lon="11.48638">
    <ele>1384.3400000000001</ele>
   </trkpt>
   <trkpt lat="46.263720000000006" lon="11.48625">
    <ele>1382.57</ele>
   </trkpt>
   <trkpt lat="46.26381000000001" lon="11.485930000000002">
    <ele>1380.77</ele>
   </trkpt>
   <trkpt lat="46.263830000000006" lon="11.485420000000001">
    <ele>1375.31</ele>
   </trkpt>
   <trkpt lat="46.26375" lon="11.4852">
    <ele>1369.66</ele>
   </trkpt>
   <trkpt lat="46.263560000000005" lon="11.48487">
    <ele>1366.33</ele>
   </trkpt>
   <trkpt lat="46.26353" lon="11.48484">
    <ele>1364.75</ele>
   </trkpt>
   <trkpt lat="46.26346" lon="11.48483">
    <ele>1364.75</ele>
   </trkpt>
   <trkpt lat="46.26343000000001" lon="11.484800000000002">
    <ele>1364.1000000000001</ele>
   </trkpt>
   <trkpt lat="46.263380000000005" lon="11.484670000000001">
    <ele>1361.1200000000001</ele>
   </trkpt>
   <trkpt lat="46.26333" lon="11.4846">
    <ele>1359.73</ele>
   </trkpt>
   <trkpt lat="46.263160000000006" lon="11.484530000000001">
    <ele>1354.06</ele>
   </trkpt>
   <trkpt lat="46.26294" lon="11.4845">
    <ele>1348.71</ele>
   </trkpt>
   <trkpt lat="46.26287000000001" lon="11.484380000000002">
    <ele>1347.92</ele>
   </trkpt>
   <trkpt lat="46.26276000000001" lon="11.484070000000001">
    <ele>1341.94</ele>
   </trkpt>
   <trkpt lat="46.262640000000005" lon="11.483830000000001">
    <ele>1339.44</ele>
   </trkpt>
   <trkpt lat="46.26256" lon="11.483580000000002">
    <ele>1335.28</ele>
   </trkpt>
   <trkpt lat="46.26261" lon="11.48305">
    <ele>1326.72</ele>
   </trkpt>
   <trkpt lat="46.262890000000006" lon="11.482460000000001">
    <ele>1313.39</ele>
   </trkpt>
   <trkpt lat="46.26305000000001" lon="11.48258">
    <ele>1309.67</ele>
   </trkpt>
   <trkpt lat="46.26315" lon="11.482520000000001">
    <ele>1306.9400000000003</ele>
   </trkpt>
   <trkpt lat="46.26357" lon="11.48235">
    <ele>1299.8500000000001</ele>
   </trkpt>
   <trkpt lat="46.26386" lon="11.482170000000002">
    <ele>1293.8500000000001</ele>
   </trkpt>
   <trkpt lat="46.264030000000005" lon="11.48206">
    <ele>1291.0000000000002</ele>
   </trkpt>
   <trkpt lat="46.26437000000001" lon="11.481760000000001">
    <ele>1282.68</ele>
   </trkpt>
   <trkpt lat="46.26464000000001" lon="11.48136">
    <ele>1276.72</ele>
   </trkpt>
   <trkpt lat="46.26465" lon="11.480910000000002">
    <ele>1274.54</ele>
   </trkpt>
   <trkpt lat="46.26428000000001" lon="11.480310000000001">
    <ele>1276.76</ele>
   </trkpt>
   <trkpt lat="46.26424" lon="11.480010000000002">
    <ele>1274.63</ele>
   </trkpt>
   <trkpt lat="46.26406" lon="11.479970000000002">
    <ele>1274.28</ele>
   </trkpt>
   <trkpt lat="46.26389" lon="11.479690000000002">
    <ele>1272.78</ele>
   </trkpt>
   <trkpt lat="46.26362" lon="11.478660000000001">
    <ele>1270.0800000000002</ele>
   </trkpt>
   <trkpt lat="46.26357" lon="11.47836">
    <ele>1269.5700000000002</ele>
   </trkpt>
   <trkpt lat="46.26357" lon="11.478040000000002">
    <ele>1268.7700000000002</ele>
   </trkpt>
   <trkpt lat="46.263650000000005" lon="11.47779">
    <ele>1267.88</ele>
   </trkpt>
   <trkpt lat="46.26373" lon="11.47761">
    <ele>1266.34</ele>
   </trkpt>
   <trkpt lat="46.263720000000006" lon="11.47746">
    <ele>1266.34</ele>
   </trkpt>
   <trkpt lat="46.263450000000006" lon="11.47661">
    <ele>1263.83</ele>
   </trkpt>
   <trkpt lat="46.26335" lon="11.476450000000002">
    <ele>1263.6100000000001</ele>
   </trkpt>
   <trkpt lat="46.263290000000005" lon="11.47625">
    <ele>1263.32</ele>
   </trkpt>
   <trkpt lat="46.26314000000001" lon="11.476090000000001">
    <ele>1262.96</ele>
   </trkpt>
   <trkpt lat="46.26288" lon="11.475940000000001">
    <ele>1260.92</ele>
   </trkpt>
   <trkpt lat="46.26267000000001" lon="11.475710000000001">
    <ele>1259.7800000000002</ele>
   </trkpt>
   <trkpt lat="46.26254" lon="11.475610000000001">
    <ele>1259.5</ele>
   </trkpt>
   <trkpt lat="46.26209" lon="11.4755">
    <ele>1258.58</ele>
   </trkpt>
   <trkpt lat="46.26191" lon="11.47544">
    <ele>1258.58</ele>
   </trkpt>
   <trkpt lat="46.26182000000001" lon="11.475330000000001">
    <ele>1258.95</ele>
   </trkpt>
   <trkpt lat="46.261790000000005" lon="11.47516">
    <ele>1258.95</ele>
   </trkpt>
   <trkpt lat="46.2618" lon="11.475050000000001">
    <ele>1258.95</ele>
   </trkpt>
   <trkpt lat="46.26184000000001" lon="11.474920000000001">
    <ele>1259.12</ele>
   </trkpt>
   <trkpt lat="46.26183" lon="11.47493">
    <ele>1259.12</ele>
   </trkpt>
   <trkpt lat="46.26191" lon="11.47484">
    <ele>1259.22</ele>
   </trkpt>
   <trkpt lat="46.26209" lon="11.474680000000001">
    <ele>1257.51</ele>
   </trkpt>
   <trkpt lat="46.26243" lon="11.474490000000001">
    <ele>1256.8799999999999</ele>
   </trkpt>
   <trkpt lat="46.26265" lon="11.47446">
    <ele>1252.89</ele>
   </trkpt>
   <trkpt lat="46.26296000000001" lon="11.474300000000001">
    <ele>1251.29</ele>
   </trkpt>
   <trkpt lat="46.263110000000005" lon="11.47433">
    <ele>1250.5300000000002</ele>
   </trkpt>
   <trkpt lat="46.263450000000006" lon="11.474260000000001">
    <ele>1246.89</ele>
   </trkpt>
   <trkpt lat="46.26355" lon="11.47418">
    <ele>1244.3500000000001</ele>
   </trkpt>
   <trkpt lat="46.263600000000004" lon="11.474110000000001">
    <ele>1244.3500000000001</ele>
   </trkpt>
   <trkpt lat="46.263670000000005" lon="11.47408">
    <ele>1244.3500000000001</ele>
   </trkpt>
   <trkpt lat="46.263960000000004" lon="11.474110000000001">
    <ele>1241.43</ele>
   </trkpt>
   <trkpt lat="46.26413" lon="11.47423">
    <ele>1239.2800000000002</ele>
   </trkpt>
   <trkpt lat="46.26422" lon="11.474260000000001">
    <ele>1236.49</ele>
   </trkpt>
   <trkpt lat="46.26431" lon="11.474250000000001">
    <ele>1235.41</ele>
   </trkpt>
   <trkpt lat="46.26447" lon="11.474310000000001">
    <ele>1233.8999999999999</ele>
   </trkpt>
   <trkpt lat="46.26458" lon="11.47432">
    <ele>1233.8999999999999</ele>
   </trkpt>
   <trkpt lat="46.26469" lon="11.47441">
    <ele>1231.51</ele>
   </trkpt>
   <trkpt lat="46.26478" lon="11.47446">
    <ele>1230.49</ele>
   </trkpt>
   <trkpt lat="46.264900000000004" lon="11.474390000000001">
    <ele>1228.11</ele>
   </trkpt>
   <trkpt lat="46.26498" lon="11.474300000000001">
    <ele>1227.53</ele>
   </trkpt>
   <trkpt lat="46.26514" lon="11.474340000000002">
    <ele>1225.14</ele>
   </trkpt>
   <trkpt lat="46.2653" lon="11.474310000000001">
    <ele>1223.65</ele>
   </trkpt>
   <trkpt lat="46.265440000000005" lon="11.47432">
    <ele>1222.01</ele>
   </trkpt>
   <trkpt lat="46.26596000000001" lon="11.474160000000001">
    <ele>1215.47</ele>
   </trkpt>
   <trkpt lat="46.26614000000001" lon="11.47405">
    <ele>1213.2200000000003</ele>
   </trkpt>
   <trkpt lat="46.26632" lon="11.47404">
    <ele>1212.28</ele>
   </trkpt>
   <trkpt lat="46.266490000000005" lon="11.47408">
    <ele>1211.24</ele>
   </trkpt>
   <trkpt lat="46.26664" lon="11.474160000000001">
    <ele>1207.93</ele>
   </trkpt>
   <trkpt lat="46.26671" lon="11.47423">
    <ele>1206.76</ele>
   </trkpt>
   <trkpt lat="46.266870000000004" lon="11.47422">
    <ele>1203.99</ele>
   </trkpt>
   <trkpt lat="46.267010000000006" lon="11.47417">
    <ele>1201.5500000000002</ele>
   </trkpt>
   <trkpt lat="46.26724" lon="11.47399">
    <ele>1200.41</ele>
   </trkpt>
   <trkpt lat="46.267320000000005" lon="11.47389">
    <ele>1196.11</ele>
   </trkpt>
   <trkpt lat="46.26742" lon="11.473540000000002">
    <ele>1195.06</ele>
   </trkpt>
   <trkpt lat="46.267520000000005" lon="11.47342">
    <ele>1194.0700000000002</ele>
   </trkpt>
   <trkpt lat="46.26784000000001" lon="11.47325">
    <ele>1189.89</ele>
   </trkpt>
   <trkpt lat="46.268010000000004" lon="11.473070000000002">
    <ele>1187.95</ele>
   </trkpt>
   <trkpt lat="46.26811000000001" lon="11.47301">
    <ele>1185.47</ele>
   </trkpt>
   <trkpt lat="46.26822000000001" lon="11.473030000000001">
    <ele>1185.47</ele>
   </trkpt>
   <trkpt lat="46.268420000000006" lon="11.47338">
    <ele>1181.0800000000002</ele>
   </trkpt>
   <trkpt lat="46.26849000000001" lon="11.47348">
    <ele>1181.0800000000002</ele>
   </trkpt>
   <trkpt lat="46.26859" lon="11.47356">
    <ele>1180.0700000000002</ele>
   </trkpt>
   <trkpt lat="46.269290000000005" lon="11.47353">
    <ele>1169.72</ele>
   </trkpt>
   <trkpt lat="46.26944" lon="11.47347">
    <ele>1169.72</ele>
   </trkpt>
   <trkpt lat="46.269560000000006" lon="11.473360000000001">
    <ele>1168.2</ele>
   </trkpt>
   <trkpt lat="46.26973" lon="11.473120000000002">
    <ele>1165.98</ele>
   </trkpt>
   <trkpt lat="46.26982" lon="11.47319">
    <ele>1163.5600000000002</ele>
   </trkpt>
   <trkpt lat="46.26979" lon="11.473350000000002">
    <ele>1161.8300000000002</ele>
   </trkpt>
   <trkpt lat="46.26961000000001" lon="11.47385">
    <ele>1157.0900000000001</ele>
   </trkpt>
   <trkpt lat="46.269600000000004" lon="11.47404">
    <ele>1157.0900000000001</ele>
   </trkpt>
   <trkpt lat="46.26966" lon="11.47409">
    <ele>1154.22</ele>
   </trkpt>
   <trkpt lat="46.269740000000006" lon="11.47408">
    <ele>1154.22</ele>
   </trkpt>
   <trkpt lat="46.27002" lon="11.47385">
    <ele>1149.73</ele>
   </trkpt>
   <trkpt lat="46.2702" lon="11.47375">
    <ele>1145.47</ele>
   </trkpt>
   <trkpt lat="46.270480000000006" lon="11.47371">
    <ele>1143.78</ele>
   </trkpt>
   <trkpt lat="46.27065" lon="11.473700000000001">
    <ele>1142.2</ele>
   </trkpt>
   <trkpt lat="46.270880000000005" lon="11.473730000000002">
    <ele>1139.44</ele>
   </trkpt>
   <trkpt lat="46.271010000000004" lon="11.473780000000001">
    <ele>1135.85</ele>
   </trkpt>
   <trkpt lat="46.27114" lon="11.473880000000001">
    <ele>1135.85</ele>
   </trkpt>
   <trkpt lat="46.27152" lon="11.474540000000001">
    <ele>1129.5600000000002</ele>
   </trkpt>
   <trkpt lat="46.271570000000004" lon="11.47452">
    <ele>1129.5600000000002</ele>
   </trkpt>
   <trkpt lat="46.271570000000004" lon="11.474430000000002">
    <ele>1129.5600000000002</ele>
   </trkpt>
   <trkpt lat="46.27147" lon="11.47419">
    <ele>1125.5300000000002</ele>
   </trkpt>
   <trkpt lat="46.27136" lon="11.473730000000002">
    <ele>1122.67</ele>
   </trkpt>
   <trkpt lat="46.27123" lon="11.47333">
    <ele>1118.7900000000002</ele>
   </trkpt>
   <trkpt lat="46.2712" lon="11.473130000000001">
    <ele>1116.54</ele>
   </trkpt>
   <trkpt lat="46.271150000000006" lon="11.472100000000001">
    <ele>1109.42</ele>
   </trkpt>
   <trkpt lat="46.27116" lon="11.471630000000001">
    <ele>1104.95</ele>
   </trkpt>
   <trkpt lat="46.271125003419144" lon="11.470744999562404">
    <ele>1098.26</ele>
   </trkpt>
   <trkpt lat="46.27109" lon="11.46986">
    <ele>1090.96</ele>
   </trkpt>
   <trkpt lat="46.27109" lon="11.46945">
    <ele>1089.43</ele>
   </trkpt>
   <trkpt lat="46.27102000000001" lon="11.46836">
    <ele>1080.4</ele>
   </trkpt>
   <trkpt lat="46.27098" lon="11.467310000000001">
    <ele>1073.3600000000001</ele>
   </trkpt>
   <trkpt lat="46.27116" lon="11.466330000000001">
    <ele>1065.16</ele>
   </trkpt>
   <trkpt lat="46.271390000000004" lon="11.465620000000001">
    <ele>1059.22</ele>
   </trkpt>
   <trkpt lat="46.27161" lon="11.465140000000002">
    <ele>1054.8700000000001</ele>
   </trkpt>
   <trkpt lat="46.27169000000001" lon="11.46488">
    <ele>1052.54</ele>
   </trkpt>
   <trkpt lat="46.2717" lon="11.46447">
    <ele>1048.5800000000002</ele>
   </trkpt>
   <trkpt lat="46.271620000000006" lon="11.46396">
    <ele>1045.41</ele>
   </trkpt>
   <trkpt lat="46.271660000000004" lon="11.46382">
    <ele>1043.39</ele>
   </trkpt>
   <trkpt lat="46.27207000000001" lon="11.46343">
    <ele>1038.5300000000002</ele>
   </trkpt>
   <trkpt lat="46.27225000000001" lon="11.463180000000001">
    <ele>1037.52</ele>
   </trkpt>
   <trkpt lat="46.27268" lon="11.463650000000001">
    <ele>1033.5400000000002</ele>
   </trkpt>
   <trkpt lat="46.27308000167146" lon="11.464274995389456">
    <ele>1029.7200000000003</ele>
   </trkpt>
   <trkpt lat="46.273480000000006" lon="11.4649">
    <ele>1026.9</ele>
   </trkpt>
   <trkpt lat="46.273790001505795" lon="11.46546999694041">
    <ele>1023.23</ele>
   </trkpt>
   <trkpt lat="46.274100000000004" lon="11.466040000000001">
    <ele>1019.94</ele>
   </trkpt>
   <trkpt lat="46.274100000000004" lon="11.466050000000001">
    <ele>1019.94</ele>
   </trkpt>
   <trkpt lat="46.274260000000005" lon="11.46588">
    <ele>1024.17</ele>
   </trkpt>
   <trkpt lat="46.27460000000001" lon="11.465900000000001">
    <ele>1024.6200000000001</ele>
   </trkpt>
   <trkpt lat="46.27512" lon="11.46615">
    <ele>1022.4900000000001</ele>
   </trkpt>
   <trkpt lat="46.27526" lon="11.466170000000002">
    <ele>1022.9300000000001</ele>
   </trkpt>
   <trkpt lat="46.275490000000005" lon="11.465950000000001">
    <ele>1022.8900000000001</ele>
   </trkpt>
   <trkpt lat="46.27566" lon="11.465840000000002">
    <ele>1022.45</ele>
   </trkpt>
   <trkpt lat="46.27581000000001" lon="11.465840000000002">
    <ele>1021.6700000000001</ele>
   </trkpt>
   <trkpt lat="46.275890000000004" lon="11.465900000000001">
    <ele>1020.8900000000001</ele>
   </trkpt>
   <trkpt lat="46.27604" lon="11.466380000000001">
    <ele>1018.91</ele>
   </trkpt>
   <trkpt lat="46.27617" lon="11.46648">
    <ele>1016.0100000000001</ele>
   </trkpt>
   <trkpt lat="46.276250000000005" lon="11.466230000000001">
    <ele>1015.3400000000001</ele>
   </trkpt>
   <trkpt lat="46.27647" lon="11.46621">
    <ele>1011.42</ele>
   </trkpt>
   <trkpt lat="46.27664" lon="11.466370000000001">
    <ele>1008.4200000000001</ele>
   </trkpt>
   <trkpt lat="46.2768" lon="11.46667">
    <ele>1003.3000000000001</ele>
   </trkpt>
   <trkpt lat="46.277120000000004" lon="11.467780000000001">
    <ele>986.82</ele>
   </trkpt>
   <trkpt lat="46.27738" lon="11.46813">
    <ele>976.74</ele>
   </trkpt>
   <trkpt lat="46.27705" lon="11.46869">
    <ele>961.7500000000001</ele>
   </trkpt>
   <trkpt lat="46.276920000000004" lon="11.46916">
    <ele>960.86</ele>
   </trkpt>
   <trkpt lat="46.27678" lon="11.46953">
    <ele>961.94</ele>
   </trkpt>
   <trkpt lat="46.276650000000004" lon="11.469660000000001">
    <ele>961.8000000000001</ele>
   </trkpt>
   <trkpt lat="46.27649" lon="11.46968">
    <ele>960.1</ele>
   </trkpt>
   <trkpt lat="46.2764" lon="11.469710000000001">
    <ele>959.71</ele>
   </trkpt>
   <trkpt lat="46.276340000000005" lon="11.47034">
    <ele>960.2900000000001</ele>
   </trkpt>
   <trkpt lat="46.276410000000006" lon="11.470720000000002">
    <ele>961.67</ele>
   </trkpt>
   <trkpt lat="46.276410000000006" lon="11.471160000000001">
    <ele>962.69</ele>
   </trkpt>
   <trkpt lat="46.276610000000005" lon="11.47145">
    <ele>961.58</ele>
   </trkpt>
   <trkpt lat="46.276720000000005" lon="11.47239">
    <ele>956.7700000000001</ele>
   </trkpt>
   <trkpt lat="46.27682" lon="11.47283">
    <ele>957.8100000000001</ele>
   </trkpt>
   <trkpt lat="46.276860000000006" lon="11.473080000000001">
    <ele>958.2400000000001</ele>
   </trkpt>
   <trkpt lat="46.27689" lon="11.47342">
    <ele>958.2800000000001</ele>
   </trkpt>
   <trkpt lat="46.276990000000005" lon="11.473930000000001">
    <ele>957.9900000000001</ele>
   </trkpt>
   <trkpt lat="46.277" lon="11.474960000000001">
    <ele>961.0600000000001</ele>
   </trkpt>
   <trkpt lat="46.2772" lon="11.475510000000002">
    <ele>965.4800000000001</ele>
   </trkpt>
   <trkpt lat="46.277210000000004" lon="11.47563">
    <ele>966.59</ele>
   </trkpt>
   <trkpt lat="46.277390000000004" lon="11.475930000000002">
    <ele>965.57</ele>
   </trkpt>
   <trkpt lat="46.27769000000001" lon="11.4762">
    <ele>959.07</ele>
   </trkpt>
   <trkpt lat="46.27794" lon="11.47685">
    <ele>956.62</ele>
   </trkpt>
   <trkpt lat="46.277950000000004" lon="11.476960000000002">
    <ele>956.62</ele>
   </trkpt>
   <trkpt lat="46.27848499988349" lon="11.476925000349704">
    <ele>951.6700000000001</ele>
   </trkpt>
   <trkpt lat="46.27902" lon="11.476890000000001">
    <ele>942.2</ele>
   </trkpt>
   <trkpt lat="46.27979499994816" lon="11.476770001715087">
    <ele>933.03</ele>
   </trkpt>
   <trkpt lat="46.280570000000004" lon="11.476650000000001">
    <ele>923.51</ele>
   </trkpt>
   <trkpt lat="46.280930000000005" lon="11.476650000000001">
    <ele>920.3500000000001</ele>
   </trkpt>
   <trkpt lat="46.28143" lon="11.47652">
    <ele>915.66</ele>
   </trkpt>
   <trkpt lat="46.28197" lon="11.476510000000001">
    <ele>906.99</ele>
   </trkpt>
   <trkpt lat="46.282270000000004" lon="11.476680000000002">
    <ele>904.8000000000001</ele>
   </trkpt>
   <trkpt lat="46.282410000000006" lon="11.47691">
    <ele>901.8000000000001</ele>
   </trkpt>
   <trkpt lat="46.282360000000004" lon="11.47723">
    <ele>899.19</ele>
   </trkpt>
   <trkpt lat="46.282340000000005" lon="11.478050000000001">
    <ele>889.46</ele>
   </trkpt>
   <trkpt lat="46.282430000000005" lon="11.47844">
    <ele>885.38</ele>
   </trkpt>
   <trkpt lat="46.28242" lon="11.47878">
    <ele>881.62</ele>
   </trkpt>
   <trkpt lat="46.28237000000001" lon="11.478900000000001">
    <ele>880.3400000000001</ele>
   </trkpt>
   <trkpt lat="46.282430000000005" lon="11.47893">
    <ele>880.3400000000001</ele>
   </trkpt>
   <trkpt lat="46.282450000000004" lon="11.47901">
    <ele>877.65</ele>
   </trkpt>
   <trkpt lat="46.282360000000004" lon="11.479460000000001">
    <ele>873.72</ele>
   </trkpt>
   <trkpt lat="46.28237000000001" lon="11.47954">
    <ele>873.72</ele>
   </trkpt>
   <trkpt lat="46.2824" lon="11.47958">
    <ele>871.0500000000001</ele>
   </trkpt>
   <trkpt lat="46.28244" lon="11.479600000000001">
    <ele>871.0500000000001</ele>
   </trkpt>
   <trkpt lat="46.28267" lon="11.47958">
    <ele>868.3000000000001</ele>
   </trkpt>
   <trkpt lat="46.28285" lon="11.479600000000001">
    <ele>866.65</ele>
   </trkpt>
   <trkpt lat="46.283010000000004" lon="11.47967">
    <ele>865.62</ele>
   </trkpt>
   <trkpt lat="46.283080000000005" lon="11.47977">
    <ele>865.36</ele>
   </trkpt>
   <trkpt lat="46.283120000000004" lon="11.47999">
    <ele>864.97</ele>
   </trkpt>
   <trkpt lat="46.28307" lon="11.48066">
    <ele>863.0500000000001</ele>
   </trkpt>
   <trkpt lat="46.283100000000005" lon="11.48084">
    <ele>863.07</ele>
   </trkpt>
   <trkpt lat="46.28313000000001" lon="11.480910000000002">
    <ele>863.07</ele>
   </trkpt>
   <trkpt lat="46.283210000000004" lon="11.480860000000002">
    <ele>862.74</ele>
   </trkpt>
   <trkpt lat="46.28388" lon="11.480640000000001">
    <ele>862.25</ele>
   </trkpt>
   <trkpt lat="46.28401" lon="11.48056">
    <ele>862.38</ele>
   </trkpt>
   <trkpt lat="46.284110000000005" lon="11.48046">
    <ele>862.9000000000001</ele>
   </trkpt>
   <trkpt lat="46.284330000000004" lon="11.4801">
    <ele>863.59</ele>
   </trkpt>
   <trkpt lat="46.28454000000001" lon="11.479970000000002">
    <ele>863.8100000000001</ele>
   </trkpt>
   <trkpt lat="46.285005000130234" lon="11.479855000958194">
    <ele>864.22</ele>
   </trkpt>
   <trkpt lat="46.285470000000004" lon="11.479740000000001">
    <ele>864.45</ele>
   </trkpt>
   <trkpt lat="46.285520000000005" lon="11.48014">
    <ele>863.5100000000001</ele>
   </trkpt>
   <trkpt lat="46.28555" lon="11.48014">
    <ele>863.5100000000001</ele>
   </trkpt>
   <trkpt lat="46.285680000000006" lon="11.48005">
    <ele>863.6300000000001</ele>
   </trkpt>
   <trkpt lat="46.285720000000005" lon="11.479940000000001">
    <ele>863.6300000000001</ele>
   </trkpt>
   <trkpt lat="46.285810000000005" lon="11.480020000000001">
    <ele>866.2700000000001</ele>
   </trkpt>
   <trkpt lat="46.28589" lon="11.479940000000001">
    <ele>866.2700000000001</ele>
   </trkpt>
   <trkpt lat="46.28591" lon="11.479890000000001">
    <ele>866.2700000000001</ele>
   </trkpt>
   <trkpt lat="46.28587" lon="11.479830000000002">
    <ele>866.5</ele>
   </trkpt>
   <trkpt lat="46.285920000000004" lon="11.47962">
    <ele>866.62</ele>
   </trkpt>
   <trkpt lat="46.2858" lon="11.47907">
    <ele>863.57</ele>
   </trkpt>
   <trkpt lat="46.28577000000001" lon="11.478980000000002">
    <ele>863.23</ele>
   </trkpt>
   <trkpt lat="46.285700000000006" lon="11.478890000000002">
    <ele>862.62</ele>
   </trkpt>
   <trkpt lat="46.2856" lon="11.47859">
    <ele>861.4100000000001</ele>
   </trkpt>
   <trkpt lat="46.28549" lon="11.47784">
    <ele>860.71</ele>
   </trkpt>
   <trkpt lat="46.28551" lon="11.477450000000001">
    <ele>860.35</ele>
   </trkpt>
   <trkpt lat="46.28558" lon="11.47718">
    <ele>859.89</ele>
   </trkpt>
   <trkpt lat="46.285430000000005" lon="11.476040000000001">
    <ele>859.8100000000001</ele>
   </trkpt>
   <trkpt lat="46.28528000000001" lon="11.475710000000001">
    <ele>859.21</ele>
   </trkpt>
   <trkpt lat="46.285160000000005" lon="11.475010000000001">
    <ele>859.4600000000002</ele>
   </trkpt>
   <trkpt lat="46.285180000000004" lon="11.474580000000001">
    <ele>859.13</ele>
   </trkpt>
   <trkpt lat="46.28524" lon="11.47419">
    <ele>858.9300000000001</ele>
   </trkpt>
   <trkpt lat="46.28539000000001" lon="11.47361">
    <ele>857.92</ele>
   </trkpt>
   <trkpt lat="46.28541500231968" lon="11.47288000042673">
    <ele>857.4</ele>
   </trkpt>
   <trkpt lat="46.28544" lon="11.472150000000001">
    <ele>857.0600000000001</ele>
   </trkpt>
   <trkpt lat="46.285355002766124" lon="11.471354998870815">
    <ele>855.8100000000001</ele>
   </trkpt>
   <trkpt lat="46.285270000000004" lon="11.47056">
    <ele>855.2700000000001</ele>
   </trkpt>
   <trkpt lat="46.28531" lon="11.470210000000002">
    <ele>854.7600000000001</ele>
   </trkpt>
   <trkpt lat="46.28544" lon="11.469940000000001">
    <ele>854.6700000000001</ele>
   </trkpt>
   <trkpt lat="46.28544" lon="11.469560000000001">
    <ele>855.0000000000001</ele>
   </trkpt>
   <trkpt lat="46.28522" lon="11.468810000000001">
    <ele>858.8500000000001</ele>
   </trkpt>
   <trkpt lat="46.285250000000005" lon="11.46865">
    <ele>859.6400000000001</ele>
   </trkpt>
   <trkpt lat="46.285270000000004" lon="11.468380000000002">
    <ele>863.7800000000001</ele>
   </trkpt>
   <trkpt lat="46.28479" lon="11.46732">
    <ele>870.69</ele>
   </trkpt>
   <trkpt lat="46.28466" lon="11.466920000000002">
    <ele>870.1200000000001</ele>
   </trkpt>
   <trkpt lat="46.28463000000001" lon="11.46673">
    <ele>869.38</ele>
   </trkpt>
   <trkpt lat="46.28439" lon="11.466190000000001">
    <ele>865.1700000000001</ele>
   </trkpt>
   <trkpt lat="46.284040000000005" lon="11.465470000000002">
    <ele>860.13</ele>
   </trkpt>
   <trkpt lat="46.28398000000001" lon="11.46479">
    <ele>865.1500000000001</ele>
   </trkpt>
   <trkpt lat="46.28401" lon="11.464590000000001">
    <ele>866.77</ele>
   </trkpt>
   <trkpt lat="46.28396" lon="11.4641">
    <ele>872.9000000000001</ele>
   </trkpt>
   <trkpt lat="46.28383" lon="11.46344">
    <ele>882.44</ele>
   </trkpt>
   <trkpt lat="46.283750000000005" lon="11.462810000000001">
    <ele>889.6700000000001</ele>
   </trkpt>
   <trkpt lat="46.28376" lon="11.462190000000001">
    <ele>896.2200000000001</ele>
   </trkpt>
   <trkpt lat="46.28371500214218" lon="11.461489999522993">
    <ele>899.4900000000001</ele>
   </trkpt>
   <trkpt lat="46.28367" lon="11.460790000000001">
    <ele>903.69</ele>
   </trkpt>
   <trkpt lat="46.28380000000001" lon="11.460090000000001">
    <ele>909.2500000000001</ele>
   </trkpt>
   <trkpt lat="46.28383" lon="11.45964">
    <ele>912.4100000000001</ele>
   </trkpt>
   <trkpt lat="46.28383" lon="11.45903">
    <ele>918.72</ele>
   </trkpt>
   <trkpt lat="46.28412" lon="11.45903">
    <ele>922.73</ele>
   </trkpt>
   <trkpt lat="46.28466" lon="11.4587">
    <ele>933.3100000000001</ele>
   </trkpt>
   <trkpt lat="46.28526" lon="11.458480000000002">
    <ele>940.95</ele>
   </trkpt>
   <trkpt lat="46.28542" lon="11.45832">
    <ele>942.73</ele>
   </trkpt>
   <trkpt lat="46.285650000000004" lon="11.458020000000001">
    <ele>944.15</ele>
   </trkpt>
   <trkpt lat="46.28584" lon="11.45799">
    <ele>945.34</ele>
   </trkpt>
   <trkpt lat="46.285740000000004" lon="11.458590000000001">
    <ele>949.3800000000001</ele>
   </trkpt>
   <trkpt lat="46.28585" lon="11.45892">
    <ele>952.97</ele>
   </trkpt>
   <trkpt lat="46.28585" lon="11.45902">
    <ele>952.97</ele>
   </trkpt>
   <trkpt lat="46.285450000000004" lon="11.45973">
    <ele>960.5300000000001</ele>
   </trkpt>
   <trkpt lat="46.28529" lon="11.4608">
    <ele>973.3000000000001</ele>
   </trkpt>
   <trkpt lat="46.285340000000005" lon="11.460840000000001">
    <ele>973.3000000000001</ele>
   </trkpt>
   <trkpt lat="46.28499" lon="11.462010000000001">
    <ele>969.4800000000001</ele>
   </trkpt>
   <trkpt lat="46.28492000000001" lon="11.462290000000001">
    <ele>968.5400000000001</ele>
   </trkpt>
   <trkpt lat="46.28492000000001" lon="11.462370000000002">
    <ele>968.5400000000001</ele>
   </trkpt>
   <trkpt lat="46.285070000000005" lon="11.46236">
    <ele>974.4300000000001</ele>
   </trkpt>
   <trkpt lat="46.28530000000001" lon="11.461770000000001">
    <ele>979.6700000000001</ele>
   </trkpt>
   <trkpt lat="46.28539000000001" lon="11.4618">
    <ele>983.13</ele>
   </trkpt>
   <trkpt lat="46.28537" lon="11.461910000000001">
    <ele>993.9300000000001</ele>
   </trkpt>
   <trkpt lat="46.285360000000004" lon="11.462280000000002">
    <ele>993.99</ele>
   </trkpt>
   <trkpt lat="46.285410000000006" lon="11.462420000000002">
    <ele>994.2900000000001</ele>
   </trkpt>
   <trkpt lat="46.286080000000005" lon="11.46287">
    <ele>994.86</ele>
   </trkpt>
   <trkpt lat="46.286350000000006" lon="11.462940000000001">
    <ele>994.4900000000001</ele>
   </trkpt>
   <trkpt lat="46.286500000000004" lon="11.462940000000001">
    <ele>993.6</ele>
   </trkpt>
   <trkpt lat="46.28698000000001" lon="11.46274">
    <ele>992.6</ele>
   </trkpt>
   <trkpt lat="46.287220000000005" lon="11.46274">
    <ele>992.83</ele>
   </trkpt>
   <trkpt lat="46.287470000000006" lon="11.462330000000001">
    <ele>994.92</ele>
   </trkpt>
   <trkpt lat="46.28761" lon="11.462150000000001">
    <ele>995.71</ele>
   </trkpt>
   <trkpt lat="46.28797" lon="11.461570000000002">
    <ele>993.99</ele>
   </trkpt>
   <trkpt lat="46.287890000000004" lon="11.46222">
    <ele>995.4300000000001</ele>
   </trkpt>
   <trkpt lat="46.287890000000004" lon="11.463030000000002">
    <ele>994.38</ele>
   </trkpt>
   <trkpt lat="46.28793" lon="11.463030000000002">
    <ele>994.4100000000001</ele>
   </trkpt>
   <trkpt lat="46.287940000000006" lon="11.4631">
    <ele>994.4100000000001</ele>
   </trkpt>
   <trkpt lat="46.28813" lon="11.463090000000001">
    <ele>994.33</ele>
   </trkpt>
   <trkpt lat="46.288160000000005" lon="11.46305">
    <ele>994.57</ele>
   </trkpt>
   <trkpt lat="46.288230000000006" lon="11.46302">
    <ele>994.9100000000001</ele>
   </trkpt>
   <trkpt lat="46.28826" lon="11.463080000000001">
    <ele>994.7600000000001</ele>
   </trkpt>
   <trkpt lat="46.28833" lon="11.4631">
    <ele>994.5300000000001</ele>
   </trkpt>
   <trkpt lat="46.28858" lon="11.463040000000001">
    <ele>993.16</ele>
   </trkpt>
   <trkpt lat="46.28884" lon="11.46296">
    <ele>992.6600000000001</ele>
   </trkpt>
   <trkpt lat="46.289030000000004" lon="11.462850000000001">
    <ele>992.0300000000001</ele>
   </trkpt>
   <trkpt lat="46.28905" lon="11.46293">
    <ele>992.0300000000001</ele>
   </trkpt>
   <trkpt lat="46.28929" lon="11.462700000000002">
    <ele>990.8000000000001</ele>
   </trkpt>
   <trkpt lat="46.28942000000001" lon="11.46249">
    <ele>990.8000000000001</ele>
   </trkpt>
   <trkpt lat="46.28974000207823" lon="11.461810003839613">
    <ele>989.5100000000001</ele>
   </trkpt>
   <trkpt lat="46.290060000000004" lon="11.46113">
    <ele>989.86</ele>
   </trkpt>
   <trkpt lat="46.290220000000005" lon="11.460700000000001">
    <ele>990.5</ele>
   </trkpt>
   <trkpt lat="46.29037" lon="11.460590000000002">
    <ele>991.6300000000001</ele>
   </trkpt>
   <trkpt lat="46.29057" lon="11.46063">
    <ele>992.9000000000001</ele>
   </trkpt>
   <trkpt lat="46.29073" lon="11.46058">
    <ele>993.8000000000001</ele>
   </trkpt>
   <trkpt lat="46.290940000000006" lon="11.46049">
    <ele>996.1200000000001</ele>
   </trkpt>
   <trkpt lat="46.29126" lon="11.460540000000002">
    <ele>997.5500000000001</ele>
   </trkpt>
   <trkpt lat="46.29124" lon="11.46081">
    <ele>997.65</ele>
   </trkpt>
   <trkpt lat="46.29106" lon="11.461480000000002">
    <ele>998.5200000000001</ele>
   </trkpt>
  </trkseg>
 </trk>
</gpx>
