<?xml version="1.0" encoding="UTF-8"?>
<gpx version="1.1" creator="Muflones Trail Running Club" xmlns="http://www.topografix.com/GPX/1/1">
 <metadata>
  <name>Lusernar Zimbar Loaf Trail 47</name>
  <link href="https://muflones.github.io"><text>Muflones Trail Running Club</text></link>
 </metadata>
 <trk><name>Lusernar Zimbar Loaf Trail 47</name>
  <trkseg>
   <trkpt lat="45.921439" lon="11.324944"><ele>1341.2</ele></trkpt>
   <trkpt lat="45.921331" lon="11.324962"><ele>1342.6</ele></trkpt>
   <trkpt lat="45.921274" lon="11.324979"><ele>1342.4</ele></trkpt>
   <trkpt lat="45.921099" lon="11.325132"><ele>1342.0</ele></trkpt>
   <trkpt lat="45.920926" lon="11.325256"><ele>1342.0</ele></trkpt>
   <trkpt lat="45.920804" lon="11.325399"><ele>1343.2</ele></trkpt>
   <trkpt lat="45.920685" lon="11.325615"><ele>1342.2</ele></trkpt>
   <trkpt lat="45.920557" lon="11.325826"><ele>1341.8</ele></trkpt>
   <trkpt lat="45.920501" lon="11.325903"><ele>1341.4</ele></trkpt>
   <trkpt lat="45.920381" lon="11.326020"><ele>1340.0</ele></trkpt>
   <trkpt lat="45.920330" lon="11.326079"><ele>1338.6</ele></trkpt>
   <trkpt lat="45.920303" lon="11.326102"><ele>1338.2</ele></trkpt>
   <trkpt lat="45.920240" lon="11.326089"><ele>1337.4</ele></trkpt>
   <trkpt lat="45.920153" lon="11.326012"><ele>1336.2</ele></trkpt>
   <trkpt lat="45.920054" lon="11.325917"><ele>1335.0</ele></trkpt>
   <trkpt lat="45.919987" lon="11.325791"><ele>1333.6</ele></trkpt>
   <trkpt lat="45.919879" lon="11.325621"><ele>1332.4</ele></trkpt>
   <trkpt lat="45.919935" lon="11.325424"><ele>1331.2</ele></trkpt>
   <trkpt lat="45.919978" lon="11.325316"><ele>1329.8</ele></trkpt>
   <trkpt lat="45.920039" lon="11.325189"><ele>1328.4</ele></trkpt>
   <trkpt lat="45.920131" lon="11.325020"><ele>1327.2</ele></trkpt>
   <trkpt lat="45.920220" lon="11.324866"><ele>1326.0</ele></trkpt>
   <trkpt lat="45.920234" lon="11.324822"><ele>1325.4</ele></trkpt>
   <trkpt lat="45.920253" lon="11.324784"><ele>1324.6</ele></trkpt>
   <trkpt lat="45.920286" lon="11.324688"><ele>1322.8</ele></trkpt>
   <trkpt lat="45.920313" lon="11.324590"><ele>1321.8</ele></trkpt>
   <trkpt lat="45.920355" lon="11.324465"><ele>1320.4</ele></trkpt>
   <trkpt lat="45.920383" lon="11.324367"><ele>1319.2</ele></trkpt>
   <trkpt lat="45.920415" lon="11.324284"><ele>1318.0</ele></trkpt>
   <trkpt lat="45.920467" lon="11.324156"><ele>1316.4</ele></trkpt>
   <trkpt lat="45.920491" lon="11.324072"><ele>1315.4</ele></trkpt>
   <trkpt lat="45.920522" lon="11.323997"><ele>1313.8</ele></trkpt>
   <trkpt lat="45.920552" lon="11.323926"><ele>1312.4</ele></trkpt>
   <trkpt lat="45.920578" lon="11.323840"><ele>1311.2</ele></trkpt>
   <trkpt lat="45.920609" lon="11.323748"><ele>1309.2</ele></trkpt>
   <trkpt lat="45.920642" lon="11.323651"><ele>1308.0</ele></trkpt>
   <trkpt lat="45.920655" lon="11.323610"><ele>1307.4</ele></trkpt>
   <trkpt lat="45.920670" lon="11.323567"><ele>1307.0</ele></trkpt>
   <trkpt lat="45.920725" lon="11.323438"><ele>1305.6</ele></trkpt>
   <trkpt lat="45.920826" lon="11.323346"><ele>1304.6</ele></trkpt>
   <trkpt lat="45.920864" lon="11.323172"><ele>1303.2</ele></trkpt>
   <trkpt lat="45.920849" lon="11.323082"><ele>1302.0</ele></trkpt>
   <trkpt lat="45.920793" lon="11.322828"><ele>1301.2</ele></trkpt>
   <trkpt lat="45.920769" lon="11.322718"><ele>1300.8</ele></trkpt>
   <trkpt lat="45.920749" lon="11.322619"><ele>1299.8</ele></trkpt>
   <trkpt lat="45.920720" lon="11.322527"><ele>1298.6</ele></trkpt>
   <trkpt lat="45.920674" lon="11.322457"><ele>1297.6</ele></trkpt>
   <trkpt lat="45.920585" lon="11.322379"><ele>1296.2</ele></trkpt>
   <trkpt lat="45.920511" lon="11.322358"><ele>1295.0</ele></trkpt>
   <trkpt lat="45.920427" lon="11.322346"><ele>1293.8</ele></trkpt>
   <trkpt lat="45.920347" lon="11.322310"><ele>1292.8</ele></trkpt>
   <trkpt lat="45.920274" lon="11.322258"><ele>1291.6</ele></trkpt>
   <trkpt lat="45.920214" lon="11.322140"><ele>1290.4</ele></trkpt>
   <trkpt lat="45.920211" lon="11.322034"><ele>1289.0</ele></trkpt>
   <trkpt lat="45.920226" lon="11.321931"><ele>1287.4</ele></trkpt>
   <trkpt lat="45.920292" lon="11.321800"><ele>1286.0</ele></trkpt>
   <trkpt lat="45.920321" lon="11.321685"><ele>1284.6</ele></trkpt>
   <trkpt lat="45.920332" lon="11.321576"><ele>1282.8</ele></trkpt>
   <trkpt lat="45.920345" lon="11.321487"><ele>1281.2</ele></trkpt>
   <trkpt lat="45.920352" lon="11.321382"><ele>1279.6</ele></trkpt>
   <trkpt lat="45.920370" lon="11.321267"><ele>1278.2</ele></trkpt>
   <trkpt lat="45.920397" lon="11.321096"><ele>1277.0</ele></trkpt>
   <trkpt lat="45.920449" lon="11.320825"><ele>1276.6</ele></trkpt>
   <trkpt lat="45.920498" lon="11.320708"><ele>1275.4</ele></trkpt>
   <trkpt lat="45.920546" lon="11.320634"><ele>1274.2</ele></trkpt>
   <trkpt lat="45.920679" lon="11.320451"><ele>1273.6</ele></trkpt>
   <trkpt lat="45.920779" lon="11.320204"><ele>1273.0</ele></trkpt>
   <trkpt lat="45.920823" lon="11.320114"><ele>1271.4</ele></trkpt>
   <trkpt lat="45.920857" lon="11.320026"><ele>1270.4</ele></trkpt>
   <trkpt lat="45.920879" lon="11.319761"><ele>1270.0</ele></trkpt>
   <trkpt lat="45.920905" lon="11.319661"><ele>1270.2</ele></trkpt>
   <trkpt lat="45.921043" lon="11.319435"><ele>1269.6</ele></trkpt>
   <trkpt lat="45.921091" lon="11.319367"><ele>1269.2</ele></trkpt>
   <trkpt lat="45.921271" lon="11.319208"><ele>1268.4</ele></trkpt>
   <trkpt lat="45.921338" lon="11.319159"><ele>1268.2</ele></trkpt>
   <trkpt lat="45.921527" lon="11.319048"><ele>1267.8</ele></trkpt>
   <trkpt lat="45.921708" lon="11.318900"><ele>1267.0</ele></trkpt>
   <trkpt lat="45.921810" lon="11.318828"><ele>1266.0</ele></trkpt>
   <trkpt lat="45.921994" lon="11.318679"><ele>1265.4</ele></trkpt>
   <trkpt lat="45.922141" lon="11.318521"><ele>1265.4</ele></trkpt>
   <trkpt lat="45.922304" lon="11.318365"><ele>1266.4</ele></trkpt>
   <trkpt lat="45.922441" lon="11.318166"><ele>1266.2</ele></trkpt>
   <trkpt lat="45.922564" lon="11.318040"><ele>1265.0</ele></trkpt>
   <trkpt lat="45.922680" lon="11.317904"><ele>1264.0</ele></trkpt>
   <trkpt lat="45.922772" lon="11.317767"><ele>1262.8</ele></trkpt>
   <trkpt lat="45.922885" lon="11.317505"><ele>1263.2</ele></trkpt>
   <trkpt lat="45.923040" lon="11.317320"><ele>1262.0</ele></trkpt>
   <trkpt lat="45.923195" lon="11.317116"><ele>1261.8</ele></trkpt>
   <trkpt lat="45.923223" lon="11.317086"><ele>1261.6</ele></trkpt>
   <trkpt lat="45.923336" lon="11.316973"><ele>1260.6</ele></trkpt>
   <trkpt lat="45.923506" lon="11.316791"><ele>1259.8</ele></trkpt>
   <trkpt lat="45.923571" lon="11.316740"><ele>1259.6</ele></trkpt>
   <trkpt lat="45.923725" lon="11.316607"><ele>1258.6</ele></trkpt>
   <trkpt lat="45.923752" lon="11.316576"><ele>1258.4</ele></trkpt>
   <trkpt lat="45.923937" lon="11.316429"><ele>1258.2</ele></trkpt>
   <trkpt lat="45.924136" lon="11.316326"><ele>1259.4</ele></trkpt>
   <trkpt lat="45.924280" lon="11.316287"><ele>1258.4</ele></trkpt>
   <trkpt lat="45.924370" lon="11.316201"><ele>1257.6</ele></trkpt>
   <trkpt lat="45.924408" lon="11.316121"><ele>1257.2</ele></trkpt>
   <trkpt lat="45.924471" lon="11.316018"><ele>1256.0</ele></trkpt>
   <trkpt lat="45.924605" lon="11.315921"><ele>1255.0</ele></trkpt>
   <trkpt lat="45.924775" lon="11.315800"><ele>1254.4</ele></trkpt>
   <trkpt lat="45.924812" lon="11.315782"><ele>1253.8</ele></trkpt>
   <trkpt lat="45.924877" lon="11.315724"><ele>1252.6</ele></trkpt>
   <trkpt lat="45.924964" lon="11.315635"><ele>1251.4</ele></trkpt>
   <trkpt lat="45.925052" lon="11.315540"><ele>1250.2</ele></trkpt>
   <trkpt lat="45.925139" lon="11.315456"><ele>1249.0</ele></trkpt>
   <trkpt lat="45.925264" lon="11.315305"><ele>1248.4</ele></trkpt>
   <trkpt lat="45.925335" lon="11.315266"><ele>1247.8</ele></trkpt>
   <trkpt lat="45.925404" lon="11.315224"><ele>1246.4</ele></trkpt>
   <trkpt lat="45.925472" lon="11.315169"><ele>1245.4</ele></trkpt>
   <trkpt lat="45.925610" lon="11.315088"><ele>1244.0</ele></trkpt>
   <trkpt lat="45.925721" lon="11.315007"><ele>1242.8</ele></trkpt>
   <trkpt lat="45.925821" lon="11.314938"><ele>1241.6</ele></trkpt>
   <trkpt lat="45.925918" lon="11.314880"><ele>1240.4</ele></trkpt>
   <trkpt lat="45.925991" lon="11.314833"><ele>1239.2</ele></trkpt>
   <trkpt lat="45.926097" lon="11.314776"><ele>1238.0</ele></trkpt>
   <trkpt lat="45.926121" lon="11.314755"><ele>1237.2</ele></trkpt>
   <trkpt lat="45.926129" lon="11.314782"><ele>1236.8</ele></trkpt>
   <trkpt lat="45.926096" lon="11.314831"><ele>1237.8</ele></trkpt>
   <trkpt lat="45.926063" lon="11.314893"><ele>1239.0</ele></trkpt>
   <trkpt lat="45.926056" lon="11.314940"><ele>1239.8</ele></trkpt>
   <trkpt lat="45.926047" lon="11.314970"><ele>1240.0</ele></trkpt>
   <trkpt lat="45.925987" lon="11.315059"><ele>1241.4</ele></trkpt>
   <trkpt lat="45.925959" lon="11.315066"><ele>1242.0</ele></trkpt>
   <trkpt lat="45.925940" lon="11.315087"><ele>1242.8</ele></trkpt>
   <trkpt lat="45.925914" lon="11.315122"><ele>1243.6</ele></trkpt>
   <trkpt lat="45.925904" lon="11.315129"><ele>1244.0</ele></trkpt>
   <trkpt lat="45.925888" lon="11.315165"><ele>1245.4</ele></trkpt>
   <trkpt lat="45.925856" lon="11.315188"><ele>1246.6</ele></trkpt>
   <trkpt lat="45.925825" lon="11.315201"><ele>1247.4</ele></trkpt>
   <trkpt lat="45.925814" lon="11.315207"><ele>1247.8</ele></trkpt>
   <trkpt lat="45.925806" lon="11.315217"><ele>1248.2</ele></trkpt>
   <trkpt lat="45.925795" lon="11.315232"><ele>1249.0</ele></trkpt>
   <trkpt lat="45.925779" lon="11.315279"><ele>1250.0</ele></trkpt>
   <trkpt lat="45.925772" lon="11.315296"><ele>1250.2</ele></trkpt>
   <trkpt lat="45.925751" lon="11.315327"><ele>1251.0</ele></trkpt>
   <trkpt lat="45.925735" lon="11.315349"><ele>1251.4</ele></trkpt>
   <trkpt lat="45.925726" lon="11.315376"><ele>1252.2</ele></trkpt>
   <trkpt lat="45.925718" lon="11.315391"><ele>1252.6</ele></trkpt>
   <trkpt lat="45.925715" lon="11.315406"><ele>1253.0</ele></trkpt>
   <trkpt lat="45.925701" lon="11.315444"><ele>1253.8</ele></trkpt>
   <trkpt lat="45.925678" lon="11.315495"><ele>1254.8</ele></trkpt>
   <trkpt lat="45.925645" lon="11.315514"><ele>1255.6</ele></trkpt>
   <trkpt lat="45.925627" lon="11.315551"><ele>1256.2</ele></trkpt>
   <trkpt lat="45.925599" lon="11.315607"><ele>1257.6</ele></trkpt>
   <trkpt lat="45.925545" lon="11.315676"><ele>1258.4</ele></trkpt>
   <trkpt lat="45.925525" lon="11.315701"><ele>1258.6</ele></trkpt>
   <trkpt lat="45.925462" lon="11.315814"><ele>1259.8</ele></trkpt>
   <trkpt lat="45.925434" lon="11.315843"><ele>1260.8</ele></trkpt>
   <trkpt lat="45.925370" lon="11.315957"><ele>1262.2</ele></trkpt>
   <trkpt lat="45.925321" lon="11.316034"><ele>1263.2</ele></trkpt>
   <trkpt lat="45.925309" lon="11.316085"><ele>1263.8</ele></trkpt>
   <trkpt lat="45.925285" lon="11.316096"><ele>1264.2</ele></trkpt>
   <trkpt lat="45.925268" lon="11.316116"><ele>1264.6</ele></trkpt>
   <trkpt lat="45.925245" lon="11.316123"><ele>1265.2</ele></trkpt>
   <trkpt lat="45.925175" lon="11.316164"><ele>1266.4</ele></trkpt>
   <trkpt lat="45.925148" lon="11.316152"><ele>1266.8</ele></trkpt>
   <trkpt lat="45.925106" lon="11.316154"><ele>1267.6</ele></trkpt>
   <trkpt lat="45.925058" lon="11.316161"><ele>1268.2</ele></trkpt>
   <trkpt lat="45.925012" lon="11.316157"><ele>1268.6</ele></trkpt>
   <trkpt lat="45.924945" lon="11.316177"><ele>1269.8</ele></trkpt>
   <trkpt lat="45.924862" lon="11.316243"><ele>1270.8</ele></trkpt>
   <trkpt lat="45.924817" lon="11.316341"><ele>1271.8</ele></trkpt>
   <trkpt lat="45.924736" lon="11.316465"><ele>1272.8</ele></trkpt>
   <trkpt lat="45.924674" lon="11.316591"><ele>1274.0</ele></trkpt>
   <trkpt lat="45.924636" lon="11.316695"><ele>1275.2</ele></trkpt>
   <trkpt lat="45.924603" lon="11.316771"><ele>1276.2</ele></trkpt>
   <trkpt lat="45.924584" lon="11.316845"><ele>1277.2</ele></trkpt>
   <trkpt lat="45.924563" lon="11.316922"><ele>1278.4</ele></trkpt>
   <trkpt lat="45.924539" lon="11.317003"><ele>1279.4</ele></trkpt>
   <trkpt lat="45.924532" lon="11.317026"><ele>1279.6</ele></trkpt>
   <trkpt lat="45.924508" lon="11.317083"><ele>1280.4</ele></trkpt>
   <trkpt lat="45.924481" lon="11.317129"><ele>1281.6</ele></trkpt>
   <trkpt lat="45.924467" lon="11.317177"><ele>1282.6</ele></trkpt>
   <trkpt lat="45.924447" lon="11.317234"><ele>1283.6</ele></trkpt>
   <trkpt lat="45.924435" lon="11.317301"><ele>1284.6</ele></trkpt>
   <trkpt lat="45.924402" lon="11.317350"><ele>1285.6</ele></trkpt>
   <trkpt lat="45.924362" lon="11.317418"><ele>1287.0</ele></trkpt>
   <trkpt lat="45.924342" lon="11.317460"><ele>1288.0</ele></trkpt>
   <trkpt lat="45.924314" lon="11.317555"><ele>1289.4</ele></trkpt>
   <trkpt lat="45.924287" lon="11.317626"><ele>1290.4</ele></trkpt>
   <trkpt lat="45.924268" lon="11.317693"><ele>1291.4</ele></trkpt>
   <trkpt lat="45.924226" lon="11.317875"><ele>1292.6</ele></trkpt>
   <trkpt lat="45.924198" lon="11.317934"><ele>1293.2</ele></trkpt>
   <trkpt lat="45.924177" lon="11.317969"><ele>1293.6</ele></trkpt>
   <trkpt lat="45.924153" lon="11.318131"><ele>1294.6</ele></trkpt>
   <trkpt lat="45.924134" lon="11.318145"><ele>1294.8</ele></trkpt>
   <trkpt lat="45.924025" lon="11.318262"><ele>1295.2</ele></trkpt>
   <trkpt lat="45.923900" lon="11.318476"><ele>1295.8</ele></trkpt>
   <trkpt lat="45.923714" lon="11.318629"><ele>1296.2</ele></trkpt>
   <trkpt lat="45.923531" lon="11.318724"><ele>1296.8</ele></trkpt>
   <trkpt lat="45.923472" lon="11.318803"><ele>1297.0</ele></trkpt>
   <trkpt lat="45.923475" lon="11.318853"><ele>1297.4</ele></trkpt>
   <trkpt lat="45.923497" lon="11.318870"><ele>1298.0</ele></trkpt>
   <trkpt lat="45.923512" lon="11.318865"><ele>1298.2</ele></trkpt>
   <trkpt lat="45.923579" lon="11.318842"><ele>1299.2</ele></trkpt>
   <trkpt lat="45.923614" lon="11.318826"><ele>1300.0</ele></trkpt>
   <trkpt lat="45.923633" lon="11.318820"><ele>1300.2</ele></trkpt>
   <trkpt lat="45.923715" lon="11.318809"><ele>1300.8</ele></trkpt>
   <trkpt lat="45.923755" lon="11.318786"><ele>1301.4</ele></trkpt>
   <trkpt lat="45.923868" lon="11.318755"><ele>1302.6</ele></trkpt>
   <trkpt lat="45.923983" lon="11.318723"><ele>1303.8</ele></trkpt>
   <trkpt lat="45.924024" lon="11.318715"><ele>1304.2</ele></trkpt>
   <trkpt lat="45.924083" lon="11.318669"><ele>1304.8</ele></trkpt>
   <trkpt lat="45.924189" lon="11.318574"><ele>1305.8</ele></trkpt>
   <trkpt lat="45.924254" lon="11.318519"><ele>1307.0</ele></trkpt>
   <trkpt lat="45.924268" lon="11.318517"><ele>1307.0</ele></trkpt>
   <trkpt lat="45.924341" lon="11.318533"><ele>1308.0</ele></trkpt>
   <trkpt lat="45.924437" lon="11.318427"><ele>1309.0</ele></trkpt>
   <trkpt lat="45.924538" lon="11.318301"><ele>1310.2</ele></trkpt>
   <trkpt lat="45.924617" lon="11.318195"><ele>1311.2</ele></trkpt>
   <trkpt lat="45.924717" lon="11.318100"><ele>1312.4</ele></trkpt>
   <trkpt lat="45.924829" lon="11.317993"><ele>1313.6</ele></trkpt>
   <trkpt lat="45.924933" lon="11.317923"><ele>1314.8</ele></trkpt>
   <trkpt lat="45.925023" lon="11.317863"><ele>1315.8</ele></trkpt>
   <trkpt lat="45.925043" lon="11.317864"><ele>1316.0</ele></trkpt>
   <trkpt lat="45.925217" lon="11.317751"><ele>1316.6</ele></trkpt>
   <trkpt lat="45.925383" lon="11.317596"><ele>1316.0</ele></trkpt>
   <trkpt lat="45.925501" lon="11.317514"><ele>1317.0</ele></trkpt>
   <trkpt lat="45.925610" lon="11.317476"><ele>1318.2</ele></trkpt>
   <trkpt lat="45.925735" lon="11.317408"><ele>1319.4</ele></trkpt>
   <trkpt lat="45.925869" lon="11.317319"><ele>1320.6</ele></trkpt>
   <trkpt lat="45.925981" lon="11.317205"><ele>1321.2</ele></trkpt>
   <trkpt lat="45.926157" lon="11.317105"><ele>1320.4</ele></trkpt>
   <trkpt lat="45.926352" lon="11.317072"><ele>1320.4</ele></trkpt>
   <trkpt lat="45.926537" lon="11.317094"><ele>1319.8</ele></trkpt>
   <trkpt lat="45.926567" lon="11.317101"><ele>1319.6</ele></trkpt>
   <trkpt lat="45.926747" lon="11.317040"><ele>1319.8</ele></trkpt>
   <trkpt lat="45.926942" lon="11.317009"><ele>1320.0</ele></trkpt>
   <trkpt lat="45.927012" lon="11.317020"><ele>1320.2</ele></trkpt>
   <trkpt lat="45.927200" lon="11.316971"><ele>1320.4</ele></trkpt>
   <trkpt lat="45.927328" lon="11.316943"><ele>1320.8</ele></trkpt>
   <trkpt lat="45.927454" lon="11.316940"><ele>1321.8</ele></trkpt>
   <trkpt lat="45.927506" lon="11.316971"><ele>1322.8</ele></trkpt>
   <trkpt lat="45.927529" lon="11.316974"><ele>1323.0</ele></trkpt>
   <trkpt lat="45.927568" lon="11.316971"><ele>1323.4</ele></trkpt>
   <trkpt lat="45.927647" lon="11.317006"><ele>1324.0</ele></trkpt>
   <trkpt lat="45.927726" lon="11.317030"><ele>1325.0</ele></trkpt>
   <trkpt lat="45.927757" lon="11.317010"><ele>1325.8</ele></trkpt>
   <trkpt lat="45.927775" lon="11.317013"><ele>1326.2</ele></trkpt>
   <trkpt lat="45.927808" lon="11.317003"><ele>1326.8</ele></trkpt>
   <trkpt lat="45.927854" lon="11.316998"><ele>1327.4</ele></trkpt>
   <trkpt lat="45.927896" lon="11.316990"><ele>1328.2</ele></trkpt>
   <trkpt lat="45.927921" lon="11.316983"><ele>1328.8</ele></trkpt>
   <trkpt lat="45.927997" lon="11.316967"><ele>1329.6</ele></trkpt>
   <trkpt lat="45.928014" lon="11.316966"><ele>1330.0</ele></trkpt>
   <trkpt lat="45.928083" lon="11.316946"><ele>1331.0</ele></trkpt>
   <trkpt lat="45.928137" lon="11.316940"><ele>1332.4</ele></trkpt>
   <trkpt lat="45.928166" lon="11.316940"><ele>1332.8</ele></trkpt>
   <trkpt lat="45.928206" lon="11.316944"><ele>1333.0</ele></trkpt>
   <trkpt lat="45.928307" lon="11.316937"><ele>1333.4</ele></trkpt>
   <trkpt lat="45.928321" lon="11.316945"><ele>1333.4</ele></trkpt>
   <trkpt lat="45.928412" lon="11.316982"><ele>1334.0</ele></trkpt>
   <trkpt lat="45.928465" lon="11.317015"><ele>1334.4</ele></trkpt>
   <trkpt lat="45.928513" lon="11.317023"><ele>1334.8</ele></trkpt>
   <trkpt lat="45.928576" lon="11.317015"><ele>1335.6</ele></trkpt>
   <trkpt lat="45.928718" lon="11.317059"><ele>1336.4</ele></trkpt>
   <trkpt lat="45.928762" lon="11.317070"><ele>1336.6</ele></trkpt>
   <trkpt lat="45.928798" lon="11.317069"><ele>1337.0</ele></trkpt>
   <trkpt lat="45.928932" lon="11.317062"><ele>1337.8</ele></trkpt>
   <trkpt lat="45.929131" lon="11.317007"><ele>1337.4</ele></trkpt>
   <trkpt lat="45.929152" lon="11.317001"><ele>1337.4</ele></trkpt>
   <trkpt lat="45.929225" lon="11.317003"><ele>1338.0</ele></trkpt>
   <trkpt lat="45.929319" lon="11.317072"><ele>1338.6</ele></trkpt>
   <trkpt lat="45.929339" lon="11.317072"><ele>1338.8</ele></trkpt>
   <trkpt lat="45.929394" lon="11.317046"><ele>1339.4</ele></trkpt>
   <trkpt lat="45.929435" lon="11.317054"><ele>1340.2</ele></trkpt>
   <trkpt lat="45.929517" lon="11.317061"><ele>1341.2</ele></trkpt>
   <trkpt lat="45.929711" lon="11.317023"><ele>1342.2</ele></trkpt>
   <trkpt lat="45.929735" lon="11.316987"><ele>1342.2</ele></trkpt>
   <trkpt lat="45.929753" lon="11.316949"><ele>1342.2</ele></trkpt>
   <trkpt lat="45.929903" lon="11.316936"><ele>1342.2</ele></trkpt>
   <trkpt lat="45.929956" lon="11.316901"><ele>1342.6</ele></trkpt>
   <trkpt lat="45.929980" lon="11.316882"><ele>1343.2</ele></trkpt>
   <trkpt lat="45.930002" lon="11.316889"><ele>1343.6</ele></trkpt>
   <trkpt lat="45.930061" lon="11.316881"><ele>1343.8</ele></trkpt>
   <trkpt lat="45.930131" lon="11.316864"><ele>1344.4</ele></trkpt>
   <trkpt lat="45.930287" lon="11.316849"><ele>1345.6</ele></trkpt>
   <trkpt lat="45.930356" lon="11.316872"><ele>1346.4</ele></trkpt>
   <trkpt lat="45.930388" lon="11.316861"><ele>1346.6</ele></trkpt>
   <trkpt lat="45.930539" lon="11.316897"><ele>1347.6</ele></trkpt>
   <trkpt lat="45.930630" lon="11.316912"><ele>1348.8</ele></trkpt>
   <trkpt lat="45.930723" lon="11.316921"><ele>1350.0</ele></trkpt>
   <trkpt lat="45.930774" lon="11.316900"><ele>1350.4</ele></trkpt>
   <trkpt lat="45.930799" lon="11.316893"><ele>1351.2</ele></trkpt>
   <trkpt lat="45.930811" lon="11.316882"><ele>1351.6</ele></trkpt>
   <trkpt lat="45.930837" lon="11.316895"><ele>1352.2</ele></trkpt>
   <trkpt lat="45.930865" lon="11.316919"><ele>1352.6</ele></trkpt>
   <trkpt lat="45.930902" lon="11.316900"><ele>1353.2</ele></trkpt>
   <trkpt lat="45.930924" lon="11.316902"><ele>1353.6</ele></trkpt>
   <trkpt lat="45.931089" lon="11.316924"><ele>1354.6</ele></trkpt>
   <trkpt lat="45.931188" lon="11.316902"><ele>1355.8</ele></trkpt>
   <trkpt lat="45.931264" lon="11.316932"><ele>1357.0</ele></trkpt>
   <trkpt lat="45.931349" lon="11.316951"><ele>1357.6</ele></trkpt>
   <trkpt lat="45.931524" lon="11.316861"><ele>1357.8</ele></trkpt>
   <trkpt lat="45.931591" lon="11.316811"><ele>1358.2</ele></trkpt>
   <trkpt lat="45.931661" lon="11.316781"><ele>1359.2</ele></trkpt>
   <trkpt lat="45.931852" lon="11.316787"><ele>1360.2</ele></trkpt>
   <trkpt lat="45.931964" lon="11.316778"><ele>1361.0</ele></trkpt>
   <trkpt lat="45.931971" lon="11.316772"><ele>1361.2</ele></trkpt>
   <trkpt lat="45.932012" lon="11.316770"><ele>1362.0</ele></trkpt>
   <trkpt lat="45.932046" lon="11.316769"><ele>1362.4</ele></trkpt>
   <trkpt lat="45.932090" lon="11.316768"><ele>1363.4</ele></trkpt>
   <trkpt lat="45.932130" lon="11.316766"><ele>1364.0</ele></trkpt>
   <trkpt lat="45.932169" lon="11.316787"><ele>1364.8</ele></trkpt>
   <trkpt lat="45.932214" lon="11.316781"><ele>1365.8</ele></trkpt>
   <trkpt lat="45.932242" lon="11.316788"><ele>1366.4</ele></trkpt>
   <trkpt lat="45.932265" lon="11.316819"><ele>1366.8</ele></trkpt>
   <trkpt lat="45.932279" lon="11.316818"><ele>1367.2</ele></trkpt>
   <trkpt lat="45.932363" lon="11.316841"><ele>1368.2</ele></trkpt>
   <trkpt lat="45.932382" lon="11.316843"><ele>1368.2</ele></trkpt>
   <trkpt lat="45.932437" lon="11.316797"><ele>1368.8</ele></trkpt>
   <trkpt lat="45.932458" lon="11.316795"><ele>1369.0</ele></trkpt>
   <trkpt lat="45.932474" lon="11.316789"><ele>1369.4</ele></trkpt>
   <trkpt lat="45.932500" lon="11.316841"><ele>1370.0</ele></trkpt>
   <trkpt lat="45.932503" lon="11.316894"><ele>1370.4</ele></trkpt>
   <trkpt lat="45.932480" lon="11.316972"><ele>1371.8</ele></trkpt>
   <trkpt lat="45.932482" lon="11.317093"><ele>1373.0</ele></trkpt>
   <trkpt lat="45.932491" lon="11.317122"><ele>1374.0</ele></trkpt>
   <trkpt lat="45.932505" lon="11.317142"><ele>1374.4</ele></trkpt>
   <trkpt lat="45.932564" lon="11.317104"><ele>1375.6</ele></trkpt>
   <trkpt lat="45.932582" lon="11.317099"><ele>1375.8</ele></trkpt>
   <trkpt lat="45.932771" lon="11.317023"><ele>1375.6</ele></trkpt>
   <trkpt lat="45.932945" lon="11.316876"><ele>1374.6</ele></trkpt>
   <trkpt lat="45.933099" lon="11.316750"><ele>1373.6</ele></trkpt>
   <trkpt lat="45.933227" lon="11.316609"><ele>1372.4</ele></trkpt>
   <trkpt lat="45.933358" lon="11.316490"><ele>1371.4</ele></trkpt>
   <trkpt lat="45.933498" lon="11.316381"><ele>1370.2</ele></trkpt>
   <trkpt lat="45.933662" lon="11.316247"><ele>1369.2</ele></trkpt>
   <trkpt lat="45.933821" lon="11.316102"><ele>1369.2</ele></trkpt>
   <trkpt lat="45.933843" lon="11.316071"><ele>1369.2</ele></trkpt>
   <trkpt lat="45.933917" lon="11.316007"><ele>1369.0</ele></trkpt>
   <trkpt lat="45.934064" lon="11.315856"><ele>1368.8</ele></trkpt>
   <trkpt lat="45.934243" lon="11.315695"><ele>1369.2</ele></trkpt>
   <trkpt lat="45.934371" lon="11.315456"><ele>1369.6</ele></trkpt>
   <trkpt lat="45.934503" lon="11.315282"><ele>1369.4</ele></trkpt>
   <trkpt lat="45.934655" lon="11.315118"><ele>1368.2</ele></trkpt>
   <trkpt lat="45.934682" lon="11.315088"><ele>1367.8</ele></trkpt>
   <trkpt lat="45.934756" lon="11.314996"><ele>1366.6</ele></trkpt>
   <trkpt lat="45.934887" lon="11.314768"><ele>1366.4</ele></trkpt>
   <trkpt lat="45.934957" lon="11.314657"><ele>1365.4</ele></trkpt>
   <trkpt lat="45.935018" lon="11.314609"><ele>1364.2</ele></trkpt>
   <trkpt lat="45.935212" lon="11.314504"><ele>1364.2</ele></trkpt>
   <trkpt lat="45.935346" lon="11.314383"><ele>1363.2</ele></trkpt>
   <trkpt lat="45.935477" lon="11.314192"><ele>1362.8</ele></trkpt>
   <trkpt lat="45.935581" lon="11.314076"><ele>1362.0</ele></trkpt>
   <trkpt lat="45.935735" lon="11.313931"><ele>1361.0</ele></trkpt>
   <trkpt lat="45.935762" lon="11.313911"><ele>1361.0</ele></trkpt>
   <trkpt lat="45.935878" lon="11.313837"><ele>1362.0</ele></trkpt>
   <trkpt lat="45.935923" lon="11.313793"><ele>1363.0</ele></trkpt>
   <trkpt lat="45.935987" lon="11.313733"><ele>1364.0</ele></trkpt>
   <trkpt lat="45.936149" lon="11.313583"><ele>1365.0</ele></trkpt>
   <trkpt lat="45.936173" lon="11.313575"><ele>1365.2</ele></trkpt>
   <trkpt lat="45.936325" lon="11.313447"><ele>1366.0</ele></trkpt>
   <trkpt lat="45.936496" lon="11.313312"><ele>1365.8</ele></trkpt>
   <trkpt lat="45.936564" lon="11.313240"><ele>1366.4</ele></trkpt>
   <trkpt lat="45.936741" lon="11.313157"><ele>1366.8</ele></trkpt>
   <trkpt lat="45.936856" lon="11.313131"><ele>1367.4</ele></trkpt>
   <trkpt lat="45.937054" lon="11.313119"><ele>1368.2</ele></trkpt>
   <trkpt lat="45.937243" lon="11.313088"><ele>1368.2</ele></trkpt>
   <trkpt lat="45.937346" lon="11.313103"><ele>1368.4</ele></trkpt>
   <trkpt lat="45.937510" lon="11.313075"><ele>1369.6</ele></trkpt>
   <trkpt lat="45.937705" lon="11.313007"><ele>1370.6</ele></trkpt>
   <trkpt lat="45.937732" lon="11.312990"><ele>1370.8</ele></trkpt>
   <trkpt lat="45.937881" lon="11.312926"><ele>1372.2</ele></trkpt>
   <trkpt lat="45.938071" lon="11.312884"><ele>1373.0</ele></trkpt>
   <trkpt lat="45.938270" lon="11.312857"><ele>1373.2</ele></trkpt>
   <trkpt lat="45.938387" lon="11.312821"><ele>1374.4</ele></trkpt>
   <trkpt lat="45.938564" lon="11.312673"><ele>1374.6</ele></trkpt>
   <trkpt lat="45.938740" lon="11.312545"><ele>1374.0</ele></trkpt>
   <trkpt lat="45.938799" lon="11.312506"><ele>1373.4</ele></trkpt>
   <trkpt lat="45.938856" lon="11.312483"><ele>1372.2</ele></trkpt>
   <trkpt lat="45.939037" lon="11.312411"><ele>1371.0</ele></trkpt>
   <trkpt lat="45.939241" lon="11.312456"><ele>1370.8</ele></trkpt>
   <trkpt lat="45.939428" lon="11.312434"><ele>1371.2</ele></trkpt>
   <trkpt lat="45.939622" lon="11.312414"><ele>1371.8</ele></trkpt>
   <trkpt lat="45.939645" lon="11.312413"><ele>1372.2</ele></trkpt>
   <trkpt lat="45.939834" lon="11.312373"><ele>1373.0</ele></trkpt>
   <trkpt lat="45.940016" lon="11.312364"><ele>1373.2</ele></trkpt>
   <trkpt lat="45.940202" lon="11.312407"><ele>1374.0</ele></trkpt>
   <trkpt lat="45.940265" lon="11.312432"><ele>1374.4</ele></trkpt>
   <trkpt lat="45.940451" lon="11.312495"><ele>1375.2</ele></trkpt>
   <trkpt lat="45.940476" lon="11.312501"><ele>1375.4</ele></trkpt>
   <trkpt lat="45.940496" lon="11.312502"><ele>1375.4</ele></trkpt>
   <trkpt lat="45.940700" lon="11.312483"><ele>1376.4</ele></trkpt>
   <trkpt lat="45.940881" lon="11.312459"><ele>1376.2</ele></trkpt>
   <trkpt lat="45.940898" lon="11.312457"><ele>1376.6</ele></trkpt>
   <trkpt lat="45.940941" lon="11.312451"><ele>1377.2</ele></trkpt>
   <trkpt lat="45.940963" lon="11.312460"><ele>1377.6</ele></trkpt>
   <trkpt lat="45.941151" lon="11.312524"><ele>1378.2</ele></trkpt>
   <trkpt lat="45.941357" lon="11.312566"><ele>1377.8</ele></trkpt>
   <trkpt lat="45.941532" lon="11.312627"><ele>1377.6</ele></trkpt>
   <trkpt lat="45.941625" lon="11.312697"><ele>1378.4</ele></trkpt>
   <trkpt lat="45.941641" lon="11.312707"><ele>1378.6</ele></trkpt>
   <trkpt lat="45.941828" lon="11.312664"><ele>1377.8</ele></trkpt>
   <trkpt lat="45.941921" lon="11.312645"><ele>1378.4</ele></trkpt>
   <trkpt lat="45.941996" lon="11.312670"><ele>1379.8</ele></trkpt>
   <trkpt lat="45.942101" lon="11.312711"><ele>1380.6</ele></trkpt>
   <trkpt lat="45.942146" lon="11.312710"><ele>1380.8</ele></trkpt>
   <trkpt lat="45.942237" lon="11.312736"><ele>1381.6</ele></trkpt>
   <trkpt lat="45.942284" lon="11.312745"><ele>1381.8</ele></trkpt>
   <trkpt lat="45.942345" lon="11.312743"><ele>1383.2</ele></trkpt>
   <trkpt lat="45.942405" lon="11.312769"><ele>1384.2</ele></trkpt>
   <trkpt lat="45.942463" lon="11.312787"><ele>1385.4</ele></trkpt>
   <trkpt lat="45.942483" lon="11.312789"><ele>1385.8</ele></trkpt>
   <trkpt lat="45.942535" lon="11.312800"><ele>1386.4</ele></trkpt>
   <trkpt lat="45.942551" lon="11.312800"><ele>1386.6</ele></trkpt>
   <trkpt lat="45.942749" lon="11.312826"><ele>1387.0</ele></trkpt>
   <trkpt lat="45.942854" lon="11.312876"><ele>1387.8</ele></trkpt>
   <trkpt lat="45.942966" lon="11.312925"><ele>1388.8</ele></trkpt>
   <trkpt lat="45.943160" lon="11.312975"><ele>1389.0</ele></trkpt>
   <trkpt lat="45.943325" lon="11.312990"><ele>1390.0</ele></trkpt>
   <trkpt lat="45.943382" lon="11.313012"><ele>1390.4</ele></trkpt>
   <trkpt lat="45.943402" lon="11.313007"><ele>1390.4</ele></trkpt>
   <trkpt lat="45.943451" lon="11.313010"><ele>1391.2</ele></trkpt>
   <trkpt lat="45.943460" lon="11.312995"><ele>1391.6</ele></trkpt>
   <trkpt lat="45.943529" lon="11.313016"><ele>1392.4</ele></trkpt>
   <trkpt lat="45.943555" lon="11.313029"><ele>1392.6</ele></trkpt>
   <trkpt lat="45.943669" lon="11.313046"><ele>1393.4</ele></trkpt>
   <trkpt lat="45.943811" lon="11.313099"><ele>1394.8</ele></trkpt>
   <trkpt lat="45.943911" lon="11.313139"><ele>1395.6</ele></trkpt>
   <trkpt lat="45.943962" lon="11.313142"><ele>1395.8</ele></trkpt>
   <trkpt lat="45.944156" lon="11.313173"><ele>1396.2</ele></trkpt>
   <trkpt lat="45.944333" lon="11.313135"><ele>1396.2</ele></trkpt>
   <trkpt lat="45.944539" lon="11.313094"><ele>1397.0</ele></trkpt>
   <trkpt lat="45.944650" lon="11.313119"><ele>1398.2</ele></trkpt>
   <trkpt lat="45.944721" lon="11.313158"><ele>1399.4</ele></trkpt>
   <trkpt lat="45.944761" lon="11.313214"><ele>1400.6</ele></trkpt>
   <trkpt lat="45.944918" lon="11.313392"><ele>1401.6</ele></trkpt>
   <trkpt lat="45.944909" lon="11.313435"><ele>1401.6</ele></trkpt>
   <trkpt lat="45.944889" lon="11.313581"><ele>1401.8</ele></trkpt>
   <trkpt lat="45.944874" lon="11.313625"><ele>1402.2</ele></trkpt>
   <trkpt lat="45.944844" lon="11.313690"><ele>1402.8</ele></trkpt>
   <trkpt lat="45.944764" lon="11.313765"><ele>1404.0</ele></trkpt>
   <trkpt lat="45.944709" lon="11.313817"><ele>1404.6</ele></trkpt>
   <trkpt lat="45.944664" lon="11.313877"><ele>1405.2</ele></trkpt>
   <trkpt lat="45.944647" lon="11.313893"><ele>1405.4</ele></trkpt>
   <trkpt lat="45.944539" lon="11.314008"><ele>1406.4</ele></trkpt>
   <trkpt lat="45.944462" lon="11.314058"><ele>1406.2</ele></trkpt>
   <trkpt lat="45.944324" lon="11.314071"><ele>1406.8</ele></trkpt>
   <trkpt lat="45.944233" lon="11.314049"><ele>1407.4</ele></trkpt>
   <trkpt lat="45.944218" lon="11.314053"><ele>1407.6</ele></trkpt>
   <trkpt lat="45.944193" lon="11.314055"><ele>1407.6</ele></trkpt>
   <trkpt lat="45.944148" lon="11.314064"><ele>1407.8</ele></trkpt>
   <trkpt lat="45.944105" lon="11.314073"><ele>1408.0</ele></trkpt>
   <trkpt lat="45.944060" lon="11.314123"><ele>1408.2</ele></trkpt>
   <trkpt lat="45.944022" lon="11.314162"><ele>1408.6</ele></trkpt>
   <trkpt lat="45.943879" lon="11.314331"><ele>1409.4</ele></trkpt>
   <trkpt lat="45.943859" lon="11.314362"><ele>1409.8</ele></trkpt>
   <trkpt lat="45.943841" lon="11.314381"><ele>1410.0</ele></trkpt>
   <trkpt lat="45.943736" lon="11.314596"><ele>1410.6</ele></trkpt>
   <trkpt lat="45.943727" lon="11.314644"><ele>1410.8</ele></trkpt>
   <trkpt lat="45.943731" lon="11.314822"><ele>1412.0</ele></trkpt>
   <trkpt lat="45.943765" lon="11.314885"><ele>1413.0</ele></trkpt>
   <trkpt lat="45.943811" lon="11.314999"><ele>1413.8</ele></trkpt>
   <trkpt lat="45.943837" lon="11.315042"><ele>1413.8</ele></trkpt>
   <trkpt lat="45.943880" lon="11.315076"><ele>1413.8</ele></trkpt>
   <trkpt lat="45.943950" lon="11.315101"><ele>1414.2</ele></trkpt>
   <trkpt lat="45.943997" lon="11.315146"><ele>1414.6</ele></trkpt>
   <trkpt lat="45.944022" lon="11.315174"><ele>1414.8</ele></trkpt>
   <trkpt lat="45.944023" lon="11.315182"><ele>1415.2</ele></trkpt>
   <trkpt lat="45.944036" lon="11.315252"><ele>1416.2</ele></trkpt>
   <trkpt lat="45.943985" lon="11.315547"><ele>1417.0</ele></trkpt>
   <trkpt lat="45.943960" lon="11.315603"><ele>1417.4</ele></trkpt>
   <trkpt lat="45.943921" lon="11.315650"><ele>1418.4</ele></trkpt>
   <trkpt lat="45.943826" lon="11.315689"><ele>1419.4</ele></trkpt>
   <trkpt lat="45.943733" lon="11.315745"><ele>1419.4</ele></trkpt>
   <trkpt lat="45.943596" lon="11.315806"><ele>1420.2</ele></trkpt>
   <trkpt lat="45.943544" lon="11.315812"><ele>1420.6</ele></trkpt>
   <trkpt lat="45.943509" lon="11.315842"><ele>1420.8</ele></trkpt>
   <trkpt lat="45.943464" lon="11.315901"><ele>1421.6</ele></trkpt>
   <trkpt lat="45.943411" lon="11.316015"><ele>1422.8</ele></trkpt>
   <trkpt lat="45.943314" lon="11.316245"><ele>1423.0</ele></trkpt>
   <trkpt lat="45.943266" lon="11.316449"><ele>1423.8</ele></trkpt>
   <trkpt lat="45.943255" lon="11.316481"><ele>1424.2</ele></trkpt>
   <trkpt lat="45.943233" lon="11.316535"><ele>1425.0</ele></trkpt>
   <trkpt lat="45.943096" lon="11.316688"><ele>1425.8</ele></trkpt>
   <trkpt lat="45.943083" lon="11.316706"><ele>1426.0</ele></trkpt>
   <trkpt lat="45.943067" lon="11.316726"><ele>1426.0</ele></trkpt>
   <trkpt lat="45.943030" lon="11.316749"><ele>1426.2</ele></trkpt>
   <trkpt lat="45.942948" lon="11.316764"><ele>1427.0</ele></trkpt>
   <trkpt lat="45.942916" lon="11.316747"><ele>1427.0</ele></trkpt>
   <trkpt lat="45.942722" lon="11.316699"><ele>1427.8</ele></trkpt>
   <trkpt lat="45.942648" lon="11.316712"><ele>1428.0</ele></trkpt>
   <trkpt lat="45.942478" lon="11.316737"><ele>1429.0</ele></trkpt>
   <trkpt lat="45.942465" lon="11.316740"><ele>1429.2</ele></trkpt>
   <trkpt lat="45.942353" lon="11.316921"><ele>1430.2</ele></trkpt>
   <trkpt lat="45.942307" lon="11.316988"><ele>1430.2</ele></trkpt>
   <trkpt lat="45.942183" lon="11.317210"><ele>1430.8</ele></trkpt>
   <trkpt lat="45.942062" lon="11.317432"><ele>1430.6</ele></trkpt>
   <trkpt lat="45.941985" lon="11.317480"><ele>1430.4</ele></trkpt>
   <trkpt lat="45.941900" lon="11.317489"><ele>1430.8</ele></trkpt>
   <trkpt lat="45.941855" lon="11.317474"><ele>1431.2</ele></trkpt>
   <trkpt lat="45.941767" lon="11.317497"><ele>1432.2</ele></trkpt>
   <trkpt lat="45.941750" lon="11.317500"><ele>1432.2</ele></trkpt>
   <trkpt lat="45.941607" lon="11.317446"><ele>1433.4</ele></trkpt>
   <trkpt lat="45.941576" lon="11.317454"><ele>1434.2</ele></trkpt>
   <trkpt lat="45.941565" lon="11.317467"><ele>1434.4</ele></trkpt>
   <trkpt lat="45.941510" lon="11.317541"><ele>1434.0</ele></trkpt>
   <trkpt lat="45.941488" lon="11.317591"><ele>1434.0</ele></trkpt>
   <trkpt lat="45.941353" lon="11.317797"><ele>1435.0</ele></trkpt>
   <trkpt lat="45.941184" lon="11.317841"><ele>1435.4</ele></trkpt>
   <trkpt lat="45.941002" lon="11.317897"><ele>1436.0</ele></trkpt>
   <trkpt lat="45.940802" lon="11.317826"><ele>1436.6</ele></trkpt>
   <trkpt lat="45.940617" lon="11.317752"><ele>1437.2</ele></trkpt>
   <trkpt lat="45.940521" lon="11.317720"><ele>1437.6</ele></trkpt>
   <trkpt lat="45.940410" lon="11.317665"><ele>1438.8</ele></trkpt>
   <trkpt lat="45.940297" lon="11.317628"><ele>1440.0</ele></trkpt>
   <trkpt lat="45.940067" lon="11.317664"><ele>1440.0</ele></trkpt>
   <trkpt lat="45.939872" lon="11.317680"><ele>1440.0</ele></trkpt>
   <trkpt lat="45.939719" lon="11.317793"><ele>1440.0</ele></trkpt>
   <trkpt lat="45.939656" lon="11.317863"><ele>1438.8</ele></trkpt>
   <trkpt lat="45.939592" lon="11.317917"><ele>1437.8</ele></trkpt>
   <trkpt lat="45.939496" lon="11.317947"><ele>1436.6</ele></trkpt>
   <trkpt lat="45.939297" lon="11.318015"><ele>1436.2</ele></trkpt>
   <trkpt lat="45.939200" lon="11.318064"><ele>1435.4</ele></trkpt>
   <trkpt lat="45.939120" lon="11.318115"><ele>1434.4</ele></trkpt>
   <trkpt lat="45.938947" lon="11.318259"><ele>1433.4</ele></trkpt>
   <trkpt lat="45.938791" lon="11.318433"><ele>1433.4</ele></trkpt>
   <trkpt lat="45.938745" lon="11.318483"><ele>1433.2</ele></trkpt>
   <trkpt lat="45.938670" lon="11.318570"><ele>1432.0</ele></trkpt>
   <trkpt lat="45.938617" lon="11.318631"><ele>1431.0</ele></trkpt>
   <trkpt lat="45.938474" lon="11.318828"><ele>1430.6</ele></trkpt>
   <trkpt lat="45.938375" lon="11.319010"><ele>1429.8</ele></trkpt>
   <trkpt lat="45.938281" lon="11.319237"><ele>1429.6</ele></trkpt>
   <trkpt lat="45.938246" lon="11.319392"><ele>1428.8</ele></trkpt>
   <trkpt lat="45.938220" lon="11.319503"><ele>1427.8</ele></trkpt>
   <trkpt lat="45.938141" lon="11.319766"><ele>1426.8</ele></trkpt>
   <trkpt lat="45.938124" lon="11.319812"><ele>1426.8</ele></trkpt>
   <trkpt lat="45.938073" lon="11.320092"><ele>1426.0</ele></trkpt>
   <trkpt lat="45.938033" lon="11.320294"><ele>1425.6</ele></trkpt>
   <trkpt lat="45.937934" lon="11.320523"><ele>1426.0</ele></trkpt>
   <trkpt lat="45.937769" lon="11.320713"><ele>1425.8</ele></trkpt>
   <trkpt lat="45.937594" lon="11.320791"><ele>1425.8</ele></trkpt>
   <trkpt lat="45.937395" lon="11.320810"><ele>1425.0</ele></trkpt>
   <trkpt lat="45.937211" lon="11.320808"><ele>1426.0</ele></trkpt>
   <trkpt lat="45.937167" lon="11.320892"><ele>1426.0</ele></trkpt>
   <trkpt lat="45.937166" lon="11.320930"><ele>1426.0</ele></trkpt>
   <trkpt lat="45.937183" lon="11.320990"><ele>1426.0</ele></trkpt>
   <trkpt lat="45.937307" lon="11.321133"><ele>1426.8</ele></trkpt>
   <trkpt lat="45.937415" lon="11.321350"><ele>1425.8</ele></trkpt>
   <trkpt lat="45.937419" lon="11.321396"><ele>1425.0</ele></trkpt>
   <trkpt lat="45.937412" lon="11.321574"><ele>1423.8</ele></trkpt>
   <trkpt lat="45.937351" lon="11.321869"><ele>1425.2</ele></trkpt>
   <trkpt lat="45.937301" lon="11.322156"><ele>1425.2</ele></trkpt>
   <trkpt lat="45.937258" lon="11.322331"><ele>1424.0</ele></trkpt>
   <trkpt lat="45.937171" lon="11.322560"><ele>1423.0</ele></trkpt>
   <trkpt lat="45.937062" lon="11.322790"><ele>1423.4</ele></trkpt>
   <trkpt lat="45.936991" lon="11.322922"><ele>1423.0</ele></trkpt>
   <trkpt lat="45.936893" lon="11.323114"><ele>1421.8</ele></trkpt>
   <trkpt lat="45.936823" lon="11.323245"><ele>1420.6</ele></trkpt>
   <trkpt lat="45.936706" lon="11.323447"><ele>1420.2</ele></trkpt>
   <trkpt lat="45.936587" lon="11.323687"><ele>1420.8</ele></trkpt>
   <trkpt lat="45.936500" lon="11.323856"><ele>1421.4</ele></trkpt>
   <trkpt lat="45.936377" lon="11.324070"><ele>1420.6</ele></trkpt>
   <trkpt lat="45.936281" lon="11.324285"><ele>1420.2</ele></trkpt>
   <trkpt lat="45.936169" lon="11.324497"><ele>1421.6</ele></trkpt>
   <trkpt lat="45.936151" lon="11.324530"><ele>1421.6</ele></trkpt>
   <trkpt lat="45.936038" lon="11.324733"><ele>1421.6</ele></trkpt>
   <trkpt lat="45.935929" lon="11.324947"><ele>1420.8</ele></trkpt>
   <trkpt lat="45.935866" lon="11.325034"><ele>1420.6</ele></trkpt>
   <trkpt lat="45.935715" lon="11.325235"><ele>1420.2</ele></trkpt>
   <trkpt lat="45.935624" lon="11.325391"><ele>1419.6</ele></trkpt>
   <trkpt lat="45.935496" lon="11.325604"><ele>1419.4</ele></trkpt>
   <trkpt lat="45.935403" lon="11.325834"><ele>1418.8</ele></trkpt>
   <trkpt lat="45.935333" lon="11.326092"><ele>1419.2</ele></trkpt>
   <trkpt lat="45.935261" lon="11.326340"><ele>1419.6</ele></trkpt>
   <trkpt lat="45.935186" lon="11.326589"><ele>1420.4</ele></trkpt>
   <trkpt lat="45.935125" lon="11.326780"><ele>1420.8</ele></trkpt>
   <trkpt lat="45.935074" lon="11.327002"><ele>1422.0</ele></trkpt>
   <trkpt lat="45.935076" lon="11.327031"><ele>1422.8</ele></trkpt>
   <trkpt lat="45.935097" lon="11.327031"><ele>1423.2</ele></trkpt>
   <trkpt lat="45.935181" lon="11.326948"><ele>1424.2</ele></trkpt>
   <trkpt lat="45.935272" lon="11.326841"><ele>1425.2</ele></trkpt>
   <trkpt lat="45.935323" lon="11.326771"><ele>1426.4</ele></trkpt>
   <trkpt lat="45.935379" lon="11.326696"><ele>1427.2</ele></trkpt>
   <trkpt lat="45.935416" lon="11.326671"><ele>1427.4</ele></trkpt>
   <trkpt lat="45.935589" lon="11.326564"><ele>1428.6</ele></trkpt>
   <trkpt lat="45.935754" lon="11.326419"><ele>1429.2</ele></trkpt>
   <trkpt lat="45.935808" lon="11.326373"><ele>1429.8</ele></trkpt>
   <trkpt lat="45.935854" lon="11.326243"><ele>1430.8</ele></trkpt>
   <trkpt lat="45.935905" lon="11.326151"><ele>1432.0</ele></trkpt>
   <trkpt lat="45.935958" lon="11.326057"><ele>1433.4</ele></trkpt>
   <trkpt lat="45.936061" lon="11.325994"><ele>1434.6</ele></trkpt>
   <trkpt lat="45.936247" lon="11.325888"><ele>1435.6</ele></trkpt>
   <trkpt lat="45.936266" lon="11.325884"><ele>1435.8</ele></trkpt>
   <trkpt lat="45.936313" lon="11.325741"><ele>1437.0</ele></trkpt>
   <trkpt lat="45.936363" lon="11.325685"><ele>1438.0</ele></trkpt>
   <trkpt lat="45.936405" lon="11.325635"><ele>1439.0</ele></trkpt>
   <trkpt lat="45.936530" lon="11.325535"><ele>1440.2</ele></trkpt>
   <trkpt lat="45.936626" lon="11.325308"><ele>1441.4</ele></trkpt>
   <trkpt lat="45.936675" lon="11.325210"><ele>1442.4</ele></trkpt>
   <trkpt lat="45.936782" lon="11.325075"><ele>1443.4</ele></trkpt>
   <trkpt lat="45.936892" lon="11.325025"><ele>1444.4</ele></trkpt>
   <trkpt lat="45.936978" lon="11.324982"><ele>1445.8</ele></trkpt>
   <trkpt lat="45.937065" lon="11.324903"><ele>1446.8</ele></trkpt>
   <trkpt lat="45.937144" lon="11.324800"><ele>1447.8</ele></trkpt>
   <trkpt lat="45.937205" lon="11.324681"><ele>1448.8</ele></trkpt>
   <trkpt lat="45.937281" lon="11.324581"><ele>1450.2</ele></trkpt>
   <trkpt lat="45.937371" lon="11.324497"><ele>1451.2</ele></trkpt>
   <trkpt lat="45.937473" lon="11.324462"><ele>1452.4</ele></trkpt>
   <trkpt lat="45.937548" lon="11.324409"><ele>1453.4</ele></trkpt>
   <trkpt lat="45.937556" lon="11.324409"><ele>1453.4</ele></trkpt>
   <trkpt lat="45.937703" lon="11.324388"><ele>1454.4</ele></trkpt>
   <trkpt lat="45.937764" lon="11.324306"><ele>1455.6</ele></trkpt>
   <trkpt lat="45.937877" lon="11.324320"><ele>1456.2</ele></trkpt>
   <trkpt lat="45.937937" lon="11.324315"><ele>1456.6</ele></trkpt>
   <trkpt lat="45.938041" lon="11.324306"><ele>1457.6</ele></trkpt>
   <trkpt lat="45.938124" lon="11.324320"><ele>1458.6</ele></trkpt>
   <trkpt lat="45.938220" lon="11.324295"><ele>1459.8</ele></trkpt>
   <trkpt lat="45.938347" lon="11.324211"><ele>1460.8</ele></trkpt>
   <trkpt lat="45.938497" lon="11.324140"><ele>1461.8</ele></trkpt>
   <trkpt lat="45.938569" lon="11.324129"><ele>1463.0</ele></trkpt>
   <trkpt lat="45.938617" lon="11.324126"><ele>1463.4</ele></trkpt>
   <trkpt lat="45.938721" lon="11.324138"><ele>1464.2</ele></trkpt>
   <trkpt lat="45.938806" lon="11.324103"><ele>1465.2</ele></trkpt>
   <trkpt lat="45.938889" lon="11.324063"><ele>1466.4</ele></trkpt>
   <trkpt lat="45.938919" lon="11.324051"><ele>1466.8</ele></trkpt>
   <trkpt lat="45.938976" lon="11.324040"><ele>1467.6</ele></trkpt>
   <trkpt lat="45.939080" lon="11.324007"><ele>1469.0</ele></trkpt>
   <trkpt lat="45.939136" lon="11.323983"><ele>1469.8</ele></trkpt>
   <trkpt lat="45.939153" lon="11.323988"><ele>1470.2</ele></trkpt>
   <trkpt lat="45.939211" lon="11.323979"><ele>1470.8</ele></trkpt>
   <trkpt lat="45.939302" lon="11.323962"><ele>1471.4</ele></trkpt>
   <trkpt lat="45.939407" lon="11.323974"><ele>1472.4</ele></trkpt>
   <trkpt lat="45.939516" lon="11.323969"><ele>1473.6</ele></trkpt>
   <trkpt lat="45.939532" lon="11.323974"><ele>1473.8</ele></trkpt>
   <trkpt lat="45.939560" lon="11.323973"><ele>1474.2</ele></trkpt>
   <trkpt lat="45.939615" lon="11.323943"><ele>1474.6</ele></trkpt>
   <trkpt lat="45.939756" lon="11.323924"><ele>1475.8</ele></trkpt>
   <trkpt lat="45.939865" lon="11.323961"><ele>1476.8</ele></trkpt>
   <trkpt lat="45.940052" lon="11.323935"><ele>1478.0</ele></trkpt>
   <trkpt lat="45.940155" lon="11.323853"><ele>1479.0</ele></trkpt>
   <trkpt lat="45.940211" lon="11.323803"><ele>1479.2</ele></trkpt>
   <trkpt lat="45.940252" lon="11.323684"><ele>1479.6</ele></trkpt>
   <trkpt lat="45.940283" lon="11.323575"><ele>1480.2</ele></trkpt>
   <trkpt lat="45.940341" lon="11.323454"><ele>1481.4</ele></trkpt>
   <trkpt lat="45.940387" lon="11.323373"><ele>1482.8</ele></trkpt>
   <trkpt lat="45.940430" lon="11.323318"><ele>1483.8</ele></trkpt>
   <trkpt lat="45.940495" lon="11.323210"><ele>1485.0</ele></trkpt>
   <trkpt lat="45.940629" lon="11.323006"><ele>1485.2</ele></trkpt>
   <trkpt lat="45.940642" lon="11.322995"><ele>1485.4</ele></trkpt>
   <trkpt lat="45.940673" lon="11.322989"><ele>1486.0</ele></trkpt>
   <trkpt lat="45.940750" lon="11.322952"><ele>1487.2</ele></trkpt>
   <trkpt lat="45.940919" lon="11.322807"><ele>1488.2</ele></trkpt>
   <trkpt lat="45.940988" lon="11.322721"><ele>1489.4</ele></trkpt>
   <trkpt lat="45.941001" lon="11.322711"><ele>1489.6</ele></trkpt>
   <trkpt lat="45.941045" lon="11.322698"><ele>1490.4</ele></trkpt>
   <trkpt lat="45.941115" lon="11.322652"><ele>1491.4</ele></trkpt>
   <trkpt lat="45.941297" lon="11.322540"><ele>1491.8</ele></trkpt>
   <trkpt lat="45.941378" lon="11.322447"><ele>1492.6</ele></trkpt>
   <trkpt lat="45.941422" lon="11.322397"><ele>1493.4</ele></trkpt>
   <trkpt lat="45.941516" lon="11.322310"><ele>1493.6</ele></trkpt>
   <trkpt lat="45.941571" lon="11.322287"><ele>1493.8</ele></trkpt>
   <trkpt lat="45.941634" lon="11.322222"><ele>1494.4</ele></trkpt>
   <trkpt lat="45.941712" lon="11.322124"><ele>1495.0</ele></trkpt>
   <trkpt lat="45.941795" lon="11.322041"><ele>1496.0</ele></trkpt>
   <trkpt lat="45.941849" lon="11.321962"><ele>1496.6</ele></trkpt>
   <trkpt lat="45.941917" lon="11.321917"><ele>1497.2</ele></trkpt>
   <trkpt lat="45.942050" lon="11.321776"><ele>1497.6</ele></trkpt>
   <trkpt lat="45.942140" lon="11.321719"><ele>1497.8</ele></trkpt>
   <trkpt lat="45.942170" lon="11.321672"><ele>1498.4</ele></trkpt>
   <trkpt lat="45.942250" lon="11.321536"><ele>1499.0</ele></trkpt>
   <trkpt lat="45.942274" lon="11.321487"><ele>1498.8</ele></trkpt>
   <trkpt lat="45.942352" lon="11.321384"><ele>1499.0</ele></trkpt>
   <trkpt lat="45.942370" lon="11.321368"><ele>1499.4</ele></trkpt>
   <trkpt lat="45.942379" lon="11.321358"><ele>1499.4</ele></trkpt>
   <trkpt lat="45.942390" lon="11.321348"><ele>1499.8</ele></trkpt>
   <trkpt lat="45.942438" lon="11.321303"><ele>1500.0</ele></trkpt>
   <trkpt lat="45.942495" lon="11.321263"><ele>1500.6</ele></trkpt>
   <trkpt lat="45.942663" lon="11.321149"><ele>1501.0</ele></trkpt>
   <trkpt lat="45.942830" lon="11.321024"><ele>1500.2</ele></trkpt>
   <trkpt lat="45.943016" lon="11.320883"><ele>1500.4</ele></trkpt>
   <trkpt lat="45.943204" lon="11.320759"><ele>1500.6</ele></trkpt>
   <trkpt lat="45.943364" lon="11.320606"><ele>1501.6</ele></trkpt>
   <trkpt lat="45.943514" lon="11.320459"><ele>1501.0</ele></trkpt>
   <trkpt lat="45.943688" lon="11.320348"><ele>1501.2</ele></trkpt>
   <trkpt lat="45.943824" lon="11.320175"><ele>1501.4</ele></trkpt>
   <trkpt lat="45.943953" lon="11.319996"><ele>1501.0</ele></trkpt>
   <trkpt lat="45.944096" lon="11.319904"><ele>1501.4</ele></trkpt>
   <trkpt lat="45.944150" lon="11.319877"><ele>1501.2</ele></trkpt>
   <trkpt lat="45.944344" lon="11.319775"><ele>1500.6</ele></trkpt>
   <trkpt lat="45.944459" lon="11.319721"><ele>1500.6</ele></trkpt>
   <trkpt lat="45.944634" lon="11.319669"><ele>1500.6</ele></trkpt>
   <trkpt lat="45.944695" lon="11.319659"><ele>1500.6</ele></trkpt>
   <trkpt lat="45.944902" lon="11.319602"><ele>1500.0</ele></trkpt>
   <trkpt lat="45.945047" lon="11.319537"><ele>1500.2</ele></trkpt>
   <trkpt lat="45.945230" lon="11.319454"><ele>1500.0</ele></trkpt>
   <trkpt lat="45.945415" lon="11.319369"><ele>1499.6</ele></trkpt>
   <trkpt lat="45.945488" lon="11.319341"><ele>1499.4</ele></trkpt>
   <trkpt lat="45.945674" lon="11.319257"><ele>1499.2</ele></trkpt>
   <trkpt lat="45.945847" lon="11.319133"><ele>1499.4</ele></trkpt>
   <trkpt lat="45.946011" lon="11.318967"><ele>1499.8</ele></trkpt>
   <trkpt lat="45.946057" lon="11.318940"><ele>1500.0</ele></trkpt>
   <trkpt lat="45.946168" lon="11.318942"><ele>1500.4</ele></trkpt>
   <trkpt lat="45.946304" lon="11.318921"><ele>1501.6</ele></trkpt>
   <trkpt lat="45.946491" lon="11.318847"><ele>1502.6</ele></trkpt>
   <trkpt lat="45.946519" lon="11.318839"><ele>1502.6</ele></trkpt>
   <trkpt lat="45.946689" lon="11.318754"><ele>1503.4</ele></trkpt>
   <trkpt lat="45.946720" lon="11.318736"><ele>1503.6</ele></trkpt>
   <trkpt lat="45.946861" lon="11.318567"><ele>1504.6</ele></trkpt>
   <trkpt lat="45.946875" lon="11.318544"><ele>1504.8</ele></trkpt>
   <trkpt lat="45.946946" lon="11.318456"><ele>1505.0</ele></trkpt>
   <trkpt lat="45.947072" lon="11.318372"><ele>1505.8</ele></trkpt>
   <trkpt lat="45.947184" lon="11.318284"><ele>1506.8</ele></trkpt>
   <trkpt lat="45.947397" lon="11.318201"><ele>1508.2</ele></trkpt>
   <trkpt lat="45.947577" lon="11.318160"><ele>1508.4</ele></trkpt>
   <trkpt lat="45.947753" lon="11.318105"><ele>1509.0</ele></trkpt>
   <trkpt lat="45.947815" lon="11.318100"><ele>1509.2</ele></trkpt>
   <trkpt lat="45.948010" lon="11.318116"><ele>1509.6</ele></trkpt>
   <trkpt lat="45.948187" lon="11.318031"><ele>1509.6</ele></trkpt>
   <trkpt lat="45.948380" lon="11.317944"><ele>1509.6</ele></trkpt>
   <trkpt lat="45.948405" lon="11.317931"><ele>1509.4</ele></trkpt>
   <trkpt lat="45.948581" lon="11.317843"><ele>1508.6</ele></trkpt>
   <trkpt lat="45.948636" lon="11.317820"><ele>1508.2</ele></trkpt>
   <trkpt lat="45.948836" lon="11.317745"><ele>1507.4</ele></trkpt>
   <trkpt lat="45.948871" lon="11.317736"><ele>1506.8</ele></trkpt>
   <trkpt lat="45.948945" lon="11.317720"><ele>1505.6</ele></trkpt>
   <trkpt lat="45.949008" lon="11.317690"><ele>1504.4</ele></trkpt>
   <trkpt lat="45.949100" lon="11.317631"><ele>1503.6</ele></trkpt>
   <trkpt lat="45.949166" lon="11.317582"><ele>1503.2</ele></trkpt>
   <trkpt lat="45.949273" lon="11.317501"><ele>1501.4</ele></trkpt>
   <trkpt lat="45.949334" lon="11.317441"><ele>1500.4</ele></trkpt>
   <trkpt lat="45.949462" lon="11.317287"><ele>1499.0</ele></trkpt>
   <trkpt lat="45.949570" lon="11.317073"><ele>1498.6</ele></trkpt>
   <trkpt lat="45.949582" lon="11.317059"><ele>1498.6</ele></trkpt>
   <trkpt lat="45.949640" lon="11.317031"><ele>1498.4</ele></trkpt>
   <trkpt lat="45.949654" lon="11.317007"><ele>1498.8</ele></trkpt>
   <trkpt lat="45.949672" lon="11.317007"><ele>1499.0</ele></trkpt>
   <trkpt lat="45.949759" lon="11.317037"><ele>1500.0</ele></trkpt>
   <trkpt lat="45.949774" lon="11.317036"><ele>1500.4</ele></trkpt>
   <trkpt lat="45.949807" lon="11.317023"><ele>1501.2</ele></trkpt>
   <trkpt lat="45.949829" lon="11.317030"><ele>1501.8</ele></trkpt>
   <trkpt lat="45.949846" lon="11.317035"><ele>1502.2</ele></trkpt>
   <trkpt lat="45.949903" lon="11.317062"><ele>1503.4</ele></trkpt>
   <trkpt lat="45.949978" lon="11.317088"><ele>1504.6</ele></trkpt>
   <trkpt lat="45.949992" lon="11.317093"><ele>1505.0</ele></trkpt>
   <trkpt lat="45.950029" lon="11.317108"><ele>1505.6</ele></trkpt>
   <trkpt lat="45.950041" lon="11.317112"><ele>1505.8</ele></trkpt>
   <trkpt lat="45.950077" lon="11.317155"><ele>1506.8</ele></trkpt>
   <trkpt lat="45.950093" lon="11.317171"><ele>1507.2</ele></trkpt>
   <trkpt lat="45.950124" lon="11.317168"><ele>1508.2</ele></trkpt>
   <trkpt lat="45.950203" lon="11.317138"><ele>1509.4</ele></trkpt>
   <trkpt lat="45.950376" lon="11.317045"><ele>1510.2</ele></trkpt>
   <trkpt lat="45.950516" lon="11.316951"><ele>1510.4</ele></trkpt>
   <trkpt lat="45.950681" lon="11.316826"><ele>1510.2</ele></trkpt>
   <trkpt lat="45.950872" lon="11.316723"><ele>1509.6</ele></trkpt>
   <trkpt lat="45.950920" lon="11.316690"><ele>1509.4</ele></trkpt>
   <trkpt lat="45.951024" lon="11.316602"><ele>1508.4</ele></trkpt>
   <trkpt lat="45.951040" lon="11.316566"><ele>1508.2</ele></trkpt>
   <trkpt lat="45.951120" lon="11.316492"><ele>1507.2</ele></trkpt>
   <trkpt lat="45.951246" lon="11.316392"><ele>1506.0</ele></trkpt>
   <trkpt lat="45.951403" lon="11.316214"><ele>1504.8</ele></trkpt>
   <trkpt lat="45.951454" lon="11.316157"><ele>1503.8</ele></trkpt>
   <trkpt lat="45.951557" lon="11.316051"><ele>1502.4</ele></trkpt>
   <trkpt lat="45.951641" lon="11.316004"><ele>1500.8</ele></trkpt>
   <trkpt lat="45.951726" lon="11.315967"><ele>1499.6</ele></trkpt>
   <trkpt lat="45.951876" lon="11.315925"><ele>1498.4</ele></trkpt>
   <trkpt lat="45.951990" lon="11.315847"><ele>1497.4</ele></trkpt>
   <trkpt lat="45.952174" lon="11.315755"><ele>1496.0</ele></trkpt>
   <trkpt lat="45.952360" lon="11.315719"><ele>1495.8</ele></trkpt>
   <trkpt lat="45.952564" lon="11.315669"><ele>1495.4</ele></trkpt>
   <trkpt lat="45.952650" lon="11.315668"><ele>1494.8</ele></trkpt>
   <trkpt lat="45.952841" lon="11.315647"><ele>1493.8</ele></trkpt>
   <trkpt lat="45.952943" lon="11.315599"><ele>1493.8</ele></trkpt>
   <trkpt lat="45.953129" lon="11.315464"><ele>1493.2</ele></trkpt>
   <trkpt lat="45.953221" lon="11.315390"><ele>1492.8</ele></trkpt>
   <trkpt lat="45.953345" lon="11.315251"><ele>1492.0</ele></trkpt>
   <trkpt lat="45.953447" lon="11.315127"><ele>1491.6</ele></trkpt>
   <trkpt lat="45.953555" lon="11.314954"><ele>1491.4</ele></trkpt>
   <trkpt lat="45.953713" lon="11.314808"><ele>1491.2</ele></trkpt>
   <trkpt lat="45.953790" lon="11.314771"><ele>1490.4</ele></trkpt>
   <trkpt lat="45.953822" lon="11.314709"><ele>1489.4</ele></trkpt>
   <trkpt lat="45.953918" lon="11.314706"><ele>1488.2</ele></trkpt>
   <trkpt lat="45.954037" lon="11.314656"><ele>1488.0</ele></trkpt>
   <trkpt lat="45.954035" lon="11.314588"><ele>1487.2</ele></trkpt>
   <trkpt lat="45.954038" lon="11.314578"><ele>1486.8</ele></trkpt>
   <trkpt lat="45.954077" lon="11.314559"><ele>1485.4</ele></trkpt>
   <trkpt lat="45.954107" lon="11.314515"><ele>1483.4</ele></trkpt>
   <trkpt lat="45.954095" lon="11.314477"><ele>1482.0</ele></trkpt>
   <trkpt lat="45.954073" lon="11.314435"><ele>1480.6</ele></trkpt>
   <trkpt lat="45.954054" lon="11.314417"><ele>1479.4</ele></trkpt>
   <trkpt lat="45.954035" lon="11.314395"><ele>1478.0</ele></trkpt>
   <trkpt lat="45.954010" lon="11.314375"><ele>1476.6</ele></trkpt>
   <trkpt lat="45.953968" lon="11.314362"><ele>1475.0</ele></trkpt>
   <trkpt lat="45.953950" lon="11.314348"><ele>1474.6</ele></trkpt>
   <trkpt lat="45.953942" lon="11.314328"><ele>1474.2</ele></trkpt>
   <trkpt lat="45.953955" lon="11.314309"><ele>1473.6</ele></trkpt>
   <trkpt lat="45.953952" lon="11.314305"><ele>1473.0</ele></trkpt>
   <trkpt lat="45.953936" lon="11.314297"><ele>1472.4</ele></trkpt>
   <trkpt lat="45.953907" lon="11.314289"><ele>1471.4</ele></trkpt>
   <trkpt lat="45.953870" lon="11.314262"><ele>1470.0</ele></trkpt>
   <trkpt lat="45.953836" lon="11.314239"><ele>1468.2</ele></trkpt>
   <trkpt lat="45.953786" lon="11.314240"><ele>1466.6</ele></trkpt>
   <trkpt lat="45.953798" lon="11.314202"><ele>1465.2</ele></trkpt>
   <trkpt lat="45.953830" lon="11.314147"><ele>1463.8</ele></trkpt>
   <trkpt lat="45.953851" lon="11.314100"><ele>1462.0</ele></trkpt>
   <trkpt lat="45.953845" lon="11.314081"><ele>1461.0</ele></trkpt>
   <trkpt lat="45.953824" lon="11.314020"><ele>1459.2</ele></trkpt>
   <trkpt lat="45.953785" lon="11.313923"><ele>1457.4</ele></trkpt>
   <trkpt lat="45.953750" lon="11.313861"><ele>1455.8</ele></trkpt>
   <trkpt lat="45.953680" lon="11.313774"><ele>1454.4</ele></trkpt>
   <trkpt lat="45.953668" lon="11.313750"><ele>1454.0</ele></trkpt>
   <trkpt lat="45.953672" lon="11.313669"><ele>1453.4</ele></trkpt>
   <trkpt lat="45.953689" lon="11.313631"><ele>1452.0</ele></trkpt>
   <trkpt lat="45.953703" lon="11.313609"><ele>1451.0</ele></trkpt>
   <trkpt lat="45.953727" lon="11.313554"><ele>1449.0</ele></trkpt>
   <trkpt lat="45.953725" lon="11.313498"><ele>1447.2</ele></trkpt>
   <trkpt lat="45.953725" lon="11.313419"><ele>1445.6</ele></trkpt>
   <trkpt lat="45.953702" lon="11.313295"><ele>1444.4</ele></trkpt>
   <trkpt lat="45.953690" lon="11.313274"><ele>1444.4</ele></trkpt>
   <trkpt lat="45.953668" lon="11.313235"><ele>1444.0</ele></trkpt>
   <trkpt lat="45.953668" lon="11.313168"><ele>1443.2</ele></trkpt>
   <trkpt lat="45.953713" lon="11.313094"><ele>1441.4</ele></trkpt>
   <trkpt lat="45.953729" lon="11.313067"><ele>1440.2</ele></trkpt>
   <trkpt lat="45.953746" lon="11.313034"><ele>1439.0</ele></trkpt>
   <trkpt lat="45.953767" lon="11.313000"><ele>1437.8</ele></trkpt>
   <trkpt lat="45.953810" lon="11.312925"><ele>1436.4</ele></trkpt>
   <trkpt lat="45.953832" lon="11.312884"><ele>1435.8</ele></trkpt>
   <trkpt lat="45.953884" lon="11.312820"><ele>1435.0</ele></trkpt>
   <trkpt lat="45.954051" lon="11.312695"><ele>1434.6</ele></trkpt>
   <trkpt lat="45.954201" lon="11.312500"><ele>1433.6</ele></trkpt>
   <trkpt lat="45.954242" lon="11.312417"><ele>1432.2</ele></trkpt>
   <trkpt lat="45.954265" lon="11.312314"><ele>1431.0</ele></trkpt>
   <trkpt lat="45.954261" lon="11.312200"><ele>1429.8</ele></trkpt>
   <trkpt lat="45.954249" lon="11.312097"><ele>1428.6</ele></trkpt>
   <trkpt lat="45.954225" lon="11.311947"><ele>1427.4</ele></trkpt>
   <trkpt lat="45.954212" lon="11.311832"><ele>1426.2</ele></trkpt>
   <trkpt lat="45.954202" lon="11.311711"><ele>1424.4</ele></trkpt>
   <trkpt lat="45.954198" lon="11.311650"><ele>1423.4</ele></trkpt>
   <trkpt lat="45.954197" lon="11.311593"><ele>1422.8</ele></trkpt>
   <trkpt lat="45.954237" lon="11.311469"><ele>1421.8</ele></trkpt>
   <trkpt lat="45.954341" lon="11.311427"><ele>1423.4</ele></trkpt>
   <trkpt lat="45.954390" lon="11.311413"><ele>1424.4</ele></trkpt>
   <trkpt lat="45.954429" lon="11.311388"><ele>1425.6</ele></trkpt>
   <trkpt lat="45.954448" lon="11.311363"><ele>1426.8</ele></trkpt>
   <trkpt lat="45.954464" lon="11.311352"><ele>1427.8</ele></trkpt>
   <trkpt lat="45.954462" lon="11.311335"><ele>1428.0</ele></trkpt>
   <trkpt lat="45.954487" lon="11.311322"><ele>1429.2</ele></trkpt>
   <trkpt lat="45.954497" lon="11.311317"><ele>1429.6</ele></trkpt>
   <trkpt lat="45.954523" lon="11.311304"><ele>1430.2</ele></trkpt>
   <trkpt lat="45.954534" lon="11.311299"><ele>1430.4</ele></trkpt>
   <trkpt lat="45.954561" lon="11.311292"><ele>1431.0</ele></trkpt>
   <trkpt lat="45.954612" lon="11.311300"><ele>1431.6</ele></trkpt>
   <trkpt lat="45.954637" lon="11.311301"><ele>1432.0</ele></trkpt>
   <trkpt lat="45.954671" lon="11.311288"><ele>1432.8</ele></trkpt>
   <trkpt lat="45.954697" lon="11.311274"><ele>1433.4</ele></trkpt>
   <trkpt lat="45.954732" lon="11.311279"><ele>1434.0</ele></trkpt>
   <trkpt lat="45.954740" lon="11.311273"><ele>1434.4</ele></trkpt>
   <trkpt lat="45.954789" lon="11.311260"><ele>1435.4</ele></trkpt>
   <trkpt lat="45.954838" lon="11.311246"><ele>1436.0</ele></trkpt>
   <trkpt lat="45.954876" lon="11.311245"><ele>1436.6</ele></trkpt>
   <trkpt lat="45.954913" lon="11.311231"><ele>1437.8</ele></trkpt>
   <trkpt lat="45.954928" lon="11.311220"><ele>1438.6</ele></trkpt>
   <trkpt lat="45.954936" lon="11.311210"><ele>1438.8</ele></trkpt>
   <trkpt lat="45.954958" lon="11.311206"><ele>1439.2</ele></trkpt>
   <trkpt lat="45.955012" lon="11.311191"><ele>1440.0</ele></trkpt>
   <trkpt lat="45.955073" lon="11.311190"><ele>1441.0</ele></trkpt>
   <trkpt lat="45.955135" lon="11.311168"><ele>1442.0</ele></trkpt>
   <trkpt lat="45.955204" lon="11.311155"><ele>1443.2</ele></trkpt>
   <trkpt lat="45.955244" lon="11.311134"><ele>1443.6</ele></trkpt>
   <trkpt lat="45.955267" lon="11.311111"><ele>1444.2</ele></trkpt>
   <trkpt lat="45.955281" lon="11.311098"><ele>1444.2</ele></trkpt>
   <trkpt lat="45.955308" lon="11.311073"><ele>1444.8</ele></trkpt>
   <trkpt lat="45.955344" lon="11.311033"><ele>1445.4</ele></trkpt>
   <trkpt lat="45.955384" lon="11.310986"><ele>1446.4</ele></trkpt>
   <trkpt lat="45.955412" lon="11.310951"><ele>1447.6</ele></trkpt>
   <trkpt lat="45.955462" lon="11.310897"><ele>1448.6</ele></trkpt>
   <trkpt lat="45.955517" lon="11.310837"><ele>1449.8</ele></trkpt>
   <trkpt lat="45.955576" lon="11.310792"><ele>1450.6</ele></trkpt>
   <trkpt lat="45.955616" lon="11.310804"><ele>1451.0</ele></trkpt>
   <trkpt lat="45.955802" lon="11.310878"><ele>1451.8</ele></trkpt>
   <trkpt lat="45.955814" lon="11.310888"><ele>1452.2</ele></trkpt>
   <trkpt lat="45.955892" lon="11.310976"><ele>1453.4</ele></trkpt>
   <trkpt lat="45.955909" lon="11.310998"><ele>1453.8</ele></trkpt>
   <trkpt lat="45.955921" lon="11.311052"><ele>1454.4</ele></trkpt>
   <trkpt lat="45.955922" lon="11.311081"><ele>1454.6</ele></trkpt>
   <trkpt lat="45.955921" lon="11.311347"><ele>1454.6</ele></trkpt>
   <trkpt lat="45.955900" lon="11.311454"><ele>1455.2</ele></trkpt>
   <trkpt lat="45.955896" lon="11.311516"><ele>1455.8</ele></trkpt>
   <trkpt lat="45.955886" lon="11.311610"><ele>1456.6</ele></trkpt>
   <trkpt lat="45.955879" lon="11.311662"><ele>1457.0</ele></trkpt>
   <trkpt lat="45.955865" lon="11.311767"><ele>1458.0</ele></trkpt>
   <trkpt lat="45.955865" lon="11.311853"><ele>1459.4</ele></trkpt>
   <trkpt lat="45.955876" lon="11.311948"><ele>1460.0</ele></trkpt>
   <trkpt lat="45.955882" lon="11.311983"><ele>1460.6</ele></trkpt>
   <trkpt lat="45.955884" lon="11.312006"><ele>1460.8</ele></trkpt>
   <trkpt lat="45.955866" lon="11.312110"><ele>1461.6</ele></trkpt>
   <trkpt lat="45.955945" lon="11.312260"><ele>1462.8</ele></trkpt>
   <trkpt lat="45.955968" lon="11.312380"><ele>1464.0</ele></trkpt>
   <trkpt lat="45.955955" lon="11.312595"><ele>1465.2</ele></trkpt>
   <trkpt lat="45.955954" lon="11.312642"><ele>1465.4</ele></trkpt>
   <trkpt lat="45.955950" lon="11.312731"><ele>1466.0</ele></trkpt>
   <trkpt lat="45.955946" lon="11.312784"><ele>1466.2</ele></trkpt>
   <trkpt lat="45.955933" lon="11.312836"><ele>1466.6</ele></trkpt>
   <trkpt lat="45.955911" lon="11.312954"><ele>1467.2</ele></trkpt>
   <trkpt lat="45.955880" lon="11.313032"><ele>1467.8</ele></trkpt>
   <trkpt lat="45.955864" lon="11.313099"><ele>1468.4</ele></trkpt>
   <trkpt lat="45.955846" lon="11.313241"><ele>1469.4</ele></trkpt>
   <trkpt lat="45.955824" lon="11.313392"><ele>1470.6</ele></trkpt>
   <trkpt lat="45.955782" lon="11.313568"><ele>1471.8</ele></trkpt>
   <trkpt lat="45.955758" lon="11.313633"><ele>1472.4</ele></trkpt>
   <trkpt lat="45.955740" lon="11.313694"><ele>1472.8</ele></trkpt>
   <trkpt lat="45.955705" lon="11.313795"><ele>1474.0</ele></trkpt>
   <trkpt lat="45.955651" lon="11.313922"><ele>1475.2</ele></trkpt>
   <trkpt lat="45.955635" lon="11.313947"><ele>1475.4</ele></trkpt>
   <trkpt lat="45.955594" lon="11.314044"><ele>1476.2</ele></trkpt>
   <trkpt lat="45.955585" lon="11.314066"><ele>1476.4</ele></trkpt>
   <trkpt lat="45.955573" lon="11.314082"><ele>1476.4</ele></trkpt>
   <trkpt lat="45.955531" lon="11.314158"><ele>1477.4</ele></trkpt>
   <trkpt lat="45.955483" lon="11.314230"><ele>1478.2</ele></trkpt>
   <trkpt lat="45.955472" lon="11.314239"><ele>1478.6</ele></trkpt>
   <trkpt lat="45.955409" lon="11.314332"><ele>1479.6</ele></trkpt>
   <trkpt lat="45.955381" lon="11.314371"><ele>1480.0</ele></trkpt>
   <trkpt lat="45.955341" lon="11.314410"><ele>1480.8</ele></trkpt>
   <trkpt lat="45.955329" lon="11.314414"><ele>1481.0</ele></trkpt>
   <trkpt lat="45.955253" lon="11.314425"><ele>1482.0</ele></trkpt>
   <trkpt lat="45.955233" lon="11.314434"><ele>1482.2</ele></trkpt>
   <trkpt lat="45.955167" lon="11.314457"><ele>1482.8</ele></trkpt>
   <trkpt lat="45.955146" lon="11.314465"><ele>1483.0</ele></trkpt>
   <trkpt lat="45.955048" lon="11.314513"><ele>1484.2</ele></trkpt>
   <trkpt lat="45.955034" lon="11.314528"><ele>1484.4</ele></trkpt>
   <trkpt lat="45.954977" lon="11.314621"><ele>1485.4</ele></trkpt>
   <trkpt lat="45.954938" lon="11.314705"><ele>1486.4</ele></trkpt>
   <trkpt lat="45.954927" lon="11.314721"><ele>1486.6</ele></trkpt>
   <trkpt lat="45.954916" lon="11.314749"><ele>1486.8</ele></trkpt>
   <trkpt lat="45.954901" lon="11.314808"><ele>1487.8</ele></trkpt>
   <trkpt lat="45.954911" lon="11.314882"><ele>1489.0</ele></trkpt>
   <trkpt lat="45.954916" lon="11.314947"><ele>1490.2</ele></trkpt>
   <trkpt lat="45.954919" lon="11.314976"><ele>1490.8</ele></trkpt>
   <trkpt lat="45.954924" lon="11.315012"><ele>1491.4</ele></trkpt>
   <trkpt lat="45.954926" lon="11.315047"><ele>1492.2</ele></trkpt>
   <trkpt lat="45.954929" lon="11.315067"><ele>1492.6</ele></trkpt>
   <trkpt lat="45.954952" lon="11.315128"><ele>1493.8</ele></trkpt>
   <trkpt lat="45.954960" lon="11.315185"><ele>1494.8</ele></trkpt>
   <trkpt lat="45.954962" lon="11.315289"><ele>1495.8</ele></trkpt>
   <trkpt lat="45.954958" lon="11.315368"><ele>1497.0</ele></trkpt>
   <trkpt lat="45.954965" lon="11.315408"><ele>1497.4</ele></trkpt>
   <trkpt lat="45.954970" lon="11.315466"><ele>1498.0</ele></trkpt>
   <trkpt lat="45.954991" lon="11.315522"><ele>1499.0</ele></trkpt>
   <trkpt lat="45.954997" lon="11.315542"><ele>1499.2</ele></trkpt>
   <trkpt lat="45.955028" lon="11.315576"><ele>1499.8</ele></trkpt>
   <trkpt lat="45.955023" lon="11.315609"><ele>1500.4</ele></trkpt>
   <trkpt lat="45.955020" lon="11.315638"><ele>1500.8</ele></trkpt>
   <trkpt lat="45.954998" lon="11.315700"><ele>1501.6</ele></trkpt>
   <trkpt lat="45.954995" lon="11.315715"><ele>1501.8</ele></trkpt>
   <trkpt lat="45.954993" lon="11.315752"><ele>1502.4</ele></trkpt>
   <trkpt lat="45.954992" lon="11.315769"><ele>1502.6</ele></trkpt>
   <trkpt lat="45.954989" lon="11.315783"><ele>1502.8</ele></trkpt>
   <trkpt lat="45.954968" lon="11.315854"><ele>1503.8</ele></trkpt>
   <trkpt lat="45.954955" lon="11.315891"><ele>1504.4</ele></trkpt>
   <trkpt lat="45.954941" lon="11.315928"><ele>1504.8</ele></trkpt>
   <trkpt lat="45.954925" lon="11.315980"><ele>1505.6</ele></trkpt>
   <trkpt lat="45.954908" lon="11.316010"><ele>1506.2</ele></trkpt>
   <trkpt lat="45.954885" lon="11.316047"><ele>1507.2</ele></trkpt>
   <trkpt lat="45.954880" lon="11.316057"><ele>1507.6</ele></trkpt>
   <trkpt lat="45.954865" lon="11.316083"><ele>1508.2</ele></trkpt>
   <trkpt lat="45.954854" lon="11.316099"><ele>1508.6</ele></trkpt>
   <trkpt lat="45.954848" lon="11.316119"><ele>1509.4</ele></trkpt>
   <trkpt lat="45.954828" lon="11.316150"><ele>1510.4</ele></trkpt>
   <trkpt lat="45.954806" lon="11.316193"><ele>1511.4</ele></trkpt>
   <trkpt lat="45.954781" lon="11.316253"><ele>1512.6</ele></trkpt>
   <trkpt lat="45.954774" lon="11.316299"><ele>1513.2</ele></trkpt>
   <trkpt lat="45.954755" lon="11.316330"><ele>1513.6</ele></trkpt>
   <trkpt lat="45.954750" lon="11.316347"><ele>1514.0</ele></trkpt>
   <trkpt lat="45.954715" lon="11.316376"><ele>1514.8</ele></trkpt>
   <trkpt lat="45.954659" lon="11.316413"><ele>1515.8</ele></trkpt>
   <trkpt lat="45.954546" lon="11.316419"><ele>1517.0</ele></trkpt>
   <trkpt lat="45.954457" lon="11.316442"><ele>1518.0</ele></trkpt>
   <trkpt lat="45.954412" lon="11.316481"><ele>1518.8</ele></trkpt>
   <trkpt lat="45.954394" lon="11.316496"><ele>1519.2</ele></trkpt>
   <trkpt lat="45.954384" lon="11.316564"><ele>1520.4</ele></trkpt>
   <trkpt lat="45.954402" lon="11.316633"><ele>1521.6</ele></trkpt>
   <trkpt lat="45.954404" lon="11.316645"><ele>1521.8</ele></trkpt>
   <trkpt lat="45.954404" lon="11.316681"><ele>1522.4</ele></trkpt>
   <trkpt lat="45.954407" lon="11.316695"><ele>1522.8</ele></trkpt>
   <trkpt lat="45.954422" lon="11.316748"><ele>1524.0</ele></trkpt>
   <trkpt lat="45.954430" lon="11.316770"><ele>1524.4</ele></trkpt>
   <trkpt lat="45.954444" lon="11.316802"><ele>1525.0</ele></trkpt>
   <trkpt lat="45.954462" lon="11.316850"><ele>1526.0</ele></trkpt>
   <trkpt lat="45.954470" lon="11.316874"><ele>1526.6</ele></trkpt>
   <trkpt lat="45.954478" lon="11.316900"><ele>1527.2</ele></trkpt>
   <trkpt lat="45.954489" lon="11.316935"><ele>1528.2</ele></trkpt>
   <trkpt lat="45.954492" lon="11.316980"><ele>1529.4</ele></trkpt>
   <trkpt lat="45.954498" lon="11.317001"><ele>1530.2</ele></trkpt>
   <trkpt lat="45.954498" lon="11.317010"><ele>1530.6</ele></trkpt>
   <trkpt lat="45.954496" lon="11.317016"><ele>1530.8</ele></trkpt>
   <trkpt lat="45.954501" lon="11.317048"><ele>1531.6</ele></trkpt>
   <trkpt lat="45.954502" lon="11.317054"><ele>1532.0</ele></trkpt>
   <trkpt lat="45.954510" lon="11.317086"><ele>1532.8</ele></trkpt>
   <trkpt lat="45.954510" lon="11.317093"><ele>1533.2</ele></trkpt>
   <trkpt lat="45.954517" lon="11.317106"><ele>1533.8</ele></trkpt>
   <trkpt lat="45.954529" lon="11.317144"><ele>1534.8</ele></trkpt>
   <trkpt lat="45.954533" lon="11.317147"><ele>1535.2</ele></trkpt>
   <trkpt lat="45.954555" lon="11.317173"><ele>1536.2</ele></trkpt>
   <trkpt lat="45.954559" lon="11.317179"><ele>1536.6</ele></trkpt>
   <trkpt lat="45.954575" lon="11.317198"><ele>1537.6</ele></trkpt>
   <trkpt lat="45.954592" lon="11.317217"><ele>1538.8</ele></trkpt>
   <trkpt lat="45.954613" lon="11.317234"><ele>1539.8</ele></trkpt>
   <trkpt lat="45.954633" lon="11.317268"><ele>1540.8</ele></trkpt>
   <trkpt lat="45.954636" lon="11.317276"><ele>1541.2</ele></trkpt>
   <trkpt lat="45.954640" lon="11.317283"><ele>1542.0</ele></trkpt>
   <trkpt lat="45.954654" lon="11.317317"><ele>1543.2</ele></trkpt>
   <trkpt lat="45.954658" lon="11.317341"><ele>1544.2</ele></trkpt>
   <trkpt lat="45.954671" lon="11.317387"><ele>1545.0</ele></trkpt>
   <trkpt lat="45.954673" lon="11.317401"><ele>1545.4</ele></trkpt>
   <trkpt lat="45.954678" lon="11.317419"><ele>1546.0</ele></trkpt>
   <trkpt lat="45.954694" lon="11.317451"><ele>1546.6</ele></trkpt>
   <trkpt lat="45.954699" lon="11.317467"><ele>1547.2</ele></trkpt>
   <trkpt lat="45.954704" lon="11.317481"><ele>1547.8</ele></trkpt>
   <trkpt lat="45.954712" lon="11.317505"><ele>1548.8</ele></trkpt>
   <trkpt lat="45.954719" lon="11.317530"><ele>1549.4</ele></trkpt>
   <trkpt lat="45.954723" lon="11.317535"><ele>1550.0</ele></trkpt>
   <trkpt lat="45.954673" lon="11.317496"><ele>1550.4</ele></trkpt>
   <trkpt lat="45.954760" lon="11.317532"><ele>1551.0</ele></trkpt>
   <trkpt lat="45.954786" lon="11.317541"><ele>1551.0</ele></trkpt>
   <trkpt lat="45.954932" lon="11.317748"><ele>1551.0</ele></trkpt>
   <trkpt lat="45.955002" lon="11.317834"><ele>1549.8</ele></trkpt>
   <trkpt lat="45.955098" lon="11.317942"><ele>1548.8</ele></trkpt>
   <trkpt lat="45.955244" lon="11.318099"><ele>1548.8</ele></trkpt>
   <trkpt lat="45.955357" lon="11.318292"><ele>1547.4</ele></trkpt>
   <trkpt lat="45.955441" lon="11.318481"><ele>1546.4</ele></trkpt>
   <trkpt lat="45.955486" lon="11.318657"><ele>1545.8</ele></trkpt>
   <trkpt lat="45.955508" lon="11.318745"><ele>1545.0</ele></trkpt>
   <trkpt lat="45.955546" lon="11.318884"><ele>1543.8</ele></trkpt>
   <trkpt lat="45.955575" lon="11.318971"><ele>1542.6</ele></trkpt>
   <trkpt lat="45.955598" lon="11.319063"><ele>1541.2</ele></trkpt>
   <trkpt lat="45.955618" lon="11.319159"><ele>1540.4</ele></trkpt>
   <trkpt lat="45.955645" lon="11.319255"><ele>1540.0</ele></trkpt>
   <trkpt lat="45.955659" lon="11.319354"><ele>1538.6</ele></trkpt>
   <trkpt lat="45.955668" lon="11.319404"><ele>1537.8</ele></trkpt>
   <trkpt lat="45.955684" lon="11.319455"><ele>1537.0</ele></trkpt>
   <trkpt lat="45.955712" lon="11.319579"><ele>1535.8</ele></trkpt>
   <trkpt lat="45.955743" lon="11.319870"><ele>1534.4</ele></trkpt>
   <trkpt lat="45.955750" lon="11.319963"><ele>1533.2</ele></trkpt>
   <trkpt lat="45.955749" lon="11.320143"><ele>1532.0</ele></trkpt>
   <trkpt lat="45.955754" lon="11.320275"><ele>1530.4</ele></trkpt>
   <trkpt lat="45.955756" lon="11.320346"><ele>1528.8</ele></trkpt>
   <trkpt lat="45.955759" lon="11.320423"><ele>1527.0</ele></trkpt>
   <trkpt lat="45.955761" lon="11.320465"><ele>1525.8</ele></trkpt>
   <trkpt lat="45.955777" lon="11.320549"><ele>1524.0</ele></trkpt>
   <trkpt lat="45.955797" lon="11.320617"><ele>1522.4</ele></trkpt>
   <trkpt lat="45.955823" lon="11.320693"><ele>1520.6</ele></trkpt>
   <trkpt lat="45.955852" lon="11.320747"><ele>1519.0</ele></trkpt>
   <trkpt lat="45.955884" lon="11.320816"><ele>1517.4</ele></trkpt>
   <trkpt lat="45.955918" lon="11.320905"><ele>1515.4</ele></trkpt>
   <trkpt lat="45.955934" lon="11.320996"><ele>1513.4</ele></trkpt>
   <trkpt lat="45.955937" lon="11.321084"><ele>1511.4</ele></trkpt>
   <trkpt lat="45.955941" lon="11.321168"><ele>1510.2</ele></trkpt>
   <trkpt lat="45.955936" lon="11.321251"><ele>1508.6</ele></trkpt>
   <trkpt lat="45.955923" lon="11.321329"><ele>1507.0</ele></trkpt>
   <trkpt lat="45.955913" lon="11.321416"><ele>1505.6</ele></trkpt>
   <trkpt lat="45.955902" lon="11.321518"><ele>1503.6</ele></trkpt>
   <trkpt lat="45.955900" lon="11.321570"><ele>1502.2</ele></trkpt>
   <trkpt lat="45.955896" lon="11.321621"><ele>1501.2</ele></trkpt>
   <trkpt lat="45.955893" lon="11.321671"><ele>1500.2</ele></trkpt>
   <trkpt lat="45.955883" lon="11.321765"><ele>1498.4</ele></trkpt>
   <trkpt lat="45.955866" lon="11.321859"><ele>1496.6</ele></trkpt>
   <trkpt lat="45.955849" lon="11.321952"><ele>1495.0</ele></trkpt>
   <trkpt lat="45.955826" lon="11.322041"><ele>1493.8</ele></trkpt>
   <trkpt lat="45.955814" lon="11.322139"><ele>1492.8</ele></trkpt>
   <trkpt lat="45.955809" lon="11.322239"><ele>1491.2</ele></trkpt>
   <trkpt lat="45.955796" lon="11.322344"><ele>1489.4</ele></trkpt>
   <trkpt lat="45.955790" lon="11.322444"><ele>1487.4</ele></trkpt>
   <trkpt lat="45.955789" lon="11.322497"><ele>1486.2</ele></trkpt>
   <trkpt lat="45.955789" lon="11.322550"><ele>1485.2</ele></trkpt>
   <trkpt lat="45.955789" lon="11.322606"><ele>1484.0</ele></trkpt>
   <trkpt lat="45.955792" lon="11.322717"><ele>1482.4</ele></trkpt>
   <trkpt lat="45.955787" lon="11.322810"><ele>1481.4</ele></trkpt>
   <trkpt lat="45.955760" lon="11.322983"><ele>1480.2</ele></trkpt>
   <trkpt lat="45.955706" lon="11.323163"><ele>1479.0</ele></trkpt>
   <trkpt lat="45.955694" lon="11.323203"><ele>1478.6</ele></trkpt>
   <trkpt lat="45.955672" lon="11.323294"><ele>1477.8</ele></trkpt>
   <trkpt lat="45.955652" lon="11.323443"><ele>1476.0</ele></trkpt>
   <trkpt lat="45.955644" lon="11.323547"><ele>1474.0</ele></trkpt>
   <trkpt lat="45.955642" lon="11.323596"><ele>1473.0</ele></trkpt>
   <trkpt lat="45.955639" lon="11.323696"><ele>1471.6</ele></trkpt>
   <trkpt lat="45.955629" lon="11.323851"><ele>1470.2</ele></trkpt>
   <trkpt lat="45.955603" lon="11.324130"><ele>1469.2</ele></trkpt>
   <trkpt lat="45.955578" lon="11.324369"><ele>1468.0</ele></trkpt>
   <trkpt lat="45.955545" lon="11.324656"><ele>1467.0</ele></trkpt>
   <trkpt lat="45.955523" lon="11.324850"><ele>1465.8</ele></trkpt>
   <trkpt lat="45.955484" lon="11.325129"><ele>1465.2</ele></trkpt>
   <trkpt lat="45.955462" lon="11.325321"><ele>1464.6</ele></trkpt>
   <trkpt lat="45.955462" lon="11.325476"><ele>1463.0</ele></trkpt>
   <trkpt lat="45.955467" lon="11.325579"><ele>1461.4</ele></trkpt>
   <trkpt lat="45.955470" lon="11.325687"><ele>1460.0</ele></trkpt>
   <trkpt lat="45.955478" lon="11.325850"><ele>1458.6</ele></trkpt>
   <trkpt lat="45.955484" lon="11.325953"><ele>1457.4</ele></trkpt>
   <trkpt lat="45.955489" lon="11.326044"><ele>1456.4</ele></trkpt>
   <trkpt lat="45.955495" lon="11.326137"><ele>1455.2</ele></trkpt>
   <trkpt lat="45.955500" lon="11.326241"><ele>1454.2</ele></trkpt>
   <trkpt lat="45.955508" lon="11.326395"><ele>1453.0</ele></trkpt>
   <trkpt lat="45.955511" lon="11.326549"><ele>1451.6</ele></trkpt>
   <trkpt lat="45.955503" lon="11.326692"><ele>1450.4</ele></trkpt>
   <trkpt lat="45.955479" lon="11.326839"><ele>1449.4</ele></trkpt>
   <trkpt lat="45.955459" lon="11.326983"><ele>1447.8</ele></trkpt>
   <trkpt lat="45.955447" lon="11.327078"><ele>1446.8</ele></trkpt>
   <trkpt lat="45.955433" lon="11.327214"><ele>1445.6</ele></trkpt>
   <trkpt lat="45.955422" lon="11.327357"><ele>1444.2</ele></trkpt>
   <trkpt lat="45.955405" lon="11.327442"><ele>1442.8</ele></trkpt>
   <trkpt lat="45.955380" lon="11.327531"><ele>1441.2</ele></trkpt>
   <trkpt lat="45.955357" lon="11.327617"><ele>1439.6</ele></trkpt>
   <trkpt lat="45.955331" lon="11.327707"><ele>1437.8</ele></trkpt>
   <trkpt lat="45.955297" lon="11.327794"><ele>1436.2</ele></trkpt>
   <trkpt lat="45.955268" lon="11.327884"><ele>1434.4</ele></trkpt>
   <trkpt lat="45.955241" lon="11.327968"><ele>1433.2</ele></trkpt>
   <trkpt lat="45.955211" lon="11.328062"><ele>1432.0</ele></trkpt>
   <trkpt lat="45.955193" lon="11.328162"><ele>1430.6</ele></trkpt>
   <trkpt lat="45.955208" lon="11.328312"><ele>1429.0</ele></trkpt>
   <trkpt lat="45.955235" lon="11.328384"><ele>1427.8</ele></trkpt>
   <trkpt lat="45.955251" lon="11.328419"><ele>1427.2</ele></trkpt>
   <trkpt lat="45.955301" lon="11.328476"><ele>1426.4</ele></trkpt>
   <trkpt lat="45.955440" lon="11.328584"><ele>1425.0</ele></trkpt>
   <trkpt lat="45.955617" lon="11.328637"><ele>1425.0</ele></trkpt>
   <trkpt lat="45.955818" lon="11.328583"><ele>1424.8</ele></trkpt>
   <trkpt lat="45.955879" lon="11.328563"><ele>1423.8</ele></trkpt>
   <trkpt lat="45.955942" lon="11.328539"><ele>1422.8</ele></trkpt>
   <trkpt lat="45.956068" lon="11.328472"><ele>1421.6</ele></trkpt>
   <trkpt lat="45.956259" lon="11.328386"><ele>1420.8</ele></trkpt>
   <trkpt lat="45.956290" lon="11.328367"><ele>1420.6</ele></trkpt>
   <trkpt lat="45.956472" lon="11.328297"><ele>1419.4</ele></trkpt>
   <trkpt lat="45.956621" lon="11.328315"><ele>1418.4</ele></trkpt>
   <trkpt lat="45.956809" lon="11.328316"><ele>1418.2</ele></trkpt>
   <trkpt lat="45.957012" lon="11.328392"><ele>1418.2</ele></trkpt>
   <trkpt lat="45.957215" lon="11.328345"><ele>1418.0</ele></trkpt>
   <trkpt lat="45.957356" lon="11.328147"><ele>1418.4</ele></trkpt>
   <trkpt lat="45.957423" lon="11.328018"><ele>1419.0</ele></trkpt>
   <trkpt lat="45.957494" lon="11.327932"><ele>1419.6</ele></trkpt>
   <trkpt lat="45.957621" lon="11.327779"><ele>1420.6</ele></trkpt>
   <trkpt lat="45.957668" lon="11.327757"><ele>1421.6</ele></trkpt>
   <trkpt lat="45.957758" lon="11.327809"><ele>1422.8</ele></trkpt>
   <trkpt lat="45.957769" lon="11.327817"><ele>1423.0</ele></trkpt>
   <trkpt lat="45.957789" lon="11.327846"><ele>1423.6</ele></trkpt>
   <trkpt lat="45.957799" lon="11.327858"><ele>1423.8</ele></trkpt>
   <trkpt lat="45.957818" lon="11.327894"><ele>1424.8</ele></trkpt>
   <trkpt lat="45.957830" lon="11.327905"><ele>1425.2</ele></trkpt>
   <trkpt lat="45.957863" lon="11.327952"><ele>1425.8</ele></trkpt>
   <trkpt lat="45.957888" lon="11.327987"><ele>1426.4</ele></trkpt>
   <trkpt lat="45.957953" lon="11.328071"><ele>1427.6</ele></trkpt>
   <trkpt lat="45.958018" lon="11.328180"><ele>1429.0</ele></trkpt>
   <trkpt lat="45.958176" lon="11.328313"><ele>1429.8</ele></trkpt>
   <trkpt lat="45.958347" lon="11.328449"><ele>1429.6</ele></trkpt>
   <trkpt lat="45.958419" lon="11.328595"><ele>1427.8</ele></trkpt>
   <trkpt lat="45.958454" lon="11.328709"><ele>1426.6</ele></trkpt>
   <trkpt lat="45.958467" lon="11.328769"><ele>1425.8</ele></trkpt>
   <trkpt lat="45.958533" lon="11.328868"><ele>1425.4</ele></trkpt>
   <trkpt lat="45.958637" lon="11.328978"><ele>1424.4</ele></trkpt>
   <trkpt lat="45.958793" lon="11.329170"><ele>1424.0</ele></trkpt>
   <trkpt lat="45.958975" lon="11.329212"><ele>1424.6</ele></trkpt>
   <trkpt lat="45.959153" lon="11.329214"><ele>1423.6</ele></trkpt>
   <trkpt lat="45.959179" lon="11.329225"><ele>1423.2</ele></trkpt>
   <trkpt lat="45.959341" lon="11.329343"><ele>1423.4</ele></trkpt>
   <trkpt lat="45.959496" lon="11.329477"><ele>1424.4</ele></trkpt>
   <trkpt lat="45.959587" lon="11.329521"><ele>1425.8</ele></trkpt>
   <trkpt lat="45.959673" lon="11.329570"><ele>1426.8</ele></trkpt>
   <trkpt lat="45.959828" lon="11.329618"><ele>1427.8</ele></trkpt>
   <trkpt lat="45.959944" lon="11.329633"><ele>1429.0</ele></trkpt>
   <trkpt lat="45.960022" lon="11.329643"><ele>1430.0</ele></trkpt>
   <trkpt lat="45.960093" lon="11.329635"><ele>1431.2</ele></trkpt>
   <trkpt lat="45.960179" lon="11.329659"><ele>1432.2</ele></trkpt>
   <trkpt lat="45.960247" lon="11.329707"><ele>1433.6</ele></trkpt>
   <trkpt lat="45.960282" lon="11.329730"><ele>1434.8</ele></trkpt>
   <trkpt lat="45.960319" lon="11.329731"><ele>1436.2</ele></trkpt>
   <trkpt lat="45.960344" lon="11.329737"><ele>1437.0</ele></trkpt>
   <trkpt lat="45.960354" lon="11.329744"><ele>1437.4</ele></trkpt>
   <trkpt lat="45.960386" lon="11.329756"><ele>1438.6</ele></trkpt>
   <trkpt lat="45.960396" lon="11.329766"><ele>1438.8</ele></trkpt>
   <trkpt lat="45.960413" lon="11.329790"><ele>1439.6</ele></trkpt>
   <trkpt lat="45.960436" lon="11.329817"><ele>1441.0</ele></trkpt>
   <trkpt lat="45.960467" lon="11.329837"><ele>1442.0</ele></trkpt>
   <trkpt lat="45.960477" lon="11.329838"><ele>1442.4</ele></trkpt>
   <trkpt lat="45.960506" lon="11.329833"><ele>1443.4</ele></trkpt>
   <trkpt lat="45.960560" lon="11.329853"><ele>1444.6</ele></trkpt>
   <trkpt lat="45.960751" lon="11.329887"><ele>1443.4</ele></trkpt>
   <trkpt lat="45.960840" lon="11.329918"><ele>1442.4</ele></trkpt>
   <trkpt lat="45.961027" lon="11.329993"><ele>1442.8</ele></trkpt>
   <trkpt lat="45.961033" lon="11.329993"><ele>1443.0</ele></trkpt>
   <trkpt lat="45.961054" lon="11.330012"><ele>1443.4</ele></trkpt>
   <trkpt lat="45.961066" lon="11.330019"><ele>1443.8</ele></trkpt>
   <trkpt lat="45.961089" lon="11.330037"><ele>1444.8</ele></trkpt>
   <trkpt lat="45.961110" lon="11.330048"><ele>1445.4</ele></trkpt>
   <trkpt lat="45.961132" lon="11.330059"><ele>1446.0</ele></trkpt>
   <trkpt lat="45.961152" lon="11.330067"><ele>1446.6</ele></trkpt>
   <trkpt lat="45.961164" lon="11.330075"><ele>1447.2</ele></trkpt>
   <trkpt lat="45.961203" lon="11.330102"><ele>1448.4</ele></trkpt>
   <trkpt lat="45.961208" lon="11.330104"><ele>1448.8</ele></trkpt>
   <trkpt lat="45.961220" lon="11.330118"><ele>1449.6</ele></trkpt>
   <trkpt lat="45.961248" lon="11.330143"><ele>1450.6</ele></trkpt>
   <trkpt lat="45.961280" lon="11.330176"><ele>1451.6</ele></trkpt>
   <trkpt lat="45.961304" lon="11.330183"><ele>1452.8</ele></trkpt>
   <trkpt lat="45.961328" lon="11.330191"><ele>1453.4</ele></trkpt>
   <trkpt lat="45.961351" lon="11.330205"><ele>1454.0</ele></trkpt>
   <trkpt lat="45.961371" lon="11.330215"><ele>1454.6</ele></trkpt>
   <trkpt lat="45.961401" lon="11.330217"><ele>1455.2</ele></trkpt>
   <trkpt lat="45.961440" lon="11.330230"><ele>1456.0</ele></trkpt>
   <trkpt lat="45.961454" lon="11.330237"><ele>1456.2</ele></trkpt>
   <trkpt lat="45.961524" lon="11.330236"><ele>1457.4</ele></trkpt>
   <trkpt lat="45.961593" lon="11.330187"><ele>1458.6</ele></trkpt>
   <trkpt lat="45.961684" lon="11.330092"><ele>1459.8</ele></trkpt>
   <trkpt lat="45.961815" lon="11.329917"><ele>1460.2</ele></trkpt>
   <trkpt lat="45.961950" lon="11.329763"><ele>1458.6</ele></trkpt>
   <trkpt lat="45.962067" lon="11.329642"><ele>1457.6</ele></trkpt>
   <trkpt lat="45.962203" lon="11.329471"><ele>1456.6</ele></trkpt>
   <trkpt lat="45.962221" lon="11.329448"><ele>1456.4</ele></trkpt>
   <trkpt lat="45.962379" lon="11.329321"><ele>1456.0</ele></trkpt>
   <trkpt lat="45.962531" lon="11.329167"><ele>1456.4</ele></trkpt>
   <trkpt lat="45.962610" lon="11.329117"><ele>1457.8</ele></trkpt>
   <trkpt lat="45.962623" lon="11.329122"><ele>1458.0</ele></trkpt>
   <trkpt lat="45.962658" lon="11.329167"><ele>1458.2</ele></trkpt>
   <trkpt lat="45.962775" lon="11.329388"><ele>1457.2</ele></trkpt>
   <trkpt lat="45.962811" lon="11.329445"><ele>1456.8</ele></trkpt>
   <trkpt lat="45.962919" lon="11.329678"><ele>1456.6</ele></trkpt>
   <trkpt lat="45.962938" lon="11.329767"><ele>1457.4</ele></trkpt>
   <trkpt lat="45.962966" lon="11.329835"><ele>1458.0</ele></trkpt>
   <trkpt lat="45.962980" lon="11.329990"><ele>1459.0</ele></trkpt>
   <trkpt lat="45.962978" lon="11.330042"><ele>1459.8</ele></trkpt>
   <trkpt lat="45.962976" lon="11.330068"><ele>1460.2</ele></trkpt>
   <trkpt lat="45.962983" lon="11.330124"><ele>1460.6</ele></trkpt>
   <trkpt lat="45.963029" lon="11.330307"><ele>1461.4</ele></trkpt>
   <trkpt lat="45.963036" lon="11.330435"><ele>1462.6</ele></trkpt>
   <trkpt lat="45.963026" lon="11.330571"><ele>1463.8</ele></trkpt>
   <trkpt lat="45.963001" lon="11.330686"><ele>1464.8</ele></trkpt>
   <trkpt lat="45.963001" lon="11.330755"><ele>1465.6</ele></trkpt>
   <trkpt lat="45.963007" lon="11.330795"><ele>1466.0</ele></trkpt>
   <trkpt lat="45.963023" lon="11.330842"><ele>1467.2</ele></trkpt>
   <trkpt lat="45.963054" lon="11.330904"><ele>1468.2</ele></trkpt>
   <trkpt lat="45.963076" lon="11.330955"><ele>1469.2</ele></trkpt>
   <trkpt lat="45.963076" lon="11.330969"><ele>1469.6</ele></trkpt>
   <trkpt lat="45.963086" lon="11.330999"><ele>1470.4</ele></trkpt>
   <trkpt lat="45.963098" lon="11.331052"><ele>1471.4</ele></trkpt>
   <trkpt lat="45.963100" lon="11.331075"><ele>1471.8</ele></trkpt>
   <trkpt lat="45.963107" lon="11.331096"><ele>1472.4</ele></trkpt>
   <trkpt lat="45.963156" lon="11.331083"><ele>1473.6</ele></trkpt>
   <trkpt lat="45.963212" lon="11.331117"><ele>1474.8</ele></trkpt>
   <trkpt lat="45.963243" lon="11.331185"><ele>1475.8</ele></trkpt>
   <trkpt lat="45.963265" lon="11.331205"><ele>1476.8</ele></trkpt>
   <trkpt lat="45.963289" lon="11.331211"><ele>1477.4</ele></trkpt>
   <trkpt lat="45.963313" lon="11.331215"><ele>1478.0</ele></trkpt>
   <trkpt lat="45.963331" lon="11.331220"><ele>1478.6</ele></trkpt>
   <trkpt lat="45.963368" lon="11.331235"><ele>1479.0</ele></trkpt>
   <trkpt lat="45.963381" lon="11.331246"><ele>1479.2</ele></trkpt>
   <trkpt lat="45.963415" lon="11.331293"><ele>1480.4</ele></trkpt>
   <trkpt lat="45.963418" lon="11.331326"><ele>1481.4</ele></trkpt>
   <trkpt lat="45.963407" lon="11.331306"><ele>1482.4</ele></trkpt>
   <trkpt lat="45.963434" lon="11.331377"><ele>1482.6</ele></trkpt>
   <trkpt lat="45.963445" lon="11.331446"><ele>1483.4</ele></trkpt>
   <trkpt lat="45.963437" lon="11.331542"><ele>1484.6</ele></trkpt>
   <trkpt lat="45.963422" lon="11.331596"><ele>1485.4</ele></trkpt>
   <trkpt lat="45.963418" lon="11.331612"><ele>1485.6</ele></trkpt>
   <trkpt lat="45.963408" lon="11.331681"><ele>1487.0</ele></trkpt>
   <trkpt lat="45.963413" lon="11.331730"><ele>1487.8</ele></trkpt>
   <trkpt lat="45.963412" lon="11.331745"><ele>1488.0</ele></trkpt>
   <trkpt lat="45.963417" lon="11.331779"><ele>1488.6</ele></trkpt>
   <trkpt lat="45.963421" lon="11.331807"><ele>1489.0</ele></trkpt>
   <trkpt lat="45.963426" lon="11.331827"><ele>1489.6</ele></trkpt>
   <trkpt lat="45.963439" lon="11.331856"><ele>1490.2</ele></trkpt>
   <trkpt lat="45.963471" lon="11.331901"><ele>1491.2</ele></trkpt>
   <trkpt lat="45.963478" lon="11.331918"><ele>1491.6</ele></trkpt>
   <trkpt lat="45.963473" lon="11.331993"><ele>1492.8</ele></trkpt>
   <trkpt lat="45.963473" lon="11.332029"><ele>1493.4</ele></trkpt>
   <trkpt lat="45.963491" lon="11.332051"><ele>1493.8</ele></trkpt>
   <trkpt lat="45.963681" lon="11.332082"><ele>1494.6</ele></trkpt>
   <trkpt lat="45.963855" lon="11.332033"><ele>1493.6</ele></trkpt>
   <trkpt lat="45.963972" lon="11.332008"><ele>1492.6</ele></trkpt>
   <trkpt lat="45.964108" lon="11.331976"><ele>1491.4</ele></trkpt>
   <trkpt lat="45.964232" lon="11.331952"><ele>1490.2</ele></trkpt>
   <trkpt lat="45.964416" lon="11.332051"><ele>1489.6</ele></trkpt>
   <trkpt lat="45.964526" lon="11.332147"><ele>1489.0</ele></trkpt>
   <trkpt lat="45.964695" lon="11.332128"><ele>1488.0</ele></trkpt>
   <trkpt lat="45.964845" lon="11.332077"><ele>1487.0</ele></trkpt>
   <trkpt lat="45.964951" lon="11.332038"><ele>1485.6</ele></trkpt>
   <trkpt lat="45.965022" lon="11.332006"><ele>1483.6</ele></trkpt>
   <trkpt lat="45.965077" lon="11.331970"><ele>1482.2</ele></trkpt>
   <trkpt lat="45.965258" lon="11.331937"><ele>1482.0</ele></trkpt>
   <trkpt lat="45.965449" lon="11.332036"><ele>1481.2</ele></trkpt>
   <trkpt lat="45.965481" lon="11.332035"><ele>1481.0</ele></trkpt>
   <trkpt lat="45.965670" lon="11.332076"><ele>1480.2</ele></trkpt>
   <trkpt lat="45.965699" lon="11.332078"><ele>1480.0</ele></trkpt>
   <trkpt lat="45.965727" lon="11.332086"><ele>1479.8</ele></trkpt>
   <trkpt lat="45.965863" lon="11.332135"><ele>1478.4</ele></trkpt>
   <trkpt lat="45.965961" lon="11.332194"><ele>1477.0</ele></trkpt>
   <trkpt lat="45.966045" lon="11.332216"><ele>1476.0</ele></trkpt>
   <trkpt lat="45.966195" lon="11.332369"><ele>1477.2</ele></trkpt>
   <trkpt lat="45.966336" lon="11.332534"><ele>1477.0</ele></trkpt>
   <trkpt lat="45.966373" lon="11.332590"><ele>1475.6</ele></trkpt>
   <trkpt lat="45.966407" lon="11.332602"><ele>1474.2</ele></trkpt>
   <trkpt lat="45.966449" lon="11.332630"><ele>1473.0</ele></trkpt>
   <trkpt lat="45.966489" lon="11.332661"><ele>1471.6</ele></trkpt>
   <trkpt lat="45.966538" lon="11.332679"><ele>1470.2</ele></trkpt>
   <trkpt lat="45.966586" lon="11.332722"><ele>1469.0</ele></trkpt>
   <trkpt lat="45.966629" lon="11.332782"><ele>1467.8</ele></trkpt>
   <trkpt lat="45.966682" lon="11.332933"><ele>1466.8</ele></trkpt>
   <trkpt lat="45.966787" lon="11.333151"><ele>1467.0</ele></trkpt>
   <trkpt lat="45.966890" lon="11.333269"><ele>1465.6</ele></trkpt>
   <trkpt lat="45.966941" lon="11.333307"><ele>1464.4</ele></trkpt>
   <trkpt lat="45.966998" lon="11.333366"><ele>1463.2</ele></trkpt>
   <trkpt lat="45.967068" lon="11.333476"><ele>1461.8</ele></trkpt>
   <trkpt lat="45.967180" lon="11.333683"><ele>1461.6</ele></trkpt>
   <trkpt lat="45.967310" lon="11.333880"><ele>1461.6</ele></trkpt>
   <trkpt lat="45.967399" lon="11.334027"><ele>1461.0</ele></trkpt>
   <trkpt lat="45.967406" lon="11.334034"><ele>1460.8</ele></trkpt>
   <trkpt lat="45.967441" lon="11.334073"><ele>1460.4</ele></trkpt>
   <trkpt lat="45.967480" lon="11.334004"><ele>1460.4</ele></trkpt>
   <trkpt lat="45.967628" lon="11.333857"><ele>1461.6</ele></trkpt>
   <trkpt lat="45.967685" lon="11.333793"><ele>1462.0</ele></trkpt>
   <trkpt lat="45.967754" lon="11.333763"><ele>1463.0</ele></trkpt>
   <trkpt lat="45.967866" lon="11.333745"><ele>1464.2</ele></trkpt>
   <trkpt lat="45.967992" lon="11.333700"><ele>1465.2</ele></trkpt>
   <trkpt lat="45.968051" lon="11.333551"><ele>1466.4</ele></trkpt>
   <trkpt lat="45.968082" lon="11.333381"><ele>1467.6</ele></trkpt>
   <trkpt lat="45.968119" lon="11.333292"><ele>1467.8</ele></trkpt>
   <trkpt lat="45.968306" lon="11.333280"><ele>1467.4</ele></trkpt>
   <trkpt lat="45.968493" lon="11.333308"><ele>1467.0</ele></trkpt>
   <trkpt lat="45.968696" lon="11.333340"><ele>1467.0</ele></trkpt>
   <trkpt lat="45.968800" lon="11.333358"><ele>1468.6</ele></trkpt>
   <trkpt lat="45.968953" lon="11.333499"><ele>1468.6</ele></trkpt>
   <trkpt lat="45.969034" lon="11.333581"><ele>1470.0</ele></trkpt>
   <trkpt lat="45.969049" lon="11.333590"><ele>1470.4</ele></trkpt>
   <trkpt lat="45.969073" lon="11.333605"><ele>1471.2</ele></trkpt>
   <trkpt lat="45.969076" lon="11.333611"><ele>1471.4</ele></trkpt>
   <trkpt lat="45.969101" lon="11.333642"><ele>1472.2</ele></trkpt>
   <trkpt lat="45.969114" lon="11.333654"><ele>1472.8</ele></trkpt>
   <trkpt lat="45.969129" lon="11.333678"><ele>1473.2</ele></trkpt>
   <trkpt lat="45.969141" lon="11.333694"><ele>1473.8</ele></trkpt>
   <trkpt lat="45.969179" lon="11.333705"><ele>1474.4</ele></trkpt>
   <trkpt lat="45.969209" lon="11.333730"><ele>1474.8</ele></trkpt>
   <trkpt lat="45.969248" lon="11.333819"><ele>1475.4</ele></trkpt>
   <trkpt lat="45.969258" lon="11.333856"><ele>1476.0</ele></trkpt>
   <trkpt lat="45.969276" lon="11.333912"><ele>1476.6</ele></trkpt>
   <trkpt lat="45.969298" lon="11.333974"><ele>1477.6</ele></trkpt>
   <trkpt lat="45.969318" lon="11.334027"><ele>1478.4</ele></trkpt>
   <trkpt lat="45.969328" lon="11.334057"><ele>1478.8</ele></trkpt>
   <trkpt lat="45.969334" lon="11.334074"><ele>1479.2</ele></trkpt>
   <trkpt lat="45.969344" lon="11.334122"><ele>1479.8</ele></trkpt>
   <trkpt lat="45.969345" lon="11.334139"><ele>1480.0</ele></trkpt>
   <trkpt lat="45.969347" lon="11.334186"><ele>1480.6</ele></trkpt>
   <trkpt lat="45.969348" lon="11.334207"><ele>1481.0</ele></trkpt>
   <trkpt lat="45.969350" lon="11.334230"><ele>1481.4</ele></trkpt>
   <trkpt lat="45.969361" lon="11.334263"><ele>1481.8</ele></trkpt>
   <trkpt lat="45.969366" lon="11.334276"><ele>1482.0</ele></trkpt>
   <trkpt lat="45.969379" lon="11.334324"><ele>1483.0</ele></trkpt>
   <trkpt lat="45.969387" lon="11.334335"><ele>1483.2</ele></trkpt>
   <trkpt lat="45.969403" lon="11.334352"><ele>1483.8</ele></trkpt>
   <trkpt lat="45.969418" lon="11.334384"><ele>1484.4</ele></trkpt>
   <trkpt lat="45.969422" lon="11.334397"><ele>1484.8</ele></trkpt>
   <trkpt lat="45.969423" lon="11.334411"><ele>1485.2</ele></trkpt>
   <trkpt lat="45.969424" lon="11.334429"><ele>1485.6</ele></trkpt>
   <trkpt lat="45.969426" lon="11.334443"><ele>1485.8</ele></trkpt>
   <trkpt lat="45.969420" lon="11.334480"><ele>1486.4</ele></trkpt>
   <trkpt lat="45.969423" lon="11.334495"><ele>1486.6</ele></trkpt>
   <trkpt lat="45.969432" lon="11.334519"><ele>1487.2</ele></trkpt>
   <trkpt lat="45.969433" lon="11.334547"><ele>1487.6</ele></trkpt>
   <trkpt lat="45.969426" lon="11.334580"><ele>1488.2</ele></trkpt>
   <trkpt lat="45.969427" lon="11.334618"><ele>1488.8</ele></trkpt>
   <trkpt lat="45.969437" lon="11.334704"><ele>1490.0</ele></trkpt>
   <trkpt lat="45.969440" lon="11.334760"><ele>1491.2</ele></trkpt>
   <trkpt lat="45.969467" lon="11.334812"><ele>1492.6</ele></trkpt>
   <trkpt lat="45.969474" lon="11.334875"><ele>1493.8</ele></trkpt>
   <trkpt lat="45.969478" lon="11.334888"><ele>1494.0</ele></trkpt>
   <trkpt lat="45.969513" lon="11.334919"><ele>1494.8</ele></trkpt>
   <trkpt lat="45.969556" lon="11.334967"><ele>1496.0</ele></trkpt>
   <trkpt lat="45.969572" lon="11.334986"><ele>1496.8</ele></trkpt>
   <trkpt lat="45.969579" lon="11.334994"><ele>1497.2</ele></trkpt>
   <trkpt lat="45.969620" lon="11.335037"><ele>1498.0</ele></trkpt>
   <trkpt lat="45.969630" lon="11.335047"><ele>1498.4</ele></trkpt>
   <trkpt lat="45.969649" lon="11.335054"><ele>1498.6</ele></trkpt>
   <trkpt lat="45.969675" lon="11.335052"><ele>1499.0</ele></trkpt>
   <trkpt lat="45.969700" lon="11.335045"><ele>1499.6</ele></trkpt>
   <trkpt lat="45.969714" lon="11.335041"><ele>1500.0</ele></trkpt>
   <trkpt lat="45.969762" lon="11.335013"><ele>1500.8</ele></trkpt>
   <trkpt lat="45.969791" lon="11.334986"><ele>1502.0</ele></trkpt>
   <trkpt lat="45.969834" lon="11.334967"><ele>1503.2</ele></trkpt>
   <trkpt lat="45.969888" lon="11.334981"><ele>1504.4</ele></trkpt>
   <trkpt lat="45.969940" lon="11.334998"><ele>1505.0</ele></trkpt>
   <trkpt lat="45.969971" lon="11.335020"><ele>1505.4</ele></trkpt>
   <trkpt lat="45.969986" lon="11.335031"><ele>1505.6</ele></trkpt>
   <trkpt lat="45.970025" lon="11.335068"><ele>1506.0</ele></trkpt>
   <trkpt lat="45.970055" lon="11.335081"><ele>1506.4</ele></trkpt>
   <trkpt lat="45.970139" lon="11.335129"><ele>1507.6</ele></trkpt>
   <trkpt lat="45.970155" lon="11.335132"><ele>1507.8</ele></trkpt>
   <trkpt lat="45.970179" lon="11.335143"><ele>1508.4</ele></trkpt>
   <trkpt lat="45.970190" lon="11.335151"><ele>1508.6</ele></trkpt>
   <trkpt lat="45.970232" lon="11.335168"><ele>1509.6</ele></trkpt>
   <trkpt lat="45.970267" lon="11.335178"><ele>1510.8</ele></trkpt>
   <trkpt lat="45.970291" lon="11.335191"><ele>1511.6</ele></trkpt>
   <trkpt lat="45.970306" lon="11.335193"><ele>1512.0</ele></trkpt>
   <trkpt lat="45.970337" lon="11.335204"><ele>1512.8</ele></trkpt>
   <trkpt lat="45.970347" lon="11.335204"><ele>1513.2</ele></trkpt>
   <trkpt lat="45.970365" lon="11.335194"><ele>1514.0</ele></trkpt>
   <trkpt lat="45.970373" lon="11.335189"><ele>1514.2</ele></trkpt>
   <trkpt lat="45.970392" lon="11.335172"><ele>1515.0</ele></trkpt>
   <trkpt lat="45.970404" lon="11.335172"><ele>1515.2</ele></trkpt>
   <trkpt lat="45.970422" lon="11.335166"><ele>1516.0</ele></trkpt>
   <trkpt lat="45.970427" lon="11.335163"><ele>1516.2</ele></trkpt>
   <trkpt lat="45.970432" lon="11.335140"><ele>1517.0</ele></trkpt>
   <trkpt lat="45.970451" lon="11.335124"><ele>1517.6</ele></trkpt>
   <trkpt lat="45.970471" lon="11.335071"><ele>1518.8</ele></trkpt>
   <trkpt lat="45.970495" lon="11.335041"><ele>1519.6</ele></trkpt>
   <trkpt lat="45.970503" lon="11.335025"><ele>1519.8</ele></trkpt>
   <trkpt lat="45.970541" lon="11.334987"><ele>1520.6</ele></trkpt>
   <trkpt lat="45.970549" lon="11.334973"><ele>1521.0</ele></trkpt>
   <trkpt lat="45.970569" lon="11.334913"><ele>1522.0</ele></trkpt>
   <trkpt lat="45.970571" lon="11.334886"><ele>1522.6</ele></trkpt>
   <trkpt lat="45.970572" lon="11.334886"><ele>1523.0</ele></trkpt>
   <trkpt lat="45.970574" lon="11.334885"><ele>1523.2</ele></trkpt>
   <trkpt lat="45.970610" lon="11.334921"><ele>1523.8</ele></trkpt>
   <trkpt lat="45.970629" lon="11.334931"><ele>1524.6</ele></trkpt>
   <trkpt lat="45.970675" lon="11.334895"><ele>1525.6</ele></trkpt>
   <trkpt lat="45.970683" lon="11.334887"><ele>1526.0</ele></trkpt>
   <trkpt lat="45.970700" lon="11.334860"><ele>1526.8</ele></trkpt>
   <trkpt lat="45.970703" lon="11.334848"><ele>1527.2</ele></trkpt>
   <trkpt lat="45.970742" lon="11.334829"><ele>1528.0</ele></trkpt>
   <trkpt lat="45.970751" lon="11.334837"><ele>1528.0</ele></trkpt>
   <trkpt lat="45.970789" lon="11.334873"><ele>1528.8</ele></trkpt>
   <trkpt lat="45.970796" lon="11.334879"><ele>1529.0</ele></trkpt>
   <trkpt lat="45.970835" lon="11.334919"><ele>1530.0</ele></trkpt>
   <trkpt lat="45.970889" lon="11.334947"><ele>1531.4</ele></trkpt>
   <trkpt lat="45.970931" lon="11.334951"><ele>1532.6</ele></trkpt>
   <trkpt lat="45.970961" lon="11.334971"><ele>1533.4</ele></trkpt>
   <trkpt lat="45.970966" lon="11.334984"><ele>1533.8</ele></trkpt>
   <trkpt lat="45.970975" lon="11.334998"><ele>1534.4</ele></trkpt>
   <trkpt lat="45.970978" lon="11.335009"><ele>1535.0</ele></trkpt>
   <trkpt lat="45.970990" lon="11.335052"><ele>1536.0</ele></trkpt>
   <trkpt lat="45.970992" lon="11.335065"><ele>1536.4</ele></trkpt>
   <trkpt lat="45.970994" lon="11.335082"><ele>1536.6</ele></trkpt>
   <trkpt lat="45.970996" lon="11.335118"><ele>1537.4</ele></trkpt>
   <trkpt lat="45.970997" lon="11.335129"><ele>1537.8</ele></trkpt>
   <trkpt lat="45.971000" lon="11.335159"><ele>1538.2</ele></trkpt>
   <trkpt lat="45.971006" lon="11.335187"><ele>1538.6</ele></trkpt>
   <trkpt lat="45.971016" lon="11.335199"><ele>1539.4</ele></trkpt>
   <trkpt lat="45.971026" lon="11.335202"><ele>1539.6</ele></trkpt>
   <trkpt lat="45.971034" lon="11.335209"><ele>1539.8</ele></trkpt>
   <trkpt lat="45.971054" lon="11.335221"><ele>1540.8</ele></trkpt>
   <trkpt lat="45.971076" lon="11.335249"><ele>1542.2</ele></trkpt>
   <trkpt lat="45.971089" lon="11.335260"><ele>1543.0</ele></trkpt>
   <trkpt lat="45.971094" lon="11.335262"><ele>1543.2</ele></trkpt>
   <trkpt lat="45.971108" lon="11.335307"><ele>1544.4</ele></trkpt>
   <trkpt lat="45.971107" lon="11.335340"><ele>1545.6</ele></trkpt>
   <trkpt lat="45.971111" lon="11.335370"><ele>1546.8</ele></trkpt>
   <trkpt lat="45.971134" lon="11.335402"><ele>1547.8</ele></trkpt>
   <trkpt lat="45.971147" lon="11.335421"><ele>1549.0</ele></trkpt>
   <trkpt lat="45.971160" lon="11.335457"><ele>1550.2</ele></trkpt>
   <trkpt lat="45.971185" lon="11.335505"><ele>1551.4</ele></trkpt>
   <trkpt lat="45.971192" lon="11.335505"><ele>1552.0</ele></trkpt>
   <trkpt lat="45.971203" lon="11.335510"><ele>1552.6</ele></trkpt>
   <trkpt lat="45.971213" lon="11.335531"><ele>1553.0</ele></trkpt>
   <trkpt lat="45.971218" lon="11.335562"><ele>1554.0</ele></trkpt>
   <trkpt lat="45.971220" lon="11.335571"><ele>1554.4</ele></trkpt>
   <trkpt lat="45.971225" lon="11.335601"><ele>1555.2</ele></trkpt>
   <trkpt lat="45.971239" lon="11.335648"><ele>1556.2</ele></trkpt>
   <trkpt lat="45.971240" lon="11.335655"><ele>1556.6</ele></trkpt>
   <trkpt lat="45.971245" lon="11.335692"><ele>1557.6</ele></trkpt>
   <trkpt lat="45.971251" lon="11.335714"><ele>1558.2</ele></trkpt>
   <trkpt lat="45.971255" lon="11.335739"><ele>1558.6</ele></trkpt>
   <trkpt lat="45.971256" lon="11.335751"><ele>1558.8</ele></trkpt>
   <trkpt lat="45.971256" lon="11.335786"><ele>1559.6</ele></trkpt>
   <trkpt lat="45.971258" lon="11.335798"><ele>1559.8</ele></trkpt>
   <trkpt lat="45.971266" lon="11.335812"><ele>1560.2</ele></trkpt>
   <trkpt lat="45.971274" lon="11.335844"><ele>1560.8</ele></trkpt>
   <trkpt lat="45.971278" lon="11.335854"><ele>1561.0</ele></trkpt>
   <trkpt lat="45.971284" lon="11.335863"><ele>1561.0</ele></trkpt>
   <trkpt lat="45.971299" lon="11.335883"><ele>1562.2</ele></trkpt>
   <trkpt lat="45.971334" lon="11.335918"><ele>1562.8</ele></trkpt>
   <trkpt lat="45.971341" lon="11.335927"><ele>1563.2</ele></trkpt>
   <trkpt lat="45.971371" lon="11.335954"><ele>1564.0</ele></trkpt>
   <trkpt lat="45.971378" lon="11.335952"><ele>1564.2</ele></trkpt>
   <trkpt lat="45.971394" lon="11.335928"><ele>1565.2</ele></trkpt>
   <trkpt lat="45.971418" lon="11.335898"><ele>1566.4</ele></trkpt>
   <trkpt lat="45.971446" lon="11.335858"><ele>1567.2</ele></trkpt>
   <trkpt lat="45.971460" lon="11.335834"><ele>1567.6</ele></trkpt>
   <trkpt lat="45.971482" lon="11.335809"><ele>1568.2</ele></trkpt>
   <trkpt lat="45.971510" lon="11.335778"><ele>1568.8</ele></trkpt>
   <trkpt lat="45.971515" lon="11.335770"><ele>1569.2</ele></trkpt>
   <trkpt lat="45.971555" lon="11.335728"><ele>1570.0</ele></trkpt>
   <trkpt lat="45.971555" lon="11.335714"><ele>1570.2</ele></trkpt>
   <trkpt lat="45.971591" lon="11.335727"><ele>1571.2</ele></trkpt>
   <trkpt lat="45.971596" lon="11.335734"><ele>1571.8</ele></trkpt>
   <trkpt lat="45.971609" lon="11.335753"><ele>1572.6</ele></trkpt>
   <trkpt lat="45.971624" lon="11.335778"><ele>1573.0</ele></trkpt>
   <trkpt lat="45.971656" lon="11.335804"><ele>1573.4</ele></trkpt>
   <trkpt lat="45.971668" lon="11.335811"><ele>1573.6</ele></trkpt>
   <trkpt lat="45.971707" lon="11.335900"><ele>1574.6</ele></trkpt>
   <trkpt lat="45.971709" lon="11.335938"><ele>1575.6</ele></trkpt>
   <trkpt lat="45.971710" lon="11.335946"><ele>1575.8</ele></trkpt>
   <trkpt lat="45.971720" lon="11.335973"><ele>1576.4</ele></trkpt>
   <trkpt lat="45.971733" lon="11.336004"><ele>1577.2</ele></trkpt>
   <trkpt lat="45.971754" lon="11.336029"><ele>1578.0</ele></trkpt>
   <trkpt lat="45.971760" lon="11.336043"><ele>1578.4</ele></trkpt>
   <trkpt lat="45.971769" lon="11.336060"><ele>1578.8</ele></trkpt>
   <trkpt lat="45.971784" lon="11.336083"><ele>1579.2</ele></trkpt>
   <trkpt lat="45.971785" lon="11.336108"><ele>1579.4</ele></trkpt>
   <trkpt lat="45.971790" lon="11.336140"><ele>1579.6</ele></trkpt>
   <trkpt lat="45.971786" lon="11.336202"><ele>1580.0</ele></trkpt>
   <trkpt lat="45.971794" lon="11.336251"><ele>1580.6</ele></trkpt>
   <trkpt lat="45.971803" lon="11.336260"><ele>1580.8</ele></trkpt>
   <trkpt lat="45.971810" lon="11.336300"><ele>1581.6</ele></trkpt>
   <trkpt lat="45.971811" lon="11.336297"><ele>1582.4</ele></trkpt>
   <trkpt lat="45.971818" lon="11.336282"><ele>1582.6</ele></trkpt>
   <trkpt lat="45.971839" lon="11.336245"><ele>1583.4</ele></trkpt>
   <trkpt lat="45.971846" lon="11.336225"><ele>1583.8</ele></trkpt>
   <trkpt lat="45.971851" lon="11.336199"><ele>1584.2</ele></trkpt>
   <trkpt lat="45.971866" lon="11.336203"><ele>1584.6</ele></trkpt>
   <trkpt lat="45.971868" lon="11.336214"><ele>1585.0</ele></trkpt>
   <trkpt lat="45.971871" lon="11.336232"><ele>1586.0</ele></trkpt>
   <trkpt lat="45.971869" lon="11.336289"><ele>1586.8</ele></trkpt>
   <trkpt lat="45.971871" lon="11.336291"><ele>1587.0</ele></trkpt>
   <trkpt lat="45.971887" lon="11.336295"><ele>1587.6</ele></trkpt>
   <trkpt lat="45.971895" lon="11.336278"><ele>1588.2</ele></trkpt>
   <trkpt lat="45.971918" lon="11.336255"><ele>1589.0</ele></trkpt>
   <trkpt lat="45.971928" lon="11.336250"><ele>1589.4</ele></trkpt>
   <trkpt lat="45.971940" lon="11.336240"><ele>1589.6</ele></trkpt>
   <trkpt lat="45.971955" lon="11.336216"><ele>1590.0</ele></trkpt>
   <trkpt lat="45.971967" lon="11.336207"><ele>1590.4</ele></trkpt>
   <trkpt lat="45.971992" lon="11.336177"><ele>1591.2</ele></trkpt>
   <trkpt lat="45.971993" lon="11.336146"><ele>1591.6</ele></trkpt>
   <trkpt lat="45.971999" lon="11.336096"><ele>1593.0</ele></trkpt>
   <trkpt lat="45.972002" lon="11.336101"><ele>1593.4</ele></trkpt>
   <trkpt lat="45.972016" lon="11.336140"><ele>1594.2</ele></trkpt>
   <trkpt lat="45.972021" lon="11.336176"><ele>1595.6</ele></trkpt>
   <trkpt lat="45.972048" lon="11.336218"><ele>1596.8</ele></trkpt>
   <trkpt lat="45.972049" lon="11.336228"><ele>1597.2</ele></trkpt>
   <trkpt lat="45.972065" lon="11.336246"><ele>1597.8</ele></trkpt>
   <trkpt lat="45.972076" lon="11.336265"><ele>1599.0</ele></trkpt>
   <trkpt lat="45.972091" lon="11.336274"><ele>1600.0</ele></trkpt>
   <trkpt lat="45.972115" lon="11.336277"><ele>1601.2</ele></trkpt>
   <trkpt lat="45.972132" lon="11.336294"><ele>1602.4</ele></trkpt>
   <trkpt lat="45.972177" lon="11.336335"><ele>1603.8</ele></trkpt>
   <trkpt lat="45.972191" lon="11.336373"><ele>1604.4</ele></trkpt>
   <trkpt lat="45.972197" lon="11.336387"><ele>1604.8</ele></trkpt>
   <trkpt lat="45.972221" lon="11.336411"><ele>1605.4</ele></trkpt>
   <trkpt lat="45.972252" lon="11.336461"><ele>1606.0</ele></trkpt>
   <trkpt lat="45.972286" lon="11.336522"><ele>1607.4</ele></trkpt>
   <trkpt lat="45.972293" lon="11.336536"><ele>1607.6</ele></trkpt>
   <trkpt lat="45.972310" lon="11.336556"><ele>1608.0</ele></trkpt>
   <trkpt lat="45.972308" lon="11.336582"><ele>1608.6</ele></trkpt>
   <trkpt lat="45.972307" lon="11.336594"><ele>1608.8</ele></trkpt>
   <trkpt lat="45.972312" lon="11.336612"><ele>1609.4</ele></trkpt>
   <trkpt lat="45.972311" lon="11.336619"><ele>1609.8</ele></trkpt>
   <trkpt lat="45.972330" lon="11.336665"><ele>1610.8</ele></trkpt>
   <trkpt lat="45.972330" lon="11.336672"><ele>1611.0</ele></trkpt>
   <trkpt lat="45.972330" lon="11.336681"><ele>1611.4</ele></trkpt>
   <trkpt lat="45.972339" lon="11.336725"><ele>1612.2</ele></trkpt>
   <trkpt lat="45.972354" lon="11.336740"><ele>1612.8</ele></trkpt>
   <trkpt lat="45.972364" lon="11.336756"><ele>1613.4</ele></trkpt>
   <trkpt lat="45.972375" lon="11.336761"><ele>1614.4</ele></trkpt>
   <trkpt lat="45.972402" lon="11.336702"><ele>1615.6</ele></trkpt>
   <trkpt lat="45.972405" lon="11.336683"><ele>1615.8</ele></trkpt>
   <trkpt lat="45.972418" lon="11.336661"><ele>1616.8</ele></trkpt>
   <trkpt lat="45.972419" lon="11.336627"><ele>1617.8</ele></trkpt>
   <trkpt lat="45.972427" lon="11.336587"><ele>1619.2</ele></trkpt>
   <trkpt lat="45.972444" lon="11.336615"><ele>1620.4</ele></trkpt>
   <trkpt lat="45.972452" lon="11.336630"><ele>1620.6</ele></trkpt>
   <trkpt lat="45.972459" lon="11.336652"><ele>1621.4</ele></trkpt>
   <trkpt lat="45.972497" lon="11.336719"><ele>1622.4</ele></trkpt>
   <trkpt lat="45.972505" lon="11.336733"><ele>1622.6</ele></trkpt>
   <trkpt lat="45.972527" lon="11.336786"><ele>1623.4</ele></trkpt>
   <trkpt lat="45.972536" lon="11.336796"><ele>1623.6</ele></trkpt>
   <trkpt lat="45.972545" lon="11.336789"><ele>1624.6</ele></trkpt>
   <trkpt lat="45.972549" lon="11.336781"><ele>1625.0</ele></trkpt>
   <trkpt lat="45.972550" lon="11.336766"><ele>1625.2</ele></trkpt>
   <trkpt lat="45.972555" lon="11.336739"><ele>1625.6</ele></trkpt>
   <trkpt lat="45.972551" lon="11.336713"><ele>1626.0</ele></trkpt>
   <trkpt lat="45.972566" lon="11.336670"><ele>1627.0</ele></trkpt>
   <trkpt lat="45.972571" lon="11.336667"><ele>1627.0</ele></trkpt>
   <trkpt lat="45.972572" lon="11.336669"><ele>1627.4</ele></trkpt>
   <trkpt lat="45.972573" lon="11.336687"><ele>1627.8</ele></trkpt>
   <trkpt lat="45.972575" lon="11.336697"><ele>1628.2</ele></trkpt>
   <trkpt lat="45.972576" lon="11.336720"><ele>1628.8</ele></trkpt>
   <trkpt lat="45.972571" lon="11.336740"><ele>1629.2</ele></trkpt>
   <trkpt lat="45.972584" lon="11.336802"><ele>1630.4</ele></trkpt>
   <trkpt lat="45.972586" lon="11.336815"><ele>1630.6</ele></trkpt>
   <trkpt lat="45.972601" lon="11.336861"><ele>1631.2</ele></trkpt>
   <trkpt lat="45.972613" lon="11.336863"><ele>1631.4</ele></trkpt>
   <trkpt lat="45.972636" lon="11.336852"><ele>1632.2</ele></trkpt>
   <trkpt lat="45.972644" lon="11.336844"><ele>1632.6</ele></trkpt>
   <trkpt lat="45.972659" lon="11.336803"><ele>1633.8</ele></trkpt>
   <trkpt lat="45.972673" lon="11.336754"><ele>1634.6</ele></trkpt>
   <trkpt lat="45.972677" lon="11.336755"><ele>1634.8</ele></trkpt>
   <trkpt lat="45.972687" lon="11.336770"><ele>1635.4</ele></trkpt>
   <trkpt lat="45.972699" lon="11.336803"><ele>1636.2</ele></trkpt>
   <trkpt lat="45.972711" lon="11.336838"><ele>1636.6</ele></trkpt>
   <trkpt lat="45.972742" lon="11.336883"><ele>1637.4</ele></trkpt>
   <trkpt lat="45.972757" lon="11.336908"><ele>1638.0</ele></trkpt>
   <trkpt lat="45.972758" lon="11.336926"><ele>1638.4</ele></trkpt>
   <trkpt lat="45.972765" lon="11.336942"><ele>1639.0</ele></trkpt>
   <trkpt lat="45.972776" lon="11.336981"><ele>1639.8</ele></trkpt>
   <trkpt lat="45.972785" lon="11.336998"><ele>1640.2</ele></trkpt>
   <trkpt lat="45.972795" lon="11.336970"><ele>1641.0</ele></trkpt>
   <trkpt lat="45.972797" lon="11.336933"><ele>1642.2</ele></trkpt>
   <trkpt lat="45.972799" lon="11.336910"><ele>1642.6</ele></trkpt>
   <trkpt lat="45.972798" lon="11.336865"><ele>1643.6</ele></trkpt>
   <trkpt lat="45.972802" lon="11.336837"><ele>1644.0</ele></trkpt>
   <trkpt lat="45.972826" lon="11.336785"><ele>1644.8</ele></trkpt>
   <trkpt lat="45.972835" lon="11.336789"><ele>1645.2</ele></trkpt>
   <trkpt lat="45.972853" lon="11.336832"><ele>1645.8</ele></trkpt>
   <trkpt lat="45.972866" lon="11.336845"><ele>1646.0</ele></trkpt>
   <trkpt lat="45.972887" lon="11.336877"><ele>1646.4</ele></trkpt>
   <trkpt lat="45.972897" lon="11.336910"><ele>1647.0</ele></trkpt>
   <trkpt lat="45.972922" lon="11.336976"><ele>1648.0</ele></trkpt>
   <trkpt lat="45.972939" lon="11.337034"><ele>1648.4</ele></trkpt>
   <trkpt lat="45.972963" lon="11.337107"><ele>1649.2</ele></trkpt>
   <trkpt lat="45.972972" lon="11.337145"><ele>1649.8</ele></trkpt>
   <trkpt lat="45.972968" lon="11.337161"><ele>1650.2</ele></trkpt>
   <trkpt lat="45.972958" lon="11.337194"><ele>1650.4</ele></trkpt>
   <trkpt lat="45.972963" lon="11.337187"><ele>1651.2</ele></trkpt>
   <trkpt lat="45.972976" lon="11.337140"><ele>1652.4</ele></trkpt>
   <trkpt lat="45.972975" lon="11.337087"><ele>1653.6</ele></trkpt>
   <trkpt lat="45.972985" lon="11.337047"><ele>1654.6</ele></trkpt>
   <trkpt lat="45.972992" lon="11.337035"><ele>1655.0</ele></trkpt>
   <trkpt lat="45.973004" lon="11.337020"><ele>1655.2</ele></trkpt>
   <trkpt lat="45.973025" lon="11.336994"><ele>1656.0</ele></trkpt>
   <trkpt lat="45.973044" lon="11.337003"><ele>1656.8</ele></trkpt>
   <trkpt lat="45.973048" lon="11.337014"><ele>1657.4</ele></trkpt>
   <trkpt lat="45.973082" lon="11.337061"><ele>1658.6</ele></trkpt>
   <trkpt lat="45.973120" lon="11.337113"><ele>1659.6</ele></trkpt>
   <trkpt lat="45.973123" lon="11.337127"><ele>1659.8</ele></trkpt>
   <trkpt lat="45.973126" lon="11.337147"><ele>1660.2</ele></trkpt>
   <trkpt lat="45.973135" lon="11.337170"><ele>1660.6</ele></trkpt>
   <trkpt lat="45.973158" lon="11.337209"><ele>1661.6</ele></trkpt>
   <trkpt lat="45.973165" lon="11.337229"><ele>1661.8</ele></trkpt>
   <trkpt lat="45.973181" lon="11.337256"><ele>1662.2</ele></trkpt>
   <trkpt lat="45.973190" lon="11.337284"><ele>1662.8</ele></trkpt>
   <trkpt lat="45.973200" lon="11.337303"><ele>1663.6</ele></trkpt>
   <trkpt lat="45.973205" lon="11.337328"><ele>1664.0</ele></trkpt>
   <trkpt lat="45.973209" lon="11.337349"><ele>1664.6</ele></trkpt>
   <trkpt lat="45.973217" lon="11.337368"><ele>1664.8</ele></trkpt>
   <trkpt lat="45.973230" lon="11.337377"><ele>1665.2</ele></trkpt>
   <trkpt lat="45.973241" lon="11.337398"><ele>1665.8</ele></trkpt>
   <trkpt lat="45.973249" lon="11.337425"><ele>1666.2</ele></trkpt>
   <trkpt lat="45.973265" lon="11.337445"><ele>1666.6</ele></trkpt>
   <trkpt lat="45.973276" lon="11.337458"><ele>1666.8</ele></trkpt>
   <trkpt lat="45.973285" lon="11.337483"><ele>1667.4</ele></trkpt>
   <trkpt lat="45.973284" lon="11.337494"><ele>1667.8</ele></trkpt>
   <trkpt lat="45.973290" lon="11.337542"><ele>1668.6</ele></trkpt>
   <trkpt lat="45.973294" lon="11.337543"><ele>1668.8</ele></trkpt>
   <trkpt lat="45.973298" lon="11.337584"><ele>1669.6</ele></trkpt>
   <trkpt lat="45.973314" lon="11.337550"><ele>1670.8</ele></trkpt>
   <trkpt lat="45.973324" lon="11.337542"><ele>1671.0</ele></trkpt>
   <trkpt lat="45.973342" lon="11.337492"><ele>1671.6</ele></trkpt>
   <trkpt lat="45.973346" lon="11.337482"><ele>1672.0</ele></trkpt>
   <trkpt lat="45.973346" lon="11.337445"><ele>1672.6</ele></trkpt>
   <trkpt lat="45.973345" lon="11.337411"><ele>1673.2</ele></trkpt>
   <trkpt lat="45.973340" lon="11.337366"><ele>1673.8</ele></trkpt>
   <trkpt lat="45.973341" lon="11.337326"><ele>1674.0</ele></trkpt>
   <trkpt lat="45.973356" lon="11.337305"><ele>1674.4</ele></trkpt>
   <trkpt lat="45.973390" lon="11.337352"><ele>1675.6</ele></trkpt>
   <trkpt lat="45.973419" lon="11.337436"><ele>1676.6</ele></trkpt>
   <trkpt lat="45.973444" lon="11.337513"><ele>1677.8</ele></trkpt>
   <trkpt lat="45.973452" lon="11.337521"><ele>1678.2</ele></trkpt>
   <trkpt lat="45.973454" lon="11.337532"><ele>1678.8</ele></trkpt>
   <trkpt lat="45.973453" lon="11.337529"><ele>1679.0</ele></trkpt>
   <trkpt lat="45.973456" lon="11.337489"><ele>1680.0</ele></trkpt>
   <trkpt lat="45.973464" lon="11.337440"><ele>1680.8</ele></trkpt>
   <trkpt lat="45.973467" lon="11.337426"><ele>1681.0</ele></trkpt>
   <trkpt lat="45.973462" lon="11.337384"><ele>1681.4</ele></trkpt>
   <trkpt lat="45.973468" lon="11.337369"><ele>1681.6</ele></trkpt>
   <trkpt lat="45.973491" lon="11.337388"><ele>1682.0</ele></trkpt>
   <trkpt lat="45.973496" lon="11.337402"><ele>1682.2</ele></trkpt>
   <trkpt lat="45.973501" lon="11.337412"><ele>1682.4</ele></trkpt>
   <trkpt lat="45.973520" lon="11.337445"><ele>1683.4</ele></trkpt>
   <trkpt lat="45.973529" lon="11.337456"><ele>1683.6</ele></trkpt>
   <trkpt lat="45.973536" lon="11.337482"><ele>1684.2</ele></trkpt>
   <trkpt lat="45.973543" lon="11.337495"><ele>1684.4</ele></trkpt>
   <trkpt lat="45.973549" lon="11.337510"><ele>1684.6</ele></trkpt>
   <trkpt lat="45.973568" lon="11.337551"><ele>1685.6</ele></trkpt>
   <trkpt lat="45.973574" lon="11.337581"><ele>1686.2</ele></trkpt>
   <trkpt lat="45.973573" lon="11.337622"><ele>1686.8</ele></trkpt>
   <trkpt lat="45.973575" lon="11.337647"><ele>1687.0</ele></trkpt>
   <trkpt lat="45.973570" lon="11.337664"><ele>1687.8</ele></trkpt>
   <trkpt lat="45.973575" lon="11.337677"><ele>1688.0</ele></trkpt>
   <trkpt lat="45.973597" lon="11.337715"><ele>1688.8</ele></trkpt>
   <trkpt lat="45.973605" lon="11.337731"><ele>1689.0</ele></trkpt>
   <trkpt lat="45.973622" lon="11.337751"><ele>1689.6</ele></trkpt>
   <trkpt lat="45.973630" lon="11.337761"><ele>1689.8</ele></trkpt>
   <trkpt lat="45.973645" lon="11.337785"><ele>1690.2</ele></trkpt>
   <trkpt lat="45.973665" lon="11.337814"><ele>1691.2</ele></trkpt>
   <trkpt lat="45.973660" lon="11.337847"><ele>1692.2</ele></trkpt>
   <trkpt lat="45.973674" lon="11.337802"><ele>1693.4</ele></trkpt>
   <trkpt lat="45.973682" lon="11.337791"><ele>1693.6</ele></trkpt>
   <trkpt lat="45.973710" lon="11.337756"><ele>1694.6</ele></trkpt>
   <trkpt lat="45.973736" lon="11.337706"><ele>1695.6</ele></trkpt>
   <trkpt lat="45.973750" lon="11.337680"><ele>1696.4</ele></trkpt>
   <trkpt lat="45.973756" lon="11.337675"><ele>1696.8</ele></trkpt>
   <trkpt lat="45.973771" lon="11.337683"><ele>1697.4</ele></trkpt>
   <trkpt lat="45.973782" lon="11.337701"><ele>1697.8</ele></trkpt>
   <trkpt lat="45.973787" lon="11.337710"><ele>1698.2</ele></trkpt>
   <trkpt lat="45.973803" lon="11.337738"><ele>1699.0</ele></trkpt>
   <trkpt lat="45.973807" lon="11.337789"><ele>1700.0</ele></trkpt>
   <trkpt lat="45.973804" lon="11.337806"><ele>1700.2</ele></trkpt>
   <trkpt lat="45.973812" lon="11.337840"><ele>1700.6</ele></trkpt>
   <trkpt lat="45.973821" lon="11.337882"><ele>1701.2</ele></trkpt>
   <trkpt lat="45.973840" lon="11.337938"><ele>1702.6</ele></trkpt>
   <trkpt lat="45.973860" lon="11.338003"><ele>1703.8</ele></trkpt>
   <trkpt lat="45.973863" lon="11.338040"><ele>1704.6</ele></trkpt>
   <trkpt lat="45.973858" lon="11.338045"><ele>1704.8</ele></trkpt>
   <trkpt lat="45.973823" lon="11.338014"><ele>1706.0</ele></trkpt>
   <trkpt lat="45.973830" lon="11.337979"><ele>1706.6</ele></trkpt>
   <trkpt lat="45.973824" lon="11.337961"><ele>1707.2</ele></trkpt>
   <trkpt lat="45.973844" lon="11.337933"><ele>1708.0</ele></trkpt>
   <trkpt lat="45.973866" lon="11.337916"><ele>1708.4</ele></trkpt>
   <trkpt lat="45.973883" lon="11.337900"><ele>1708.8</ele></trkpt>
   <trkpt lat="45.973886" lon="11.337832"><ele>1709.6</ele></trkpt>
   <trkpt lat="45.973882" lon="11.337811"><ele>1709.6</ele></trkpt>
   <trkpt lat="45.973868" lon="11.337709"><ele>1710.4</ele></trkpt>
   <trkpt lat="45.973853" lon="11.337503"><ele>1710.4</ele></trkpt>
   <trkpt lat="45.973854" lon="11.337397"><ele>1709.8</ele></trkpt>
   <trkpt lat="45.973849" lon="11.337353"><ele>1710.0</ele></trkpt>
   <trkpt lat="45.973847" lon="11.337272"><ele>1710.6</ele></trkpt>
   <trkpt lat="45.973840" lon="11.337193"><ele>1711.4</ele></trkpt>
   <trkpt lat="45.973846" lon="11.337179"><ele>1711.8</ele></trkpt>
   <trkpt lat="45.973847" lon="11.337163"><ele>1712.0</ele></trkpt>
   <trkpt lat="45.973870" lon="11.337141"><ele>1712.8</ele></trkpt>
   <trkpt lat="45.973875" lon="11.337132"><ele>1713.0</ele></trkpt>
   <trkpt lat="45.973885" lon="11.337107"><ele>1714.0</ele></trkpt>
   <trkpt lat="45.973890" lon="11.337040"><ele>1715.2</ele></trkpt>
   <trkpt lat="45.973900" lon="11.336994"><ele>1715.8</ele></trkpt>
   <trkpt lat="45.973905" lon="11.336925"><ele>1716.4</ele></trkpt>
   <trkpt lat="45.973903" lon="11.336870"><ele>1717.4</ele></trkpt>
   <trkpt lat="45.973904" lon="11.336857"><ele>1717.6</ele></trkpt>
   <trkpt lat="45.973907" lon="11.336842"><ele>1717.8</ele></trkpt>
   <trkpt lat="45.973941" lon="11.336867"><ele>1718.8</ele></trkpt>
   <trkpt lat="45.973955" lon="11.336914"><ele>1719.8</ele></trkpt>
   <trkpt lat="45.973964" lon="11.336930"><ele>1720.0</ele></trkpt>
   <trkpt lat="45.973977" lon="11.336942"><ele>1720.4</ele></trkpt>
   <trkpt lat="45.973972" lon="11.336922"><ele>1721.2</ele></trkpt>
   <trkpt lat="45.973964" lon="11.336882"><ele>1721.8</ele></trkpt>
   <trkpt lat="45.973971" lon="11.336850"><ele>1722.2</ele></trkpt>
   <trkpt lat="45.973988" lon="11.336806"><ele>1723.0</ele></trkpt>
   <trkpt lat="45.973997" lon="11.336779"><ele>1723.2</ele></trkpt>
   <trkpt lat="45.974012" lon="11.336759"><ele>1723.6</ele></trkpt>
   <trkpt lat="45.974023" lon="11.336741"><ele>1724.4</ele></trkpt>
   <trkpt lat="45.974042" lon="11.336697"><ele>1725.6</ele></trkpt>
   <trkpt lat="45.974045" lon="11.336672"><ele>1726.0</ele></trkpt>
   <trkpt lat="45.974035" lon="11.336634"><ele>1726.4</ele></trkpt>
   <trkpt lat="45.974037" lon="11.336625"><ele>1726.8</ele></trkpt>
   <trkpt lat="45.974057" lon="11.336603"><ele>1727.6</ele></trkpt>
   <trkpt lat="45.974060" lon="11.336609"><ele>1728.0</ele></trkpt>
   <trkpt lat="45.974065" lon="11.336613"><ele>1728.6</ele></trkpt>
   <trkpt lat="45.974080" lon="11.336619"><ele>1729.2</ele></trkpt>
   <trkpt lat="45.974102" lon="11.336622"><ele>1730.4</ele></trkpt>
   <trkpt lat="45.974121" lon="11.336623"><ele>1731.4</ele></trkpt>
   <trkpt lat="45.974146" lon="11.336625"><ele>1732.6</ele></trkpt>
   <trkpt lat="45.974161" lon="11.336653"><ele>1733.8</ele></trkpt>
   <trkpt lat="45.974174" lon="11.336662"><ele>1734.8</ele></trkpt>
   <trkpt lat="45.974192" lon="11.336650"><ele>1735.8</ele></trkpt>
   <trkpt lat="45.974219" lon="11.336677"><ele>1736.6</ele></trkpt>
   <trkpt lat="45.974222" lon="11.336677"><ele>1737.0</ele></trkpt>
   <trkpt lat="45.974229" lon="11.336675"><ele>1737.4</ele></trkpt>
   <trkpt lat="45.974262" lon="11.336690"><ele>1738.2</ele></trkpt>
   <trkpt lat="45.974287" lon="11.336692"><ele>1739.2</ele></trkpt>
   <trkpt lat="45.974291" lon="11.336723"><ele>1740.4</ele></trkpt>
   <trkpt lat="45.974306" lon="11.336752"><ele>1741.4</ele></trkpt>
   <trkpt lat="45.974311" lon="11.336757"><ele>1741.6</ele></trkpt>
   <trkpt lat="45.974336" lon="11.336796"><ele>1742.4</ele></trkpt>
   <trkpt lat="45.974341" lon="11.336799"><ele>1742.6</ele></trkpt>
   <trkpt lat="45.974359" lon="11.336802"><ele>1744.0</ele></trkpt>
   <trkpt lat="45.974381" lon="11.336811"><ele>1745.0</ele></trkpt>
   <trkpt lat="45.974403" lon="11.336840"><ele>1746.2</ele></trkpt>
   <trkpt lat="45.974420" lon="11.336875"><ele>1747.4</ele></trkpt>
   <trkpt lat="45.974413" lon="11.336896"><ele>1748.2</ele></trkpt>
   <trkpt lat="45.974412" lon="11.336925"><ele>1748.6</ele></trkpt>
   <trkpt lat="45.974422" lon="11.336957"><ele>1749.8</ele></trkpt>
   <trkpt lat="45.974445" lon="11.336972"><ele>1750.8</ele></trkpt>
   <trkpt lat="45.974469" lon="11.336991"><ele>1752.0</ele></trkpt>
   <trkpt lat="45.974485" lon="11.337023"><ele>1753.4</ele></trkpt>
   <trkpt lat="45.974502" lon="11.337033"><ele>1754.2</ele></trkpt>
   <trkpt lat="45.974503" lon="11.337037"><ele>1754.4</ele></trkpt>
   <trkpt lat="45.974518" lon="11.337103"><ele>1755.6</ele></trkpt>
   <trkpt lat="45.974522" lon="11.337115"><ele>1756.0</ele></trkpt>
   <trkpt lat="45.974537" lon="11.337136"><ele>1756.6</ele></trkpt>
   <trkpt lat="45.974544" lon="11.337182"><ele>1757.8</ele></trkpt>
   <trkpt lat="45.974534" lon="11.337210"><ele>1759.0</ele></trkpt>
   <trkpt lat="45.974549" lon="11.337264"><ele>1760.0</ele></trkpt>
   <trkpt lat="45.974553" lon="11.337268"><ele>1760.0</ele></trkpt>
   <trkpt lat="45.974590" lon="11.337294"><ele>1761.0</ele></trkpt>
   <trkpt lat="45.974597" lon="11.337305"><ele>1761.4</ele></trkpt>
   <trkpt lat="45.974611" lon="11.337370"><ele>1762.2</ele></trkpt>
   <trkpt lat="45.974615" lon="11.337386"><ele>1762.4</ele></trkpt>
   <trkpt lat="45.974641" lon="11.337461"><ele>1763.4</ele></trkpt>
   <trkpt lat="45.974660" lon="11.337491"><ele>1764.2</ele></trkpt>
   <trkpt lat="45.974661" lon="11.337494"><ele>1764.6</ele></trkpt>
   <trkpt lat="45.974668" lon="11.337497"><ele>1764.8</ele></trkpt>
   <trkpt lat="45.974682" lon="11.337533"><ele>1765.8</ele></trkpt>
   <trkpt lat="45.974694" lon="11.337554"><ele>1766.4</ele></trkpt>
   <trkpt lat="45.974697" lon="11.337562"><ele>1766.8</ele></trkpt>
   <trkpt lat="45.974732" lon="11.337596"><ele>1768.0</ele></trkpt>
   <trkpt lat="45.974744" lon="11.337610"><ele>1768.4</ele></trkpt>
   <trkpt lat="45.974747" lon="11.337620"><ele>1768.8</ele></trkpt>
   <trkpt lat="45.974747" lon="11.337634"><ele>1769.2</ele></trkpt>
   <trkpt lat="45.974779" lon="11.337740"><ele>1770.2</ele></trkpt>
   <trkpt lat="45.974802" lon="11.337786"><ele>1771.0</ele></trkpt>
   <trkpt lat="45.974808" lon="11.337789"><ele>1771.4</ele></trkpt>
   <trkpt lat="45.974833" lon="11.337796"><ele>1771.8</ele></trkpt>
   <trkpt lat="45.974851" lon="11.337800"><ele>1772.6</ele></trkpt>
   <trkpt lat="45.974869" lon="11.337819"><ele>1773.0</ele></trkpt>
   <trkpt lat="45.974894" lon="11.337845"><ele>1773.6</ele></trkpt>
   <trkpt lat="45.974916" lon="11.337878"><ele>1774.4</ele></trkpt>
   <trkpt lat="45.974935" lon="11.337900"><ele>1774.8</ele></trkpt>
   <trkpt lat="45.974964" lon="11.337957"><ele>1776.0</ele></trkpt>
   <trkpt lat="45.974995" lon="11.337997"><ele>1777.0</ele></trkpt>
   <trkpt lat="45.974997" lon="11.338013"><ele>1777.4</ele></trkpt>
   <trkpt lat="45.975002" lon="11.338025"><ele>1777.8</ele></trkpt>
   <trkpt lat="45.975011" lon="11.338044"><ele>1778.2</ele></trkpt>
   <trkpt lat="45.975016" lon="11.338056"><ele>1778.6</ele></trkpt>
   <trkpt lat="45.975022" lon="11.338072"><ele>1779.4</ele></trkpt>
   <trkpt lat="45.975049" lon="11.338093"><ele>1780.4</ele></trkpt>
   <trkpt lat="45.975056" lon="11.338115"><ele>1780.8</ele></trkpt>
   <trkpt lat="45.975066" lon="11.338113"><ele>1781.6</ele></trkpt>
   <trkpt lat="45.975093" lon="11.338117"><ele>1782.8</ele></trkpt>
   <trkpt lat="45.975112" lon="11.338144"><ele>1783.6</ele></trkpt>
   <trkpt lat="45.975117" lon="11.338148"><ele>1784.0</ele></trkpt>
   <trkpt lat="45.975142" lon="11.338145"><ele>1785.0</ele></trkpt>
   <trkpt lat="45.975146" lon="11.338145"><ele>1785.4</ele></trkpt>
   <trkpt lat="45.975157" lon="11.338156"><ele>1786.0</ele></trkpt>
   <trkpt lat="45.975186" lon="11.338148"><ele>1787.2</ele></trkpt>
   <trkpt lat="45.975209" lon="11.338183"><ele>1788.0</ele></trkpt>
   <trkpt lat="45.975219" lon="11.338189"><ele>1788.2</ele></trkpt>
   <trkpt lat="45.975249" lon="11.338225"><ele>1789.2</ele></trkpt>
   <trkpt lat="45.975258" lon="11.338231"><ele>1789.4</ele></trkpt>
   <trkpt lat="45.975267" lon="11.338231"><ele>1789.8</ele></trkpt>
   <trkpt lat="45.975284" lon="11.338247"><ele>1790.4</ele></trkpt>
   <trkpt lat="45.975287" lon="11.338253"><ele>1790.6</ele></trkpt>
   <trkpt lat="45.975288" lon="11.338258"><ele>1790.8</ele></trkpt>
   <trkpt lat="45.975316" lon="11.338268"><ele>1791.8</ele></trkpt>
   <trkpt lat="45.975329" lon="11.338265"><ele>1793.2</ele></trkpt>
   <trkpt lat="45.975359" lon="11.338290"><ele>1794.2</ele></trkpt>
   <trkpt lat="45.975398" lon="11.338320"><ele>1795.4</ele></trkpt>
   <trkpt lat="45.975423" lon="11.338356"><ele>1796.4</ele></trkpt>
   <trkpt lat="45.975442" lon="11.338378"><ele>1797.6</ele></trkpt>
   <trkpt lat="45.975464" lon="11.338421"><ele>1798.2</ele></trkpt>
   <trkpt lat="45.975479" lon="11.338443"><ele>1798.8</ele></trkpt>
   <trkpt lat="45.975487" lon="11.338461"><ele>1799.2</ele></trkpt>
   <trkpt lat="45.975503" lon="11.338472"><ele>1799.8</ele></trkpt>
   <trkpt lat="45.975514" lon="11.338447"><ele>1801.0</ele></trkpt>
   <trkpt lat="45.975549" lon="11.338470"><ele>1802.0</ele></trkpt>
   <trkpt lat="45.975568" lon="11.338498"><ele>1802.6</ele></trkpt>
   <trkpt lat="45.975603" lon="11.338525"><ele>1803.2</ele></trkpt>
   <trkpt lat="45.975632" lon="11.338545"><ele>1804.0</ele></trkpt>
   <trkpt lat="45.975636" lon="11.338554"><ele>1804.4</ele></trkpt>
   <trkpt lat="45.975645" lon="11.338575"><ele>1805.0</ele></trkpt>
   <trkpt lat="45.975650" lon="11.338594"><ele>1805.4</ele></trkpt>
   <trkpt lat="45.975651" lon="11.338597"><ele>1805.4</ele></trkpt>
   <trkpt lat="45.975681" lon="11.338594"><ele>1806.6</ele></trkpt>
   <trkpt lat="45.975713" lon="11.338642"><ele>1807.6</ele></trkpt>
   <trkpt lat="45.975744" lon="11.338669"><ele>1807.8</ele></trkpt>
   <trkpt lat="45.975764" lon="11.338672"><ele>1808.0</ele></trkpt>
   <trkpt lat="45.975777" lon="11.338698"><ele>1808.2</ele></trkpt>
   <trkpt lat="45.975803" lon="11.338761"><ele>1808.6</ele></trkpt>
   <trkpt lat="45.975847" lon="11.338887"><ele>1809.8</ele></trkpt>
   <trkpt lat="45.975891" lon="11.338944"><ele>1810.4</ele></trkpt>
   <trkpt lat="45.975920" lon="11.339029"><ele>1810.8</ele></trkpt>
   <trkpt lat="45.975983" lon="11.339143"><ele>1812.0</ele></trkpt>
   <trkpt lat="45.976015" lon="11.339201"><ele>1813.2</ele></trkpt>
   <trkpt lat="45.976026" lon="11.339218"><ele>1813.4</ele></trkpt>
   <trkpt lat="45.976081" lon="11.339288"><ele>1814.4</ele></trkpt>
   <trkpt lat="45.976140" lon="11.339395"><ele>1815.6</ele></trkpt>
   <trkpt lat="45.976182" lon="11.339520"><ele>1816.8</ele></trkpt>
   <trkpt lat="45.976220" lon="11.339609"><ele>1817.4</ele></trkpt>
   <trkpt lat="45.976235" lon="11.339638"><ele>1818.0</ele></trkpt>
   <trkpt lat="45.976242" lon="11.339666"><ele>1818.4</ele></trkpt>
   <trkpt lat="45.976331" lon="11.339753"><ele>1819.2</ele></trkpt>
   <trkpt lat="45.976361" lon="11.339797"><ele>1819.8</ele></trkpt>
   <trkpt lat="45.976409" lon="11.339819"><ele>1820.4</ele></trkpt>
   <trkpt lat="45.976429" lon="11.339843"><ele>1821.4</ele></trkpt>
   <trkpt lat="45.976436" lon="11.339843"><ele>1821.6</ele></trkpt>
   <trkpt lat="45.976451" lon="11.339862"><ele>1822.8</ele></trkpt>
   <trkpt lat="45.976481" lon="11.339887"><ele>1823.4</ele></trkpt>
   <trkpt lat="45.976492" lon="11.339897"><ele>1824.0</ele></trkpt>
   <trkpt lat="45.976500" lon="11.339897"><ele>1824.4</ele></trkpt>
   <trkpt lat="45.976528" lon="11.339877"><ele>1825.4</ele></trkpt>
   <trkpt lat="45.976551" lon="11.339873"><ele>1826.2</ele></trkpt>
   <trkpt lat="45.976554" lon="11.339874"><ele>1826.6</ele></trkpt>
   <trkpt lat="45.976589" lon="11.339876"><ele>1827.6</ele></trkpt>
   <trkpt lat="45.976608" lon="11.339899"><ele>1828.0</ele></trkpt>
   <trkpt lat="45.976624" lon="11.339905"><ele>1828.8</ele></trkpt>
   <trkpt lat="45.976651" lon="11.339917"><ele>1829.8</ele></trkpt>
   <trkpt lat="45.976654" lon="11.339920"><ele>1830.0</ele></trkpt>
   <trkpt lat="45.976670" lon="11.339922"><ele>1830.8</ele></trkpt>
   <trkpt lat="45.976676" lon="11.339904"><ele>1832.2</ele></trkpt>
   <trkpt lat="45.976688" lon="11.339888"><ele>1833.4</ele></trkpt>
   <trkpt lat="45.976697" lon="11.339872"><ele>1834.6</ele></trkpt>
   <trkpt lat="45.976729" lon="11.339868"><ele>1835.6</ele></trkpt>
   <trkpt lat="45.976762" lon="11.339887"><ele>1836.8</ele></trkpt>
   <trkpt lat="45.976798" lon="11.339916"><ele>1838.0</ele></trkpt>
   <trkpt lat="45.976842" lon="11.339923"><ele>1839.0</ele></trkpt>
   <trkpt lat="45.976874" lon="11.339931"><ele>1840.2</ele></trkpt>
   <trkpt lat="45.976891" lon="11.339973"><ele>1841.2</ele></trkpt>
   <trkpt lat="45.976916" lon="11.340022"><ele>1842.4</ele></trkpt>
   <trkpt lat="45.976943" lon="11.340073"><ele>1843.6</ele></trkpt>
   <trkpt lat="45.976964" lon="11.340091"><ele>1844.6</ele></trkpt>
   <trkpt lat="45.976979" lon="11.340102"><ele>1846.0</ele></trkpt>
   <trkpt lat="45.976986" lon="11.340058"><ele>1847.0</ele></trkpt>
   <trkpt lat="45.976989" lon="11.340022"><ele>1847.6</ele></trkpt>
   <trkpt lat="45.977013" lon="11.340011"><ele>1848.2</ele></trkpt>
   <trkpt lat="45.977042" lon="11.340060"><ele>1849.2</ele></trkpt>
   <trkpt lat="45.977053" lon="11.340073"><ele>1849.4</ele></trkpt>
   <trkpt lat="45.977154" lon="11.340247"><ele>1850.4</ele></trkpt>
   <trkpt lat="45.977277" lon="11.340446"><ele>1851.6</ele></trkpt>
   <trkpt lat="45.977328" lon="11.340533"><ele>1852.6</ele></trkpt>
   <trkpt lat="45.977393" lon="11.340615"><ele>1853.4</ele></trkpt>
   <trkpt lat="45.977406" lon="11.340628"><ele>1853.6</ele></trkpt>
   <trkpt lat="45.977434" lon="11.340662"><ele>1854.2</ele></trkpt>
   <trkpt lat="45.977492" lon="11.340731"><ele>1854.8</ele></trkpt>
   <trkpt lat="45.977572" lon="11.340828"><ele>1855.8</ele></trkpt>
   <trkpt lat="45.977644" lon="11.340941"><ele>1857.0</ele></trkpt>
   <trkpt lat="45.977715" lon="11.341038"><ele>1858.2</ele></trkpt>
   <trkpt lat="45.977804" lon="11.341162"><ele>1859.4</ele></trkpt>
   <trkpt lat="45.977899" lon="11.341310"><ele>1860.4</ele></trkpt>
   <trkpt lat="45.977970" lon="11.341447"><ele>1861.4</ele></trkpt>
   <trkpt lat="45.978031" lon="11.341517"><ele>1862.6</ele></trkpt>
   <trkpt lat="45.978088" lon="11.341613"><ele>1863.6</ele></trkpt>
   <trkpt lat="45.978102" lon="11.341626"><ele>1863.8</ele></trkpt>
   <trkpt lat="45.978150" lon="11.341660"><ele>1865.0</ele></trkpt>
   <trkpt lat="45.978182" lon="11.341684"><ele>1866.0</ele></trkpt>
   <trkpt lat="45.978207" lon="11.341693"><ele>1867.0</ele></trkpt>
   <trkpt lat="45.978216" lon="11.341701"><ele>1867.2</ele></trkpt>
   <trkpt lat="45.978223" lon="11.341706"><ele>1867.4</ele></trkpt>
   <trkpt lat="45.978249" lon="11.341726"><ele>1868.2</ele></trkpt>
   <trkpt lat="45.978256" lon="11.341730"><ele>1868.4</ele></trkpt>
   <trkpt lat="45.978268" lon="11.341736"><ele>1869.2</ele></trkpt>
   <trkpt lat="45.978275" lon="11.341741"><ele>1869.6</ele></trkpt>
   <trkpt lat="45.978302" lon="11.341751"><ele>1870.6</ele></trkpt>
   <trkpt lat="45.978350" lon="11.341780"><ele>1872.0</ele></trkpt>
   <trkpt lat="45.978416" lon="11.341809"><ele>1873.2</ele></trkpt>
   <trkpt lat="45.978459" lon="11.341831"><ele>1874.4</ele></trkpt>
   <trkpt lat="45.978485" lon="11.341868"><ele>1875.4</ele></trkpt>
   <trkpt lat="45.978502" lon="11.341900"><ele>1876.4</ele></trkpt>
   <trkpt lat="45.978509" lon="11.341911"><ele>1876.8</ele></trkpt>
   <trkpt lat="45.978531" lon="11.341920"><ele>1877.8</ele></trkpt>
   <trkpt lat="45.978541" lon="11.341923"><ele>1878.0</ele></trkpt>
   <trkpt lat="45.978570" lon="11.341957"><ele>1878.8</ele></trkpt>
   <trkpt lat="45.978599" lon="11.341995"><ele>1879.6</ele></trkpt>
   <trkpt lat="45.978614" lon="11.342019"><ele>1880.0</ele></trkpt>
   <trkpt lat="45.978672" lon="11.342077"><ele>1881.0</ele></trkpt>
   <trkpt lat="45.978680" lon="11.342096"><ele>1881.6</ele></trkpt>
   <trkpt lat="45.978689" lon="11.342142"><ele>1882.4</ele></trkpt>
   <trkpt lat="45.978697" lon="11.342173"><ele>1883.0</ele></trkpt>
   <trkpt lat="45.978702" lon="11.342206"><ele>1883.2</ele></trkpt>
   <trkpt lat="45.978709" lon="11.342222"><ele>1883.4</ele></trkpt>
   <trkpt lat="45.978762" lon="11.342320"><ele>1884.8</ele></trkpt>
   <trkpt lat="45.978776" lon="11.342332"><ele>1885.4</ele></trkpt>
   <trkpt lat="45.978795" lon="11.342349"><ele>1885.8</ele></trkpt>
   <trkpt lat="45.978806" lon="11.342356"><ele>1886.2</ele></trkpt>
   <trkpt lat="45.978819" lon="11.342376"><ele>1887.2</ele></trkpt>
   <trkpt lat="45.978824" lon="11.342386"><ele>1887.6</ele></trkpt>
   <trkpt lat="45.978832" lon="11.342411"><ele>1888.2</ele></trkpt>
   <trkpt lat="45.978841" lon="11.342444"><ele>1889.0</ele></trkpt>
   <trkpt lat="45.978845" lon="11.342458"><ele>1889.4</ele></trkpt>
   <trkpt lat="45.978850" lon="11.342472"><ele>1889.6</ele></trkpt>
   <trkpt lat="45.978860" lon="11.342493"><ele>1890.2</ele></trkpt>
   <trkpt lat="45.978870" lon="11.342509"><ele>1890.6</ele></trkpt>
   <trkpt lat="45.978906" lon="11.342556"><ele>1891.8</ele></trkpt>
   <trkpt lat="45.978895" lon="11.342530"><ele>1893.0</ele></trkpt>
   <trkpt lat="45.978905" lon="11.342520"><ele>1894.0</ele></trkpt>
   <trkpt lat="45.978911" lon="11.342520"><ele>1893.8</ele></trkpt>
   <trkpt lat="45.978911" lon="11.342510"><ele>1895.0</ele></trkpt>
   <trkpt lat="45.978934" lon="11.342606"><ele>1895.6</ele></trkpt>
   <trkpt lat="45.978970" lon="11.342673"><ele>1895.6</ele></trkpt>
   <trkpt lat="45.978888" lon="11.342717"><ele>1894.6</ele></trkpt>
   <trkpt lat="45.978873" lon="11.342770"><ele>1893.6</ele></trkpt>
   <trkpt lat="45.978857" lon="11.342860"><ele>1892.4</ele></trkpt>
   <trkpt lat="45.978841" lon="11.342939"><ele>1890.6</ele></trkpt>
   <trkpt lat="45.978832" lon="11.342979"><ele>1889.6</ele></trkpt>
   <trkpt lat="45.978828" lon="11.343019"><ele>1888.6</ele></trkpt>
   <trkpt lat="45.978815" lon="11.343081"><ele>1887.2</ele></trkpt>
   <trkpt lat="45.978792" lon="11.343141"><ele>1885.4</ele></trkpt>
   <trkpt lat="45.978772" lon="11.343206"><ele>1884.0</ele></trkpt>
   <trkpt lat="45.978775" lon="11.343270"><ele>1882.6</ele></trkpt>
   <trkpt lat="45.978764" lon="11.343326"><ele>1881.0</ele></trkpt>
   <trkpt lat="45.978743" lon="11.343370"><ele>1879.2</ele></trkpt>
   <trkpt lat="45.978725" lon="11.343430"><ele>1877.6</ele></trkpt>
   <trkpt lat="45.978705" lon="11.343481"><ele>1876.2</ele></trkpt>
   <trkpt lat="45.978685" lon="11.343530"><ele>1874.2</ele></trkpt>
   <trkpt lat="45.978678" lon="11.343560"><ele>1873.2</ele></trkpt>
   <trkpt lat="45.978666" lon="11.343613"><ele>1871.8</ele></trkpt>
   <trkpt lat="45.978632" lon="11.343641"><ele>1870.2</ele></trkpt>
   <trkpt lat="45.978615" lon="11.343644"><ele>1869.4</ele></trkpt>
   <trkpt lat="45.978603" lon="11.343649"><ele>1868.6</ele></trkpt>
   <trkpt lat="45.978591" lon="11.343691"><ele>1867.4</ele></trkpt>
   <trkpt lat="45.978585" lon="11.343727"><ele>1866.8</ele></trkpt>
   <trkpt lat="45.978561" lon="11.343739"><ele>1866.2</ele></trkpt>
   <trkpt lat="45.978545" lon="11.343749"><ele>1866.0</ele></trkpt>
   <trkpt lat="45.978521" lon="11.343760"><ele>1864.6</ele></trkpt>
   <trkpt lat="45.978516" lon="11.343782"><ele>1863.6</ele></trkpt>
   <trkpt lat="45.978502" lon="11.343816"><ele>1861.8</ele></trkpt>
   <trkpt lat="45.978500" lon="11.343842"><ele>1861.0</ele></trkpt>
   <trkpt lat="45.978506" lon="11.343870"><ele>1860.4</ele></trkpt>
   <trkpt lat="45.978522" lon="11.343944"><ele>1859.2</ele></trkpt>
   <trkpt lat="45.978525" lon="11.344097"><ele>1858.0</ele></trkpt>
   <trkpt lat="45.978522" lon="11.344118"><ele>1857.8</ele></trkpt>
   <trkpt lat="45.978496" lon="11.344170"><ele>1857.0</ele></trkpt>
   <trkpt lat="45.978490" lon="11.344195"><ele>1856.4</ele></trkpt>
   <trkpt lat="45.978492" lon="11.344228"><ele>1855.6</ele></trkpt>
   <trkpt lat="45.978489" lon="11.344298"><ele>1854.2</ele></trkpt>
   <trkpt lat="45.978480" lon="11.344366"><ele>1852.8</ele></trkpt>
   <trkpt lat="45.978468" lon="11.344433"><ele>1851.4</ele></trkpt>
   <trkpt lat="45.978449" lon="11.344525"><ele>1850.4</ele></trkpt>
   <trkpt lat="45.978426" lon="11.344648"><ele>1848.8</ele></trkpt>
   <trkpt lat="45.978431" lon="11.344717"><ele>1846.8</ele></trkpt>
   <trkpt lat="45.978433" lon="11.344762"><ele>1844.8</ele></trkpt>
   <trkpt lat="45.978397" lon="11.344798"><ele>1843.6</ele></trkpt>
   <trkpt lat="45.978335" lon="11.344802"><ele>1842.6</ele></trkpt>
   <trkpt lat="45.978324" lon="11.344821"><ele>1842.2</ele></trkpt>
   <trkpt lat="45.978307" lon="11.344882"><ele>1841.2</ele></trkpt>
   <trkpt lat="45.978281" lon="11.344935"><ele>1839.6</ele></trkpt>
   <trkpt lat="45.978267" lon="11.344963"><ele>1838.8</ele></trkpt>
   <trkpt lat="45.978253" lon="11.344995"><ele>1837.8</ele></trkpt>
   <trkpt lat="45.978226" lon="11.345048"><ele>1836.2</ele></trkpt>
   <trkpt lat="45.978213" lon="11.345112"><ele>1834.8</ele></trkpt>
   <trkpt lat="45.978209" lon="11.345179"><ele>1833.4</ele></trkpt>
   <trkpt lat="45.978201" lon="11.345229"><ele>1832.2</ele></trkpt>
   <trkpt lat="45.978189" lon="11.345270"><ele>1831.2</ele></trkpt>
   <trkpt lat="45.978197" lon="11.345346"><ele>1829.8</ele></trkpt>
   <trkpt lat="45.978166" lon="11.345443"><ele>1828.8</ele></trkpt>
   <trkpt lat="45.978132" lon="11.345564"><ele>1827.8</ele></trkpt>
   <trkpt lat="45.978126" lon="11.345604"><ele>1826.0</ele></trkpt>
   <trkpt lat="45.978121" lon="11.345651"><ele>1824.6</ele></trkpt>
   <trkpt lat="45.978120" lon="11.345707"><ele>1823.0</ele></trkpt>
   <trkpt lat="45.978126" lon="11.345766"><ele>1821.2</ele></trkpt>
   <trkpt lat="45.978129" lon="11.345835"><ele>1820.2</ele></trkpt>
   <trkpt lat="45.978132" lon="11.345894"><ele>1819.0</ele></trkpt>
   <trkpt lat="45.978122" lon="11.345937"><ele>1818.0</ele></trkpt>
   <trkpt lat="45.978109" lon="11.345955"><ele>1818.0</ele></trkpt>
   <trkpt lat="45.978066" lon="11.346080"><ele>1816.4</ele></trkpt>
   <trkpt lat="45.978051" lon="11.346122"><ele>1814.2</ele></trkpt>
   <trkpt lat="45.978047" lon="11.346146"><ele>1813.4</ele></trkpt>
   <trkpt lat="45.978044" lon="11.346173"><ele>1812.8</ele></trkpt>
   <trkpt lat="45.978036" lon="11.346199"><ele>1812.2</ele></trkpt>
   <trkpt lat="45.978025" lon="11.346218"><ele>1811.6</ele></trkpt>
   <trkpt lat="45.978014" lon="11.346265"><ele>1810.4</ele></trkpt>
   <trkpt lat="45.978020" lon="11.346332"><ele>1809.2</ele></trkpt>
   <trkpt lat="45.978022" lon="11.346356"><ele>1808.6</ele></trkpt>
   <trkpt lat="45.978016" lon="11.346377"><ele>1808.0</ele></trkpt>
   <trkpt lat="45.977994" lon="11.346404"><ele>1806.8</ele></trkpt>
   <trkpt lat="45.977977" lon="11.346431"><ele>1805.8</ele></trkpt>
   <trkpt lat="45.977961" lon="11.346461"><ele>1804.6</ele></trkpt>
   <trkpt lat="45.977951" lon="11.346500"><ele>1803.0</ele></trkpt>
   <trkpt lat="45.977952" lon="11.346523"><ele>1802.2</ele></trkpt>
   <trkpt lat="45.977950" lon="11.346551"><ele>1801.4</ele></trkpt>
   <trkpt lat="45.977942" lon="11.346575"><ele>1800.8</ele></trkpt>
   <trkpt lat="45.977931" lon="11.346592"><ele>1800.4</ele></trkpt>
   <trkpt lat="45.977920" lon="11.346619"><ele>1799.8</ele></trkpt>
   <trkpt lat="45.977914" lon="11.346653"><ele>1799.2</ele></trkpt>
   <trkpt lat="45.977917" lon="11.346756"><ele>1798.0</ele></trkpt>
   <trkpt lat="45.977913" lon="11.346784"><ele>1797.6</ele></trkpt>
   <trkpt lat="45.977892" lon="11.346838"><ele>1796.4</ele></trkpt>
   <trkpt lat="45.977867" lon="11.346862"><ele>1795.2</ele></trkpt>
   <trkpt lat="45.977860" lon="11.346945"><ele>1794.0</ele></trkpt>
   <trkpt lat="45.977860" lon="11.346972"><ele>1793.6</ele></trkpt>
   <trkpt lat="45.977850" lon="11.347042"><ele>1792.6</ele></trkpt>
   <trkpt lat="45.977833" lon="11.347104"><ele>1791.2</ele></trkpt>
   <trkpt lat="45.977822" lon="11.347154"><ele>1790.4</ele></trkpt>
   <trkpt lat="45.977813" lon="11.347172"><ele>1790.2</ele></trkpt>
   <trkpt lat="45.977801" lon="11.347217"><ele>1789.2</ele></trkpt>
   <trkpt lat="45.977801" lon="11.347245"><ele>1788.6</ele></trkpt>
   <trkpt lat="45.977777" lon="11.347371"><ele>1787.6</ele></trkpt>
   <trkpt lat="45.977753" lon="11.347443"><ele>1786.4</ele></trkpt>
   <trkpt lat="45.977744" lon="11.347458"><ele>1786.2</ele></trkpt>
   <trkpt lat="45.977711" lon="11.347509"><ele>1785.4</ele></trkpt>
   <trkpt lat="45.977686" lon="11.347541"><ele>1784.6</ele></trkpt>
   <trkpt lat="45.977675" lon="11.347566"><ele>1784.2</ele></trkpt>
   <trkpt lat="45.977629" lon="11.347640"><ele>1782.8</ele></trkpt>
   <trkpt lat="45.977607" lon="11.347726"><ele>1781.4</ele></trkpt>
   <trkpt lat="45.977604" lon="11.347752"><ele>1780.6</ele></trkpt>
   <trkpt lat="45.977599" lon="11.347783"><ele>1780.2</ele></trkpt>
   <trkpt lat="45.977589" lon="11.347811"><ele>1779.8</ele></trkpt>
   <trkpt lat="45.977572" lon="11.347832"><ele>1779.4</ele></trkpt>
   <trkpt lat="45.977560" lon="11.347834"><ele>1779.2</ele></trkpt>
   <trkpt lat="45.977553" lon="11.347852"><ele>1779.2</ele></trkpt>
   <trkpt lat="45.977482" lon="11.348048"><ele>1777.8</ele></trkpt>
   <trkpt lat="45.977428" lon="11.348096"><ele>1776.6</ele></trkpt>
   <trkpt lat="45.977368" lon="11.348164"><ele>1775.4</ele></trkpt>
   <trkpt lat="45.977220" lon="11.348355"><ele>1775.0</ele></trkpt>
   <trkpt lat="45.977142" lon="11.348471"><ele>1774.4</ele></trkpt>
   <trkpt lat="45.977008" lon="11.348677"><ele>1774.0</ele></trkpt>
   <trkpt lat="45.976956" lon="11.348751"><ele>1775.2</ele></trkpt>
   <trkpt lat="45.976931" lon="11.348798"><ele>1775.6</ele></trkpt>
   <trkpt lat="45.976773" lon="11.348951"><ele>1775.2</ele></trkpt>
   <trkpt lat="45.976731" lon="11.349019"><ele>1775.4</ele></trkpt>
   <trkpt lat="45.976644" lon="11.349264"><ele>1776.2</ele></trkpt>
   <trkpt lat="45.976534" lon="11.349442"><ele>1776.8</ele></trkpt>
   <trkpt lat="45.976404" lon="11.349649"><ele>1776.8</ele></trkpt>
   <trkpt lat="45.976347" lon="11.349697"><ele>1776.6</ele></trkpt>
   <trkpt lat="45.976169" lon="11.349805"><ele>1777.2</ele></trkpt>
   <trkpt lat="45.975993" lon="11.349927"><ele>1777.2</ele></trkpt>
   <trkpt lat="45.975839" lon="11.350096"><ele>1776.4</ele></trkpt>
   <trkpt lat="45.975684" lon="11.350246"><ele>1776.0</ele></trkpt>
   <trkpt lat="45.975523" lon="11.350404"><ele>1776.8</ele></trkpt>
   <trkpt lat="45.975474" lon="11.350459"><ele>1776.4</ele></trkpt>
   <trkpt lat="45.975438" lon="11.350488"><ele>1776.2</ele></trkpt>
   <trkpt lat="45.975291" lon="11.350668"><ele>1776.2</ele></trkpt>
   <trkpt lat="45.975196" lon="11.350897"><ele>1776.8</ele></trkpt>
   <trkpt lat="45.975162" lon="11.350962"><ele>1776.8</ele></trkpt>
   <trkpt lat="45.975095" lon="11.351058"><ele>1776.0</ele></trkpt>
   <trkpt lat="45.975002" lon="11.351173"><ele>1775.6</ele></trkpt>
   <trkpt lat="45.974952" lon="11.351264"><ele>1774.6</ele></trkpt>
   <trkpt lat="45.974821" lon="11.351482"><ele>1774.2</ele></trkpt>
   <trkpt lat="45.974671" lon="11.351654"><ele>1774.2</ele></trkpt>
   <trkpt lat="45.974617" lon="11.351686"><ele>1773.6</ele></trkpt>
   <trkpt lat="45.974610" lon="11.351703"><ele>1773.4</ele></trkpt>
   <trkpt lat="45.974586" lon="11.351749"><ele>1773.4</ele></trkpt>
   <trkpt lat="45.974577" lon="11.351801"><ele>1774.2</ele></trkpt>
   <trkpt lat="45.974574" lon="11.351820"><ele>1774.6</ele></trkpt>
   <trkpt lat="45.974551" lon="11.351866"><ele>1776.0</ele></trkpt>
   <trkpt lat="45.974535" lon="11.351921"><ele>1777.0</ele></trkpt>
   <trkpt lat="45.974508" lon="11.351972"><ele>1778.0</ele></trkpt>
   <trkpt lat="45.974489" lon="11.351984"><ele>1778.4</ele></trkpt>
   <trkpt lat="45.974368" lon="11.352080"><ele>1779.4</ele></trkpt>
   <trkpt lat="45.974339" lon="11.352149"><ele>1779.2</ele></trkpt>
   <trkpt lat="45.974248" lon="11.352377"><ele>1779.6</ele></trkpt>
   <trkpt lat="45.974220" lon="11.352432"><ele>1779.8</ele></trkpt>
   <trkpt lat="45.974184" lon="11.352663"><ele>1779.2</ele></trkpt>
   <trkpt lat="45.974258" lon="11.352829"><ele>1779.2</ele></trkpt>
   <trkpt lat="45.974300" lon="11.352935"><ele>1780.2</ele></trkpt>
   <trkpt lat="45.974319" lon="11.352966"><ele>1780.4</ele></trkpt>
   <trkpt lat="45.974357" lon="11.353006"><ele>1781.0</ele></trkpt>
   <trkpt lat="45.974400" lon="11.353032"><ele>1781.6</ele></trkpt>
   <trkpt lat="45.974446" lon="11.353077"><ele>1782.8</ele></trkpt>
   <trkpt lat="45.974512" lon="11.353161"><ele>1783.6</ele></trkpt>
   <trkpt lat="45.974521" lon="11.353265"><ele>1783.8</ele></trkpt>
   <trkpt lat="45.974492" lon="11.353529"><ele>1783.0</ele></trkpt>
   <trkpt lat="45.974495" lon="11.353585"><ele>1782.4</ele></trkpt>
   <trkpt lat="45.974499" lon="11.353668"><ele>1781.4</ele></trkpt>
   <trkpt lat="45.974484" lon="11.353950"><ele>1780.4</ele></trkpt>
   <trkpt lat="45.974484" lon="11.354013"><ele>1780.4</ele></trkpt>
   <trkpt lat="45.974501" lon="11.354269"><ele>1781.2</ele></trkpt>
   <trkpt lat="45.974570" lon="11.354456"><ele>1781.8</ele></trkpt>
   <trkpt lat="45.974623" lon="11.354728"><ele>1781.8</ele></trkpt>
   <trkpt lat="45.974700" lon="11.354970"><ele>1780.8</ele></trkpt>
   <trkpt lat="45.974714" lon="11.355039"><ele>1780.2</ele></trkpt>
   <trkpt lat="45.974801" lon="11.355289"><ele>1780.4</ele></trkpt>
   <trkpt lat="45.974878" lon="11.355533"><ele>1780.0</ele></trkpt>
   <trkpt lat="45.974952" lon="11.355769"><ele>1779.8</ele></trkpt>
   <trkpt lat="45.975055" lon="11.355921"><ele>1779.4</ele></trkpt>
   <trkpt lat="45.975093" lon="11.355947"><ele>1779.2</ele></trkpt>
   <trkpt lat="45.975167" lon="11.355982"><ele>1779.0</ele></trkpt>
   <trkpt lat="45.975261" lon="11.356109"><ele>1779.2</ele></trkpt>
   <trkpt lat="45.975342" lon="11.356232"><ele>1780.2</ele></trkpt>
   <trkpt lat="45.975401" lon="11.356328"><ele>1780.2</ele></trkpt>
   <trkpt lat="45.975466" lon="11.356468"><ele>1781.4</ele></trkpt>
   <trkpt lat="45.975511" lon="11.356505"><ele>1782.4</ele></trkpt>
   <trkpt lat="45.975550" lon="11.356563"><ele>1783.2</ele></trkpt>
   <trkpt lat="45.975575" lon="11.356569"><ele>1783.2</ele></trkpt>
   <trkpt lat="45.975590" lon="11.356577"><ele>1783.6</ele></trkpt>
   <trkpt lat="45.975620" lon="11.356605"><ele>1783.8</ele></trkpt>
   <trkpt lat="45.975707" lon="11.356702"><ele>1784.0</ele></trkpt>
   <trkpt lat="45.975754" lon="11.356761"><ele>1784.2</ele></trkpt>
   <trkpt lat="45.975804" lon="11.356780"><ele>1784.4</ele></trkpt>
   <trkpt lat="45.975816" lon="11.356801"><ele>1784.6</ele></trkpt>
   <trkpt lat="45.975935" lon="11.357007"><ele>1784.0</ele></trkpt>
   <trkpt lat="45.975973" lon="11.357081"><ele>1783.6</ele></trkpt>
   <trkpt lat="45.975982" lon="11.357108"><ele>1783.2</ele></trkpt>
   <trkpt lat="45.976022" lon="11.357251"><ele>1782.0</ele></trkpt>
   <trkpt lat="45.976023" lon="11.357259"><ele>1781.4</ele></trkpt>
   <trkpt lat="45.976021" lon="11.357265"><ele>1781.0</ele></trkpt>
   <trkpt lat="45.976041" lon="11.357286"><ele>1780.0</ele></trkpt>
   <trkpt lat="45.976075" lon="11.357324"><ele>1780.0</ele></trkpt>
   <trkpt lat="45.976166" lon="11.357290"><ele>1781.2</ele></trkpt>
   <trkpt lat="45.976239" lon="11.357290"><ele>1782.2</ele></trkpt>
   <trkpt lat="45.976289" lon="11.357275"><ele>1783.4</ele></trkpt>
   <trkpt lat="45.976357" lon="11.357273"><ele>1784.6</ele></trkpt>
   <trkpt lat="45.976389" lon="11.357272"><ele>1784.8</ele></trkpt>
   <trkpt lat="45.976503" lon="11.357328"><ele>1785.6</ele></trkpt>
   <trkpt lat="45.976511" lon="11.357330"><ele>1785.6</ele></trkpt>
   <trkpt lat="45.976559" lon="11.357313"><ele>1786.6</ele></trkpt>
   <trkpt lat="45.976569" lon="11.357315"><ele>1786.8</ele></trkpt>
   <trkpt lat="45.976579" lon="11.357318"><ele>1787.2</ele></trkpt>
   <trkpt lat="45.976616" lon="11.357324"><ele>1787.8</ele></trkpt>
   <trkpt lat="45.976624" lon="11.357325"><ele>1788.0</ele></trkpt>
   <trkpt lat="45.976676" lon="11.357321"><ele>1789.0</ele></trkpt>
   <trkpt lat="45.976717" lon="11.357308"><ele>1790.2</ele></trkpt>
   <trkpt lat="45.976755" lon="11.357309"><ele>1791.6</ele></trkpt>
   <trkpt lat="45.976809" lon="11.357310"><ele>1792.6</ele></trkpt>
   <trkpt lat="45.976842" lon="11.357294"><ele>1794.0</ele></trkpt>
   <trkpt lat="45.976851" lon="11.357294"><ele>1794.4</ele></trkpt>
   <trkpt lat="45.976867" lon="11.357282"><ele>1795.0</ele></trkpt>
   <trkpt lat="45.976879" lon="11.357282"><ele>1795.2</ele></trkpt>
   <trkpt lat="45.976905" lon="11.357296"><ele>1795.4</ele></trkpt>
   <trkpt lat="45.976932" lon="11.357318"><ele>1796.2</ele></trkpt>
   <trkpt lat="45.976960" lon="11.357333"><ele>1796.8</ele></trkpt>
   <trkpt lat="45.976982" lon="11.357333"><ele>1797.4</ele></trkpt>
   <trkpt lat="45.977023" lon="11.357325"><ele>1798.4</ele></trkpt>
   <trkpt lat="45.977036" lon="11.357327"><ele>1798.6</ele></trkpt>
   <trkpt lat="45.977077" lon="11.357348"><ele>1799.6</ele></trkpt>
   <trkpt lat="45.977092" lon="11.357341"><ele>1800.0</ele></trkpt>
   <trkpt lat="45.977116" lon="11.357313"><ele>1801.0</ele></trkpt>
   <trkpt lat="45.977127" lon="11.357283"><ele>1802.0</ele></trkpt>
   <trkpt lat="45.977147" lon="11.357263"><ele>1802.6</ele></trkpt>
   <trkpt lat="45.977162" lon="11.357240"><ele>1803.0</ele></trkpt>
   <trkpt lat="45.977162" lon="11.357209"><ele>1803.2</ele></trkpt>
   <trkpt lat="45.977170" lon="11.357204"><ele>1803.8</ele></trkpt>
   <trkpt lat="45.977190" lon="11.357176"><ele>1804.4</ele></trkpt>
   <trkpt lat="45.977216" lon="11.357164"><ele>1805.6</ele></trkpt>
   <trkpt lat="45.977222" lon="11.357161"><ele>1805.8</ele></trkpt>
   <trkpt lat="45.977246" lon="11.357153"><ele>1806.6</ele></trkpt>
   <trkpt lat="45.977281" lon="11.357126"><ele>1808.0</ele></trkpt>
   <trkpt lat="45.977306" lon="11.357117"><ele>1809.0</ele></trkpt>
   <trkpt lat="45.977355" lon="11.357109"><ele>1810.0</ele></trkpt>
   <trkpt lat="45.977362" lon="11.357107"><ele>1810.2</ele></trkpt>
   <trkpt lat="45.977371" lon="11.357104"><ele>1810.4</ele></trkpt>
   <trkpt lat="45.977412" lon="11.357081"><ele>1811.4</ele></trkpt>
   <trkpt lat="45.977417" lon="11.357078"><ele>1811.8</ele></trkpt>
   <trkpt lat="45.977432" lon="11.357035"><ele>1812.8</ele></trkpt>
   <trkpt lat="45.977433" lon="11.357025"><ele>1813.0</ele></trkpt>
   <trkpt lat="45.977433" lon="11.356994"><ele>1813.6</ele></trkpt>
   <trkpt lat="45.977433" lon="11.356985"><ele>1813.8</ele></trkpt>
   <trkpt lat="45.977465" lon="11.356971"><ele>1815.2</ele></trkpt>
   <trkpt lat="45.977511" lon="11.356951"><ele>1816.4</ele></trkpt>
   <trkpt lat="45.977533" lon="11.356906"><ele>1817.4</ele></trkpt>
   <trkpt lat="45.977573" lon="11.356865"><ele>1818.6</ele></trkpt>
   <trkpt lat="45.977586" lon="11.356847"><ele>1818.8</ele></trkpt>
   <trkpt lat="45.977617" lon="11.356833"><ele>1819.6</ele></trkpt>
   <trkpt lat="45.977642" lon="11.356817"><ele>1820.4</ele></trkpt>
   <trkpt lat="45.977660" lon="11.356807"><ele>1820.8</ele></trkpt>
   <trkpt lat="45.977676" lon="11.356792"><ele>1821.6</ele></trkpt>
   <trkpt lat="45.977691" lon="11.356780"><ele>1822.0</ele></trkpt>
   <trkpt lat="45.977722" lon="11.356770"><ele>1822.6</ele></trkpt>
   <trkpt lat="45.977740" lon="11.356763"><ele>1823.2</ele></trkpt>
   <trkpt lat="45.977761" lon="11.356748"><ele>1823.6</ele></trkpt>
   <trkpt lat="45.977797" lon="11.356732"><ele>1824.2</ele></trkpt>
   <trkpt lat="45.977821" lon="11.356711"><ele>1825.0</ele></trkpt>
   <trkpt lat="45.977839" lon="11.356702"><ele>1825.4</ele></trkpt>
   <trkpt lat="45.977867" lon="11.356687"><ele>1826.4</ele></trkpt>
   <trkpt lat="45.977897" lon="11.356689"><ele>1827.4</ele></trkpt>
   <trkpt lat="45.977903" lon="11.356688"><ele>1827.6</ele></trkpt>
   <trkpt lat="45.977948" lon="11.356640"><ele>1828.8</ele></trkpt>
   <trkpt lat="45.977979" lon="11.356593"><ele>1830.2</ele></trkpt>
   <trkpt lat="45.977990" lon="11.356581"><ele>1830.4</ele></trkpt>
   <trkpt lat="45.978005" lon="11.356567"><ele>1831.2</ele></trkpt>
   <trkpt lat="45.978059" lon="11.356587"><ele>1832.4</ele></trkpt>
   <trkpt lat="45.978087" lon="11.356601"><ele>1833.4</ele></trkpt>
   <trkpt lat="45.978127" lon="11.356612"><ele>1834.4</ele></trkpt>
   <trkpt lat="45.978156" lon="11.356627"><ele>1835.6</ele></trkpt>
   <trkpt lat="45.978173" lon="11.356655"><ele>1836.2</ele></trkpt>
   <trkpt lat="45.978194" lon="11.356678"><ele>1836.6</ele></trkpt>
   <trkpt lat="45.978207" lon="11.356688"><ele>1836.8</ele></trkpt>
   <trkpt lat="45.978220" lon="11.356706"><ele>1837.0</ele></trkpt>
   <trkpt lat="45.978303" lon="11.356820"><ele>1837.8</ele></trkpt>
   <trkpt lat="45.978373" lon="11.356851"><ele>1838.4</ele></trkpt>
   <trkpt lat="45.978399" lon="11.356848"><ele>1839.0</ele></trkpt>
   <trkpt lat="45.978409" lon="11.356844"><ele>1839.2</ele></trkpt>
   <trkpt lat="45.978439" lon="11.356854"><ele>1840.0</ele></trkpt>
   <trkpt lat="45.978444" lon="11.356853"><ele>1840.2</ele></trkpt>
   <trkpt lat="45.978448" lon="11.356849"><ele>1840.4</ele></trkpt>
   <trkpt lat="45.978468" lon="11.356829"><ele>1841.4</ele></trkpt>
   <trkpt lat="45.978480" lon="11.356822"><ele>1841.6</ele></trkpt>
   <trkpt lat="45.978513" lon="11.356815"><ele>1842.6</ele></trkpt>
   <trkpt lat="45.978538" lon="11.356823"><ele>1843.4</ele></trkpt>
   <trkpt lat="45.978547" lon="11.356829"><ele>1843.6</ele></trkpt>
   <trkpt lat="45.978569" lon="11.356838"><ele>1844.2</ele></trkpt>
   <trkpt lat="45.978595" lon="11.356840"><ele>1844.8</ele></trkpt>
   <trkpt lat="45.978618" lon="11.356859"><ele>1845.8</ele></trkpt>
   <trkpt lat="45.978653" lon="11.356881"><ele>1847.0</ele></trkpt>
   <trkpt lat="45.978691" lon="11.356870"><ele>1848.4</ele></trkpt>
   <trkpt lat="45.978718" lon="11.356862"><ele>1849.4</ele></trkpt>
   <trkpt lat="45.978742" lon="11.356880"><ele>1850.4</ele></trkpt>
   <trkpt lat="45.978787" lon="11.356905"><ele>1851.6</ele></trkpt>
   <trkpt lat="45.978804" lon="11.356922"><ele>1852.0</ele></trkpt>
   <trkpt lat="45.978831" lon="11.356955"><ele>1852.6</ele></trkpt>
   <trkpt lat="45.978836" lon="11.356970"><ele>1852.8</ele></trkpt>
   <trkpt lat="45.978848" lon="11.356988"><ele>1853.0</ele></trkpt>
   <trkpt lat="45.978875" lon="11.356996"><ele>1853.6</ele></trkpt>
   <trkpt lat="45.978882" lon="11.357001"><ele>1854.0</ele></trkpt>
   <trkpt lat="45.978890" lon="11.357007"><ele>1854.2</ele></trkpt>
   <trkpt lat="45.978925" lon="11.357044"><ele>1855.0</ele></trkpt>
   <trkpt lat="45.978949" lon="11.357095"><ele>1855.8</ele></trkpt>
   <trkpt lat="45.978962" lon="11.357107"><ele>1856.0</ele></trkpt>
   <trkpt lat="45.978969" lon="11.357105"><ele>1856.2</ele></trkpt>
   <trkpt lat="45.978994" lon="11.357078"><ele>1857.2</ele></trkpt>
   <trkpt lat="45.978998" lon="11.357080"><ele>1858.6</ele></trkpt>
   <trkpt lat="45.979012" lon="11.357074"><ele>1859.6</ele></trkpt>
   <trkpt lat="45.979031" lon="11.357072"><ele>1860.6</ele></trkpt>
   <trkpt lat="45.979073" lon="11.357097"><ele>1861.8</ele></trkpt>
   <trkpt lat="45.979104" lon="11.357145"><ele>1862.8</ele></trkpt>
   <trkpt lat="45.979116" lon="11.357166"><ele>1863.0</ele></trkpt>
   <trkpt lat="45.979163" lon="11.357229"><ele>1864.0</ele></trkpt>
   <trkpt lat="45.979199" lon="11.357273"><ele>1865.0</ele></trkpt>
   <trkpt lat="45.979204" lon="11.357289"><ele>1865.0</ele></trkpt>
   <trkpt lat="45.979259" lon="11.357448"><ele>1863.8</ele></trkpt>
   <trkpt lat="45.979283" lon="11.357472"><ele>1863.6</ele></trkpt>
   <trkpt lat="45.979314" lon="11.357502"><ele>1864.4</ele></trkpt>
   <trkpt lat="45.979332" lon="11.357522"><ele>1864.6</ele></trkpt>
   <trkpt lat="45.979345" lon="11.357540"><ele>1865.0</ele></trkpt>
   <trkpt lat="45.979353" lon="11.357551"><ele>1865.0</ele></trkpt>
   <trkpt lat="45.979389" lon="11.357569"><ele>1866.0</ele></trkpt>
   <trkpt lat="45.979422" lon="11.357577"><ele>1866.8</ele></trkpt>
   <trkpt lat="45.979434" lon="11.357590"><ele>1867.2</ele></trkpt>
   <trkpt lat="45.979444" lon="11.357594"><ele>1867.4</ele></trkpt>
   <trkpt lat="45.979462" lon="11.357611"><ele>1868.0</ele></trkpt>
   <trkpt lat="45.979468" lon="11.357609"><ele>1868.4</ele></trkpt>
   <trkpt lat="45.979488" lon="11.357606"><ele>1868.8</ele></trkpt>
   <trkpt lat="45.979511" lon="11.357612"><ele>1869.6</ele></trkpt>
   <trkpt lat="45.979519" lon="11.357595"><ele>1871.0</ele></trkpt>
   <trkpt lat="45.979557" lon="11.357587"><ele>1872.2</ele></trkpt>
   <trkpt lat="45.979573" lon="11.357601"><ele>1873.2</ele></trkpt>
   <trkpt lat="45.979611" lon="11.357633"><ele>1874.2</ele></trkpt>
   <trkpt lat="45.979647" lon="11.357722"><ele>1875.2</ele></trkpt>
   <trkpt lat="45.979650" lon="11.357745"><ele>1875.2</ele></trkpt>
   <trkpt lat="45.979663" lon="11.357879"><ele>1874.8</ele></trkpt>
   <trkpt lat="45.979649" lon="11.357908"><ele>1873.8</ele></trkpt>
   <trkpt lat="45.979648" lon="11.357929"><ele>1873.4</ele></trkpt>
   <trkpt lat="45.979645" lon="11.357948"><ele>1872.8</ele></trkpt>
   <trkpt lat="45.979641" lon="11.357971"><ele>1872.0</ele></trkpt>
   <trkpt lat="45.979634" lon="11.358017"><ele>1871.4</ele></trkpt>
   <trkpt lat="45.979625" lon="11.358035"><ele>1870.8</ele></trkpt>
   <trkpt lat="45.979625" lon="11.358053"><ele>1870.2</ele></trkpt>
   <trkpt lat="45.979620" lon="11.358107"><ele>1869.4</ele></trkpt>
   <trkpt lat="45.979615" lon="11.358144"><ele>1869.6</ele></trkpt>
   <trkpt lat="45.979604" lon="11.358209"><ele>1870.0</ele></trkpt>
   <trkpt lat="45.979596" lon="11.358252"><ele>1870.6</ele></trkpt>
   <trkpt lat="45.979597" lon="11.358295"><ele>1871.4</ele></trkpt>
   <trkpt lat="45.979614" lon="11.358340"><ele>1872.6</ele></trkpt>
   <trkpt lat="45.979636" lon="11.358398"><ele>1873.8</ele></trkpt>
   <trkpt lat="45.979648" lon="11.358450"><ele>1874.8</ele></trkpt>
   <trkpt lat="45.979648" lon="11.358466"><ele>1875.2</ele></trkpt>
   <trkpt lat="45.979648" lon="11.358508"><ele>1875.8</ele></trkpt>
   <trkpt lat="45.979648" lon="11.358542"><ele>1876.2</ele></trkpt>
   <trkpt lat="45.979650" lon="11.358577"><ele>1876.8</ele></trkpt>
   <trkpt lat="45.979653" lon="11.358601"><ele>1877.2</ele></trkpt>
   <trkpt lat="45.979658" lon="11.358663"><ele>1877.8</ele></trkpt>
   <trkpt lat="45.979678" lon="11.358698"><ele>1878.4</ele></trkpt>
   <trkpt lat="45.979698" lon="11.358729"><ele>1879.0</ele></trkpt>
   <trkpt lat="45.979703" lon="11.358735"><ele>1879.4</ele></trkpt>
   <trkpt lat="45.979712" lon="11.358739"><ele>1879.8</ele></trkpt>
   <trkpt lat="45.979744" lon="11.358757"><ele>1880.4</ele></trkpt>
   <trkpt lat="45.979756" lon="11.358775"><ele>1881.0</ele></trkpt>
   <trkpt lat="45.979763" lon="11.358792"><ele>1881.8</ele></trkpt>
   <trkpt lat="45.979773" lon="11.358821"><ele>1882.4</ele></trkpt>
   <trkpt lat="45.979784" lon="11.358845"><ele>1883.0</ele></trkpt>
   <trkpt lat="45.979785" lon="11.358863"><ele>1883.6</ele></trkpt>
   <trkpt lat="45.979783" lon="11.358889"><ele>1884.2</ele></trkpt>
   <trkpt lat="45.979799" lon="11.358953"><ele>1885.2</ele></trkpt>
   <trkpt lat="45.979811" lon="11.359013"><ele>1886.0</ele></trkpt>
   <trkpt lat="45.979813" lon="11.359070"><ele>1886.4</ele></trkpt>
   <trkpt lat="45.979810" lon="11.359125"><ele>1887.2</ele></trkpt>
   <trkpt lat="45.979809" lon="11.359146"><ele>1887.4</ele></trkpt>
   <trkpt lat="45.979806" lon="11.359160"><ele>1887.4</ele></trkpt>
   <trkpt lat="45.979800" lon="11.359196"><ele>1887.6</ele></trkpt>
   <trkpt lat="45.979795" lon="11.359223"><ele>1887.4</ele></trkpt>
   <trkpt lat="45.979772" lon="11.359277"><ele>1886.8</ele></trkpt>
   <trkpt lat="45.979766" lon="11.359296"><ele>1886.2</ele></trkpt>
   <trkpt lat="45.979762" lon="11.359327"><ele>1885.6</ele></trkpt>
   <trkpt lat="45.979774" lon="11.359366"><ele>1885.0</ele></trkpt>
   <trkpt lat="45.979786" lon="11.359396"><ele>1884.8</ele></trkpt>
   <trkpt lat="45.979801" lon="11.359420"><ele>1885.0</ele></trkpt>
   <trkpt lat="45.979814" lon="11.359440"><ele>1885.2</ele></trkpt>
   <trkpt lat="45.979825" lon="11.359480"><ele>1886.2</ele></trkpt>
   <trkpt lat="45.979827" lon="11.359494"><ele>1886.4</ele></trkpt>
   <trkpt lat="45.979831" lon="11.359507"><ele>1886.6</ele></trkpt>
   <trkpt lat="45.979844" lon="11.359536"><ele>1887.4</ele></trkpt>
   <trkpt lat="45.979861" lon="11.359578"><ele>1888.4</ele></trkpt>
   <trkpt lat="45.979877" lon="11.359644"><ele>1889.4</ele></trkpt>
   <trkpt lat="45.979898" lon="11.359671"><ele>1890.6</ele></trkpt>
   <trkpt lat="45.979921" lon="11.359708"><ele>1891.6</ele></trkpt>
   <trkpt lat="45.979928" lon="11.359733"><ele>1892.0</ele></trkpt>
   <trkpt lat="45.979946" lon="11.359788"><ele>1892.6</ele></trkpt>
   <trkpt lat="45.979940" lon="11.359855"><ele>1893.4</ele></trkpt>
   <trkpt lat="45.979932" lon="11.359932"><ele>1892.8</ele></trkpt>
   <trkpt lat="45.979942" lon="11.360006"><ele>1891.6</ele></trkpt>
   <trkpt lat="45.979950" lon="11.360079"><ele>1891.2</ele></trkpt>
   <trkpt lat="45.979907" lon="11.360216"><ele>1890.6</ele></trkpt>
   <trkpt lat="45.979892" lon="11.360288"><ele>1889.2</ele></trkpt>
   <trkpt lat="45.979887" lon="11.360380"><ele>1888.0</ele></trkpt>
   <trkpt lat="45.979864" lon="11.360500"><ele>1887.0</ele></trkpt>
   <trkpt lat="45.979847" lon="11.360568"><ele>1886.0</ele></trkpt>
   <trkpt lat="45.979843" lon="11.360600"><ele>1885.8</ele></trkpt>
   <trkpt lat="45.979850" lon="11.360668"><ele>1885.0</ele></trkpt>
   <trkpt lat="45.979876" lon="11.360711"><ele>1885.2</ele></trkpt>
   <trkpt lat="45.979933" lon="11.360885"><ele>1887.0</ele></trkpt>
   <trkpt lat="45.979997" lon="11.361033"><ele>1887.2</ele></trkpt>
   <trkpt lat="45.980067" lon="11.361251"><ele>1888.2</ele></trkpt>
   <trkpt lat="45.980074" lon="11.361295"><ele>1888.4</ele></trkpt>
   <trkpt lat="45.980093" lon="11.361551"><ele>1888.2</ele></trkpt>
   <trkpt lat="45.980105" lon="11.361605"><ele>1888.0</ele></trkpt>
   <trkpt lat="45.980105" lon="11.361676"><ele>1888.0</ele></trkpt>
   <trkpt lat="45.980146" lon="11.361815"><ele>1888.6</ele></trkpt>
   <trkpt lat="45.980159" lon="11.361862"><ele>1888.6</ele></trkpt>
   <trkpt lat="45.980186" lon="11.362124"><ele>1888.0</ele></trkpt>
   <trkpt lat="45.980181" lon="11.362178"><ele>1887.0</ele></trkpt>
   <trkpt lat="45.980193" lon="11.362292"><ele>1886.0</ele></trkpt>
   <trkpt lat="45.980200" lon="11.362445"><ele>1885.6</ele></trkpt>
   <trkpt lat="45.980181" lon="11.362513"><ele>1885.0</ele></trkpt>
   <trkpt lat="45.980168" lon="11.362549"><ele>1884.8</ele></trkpt>
   <trkpt lat="45.980178" lon="11.362683"><ele>1883.8</ele></trkpt>
   <trkpt lat="45.980177" lon="11.362833"><ele>1883.2</ele></trkpt>
   <trkpt lat="45.980187" lon="11.362887"><ele>1882.8</ele></trkpt>
   <trkpt lat="45.980208" lon="11.362911"><ele>1882.2</ele></trkpt>
   <trkpt lat="45.980224" lon="11.362969"><ele>1881.8</ele></trkpt>
   <trkpt lat="45.980239" lon="11.363049"><ele>1882.4</ele></trkpt>
   <trkpt lat="45.980242" lon="11.363070"><ele>1882.8</ele></trkpt>
   <trkpt lat="45.980250" lon="11.363083"><ele>1883.4</ele></trkpt>
   <trkpt lat="45.980266" lon="11.363108"><ele>1883.8</ele></trkpt>
   <trkpt lat="45.980285" lon="11.363119"><ele>1884.4</ele></trkpt>
   <trkpt lat="45.980302" lon="11.363190"><ele>1885.0</ele></trkpt>
   <trkpt lat="45.980325" lon="11.363251"><ele>1886.2</ele></trkpt>
   <trkpt lat="45.980329" lon="11.363284"><ele>1886.8</ele></trkpt>
   <trkpt lat="45.980334" lon="11.363325"><ele>1887.2</ele></trkpt>
   <trkpt lat="45.980375" lon="11.363570"><ele>1888.0</ele></trkpt>
   <trkpt lat="45.980405" lon="11.363614"><ele>1888.2</ele></trkpt>
   <trkpt lat="45.980421" lon="11.363625"><ele>1888.8</ele></trkpt>
   <trkpt lat="45.980435" lon="11.363644"><ele>1889.6</ele></trkpt>
   <trkpt lat="45.980461" lon="11.363686"><ele>1890.8</ele></trkpt>
   <trkpt lat="45.980486" lon="11.363746"><ele>1892.2</ele></trkpt>
   <trkpt lat="45.980520" lon="11.363800"><ele>1893.2</ele></trkpt>
   <trkpt lat="45.980537" lon="11.363831"><ele>1894.2</ele></trkpt>
   <trkpt lat="45.980542" lon="11.363840"><ele>1894.6</ele></trkpt>
   <trkpt lat="45.980546" lon="11.363867"><ele>1895.4</ele></trkpt>
   <trkpt lat="45.980547" lon="11.363886"><ele>1895.6</ele></trkpt>
   <trkpt lat="45.980558" lon="11.363919"><ele>1896.0</ele></trkpt>
   <trkpt lat="45.980575" lon="11.363956"><ele>1896.4</ele></trkpt>
   <trkpt lat="45.980588" lon="11.363977"><ele>1896.8</ele></trkpt>
   <trkpt lat="45.980616" lon="11.364032"><ele>1898.0</ele></trkpt>
   <trkpt lat="45.980622" lon="11.364046"><ele>1898.4</ele></trkpt>
   <trkpt lat="45.980631" lon="11.364080"><ele>1899.0</ele></trkpt>
   <trkpt lat="45.980642" lon="11.364107"><ele>1899.4</ele></trkpt>
   <trkpt lat="45.980669" lon="11.364133"><ele>1900.2</ele></trkpt>
   <trkpt lat="45.980707" lon="11.364217"><ele>1901.2</ele></trkpt>
   <trkpt lat="45.980727" lon="11.364243"><ele>1901.6</ele></trkpt>
   <trkpt lat="45.980748" lon="11.364292"><ele>1902.4</ele></trkpt>
   <trkpt lat="45.980757" lon="11.364384"><ele>1903.4</ele></trkpt>
   <trkpt lat="45.980814" lon="11.364616"><ele>1904.4</ele></trkpt>
   <trkpt lat="45.980833" lon="11.364631"><ele>1905.4</ele></trkpt>
   <trkpt lat="45.980853" lon="11.364656"><ele>1906.6</ele></trkpt>
   <trkpt lat="45.980876" lon="11.364722"><ele>1908.0</ele></trkpt>
   <trkpt lat="45.980881" lon="11.364736"><ele>1908.2</ele></trkpt>
   <trkpt lat="45.980901" lon="11.364795"><ele>1909.0</ele></trkpt>
   <trkpt lat="45.980929" lon="11.364839"><ele>1909.8</ele></trkpt>
   <trkpt lat="45.980935" lon="11.364852"><ele>1910.2</ele></trkpt>
   <trkpt lat="45.980953" lon="11.364883"><ele>1910.8</ele></trkpt>
   <trkpt lat="45.980961" lon="11.364917"><ele>1911.4</ele></trkpt>
   <trkpt lat="45.980971" lon="11.364943"><ele>1911.8</ele></trkpt>
   <trkpt lat="45.981032" lon="11.365018"><ele>1912.6</ele></trkpt>
   <trkpt lat="45.981066" lon="11.365071"><ele>1913.8</ele></trkpt>
   <trkpt lat="45.981076" lon="11.365081"><ele>1914.4</ele></trkpt>
   <trkpt lat="45.981081" lon="11.365110"><ele>1915.2</ele></trkpt>
   <trkpt lat="45.981082" lon="11.365129"><ele>1915.6</ele></trkpt>
   <trkpt lat="45.981089" lon="11.365162"><ele>1916.2</ele></trkpt>
   <trkpt lat="45.981081" lon="11.365211"><ele>1916.4</ele></trkpt>
   <trkpt lat="45.980975" lon="11.365444"><ele>1915.0</ele></trkpt>
   <trkpt lat="45.980943" lon="11.365546"><ele>1913.8</ele></trkpt>
   <trkpt lat="45.980941" lon="11.365624"><ele>1913.4</ele></trkpt>
   <trkpt lat="45.980994" lon="11.365744"><ele>1912.8</ele></trkpt>
   <trkpt lat="45.981005" lon="11.365763"><ele>1912.6</ele></trkpt>
   <trkpt lat="45.981031" lon="11.365939"><ele>1913.6</ele></trkpt>
   <trkpt lat="45.981137" lon="11.366151"><ele>1913.2</ele></trkpt>
   <trkpt lat="45.981256" lon="11.366257"><ele>1914.0</ele></trkpt>
   <trkpt lat="45.981287" lon="11.366280"><ele>1914.6</ele></trkpt>
   <trkpt lat="45.981309" lon="11.366310"><ele>1915.2</ele></trkpt>
   <trkpt lat="45.981350" lon="11.366351"><ele>1916.2</ele></trkpt>
   <trkpt lat="45.981378" lon="11.366386"><ele>1916.8</ele></trkpt>
   <trkpt lat="45.981398" lon="11.366427"><ele>1917.4</ele></trkpt>
   <trkpt lat="45.981431" lon="11.366469"><ele>1918.2</ele></trkpt>
   <trkpt lat="45.981440" lon="11.366482"><ele>1918.6</ele></trkpt>
   <trkpt lat="45.981450" lon="11.366491"><ele>1918.8</ele></trkpt>
   <trkpt lat="45.981489" lon="11.366525"><ele>1919.6</ele></trkpt>
   <trkpt lat="45.981501" lon="11.366532"><ele>1919.8</ele></trkpt>
   <trkpt lat="45.981514" lon="11.366549"><ele>1920.2</ele></trkpt>
   <trkpt lat="45.981540" lon="11.366603"><ele>1921.0</ele></trkpt>
   <trkpt lat="45.981546" lon="11.366617"><ele>1921.2</ele></trkpt>
   <trkpt lat="45.981569" lon="11.366681"><ele>1921.8</ele></trkpt>
   <trkpt lat="45.981577" lon="11.366699"><ele>1922.2</ele></trkpt>
   <trkpt lat="45.981617" lon="11.366796"><ele>1922.8</ele></trkpt>
   <trkpt lat="45.981639" lon="11.366834"><ele>1923.2</ele></trkpt>
   <trkpt lat="45.981654" lon="11.366889"><ele>1924.2</ele></trkpt>
   <trkpt lat="45.981659" lon="11.366895"><ele>1924.6</ele></trkpt>
   <trkpt lat="45.981664" lon="11.366899"><ele>1924.8</ele></trkpt>
   <trkpt lat="45.981679" lon="11.366916"><ele>1925.4</ele></trkpt>
   <trkpt lat="45.981685" lon="11.366916"><ele>1925.6</ele></trkpt>
   <trkpt lat="45.981689" lon="11.366923"><ele>1926.0</ele></trkpt>
   <trkpt lat="45.981713" lon="11.366945"><ele>1926.8</ele></trkpt>
   <trkpt lat="45.981730" lon="11.366956"><ele>1927.4</ele></trkpt>
   <trkpt lat="45.981751" lon="11.366971"><ele>1927.8</ele></trkpt>
   <trkpt lat="45.981760" lon="11.366977"><ele>1928.2</ele></trkpt>
   <trkpt lat="45.981801" lon="11.367012"><ele>1929.4</ele></trkpt>
   <trkpt lat="45.981833" lon="11.367062"><ele>1930.4</ele></trkpt>
   <trkpt lat="45.981834" lon="11.367077"><ele>1930.6</ele></trkpt>
   <trkpt lat="45.981844" lon="11.367144"><ele>1931.8</ele></trkpt>
   <trkpt lat="45.981867" lon="11.367188"><ele>1932.4</ele></trkpt>
   <trkpt lat="45.981877" lon="11.367226"><ele>1933.0</ele></trkpt>
   <trkpt lat="45.981880" lon="11.367289"><ele>1933.4</ele></trkpt>
   <trkpt lat="45.981895" lon="11.367317"><ele>1933.8</ele></trkpt>
   <trkpt lat="45.981902" lon="11.367323"><ele>1934.0</ele></trkpt>
   <trkpt lat="45.981954" lon="11.367338"><ele>1935.2</ele></trkpt>
   <trkpt lat="45.981967" lon="11.367345"><ele>1935.6</ele></trkpt>
   <trkpt lat="45.981986" lon="11.367353"><ele>1936.4</ele></trkpt>
   <trkpt lat="45.981997" lon="11.367361"><ele>1936.6</ele></trkpt>
   <trkpt lat="45.982017" lon="11.367378"><ele>1937.0</ele></trkpt>
   <trkpt lat="45.982040" lon="11.367392"><ele>1937.6</ele></trkpt>
   <trkpt lat="45.982066" lon="11.367461"><ele>1938.6</ele></trkpt>
   <trkpt lat="45.982078" lon="11.367493"><ele>1939.2</ele></trkpt>
   <trkpt lat="45.982109" lon="11.367516"><ele>1939.6</ele></trkpt>
   <trkpt lat="45.982114" lon="11.367529"><ele>1939.8</ele></trkpt>
   <trkpt lat="45.982131" lon="11.367559"><ele>1940.6</ele></trkpt>
   <trkpt lat="45.982133" lon="11.367570"><ele>1940.8</ele></trkpt>
   <trkpt lat="45.982139" lon="11.367583"><ele>1941.2</ele></trkpt>
   <trkpt lat="45.982151" lon="11.367599"><ele>1941.6</ele></trkpt>
   <trkpt lat="45.982162" lon="11.367620"><ele>1942.0</ele></trkpt>
   <trkpt lat="45.982170" lon="11.367653"><ele>1942.6</ele></trkpt>
   <trkpt lat="45.982175" lon="11.367664"><ele>1943.0</ele></trkpt>
   <trkpt lat="45.982196" lon="11.367688"><ele>1944.0</ele></trkpt>
   <trkpt lat="45.982228" lon="11.367712"><ele>1945.2</ele></trkpt>
   <trkpt lat="45.982233" lon="11.367721"><ele>1945.4</ele></trkpt>
   <trkpt lat="45.982235" lon="11.367761"><ele>1946.2</ele></trkpt>
   <trkpt lat="45.982236" lon="11.367829"><ele>1947.2</ele></trkpt>
   <trkpt lat="45.982242" lon="11.367928"><ele>1948.4</ele></trkpt>
   <trkpt lat="45.982245" lon="11.367966"><ele>1948.6</ele></trkpt>
   <trkpt lat="45.982256" lon="11.367990"><ele>1949.2</ele></trkpt>
   <trkpt lat="45.982263" lon="11.367994"><ele>1949.4</ele></trkpt>
   <trkpt lat="45.982274" lon="11.368011"><ele>1949.8</ele></trkpt>
   <trkpt lat="45.982283" lon="11.368038"><ele>1950.6</ele></trkpt>
   <trkpt lat="45.982287" lon="11.368054"><ele>1951.2</ele></trkpt>
   <trkpt lat="45.982288" lon="11.368075"><ele>1951.8</ele></trkpt>
   <trkpt lat="45.982287" lon="11.368109"><ele>1953.0</ele></trkpt>
   <trkpt lat="45.982289" lon="11.368146"><ele>1954.0</ele></trkpt>
   <trkpt lat="45.982258" lon="11.368223"><ele>1954.8</ele></trkpt>
   <trkpt lat="45.982257" lon="11.368256"><ele>1955.0</ele></trkpt>
   <trkpt lat="45.982267" lon="11.368285"><ele>1955.4</ele></trkpt>
   <trkpt lat="45.982275" lon="11.368312"><ele>1956.4</ele></trkpt>
   <trkpt lat="45.982296" lon="11.368339"><ele>1957.4</ele></trkpt>
   <trkpt lat="45.982313" lon="11.368369"><ele>1958.8</ele></trkpt>
   <trkpt lat="45.982310" lon="11.368415"><ele>1960.0</ele></trkpt>
   <trkpt lat="45.982326" lon="11.368443"><ele>1961.0</ele></trkpt>
   <trkpt lat="45.982343" lon="11.368469"><ele>1962.2</ele></trkpt>
   <trkpt lat="45.982317" lon="11.368522"><ele>1963.4</ele></trkpt>
   <trkpt lat="45.982306" lon="11.368594"><ele>1964.0</ele></trkpt>
   <trkpt lat="45.982303" lon="11.368636"><ele>1964.4</ele></trkpt>
   <trkpt lat="45.982301" lon="11.368664"><ele>1964.4</ele></trkpt>
   <trkpt lat="45.982306" lon="11.368695"><ele>1964.8</ele></trkpt>
   <trkpt lat="45.982308" lon="11.368748"><ele>1965.6</ele></trkpt>
   <trkpt lat="45.982314" lon="11.368784"><ele>1966.8</ele></trkpt>
   <trkpt lat="45.982337" lon="11.368832"><ele>1967.6</ele></trkpt>
   <trkpt lat="45.982335" lon="11.368849"><ele>1967.8</ele></trkpt>
   <trkpt lat="45.982336" lon="11.368913"><ele>1969.0</ele></trkpt>
   <trkpt lat="45.982345" lon="11.368942"><ele>1969.4</ele></trkpt>
   <trkpt lat="45.982349" lon="11.369041"><ele>1970.2</ele></trkpt>
   <trkpt lat="45.982408" lon="11.369236"><ele>1971.2</ele></trkpt>
   <trkpt lat="45.982430" lon="11.369298"><ele>1971.6</ele></trkpt>
   <trkpt lat="45.982440" lon="11.369432"><ele>1972.4</ele></trkpt>
   <trkpt lat="45.982436" lon="11.369459"><ele>1972.6</ele></trkpt>
   <trkpt lat="45.982414" lon="11.369728"><ele>1973.2</ele></trkpt>
   <trkpt lat="45.982417" lon="11.369757"><ele>1973.0</ele></trkpt>
   <trkpt lat="45.982436" lon="11.370019"><ele>1972.2</ele></trkpt>
   <trkpt lat="45.982447" lon="11.370217"><ele>1972.0</ele></trkpt>
   <trkpt lat="45.982469" lon="11.370290"><ele>1972.8</ele></trkpt>
   <trkpt lat="45.982485" lon="11.370343"><ele>1973.6</ele></trkpt>
   <trkpt lat="45.982493" lon="11.370425"><ele>1974.8</ele></trkpt>
   <trkpt lat="45.982499" lon="11.370463"><ele>1975.4</ele></trkpt>
   <trkpt lat="45.982517" lon="11.370505"><ele>1976.0</ele></trkpt>
   <trkpt lat="45.982536" lon="11.370567"><ele>1977.0</ele></trkpt>
   <trkpt lat="45.982544" lon="11.370616"><ele>1978.2</ele></trkpt>
   <trkpt lat="45.982561" lon="11.370680"><ele>1979.4</ele></trkpt>
   <trkpt lat="45.982576" lon="11.370771"><ele>1980.4</ele></trkpt>
   <trkpt lat="45.982579" lon="11.370807"><ele>1981.0</ele></trkpt>
   <trkpt lat="45.982569" lon="11.370835"><ele>1981.4</ele></trkpt>
   <trkpt lat="45.982579" lon="11.370943"><ele>1982.2</ele></trkpt>
   <trkpt lat="45.982582" lon="11.370977"><ele>1982.8</ele></trkpt>
   <trkpt lat="45.982593" lon="11.371028"><ele>1983.8</ele></trkpt>
   <trkpt lat="45.982605" lon="11.371098"><ele>1985.0</ele></trkpt>
   <trkpt lat="45.982629" lon="11.371166"><ele>1986.4</ele></trkpt>
   <trkpt lat="45.982643" lon="11.371215"><ele>1987.6</ele></trkpt>
   <trkpt lat="45.982659" lon="11.371269"><ele>1988.8</ele></trkpt>
   <trkpt lat="45.982687" lon="11.371327"><ele>1989.8</ele></trkpt>
   <trkpt lat="45.982696" lon="11.371361"><ele>1991.0</ele></trkpt>
   <trkpt lat="45.982721" lon="11.371414"><ele>1992.4</ele></trkpt>
   <trkpt lat="45.982745" lon="11.371467"><ele>1993.4</ele></trkpt>
   <trkpt lat="45.982756" lon="11.371502"><ele>1994.2</ele></trkpt>
   <trkpt lat="45.982758" lon="11.371531"><ele>1994.6</ele></trkpt>
   <trkpt lat="45.982777" lon="11.371597"><ele>1995.8</ele></trkpt>
   <trkpt lat="45.982796" lon="11.371670"><ele>1997.0</ele></trkpt>
   <trkpt lat="45.982813" lon="11.371748"><ele>1998.2</ele></trkpt>
   <trkpt lat="45.982837" lon="11.371825"><ele>1999.2</ele></trkpt>
   <trkpt lat="45.982844" lon="11.371863"><ele>1999.8</ele></trkpt>
   <trkpt lat="45.982845" lon="11.371901"><ele>2000.4</ele></trkpt>
   <trkpt lat="45.982857" lon="11.372024"><ele>2001.4</ele></trkpt>
   <trkpt lat="45.982876" lon="11.372296"><ele>2001.8</ele></trkpt>
   <trkpt lat="45.982873" lon="11.372570"><ele>2001.4</ele></trkpt>
   <trkpt lat="45.982861" lon="11.372703"><ele>2000.2</ele></trkpt>
   <trkpt lat="45.982894" lon="11.372856"><ele>1999.0</ele></trkpt>
   <trkpt lat="45.982991" lon="11.373090"><ele>1998.0</ele></trkpt>
   <trkpt lat="45.983073" lon="11.373318"><ele>1997.2</ele></trkpt>
   <trkpt lat="45.983213" lon="11.373489"><ele>1997.2</ele></trkpt>
   <trkpt lat="45.983371" lon="11.373629"><ele>1997.2</ele></trkpt>
   <trkpt lat="45.983503" lon="11.373834"><ele>1997.4</ele></trkpt>
   <trkpt lat="45.983566" lon="11.373975"><ele>1997.6</ele></trkpt>
   <trkpt lat="45.983568" lon="11.374079"><ele>1997.2</ele></trkpt>
   <trkpt lat="45.983571" lon="11.374099"><ele>1997.0</ele></trkpt>
   <trkpt lat="45.983574" lon="11.374165"><ele>1997.2</ele></trkpt>
   <trkpt lat="45.983583" lon="11.374189"><ele>1997.0</ele></trkpt>
   <trkpt lat="45.983596" lon="11.374224"><ele>1996.6</ele></trkpt>
   <trkpt lat="45.983630" lon="11.374476"><ele>1996.4</ele></trkpt>
   <trkpt lat="45.983642" lon="11.374545"><ele>1996.6</ele></trkpt>
   <trkpt lat="45.983646" lon="11.374570"><ele>1996.6</ele></trkpt>
   <trkpt lat="45.983683" lon="11.374584"><ele>1997.8</ele></trkpt>
   <trkpt lat="45.983690" lon="11.374599"><ele>1998.2</ele></trkpt>
   <trkpt lat="45.983709" lon="11.374639"><ele>1999.2</ele></trkpt>
   <trkpt lat="45.983748" lon="11.374695"><ele>2000.4</ele></trkpt>
   <trkpt lat="45.983752" lon="11.374710"><ele>2000.8</ele></trkpt>
   <trkpt lat="45.983743" lon="11.374893"><ele>2001.4</ele></trkpt>
   <trkpt lat="45.983742" lon="11.374925"><ele>2001.4</ele></trkpt>
   <trkpt lat="45.983747" lon="11.375207"><ele>2000.8</ele></trkpt>
   <trkpt lat="45.983754" lon="11.375325"><ele>2000.4</ele></trkpt>
   <trkpt lat="45.983767" lon="11.375513"><ele>2001.4</ele></trkpt>
   <trkpt lat="45.983769" lon="11.375525"><ele>2001.4</ele></trkpt>
   <trkpt lat="45.983774" lon="11.375537"><ele>2001.8</ele></trkpt>
   <trkpt lat="45.983777" lon="11.375560"><ele>2002.0</ele></trkpt>
   <trkpt lat="45.983774" lon="11.375584"><ele>2002.4</ele></trkpt>
   <trkpt lat="45.983788" lon="11.375617"><ele>2003.6</ele></trkpt>
   <trkpt lat="45.983803" lon="11.375617"><ele>2005.0</ele></trkpt>
   <trkpt lat="45.983836" lon="11.375599"><ele>2006.2</ele></trkpt>
   <trkpt lat="45.983862" lon="11.375608"><ele>2007.2</ele></trkpt>
   <trkpt lat="45.983887" lon="11.375636"><ele>2008.2</ele></trkpt>
   <trkpt lat="45.983895" lon="11.375653"><ele>2008.4</ele></trkpt>
   <trkpt lat="45.983920" lon="11.375719"><ele>2009.6</ele></trkpt>
   <trkpt lat="45.983941" lon="11.375745"><ele>2010.0</ele></trkpt>
   <trkpt lat="45.983956" lon="11.375768"><ele>2010.8</ele></trkpt>
   <trkpt lat="45.983982" lon="11.375833"><ele>2012.0</ele></trkpt>
   <trkpt lat="45.984006" lon="11.375904"><ele>2012.4</ele></trkpt>
   <trkpt lat="45.984008" lon="11.375991"><ele>2013.0</ele></trkpt>
   <trkpt lat="45.984005" lon="11.376090"><ele>2014.2</ele></trkpt>
   <trkpt lat="45.984011" lon="11.376157"><ele>2015.4</ele></trkpt>
   <trkpt lat="45.984042" lon="11.376278"><ele>2016.4</ele></trkpt>
   <trkpt lat="45.984062" lon="11.376331"><ele>2017.4</ele></trkpt>
   <trkpt lat="45.984070" lon="11.376371"><ele>2017.8</ele></trkpt>
   <trkpt lat="45.984069" lon="11.376420"><ele>2017.8</ele></trkpt>
   <trkpt lat="45.984077" lon="11.376438"><ele>2017.8</ele></trkpt>
   <trkpt lat="45.984105" lon="11.376477"><ele>2018.8</ele></trkpt>
   <trkpt lat="45.984114" lon="11.376496"><ele>2019.6</ele></trkpt>
   <trkpt lat="45.984117" lon="11.376506"><ele>2020.0</ele></trkpt>
   <trkpt lat="45.984112" lon="11.376550"><ele>2021.4</ele></trkpt>
   <trkpt lat="45.984112" lon="11.376564"><ele>2021.6</ele></trkpt>
   <trkpt lat="45.984115" lon="11.376602"><ele>2022.4</ele></trkpt>
   <trkpt lat="45.984117" lon="11.376689"><ele>2022.6</ele></trkpt>
   <trkpt lat="45.984066" lon="11.376762"><ele>2022.2</ele></trkpt>
   <trkpt lat="45.984045" lon="11.376787"><ele>2021.4</ele></trkpt>
   <trkpt lat="45.984028" lon="11.376823"><ele>2020.0</ele></trkpt>
   <trkpt lat="45.984013" lon="11.376860"><ele>2018.8</ele></trkpt>
   <trkpt lat="45.983985" lon="11.376923"><ele>2017.0</ele></trkpt>
   <trkpt lat="45.983952" lon="11.376999"><ele>2015.8</ele></trkpt>
   <trkpt lat="45.983909" lon="11.377055"><ele>2014.4</ele></trkpt>
   <trkpt lat="45.983897" lon="11.377086"><ele>2013.6</ele></trkpt>
   <trkpt lat="45.983889" lon="11.377120"><ele>2012.8</ele></trkpt>
   <trkpt lat="45.983864" lon="11.377182"><ele>2011.6</ele></trkpt>
   <trkpt lat="45.983828" lon="11.377271"><ele>2010.6</ele></trkpt>
   <trkpt lat="45.983808" lon="11.377342"><ele>2009.2</ele></trkpt>
   <trkpt lat="45.983783" lon="11.377403"><ele>2007.8</ele></trkpt>
   <trkpt lat="45.983754" lon="11.377454"><ele>2006.8</ele></trkpt>
   <trkpt lat="45.983716" lon="11.377489"><ele>2005.6</ele></trkpt>
   <trkpt lat="45.983695" lon="11.377510"><ele>2005.0</ele></trkpt>
   <trkpt lat="45.983680" lon="11.377540"><ele>2004.4</ele></trkpt>
   <trkpt lat="45.983658" lon="11.377597"><ele>2003.0</ele></trkpt>
   <trkpt lat="45.983571" lon="11.377706"><ele>2002.0</ele></trkpt>
   <trkpt lat="45.983561" lon="11.377738"><ele>2001.6</ele></trkpt>
   <trkpt lat="45.983536" lon="11.377802"><ele>2001.0</ele></trkpt>
   <trkpt lat="45.983489" lon="11.377851"><ele>1999.6</ele></trkpt>
   <trkpt lat="45.983440" lon="11.377883"><ele>1998.2</ele></trkpt>
   <trkpt lat="45.983400" lon="11.377924"><ele>1997.2</ele></trkpt>
   <trkpt lat="45.983361" lon="11.377973"><ele>1995.4</ele></trkpt>
   <trkpt lat="45.983329" lon="11.378003"><ele>1994.2</ele></trkpt>
   <trkpt lat="45.983301" lon="11.378022"><ele>1993.8</ele></trkpt>
   <trkpt lat="45.983282" lon="11.378104"><ele>1993.0</ele></trkpt>
   <trkpt lat="45.983307" lon="11.378371"><ele>1993.2</ele></trkpt>
   <trkpt lat="45.983275" lon="11.378466"><ele>1991.6</ele></trkpt>
   <trkpt lat="45.983251" lon="11.378530"><ele>1990.4</ele></trkpt>
   <trkpt lat="45.983222" lon="11.378612"><ele>1989.2</ele></trkpt>
   <trkpt lat="45.983198" lon="11.378670"><ele>1988.0</ele></trkpt>
   <trkpt lat="45.983178" lon="11.378728"><ele>1986.8</ele></trkpt>
   <trkpt lat="45.983158" lon="11.378833"><ele>1985.8</ele></trkpt>
   <trkpt lat="45.983155" lon="11.378900"><ele>1984.6</ele></trkpt>
   <trkpt lat="45.983138" lon="11.378973"><ele>1983.4</ele></trkpt>
   <trkpt lat="45.983103" lon="11.379078"><ele>1982.2</ele></trkpt>
   <trkpt lat="45.983053" lon="11.379182"><ele>1980.8</ele></trkpt>
   <trkpt lat="45.983038" lon="11.379254"><ele>1979.6</ele></trkpt>
   <trkpt lat="45.983034" lon="11.379299"><ele>1978.2</ele></trkpt>
   <trkpt lat="45.983026" lon="11.379347"><ele>1977.0</ele></trkpt>
   <trkpt lat="45.983020" lon="11.379416"><ele>1975.8</ele></trkpt>
   <trkpt lat="45.983015" lon="11.379474"><ele>1974.6</ele></trkpt>
   <trkpt lat="45.983008" lon="11.379541"><ele>1973.4</ele></trkpt>
   <trkpt lat="45.983001" lon="11.379604"><ele>1972.0</ele></trkpt>
   <trkpt lat="45.982989" lon="11.379731"><ele>1970.8</ele></trkpt>
   <trkpt lat="45.983006" lon="11.379839"><ele>1969.8</ele></trkpt>
   <trkpt lat="45.983012" lon="11.379952"><ele>1968.6</ele></trkpt>
   <trkpt lat="45.983006" lon="11.380072"><ele>1967.6</ele></trkpt>
   <trkpt lat="45.983029" lon="11.380217"><ele>1966.4</ele></trkpt>
   <trkpt lat="45.983027" lon="11.380316"><ele>1965.0</ele></trkpt>
   <trkpt lat="45.983013" lon="11.380410"><ele>1964.0</ele></trkpt>
   <trkpt lat="45.982981" lon="11.380576"><ele>1962.6</ele></trkpt>
   <trkpt lat="45.982980" lon="11.380604"><ele>1962.2</ele></trkpt>
   <trkpt lat="45.982980" lon="11.380641"><ele>1961.4</ele></trkpt>
   <trkpt lat="45.982968" lon="11.380745"><ele>1960.0</ele></trkpt>
   <trkpt lat="45.982972" lon="11.380862"><ele>1958.6</ele></trkpt>
   <trkpt lat="45.982972" lon="11.380943"><ele>1957.4</ele></trkpt>
   <trkpt lat="45.982940" lon="11.381138"><ele>1956.2</ele></trkpt>
   <trkpt lat="45.982929" lon="11.381224"><ele>1955.0</ele></trkpt>
   <trkpt lat="45.982899" lon="11.381336"><ele>1953.2</ele></trkpt>
   <trkpt lat="45.982879" lon="11.381404"><ele>1951.8</ele></trkpt>
   <trkpt lat="45.982843" lon="11.381486"><ele>1950.4</ele></trkpt>
   <trkpt lat="45.982822" lon="11.381542"><ele>1949.2</ele></trkpt>
   <trkpt lat="45.982793" lon="11.381656"><ele>1947.6</ele></trkpt>
   <trkpt lat="45.982774" lon="11.381737"><ele>1946.2</ele></trkpt>
   <trkpt lat="45.982758" lon="11.381840"><ele>1945.2</ele></trkpt>
   <trkpt lat="45.982734" lon="11.381894"><ele>1944.0</ele></trkpt>
   <trkpt lat="45.982725" lon="11.381929"><ele>1943.6</ele></trkpt>
   <trkpt lat="45.982722" lon="11.382013"><ele>1942.8</ele></trkpt>
   <trkpt lat="45.982703" lon="11.382119"><ele>1941.6</ele></trkpt>
   <trkpt lat="45.982691" lon="11.382196"><ele>1940.2</ele></trkpt>
   <trkpt lat="45.982659" lon="11.382321"><ele>1939.0</ele></trkpt>
   <trkpt lat="45.982620" lon="11.382508"><ele>1937.6</ele></trkpt>
   <trkpt lat="45.982607" lon="11.382596"><ele>1936.6</ele></trkpt>
   <trkpt lat="45.982594" lon="11.382720"><ele>1935.4</ele></trkpt>
   <trkpt lat="45.982498" lon="11.382864"><ele>1934.4</ele></trkpt>
   <trkpt lat="45.982481" lon="11.382863"><ele>1934.2</ele></trkpt>
   <trkpt lat="45.982445" lon="11.382871"><ele>1934.4</ele></trkpt>
   <trkpt lat="45.982403" lon="11.382835"><ele>1935.2</ele></trkpt>
   <trkpt lat="45.982387" lon="11.382871"><ele>1935.6</ele></trkpt>
   <trkpt lat="45.982374" lon="11.382922"><ele>1935.6</ele></trkpt>
   <trkpt lat="45.982334" lon="11.383014"><ele>1934.0</ele></trkpt>
   <trkpt lat="45.982328" lon="11.383046"><ele>1932.8</ele></trkpt>
   <trkpt lat="45.982323" lon="11.383050"><ele>1932.4</ele></trkpt>
   <trkpt lat="45.982307" lon="11.383046"><ele>1932.0</ele></trkpt>
   <trkpt lat="45.982299" lon="11.383068"><ele>1931.6</ele></trkpt>
   <trkpt lat="45.982293" lon="11.383146"><ele>1930.6</ele></trkpt>
   <trkpt lat="45.982279" lon="11.383226"><ele>1929.2</ele></trkpt>
   <trkpt lat="45.982266" lon="11.383276"><ele>1928.0</ele></trkpt>
   <trkpt lat="45.982246" lon="11.383390"><ele>1926.4</ele></trkpt>
   <trkpt lat="45.982238" lon="11.383439"><ele>1925.2</ele></trkpt>
   <trkpt lat="45.982230" lon="11.383490"><ele>1923.6</ele></trkpt>
   <trkpt lat="45.982224" lon="11.383532"><ele>1922.4</ele></trkpt>
   <trkpt lat="45.982211" lon="11.383585"><ele>1921.0</ele></trkpt>
   <trkpt lat="45.982209" lon="11.383670"><ele>1919.4</ele></trkpt>
   <trkpt lat="45.982201" lon="11.383717"><ele>1918.2</ele></trkpt>
   <trkpt lat="45.982200" lon="11.383765"><ele>1917.0</ele></trkpt>
   <trkpt lat="45.982195" lon="11.383783"><ele>1916.4</ele></trkpt>
   <trkpt lat="45.982172" lon="11.383810"><ele>1915.8</ele></trkpt>
   <trkpt lat="45.982167" lon="11.383850"><ele>1914.4</ele></trkpt>
   <trkpt lat="45.982165" lon="11.383880"><ele>1913.2</ele></trkpt>
   <trkpt lat="45.982136" lon="11.383922"><ele>1912.4</ele></trkpt>
   <trkpt lat="45.982118" lon="11.383919"><ele>1912.0</ele></trkpt>
   <trkpt lat="45.982058" lon="11.383904"><ele>1910.8</ele></trkpt>
   <trkpt lat="45.982064" lon="11.383939"><ele>1909.6</ele></trkpt>
   <trkpt lat="45.982078" lon="11.383976"><ele>1908.0</ele></trkpt>
   <trkpt lat="45.982092" lon="11.384019"><ele>1906.8</ele></trkpt>
   <trkpt lat="45.982061" lon="11.384070"><ele>1905.8</ele></trkpt>
   <trkpt lat="45.982050" lon="11.384089"><ele>1905.0</ele></trkpt>
   <trkpt lat="45.982044" lon="11.384115"><ele>1904.2</ele></trkpt>
   <trkpt lat="45.982049" lon="11.384160"><ele>1902.6</ele></trkpt>
   <trkpt lat="45.982060" lon="11.384212"><ele>1901.0</ele></trkpt>
   <trkpt lat="45.982061" lon="11.384261"><ele>1900.0</ele></trkpt>
   <trkpt lat="45.982065" lon="11.384286"><ele>1899.2</ele></trkpt>
   <trkpt lat="45.982079" lon="11.384313"><ele>1898.4</ele></trkpt>
   <trkpt lat="45.982111" lon="11.384378"><ele>1896.8</ele></trkpt>
   <trkpt lat="45.982101" lon="11.384446"><ele>1895.2</ele></trkpt>
   <trkpt lat="45.982046" lon="11.384476"><ele>1894.0</ele></trkpt>
   <trkpt lat="45.981985" lon="11.384505"><ele>1892.0</ele></trkpt>
   <trkpt lat="45.981923" lon="11.384525"><ele>1890.6</ele></trkpt>
   <trkpt lat="45.981864" lon="11.384558"><ele>1889.0</ele></trkpt>
   <trkpt lat="45.981841" lon="11.384581"><ele>1887.8</ele></trkpt>
   <trkpt lat="45.981816" lon="11.384614"><ele>1886.2</ele></trkpt>
   <trkpt lat="45.981793" lon="11.384644"><ele>1884.8</ele></trkpt>
   <trkpt lat="45.981748" lon="11.384698"><ele>1883.0</ele></trkpt>
   <trkpt lat="45.981709" lon="11.384758"><ele>1881.6</ele></trkpt>
   <trkpt lat="45.981666" lon="11.384803"><ele>1879.8</ele></trkpt>
   <trkpt lat="45.981630" lon="11.384858"><ele>1877.8</ele></trkpt>
   <trkpt lat="45.981578" lon="11.384910"><ele>1876.0</ele></trkpt>
   <trkpt lat="45.981517" lon="11.384956"><ele>1874.4</ele></trkpt>
   <trkpt lat="45.981488" lon="11.384969"><ele>1873.2</ele></trkpt>
   <trkpt lat="45.981462" lon="11.384992"><ele>1872.0</ele></trkpt>
   <trkpt lat="45.981438" lon="11.385018"><ele>1870.6</ele></trkpt>
   <trkpt lat="45.981416" lon="11.385040"><ele>1869.6</ele></trkpt>
   <trkpt lat="45.981391" lon="11.385061"><ele>1868.4</ele></trkpt>
   <trkpt lat="45.981346" lon="11.385094"><ele>1866.4</ele></trkpt>
   <trkpt lat="45.981317" lon="11.385112"><ele>1865.2</ele></trkpt>
   <trkpt lat="45.981285" lon="11.385125"><ele>1864.2</ele></trkpt>
   <trkpt lat="45.981216" lon="11.385157"><ele>1862.4</ele></trkpt>
   <trkpt lat="45.981154" lon="11.385195"><ele>1860.2</ele></trkpt>
   <trkpt lat="45.981122" lon="11.385219"><ele>1858.6</ele></trkpt>
   <trkpt lat="45.981092" lon="11.385239"><ele>1857.2</ele></trkpt>
   <trkpt lat="45.981033" lon="11.385286"><ele>1855.4</ele></trkpt>
   <trkpt lat="45.980976" lon="11.385331"><ele>1853.6</ele></trkpt>
   <trkpt lat="45.980949" lon="11.385361"><ele>1852.8</ele></trkpt>
   <trkpt lat="45.980921" lon="11.385394"><ele>1852.0</ele></trkpt>
   <trkpt lat="45.980868" lon="11.385464"><ele>1850.6</ele></trkpt>
   <trkpt lat="45.980811" lon="11.385528"><ele>1849.0</ele></trkpt>
   <trkpt lat="45.980746" lon="11.385572"><ele>1847.2</ele></trkpt>
   <trkpt lat="45.980676" lon="11.385599"><ele>1845.8</ele></trkpt>
   <trkpt lat="45.980607" lon="11.385623"><ele>1844.4</ele></trkpt>
   <trkpt lat="45.980542" lon="11.385638"><ele>1843.2</ele></trkpt>
   <trkpt lat="45.980465" lon="11.385675"><ele>1842.0</ele></trkpt>
   <trkpt lat="45.980388" lon="11.385707"><ele>1840.6</ele></trkpt>
   <trkpt lat="45.980322" lon="11.385740"><ele>1838.8</ele></trkpt>
   <trkpt lat="45.980251" lon="11.385782"><ele>1837.4</ele></trkpt>
   <trkpt lat="45.980184" lon="11.385824"><ele>1836.0</ele></trkpt>
   <trkpt lat="45.980123" lon="11.385878"><ele>1834.4</ele></trkpt>
   <trkpt lat="45.980058" lon="11.385932"><ele>1832.8</ele></trkpt>
   <trkpt lat="45.979996" lon="11.385980"><ele>1831.2</ele></trkpt>
   <trkpt lat="45.979941" lon="11.386037"><ele>1829.8</ele></trkpt>
   <trkpt lat="45.979857" lon="11.386120"><ele>1828.8</ele></trkpt>
   <trkpt lat="45.979774" lon="11.386200"><ele>1827.6</ele></trkpt>
   <trkpt lat="45.979684" lon="11.386279"><ele>1826.6</ele></trkpt>
   <trkpt lat="45.979594" lon="11.386362"><ele>1825.2</ele></trkpt>
   <trkpt lat="45.979516" lon="11.386450"><ele>1823.8</ele></trkpt>
   <trkpt lat="45.979377" lon="11.386615"><ele>1823.0</ele></trkpt>
   <trkpt lat="45.979316" lon="11.386663"><ele>1822.6</ele></trkpt>
   <trkpt lat="45.979159" lon="11.386794"><ele>1821.4</ele></trkpt>
   <trkpt lat="45.979067" lon="11.386852"><ele>1820.0</ele></trkpt>
   <trkpt lat="45.979003" lon="11.386895"><ele>1818.8</ele></trkpt>
   <trkpt lat="45.978875" lon="11.386984"><ele>1817.6</ele></trkpt>
   <trkpt lat="45.978686" lon="11.387046"><ele>1817.2</ele></trkpt>
   <trkpt lat="45.978588" lon="11.387055"><ele>1816.4</ele></trkpt>
   <trkpt lat="45.978525" lon="11.387081"><ele>1815.4</ele></trkpt>
   <trkpt lat="45.978451" lon="11.387148"><ele>1814.2</ele></trkpt>
   <trkpt lat="45.978354" lon="11.387325"><ele>1813.2</ele></trkpt>
   <trkpt lat="45.978278" lon="11.387481"><ele>1812.0</ele></trkpt>
   <trkpt lat="45.978144" lon="11.387709"><ele>1811.6</ele></trkpt>
   <trkpt lat="45.978069" lon="11.387815"><ele>1810.4</ele></trkpt>
   <trkpt lat="45.978021" lon="11.387879"><ele>1809.4</ele></trkpt>
   <trkpt lat="45.977953" lon="11.387975"><ele>1808.0</ele></trkpt>
   <trkpt lat="45.977886" lon="11.388074"><ele>1807.0</ele></trkpt>
   <trkpt lat="45.977766" lon="11.388304"><ele>1805.8</ele></trkpt>
   <trkpt lat="45.977729" lon="11.388385"><ele>1805.4</ele></trkpt>
   <trkpt lat="45.977673" lon="11.388509"><ele>1804.8</ele></trkpt>
   <trkpt lat="45.977562" lon="11.388745"><ele>1803.4</ele></trkpt>
   <trkpt lat="45.977503" lon="11.388860"><ele>1802.4</ele></trkpt>
   <trkpt lat="45.977447" lon="11.389042"><ele>1801.4</ele></trkpt>
   <trkpt lat="45.977412" lon="11.389304"><ele>1800.8</ele></trkpt>
   <trkpt lat="45.977399" lon="11.389403"><ele>1800.4</ele></trkpt>
   <trkpt lat="45.977383" lon="11.389546"><ele>1798.8</ele></trkpt>
   <trkpt lat="45.977369" lon="11.389639"><ele>1797.6</ele></trkpt>
   <trkpt lat="45.977351" lon="11.389724"><ele>1796.0</ele></trkpt>
   <trkpt lat="45.977324" lon="11.389802"><ele>1794.8</ele></trkpt>
   <trkpt lat="45.977228" lon="11.389985"><ele>1793.8</ele></trkpt>
   <trkpt lat="45.977192" lon="11.390114"><ele>1792.4</ele></trkpt>
   <trkpt lat="45.977169" lon="11.390196"><ele>1791.0</ele></trkpt>
   <trkpt lat="45.977138" lon="11.390266"><ele>1789.2</ele></trkpt>
   <trkpt lat="45.977105" lon="11.390341"><ele>1787.6</ele></trkpt>
   <trkpt lat="45.977060" lon="11.390395"><ele>1786.2</ele></trkpt>
   <trkpt lat="45.977005" lon="11.390451"><ele>1785.0</ele></trkpt>
   <trkpt lat="45.976913" lon="11.390549"><ele>1783.6</ele></trkpt>
   <trkpt lat="45.976823" lon="11.390628"><ele>1782.2</ele></trkpt>
   <trkpt lat="45.976769" lon="11.390687"><ele>1780.8</ele></trkpt>
   <trkpt lat="45.976719" lon="11.390762"><ele>1779.8</ele></trkpt>
   <trkpt lat="45.976635" lon="11.390863"><ele>1778.6</ele></trkpt>
   <trkpt lat="45.976539" lon="11.390912"><ele>1777.4</ele></trkpt>
   <trkpt lat="45.976452" lon="11.390909"><ele>1776.0</ele></trkpt>
   <trkpt lat="45.976333" lon="11.390847"><ele>1775.0</ele></trkpt>
   <trkpt lat="45.976241" lon="11.390708"><ele>1773.8</ele></trkpt>
   <trkpt lat="45.976194" lon="11.390428"><ele>1773.6</ele></trkpt>
   <trkpt lat="45.976060" lon="11.390219"><ele>1774.4</ele></trkpt>
   <trkpt lat="45.976017" lon="11.390159"><ele>1775.0</ele></trkpt>
   <trkpt lat="45.975894" lon="11.389970"><ele>1774.6</ele></trkpt>
   <trkpt lat="45.975768" lon="11.389774"><ele>1773.8</ele></trkpt>
   <trkpt lat="45.975628" lon="11.389586"><ele>1773.2</ele></trkpt>
   <trkpt lat="45.975473" lon="11.389410"><ele>1773.8</ele></trkpt>
   <trkpt lat="45.975365" lon="11.389263"><ele>1772.6</ele></trkpt>
   <trkpt lat="45.975237" lon="11.389079"><ele>1771.8</ele></trkpt>
   <trkpt lat="45.975191" lon="11.389019"><ele>1771.6</ele></trkpt>
   <trkpt lat="45.975048" lon="11.388817"><ele>1771.0</ele></trkpt>
   <trkpt lat="45.974972" lon="11.388568"><ele>1771.0</ele></trkpt>
   <trkpt lat="45.974909" lon="11.388320"><ele>1771.6</ele></trkpt>
   <trkpt lat="45.974870" lon="11.388038"><ele>1770.8</ele></trkpt>
   <trkpt lat="45.974860" lon="11.387952"><ele>1770.6</ele></trkpt>
   <trkpt lat="45.974857" lon="11.387849"><ele>1770.4</ele></trkpt>
   <trkpt lat="45.974858" lon="11.387762"><ele>1770.6</ele></trkpt>
   <trkpt lat="45.974848" lon="11.387471"><ele>1770.4</ele></trkpt>
   <trkpt lat="45.974817" lon="11.387199"><ele>1770.0</ele></trkpt>
   <trkpt lat="45.974810" lon="11.386927"><ele>1770.6</ele></trkpt>
   <trkpt lat="45.974762" lon="11.386658"><ele>1771.0</ele></trkpt>
   <trkpt lat="45.974639" lon="11.386463"><ele>1770.6</ele></trkpt>
   <trkpt lat="45.974474" lon="11.386346"><ele>1770.2</ele></trkpt>
   <trkpt lat="45.974291" lon="11.386248"><ele>1770.8</ele></trkpt>
   <trkpt lat="45.974251" lon="11.386227"><ele>1771.8</ele></trkpt>
   <trkpt lat="45.974098" lon="11.386154"><ele>1772.8</ele></trkpt>
   <trkpt lat="45.973969" lon="11.386095"><ele>1774.2</ele></trkpt>
   <trkpt lat="45.973791" lon="11.386032"><ele>1774.2</ele></trkpt>
   <trkpt lat="45.973601" lon="11.385977"><ele>1775.0</ele></trkpt>
   <trkpt lat="45.973413" lon="11.385918"><ele>1774.2</ele></trkpt>
   <trkpt lat="45.973304" lon="11.385733"><ele>1773.2</ele></trkpt>
   <trkpt lat="45.973278" lon="11.385451"><ele>1772.0</ele></trkpt>
   <trkpt lat="45.973260" lon="11.385309"><ele>1770.8</ele></trkpt>
   <trkpt lat="45.973236" lon="11.385220"><ele>1769.6</ele></trkpt>
   <trkpt lat="45.973227" lon="11.385136"><ele>1768.2</ele></trkpt>
   <trkpt lat="45.973220" lon="11.385009"><ele>1767.0</ele></trkpt>
   <trkpt lat="45.973207" lon="11.384751"><ele>1766.0</ele></trkpt>
   <trkpt lat="45.973193" lon="11.384457"><ele>1765.2</ele></trkpt>
   <trkpt lat="45.973190" lon="11.384406"><ele>1765.0</ele></trkpt>
   <trkpt lat="45.973185" lon="11.384308"><ele>1763.6</ele></trkpt>
   <trkpt lat="45.973159" lon="11.384155"><ele>1762.4</ele></trkpt>
   <trkpt lat="45.973127" lon="11.384018"><ele>1761.2</ele></trkpt>
   <trkpt lat="45.973089" lon="11.383827"><ele>1760.0</ele></trkpt>
   <trkpt lat="45.973055" lon="11.383684"><ele>1758.8</ele></trkpt>
   <trkpt lat="45.973036" lon="11.383581"><ele>1757.4</ele></trkpt>
   <trkpt lat="45.973025" lon="11.383486"><ele>1756.2</ele></trkpt>
   <trkpt lat="45.973006" lon="11.383344"><ele>1754.8</ele></trkpt>
   <trkpt lat="45.972985" lon="11.383207"><ele>1753.6</ele></trkpt>
   <trkpt lat="45.972942" lon="11.383017"><ele>1752.6</ele></trkpt>
   <trkpt lat="45.972841" lon="11.382755"><ele>1751.6</ele></trkpt>
   <trkpt lat="45.972817" lon="11.382706"><ele>1751.6</ele></trkpt>
   <trkpt lat="45.972785" lon="11.382573"><ele>1750.4</ele></trkpt>
   <trkpt lat="45.972729" lon="11.382323"><ele>1750.4</ele></trkpt>
   <trkpt lat="45.972691" lon="11.382022"><ele>1749.6</ele></trkpt>
   <trkpt lat="45.972699" lon="11.381967"><ele>1749.4</ele></trkpt>
   <trkpt lat="45.972774" lon="11.381780"><ele>1748.4</ele></trkpt>
   <trkpt lat="45.972894" lon="11.381592"><ele>1747.4</ele></trkpt>
   <trkpt lat="45.972922" lon="11.381561"><ele>1747.0</ele></trkpt>
   <trkpt lat="45.973073" lon="11.381383"><ele>1746.2</ele></trkpt>
   <trkpt lat="45.973093" lon="11.381344"><ele>1746.0</ele></trkpt>
   <trkpt lat="45.973221" lon="11.381186"><ele>1745.0</ele></trkpt>
   <trkpt lat="45.973363" lon="11.380997"><ele>1744.6</ele></trkpt>
   <trkpt lat="45.973412" lon="11.380756"><ele>1743.6</ele></trkpt>
   <trkpt lat="45.973327" lon="11.380502"><ele>1742.8</ele></trkpt>
   <trkpt lat="45.973326" lon="11.380413"><ele>1742.6</ele></trkpt>
   <trkpt lat="45.973335" lon="11.380369"><ele>1742.4</ele></trkpt>
   <trkpt lat="45.973391" lon="11.380251"><ele>1741.4</ele></trkpt>
   <trkpt lat="45.973414" lon="11.380159"><ele>1740.0</ele></trkpt>
   <trkpt lat="45.973441" lon="11.380070"><ele>1738.4</ele></trkpt>
   <trkpt lat="45.973492" lon="11.379941"><ele>1737.2</ele></trkpt>
   <trkpt lat="45.973587" lon="11.379693"><ele>1736.0</ele></trkpt>
   <trkpt lat="45.973604" lon="11.379412"><ele>1735.4</ele></trkpt>
   <trkpt lat="45.973593" lon="11.379366"><ele>1735.0</ele></trkpt>
   <trkpt lat="45.973564" lon="11.379293"><ele>1734.2</ele></trkpt>
   <trkpt lat="45.973539" lon="11.379266"><ele>1733.6</ele></trkpt>
   <trkpt lat="45.973474" lon="11.379242"><ele>1732.6</ele></trkpt>
   <trkpt lat="45.973410" lon="11.379255"><ele>1731.4</ele></trkpt>
   <trkpt lat="45.973311" lon="11.379293"><ele>1730.4</ele></trkpt>
   <trkpt lat="45.973220" lon="11.379370"><ele>1729.2</ele></trkpt>
   <trkpt lat="45.973154" lon="11.379464"><ele>1728.2</ele></trkpt>
   <trkpt lat="45.973128" lon="11.379662"><ele>1727.0</ele></trkpt>
   <trkpt lat="45.973091" lon="11.379806"><ele>1725.6</ele></trkpt>
   <trkpt lat="45.972988" lon="11.379915"><ele>1724.4</ele></trkpt>
   <trkpt lat="45.972890" lon="11.379997"><ele>1723.2</ele></trkpt>
   <trkpt lat="45.972730" lon="11.380191"><ele>1723.0</ele></trkpt>
   <trkpt lat="45.972584" lon="11.380400"><ele>1723.0</ele></trkpt>
   <trkpt lat="45.972549" lon="11.380470"><ele>1723.2</ele></trkpt>
   <trkpt lat="45.972417" lon="11.380676"><ele>1723.0</ele></trkpt>
   <trkpt lat="45.972248" lon="11.380764"><ele>1722.8</ele></trkpt>
   <trkpt lat="45.972188" lon="11.380784"><ele>1722.2</ele></trkpt>
   <trkpt lat="45.972094" lon="11.380830"><ele>1720.8</ele></trkpt>
   <trkpt lat="45.972001" lon="11.380867"><ele>1719.8</ele></trkpt>
   <trkpt lat="45.971937" lon="11.380897"><ele>1718.6</ele></trkpt>
   <trkpt lat="45.971826" lon="11.380970"><ele>1717.2</ele></trkpt>
   <trkpt lat="45.971696" lon="11.381069"><ele>1716.2</ele></trkpt>
   <trkpt lat="45.971557" lon="11.381192"><ele>1715.2</ele></trkpt>
   <trkpt lat="45.971478" lon="11.381251"><ele>1713.4</ele></trkpt>
   <trkpt lat="45.971406" lon="11.381291"><ele>1712.0</ele></trkpt>
   <trkpt lat="45.971361" lon="11.381315"><ele>1711.0</ele></trkpt>
   <trkpt lat="45.971268" lon="11.381360"><ele>1709.8</ele></trkpt>
   <trkpt lat="45.971188" lon="11.381435"><ele>1708.2</ele></trkpt>
   <trkpt lat="45.971134" lon="11.381494"><ele>1706.6</ele></trkpt>
   <trkpt lat="45.971073" lon="11.381528"><ele>1705.4</ele></trkpt>
   <trkpt lat="45.970982" lon="11.381557"><ele>1704.2</ele></trkpt>
   <trkpt lat="45.970958" lon="11.381557"><ele>1704.0</ele></trkpt>
   <trkpt lat="45.970930" lon="11.381545"><ele>1703.6</ele></trkpt>
   <trkpt lat="45.970902" lon="11.381564"><ele>1703.2</ele></trkpt>
   <trkpt lat="45.970869" lon="11.381572"><ele>1703.0</ele></trkpt>
   <trkpt lat="45.970705" lon="11.381655"><ele>1702.0</ele></trkpt>
   <trkpt lat="45.970607" lon="11.381699"><ele>1701.0</ele></trkpt>
   <trkpt lat="45.970513" lon="11.381742"><ele>1699.8</ele></trkpt>
   <trkpt lat="45.970468" lon="11.381771"><ele>1699.0</ele></trkpt>
   <trkpt lat="45.970427" lon="11.381806"><ele>1698.0</ele></trkpt>
   <trkpt lat="45.970393" lon="11.381846"><ele>1697.6</ele></trkpt>
   <trkpt lat="45.970332" lon="11.381926"><ele>1697.0</ele></trkpt>
   <trkpt lat="45.970268" lon="11.382007"><ele>1695.8</ele></trkpt>
   <trkpt lat="45.970089" lon="11.382147"><ele>1694.6</ele></trkpt>
   <trkpt lat="45.970014" lon="11.382195"><ele>1693.8</ele></trkpt>
   <trkpt lat="45.969975" lon="11.382212"><ele>1693.6</ele></trkpt>
   <trkpt lat="45.969825" lon="11.382247"><ele>1692.2</ele></trkpt>
   <trkpt lat="45.969786" lon="11.382246"><ele>1692.0</ele></trkpt>
   <trkpt lat="45.969711" lon="11.382261"><ele>1691.8</ele></trkpt>
   <trkpt lat="45.969631" lon="11.382352"><ele>1691.2</ele></trkpt>
   <trkpt lat="45.969605" lon="11.382389"><ele>1691.0</ele></trkpt>
   <trkpt lat="45.969527" lon="11.382490"><ele>1689.6</ele></trkpt>
   <trkpt lat="45.969396" lon="11.382682"><ele>1689.6</ele></trkpt>
   <trkpt lat="45.969251" lon="11.382848"><ele>1689.8</ele></trkpt>
   <trkpt lat="45.969086" lon="11.383016"><ele>1688.8</ele></trkpt>
   <trkpt lat="45.969037" lon="11.383056"><ele>1688.2</ele></trkpt>
   <trkpt lat="45.968990" lon="11.383117"><ele>1686.4</ele></trkpt>
   <trkpt lat="45.968931" lon="11.383211"><ele>1685.0</ele></trkpt>
   <trkpt lat="45.968858" lon="11.383256"><ele>1683.6</ele></trkpt>
   <trkpt lat="45.968833" lon="11.383281"><ele>1682.6</ele></trkpt>
   <trkpt lat="45.968803" lon="11.383320"><ele>1681.4</ele></trkpt>
   <trkpt lat="45.968768" lon="11.383347"><ele>1681.0</ele></trkpt>
   <trkpt lat="45.968596" lon="11.383449"><ele>1682.2</ele></trkpt>
   <trkpt lat="45.968428" lon="11.383602"><ele>1680.6</ele></trkpt>
   <trkpt lat="45.968399" lon="11.383630"><ele>1679.8</ele></trkpt>
   <trkpt lat="45.968257" lon="11.383830"><ele>1679.0</ele></trkpt>
   <trkpt lat="45.968228" lon="11.383907"><ele>1678.6</ele></trkpt>
   <trkpt lat="45.968197" lon="11.383967"><ele>1677.4</ele></trkpt>
   <trkpt lat="45.968148" lon="11.383975"><ele>1676.2</ele></trkpt>
   <trkpt lat="45.968087" lon="11.383980"><ele>1674.8</ele></trkpt>
   <trkpt lat="45.968064" lon="11.383978"><ele>1674.6</ele></trkpt>
   <trkpt lat="45.968027" lon="11.383954"><ele>1673.8</ele></trkpt>
   <trkpt lat="45.968011" lon="11.383940"><ele>1673.4</ele></trkpt>
   <trkpt lat="45.967987" lon="11.383884"><ele>1672.6</ele></trkpt>
   <trkpt lat="45.967920" lon="11.383789"><ele>1671.2</ele></trkpt>
   <trkpt lat="45.967872" lon="11.383739"><ele>1669.8</ele></trkpt>
   <trkpt lat="45.967826" lon="11.383671"><ele>1668.6</ele></trkpt>
   <trkpt lat="45.967756" lon="11.383608"><ele>1667.6</ele></trkpt>
   <trkpt lat="45.967751" lon="11.383589"><ele>1667.4</ele></trkpt>
   <trkpt lat="45.967715" lon="11.383454"><ele>1666.4</ele></trkpt>
   <trkpt lat="45.967634" lon="11.383342"><ele>1665.4</ele></trkpt>
   <trkpt lat="45.967601" lon="11.383286"><ele>1664.2</ele></trkpt>
   <trkpt lat="45.967571" lon="11.383239"><ele>1663.2</ele></trkpt>
   <trkpt lat="45.967550" lon="11.383206"><ele>1662.2</ele></trkpt>
   <trkpt lat="45.967556" lon="11.383171"><ele>1662.0</ele></trkpt>
   <trkpt lat="45.967583" lon="11.383058"><ele>1660.6</ele></trkpt>
   <trkpt lat="45.967592" lon="11.382981"><ele>1659.2</ele></trkpt>
   <trkpt lat="45.967566" lon="11.382913"><ele>1657.6</ele></trkpt>
   <trkpt lat="45.967562" lon="11.382853"><ele>1655.6</ele></trkpt>
   <trkpt lat="45.967569" lon="11.382739"><ele>1654.4</ele></trkpt>
   <trkpt lat="45.967560" lon="11.382670"><ele>1653.8</ele></trkpt>
   <trkpt lat="45.967551" lon="11.382614"><ele>1653.2</ele></trkpt>
   <trkpt lat="45.967536" lon="11.382450"><ele>1652.0</ele></trkpt>
   <trkpt lat="45.967526" lon="11.382341"><ele>1650.4</ele></trkpt>
   <trkpt lat="45.967500" lon="11.382252"><ele>1648.6</ele></trkpt>
   <trkpt lat="45.967489" lon="11.382179"><ele>1647.2</ele></trkpt>
   <trkpt lat="45.967489" lon="11.382107"><ele>1645.8</ele></trkpt>
   <trkpt lat="45.967474" lon="11.382037"><ele>1644.6</ele></trkpt>
   <trkpt lat="45.967463" lon="11.381963"><ele>1643.4</ele></trkpt>
   <trkpt lat="45.967456" lon="11.381875"><ele>1642.2</ele></trkpt>
   <trkpt lat="45.967436" lon="11.381790"><ele>1640.6</ele></trkpt>
   <trkpt lat="45.967415" lon="11.381716"><ele>1638.8</ele></trkpt>
   <trkpt lat="45.967375" lon="11.381629"><ele>1637.2</ele></trkpt>
   <trkpt lat="45.967335" lon="11.381557"><ele>1636.2</ele></trkpt>
   <trkpt lat="45.967302" lon="11.381501"><ele>1635.2</ele></trkpt>
   <trkpt lat="45.967269" lon="11.381437"><ele>1634.0</ele></trkpt>
   <trkpt lat="45.967234" lon="11.381389"><ele>1632.6</ele></trkpt>
   <trkpt lat="45.967190" lon="11.381337"><ele>1631.2</ele></trkpt>
   <trkpt lat="45.967146" lon="11.381297"><ele>1629.6</ele></trkpt>
   <trkpt lat="45.967090" lon="11.381230"><ele>1628.0</ele></trkpt>
   <trkpt lat="45.967055" lon="11.381186"><ele>1626.6</ele></trkpt>
   <trkpt lat="45.967028" lon="11.381151"><ele>1625.4</ele></trkpt>
   <trkpt lat="45.966996" lon="11.381091"><ele>1623.6</ele></trkpt>
   <trkpt lat="45.966971" lon="11.381041"><ele>1622.4</ele></trkpt>
   <trkpt lat="45.966938" lon="11.381007"><ele>1620.8</ele></trkpt>
   <trkpt lat="45.966891" lon="11.380948"><ele>1618.8</ele></trkpt>
   <trkpt lat="45.966834" lon="11.380882"><ele>1617.8</ele></trkpt>
   <trkpt lat="45.966753" lon="11.380765"><ele>1616.4</ele></trkpt>
   <trkpt lat="45.966722" lon="11.380704"><ele>1615.4</ele></trkpt>
   <trkpt lat="45.966704" lon="11.380662"><ele>1614.2</ele></trkpt>
   <trkpt lat="45.966690" lon="11.380634"><ele>1612.8</ele></trkpt>
   <trkpt lat="45.966678" lon="11.380600"><ele>1611.4</ele></trkpt>
   <trkpt lat="45.966654" lon="11.380557"><ele>1610.4</ele></trkpt>
   <trkpt lat="45.966610" lon="11.380464"><ele>1608.8</ele></trkpt>
   <trkpt lat="45.966570" lon="11.380379"><ele>1607.2</ele></trkpt>
   <trkpt lat="45.966544" lon="11.380302"><ele>1605.6</ele></trkpt>
   <trkpt lat="45.966512" lon="11.380223"><ele>1603.6</ele></trkpt>
   <trkpt lat="45.966462" lon="11.380138"><ele>1601.8</ele></trkpt>
   <trkpt lat="45.966410" lon="11.380066"><ele>1600.4</ele></trkpt>
   <trkpt lat="45.966369" lon="11.380031"><ele>1599.0</ele></trkpt>
   <trkpt lat="45.966313" lon="11.379951"><ele>1597.4</ele></trkpt>
   <trkpt lat="45.966286" lon="11.379899"><ele>1595.8</ele></trkpt>
   <trkpt lat="45.966252" lon="11.379850"><ele>1594.6</ele></trkpt>
   <trkpt lat="45.966219" lon="11.379793"><ele>1593.4</ele></trkpt>
   <trkpt lat="45.966181" lon="11.379748"><ele>1591.6</ele></trkpt>
   <trkpt lat="45.966136" lon="11.379694"><ele>1590.0</ele></trkpt>
   <trkpt lat="45.966094" lon="11.379658"><ele>1588.8</ele></trkpt>
   <trkpt lat="45.966016" lon="11.379614"><ele>1587.2</ele></trkpt>
   <trkpt lat="45.966000" lon="11.379586"><ele>1586.6</ele></trkpt>
   <trkpt lat="45.965984" lon="11.379562"><ele>1585.8</ele></trkpt>
   <trkpt lat="45.965944" lon="11.379504"><ele>1584.6</ele></trkpt>
   <trkpt lat="45.965908" lon="11.379432"><ele>1583.4</ele></trkpt>
   <trkpt lat="45.965873" lon="11.379360"><ele>1582.2</ele></trkpt>
   <trkpt lat="45.965858" lon="11.379331"><ele>1581.6</ele></trkpt>
   <trkpt lat="45.965799" lon="11.379263"><ele>1581.0</ele></trkpt>
   <trkpt lat="45.965732" lon="11.379230"><ele>1579.8</ele></trkpt>
   <trkpt lat="45.965691" lon="11.379188"><ele>1578.6</ele></trkpt>
   <trkpt lat="45.965665" lon="11.379124"><ele>1577.6</ele></trkpt>
   <trkpt lat="45.965659" lon="11.379091"><ele>1576.8</ele></trkpt>
   <trkpt lat="45.965660" lon="11.379068"><ele>1576.2</ele></trkpt>
   <trkpt lat="45.965653" lon="11.379004"><ele>1575.0</ele></trkpt>
   <trkpt lat="45.965627" lon="11.378938"><ele>1573.6</ele></trkpt>
   <trkpt lat="45.965586" lon="11.378846"><ele>1572.2</ele></trkpt>
   <trkpt lat="45.965566" lon="11.378758"><ele>1571.0</ele></trkpt>
   <trkpt lat="45.965543" lon="11.378681"><ele>1569.4</ele></trkpt>
   <trkpt lat="45.965496" lon="11.378596"><ele>1568.0</ele></trkpt>
   <trkpt lat="45.965411" lon="11.378494"><ele>1566.8</ele></trkpt>
   <trkpt lat="45.965305" lon="11.378372"><ele>1566.0</ele></trkpt>
   <trkpt lat="45.965294" lon="11.378337"><ele>1565.6</ele></trkpt>
   <trkpt lat="45.965277" lon="11.378259"><ele>1564.6</ele></trkpt>
   <trkpt lat="45.965259" lon="11.378196"><ele>1563.4</ele></trkpt>
   <trkpt lat="45.965209" lon="11.378056"><ele>1562.2</ele></trkpt>
   <trkpt lat="45.965147" lon="11.377924"><ele>1561.0</ele></trkpt>
   <trkpt lat="45.965079" lon="11.377800"><ele>1560.0</ele></trkpt>
   <trkpt lat="45.965039" lon="11.377745"><ele>1558.8</ele></trkpt>
   <trkpt lat="45.965018" lon="11.377715"><ele>1557.6</ele></trkpt>
   <trkpt lat="45.965013" lon="11.377702"><ele>1557.2</ele></trkpt>
   <trkpt lat="45.965010" lon="11.377661"><ele>1556.2</ele></trkpt>
   <trkpt lat="45.964996" lon="11.377582"><ele>1555.0</ele></trkpt>
   <trkpt lat="45.964963" lon="11.377509"><ele>1553.8</ele></trkpt>
   <trkpt lat="45.964909" lon="11.377396"><ele>1552.4</ele></trkpt>
   <trkpt lat="45.964867" lon="11.377354"><ele>1551.2</ele></trkpt>
   <trkpt lat="45.964819" lon="11.377306"><ele>1549.8</ele></trkpt>
   <trkpt lat="45.964768" lon="11.377267"><ele>1548.6</ele></trkpt>
   <trkpt lat="45.964717" lon="11.377245"><ele>1547.2</ele></trkpt>
   <trkpt lat="45.964659" lon="11.377226"><ele>1545.4</ele></trkpt>
   <trkpt lat="45.964576" lon="11.377250"><ele>1543.8</ele></trkpt>
   <trkpt lat="45.964534" lon="11.377298"><ele>1542.6</ele></trkpt>
   <trkpt lat="45.964443" lon="11.377397"><ele>1542.2</ele></trkpt>
   <trkpt lat="45.964385" lon="11.377434"><ele>1541.6</ele></trkpt>
   <trkpt lat="45.964342" lon="11.377454"><ele>1540.6</ele></trkpt>
   <trkpt lat="45.964323" lon="11.377453"><ele>1540.4</ele></trkpt>
   <trkpt lat="45.964255" lon="11.377442"><ele>1538.8</ele></trkpt>
   <trkpt lat="45.964192" lon="11.377433"><ele>1537.4</ele></trkpt>
   <trkpt lat="45.964147" lon="11.377442"><ele>1535.6</ele></trkpt>
   <trkpt lat="45.964132" lon="11.377434"><ele>1534.4</ele></trkpt>
   <trkpt lat="45.964093" lon="11.377408"><ele>1533.0</ele></trkpt>
   <trkpt lat="45.964051" lon="11.377390"><ele>1531.6</ele></trkpt>
   <trkpt lat="45.964028" lon="11.377388"><ele>1531.0</ele></trkpt>
   <trkpt lat="45.964005" lon="11.377364"><ele>1530.4</ele></trkpt>
   <trkpt lat="45.963973" lon="11.377351"><ele>1530.0</ele></trkpt>
   <trkpt lat="45.963943" lon="11.377335"><ele>1529.2</ele></trkpt>
   <trkpt lat="45.963912" lon="11.377266"><ele>1527.8</ele></trkpt>
   <trkpt lat="45.963842" lon="11.377130"><ele>1526.4</ele></trkpt>
   <trkpt lat="45.963819" lon="11.377101"><ele>1526.0</ele></trkpt>
   <trkpt lat="45.963794" lon="11.377078"><ele>1525.4</ele></trkpt>
   <trkpt lat="45.963751" lon="11.377039"><ele>1523.6</ele></trkpt>
   <trkpt lat="45.963708" lon="11.377003"><ele>1521.8</ele></trkpt>
   <trkpt lat="45.963664" lon="11.376983"><ele>1520.4</ele></trkpt>
   <trkpt lat="45.963631" lon="11.376980"><ele>1519.2</ele></trkpt>
   <trkpt lat="45.963610" lon="11.376960"><ele>1518.2</ele></trkpt>
   <trkpt lat="45.963572" lon="11.376932"><ele>1517.0</ele></trkpt>
   <trkpt lat="45.963564" lon="11.376918"><ele>1516.4</ele></trkpt>
   <trkpt lat="45.963564" lon="11.376903"><ele>1515.8</ele></trkpt>
   <trkpt lat="45.963570" lon="11.376870"><ele>1514.6</ele></trkpt>
   <trkpt lat="45.963564" lon="11.376840"><ele>1513.4</ele></trkpt>
   <trkpt lat="45.963535" lon="11.376807"><ele>1512.0</ele></trkpt>
   <trkpt lat="45.963524" lon="11.376794"><ele>1511.0</ele></trkpt>
   <trkpt lat="45.963512" lon="11.376774"><ele>1510.4</ele></trkpt>
   <trkpt lat="45.963469" lon="11.376737"><ele>1508.8</ele></trkpt>
   <trkpt lat="45.963415" lon="11.376677"><ele>1507.2</ele></trkpt>
   <trkpt lat="45.963352" lon="11.376606"><ele>1506.2</ele></trkpt>
   <trkpt lat="45.963321" lon="11.376588"><ele>1505.8</ele></trkpt>
   <trkpt lat="45.963250" lon="11.376576"><ele>1505.0</ele></trkpt>
   <trkpt lat="45.963058" lon="11.376618"><ele>1504.2</ele></trkpt>
   <trkpt lat="45.963021" lon="11.376636"><ele>1503.6</ele></trkpt>
   <trkpt lat="45.962948" lon="11.376671"><ele>1502.6</ele></trkpt>
   <trkpt lat="45.962881" lon="11.376701"><ele>1501.6</ele></trkpt>
   <trkpt lat="45.962815" lon="11.376742"><ele>1500.2</ele></trkpt>
   <trkpt lat="45.962762" lon="11.376868"><ele>1499.0</ele></trkpt>
   <trkpt lat="45.962699" lon="11.376988"><ele>1497.8</ele></trkpt>
   <trkpt lat="45.962649" lon="11.377100"><ele>1496.4</ele></trkpt>
   <trkpt lat="45.962560" lon="11.377164"><ele>1495.4</ele></trkpt>
   <trkpt lat="45.962465" lon="11.377184"><ele>1494.0</ele></trkpt>
   <trkpt lat="45.962402" lon="11.377195"><ele>1492.8</ele></trkpt>
   <trkpt lat="45.962335" lon="11.377206"><ele>1491.8</ele></trkpt>
   <trkpt lat="45.962234" lon="11.377220"><ele>1490.6</ele></trkpt>
   <trkpt lat="45.962134" lon="11.377203"><ele>1489.4</ele></trkpt>
   <trkpt lat="45.962028" lon="11.377163"><ele>1487.8</ele></trkpt>
   <trkpt lat="45.961959" lon="11.377117"><ele>1486.8</ele></trkpt>
   <trkpt lat="45.961896" lon="11.377088"><ele>1485.6</ele></trkpt>
   <trkpt lat="45.961835" lon="11.377060"><ele>1484.4</ele></trkpt>
   <trkpt lat="45.961732" lon="11.376980"><ele>1483.2</ele></trkpt>
   <trkpt lat="45.961631" lon="11.376897"><ele>1482.0</ele></trkpt>
   <trkpt lat="45.961562" lon="11.376868"><ele>1480.6</ele></trkpt>
   <trkpt lat="45.961496" lon="11.376868"><ele>1479.6</ele></trkpt>
   <trkpt lat="45.961435" lon="11.376872"><ele>1478.6</ele></trkpt>
   <trkpt lat="45.961342" lon="11.376876"><ele>1477.2</ele></trkpt>
   <trkpt lat="45.961247" lon="11.376866"><ele>1475.8</ele></trkpt>
   <trkpt lat="45.961187" lon="11.376881"><ele>1474.4</ele></trkpt>
   <trkpt lat="45.961097" lon="11.376906"><ele>1472.8</ele></trkpt>
   <trkpt lat="45.961056" lon="11.376924"><ele>1471.6</ele></trkpt>
   <trkpt lat="45.960992" lon="11.376965"><ele>1470.6</ele></trkpt>
   <trkpt lat="45.960882" lon="11.377017"><ele>1469.0</ele></trkpt>
   <trkpt lat="45.960813" lon="11.377048"><ele>1468.2</ele></trkpt>
   <trkpt lat="45.960779" lon="11.377075"><ele>1467.6</ele></trkpt>
   <trkpt lat="45.960615" lon="11.377178"><ele>1466.4</ele></trkpt>
   <trkpt lat="45.960498" lon="11.377258"><ele>1465.0</ele></trkpt>
   <trkpt lat="45.960446" lon="11.377300"><ele>1464.0</ele></trkpt>
   <trkpt lat="45.960388" lon="11.377345"><ele>1463.0</ele></trkpt>
   <trkpt lat="45.960295" lon="11.377404"><ele>1461.6</ele></trkpt>
   <trkpt lat="45.960194" lon="11.377493"><ele>1460.6</ele></trkpt>
   <trkpt lat="45.960098" lon="11.377585"><ele>1459.2</ele></trkpt>
   <trkpt lat="45.960037" lon="11.377643"><ele>1457.8</ele></trkpt>
   <trkpt lat="45.959978" lon="11.377685"><ele>1456.6</ele></trkpt>
   <trkpt lat="45.959911" lon="11.377720"><ele>1455.4</ele></trkpt>
   <trkpt lat="45.959854" lon="11.377770"><ele>1454.2</ele></trkpt>
   <trkpt lat="45.959797" lon="11.377807"><ele>1453.2</ele></trkpt>
   <trkpt lat="45.959721" lon="11.377880"><ele>1451.8</ele></trkpt>
   <trkpt lat="45.959671" lon="11.377924"><ele>1450.6</ele></trkpt>
   <trkpt lat="45.959618" lon="11.377968"><ele>1449.4</ele></trkpt>
   <trkpt lat="45.959557" lon="11.378009"><ele>1448.0</ele></trkpt>
   <trkpt lat="45.959495" lon="11.378032"><ele>1446.8</ele></trkpt>
   <trkpt lat="45.959434" lon="11.378080"><ele>1445.8</ele></trkpt>
   <trkpt lat="45.959370" lon="11.378124"><ele>1444.8</ele></trkpt>
   <trkpt lat="45.959273" lon="11.378166"><ele>1443.4</ele></trkpt>
   <trkpt lat="45.959205" lon="11.378190"><ele>1442.4</ele></trkpt>
   <trkpt lat="45.959120" lon="11.378233"><ele>1441.2</ele></trkpt>
   <trkpt lat="45.959064" lon="11.378272"><ele>1440.2</ele></trkpt>
   <trkpt lat="45.959001" lon="11.378321"><ele>1439.0</ele></trkpt>
   <trkpt lat="45.958894" lon="11.378402"><ele>1437.6</ele></trkpt>
   <trkpt lat="45.958788" lon="11.378463"><ele>1436.4</ele></trkpt>
   <trkpt lat="45.958700" lon="11.378523"><ele>1435.2</ele></trkpt>
   <trkpt lat="45.958622" lon="11.378566"><ele>1434.0</ele></trkpt>
   <trkpt lat="45.958557" lon="11.378578"><ele>1433.0</ele></trkpt>
   <trkpt lat="45.958378" lon="11.378542"><ele>1432.0</ele></trkpt>
   <trkpt lat="45.958269" lon="11.378513"><ele>1430.8</ele></trkpt>
   <trkpt lat="45.958190" lon="11.378495"><ele>1429.6</ele></trkpt>
   <trkpt lat="45.958111" lon="11.378473"><ele>1428.4</ele></trkpt>
   <trkpt lat="45.958002" lon="11.378441"><ele>1427.0</ele></trkpt>
   <trkpt lat="45.957888" lon="11.378391"><ele>1425.8</ele></trkpt>
   <trkpt lat="45.957791" lon="11.378340"><ele>1424.8</ele></trkpt>
   <trkpt lat="45.957618" lon="11.378245"><ele>1424.2</ele></trkpt>
   <trkpt lat="45.957441" lon="11.378211"><ele>1423.4</ele></trkpt>
   <trkpt lat="45.957373" lon="11.378224"><ele>1422.2</ele></trkpt>
   <trkpt lat="45.957314" lon="11.378240"><ele>1420.8</ele></trkpt>
   <trkpt lat="45.957204" lon="11.378273"><ele>1419.6</ele></trkpt>
   <trkpt lat="45.957110" lon="11.378282"><ele>1418.4</ele></trkpt>
   <trkpt lat="45.956998" lon="11.378346"><ele>1417.2</ele></trkpt>
   <trkpt lat="45.956933" lon="11.378373"><ele>1416.2</ele></trkpt>
   <trkpt lat="45.956847" lon="11.378419"><ele>1414.8</ele></trkpt>
   <trkpt lat="45.956771" lon="11.378466"><ele>1413.8</ele></trkpt>
   <trkpt lat="45.956653" lon="11.378510"><ele>1412.6</ele></trkpt>
   <trkpt lat="45.956538" lon="11.378582"><ele>1411.4</ele></trkpt>
   <trkpt lat="45.956441" lon="11.378615"><ele>1410.2</ele></trkpt>
   <trkpt lat="45.956309" lon="11.378659"><ele>1409.0</ele></trkpt>
   <trkpt lat="45.956200" lon="11.378764"><ele>1407.6</ele></trkpt>
   <trkpt lat="45.956125" lon="11.378857"><ele>1406.2</ele></trkpt>
   <trkpt lat="45.956039" lon="11.379006"><ele>1404.8</ele></trkpt>
   <trkpt lat="45.955954" lon="11.379129"><ele>1403.8</ele></trkpt>
   <trkpt lat="45.955872" lon="11.379253"><ele>1402.4</ele></trkpt>
   <trkpt lat="45.955793" lon="11.379390"><ele>1400.8</ele></trkpt>
   <trkpt lat="45.955699" lon="11.379501"><ele>1399.8</ele></trkpt>
   <trkpt lat="45.955595" lon="11.379610"><ele>1398.4</ele></trkpt>
   <trkpt lat="45.955494" lon="11.379684"><ele>1397.0</ele></trkpt>
   <trkpt lat="45.955385" lon="11.379754"><ele>1396.0</ele></trkpt>
   <trkpt lat="45.955313" lon="11.379850"><ele>1394.4</ele></trkpt>
   <trkpt lat="45.955278" lon="11.379946"><ele>1393.4</ele></trkpt>
   <trkpt lat="45.955208" lon="11.380133"><ele>1392.4</ele></trkpt>
   <trkpt lat="45.955126" lon="11.380288"><ele>1391.2</ele></trkpt>
   <trkpt lat="45.955100" lon="11.380380"><ele>1389.8</ele></trkpt>
   <trkpt lat="45.955075" lon="11.380470"><ele>1388.4</ele></trkpt>
   <trkpt lat="45.955053" lon="11.380554"><ele>1387.2</ele></trkpt>
   <trkpt lat="45.954991" lon="11.380725"><ele>1385.8</ele></trkpt>
   <trkpt lat="45.954928" lon="11.380848"><ele>1384.2</ele></trkpt>
   <trkpt lat="45.954806" lon="11.381068"><ele>1383.0</ele></trkpt>
   <trkpt lat="45.954720" lon="11.381204"><ele>1381.6</ele></trkpt>
   <trkpt lat="45.954670" lon="11.381314"><ele>1380.4</ele></trkpt>
   <trkpt lat="45.954620" lon="11.381378"><ele>1379.2</ele></trkpt>
   <trkpt lat="45.954529" lon="11.381466"><ele>1377.8</ele></trkpt>
   <trkpt lat="45.954431" lon="11.381563"><ele>1376.6</ele></trkpt>
   <trkpt lat="45.954333" lon="11.381648"><ele>1375.6</ele></trkpt>
   <trkpt lat="45.954253" lon="11.381723"><ele>1374.4</ele></trkpt>
   <trkpt lat="45.954162" lon="11.381828"><ele>1372.8</ele></trkpt>
   <trkpt lat="45.954046" lon="11.382038"><ele>1372.2</ele></trkpt>
   <trkpt lat="45.953985" lon="11.382164"><ele>1371.8</ele></trkpt>
   <trkpt lat="45.953914" lon="11.382326"><ele>1370.4</ele></trkpt>
   <trkpt lat="45.953873" lon="11.382438"><ele>1369.2</ele></trkpt>
   <trkpt lat="45.953824" lon="11.382506"><ele>1368.2</ele></trkpt>
   <trkpt lat="45.953743" lon="11.382610"><ele>1366.8</ele></trkpt>
   <trkpt lat="45.953656" lon="11.382707"><ele>1365.4</ele></trkpt>
   <trkpt lat="45.953502" lon="11.382876"><ele>1365.0</ele></trkpt>
   <trkpt lat="45.953397" lon="11.382941"><ele>1364.4</ele></trkpt>
   <trkpt lat="45.953300" lon="11.382982"><ele>1363.0</ele></trkpt>
   <trkpt lat="45.953246" lon="11.383013"><ele>1361.8</ele></trkpt>
   <trkpt lat="45.953161" lon="11.383039"><ele>1360.4</ele></trkpt>
   <trkpt lat="45.953100" lon="11.383031"><ele>1359.2</ele></trkpt>
   <trkpt lat="45.953148" lon="11.382995"><ele>1358.6</ele></trkpt>
   <trkpt lat="45.953239" lon="11.382964"><ele>1359.0</ele></trkpt>
   <trkpt lat="45.953331" lon="11.382972"><ele>1358.6</ele></trkpt>
   <trkpt lat="45.953400" lon="11.382944"><ele>1358.2</ele></trkpt>
   <trkpt lat="45.953415" lon="11.382919"><ele>1358.2</ele></trkpt>
   <trkpt lat="45.953471" lon="11.382880"><ele>1358.6</ele></trkpt>
   <trkpt lat="45.953525" lon="11.382813"><ele>1358.8</ele></trkpt>
   <trkpt lat="45.953622" lon="11.382665"><ele>1358.4</ele></trkpt>
   <trkpt lat="45.953631" lon="11.382582"><ele>1358.4</ele></trkpt>
   <trkpt lat="45.953645" lon="11.382510"><ele>1358.2</ele></trkpt>
   <trkpt lat="45.953659" lon="11.382359"><ele>1357.6</ele></trkpt>
   <trkpt lat="45.953666" lon="11.382318"><ele>1357.2</ele></trkpt>
   <trkpt lat="45.953666" lon="11.382296"><ele>1357.2</ele></trkpt>
   <trkpt lat="45.953653" lon="11.382202"><ele>1356.8</ele></trkpt>
   <trkpt lat="45.953674" lon="11.382145"><ele>1356.8</ele></trkpt>
   <trkpt lat="45.953745" lon="11.381908"><ele>1356.0</ele></trkpt>
   <trkpt lat="45.953773" lon="11.381770"><ele>1356.0</ele></trkpt>
   <trkpt lat="45.953714" lon="11.381700"><ele>1355.4</ele></trkpt>
   <trkpt lat="45.953698" lon="11.381705"><ele>1355.0</ele></trkpt>
   <trkpt lat="45.953633" lon="11.381759"><ele>1353.8</ele></trkpt>
   <trkpt lat="45.953513" lon="11.381935"><ele>1353.0</ele></trkpt>
   <trkpt lat="45.953487" lon="11.381958"><ele>1353.2</ele></trkpt>
   <trkpt lat="45.953332" lon="11.382042"><ele>1354.8</ele></trkpt>
   <trkpt lat="45.953212" lon="11.382020"><ele>1356.0</ele></trkpt>
   <trkpt lat="45.953167" lon="11.382003"><ele>1356.4</ele></trkpt>
   <trkpt lat="45.953129" lon="11.381971"><ele>1357.0</ele></trkpt>
   <trkpt lat="45.953103" lon="11.381979"><ele>1357.4</ele></trkpt>
   <trkpt lat="45.953073" lon="11.381970"><ele>1357.6</ele></trkpt>
   <trkpt lat="45.953004" lon="11.381911"><ele>1358.0</ele></trkpt>
   <trkpt lat="45.952848" lon="11.381765"><ele>1358.0</ele></trkpt>
   <trkpt lat="45.952812" lon="11.381714"><ele>1358.2</ele></trkpt>
   <trkpt lat="45.952643" lon="11.381579"><ele>1359.0</ele></trkpt>
   <trkpt lat="45.952615" lon="11.381568"><ele>1359.2</ele></trkpt>
   <trkpt lat="45.952490" lon="11.381413"><ele>1360.2</ele></trkpt>
   <trkpt lat="45.952354" lon="11.381221"><ele>1359.8</ele></trkpt>
   <trkpt lat="45.952304" lon="11.381149"><ele>1359.0</ele></trkpt>
   <trkpt lat="45.952237" lon="11.380875"><ele>1358.8</ele></trkpt>
   <trkpt lat="45.952160" lon="11.380626"><ele>1359.6</ele></trkpt>
   <trkpt lat="45.952104" lon="11.380432"><ele>1360.0</ele></trkpt>
   <trkpt lat="45.952000" lon="11.380170"><ele>1361.0</ele></trkpt>
   <trkpt lat="45.951963" lon="11.380092"><ele>1361.0</ele></trkpt>
   <trkpt lat="45.951849" lon="11.379863"><ele>1361.4</ele></trkpt>
   <trkpt lat="45.951754" lon="11.379635"><ele>1360.8</ele></trkpt>
   <trkpt lat="45.951631" lon="11.379396"><ele>1360.0</ele></trkpt>
   <trkpt lat="45.951545" lon="11.379253"><ele>1359.0</ele></trkpt>
   <trkpt lat="45.951486" lon="11.379139"><ele>1357.8</ele></trkpt>
   <trkpt lat="45.951428" lon="11.379059"><ele>1356.8</ele></trkpt>
   <trkpt lat="45.951386" lon="11.378947"><ele>1355.6</ele></trkpt>
   <trkpt lat="45.951313" lon="11.378702"><ele>1354.6</ele></trkpt>
   <trkpt lat="45.951313" lon="11.378506"><ele>1354.2</ele></trkpt>
   <trkpt lat="45.951266" lon="11.378343"><ele>1353.4</ele></trkpt>
   <trkpt lat="45.951212" lon="11.378179"><ele>1352.2</ele></trkpt>
   <trkpt lat="45.951183" lon="11.378015"><ele>1351.0</ele></trkpt>
   <trkpt lat="45.951160" lon="11.377891"><ele>1349.8</ele></trkpt>
   <trkpt lat="45.951136" lon="11.377720"><ele>1348.6</ele></trkpt>
   <trkpt lat="45.951105" lon="11.377615"><ele>1347.0</ele></trkpt>
   <trkpt lat="45.951062" lon="11.377494"><ele>1345.8</ele></trkpt>
   <trkpt lat="45.951017" lon="11.377371"><ele>1344.6</ele></trkpt>
   <trkpt lat="45.951013" lon="11.377169"><ele>1343.6</ele></trkpt>
   <trkpt lat="45.951021" lon="11.377049"><ele>1342.0</ele></trkpt>
   <trkpt lat="45.950977" lon="11.376794"><ele>1341.2</ele></trkpt>
   <trkpt lat="45.950952" lon="11.376712"><ele>1340.8</ele></trkpt>
   <trkpt lat="45.950872" lon="11.376446"><ele>1339.6</ele></trkpt>
   <trkpt lat="45.950787" lon="11.376211"><ele>1339.6</ele></trkpt>
   <trkpt lat="45.950729" lon="11.375932"><ele>1339.8</ele></trkpt>
   <trkpt lat="45.950675" lon="11.375661"><ele>1339.2</ele></trkpt>
   <trkpt lat="45.950667" lon="11.375396"><ele>1338.6</ele></trkpt>
   <trkpt lat="45.950672" lon="11.375217"><ele>1338.6</ele></trkpt>
   <trkpt lat="45.950680" lon="11.375043"><ele>1337.4</ele></trkpt>
   <trkpt lat="45.950686" lon="11.374969"><ele>1336.4</ele></trkpt>
   <trkpt lat="45.950682" lon="11.374905"><ele>1335.4</ele></trkpt>
   <trkpt lat="45.950671" lon="11.374773"><ele>1334.4</ele></trkpt>
   <trkpt lat="45.950622" lon="11.374591"><ele>1333.0</ele></trkpt>
   <trkpt lat="45.950569" lon="11.374342"><ele>1332.0</ele></trkpt>
   <trkpt lat="45.950492" lon="11.374062"><ele>1331.0</ele></trkpt>
   <trkpt lat="45.950403" lon="11.373836"><ele>1329.8</ele></trkpt>
   <trkpt lat="45.950354" lon="11.373701"><ele>1328.4</ele></trkpt>
   <trkpt lat="45.950319" lon="11.373629"><ele>1327.2</ele></trkpt>
   <trkpt lat="45.950282" lon="11.373503"><ele>1326.0</ele></trkpt>
   <trkpt lat="45.950175" lon="11.373250"><ele>1325.2</ele></trkpt>
   <trkpt lat="45.950164" lon="11.373193"><ele>1325.0</ele></trkpt>
   <trkpt lat="45.950123" lon="11.373078"><ele>1324.6</ele></trkpt>
   <trkpt lat="45.950043" lon="11.373088"><ele>1324.8</ele></trkpt>
   <trkpt lat="45.950018" lon="11.373110"><ele>1324.4</ele></trkpt>
   <trkpt lat="45.949984" lon="11.373352"><ele>1325.0</ele></trkpt>
   <trkpt lat="45.949979" lon="11.373445"><ele>1324.6</ele></trkpt>
   <trkpt lat="45.949983" lon="11.373541"><ele>1323.8</ele></trkpt>
   <trkpt lat="45.949985" lon="11.373699"><ele>1322.6</ele></trkpt>
   <trkpt lat="45.950008" lon="11.373885"><ele>1322.8</ele></trkpt>
   <trkpt lat="45.949970" lon="11.374140"><ele>1322.0</ele></trkpt>
   <trkpt lat="45.950016" lon="11.374427"><ele>1323.2</ele></trkpt>
   <trkpt lat="45.950015" lon="11.374661"><ele>1323.6</ele></trkpt>
   <trkpt lat="45.949964" lon="11.374798"><ele>1324.8</ele></trkpt>
   <trkpt lat="45.949941" lon="11.374946"><ele>1325.8</ele></trkpt>
   <trkpt lat="45.949942" lon="11.375112"><ele>1327.0</ele></trkpt>
   <trkpt lat="45.949891" lon="11.375373"><ele>1328.0</ele></trkpt>
   <trkpt lat="45.949887" lon="11.375401"><ele>1328.2</ele></trkpt>
   <trkpt lat="45.949880" lon="11.375524"><ele>1329.4</ele></trkpt>
   <trkpt lat="45.949793" lon="11.375742"><ele>1330.4</ele></trkpt>
   <trkpt lat="45.949778" lon="11.375770"><ele>1330.6</ele></trkpt>
   <trkpt lat="45.949727" lon="11.375966"><ele>1331.6</ele></trkpt>
   <trkpt lat="45.949705" lon="11.376106"><ele>1333.0</ele></trkpt>
   <trkpt lat="45.949673" lon="11.376366"><ele>1334.0</ele></trkpt>
   <trkpt lat="45.949639" lon="11.376476"><ele>1335.0</ele></trkpt>
   <trkpt lat="45.949631" lon="11.376517"><ele>1335.2</ele></trkpt>
   <trkpt lat="45.949589" lon="11.376602"><ele>1336.2</ele></trkpt>
   <trkpt lat="45.949539" lon="11.376756"><ele>1337.0</ele></trkpt>
   <trkpt lat="45.949513" lon="11.376789"><ele>1337.2</ele></trkpt>
   <trkpt lat="45.949505" lon="11.376804"><ele>1337.4</ele></trkpt>
   <trkpt lat="45.949473" lon="11.376908"><ele>1338.2</ele></trkpt>
   <trkpt lat="45.949440" lon="11.377022"><ele>1339.2</ele></trkpt>
   <trkpt lat="45.949431" lon="11.377046"><ele>1339.6</ele></trkpt>
   <trkpt lat="45.949413" lon="11.377099"><ele>1340.4</ele></trkpt>
   <trkpt lat="45.949396" lon="11.377152"><ele>1341.2</ele></trkpt>
   <trkpt lat="45.949388" lon="11.377170"><ele>1341.6</ele></trkpt>
   <trkpt lat="45.949371" lon="11.377223"><ele>1342.2</ele></trkpt>
   <trkpt lat="45.949336" lon="11.377278"><ele>1342.6</ele></trkpt>
   <trkpt lat="45.949315" lon="11.377360"><ele>1343.6</ele></trkpt>
   <trkpt lat="45.949302" lon="11.377379"><ele>1343.8</ele></trkpt>
   <trkpt lat="45.949288" lon="11.377395"><ele>1344.0</ele></trkpt>
   <trkpt lat="45.949269" lon="11.377456"><ele>1344.8</ele></trkpt>
   <trkpt lat="45.949232" lon="11.377494"><ele>1346.0</ele></trkpt>
   <trkpt lat="45.949196" lon="11.377541"><ele>1346.6</ele></trkpt>
   <trkpt lat="45.949168" lon="11.377572"><ele>1347.2</ele></trkpt>
   <trkpt lat="45.949142" lon="11.377672"><ele>1348.4</ele></trkpt>
   <trkpt lat="45.949127" lon="11.377744"><ele>1349.4</ele></trkpt>
   <trkpt lat="45.949076" lon="11.377940"><ele>1350.6</ele></trkpt>
   <trkpt lat="45.949066" lon="11.378005"><ele>1351.4</ele></trkpt>
   <trkpt lat="45.949059" lon="11.378021"><ele>1351.6</ele></trkpt>
   <trkpt lat="45.949045" lon="11.378051"><ele>1352.0</ele></trkpt>
   <trkpt lat="45.949016" lon="11.378098"><ele>1352.8</ele></trkpt>
   <trkpt lat="45.949011" lon="11.378113"><ele>1353.2</ele></trkpt>
   <trkpt lat="45.949000" lon="11.378142"><ele>1353.8</ele></trkpt>
   <trkpt lat="45.948985" lon="11.378156"><ele>1354.0</ele></trkpt>
   <trkpt lat="45.948963" lon="11.378184"><ele>1354.4</ele></trkpt>
   <trkpt lat="45.948930" lon="11.378270"><ele>1355.2</ele></trkpt>
   <trkpt lat="45.948909" lon="11.378340"><ele>1356.4</ele></trkpt>
   <trkpt lat="45.948900" lon="11.378389"><ele>1357.2</ele></trkpt>
   <trkpt lat="45.948898" lon="11.378407"><ele>1357.4</ele></trkpt>
   <trkpt lat="45.948910" lon="11.378475"><ele>1358.6</ele></trkpt>
   <trkpt lat="45.948909" lon="11.378494"><ele>1358.8</ele></trkpt>
   <trkpt lat="45.948894" lon="11.378557"><ele>1359.4</ele></trkpt>
   <trkpt lat="45.948879" lon="11.378621"><ele>1359.8</ele></trkpt>
   <trkpt lat="45.948896" lon="11.378742"><ele>1360.6</ele></trkpt>
   <trkpt lat="45.948899" lon="11.378757"><ele>1360.8</ele></trkpt>
   <trkpt lat="45.948893" lon="11.378818"><ele>1361.6</ele></trkpt>
   <trkpt lat="45.948893" lon="11.378836"><ele>1361.8</ele></trkpt>
   <trkpt lat="45.948906" lon="11.378966"><ele>1362.8</ele></trkpt>
   <trkpt lat="45.948895" lon="11.379005"><ele>1363.0</ele></trkpt>
   <trkpt lat="45.948875" lon="11.379049"><ele>1363.4</ele></trkpt>
   <trkpt lat="45.948863" lon="11.379078"><ele>1364.0</ele></trkpt>
   <trkpt lat="45.948848" lon="11.379124"><ele>1364.6</ele></trkpt>
   <trkpt lat="45.948844" lon="11.379150"><ele>1365.2</ele></trkpt>
   <trkpt lat="45.948838" lon="11.379179"><ele>1365.6</ele></trkpt>
   <trkpt lat="45.948820" lon="11.379205"><ele>1366.2</ele></trkpt>
   <trkpt lat="45.948803" lon="11.379235"><ele>1366.8</ele></trkpt>
   <trkpt lat="45.948789" lon="11.379249"><ele>1367.2</ele></trkpt>
   <trkpt lat="45.948759" lon="11.379269"><ele>1368.2</ele></trkpt>
   <trkpt lat="45.948748" lon="11.379275"><ele>1368.4</ele></trkpt>
   <trkpt lat="45.948738" lon="11.379287"><ele>1368.8</ele></trkpt>
   <trkpt lat="45.948728" lon="11.379312"><ele>1369.2</ele></trkpt>
   <trkpt lat="45.948726" lon="11.379321"><ele>1369.6</ele></trkpt>
   <trkpt lat="45.948732" lon="11.379340"><ele>1370.0</ele></trkpt>
   <trkpt lat="45.948715" lon="11.379369"><ele>1370.8</ele></trkpt>
   <trkpt lat="45.948693" lon="11.379411"><ele>1371.8</ele></trkpt>
   <trkpt lat="45.948690" lon="11.379419"><ele>1371.8</ele></trkpt>
   <trkpt lat="45.948679" lon="11.379436"><ele>1372.2</ele></trkpt>
   <trkpt lat="45.948639" lon="11.379489"><ele>1373.0</ele></trkpt>
   <trkpt lat="45.948610" lon="11.379536"><ele>1373.6</ele></trkpt>
   <trkpt lat="45.948594" lon="11.379553"><ele>1374.0</ele></trkpt>
   <trkpt lat="45.948565" lon="11.379590"><ele>1375.2</ele></trkpt>
   <trkpt lat="45.948563" lon="11.379606"><ele>1375.4</ele></trkpt>
   <trkpt lat="45.948555" lon="11.379631"><ele>1375.8</ele></trkpt>
   <trkpt lat="45.948555" lon="11.379645"><ele>1376.0</ele></trkpt>
   <trkpt lat="45.948552" lon="11.379661"><ele>1376.2</ele></trkpt>
   <trkpt lat="45.948549" lon="11.379673"><ele>1376.6</ele></trkpt>
   <trkpt lat="45.948530" lon="11.379738"><ele>1377.4</ele></trkpt>
   <trkpt lat="45.948518" lon="11.379766"><ele>1378.0</ele></trkpt>
   <trkpt lat="45.948507" lon="11.379793"><ele>1378.4</ele></trkpt>
   <trkpt lat="45.948499" lon="11.379808"><ele>1378.4</ele></trkpt>
   <trkpt lat="45.948481" lon="11.379842"><ele>1378.8</ele></trkpt>
   <trkpt lat="45.948444" lon="11.379905"><ele>1379.6</ele></trkpt>
   <trkpt lat="45.948409" lon="11.379959"><ele>1380.4</ele></trkpt>
   <trkpt lat="45.948399" lon="11.379972"><ele>1380.8</ele></trkpt>
   <trkpt lat="45.948382" lon="11.380007"><ele>1381.4</ele></trkpt>
   <trkpt lat="45.948372" lon="11.380032"><ele>1382.0</ele></trkpt>
   <trkpt lat="45.948354" lon="11.380074"><ele>1382.6</ele></trkpt>
   <trkpt lat="45.948346" lon="11.380090"><ele>1383.0</ele></trkpt>
   <trkpt lat="45.948330" lon="11.380121"><ele>1383.8</ele></trkpt>
   <trkpt lat="45.948322" lon="11.380143"><ele>1384.2</ele></trkpt>
   <trkpt lat="45.948299" lon="11.380185"><ele>1385.0</ele></trkpt>
   <trkpt lat="45.948294" lon="11.380192"><ele>1385.2</ele></trkpt>
   <trkpt lat="45.948291" lon="11.380214"><ele>1385.6</ele></trkpt>
   <trkpt lat="45.948266" lon="11.380245"><ele>1386.2</ele></trkpt>
   <trkpt lat="45.948240" lon="11.380333"><ele>1387.4</ele></trkpt>
   <trkpt lat="45.948181" lon="11.380499"><ele>1388.6</ele></trkpt>
   <trkpt lat="45.948178" lon="11.380550"><ele>1389.2</ele></trkpt>
   <trkpt lat="45.948166" lon="11.380585"><ele>1389.6</ele></trkpt>
   <trkpt lat="45.948124" lon="11.380656"><ele>1390.8</ele></trkpt>
   <trkpt lat="45.948074" lon="11.380753"><ele>1392.0</ele></trkpt>
   <trkpt lat="45.948057" lon="11.380796"><ele>1393.2</ele></trkpt>
   <trkpt lat="45.948058" lon="11.380819"><ele>1393.4</ele></trkpt>
   <trkpt lat="45.948042" lon="11.380842"><ele>1393.6</ele></trkpt>
   <trkpt lat="45.948027" lon="11.380861"><ele>1394.2</ele></trkpt>
   <trkpt lat="45.948017" lon="11.380876"><ele>1394.4</ele></trkpt>
   <trkpt lat="45.948011" lon="11.380905"><ele>1395.0</ele></trkpt>
   <trkpt lat="45.948004" lon="11.380924"><ele>1395.4</ele></trkpt>
   <trkpt lat="45.947992" lon="11.380942"><ele>1395.6</ele></trkpt>
   <trkpt lat="45.947951" lon="11.381011"><ele>1396.6</ele></trkpt>
   <trkpt lat="45.947949" lon="11.381086"><ele>1397.6</ele></trkpt>
   <trkpt lat="45.947943" lon="11.381097"><ele>1397.8</ele></trkpt>
   <trkpt lat="45.947920" lon="11.381123"><ele>1398.2</ele></trkpt>
   <trkpt lat="45.947911" lon="11.381157"><ele>1398.6</ele></trkpt>
   <trkpt lat="45.947879" lon="11.381219"><ele>1399.8</ele></trkpt>
   <trkpt lat="45.947870" lon="11.381234"><ele>1400.2</ele></trkpt>
   <trkpt lat="45.947865" lon="11.381245"><ele>1400.6</ele></trkpt>
   <trkpt lat="45.947857" lon="11.381252"><ele>1400.8</ele></trkpt>
   <trkpt lat="45.947839" lon="11.381267"><ele>1401.2</ele></trkpt>
   <trkpt lat="45.947828" lon="11.381288"><ele>1401.6</ele></trkpt>
   <trkpt lat="45.947824" lon="11.381303"><ele>1402.0</ele></trkpt>
   <trkpt lat="45.947802" lon="11.381368"><ele>1403.0</ele></trkpt>
   <trkpt lat="45.947786" lon="11.381447"><ele>1404.0</ele></trkpt>
   <trkpt lat="45.947770" lon="11.381502"><ele>1404.6</ele></trkpt>
   <trkpt lat="45.947752" lon="11.381528"><ele>1405.0</ele></trkpt>
   <trkpt lat="45.947744" lon="11.381542"><ele>1405.2</ele></trkpt>
   <trkpt lat="45.947720" lon="11.381595"><ele>1406.0</ele></trkpt>
   <trkpt lat="45.947715" lon="11.381612"><ele>1406.4</ele></trkpt>
   <trkpt lat="45.947686" lon="11.381676"><ele>1407.2</ele></trkpt>
   <trkpt lat="45.947671" lon="11.381701"><ele>1407.6</ele></trkpt>
   <trkpt lat="45.947648" lon="11.381809"><ele>1408.6</ele></trkpt>
   <trkpt lat="45.947618" lon="11.381961"><ele>1409.8</ele></trkpt>
   <trkpt lat="45.947606" lon="11.382010"><ele>1409.8</ele></trkpt>
   <trkpt lat="45.947576" lon="11.382068"><ele>1410.4</ele></trkpt>
   <trkpt lat="45.947568" lon="11.382112"><ele>1410.8</ele></trkpt>
   <trkpt lat="45.947556" lon="11.382194"><ele>1412.0</ele></trkpt>
   <trkpt lat="45.947550" lon="11.382216"><ele>1412.0</ele></trkpt>
   <trkpt lat="45.947518" lon="11.382252"><ele>1413.2</ele></trkpt>
   <trkpt lat="45.947502" lon="11.382241"><ele>1413.6</ele></trkpt>
   <trkpt lat="45.947476" lon="11.382184"><ele>1414.4</ele></trkpt>
   <trkpt lat="45.947458" lon="11.382111"><ele>1414.8</ele></trkpt>
   <trkpt lat="45.947445" lon="11.382043"><ele>1415.4</ele></trkpt>
   <trkpt lat="45.947435" lon="11.381862"><ele>1416.4</ele></trkpt>
   <trkpt lat="45.947418" lon="11.381620"><ele>1417.6</ele></trkpt>
   <trkpt lat="45.947373" lon="11.381355"><ele>1418.2</ele></trkpt>
   <trkpt lat="45.947343" lon="11.381200"><ele>1418.6</ele></trkpt>
   <trkpt lat="45.947287" lon="11.380935"><ele>1419.2</ele></trkpt>
   <trkpt lat="45.947247" lon="11.380739"><ele>1419.6</ele></trkpt>
   <trkpt lat="45.947200" lon="11.380595"><ele>1420.8</ele></trkpt>
   <trkpt lat="45.947150" lon="11.380446"><ele>1421.8</ele></trkpt>
   <trkpt lat="45.947142" lon="11.380237"><ele>1423.0</ele></trkpt>
   <trkpt lat="45.947198" lon="11.380077"><ele>1424.0</ele></trkpt>
   <trkpt lat="45.947220" lon="11.379976"><ele>1425.2</ele></trkpt>
   <trkpt lat="45.947222" lon="11.379944"><ele>1425.2</ele></trkpt>
   <trkpt lat="45.947172" lon="11.379662"><ele>1426.0</ele></trkpt>
   <trkpt lat="45.947150" lon="11.379538"><ele>1426.2</ele></trkpt>
   <trkpt lat="45.947154" lon="11.379357"><ele>1427.2</ele></trkpt>
   <trkpt lat="45.947165" lon="11.379328"><ele>1427.2</ele></trkpt>
   <trkpt lat="45.947177" lon="11.379272"><ele>1427.6</ele></trkpt>
   <trkpt lat="45.947180" lon="11.379205"><ele>1428.0</ele></trkpt>
   <trkpt lat="45.947193" lon="11.379099"><ele>1428.4</ele></trkpt>
   <trkpt lat="45.947191" lon="11.378936"><ele>1429.6</ele></trkpt>
   <trkpt lat="45.947179" lon="11.378769"><ele>1430.6</ele></trkpt>
   <trkpt lat="45.947176" lon="11.378645"><ele>1431.2</ele></trkpt>
   <trkpt lat="45.947173" lon="11.378575"><ele>1431.6</ele></trkpt>
   <trkpt lat="45.947105" lon="11.378317"><ele>1432.6</ele></trkpt>
   <trkpt lat="45.947037" lon="11.378044"><ele>1432.8</ele></trkpt>
   <trkpt lat="45.946940" lon="11.377797"><ele>1433.2</ele></trkpt>
   <trkpt lat="45.946883" lon="11.377650"><ele>1433.8</ele></trkpt>
   <trkpt lat="45.946842" lon="11.377445"><ele>1434.8</ele></trkpt>
   <trkpt lat="45.946835" lon="11.377411"><ele>1435.0</ele></trkpt>
   <trkpt lat="45.946831" lon="11.377277"><ele>1435.4</ele></trkpt>
   <trkpt lat="45.946802" lon="11.377168"><ele>1436.0</ele></trkpt>
   <trkpt lat="45.946756" lon="11.376960"><ele>1437.0</ele></trkpt>
   <trkpt lat="45.946704" lon="11.376754"><ele>1438.0</ele></trkpt>
   <trkpt lat="45.946643" lon="11.376506"><ele>1438.6</ele></trkpt>
   <trkpt lat="45.946619" lon="11.376419"><ele>1439.2</ele></trkpt>
   <trkpt lat="45.946583" lon="11.376274"><ele>1440.2</ele></trkpt>
   <trkpt lat="45.946569" lon="11.376082"><ele>1441.4</ele></trkpt>
   <trkpt lat="45.946475" lon="11.375853"><ele>1442.4</ele></trkpt>
   <trkpt lat="45.946469" lon="11.375773"><ele>1442.6</ele></trkpt>
   <trkpt lat="45.946464" lon="11.375734"><ele>1442.8</ele></trkpt>
   <trkpt lat="45.946464" lon="11.375584"><ele>1443.6</ele></trkpt>
   <trkpt lat="45.946399" lon="11.375318"><ele>1444.8</ele></trkpt>
   <trkpt lat="45.946354" lon="11.375053"><ele>1445.2</ele></trkpt>
   <trkpt lat="45.946262" lon="11.374820"><ele>1444.6</ele></trkpt>
   <trkpt lat="45.946172" lon="11.374579"><ele>1444.0</ele></trkpt>
   <trkpt lat="45.946141" lon="11.374507"><ele>1443.6</ele></trkpt>
   <trkpt lat="45.946052" lon="11.374233"><ele>1443.2</ele></trkpt>
   <trkpt lat="45.946014" lon="11.374117"><ele>1442.6</ele></trkpt>
   <trkpt lat="45.945918" lon="11.373886"><ele>1442.0</ele></trkpt>
   <trkpt lat="45.945865" lon="11.373789"><ele>1441.6</ele></trkpt>
   <trkpt lat="45.945800" lon="11.373604"><ele>1442.8</ele></trkpt>
   <trkpt lat="45.945792" lon="11.373581"><ele>1442.8</ele></trkpt>
   <trkpt lat="45.945735" lon="11.373475"><ele>1443.2</ele></trkpt>
   <trkpt lat="45.945695" lon="11.373355"><ele>1443.2</ele></trkpt>
   <trkpt lat="45.945646" lon="11.373278"><ele>1443.8</ele></trkpt>
   <trkpt lat="45.945556" lon="11.373059"><ele>1444.8</ele></trkpt>
   <trkpt lat="45.945451" lon="11.372820"><ele>1445.8</ele></trkpt>
   <trkpt lat="45.945441" lon="11.372791"><ele>1446.0</ele></trkpt>
   <trkpt lat="45.945318" lon="11.372588"><ele>1445.8</ele></trkpt>
   <trkpt lat="45.945284" lon="11.372505"><ele>1445.6</ele></trkpt>
   <trkpt lat="45.945206" lon="11.372270"><ele>1446.2</ele></trkpt>
   <trkpt lat="45.945164" lon="11.372160"><ele>1447.0</ele></trkpt>
   <trkpt lat="45.945121" lon="11.372034"><ele>1448.4</ele></trkpt>
   <trkpt lat="45.944990" lon="11.371851"><ele>1448.8</ele></trkpt>
   <trkpt lat="45.944895" lon="11.371668"><ele>1449.4</ele></trkpt>
   <trkpt lat="45.944887" lon="11.371554"><ele>1450.4</ele></trkpt>
   <trkpt lat="45.944908" lon="11.371517"><ele>1450.8</ele></trkpt>
   <trkpt lat="45.944948" lon="11.371398"><ele>1451.6</ele></trkpt>
   <trkpt lat="45.944988" lon="11.371269"><ele>1452.6</ele></trkpt>
   <trkpt lat="45.945042" lon="11.371195"><ele>1453.6</ele></trkpt>
   <trkpt lat="45.945040" lon="11.371161"><ele>1453.8</ele></trkpt>
   <trkpt lat="45.945063" lon="11.371033"><ele>1455.0</ele></trkpt>
   <trkpt lat="45.945061" lon="11.371008"><ele>1455.4</ele></trkpt>
   <trkpt lat="45.945089" lon="11.370911"><ele>1456.2</ele></trkpt>
   <trkpt lat="45.945120" lon="11.370850"><ele>1456.4</ele></trkpt>
   <trkpt lat="45.945154" lon="11.370756"><ele>1457.2</ele></trkpt>
   <trkpt lat="45.945194" lon="11.370680"><ele>1458.2</ele></trkpt>
   <trkpt lat="45.945264" lon="11.370535"><ele>1459.4</ele></trkpt>
   <trkpt lat="45.945275" lon="11.370517"><ele>1459.6</ele></trkpt>
   <trkpt lat="45.945316" lon="11.370458"><ele>1460.4</ele></trkpt>
   <trkpt lat="45.945379" lon="11.370357"><ele>1461.4</ele></trkpt>
   <trkpt lat="45.945402" lon="11.370326"><ele>1461.4</ele></trkpt>
   <trkpt lat="45.945490" lon="11.370207"><ele>1462.8</ele></trkpt>
   <trkpt lat="45.945544" lon="11.370132"><ele>1463.8</ele></trkpt>
   <trkpt lat="45.945701" lon="11.369956"><ele>1463.8</ele></trkpt>
   <trkpt lat="45.945749" lon="11.369870"><ele>1463.4</ele></trkpt>
   <trkpt lat="45.945771" lon="11.369794"><ele>1463.0</ele></trkpt>
   <trkpt lat="45.945776" lon="11.369750"><ele>1462.6</ele></trkpt>
   <trkpt lat="45.945799" lon="11.369470"><ele>1461.6</ele></trkpt>
   <trkpt lat="45.945804" lon="11.369313"><ele>1460.2</ele></trkpt>
   <trkpt lat="45.945781" lon="11.369183"><ele>1458.8</ele></trkpt>
   <trkpt lat="45.945747" lon="11.368914"><ele>1457.8</ele></trkpt>
   <trkpt lat="45.945741" lon="11.368847"><ele>1456.6</ele></trkpt>
   <trkpt lat="45.945737" lon="11.368745"><ele>1455.4</ele></trkpt>
   <trkpt lat="45.945683" lon="11.368554"><ele>1454.2</ele></trkpt>
   <trkpt lat="45.945629" lon="11.368404"><ele>1453.0</ele></trkpt>
   <trkpt lat="45.945517" lon="11.368161"><ele>1452.2</ele></trkpt>
   <trkpt lat="45.945510" lon="11.368116"><ele>1451.8</ele></trkpt>
   <trkpt lat="45.945485" lon="11.368041"><ele>1450.6</ele></trkpt>
   <trkpt lat="45.945435" lon="11.367939"><ele>1449.6</ele></trkpt>
   <trkpt lat="45.945362" lon="11.367773"><ele>1448.6</ele></trkpt>
   <trkpt lat="45.945320" lon="11.367702"><ele>1448.6</ele></trkpt>
   <trkpt lat="45.945211" lon="11.367610"><ele>1447.4</ele></trkpt>
   <trkpt lat="45.945147" lon="11.367539"><ele>1446.4</ele></trkpt>
   <trkpt lat="45.945097" lon="11.367322"><ele>1445.2</ele></trkpt>
   <trkpt lat="45.945071" lon="11.367068"><ele>1444.8</ele></trkpt>
   <trkpt lat="45.945086" lon="11.366931"><ele>1444.2</ele></trkpt>
   <trkpt lat="45.945140" lon="11.366745"><ele>1443.2</ele></trkpt>
   <trkpt lat="45.945239" lon="11.366520"><ele>1442.4</ele></trkpt>
   <trkpt lat="45.945291" lon="11.366433"><ele>1442.2</ele></trkpt>
   <trkpt lat="45.945373" lon="11.366188"><ele>1442.4</ele></trkpt>
   <trkpt lat="45.945386" lon="11.366149"><ele>1442.0</ele></trkpt>
   <trkpt lat="45.945454" lon="11.365992"><ele>1441.0</ele></trkpt>
   <trkpt lat="45.945561" lon="11.365741"><ele>1440.6</ele></trkpt>
   <trkpt lat="45.945632" lon="11.365487"><ele>1440.2</ele></trkpt>
   <trkpt lat="45.945661" lon="11.365391"><ele>1439.6</ele></trkpt>
   <trkpt lat="45.945677" lon="11.365109"><ele>1439.2</ele></trkpt>
   <trkpt lat="45.945665" lon="11.364975"><ele>1438.4</ele></trkpt>
   <trkpt lat="45.945749" lon="11.364776"><ele>1437.2</ele></trkpt>
   <trkpt lat="45.945922" lon="11.364650"><ele>1437.4</ele></trkpt>
   <trkpt lat="45.946060" lon="11.364472"><ele>1437.2</ele></trkpt>
   <trkpt lat="45.946147" lon="11.364224"><ele>1436.8</ele></trkpt>
   <trkpt lat="45.946227" lon="11.363987"><ele>1437.0</ele></trkpt>
   <trkpt lat="45.946217" lon="11.363899"><ele>1436.6</ele></trkpt>
   <trkpt lat="45.946212" lon="11.363692"><ele>1436.2</ele></trkpt>
   <trkpt lat="45.946137" lon="11.363428"><ele>1436.0</ele></trkpt>
   <trkpt lat="45.946030" lon="11.363215"><ele>1435.8</ele></trkpt>
   <trkpt lat="45.945950" lon="11.362990"><ele>1436.4</ele></trkpt>
   <trkpt lat="45.946054" lon="11.362750"><ele>1436.8</ele></trkpt>
   <trkpt lat="45.946139" lon="11.362523"><ele>1436.0</ele></trkpt>
   <trkpt lat="45.946142" lon="11.362251"><ele>1436.2</ele></trkpt>
   <trkpt lat="45.946171" lon="11.362099"><ele>1436.4</ele></trkpt>
   <trkpt lat="45.946323" lon="11.361919"><ele>1435.8</ele></trkpt>
   <trkpt lat="45.946387" lon="11.361673"><ele>1436.0</ele></trkpt>
   <trkpt lat="45.946415" lon="11.361440"><ele>1435.2</ele></trkpt>
   <trkpt lat="45.946448" lon="11.361235"><ele>1434.0</ele></trkpt>
   <trkpt lat="45.946529" lon="11.360955"><ele>1435.0</ele></trkpt>
   <trkpt lat="45.946561" lon="11.360688"><ele>1434.4</ele></trkpt>
   <trkpt lat="45.946617" lon="11.360420"><ele>1434.0</ele></trkpt>
   <trkpt lat="45.946728" lon="11.360214"><ele>1433.4</ele></trkpt>
   <trkpt lat="45.946819" lon="11.360097"><ele>1432.8</ele></trkpt>
   <trkpt lat="45.946946" lon="11.359932"><ele>1432.0</ele></trkpt>
   <trkpt lat="45.947047" lon="11.359729"><ele>1431.8</ele></trkpt>
   <trkpt lat="45.947109" lon="11.359447"><ele>1431.4</ele></trkpt>
   <trkpt lat="45.947160" lon="11.359196"><ele>1431.2</ele></trkpt>
   <trkpt lat="45.947217" lon="11.358920"><ele>1431.0</ele></trkpt>
   <trkpt lat="45.947220" lon="11.358882"><ele>1430.6</ele></trkpt>
   <trkpt lat="45.947231" lon="11.358798"><ele>1429.6</ele></trkpt>
   <trkpt lat="45.947250" lon="11.358677"><ele>1428.4</ele></trkpt>
   <trkpt lat="45.947295" lon="11.358486"><ele>1427.2</ele></trkpt>
   <trkpt lat="45.947318" lon="11.358359"><ele>1426.0</ele></trkpt>
   <trkpt lat="45.947391" lon="11.358077"><ele>1425.6</ele></trkpt>
   <trkpt lat="45.947405" lon="11.357992"><ele>1424.8</ele></trkpt>
   <trkpt lat="45.947452" lon="11.357743"><ele>1424.0</ele></trkpt>
   <trkpt lat="45.947471" lon="11.357658"><ele>1423.6</ele></trkpt>
   <trkpt lat="45.947518" lon="11.357547"><ele>1422.2</ele></trkpt>
   <trkpt lat="45.947634" lon="11.357416"><ele>1421.2</ele></trkpt>
   <trkpt lat="45.947783" lon="11.357267"><ele>1420.4</ele></trkpt>
   <trkpt lat="45.947898" lon="11.357048"><ele>1421.4</ele></trkpt>
   <trkpt lat="45.947966" lon="11.356895"><ele>1422.4</ele></trkpt>
   <trkpt lat="45.948001" lon="11.356793"><ele>1423.4</ele></trkpt>
   <trkpt lat="45.948087" lon="11.356543"><ele>1422.8</ele></trkpt>
   <trkpt lat="45.948171" lon="11.356302"><ele>1422.6</ele></trkpt>
   <trkpt lat="45.948194" lon="11.356187"><ele>1422.2</ele></trkpt>
   <trkpt lat="45.948205" lon="11.355893"><ele>1423.0</ele></trkpt>
   <trkpt lat="45.948200" lon="11.355605"><ele>1422.4</ele></trkpt>
   <trkpt lat="45.948214" lon="11.355319"><ele>1421.4</ele></trkpt>
   <trkpt lat="45.948219" lon="11.355197"><ele>1421.2</ele></trkpt>
   <trkpt lat="45.948193" lon="11.354910"><ele>1420.2</ele></trkpt>
   <trkpt lat="45.948184" lon="11.354869"><ele>1419.8</ele></trkpt>
   <trkpt lat="45.948175" lon="11.354831"><ele>1419.8</ele></trkpt>
   <trkpt lat="45.948128" lon="11.354711"><ele>1418.8</ele></trkpt>
   <trkpt lat="45.947973" lon="11.354556"><ele>1417.8</ele></trkpt>
   <trkpt lat="45.947917" lon="11.354550"><ele>1417.4</ele></trkpt>
   <trkpt lat="45.947734" lon="11.354542"><ele>1416.2</ele></trkpt>
   <trkpt lat="45.947562" lon="11.354472"><ele>1415.2</ele></trkpt>
   <trkpt lat="45.947558" lon="11.354279"><ele>1414.8</ele></trkpt>
   <trkpt lat="45.947702" lon="11.354111"><ele>1414.0</ele></trkpt>
   <trkpt lat="45.947788" lon="11.354014"><ele>1413.0</ele></trkpt>
   <trkpt lat="45.947879" lon="11.353883"><ele>1411.8</ele></trkpt>
   <trkpt lat="45.947933" lon="11.353768"><ele>1410.2</ele></trkpt>
   <trkpt lat="45.947977" lon="11.353580"><ele>1409.0</ele></trkpt>
   <trkpt lat="45.947962" lon="11.353306"><ele>1407.8</ele></trkpt>
   <trkpt lat="45.947966" lon="11.353163"><ele>1406.8</ele></trkpt>
   <trkpt lat="45.947984" lon="11.353025"><ele>1405.2</ele></trkpt>
   <trkpt lat="45.948042" lon="11.352839"><ele>1404.2</ele></trkpt>
   <trkpt lat="45.948116" lon="11.352567"><ele>1404.0</ele></trkpt>
   <trkpt lat="45.948162" lon="11.352313"><ele>1404.6</ele></trkpt>
   <trkpt lat="45.948187" lon="11.352096"><ele>1402.8</ele></trkpt>
   <trkpt lat="45.948202" lon="11.351805"><ele>1402.6</ele></trkpt>
   <trkpt lat="45.948223" lon="11.351675"><ele>1401.8</ele></trkpt>
   <trkpt lat="45.948290" lon="11.351391"><ele>1401.2</ele></trkpt>
   <trkpt lat="45.948386" lon="11.351125"><ele>1401.0</ele></trkpt>
   <trkpt lat="45.948429" lon="11.351020"><ele>1400.6</ele></trkpt>
   <trkpt lat="45.948536" lon="11.350773"><ele>1401.6</ele></trkpt>
   <trkpt lat="45.948637" lon="11.350522"><ele>1401.0</ele></trkpt>
   <trkpt lat="45.948750" lon="11.350313"><ele>1400.8</ele></trkpt>
   <trkpt lat="45.948905" lon="11.350131"><ele>1401.6</ele></trkpt>
   <trkpt lat="45.948943" lon="11.350072"><ele>1401.8</ele></trkpt>
   <trkpt lat="45.949035" lon="11.349822"><ele>1401.2</ele></trkpt>
   <trkpt lat="45.949079" lon="11.349726"><ele>1400.6</ele></trkpt>
   <trkpt lat="45.949159" lon="11.349589"><ele>1399.2</ele></trkpt>
   <trkpt lat="45.949189" lon="11.349522"><ele>1398.0</ele></trkpt>
   <trkpt lat="45.949221" lon="11.349456"><ele>1396.8</ele></trkpt>
   <trkpt lat="45.949303" lon="11.349296"><ele>1395.6</ele></trkpt>
   <trkpt lat="45.949418" lon="11.349107"><ele>1394.6</ele></trkpt>
   <trkpt lat="45.949439" lon="11.348957"><ele>1395.0</ele></trkpt>
   <trkpt lat="45.949407" lon="11.348919"><ele>1394.8</ele></trkpt>
   <trkpt lat="45.949259" lon="11.348907"><ele>1395.8</ele></trkpt>
   <trkpt lat="45.949242" lon="11.348913"><ele>1396.2</ele></trkpt>
   <trkpt lat="45.949251" lon="11.348846"><ele>1396.8</ele></trkpt>
   <trkpt lat="45.949264" lon="11.348818"><ele>1397.2</ele></trkpt>
   <trkpt lat="45.949310" lon="11.348714"><ele>1397.6</ele></trkpt>
   <trkpt lat="45.949358" lon="11.348549"><ele>1398.2</ele></trkpt>
   <trkpt lat="45.949344" lon="11.348347"><ele>1399.4</ele></trkpt>
   <trkpt lat="45.949335" lon="11.348244"><ele>1400.4</ele></trkpt>
   <trkpt lat="45.949293" lon="11.348107"><ele>1401.4</ele></trkpt>
   <trkpt lat="45.949196" lon="11.347943"><ele>1402.6</ele></trkpt>
   <trkpt lat="45.949122" lon="11.347841"><ele>1403.6</ele></trkpt>
   <trkpt lat="45.949061" lon="11.347744"><ele>1404.8</ele></trkpt>
   <trkpt lat="45.949030" lon="11.347664"><ele>1405.8</ele></trkpt>
   <trkpt lat="45.948980" lon="11.347587"><ele>1407.2</ele></trkpt>
   <trkpt lat="45.948969" lon="11.347572"><ele>1407.4</ele></trkpt>
   <trkpt lat="45.948925" lon="11.347538"><ele>1408.0</ele></trkpt>
   <trkpt lat="45.948913" lon="11.347540"><ele>1408.2</ele></trkpt>
   <trkpt lat="45.948878" lon="11.347561"><ele>1409.2</ele></trkpt>
   <trkpt lat="45.948837" lon="11.347612"><ele>1410.2</ele></trkpt>
   <trkpt lat="45.948810" lon="11.347653"><ele>1411.2</ele></trkpt>
   <trkpt lat="45.948798" lon="11.347662"><ele>1411.4</ele></trkpt>
   <trkpt lat="45.948760" lon="11.347726"><ele>1412.4</ele></trkpt>
   <trkpt lat="45.948713" lon="11.347792"><ele>1413.4</ele></trkpt>
   <trkpt lat="45.948693" lon="11.347816"><ele>1414.0</ele></trkpt>
   <trkpt lat="45.948684" lon="11.347826"><ele>1414.6</ele></trkpt>
   <trkpt lat="45.948656" lon="11.347859"><ele>1415.8</ele></trkpt>
   <trkpt lat="45.948610" lon="11.347906"><ele>1416.8</ele></trkpt>
   <trkpt lat="45.948577" lon="11.347937"><ele>1418.0</ele></trkpt>
   <trkpt lat="45.948548" lon="11.347966"><ele>1419.2</ele></trkpt>
   <trkpt lat="45.948479" lon="11.348031"><ele>1420.4</ele></trkpt>
   <trkpt lat="45.948432" lon="11.348063"><ele>1421.4</ele></trkpt>
   <trkpt lat="45.948391" lon="11.348077"><ele>1422.4</ele></trkpt>
   <trkpt lat="45.948338" lon="11.348092"><ele>1423.6</ele></trkpt>
   <trkpt lat="45.948270" lon="11.348104"><ele>1424.8</ele></trkpt>
   <trkpt lat="45.948206" lon="11.348094"><ele>1426.0</ele></trkpt>
   <trkpt lat="45.948129" lon="11.348039"><ele>1427.0</ele></trkpt>
   <trkpt lat="45.948092" lon="11.347995"><ele>1428.4</ele></trkpt>
   <trkpt lat="45.948045" lon="11.347958"><ele>1429.4</ele></trkpt>
   <trkpt lat="45.948011" lon="11.347931"><ele>1430.6</ele></trkpt>
   <trkpt lat="45.947988" lon="11.347923"><ele>1431.2</ele></trkpt>
   <trkpt lat="45.947974" lon="11.347895"><ele>1431.6</ele></trkpt>
   <trkpt lat="45.947967" lon="11.347882"><ele>1432.0</ele></trkpt>
   <trkpt lat="45.947948" lon="11.347867"><ele>1432.6</ele></trkpt>
   <trkpt lat="45.947918" lon="11.347811"><ele>1433.6</ele></trkpt>
   <trkpt lat="45.947909" lon="11.347797"><ele>1433.8</ele></trkpt>
   <trkpt lat="45.947863" lon="11.347733"><ele>1434.8</ele></trkpt>
   <trkpt lat="45.947827" lon="11.347583"><ele>1436.0</ele></trkpt>
   <trkpt lat="45.947795" lon="11.347437"><ele>1437.0</ele></trkpt>
   <trkpt lat="45.947743" lon="11.347290"><ele>1438.0</ele></trkpt>
   <trkpt lat="45.947698" lon="11.347175"><ele>1439.2</ele></trkpt>
   <trkpt lat="45.947663" lon="11.347081"><ele>1440.4</ele></trkpt>
   <trkpt lat="45.947612" lon="11.346903"><ele>1441.4</ele></trkpt>
   <trkpt lat="45.947618" lon="11.346816"><ele>1442.6</ele></trkpt>
   <trkpt lat="45.947616" lon="11.346713"><ele>1443.8</ele></trkpt>
   <trkpt lat="45.947600" lon="11.346627"><ele>1445.0</ele></trkpt>
   <trkpt lat="45.947577" lon="11.346543"><ele>1446.0</ele></trkpt>
   <trkpt lat="45.947550" lon="11.346462"><ele>1447.2</ele></trkpt>
   <trkpt lat="45.947511" lon="11.346298"><ele>1448.4</ele></trkpt>
   <trkpt lat="45.947464" lon="11.346187"><ele>1449.0</ele></trkpt>
   <trkpt lat="45.947443" lon="11.346157"><ele>1449.4</ele></trkpt>
   <trkpt lat="45.947402" lon="11.346075"><ele>1450.4</ele></trkpt>
   <trkpt lat="45.947308" lon="11.345926"><ele>1451.6</ele></trkpt>
   <trkpt lat="45.947162" lon="11.345764"><ele>1452.4</ele></trkpt>
   <trkpt lat="45.947115" lon="11.345663"><ele>1452.6</ele></trkpt>
   <trkpt lat="45.946996" lon="11.345452"><ele>1453.4</ele></trkpt>
   <trkpt lat="45.946955" lon="11.345431"><ele>1453.8</ele></trkpt>
   <trkpt lat="45.946890" lon="11.345415"><ele>1455.0</ele></trkpt>
   <trkpt lat="45.946693" lon="11.345339"><ele>1455.0</ele></trkpt>
   <trkpt lat="45.946570" lon="11.345320"><ele>1453.8</ele></trkpt>
   <trkpt lat="45.946447" lon="11.345307"><ele>1452.8</ele></trkpt>
   <trkpt lat="45.946368" lon="11.345288"><ele>1452.4</ele></trkpt>
   <trkpt lat="45.946280" lon="11.345229"><ele>1452.2</ele></trkpt>
   <trkpt lat="45.946330" lon="11.345081"><ele>1451.8</ele></trkpt>
   <trkpt lat="45.946418" lon="11.344819"><ele>1451.2</ele></trkpt>
   <trkpt lat="45.946492" lon="11.344566"><ele>1451.4</ele></trkpt>
   <trkpt lat="45.946612" lon="11.344359"><ele>1451.0</ele></trkpt>
   <trkpt lat="45.946676" lon="11.344317"><ele>1451.0</ele></trkpt>
   <trkpt lat="45.946820" lon="11.344153"><ele>1451.6</ele></trkpt>
   <trkpt lat="45.946929" lon="11.343945"><ele>1451.8</ele></trkpt>
   <trkpt lat="45.947043" lon="11.343701"><ele>1451.4</ele></trkpt>
   <trkpt lat="45.947110" lon="11.343569"><ele>1450.6</ele></trkpt>
   <trkpt lat="45.947208" lon="11.343353"><ele>1450.2</ele></trkpt>
   <trkpt lat="45.947272" lon="11.343192"><ele>1449.6</ele></trkpt>
   <trkpt lat="45.947355" lon="11.342974"><ele>1448.6</ele></trkpt>
   <trkpt lat="45.947419" lon="11.342700"><ele>1448.0</ele></trkpt>
   <trkpt lat="45.947374" lon="11.342449"><ele>1447.4</ele></trkpt>
   <trkpt lat="45.947225" lon="11.342257"><ele>1447.8</ele></trkpt>
   <trkpt lat="45.947118" lon="11.342134"><ele>1448.6</ele></trkpt>
   <trkpt lat="45.946965" lon="11.341962"><ele>1448.4</ele></trkpt>
   <trkpt lat="45.946859" lon="11.341837"><ele>1447.4</ele></trkpt>
   <trkpt lat="45.946726" lon="11.341650"><ele>1447.2</ele></trkpt>
   <trkpt lat="45.946583" lon="11.341460"><ele>1447.6</ele></trkpt>
   <trkpt lat="45.946468" lon="11.341228"><ele>1447.6</ele></trkpt>
   <trkpt lat="45.946456" lon="11.340970"><ele>1447.8</ele></trkpt>
   <trkpt lat="45.946533" lon="11.340697"><ele>1447.8</ele></trkpt>
   <trkpt lat="45.946645" lon="11.340474"><ele>1447.4</ele></trkpt>
   <trkpt lat="45.946763" lon="11.340253"><ele>1447.0</ele></trkpt>
   <trkpt lat="45.946862" lon="11.340034"><ele>1447.0</ele></trkpt>
   <trkpt lat="45.946879" lon="11.339749"><ele>1447.4</ele></trkpt>
   <trkpt lat="45.946889" lon="11.339473"><ele>1447.4</ele></trkpt>
   <trkpt lat="45.946958" lon="11.339205"><ele>1447.0</ele></trkpt>
   <trkpt lat="45.947062" lon="11.338966"><ele>1447.6</ele></trkpt>
   <trkpt lat="45.947134" lon="11.338694"><ele>1447.0</ele></trkpt>
   <trkpt lat="45.947085" lon="11.338416"><ele>1448.0</ele></trkpt>
   <trkpt lat="45.947028" lon="11.338205"><ele>1448.4</ele></trkpt>
   <trkpt lat="45.947004" lon="11.337939"><ele>1449.2</ele></trkpt>
   <trkpt lat="45.947033" lon="11.337790"><ele>1449.6</ele></trkpt>
   <trkpt lat="45.947040" lon="11.337679"><ele>1450.8</ele></trkpt>
   <trkpt lat="45.947040" lon="11.337392"><ele>1450.4</ele></trkpt>
   <trkpt lat="45.947006" lon="11.337332"><ele>1449.6</ele></trkpt>
   <trkpt lat="45.946960" lon="11.337279"><ele>1448.6</ele></trkpt>
   <trkpt lat="45.946909" lon="11.337241"><ele>1447.4</ele></trkpt>
   <trkpt lat="45.946855" lon="11.337199"><ele>1446.4</ele></trkpt>
   <trkpt lat="45.946777" lon="11.337120"><ele>1445.2</ele></trkpt>
   <trkpt lat="45.946695" lon="11.337070"><ele>1444.2</ele></trkpt>
   <trkpt lat="45.946543" lon="11.337033"><ele>1442.8</ele></trkpt>
   <trkpt lat="45.946354" lon="11.336937"><ele>1442.2</ele></trkpt>
   <trkpt lat="45.946303" lon="11.336868"><ele>1441.8</ele></trkpt>
   <trkpt lat="45.946147" lon="11.336727"><ele>1440.8</ele></trkpt>
   <trkpt lat="45.946095" lon="11.336695"><ele>1440.6</ele></trkpt>
   <trkpt lat="45.946007" lon="11.336616"><ele>1439.4</ele></trkpt>
   <trkpt lat="45.945909" lon="11.336408"><ele>1438.4</ele></trkpt>
   <trkpt lat="45.945803" lon="11.336162"><ele>1438.6</ele></trkpt>
   <trkpt lat="45.945763" lon="11.336063"><ele>1439.6</ele></trkpt>
   <trkpt lat="45.945662" lon="11.335845"><ele>1440.0</ele></trkpt>
   <trkpt lat="45.945628" lon="11.335767"><ele>1440.8</ele></trkpt>
   <trkpt lat="45.945587" lon="11.335703"><ele>1442.0</ele></trkpt>
   <trkpt lat="45.945541" lon="11.335644"><ele>1443.0</ele></trkpt>
   <trkpt lat="45.945459" lon="11.335525"><ele>1444.2</ele></trkpt>
   <trkpt lat="45.945313" lon="11.335319"><ele>1445.2</ele></trkpt>
   <trkpt lat="45.945294" lon="11.335291"><ele>1445.4</ele></trkpt>
   <trkpt lat="45.945210" lon="11.335207"><ele>1446.6</ele></trkpt>
   <trkpt lat="45.945085" lon="11.335094"><ele>1446.4</ele></trkpt>
   <trkpt lat="45.945064" lon="11.335077"><ele>1446.4</ele></trkpt>
   <trkpt lat="45.945047" lon="11.335070"><ele>1446.2</ele></trkpt>
   <trkpt lat="45.944921" lon="11.335043"><ele>1447.6</ele></trkpt>
   <trkpt lat="45.944868" lon="11.335059"><ele>1448.8</ele></trkpt>
   <trkpt lat="45.944848" lon="11.335074"><ele>1449.0</ele></trkpt>
   <trkpt lat="45.944791" lon="11.335120"><ele>1449.8</ele></trkpt>
   <trkpt lat="45.944714" lon="11.335184"><ele>1451.0</ele></trkpt>
   <trkpt lat="45.944622" lon="11.335234"><ele>1452.0</ele></trkpt>
   <trkpt lat="45.944577" lon="11.335231"><ele>1453.2</ele></trkpt>
   <trkpt lat="45.944538" lon="11.335236"><ele>1454.0</ele></trkpt>
   <trkpt lat="45.944526" lon="11.335235"><ele>1454.2</ele></trkpt>
   <trkpt lat="45.944449" lon="11.335235"><ele>1455.2</ele></trkpt>
   <trkpt lat="45.944383" lon="11.335266"><ele>1456.6</ele></trkpt>
   <trkpt lat="45.944356" lon="11.335276"><ele>1456.8</ele></trkpt>
   <trkpt lat="45.944297" lon="11.335283"><ele>1457.8</ele></trkpt>
   <trkpt lat="45.944209" lon="11.335300"><ele>1459.0</ele></trkpt>
   <trkpt lat="45.944147" lon="11.335319"><ele>1460.2</ele></trkpt>
   <trkpt lat="45.944066" lon="11.335336"><ele>1461.2</ele></trkpt>
   <trkpt lat="45.943977" lon="11.335366"><ele>1462.4</ele></trkpt>
   <trkpt lat="45.943850" lon="11.335387"><ele>1463.6</ele></trkpt>
   <trkpt lat="45.943754" lon="11.335344"><ele>1464.6</ele></trkpt>
   <trkpt lat="45.943693" lon="11.335279"><ele>1465.6</ele></trkpt>
   <trkpt lat="45.943645" lon="11.335251"><ele>1466.8</ele></trkpt>
   <trkpt lat="45.943594" lon="11.335241"><ele>1468.0</ele></trkpt>
   <trkpt lat="45.943546" lon="11.335230"><ele>1468.8</ele></trkpt>
   <trkpt lat="45.943535" lon="11.335238"><ele>1469.0</ele></trkpt>
   <trkpt lat="45.943523" lon="11.335237"><ele>1469.2</ele></trkpt>
   <trkpt lat="45.943503" lon="11.335232"><ele>1469.6</ele></trkpt>
   <trkpt lat="45.943471" lon="11.335237"><ele>1470.0</ele></trkpt>
   <trkpt lat="45.943398" lon="11.335247"><ele>1471.2</ele></trkpt>
   <trkpt lat="45.943282" lon="11.335235"><ele>1472.2</ele></trkpt>
   <trkpt lat="45.943263" lon="11.335240"><ele>1472.2</ele></trkpt>
   <trkpt lat="45.943129" lon="11.335259"><ele>1472.8</ele></trkpt>
   <trkpt lat="45.943086" lon="11.335260"><ele>1473.2</ele></trkpt>
   <trkpt lat="45.943045" lon="11.335265"><ele>1473.4</ele></trkpt>
   <trkpt lat="45.942855" lon="11.335293"><ele>1473.8</ele></trkpt>
   <trkpt lat="45.942691" lon="11.335363"><ele>1474.6</ele></trkpt>
   <trkpt lat="45.942505" lon="11.335412"><ele>1475.2</ele></trkpt>
   <trkpt lat="45.942445" lon="11.335422"><ele>1475.8</ele></trkpt>
   <trkpt lat="45.942298" lon="11.335461"><ele>1477.0</ele></trkpt>
   <trkpt lat="45.942115" lon="11.335454"><ele>1477.8</ele></trkpt>
   <trkpt lat="45.942071" lon="11.335453"><ele>1478.0</ele></trkpt>
   <trkpt lat="45.942027" lon="11.335451"><ele>1478.4</ele></trkpt>
   <trkpt lat="45.941952" lon="11.335369"><ele>1479.0</ele></trkpt>
   <trkpt lat="45.941893" lon="11.335172"><ele>1479.4</ele></trkpt>
   <trkpt lat="45.941842" lon="11.334920"><ele>1478.0</ele></trkpt>
   <trkpt lat="45.941789" lon="11.334805"><ele>1476.6</ele></trkpt>
   <trkpt lat="45.941721" lon="11.334729"><ele>1475.4</ele></trkpt>
   <trkpt lat="45.941655" lon="11.334680"><ele>1474.0</ele></trkpt>
   <trkpt lat="45.941608" lon="11.334652"><ele>1472.8</ele></trkpt>
   <trkpt lat="45.941575" lon="11.334643"><ele>1471.4</ele></trkpt>
   <trkpt lat="45.941561" lon="11.334646"><ele>1470.6</ele></trkpt>
   <trkpt lat="45.941530" lon="11.334647"><ele>1470.4</ele></trkpt>
   <trkpt lat="45.941505" lon="11.334636"><ele>1470.4</ele></trkpt>
   <trkpt lat="45.941345" lon="11.334523"><ele>1470.2</ele></trkpt>
   <trkpt lat="45.941240" lon="11.334310"><ele>1469.6</ele></trkpt>
   <trkpt lat="45.941188" lon="11.334209"><ele>1469.4</ele></trkpt>
   <trkpt lat="45.941115" lon="11.333943"><ele>1469.0</ele></trkpt>
   <trkpt lat="45.941070" lon="11.333687"><ele>1470.4</ele></trkpt>
   <trkpt lat="45.940982" lon="11.333448"><ele>1471.6</ele></trkpt>
   <trkpt lat="45.940819" lon="11.333311"><ele>1472.2</ele></trkpt>
   <trkpt lat="45.940673" lon="11.333260"><ele>1470.4</ele></trkpt>
   <trkpt lat="45.940501" lon="11.333169"><ele>1469.0</ele></trkpt>
   <trkpt lat="45.940386" lon="11.333095"><ele>1468.0</ele></trkpt>
   <trkpt lat="45.940249" lon="11.333039"><ele>1466.6</ele></trkpt>
   <trkpt lat="45.940151" lon="11.332999"><ele>1465.6</ele></trkpt>
   <trkpt lat="45.939972" lon="11.332939"><ele>1465.2</ele></trkpt>
   <trkpt lat="45.939798" lon="11.332842"><ele>1465.4</ele></trkpt>
   <trkpt lat="45.939617" lon="11.332730"><ele>1465.6</ele></trkpt>
   <trkpt lat="45.939459" lon="11.332599"><ele>1465.0</ele></trkpt>
   <trkpt lat="45.939307" lon="11.332441"><ele>1464.6</ele></trkpt>
   <trkpt lat="45.939251" lon="11.332385"><ele>1464.6</ele></trkpt>
   <trkpt lat="45.939132" lon="11.332308"><ele>1463.6</ele></trkpt>
   <trkpt lat="45.939001" lon="11.332343"><ele>1464.0</ele></trkpt>
   <trkpt lat="45.938974" lon="11.332384"><ele>1464.6</ele></trkpt>
   <trkpt lat="45.938927" lon="11.332440"><ele>1465.8</ele></trkpt>
   <trkpt lat="45.938729" lon="11.332509"><ele>1466.2</ele></trkpt>
   <trkpt lat="45.938701" lon="11.332512"><ele>1466.2</ele></trkpt>
   <trkpt lat="45.938524" lon="11.332470"><ele>1466.6</ele></trkpt>
   <trkpt lat="45.938354" lon="11.332372"><ele>1465.4</ele></trkpt>
   <trkpt lat="45.938253" lon="11.332279"><ele>1464.8</ele></trkpt>
   <trkpt lat="45.938104" lon="11.332099"><ele>1465.0</ele></trkpt>
   <trkpt lat="45.938004" lon="11.331980"><ele>1465.8</ele></trkpt>
   <trkpt lat="45.937903" lon="11.331821"><ele>1466.8</ele></trkpt>
   <trkpt lat="45.937769" lon="11.331622"><ele>1467.8</ele></trkpt>
   <trkpt lat="45.937752" lon="11.331606"><ele>1468.2</ele></trkpt>
   <trkpt lat="45.937689" lon="11.331536"><ele>1469.2</ele></trkpt>
   <trkpt lat="45.937568" lon="11.331442"><ele>1470.4</ele></trkpt>
   <trkpt lat="45.937502" lon="11.331395"><ele>1471.4</ele></trkpt>
   <trkpt lat="45.937385" lon="11.331195"><ele>1472.2</ele></trkpt>
   <trkpt lat="45.937289" lon="11.330942"><ele>1471.8</ele></trkpt>
   <trkpt lat="45.937168" lon="11.330733"><ele>1471.0</ele></trkpt>
   <trkpt lat="45.937010" lon="11.330582"><ele>1470.8</ele></trkpt>
   <trkpt lat="45.936808" lon="11.330558"><ele>1471.2</ele></trkpt>
   <trkpt lat="45.936613" lon="11.330542"><ele>1471.0</ele></trkpt>
   <trkpt lat="45.936421" lon="11.330529"><ele>1471.4</ele></trkpt>
   <trkpt lat="45.936237" lon="11.330543"><ele>1470.8</ele></trkpt>
   <trkpt lat="45.936120" lon="11.330531"><ele>1470.2</ele></trkpt>
   <trkpt lat="45.935998" lon="11.330526"><ele>1469.2</ele></trkpt>
   <trkpt lat="45.935846" lon="11.330503"><ele>1468.0</ele></trkpt>
   <trkpt lat="45.935752" lon="11.330498"><ele>1467.0</ele></trkpt>
   <trkpt lat="45.935635" lon="11.330520"><ele>1466.0</ele></trkpt>
   <trkpt lat="45.935469" lon="11.330648"><ele>1465.4</ele></trkpt>
   <trkpt lat="45.935399" lon="11.330730"><ele>1465.0</ele></trkpt>
   <trkpt lat="45.935249" lon="11.330903"><ele>1465.0</ele></trkpt>
   <trkpt lat="45.935070" lon="11.331031"><ele>1463.8</ele></trkpt>
   <trkpt lat="45.934923" lon="11.331087"><ele>1462.4</ele></trkpt>
   <trkpt lat="45.934819" lon="11.331087"><ele>1461.4</ele></trkpt>
   <trkpt lat="45.934674" lon="11.331073"><ele>1460.4</ele></trkpt>
   <trkpt lat="45.934579" lon="11.331058"><ele>1459.2</ele></trkpt>
   <trkpt lat="45.934467" lon="11.331036"><ele>1458.2</ele></trkpt>
   <trkpt lat="45.934285" lon="11.331013"><ele>1457.8</ele></trkpt>
   <trkpt lat="45.934106" lon="11.331046"><ele>1459.4</ele></trkpt>
   <trkpt lat="45.934047" lon="11.331058"><ele>1460.6</ele></trkpt>
   <trkpt lat="45.933923" lon="11.331091"><ele>1461.6</ele></trkpt>
   <trkpt lat="45.933831" lon="11.331151"><ele>1462.6</ele></trkpt>
   <trkpt lat="45.933726" lon="11.331228"><ele>1463.8</ele></trkpt>
   <trkpt lat="45.933576" lon="11.331272"><ele>1464.8</ele></trkpt>
   <trkpt lat="45.933420" lon="11.331352"><ele>1465.8</ele></trkpt>
   <trkpt lat="45.933243" lon="11.331416"><ele>1467.0</ele></trkpt>
   <trkpt lat="45.933054" lon="11.331459"><ele>1467.4</ele></trkpt>
   <trkpt lat="45.932936" lon="11.331569"><ele>1468.0</ele></trkpt>
   <trkpt lat="45.932845" lon="11.331603"><ele>1468.4</ele></trkpt>
   <trkpt lat="45.932671" lon="11.331667"><ele>1467.8</ele></trkpt>
   <trkpt lat="45.932475" lon="11.331743"><ele>1467.2</ele></trkpt>
   <trkpt lat="45.932334" lon="11.331834"><ele>1467.0</ele></trkpt>
   <trkpt lat="45.932158" lon="11.331956"><ele>1465.6</ele></trkpt>
   <trkpt lat="45.932096" lon="11.332025"><ele>1464.4</ele></trkpt>
   <trkpt lat="45.931921" lon="11.332096"><ele>1463.8</ele></trkpt>
   <trkpt lat="45.931734" lon="11.332108"><ele>1463.8</ele></trkpt>
   <trkpt lat="45.931554" lon="11.332090"><ele>1464.2</ele></trkpt>
   <trkpt lat="45.931410" lon="11.332082"><ele>1464.6</ele></trkpt>
   <trkpt lat="45.931245" lon="11.332050"><ele>1465.4</ele></trkpt>
   <trkpt lat="45.931058" lon="11.332045"><ele>1465.4</ele></trkpt>
   <trkpt lat="45.930966" lon="11.332013"><ele>1466.4</ele></trkpt>
   <trkpt lat="45.930785" lon="11.331923"><ele>1467.0</ele></trkpt>
   <trkpt lat="45.930689" lon="11.331913"><ele>1467.4</ele></trkpt>
   <trkpt lat="45.930556" lon="11.331957"><ele>1468.4</ele></trkpt>
   <trkpt lat="45.930534" lon="11.331955"><ele>1468.4</ele></trkpt>
   <trkpt lat="45.930344" lon="11.331986"><ele>1468.4</ele></trkpt>
   <trkpt lat="45.930143" lon="11.332010"><ele>1468.4</ele></trkpt>
   <trkpt lat="45.929963" lon="11.332049"><ele>1468.4</ele></trkpt>
   <trkpt lat="45.929794" lon="11.332151"><ele>1467.4</ele></trkpt>
   <trkpt lat="45.929747" lon="11.332189"><ele>1466.2</ele></trkpt>
   <trkpt lat="45.929611" lon="11.332366"><ele>1466.0</ele></trkpt>
   <trkpt lat="45.929559" lon="11.332620"><ele>1466.6</ele></trkpt>
   <trkpt lat="45.929555" lon="11.332739"><ele>1467.2</ele></trkpt>
   <trkpt lat="45.929544" lon="11.332921"><ele>1468.4</ele></trkpt>
   <trkpt lat="45.929531" lon="11.333046"><ele>1469.6</ele></trkpt>
   <trkpt lat="45.929547" lon="11.333201"><ele>1470.6</ele></trkpt>
   <trkpt lat="45.929576" lon="11.333266"><ele>1470.8</ele></trkpt>
   <trkpt lat="45.929640" lon="11.333363"><ele>1471.6</ele></trkpt>
   <trkpt lat="45.929795" lon="11.333447"><ele>1472.6</ele></trkpt>
   <trkpt lat="45.929869" lon="11.333586"><ele>1473.8</ele></trkpt>
   <trkpt lat="45.929894" lon="11.333741"><ele>1475.0</ele></trkpt>
   <trkpt lat="45.929912" lon="11.333886"><ele>1476.2</ele></trkpt>
   <trkpt lat="45.929914" lon="11.334028"><ele>1477.2</ele></trkpt>
   <trkpt lat="45.929925" lon="11.334166"><ele>1478.4</ele></trkpt>
   <trkpt lat="45.929938" lon="11.334216"><ele>1478.8</ele></trkpt>
   <trkpt lat="45.929960" lon="11.334339"><ele>1479.4</ele></trkpt>
   <trkpt lat="45.929982" lon="11.334437"><ele>1480.4</ele></trkpt>
   <trkpt lat="45.929987" lon="11.334458"><ele>1480.8</ele></trkpt>
   <trkpt lat="45.929991" lon="11.334480"><ele>1481.0</ele></trkpt>
   <trkpt lat="45.930045" lon="11.334627"><ele>1482.0</ele></trkpt>
   <trkpt lat="45.930062" lon="11.334663"><ele>1482.2</ele></trkpt>
   <trkpt lat="45.930078" lon="11.334758"><ele>1483.2</ele></trkpt>
   <trkpt lat="45.930079" lon="11.334938"><ele>1484.2</ele></trkpt>
   <trkpt lat="45.930069" lon="11.334965"><ele>1484.8</ele></trkpt>
   <trkpt lat="45.930003" lon="11.335007"><ele>1485.4</ele></trkpt>
   <trkpt lat="45.929887" lon="11.335125"><ele>1486.4</ele></trkpt>
   <trkpt lat="45.929811" lon="11.335201"><ele>1486.8</ele></trkpt>
   <trkpt lat="45.929752" lon="11.335228"><ele>1487.4</ele></trkpt>
   <trkpt lat="45.929711" lon="11.335248"><ele>1487.8</ele></trkpt>
   <trkpt lat="45.929652" lon="11.335294"><ele>1488.4</ele></trkpt>
   <trkpt lat="45.929636" lon="11.335290"><ele>1488.6</ele></trkpt>
   <trkpt lat="45.929603" lon="11.335284"><ele>1488.6</ele></trkpt>
   <trkpt lat="45.929583" lon="11.335277"><ele>1488.8</ele></trkpt>
   <trkpt lat="45.929535" lon="11.335260"><ele>1489.2</ele></trkpt>
   <trkpt lat="45.929483" lon="11.335221"><ele>1489.8</ele></trkpt>
   <trkpt lat="45.929467" lon="11.335205"><ele>1490.0</ele></trkpt>
   <trkpt lat="45.929367" lon="11.335110"><ele>1490.8</ele></trkpt>
   <trkpt lat="45.929331" lon="11.335065"><ele>1491.0</ele></trkpt>
   <trkpt lat="45.929278" lon="11.334972"><ele>1492.0</ele></trkpt>
   <trkpt lat="45.929202" lon="11.334877"><ele>1493.2</ele></trkpt>
   <trkpt lat="45.929126" lon="11.334803"><ele>1493.6</ele></trkpt>
   <trkpt lat="45.929060" lon="11.334732"><ele>1494.2</ele></trkpt>
   <trkpt lat="45.929035" lon="11.334693"><ele>1494.6</ele></trkpt>
   <trkpt lat="45.928966" lon="11.334594"><ele>1495.2</ele></trkpt>
   <trkpt lat="45.928902" lon="11.334539"><ele>1495.8</ele></trkpt>
   <trkpt lat="45.928873" lon="11.334562"><ele>1496.0</ele></trkpt>
   <trkpt lat="45.928857" lon="11.334608"><ele>1496.4</ele></trkpt>
   <trkpt lat="45.928855" lon="11.334674"><ele>1496.8</ele></trkpt>
   <trkpt lat="45.928908" lon="11.334781"><ele>1497.4</ele></trkpt>
   <trkpt lat="45.928998" lon="11.334990"><ele>1498.4</ele></trkpt>
   <trkpt lat="45.929051" lon="11.335144"><ele>1499.6</ele></trkpt>
   <trkpt lat="45.929094" lon="11.335310"><ele>1500.6</ele></trkpt>
   <trkpt lat="45.929103" lon="11.335438"><ele>1501.6</ele></trkpt>
   <trkpt lat="45.929064" lon="11.335596"><ele>1502.8</ele></trkpt>
   <trkpt lat="45.929026" lon="11.335810"><ele>1504.0</ele></trkpt>
   <trkpt lat="45.929064" lon="11.335920"><ele>1505.0</ele></trkpt>
   <trkpt lat="45.929156" lon="11.336102"><ele>1506.2</ele></trkpt>
   <trkpt lat="45.929154" lon="11.336124"><ele>1506.4</ele></trkpt>
   <trkpt lat="45.929162" lon="11.336215"><ele>1507.4</ele></trkpt>
   <trkpt lat="45.929158" lon="11.336231"><ele>1507.6</ele></trkpt>
   <trkpt lat="45.929113" lon="11.336320"><ele>1508.4</ele></trkpt>
   <trkpt lat="45.929073" lon="11.336381"><ele>1508.8</ele></trkpt>
   <trkpt lat="45.929059" lon="11.336401"><ele>1509.0</ele></trkpt>
   <trkpt lat="45.929020" lon="11.336465"><ele>1509.4</ele></trkpt>
   <trkpt lat="45.929008" lon="11.336487"><ele>1509.6</ele></trkpt>
   <trkpt lat="45.928892" lon="11.336598"><ele>1510.6</ele></trkpt>
   <trkpt lat="45.928869" lon="11.336600"><ele>1511.0</ele></trkpt>
   <trkpt lat="45.928840" lon="11.336607"><ele>1511.4</ele></trkpt>
   <trkpt lat="45.928825" lon="11.336603"><ele>1511.8</ele></trkpt>
   <trkpt lat="45.928783" lon="11.336541"><ele>1512.6</ele></trkpt>
   <trkpt lat="45.928775" lon="11.336524"><ele>1512.8</ele></trkpt>
   <trkpt lat="45.928734" lon="11.336443"><ele>1513.6</ele></trkpt>
   <trkpt lat="45.928727" lon="11.336420"><ele>1513.8</ele></trkpt>
   <trkpt lat="45.928717" lon="11.336372"><ele>1514.4</ele></trkpt>
   <trkpt lat="45.928688" lon="11.336281"><ele>1515.0</ele></trkpt>
   <trkpt lat="45.928660" lon="11.336236"><ele>1515.4</ele></trkpt>
   <trkpt lat="45.928641" lon="11.336112"><ele>1516.0</ele></trkpt>
   <trkpt lat="45.928619" lon="11.336061"><ele>1516.6</ele></trkpt>
   <trkpt lat="45.928584" lon="11.335994"><ele>1517.0</ele></trkpt>
   <trkpt lat="45.928554" lon="11.335912"><ele>1517.2</ele></trkpt>
   <trkpt lat="45.928522" lon="11.335845"><ele>1518.2</ele></trkpt>
   <trkpt lat="45.928450" lon="11.335657"><ele>1519.2</ele></trkpt>
   <trkpt lat="45.928404" lon="11.335565"><ele>1520.0</ele></trkpt>
   <trkpt lat="45.928387" lon="11.335533"><ele>1520.4</ele></trkpt>
   <trkpt lat="45.928369" lon="11.335520"><ele>1520.4</ele></trkpt>
   <trkpt lat="45.928331" lon="11.335482"><ele>1521.0</ele></trkpt>
   <trkpt lat="45.928305" lon="11.335443"><ele>1521.4</ele></trkpt>
   <trkpt lat="45.928296" lon="11.335439"><ele>1521.6</ele></trkpt>
   <trkpt lat="45.928270" lon="11.335439"><ele>1522.6</ele></trkpt>
   <trkpt lat="45.928240" lon="11.335403"><ele>1523.0</ele></trkpt>
   <trkpt lat="45.928179" lon="11.335377"><ele>1523.6</ele></trkpt>
   <trkpt lat="45.928134" lon="11.335353"><ele>1524.2</ele></trkpt>
   <trkpt lat="45.928112" lon="11.335363"><ele>1524.8</ele></trkpt>
   <trkpt lat="45.928083" lon="11.335411"><ele>1525.2</ele></trkpt>
   <trkpt lat="45.928083" lon="11.335466"><ele>1525.8</ele></trkpt>
   <trkpt lat="45.928041" lon="11.335638"><ele>1527.0</ele></trkpt>
   <trkpt lat="45.928028" lon="11.335692"><ele>1527.2</ele></trkpt>
   <trkpt lat="45.927995" lon="11.335812"><ele>1528.0</ele></trkpt>
   <trkpt lat="45.927994" lon="11.335836"><ele>1528.2</ele></trkpt>
   <trkpt lat="45.928023" lon="11.335990"><ele>1529.2</ele></trkpt>
   <trkpt lat="45.928026" lon="11.336034"><ele>1529.4</ele></trkpt>
   <trkpt lat="45.928032" lon="11.336074"><ele>1529.8</ele></trkpt>
   <trkpt lat="45.928042" lon="11.336084"><ele>1530.2</ele></trkpt>
   <trkpt lat="45.928039" lon="11.336096"><ele>1530.4</ele></trkpt>
   <trkpt lat="45.928017" lon="11.336141"><ele>1531.2</ele></trkpt>
   <trkpt lat="45.928005" lon="11.336148"><ele>1531.4</ele></trkpt>
   <trkpt lat="45.927990" lon="11.336165"><ele>1531.6</ele></trkpt>
   <trkpt lat="45.927957" lon="11.336214"><ele>1532.2</ele></trkpt>
   <trkpt lat="45.927923" lon="11.336250"><ele>1532.8</ele></trkpt>
   <trkpt lat="45.927894" lon="11.336286"><ele>1533.2</ele></trkpt>
   <trkpt lat="45.927844" lon="11.336377"><ele>1534.2</ele></trkpt>
   <trkpt lat="45.927815" lon="11.336412"><ele>1534.4</ele></trkpt>
   <trkpt lat="45.927754" lon="11.336481"><ele>1535.2</ele></trkpt>
   <trkpt lat="45.927742" lon="11.336500"><ele>1535.6</ele></trkpt>
   <trkpt lat="45.927614" lon="11.336547"><ele>1536.6</ele></trkpt>
   <trkpt lat="45.927490" lon="11.336600"><ele>1537.6</ele></trkpt>
   <trkpt lat="45.927477" lon="11.336609"><ele>1537.8</ele></trkpt>
   <trkpt lat="45.927425" lon="11.336660"><ele>1538.2</ele></trkpt>
   <trkpt lat="45.927358" lon="11.336678"><ele>1538.8</ele></trkpt>
   <trkpt lat="45.927321" lon="11.336696"><ele>1539.4</ele></trkpt>
   <trkpt lat="45.927256" lon="11.336657"><ele>1539.8</ele></trkpt>
   <trkpt lat="45.927083" lon="11.336498"><ele>1539.4</ele></trkpt>
   <trkpt lat="45.927000" lon="11.336445"><ele>1538.8</ele></trkpt>
   <trkpt lat="45.926802" lon="11.336386"><ele>1539.6</ele></trkpt>
   <trkpt lat="45.926650" lon="11.336239"><ele>1539.0</ele></trkpt>
   <trkpt lat="45.926559" lon="11.336008"><ele>1539.0</ele></trkpt>
   <trkpt lat="45.926451" lon="11.335803"><ele>1539.0</ele></trkpt>
   <trkpt lat="45.926447" lon="11.335777"><ele>1539.0</ele></trkpt>
   <trkpt lat="45.926442" lon="11.335721"><ele>1537.6</ele></trkpt>
   <trkpt lat="45.926414" lon="11.335717"><ele>1536.4</ele></trkpt>
   <trkpt lat="45.926395" lon="11.335726"><ele>1534.8</ele></trkpt>
   <trkpt lat="45.926374" lon="11.335738"><ele>1533.6</ele></trkpt>
   <trkpt lat="45.926344" lon="11.335748"><ele>1532.2</ele></trkpt>
   <trkpt lat="45.926285" lon="11.335740"><ele>1531.2</ele></trkpt>
   <trkpt lat="45.926243" lon="11.335728"><ele>1529.8</ele></trkpt>
   <trkpt lat="45.926226" lon="11.335724"><ele>1528.6</ele></trkpt>
   <trkpt lat="45.926196" lon="11.335696"><ele>1527.2</ele></trkpt>
   <trkpt lat="45.926162" lon="11.335690"><ele>1526.6</ele></trkpt>
   <trkpt lat="45.926135" lon="11.335666"><ele>1526.0</ele></trkpt>
   <trkpt lat="45.926119" lon="11.335627"><ele>1525.0</ele></trkpt>
   <trkpt lat="45.926097" lon="11.335587"><ele>1523.2</ele></trkpt>
   <trkpt lat="45.926066" lon="11.335551"><ele>1521.6</ele></trkpt>
   <trkpt lat="45.926024" lon="11.335496"><ele>1520.6</ele></trkpt>
   <trkpt lat="45.925992" lon="11.335421"><ele>1519.0</ele></trkpt>
   <trkpt lat="45.925965" lon="11.335376"><ele>1517.6</ele></trkpt>
   <trkpt lat="45.925923" lon="11.335293"><ele>1515.8</ele></trkpt>
   <trkpt lat="45.925935" lon="11.335253"><ele>1514.8</ele></trkpt>
   <trkpt lat="45.925971" lon="11.335174"><ele>1513.2</ele></trkpt>
   <trkpt lat="45.925992" lon="11.335135"><ele>1511.8</ele></trkpt>
   <trkpt lat="45.926002" lon="11.335107"><ele>1511.2</ele></trkpt>
   <trkpt lat="45.926016" lon="11.335045"><ele>1510.6</ele></trkpt>
   <trkpt lat="45.926016" lon="11.334934"><ele>1509.4</ele></trkpt>
   <trkpt lat="45.926012" lon="11.334861"><ele>1508.0</ele></trkpt>
   <trkpt lat="45.926003" lon="11.334781"><ele>1506.8</ele></trkpt>
   <trkpt lat="45.925977" lon="11.334688"><ele>1505.6</ele></trkpt>
   <trkpt lat="45.925875" lon="11.334443"><ele>1505.0</ele></trkpt>
   <trkpt lat="45.925804" lon="11.334172"><ele>1506.2</ele></trkpt>
   <trkpt lat="45.925747" lon="11.333955"><ele>1506.6</ele></trkpt>
   <trkpt lat="45.925688" lon="11.333694"><ele>1507.2</ele></trkpt>
   <trkpt lat="45.925662" lon="11.333586"><ele>1507.6</ele></trkpt>
   <trkpt lat="45.925599" lon="11.333329"><ele>1508.0</ele></trkpt>
   <trkpt lat="45.925575" lon="11.333263"><ele>1508.0</ele></trkpt>
   <trkpt lat="45.925542" lon="11.333315"><ele>1508.4</ele></trkpt>
   <trkpt lat="45.925501" lon="11.333361"><ele>1508.8</ele></trkpt>
   <trkpt lat="45.925416" lon="11.333600"><ele>1509.6</ele></trkpt>
   <trkpt lat="45.925412" lon="11.333657"><ele>1509.8</ele></trkpt>
   <trkpt lat="45.925392" lon="11.333819"><ele>1511.0</ele></trkpt>
   <trkpt lat="45.925373" lon="11.333909"><ele>1511.4</ele></trkpt>
   <trkpt lat="45.925334" lon="11.333948"><ele>1512.0</ele></trkpt>
   <trkpt lat="45.925295" lon="11.333950"><ele>1512.8</ele></trkpt>
   <trkpt lat="45.925247" lon="11.333948"><ele>1513.0</ele></trkpt>
   <trkpt lat="45.925068" lon="11.333938"><ele>1512.4</ele></trkpt>
   <trkpt lat="45.925025" lon="11.333949"><ele>1512.4</ele></trkpt>
   <trkpt lat="45.924984" lon="11.334028"><ele>1512.0</ele></trkpt>
   <trkpt lat="45.924972" lon="11.334098"><ele>1510.8</ele></trkpt>
   <trkpt lat="45.924962" lon="11.334209"><ele>1509.8</ele></trkpt>
   <trkpt lat="45.924922" lon="11.334502"><ele>1508.8</ele></trkpt>
   <trkpt lat="45.924909" lon="11.334637"><ele>1507.8</ele></trkpt>
   <trkpt lat="45.924920" lon="11.334818"><ele>1506.6</ele></trkpt>
   <trkpt lat="45.924964" lon="11.335087"><ele>1505.6</ele></trkpt>
   <trkpt lat="45.925003" lon="11.335348"><ele>1505.2</ele></trkpt>
   <trkpt lat="45.925034" lon="11.335643"><ele>1505.0</ele></trkpt>
   <trkpt lat="45.925050" lon="11.335922"><ele>1505.6</ele></trkpt>
   <trkpt lat="45.924972" lon="11.336187"><ele>1505.0</ele></trkpt>
   <trkpt lat="45.924857" lon="11.336394"><ele>1504.4</ele></trkpt>
   <trkpt lat="45.924765" lon="11.336652"><ele>1503.8</ele></trkpt>
   <trkpt lat="45.924706" lon="11.336898"><ele>1505.0</ele></trkpt>
   <trkpt lat="45.924689" lon="11.336972"><ele>1505.0</ele></trkpt>
   <trkpt lat="45.924606" lon="11.337143"><ele>1503.2</ele></trkpt>
   <trkpt lat="45.924449" lon="11.337309"><ele>1503.6</ele></trkpt>
   <trkpt lat="45.924313" lon="11.337428"><ele>1502.8</ele></trkpt>
   <trkpt lat="45.924172" lon="11.337617"><ele>1502.4</ele></trkpt>
   <trkpt lat="45.924115" lon="11.337700"><ele>1502.2</ele></trkpt>
   <trkpt lat="45.924044" lon="11.337939"><ele>1501.8</ele></trkpt>
   <trkpt lat="45.924009" lon="11.338157"><ele>1501.0</ele></trkpt>
   <trkpt lat="45.923986" lon="11.338266"><ele>1499.8</ele></trkpt>
   <trkpt lat="45.923883" lon="11.338405"><ele>1498.4</ele></trkpt>
   <trkpt lat="45.923796" lon="11.338551"><ele>1497.4</ele></trkpt>
   <trkpt lat="45.923703" lon="11.338654"><ele>1498.8</ele></trkpt>
   <trkpt lat="45.923650" lon="11.338735"><ele>1499.8</ele></trkpt>
   <trkpt lat="45.923611" lon="11.338835"><ele>1501.2</ele></trkpt>
   <trkpt lat="45.923604" lon="11.338861"><ele>1501.6</ele></trkpt>
   <trkpt lat="45.923588" lon="11.338894"><ele>1502.0</ele></trkpt>
   <trkpt lat="45.923581" lon="11.338907"><ele>1502.2</ele></trkpt>
   <trkpt lat="45.923539" lon="11.338967"><ele>1503.0</ele></trkpt>
   <trkpt lat="45.923516" lon="11.338980"><ele>1503.4</ele></trkpt>
   <trkpt lat="45.923503" lon="11.338987"><ele>1503.6</ele></trkpt>
   <trkpt lat="45.923356" lon="11.339175"><ele>1504.4</ele></trkpt>
   <trkpt lat="45.923255" lon="11.339394"><ele>1505.0</ele></trkpt>
   <trkpt lat="45.923103" lon="11.339501"><ele>1505.4</ele></trkpt>
   <trkpt lat="45.923010" lon="11.339499"><ele>1505.4</ele></trkpt>
   <trkpt lat="45.922888" lon="11.339484"><ele>1504.4</ele></trkpt>
   <trkpt lat="45.922868" lon="11.339483"><ele>1504.2</ele></trkpt>
   <trkpt lat="45.922706" lon="11.339452"><ele>1503.4</ele></trkpt>
   <trkpt lat="45.922659" lon="11.339446"><ele>1503.2</ele></trkpt>
   <trkpt lat="45.922479" lon="11.339493"><ele>1502.6</ele></trkpt>
   <trkpt lat="45.922415" lon="11.339552"><ele>1502.2</ele></trkpt>
   <trkpt lat="45.922346" lon="11.339601"><ele>1502.0</ele></trkpt>
   <trkpt lat="45.922172" lon="11.339708"><ele>1502.6</ele></trkpt>
   <trkpt lat="45.922006" lon="11.339873"><ele>1502.6</ele></trkpt>
   <trkpt lat="45.921862" lon="11.340087"><ele>1502.4</ele></trkpt>
   <trkpt lat="45.921795" lon="11.340219"><ele>1502.4</ele></trkpt>
   <trkpt lat="45.921718" lon="11.340400"><ele>1502.4</ele></trkpt>
   <trkpt lat="45.921701" lon="11.340507"><ele>1502.8</ele></trkpt>
   <trkpt lat="45.921659" lon="11.340694"><ele>1503.6</ele></trkpt>
   <trkpt lat="45.921638" lon="11.340893"><ele>1504.8</ele></trkpt>
   <trkpt lat="45.921622" lon="11.341056"><ele>1505.8</ele></trkpt>
   <trkpt lat="45.921607" lon="11.341222"><ele>1506.8</ele></trkpt>
   <trkpt lat="45.921605" lon="11.341241"><ele>1506.8</ele></trkpt>
   <trkpt lat="45.921596" lon="11.341299"><ele>1506.6</ele></trkpt>
   <trkpt lat="45.921595" lon="11.341602"><ele>1506.4</ele></trkpt>
   <trkpt lat="45.921597" lon="11.341648"><ele>1505.8</ele></trkpt>
   <trkpt lat="45.921579" lon="11.341806"><ele>1504.6</ele></trkpt>
   <trkpt lat="45.921522" lon="11.342060"><ele>1503.6</ele></trkpt>
   <trkpt lat="45.921459" lon="11.342191"><ele>1503.6</ele></trkpt>
   <trkpt lat="45.921479" lon="11.342329"><ele>1502.4</ele></trkpt>
   <trkpt lat="45.921506" lon="11.342434"><ele>1502.2</ele></trkpt>
   <trkpt lat="45.921559" lon="11.342704"><ele>1501.8</ele></trkpt>
   <trkpt lat="45.921488" lon="11.342978"><ele>1503.4</ele></trkpt>
   <trkpt lat="45.921479" lon="11.343007"><ele>1503.6</ele></trkpt>
   <trkpt lat="45.921469" lon="11.343032"><ele>1503.8</ele></trkpt>
   <trkpt lat="45.921414" lon="11.343136"><ele>1504.4</ele></trkpt>
   <trkpt lat="45.921406" lon="11.343157"><ele>1504.6</ele></trkpt>
   <trkpt lat="45.921401" lon="11.343167"><ele>1504.8</ele></trkpt>
   <trkpt lat="45.921388" lon="11.343224"><ele>1505.2</ele></trkpt>
   <trkpt lat="45.921373" lon="11.343268"><ele>1505.8</ele></trkpt>
   <trkpt lat="45.921332" lon="11.343420"><ele>1506.8</ele></trkpt>
   <trkpt lat="45.921339" lon="11.343553"><ele>1507.4</ele></trkpt>
   <trkpt lat="45.921356" lon="11.343631"><ele>1507.6</ele></trkpt>
   <trkpt lat="45.921353" lon="11.343696"><ele>1508.2</ele></trkpt>
   <trkpt lat="45.921272" lon="11.343813"><ele>1509.2</ele></trkpt>
   <trkpt lat="45.921186" lon="11.343861"><ele>1510.4</ele></trkpt>
   <trkpt lat="45.921080" lon="11.343941"><ele>1510.6</ele></trkpt>
   <trkpt lat="45.920890" lon="11.343947"><ele>1510.4</ele></trkpt>
   <trkpt lat="45.920810" lon="11.344003"><ele>1509.0</ele></trkpt>
   <trkpt lat="45.920745" lon="11.344037"><ele>1507.4</ele></trkpt>
   <trkpt lat="45.920694" lon="11.344062"><ele>1506.2</ele></trkpt>
   <trkpt lat="45.920625" lon="11.344089"><ele>1504.8</ele></trkpt>
   <trkpt lat="45.920554" lon="11.344089"><ele>1503.8</ele></trkpt>
   <trkpt lat="45.920366" lon="11.344097"><ele>1503.2</ele></trkpt>
   <trkpt lat="45.920269" lon="11.344140"><ele>1502.4</ele></trkpt>
   <trkpt lat="45.920154" lon="11.344174"><ele>1501.2</ele></trkpt>
   <trkpt lat="45.920082" lon="11.344165"><ele>1500.8</ele></trkpt>
   <trkpt lat="45.919890" lon="11.344128"><ele>1500.6</ele></trkpt>
   <trkpt lat="45.919868" lon="11.344115"><ele>1500.2</ele></trkpt>
   <trkpt lat="45.919787" lon="11.344013"><ele>1499.0</ele></trkpt>
   <trkpt lat="45.919629" lon="11.343881"><ele>1498.4</ele></trkpt>
   <trkpt lat="45.919596" lon="11.343868"><ele>1498.0</ele></trkpt>
   <trkpt lat="45.919468" lon="11.343826"><ele>1497.0</ele></trkpt>
   <trkpt lat="45.919350" lon="11.343808"><ele>1495.6</ele></trkpt>
   <trkpt lat="45.919291" lon="11.343808"><ele>1494.4</ele></trkpt>
   <trkpt lat="45.919248" lon="11.343820"><ele>1493.4</ele></trkpt>
   <trkpt lat="45.919230" lon="11.343857"><ele>1492.2</ele></trkpt>
   <trkpt lat="45.919173" lon="11.343925"><ele>1491.2</ele></trkpt>
   <trkpt lat="45.919158" lon="11.343965"><ele>1490.4</ele></trkpt>
   <trkpt lat="45.919153" lon="11.343971"><ele>1489.6</ele></trkpt>
   <trkpt lat="45.919150" lon="11.343988"><ele>1488.8</ele></trkpt>
   <trkpt lat="45.919150" lon="11.344015"><ele>1487.8</ele></trkpt>
   <trkpt lat="45.919153" lon="11.344083"><ele>1486.8</ele></trkpt>
   <trkpt lat="45.919145" lon="11.344153"><ele>1485.8</ele></trkpt>
   <trkpt lat="45.919130" lon="11.344209"><ele>1484.0</ele></trkpt>
   <trkpt lat="45.919100" lon="11.344265"><ele>1482.4</ele></trkpt>
   <trkpt lat="45.919068" lon="11.344302"><ele>1481.2</ele></trkpt>
   <trkpt lat="45.919015" lon="11.344389"><ele>1480.0</ele></trkpt>
   <trkpt lat="45.918922" lon="11.344521"><ele>1479.0</ele></trkpt>
   <trkpt lat="45.918902" lon="11.344534"><ele>1479.0</ele></trkpt>
   <trkpt lat="45.918710" lon="11.344647"><ele>1478.8</ele></trkpt>
   <trkpt lat="45.918540" lon="11.344736"><ele>1478.6</ele></trkpt>
   <trkpt lat="45.918478" lon="11.344761"><ele>1477.8</ele></trkpt>
   <trkpt lat="45.918424" lon="11.344768"><ele>1476.4</ele></trkpt>
   <trkpt lat="45.918364" lon="11.344783"><ele>1475.2</ele></trkpt>
   <trkpt lat="45.918309" lon="11.344793"><ele>1474.2</ele></trkpt>
   <trkpt lat="45.918285" lon="11.344787"><ele>1473.8</ele></trkpt>
   <trkpt lat="45.918234" lon="11.344772"><ele>1472.6</ele></trkpt>
   <trkpt lat="45.918180" lon="11.344764"><ele>1471.0</ele></trkpt>
   <trkpt lat="45.918119" lon="11.344755"><ele>1469.6</ele></trkpt>
   <trkpt lat="45.918067" lon="11.344765"><ele>1468.4</ele></trkpt>
   <trkpt lat="45.917994" lon="11.344788"><ele>1467.4</ele></trkpt>
   <trkpt lat="45.917878" lon="11.344737"><ele>1466.2</ele></trkpt>
   <trkpt lat="45.917757" lon="11.344628"><ele>1464.8</ele></trkpt>
   <trkpt lat="45.917681" lon="11.344485"><ele>1463.2</ele></trkpt>
   <trkpt lat="45.917633" lon="11.344284"><ele>1461.8</ele></trkpt>
   <trkpt lat="45.917579" lon="11.344085"><ele>1460.6</ele></trkpt>
   <trkpt lat="45.917496" lon="11.343901"><ele>1459.0</ele></trkpt>
   <trkpt lat="45.917451" lon="11.343844"><ele>1457.8</ele></trkpt>
   <trkpt lat="45.917406" lon="11.343804"><ele>1456.6</ele></trkpt>
   <trkpt lat="45.917331" lon="11.343785"><ele>1455.4</ele></trkpt>
   <trkpt lat="45.917264" lon="11.343767"><ele>1454.6</ele></trkpt>
   <trkpt lat="45.917226" lon="11.343838"><ele>1454.6</ele></trkpt>
   <trkpt lat="45.917122" lon="11.344074"><ele>1456.4</ele></trkpt>
   <trkpt lat="45.917018" lon="11.344303"><ele>1457.4</ele></trkpt>
   <trkpt lat="45.916971" lon="11.344349"><ele>1457.2</ele></trkpt>
   <trkpt lat="45.916956" lon="11.344357"><ele>1457.0</ele></trkpt>
   <trkpt lat="45.916888" lon="11.344403"><ele>1456.4</ele></trkpt>
   <trkpt lat="45.916765" lon="11.344599"><ele>1456.4</ele></trkpt>
   <trkpt lat="45.916681" lon="11.344848"><ele>1456.0</ele></trkpt>
   <trkpt lat="45.916564" lon="11.345035"><ele>1456.2</ele></trkpt>
   <trkpt lat="45.916426" lon="11.345128"><ele>1456.8</ele></trkpt>
   <trkpt lat="45.916247" lon="11.345205"><ele>1455.6</ele></trkpt>
   <trkpt lat="45.916203" lon="11.345242"><ele>1455.4</ele></trkpt>
   <trkpt lat="45.916132" lon="11.345306"><ele>1455.0</ele></trkpt>
   <trkpt lat="45.916014" lon="11.345366"><ele>1455.0</ele></trkpt>
   <trkpt lat="45.915873" lon="11.345492"><ele>1455.4</ele></trkpt>
   <trkpt lat="45.915842" lon="11.345512"><ele>1455.0</ele></trkpt>
   <trkpt lat="45.915780" lon="11.345555"><ele>1455.2</ele></trkpt>
   <trkpt lat="45.915635" lon="11.345757"><ele>1455.8</ele></trkpt>
   <trkpt lat="45.915555" lon="11.345854"><ele>1456.0</ele></trkpt>
   <trkpt lat="45.915401" lon="11.346000"><ele>1456.2</ele></trkpt>
   <trkpt lat="45.915357" lon="11.346044"><ele>1456.4</ele></trkpt>
   <trkpt lat="45.915307" lon="11.346085"><ele>1456.8</ele></trkpt>
   <trkpt lat="45.915278" lon="11.346117"><ele>1456.8</ele></trkpt>
   <trkpt lat="45.915249" lon="11.346142"><ele>1457.0</ele></trkpt>
   <trkpt lat="45.915145" lon="11.346218"><ele>1457.0</ele></trkpt>
   <trkpt lat="45.915080" lon="11.346278"><ele>1457.2</ele></trkpt>
   <trkpt lat="45.915060" lon="11.346302"><ele>1457.4</ele></trkpt>
   <trkpt lat="45.915043" lon="11.346314"><ele>1457.6</ele></trkpt>
   <trkpt lat="45.914987" lon="11.346356"><ele>1458.0</ele></trkpt>
   <trkpt lat="45.914817" lon="11.346503"><ele>1458.4</ele></trkpt>
   <trkpt lat="45.914774" lon="11.346540"><ele>1458.6</ele></trkpt>
   <trkpt lat="45.914627" lon="11.346693"><ele>1459.4</ele></trkpt>
   <trkpt lat="45.914527" lon="11.346791"><ele>1459.8</ele></trkpt>
   <trkpt lat="45.914489" lon="11.346835"><ele>1460.2</ele></trkpt>
   <trkpt lat="45.914353" lon="11.347008"><ele>1460.8</ele></trkpt>
   <trkpt lat="45.914323" lon="11.347042"><ele>1461.0</ele></trkpt>
   <trkpt lat="45.914225" lon="11.347205"><ele>1461.6</ele></trkpt>
   <trkpt lat="45.914166" lon="11.347282"><ele>1462.0</ele></trkpt>
   <trkpt lat="45.914120" lon="11.347312"><ele>1462.2</ele></trkpt>
   <trkpt lat="45.914093" lon="11.347320"><ele>1462.4</ele></trkpt>
   <trkpt lat="45.914056" lon="11.347345"><ele>1462.6</ele></trkpt>
   <trkpt lat="45.913876" lon="11.347448"><ele>1463.0</ele></trkpt>
   <trkpt lat="45.913810" lon="11.347492"><ele>1463.2</ele></trkpt>
   <trkpt lat="45.913781" lon="11.347498"><ele>1463.2</ele></trkpt>
   <trkpt lat="45.913728" lon="11.347553"><ele>1463.2</ele></trkpt>
   <trkpt lat="45.913567" lon="11.347751"><ele>1464.0</ele></trkpt>
   <trkpt lat="45.913548" lon="11.347777"><ele>1464.0</ele></trkpt>
   <trkpt lat="45.913405" lon="11.347943"><ele>1464.0</ele></trkpt>
   <trkpt lat="45.913357" lon="11.347973"><ele>1464.0</ele></trkpt>
   <trkpt lat="45.913173" lon="11.348040"><ele>1463.0</ele></trkpt>
   <trkpt lat="45.913155" lon="11.348043"><ele>1463.0</ele></trkpt>
   <trkpt lat="45.913143" lon="11.348037"><ele>1462.8</ele></trkpt>
   <trkpt lat="45.913046" lon="11.348102"><ele>1462.0</ele></trkpt>
   <trkpt lat="45.912932" lon="11.348099"><ele>1461.6</ele></trkpt>
   <trkpt lat="45.912798" lon="11.348161"><ele>1461.6</ele></trkpt>
   <trkpt lat="45.912637" lon="11.348319"><ele>1460.8</ele></trkpt>
   <trkpt lat="45.912458" lon="11.348338"><ele>1460.0</ele></trkpt>
   <trkpt lat="45.912429" lon="11.348366"><ele>1460.0</ele></trkpt>
   <trkpt lat="45.912269" lon="11.348524"><ele>1460.8</ele></trkpt>
   <trkpt lat="45.912147" lon="11.348637"><ele>1462.0</ele></trkpt>
   <trkpt lat="45.912104" lon="11.348660"><ele>1462.6</ele></trkpt>
   <trkpt lat="45.912070" lon="11.348657"><ele>1463.0</ele></trkpt>
   <trkpt lat="45.911906" lon="11.348498"><ele>1462.6</ele></trkpt>
   <trkpt lat="45.911838" lon="11.348398"><ele>1462.2</ele></trkpt>
   <trkpt lat="45.911827" lon="11.348379"><ele>1462.0</ele></trkpt>
   <trkpt lat="45.911757" lon="11.348227"><ele>1460.6</ele></trkpt>
   <trkpt lat="45.911674" lon="11.347965"><ele>1459.4</ele></trkpt>
   <trkpt lat="45.911665" lon="11.347871"><ele>1458.0</ele></trkpt>
   <trkpt lat="45.911671" lon="11.347789"><ele>1456.8</ele></trkpt>
   <trkpt lat="45.911674" lon="11.347712"><ele>1456.2</ele></trkpt>
   <trkpt lat="45.911686" lon="11.347640"><ele>1455.8</ele></trkpt>
   <trkpt lat="45.911779" lon="11.347480"><ele>1454.8</ele></trkpt>
   <trkpt lat="45.911862" lon="11.347433"><ele>1453.2</ele></trkpt>
   <trkpt lat="45.911934" lon="11.347420"><ele>1452.0</ele></trkpt>
   <trkpt lat="45.912008" lon="11.347399"><ele>1450.8</ele></trkpt>
   <trkpt lat="45.912176" lon="11.347316"><ele>1449.8</ele></trkpt>
   <trkpt lat="45.912282" lon="11.347247"><ele>1448.6</ele></trkpt>
   <trkpt lat="45.912416" lon="11.347061"><ele>1447.2</ele></trkpt>
   <trkpt lat="45.912494" lon="11.346892"><ele>1446.0</ele></trkpt>
   <trkpt lat="45.912569" lon="11.346729"><ele>1445.0</ele></trkpt>
   <trkpt lat="45.912686" lon="11.346560"><ele>1443.8</ele></trkpt>
   <trkpt lat="45.912855" lon="11.346409"><ele>1443.2</ele></trkpt>
   <trkpt lat="45.912957" lon="11.346321"><ele>1442.6</ele></trkpt>
   <trkpt lat="45.913114" lon="11.346173"><ele>1443.0</ele></trkpt>
   <trkpt lat="45.913223" lon="11.346073"><ele>1441.4</ele></trkpt>
   <trkpt lat="45.913402" lon="11.345971"><ele>1440.6</ele></trkpt>
   <trkpt lat="45.913480" lon="11.345929"><ele>1440.4</ele></trkpt>
   <trkpt lat="45.913527" lon="11.345878"><ele>1440.0</ele></trkpt>
   <trkpt lat="45.913676" lon="11.345702"><ele>1440.4</ele></trkpt>
   <trkpt lat="45.913689" lon="11.345468"><ele>1439.8</ele></trkpt>
   <trkpt lat="45.913655" lon="11.345392"><ele>1439.4</ele></trkpt>
   <trkpt lat="45.913592" lon="11.345304"><ele>1438.2</ele></trkpt>
   <trkpt lat="45.913523" lon="11.345252"><ele>1436.8</ele></trkpt>
   <trkpt lat="45.913488" lon="11.345258"><ele>1435.4</ele></trkpt>
   <trkpt lat="45.913470" lon="11.345261"><ele>1434.8</ele></trkpt>
   <trkpt lat="45.913448" lon="11.345274"><ele>1434.0</ele></trkpt>
   <trkpt lat="45.913404" lon="11.345299"><ele>1432.6</ele></trkpt>
   <trkpt lat="45.913366" lon="11.345317"><ele>1431.8</ele></trkpt>
   <trkpt lat="45.913346" lon="11.345316"><ele>1431.2</ele></trkpt>
   <trkpt lat="45.913289" lon="11.345310"><ele>1430.0</ele></trkpt>
   <trkpt lat="45.913251" lon="11.345325"><ele>1429.4</ele></trkpt>
   <trkpt lat="45.913230" lon="11.345335"><ele>1429.0</ele></trkpt>
   <trkpt lat="45.913195" lon="11.345356"><ele>1428.2</ele></trkpt>
   <trkpt lat="45.913181" lon="11.345368"><ele>1427.8</ele></trkpt>
   <trkpt lat="45.913043" lon="11.345562"><ele>1427.0</ele></trkpt>
   <trkpt lat="45.912973" lon="11.345633"><ele>1426.8</ele></trkpt>
   <trkpt lat="45.912878" lon="11.345719"><ele>1425.6</ele></trkpt>
   <trkpt lat="45.912853" lon="11.345746"><ele>1424.2</ele></trkpt>
   <trkpt lat="45.912829" lon="11.345776"><ele>1422.8</ele></trkpt>
   <trkpt lat="45.912817" lon="11.345795"><ele>1422.4</ele></trkpt>
   <trkpt lat="45.912790" lon="11.345874"><ele>1421.8</ele></trkpt>
   <trkpt lat="45.912781" lon="11.345888"><ele>1421.4</ele></trkpt>
   <trkpt lat="45.912772" lon="11.345824"><ele>1420.4</ele></trkpt>
   <trkpt lat="45.912759" lon="11.345759"><ele>1419.0</ele></trkpt>
   <trkpt lat="45.912762" lon="11.345737"><ele>1418.6</ele></trkpt>
   <trkpt lat="45.912770" lon="11.345710"><ele>1418.0</ele></trkpt>
   <trkpt lat="45.912805" lon="11.345575"><ele>1416.8</ele></trkpt>
   <trkpt lat="45.912913" lon="11.345346"><ele>1416.6</ele></trkpt>
   <trkpt lat="45.913035" lon="11.345149"><ele>1416.0</ele></trkpt>
   <trkpt lat="45.913047" lon="11.345119"><ele>1415.6</ele></trkpt>
   <trkpt lat="45.913108" lon="11.344929"><ele>1414.4</ele></trkpt>
   <trkpt lat="45.913171" lon="11.344668"><ele>1413.2</ele></trkpt>
   <trkpt lat="45.913235" lon="11.344406"><ele>1413.2</ele></trkpt>
   <trkpt lat="45.913254" lon="11.344144"><ele>1412.4</ele></trkpt>
   <trkpt lat="45.913251" lon="11.344063"><ele>1412.0</ele></trkpt>
   <trkpt lat="45.913257" lon="11.343799"><ele>1411.6</ele></trkpt>
   <trkpt lat="45.913336" lon="11.343574"><ele>1411.2</ele></trkpt>
   <trkpt lat="45.913352" lon="11.343558"><ele>1411.0</ele></trkpt>
   <trkpt lat="45.913501" lon="11.343367"><ele>1411.0</ele></trkpt>
   <trkpt lat="45.913646" lon="11.343203"><ele>1410.0</ele></trkpt>
   <trkpt lat="45.913660" lon="11.343177"><ele>1409.8</ele></trkpt>
   <trkpt lat="45.913790" lon="11.342975"><ele>1409.6</ele></trkpt>
   <trkpt lat="45.913932" lon="11.342759"><ele>1409.0</ele></trkpt>
   <trkpt lat="45.913969" lon="11.342692"><ele>1408.6</ele></trkpt>
   <trkpt lat="45.914070" lon="11.342457"><ele>1408.8</ele></trkpt>
   <trkpt lat="45.914141" lon="11.342194"><ele>1407.8</ele></trkpt>
   <trkpt lat="45.914147" lon="11.342148"><ele>1407.4</ele></trkpt>
   <trkpt lat="45.914112" lon="11.341877"><ele>1407.2</ele></trkpt>
   <trkpt lat="45.914123" lon="11.341804"><ele>1407.0</ele></trkpt>
   <trkpt lat="45.914213" lon="11.341553"><ele>1407.0</ele></trkpt>
   <trkpt lat="45.914386" lon="11.341405"><ele>1406.4</ele></trkpt>
   <trkpt lat="45.914547" lon="11.341294"><ele>1406.6</ele></trkpt>
   <trkpt lat="45.914562" lon="11.341265"><ele>1406.4</ele></trkpt>
   <trkpt lat="45.914612" lon="11.341177"><ele>1405.4</ele></trkpt>
   <trkpt lat="45.914708" lon="11.340920"><ele>1405.0</ele></trkpt>
   <trkpt lat="45.914753" lon="11.340646"><ele>1405.4</ele></trkpt>
   <trkpt lat="45.914831" lon="11.340429"><ele>1404.2</ele></trkpt>
   <trkpt lat="45.914968" lon="11.340218"><ele>1404.8</ele></trkpt>
   <trkpt lat="45.915155" lon="11.340094"><ele>1404.4</ele></trkpt>
   <trkpt lat="45.915318" lon="11.339974"><ele>1404.0</ele></trkpt>
   <trkpt lat="45.915513" lon="11.339959"><ele>1404.0</ele></trkpt>
   <trkpt lat="45.915704" lon="11.339911"><ele>1403.4</ele></trkpt>
   <trkpt lat="45.915733" lon="11.339904"><ele>1403.0</ele></trkpt>
   <trkpt lat="45.915857" lon="11.339686"><ele>1402.4</ele></trkpt>
   <trkpt lat="45.915918" lon="11.339521"><ele>1402.0</ele></trkpt>
   <trkpt lat="45.916088" lon="11.339389"><ele>1401.2</ele></trkpt>
   <trkpt lat="45.916154" lon="11.339386"><ele>1400.8</ele></trkpt>
   <trkpt lat="45.916241" lon="11.339389"><ele>1400.6</ele></trkpt>
   <trkpt lat="45.916427" lon="11.339298"><ele>1400.2</ele></trkpt>
   <trkpt lat="45.916504" lon="11.339198"><ele>1400.0</ele></trkpt>
   <trkpt lat="45.916649" lon="11.338982"><ele>1400.0</ele></trkpt>
   <trkpt lat="45.916665" lon="11.338949"><ele>1399.8</ele></trkpt>
   <trkpt lat="45.916672" lon="11.338888"><ele>1399.8</ele></trkpt>
   <trkpt lat="45.916788" lon="11.338645"><ele>1399.0</ele></trkpt>
   <trkpt lat="45.916805" lon="11.338603"><ele>1398.6</ele></trkpt>
   <trkpt lat="45.916908" lon="11.338475"><ele>1397.6</ele></trkpt>
   <trkpt lat="45.917081" lon="11.338354"><ele>1396.8</ele></trkpt>
   <trkpt lat="45.917163" lon="11.338283"><ele>1396.6</ele></trkpt>
   <trkpt lat="45.917185" lon="11.338258"><ele>1396.2</ele></trkpt>
   <trkpt lat="45.917281" lon="11.337992"><ele>1395.8</ele></trkpt>
   <trkpt lat="45.917376" lon="11.337775"><ele>1395.2</ele></trkpt>
   <trkpt lat="45.917466" lon="11.337550"><ele>1394.2</ele></trkpt>
   <trkpt lat="45.917599" lon="11.337349"><ele>1393.6</ele></trkpt>
   <trkpt lat="45.917747" lon="11.337159"><ele>1393.2</ele></trkpt>
   <trkpt lat="45.917886" lon="11.337077"><ele>1393.0</ele></trkpt>
   <trkpt lat="45.917891" lon="11.337058"><ele>1393.0</ele></trkpt>
   <trkpt lat="45.917920" lon="11.337024"><ele>1392.8</ele></trkpt>
   <trkpt lat="45.918017" lon="11.336954"><ele>1392.6</ele></trkpt>
   <trkpt lat="45.918089" lon="11.336861"><ele>1392.6</ele></trkpt>
   <trkpt lat="45.918100" lon="11.336829"><ele>1392.4</ele></trkpt>
   <trkpt lat="45.918130" lon="11.336724"><ele>1392.0</ele></trkpt>
   <trkpt lat="45.918190" lon="11.336445"><ele>1391.0</ele></trkpt>
   <trkpt lat="45.918211" lon="11.336173"><ele>1390.6</ele></trkpt>
   <trkpt lat="45.918205" lon="11.335919"><ele>1389.8</ele></trkpt>
   <trkpt lat="45.918236" lon="11.335661"><ele>1389.4</ele></trkpt>
   <trkpt lat="45.918323" lon="11.335549"><ele>1389.6</ele></trkpt>
   <trkpt lat="45.918510" lon="11.335472"><ele>1389.4</ele></trkpt>
   <trkpt lat="45.918600" lon="11.335237"><ele>1389.0</ele></trkpt>
   <trkpt lat="45.918608" lon="11.335193"><ele>1388.8</ele></trkpt>
   <trkpt lat="45.918664" lon="11.334940"><ele>1388.8</ele></trkpt>
   <trkpt lat="45.918717" lon="11.334673"><ele>1389.2</ele></trkpt>
   <trkpt lat="45.918820" lon="11.334420"><ele>1388.6</ele></trkpt>
   <trkpt lat="45.918876" lon="11.334322"><ele>1387.4</ele></trkpt>
   <trkpt lat="45.918914" lon="11.334261"><ele>1386.4</ele></trkpt>
   <trkpt lat="45.919058" lon="11.334085"><ele>1385.2</ele></trkpt>
   <trkpt lat="45.919100" lon="11.334040"><ele>1384.2</ele></trkpt>
   <trkpt lat="45.919170" lon="11.333958"><ele>1383.0</ele></trkpt>
   <trkpt lat="45.919297" lon="11.333721"><ele>1382.0</ele></trkpt>
   <trkpt lat="45.919348" lon="11.333529"><ele>1381.8</ele></trkpt>
   <trkpt lat="45.919396" lon="11.333353"><ele>1380.6</ele></trkpt>
   <trkpt lat="45.919465" lon="11.333176"><ele>1379.4</ele></trkpt>
   <trkpt lat="45.919501" lon="11.333068"><ele>1378.2</ele></trkpt>
   <trkpt lat="45.919555" lon="11.332981"><ele>1376.8</ele></trkpt>
   <trkpt lat="45.919614" lon="11.332844"><ele>1375.8</ele></trkpt>
   <trkpt lat="45.919715" lon="11.332583"><ele>1375.2</ele></trkpt>
   <trkpt lat="45.919721" lon="11.332467"><ele>1374.6</ele></trkpt>
   <trkpt lat="45.919691" lon="11.332282"><ele>1373.4</ele></trkpt>
   <trkpt lat="45.919588" lon="11.332048"><ele>1372.6</ele></trkpt>
   <trkpt lat="45.919449" lon="11.331881"><ele>1372.8</ele></trkpt>
   <trkpt lat="45.919374" lon="11.331808"><ele>1372.2</ele></trkpt>
   <trkpt lat="45.919255" lon="11.331646"><ele>1371.2</ele></trkpt>
   <trkpt lat="45.919118" lon="11.331446"><ele>1371.0</ele></trkpt>
   <trkpt lat="45.919019" lon="11.331211"><ele>1370.2</ele></trkpt>
   <trkpt lat="45.919024" lon="11.331170"><ele>1370.0</ele></trkpt>
   <trkpt lat="45.919089" lon="11.330928"><ele>1369.2</ele></trkpt>
   <trkpt lat="45.919128" lon="11.330854"><ele>1368.8</ele></trkpt>
   <trkpt lat="45.919212" lon="11.330774"><ele>1367.4</ele></trkpt>
   <trkpt lat="45.919295" lon="11.330707"><ele>1366.4</ele></trkpt>
   <trkpt lat="45.919438" lon="11.330530"><ele>1365.8</ele></trkpt>
   <trkpt lat="45.919464" lon="11.330248"><ele>1365.8</ele></trkpt>
   <trkpt lat="45.919475" lon="11.330154"><ele>1366.6</ele></trkpt>
   <trkpt lat="45.919510" lon="11.330140"><ele>1367.4</ele></trkpt>
   <trkpt lat="45.919551" lon="11.330108"><ele>1368.8</ele></trkpt>
   <trkpt lat="45.919573" lon="11.330071"><ele>1369.8</ele></trkpt>
   <trkpt lat="45.919585" lon="11.330061"><ele>1370.2</ele></trkpt>
   <trkpt lat="45.919641" lon="11.330017"><ele>1371.2</ele></trkpt>
   <trkpt lat="45.919721" lon="11.329951"><ele>1372.6</ele></trkpt>
   <trkpt lat="45.919814" lon="11.329874"><ele>1373.6</ele></trkpt>
   <trkpt lat="45.919885" lon="11.329791"><ele>1374.8</ele></trkpt>
   <trkpt lat="45.919951" lon="11.329756"><ele>1375.8</ele></trkpt>
   <trkpt lat="45.920049" lon="11.329708"><ele>1376.8</ele></trkpt>
   <trkpt lat="45.920066" lon="11.329702"><ele>1376.6</ele></trkpt>
   <trkpt lat="45.920082" lon="11.329698"><ele>1376.8</ele></trkpt>
   <trkpt lat="45.920194" lon="11.329644"><ele>1378.2</ele></trkpt>
   <trkpt lat="45.920290" lon="11.329601"><ele>1379.2</ele></trkpt>
   <trkpt lat="45.920305" lon="11.329623"><ele>1379.6</ele></trkpt>
   <trkpt lat="45.920336" lon="11.329660"><ele>1379.6</ele></trkpt>
   <trkpt lat="45.920481" lon="11.329787"><ele>1380.2</ele></trkpt>
   <trkpt lat="45.920500" lon="11.329818"><ele>1380.0</ele></trkpt>
   <trkpt lat="45.920545" lon="11.330003"><ele>1380.2</ele></trkpt>
   <trkpt lat="45.920547" lon="11.330025"><ele>1380.4</ele></trkpt>
   <trkpt lat="45.920523" lon="11.330214"><ele>1381.6</ele></trkpt>
   <trkpt lat="45.920482" lon="11.330395"><ele>1382.6</ele></trkpt>
   <trkpt lat="45.920438" lon="11.330585"><ele>1384.0</ele></trkpt>
   <trkpt lat="45.920431" lon="11.330693"><ele>1385.0</ele></trkpt>
   <trkpt lat="45.920430" lon="11.330737"><ele>1385.8</ele></trkpt>
   <trkpt lat="45.920424" lon="11.330755"><ele>1385.8</ele></trkpt>
   <trkpt lat="45.920418" lon="11.330778"><ele>1386.0</ele></trkpt>
   <trkpt lat="45.920448" lon="11.330895"><ele>1387.2</ele></trkpt>
   <trkpt lat="45.920442" lon="11.330987"><ele>1388.2</ele></trkpt>
   <trkpt lat="45.920458" lon="11.331094"><ele>1389.4</ele></trkpt>
   <trkpt lat="45.920436" lon="11.331200"><ele>1390.4</ele></trkpt>
   <trkpt lat="45.920360" lon="11.331372"><ele>1391.6</ele></trkpt>
   <trkpt lat="45.920341" lon="11.331429"><ele>1392.0</ele></trkpt>
   <trkpt lat="45.920308" lon="11.331511"><ele>1392.6</ele></trkpt>
   <trkpt lat="45.920258" lon="11.331619"><ele>1393.8</ele></trkpt>
   <trkpt lat="45.920225" lon="11.331709"><ele>1394.8</ele></trkpt>
   <trkpt lat="45.920210" lon="11.331777"><ele>1396.0</ele></trkpt>
   <trkpt lat="45.920209" lon="11.331790"><ele>1396.0</ele></trkpt>
   <trkpt lat="45.920199" lon="11.331894"><ele>1397.2</ele></trkpt>
   <trkpt lat="45.920184" lon="11.331987"><ele>1398.2</ele></trkpt>
   <trkpt lat="45.920156" lon="11.332100"><ele>1399.4</ele></trkpt>
   <trkpt lat="45.920149" lon="11.332126"><ele>1399.6</ele></trkpt>
   <trkpt lat="45.920135" lon="11.332210"><ele>1400.6</ele></trkpt>
   <trkpt lat="45.920116" lon="11.332282"><ele>1401.6</ele></trkpt>
   <trkpt lat="45.920097" lon="11.332380"><ele>1402.6</ele></trkpt>
   <trkpt lat="45.920098" lon="11.332456"><ele>1403.2</ele></trkpt>
   <trkpt lat="45.920092" lon="11.332472"><ele>1403.4</ele></trkpt>
   <trkpt lat="45.920086" lon="11.332518"><ele>1403.8</ele></trkpt>
   <trkpt lat="45.920097" lon="11.332668"><ele>1405.0</ele></trkpt>
   <trkpt lat="45.920113" lon="11.332855"><ele>1406.0</ele></trkpt>
   <trkpt lat="45.920058" lon="11.332976"><ele>1407.0</ele></trkpt>
   <trkpt lat="45.920009" lon="11.333086"><ele>1408.2</ele></trkpt>
   <trkpt lat="45.919952" lon="11.333209"><ele>1409.2</ele></trkpt>
   <trkpt lat="45.919907" lon="11.333332"><ele>1410.4</ele></trkpt>
   <trkpt lat="45.919865" lon="11.333454"><ele>1411.6</ele></trkpt>
   <trkpt lat="45.919859" lon="11.333519"><ele>1412.4</ele></trkpt>
   <trkpt lat="45.919855" lon="11.333537"><ele>1412.6</ele></trkpt>
   <trkpt lat="45.919845" lon="11.333655"><ele>1413.6</ele></trkpt>
   <trkpt lat="45.919829" lon="11.333829"><ele>1414.8</ele></trkpt>
   <trkpt lat="45.919819" lon="11.333882"><ele>1415.2</ele></trkpt>
   <trkpt lat="45.919812" lon="11.334061"><ele>1416.0</ele></trkpt>
   <trkpt lat="45.919795" lon="11.334187"><ele>1417.0</ele></trkpt>
   <trkpt lat="45.919752" lon="11.334333"><ele>1418.0</ele></trkpt>
   <trkpt lat="45.919747" lon="11.334384"><ele>1418.8</ele></trkpt>
   <trkpt lat="45.919734" lon="11.334418"><ele>1419.2</ele></trkpt>
   <trkpt lat="45.919727" lon="11.334438"><ele>1419.4</ele></trkpt>
   <trkpt lat="45.919714" lon="11.334475"><ele>1419.8</ele></trkpt>
   <trkpt lat="45.919696" lon="11.334542"><ele>1420.4</ele></trkpt>
   <trkpt lat="45.919683" lon="11.334601"><ele>1421.2</ele></trkpt>
   <trkpt lat="45.919657" lon="11.334638"><ele>1421.4</ele></trkpt>
   <trkpt lat="45.919643" lon="11.334653"><ele>1421.8</ele></trkpt>
   <trkpt lat="45.919609" lon="11.334710"><ele>1422.6</ele></trkpt>
   <trkpt lat="45.919535" lon="11.334832"><ele>1423.6</ele></trkpt>
   <trkpt lat="45.919528" lon="11.334846"><ele>1423.6</ele></trkpt>
   <trkpt lat="45.919457" lon="11.334977"><ele>1424.8</ele></trkpt>
   <trkpt lat="45.919421" lon="11.335123"><ele>1426.0</ele></trkpt>
   <trkpt lat="45.919421" lon="11.335144"><ele>1426.0</ele></trkpt>
   <trkpt lat="45.919464" lon="11.335406"><ele>1426.8</ele></trkpt>
   <trkpt lat="45.919495" lon="11.335545"><ele>1426.8</ele></trkpt>
   <trkpt lat="45.919600" lon="11.335692"><ele>1426.4</ele></trkpt>
   <trkpt lat="45.919662" lon="11.335913"><ele>1427.0</ele></trkpt>
   <trkpt lat="45.919630" lon="11.336181"><ele>1426.8</ele></trkpt>
   <trkpt lat="45.919524" lon="11.336373"><ele>1428.0</ele></trkpt>
   <trkpt lat="45.919421" lon="11.336509"><ele>1429.2</ele></trkpt>
   <trkpt lat="45.919351" lon="11.336605"><ele>1430.4</ele></trkpt>
   <trkpt lat="45.919278" lon="11.336706"><ele>1431.6</ele></trkpt>
   <trkpt lat="45.919212" lon="11.336813"><ele>1432.6</ele></trkpt>
   <trkpt lat="45.919123" lon="11.336948"><ele>1433.6</ele></trkpt>
   <trkpt lat="45.919059" lon="11.337090"><ele>1434.6</ele></trkpt>
   <trkpt lat="45.919001" lon="11.337265"><ele>1435.6</ele></trkpt>
   <trkpt lat="45.918930" lon="11.337510"><ele>1436.6</ele></trkpt>
   <trkpt lat="45.918917" lon="11.337537"><ele>1436.8</ele></trkpt>
   <trkpt lat="45.918889" lon="11.337590"><ele>1436.8</ele></trkpt>
   <trkpt lat="45.918731" lon="11.337728"><ele>1437.2</ele></trkpt>
   <trkpt lat="45.918569" lon="11.337869"><ele>1436.8</ele></trkpt>
   <trkpt lat="45.918440" lon="11.338059"><ele>1436.8</ele></trkpt>
   <trkpt lat="45.918304" lon="11.338250"><ele>1436.4</ele></trkpt>
   <trkpt lat="45.918168" lon="11.338459"><ele>1436.6</ele></trkpt>
   <trkpt lat="45.918071" lon="11.338685"><ele>1436.2</ele></trkpt>
   <trkpt lat="45.917988" lon="11.338934"><ele>1436.4</ele></trkpt>
   <trkpt lat="45.917864" lon="11.339154"><ele>1436.4</ele></trkpt>
   <trkpt lat="45.917837" lon="11.339289"><ele>1436.8</ele></trkpt>
   <trkpt lat="45.917850" lon="11.339305"><ele>1437.0</ele></trkpt>
   <trkpt lat="45.917880" lon="11.339289"><ele>1437.4</ele></trkpt>
   <trkpt lat="45.917947" lon="11.339254"><ele>1437.8</ele></trkpt>
   <trkpt lat="45.917984" lon="11.339228"><ele>1438.0</ele></trkpt>
   <trkpt lat="45.918029" lon="11.339180"><ele>1438.4</ele></trkpt>
   <trkpt lat="45.918086" lon="11.339091"><ele>1438.8</ele></trkpt>
   <trkpt lat="45.918106" lon="11.339080"><ele>1439.0</ele></trkpt>
   <trkpt lat="45.918119" lon="11.339057"><ele>1439.4</ele></trkpt>
   <trkpt lat="45.918172" lon="11.338987"><ele>1440.0</ele></trkpt>
   <trkpt lat="45.918220" lon="11.338902"><ele>1441.2</ele></trkpt>
   <trkpt lat="45.918274" lon="11.338840"><ele>1442.0</ele></trkpt>
   <trkpt lat="45.918308" lon="11.338829"><ele>1442.2</ele></trkpt>
   <trkpt lat="45.918318" lon="11.338818"><ele>1442.4</ele></trkpt>
   <trkpt lat="45.918379" lon="11.338770"><ele>1443.2</ele></trkpt>
   <trkpt lat="45.918393" lon="11.338743"><ele>1443.4</ele></trkpt>
   <trkpt lat="45.918495" lon="11.338496"><ele>1444.4</ele></trkpt>
   <trkpt lat="45.918506" lon="11.338469"><ele>1444.6</ele></trkpt>
   <trkpt lat="45.918531" lon="11.338424"><ele>1444.8</ele></trkpt>
   <trkpt lat="45.918571" lon="11.338385"><ele>1445.6</ele></trkpt>
   <trkpt lat="45.918598" lon="11.338365"><ele>1445.8</ele></trkpt>
   <trkpt lat="45.918679" lon="11.338321"><ele>1446.6</ele></trkpt>
   <trkpt lat="45.918777" lon="11.338282"><ele>1448.0</ele></trkpt>
   <trkpt lat="45.918839" lon="11.338251"><ele>1449.0</ele></trkpt>
   <trkpt lat="45.918920" lon="11.338223"><ele>1450.2</ele></trkpt>
   <trkpt lat="45.918943" lon="11.338212"><ele>1450.6</ele></trkpt>
   <trkpt lat="45.918983" lon="11.338186"><ele>1451.2</ele></trkpt>
   <trkpt lat="45.918991" lon="11.338175"><ele>1451.2</ele></trkpt>
   <trkpt lat="45.919000" lon="11.338168"><ele>1451.4</ele></trkpt>
   <trkpt lat="45.919037" lon="11.338150"><ele>1451.8</ele></trkpt>
   <trkpt lat="45.919114" lon="11.338105"><ele>1452.4</ele></trkpt>
   <trkpt lat="45.919128" lon="11.338096"><ele>1452.6</ele></trkpt>
   <trkpt lat="45.919282" lon="11.338053"><ele>1453.6</ele></trkpt>
   <trkpt lat="45.919395" lon="11.338044"><ele>1454.8</ele></trkpt>
   <trkpt lat="45.919559" lon="11.338017"><ele>1455.8</ele></trkpt>
   <trkpt lat="45.919575" lon="11.338015"><ele>1456.0</ele></trkpt>
   <trkpt lat="45.919656" lon="11.338031"><ele>1457.0</ele></trkpt>
   <trkpt lat="45.919736" lon="11.338033"><ele>1458.0</ele></trkpt>
   <trkpt lat="45.919816" lon="11.338030"><ele>1459.0</ele></trkpt>
   <trkpt lat="45.919914" lon="11.338026"><ele>1460.2</ele></trkpt>
   <trkpt lat="45.920035" lon="11.338015"><ele>1461.4</ele></trkpt>
   <trkpt lat="45.920094" lon="11.338009"><ele>1462.2</ele></trkpt>
   <trkpt lat="45.920122" lon="11.338012"><ele>1462.6</ele></trkpt>
   <trkpt lat="45.920219" lon="11.338051"><ele>1463.6</ele></trkpt>
   <trkpt lat="45.920303" lon="11.338144"><ele>1464.6</ele></trkpt>
   <trkpt lat="45.920345" lon="11.338197"><ele>1465.8</ele></trkpt>
   <trkpt lat="45.920394" lon="11.338205"><ele>1466.4</ele></trkpt>
   <trkpt lat="45.920438" lon="11.338193"><ele>1466.8</ele></trkpt>
   <trkpt lat="45.920623" lon="11.338108"><ele>1466.8</ele></trkpt>
   <trkpt lat="45.920658" lon="11.338082"><ele>1466.8</ele></trkpt>
   <trkpt lat="45.920695" lon="11.338102"><ele>1467.8</ele></trkpt>
   <trkpt lat="45.920836" lon="11.337901"><ele>1467.6</ele></trkpt>
   <trkpt lat="45.921008" lon="11.337749"><ele>1467.2</ele></trkpt>
   <trkpt lat="45.921126" lon="11.337655"><ele>1466.8</ele></trkpt>
   <trkpt lat="45.921290" lon="11.337486"><ele>1466.0</ele></trkpt>
   <trkpt lat="45.921423" lon="11.337297"><ele>1467.0</ele></trkpt>
   <trkpt lat="45.921523" lon="11.337080"><ele>1466.0</ele></trkpt>
   <trkpt lat="45.921551" lon="11.337027"><ele>1465.8</ele></trkpt>
   <trkpt lat="45.921626" lon="11.336745"><ele>1464.6</ele></trkpt>
   <trkpt lat="45.921656" lon="11.336570"><ele>1463.4</ele></trkpt>
   <trkpt lat="45.921685" lon="11.336453"><ele>1462.2</ele></trkpt>
   <trkpt lat="45.921754" lon="11.336188"><ele>1461.6</ele></trkpt>
   <trkpt lat="45.921808" lon="11.336035"><ele>1461.0</ele></trkpt>
   <trkpt lat="45.921847" lon="11.335923"><ele>1459.8</ele></trkpt>
   <trkpt lat="45.921894" lon="11.335665"><ele>1459.6</ele></trkpt>
   <trkpt lat="45.921830" lon="11.335424"><ele>1459.4</ele></trkpt>
   <trkpt lat="45.921735" lon="11.335191"><ele>1459.8</ele></trkpt>
   <trkpt lat="45.921668" lon="11.334977"><ele>1461.0</ele></trkpt>
   <trkpt lat="45.921557" lon="11.334743"><ele>1460.2</ele></trkpt>
   <trkpt lat="45.921521" lon="11.334471"><ele>1459.6</ele></trkpt>
   <trkpt lat="45.921518" lon="11.334337"><ele>1458.2</ele></trkpt>
   <trkpt lat="45.921515" lon="11.334121"><ele>1457.2</ele></trkpt>
   <trkpt lat="45.921461" lon="11.333863"><ele>1456.8</ele></trkpt>
   <trkpt lat="45.921427" lon="11.333696"><ele>1455.8</ele></trkpt>
   <trkpt lat="45.921416" lon="11.333573"><ele>1454.8</ele></trkpt>
   <trkpt lat="45.921428" lon="11.333546"><ele>1454.8</ele></trkpt>
   <trkpt lat="45.921504" lon="11.333326"><ele>1453.6</ele></trkpt>
   <trkpt lat="45.921574" lon="11.333102"><ele>1452.4</ele></trkpt>
   <trkpt lat="45.921612" lon="11.333000"><ele>1451.0</ele></trkpt>
   <trkpt lat="45.921654" lon="11.332918"><ele>1450.0</ele></trkpt>
   <trkpt lat="45.921691" lon="11.332814"><ele>1448.8</ele></trkpt>
   <trkpt lat="45.921758" lon="11.332567"><ele>1448.2</ele></trkpt>
   <trkpt lat="45.921779" lon="11.332505"><ele>1447.6</ele></trkpt>
   <trkpt lat="45.921790" lon="11.332469"><ele>1447.2</ele></trkpt>
   <trkpt lat="45.921816" lon="11.332383"><ele>1446.4</ele></trkpt>
   <trkpt lat="45.921843" lon="11.332294"><ele>1445.0</ele></trkpt>
   <trkpt lat="45.921898" lon="11.332148"><ele>1443.8</ele></trkpt>
   <trkpt lat="45.921907" lon="11.332070"><ele>1442.6</ele></trkpt>
   <trkpt lat="45.921923" lon="11.331995"><ele>1441.6</ele></trkpt>
   <trkpt lat="45.921934" lon="11.331919"><ele>1440.4</ele></trkpt>
   <trkpt lat="45.921947" lon="11.331821"><ele>1439.4</ele></trkpt>
   <trkpt lat="45.921988" lon="11.331691"><ele>1438.2</ele></trkpt>
   <trkpt lat="45.922113" lon="11.331488"><ele>1437.4</ele></trkpt>
   <trkpt lat="45.922124" lon="11.331453"><ele>1437.2</ele></trkpt>
   <trkpt lat="45.922162" lon="11.331364"><ele>1436.4</ele></trkpt>
   <trkpt lat="45.922179" lon="11.331343"><ele>1436.0</ele></trkpt>
   <trkpt lat="45.922252" lon="11.331250"><ele>1436.0</ele></trkpt>
   <trkpt lat="45.922352" lon="11.331211"><ele>1436.6</ele></trkpt>
   <trkpt lat="45.922508" lon="11.331029"><ele>1436.4</ele></trkpt>
   <trkpt lat="45.922661" lon="11.330830"><ele>1435.8</ele></trkpt>
   <trkpt lat="45.922820" lon="11.330712"><ele>1435.6</ele></trkpt>
   <trkpt lat="45.922950" lon="11.330518"><ele>1436.2</ele></trkpt>
   <trkpt lat="45.923026" lon="11.330441"><ele>1435.0</ele></trkpt>
   <trkpt lat="45.923215" lon="11.330329"><ele>1434.4</ele></trkpt>
   <trkpt lat="45.923278" lon="11.330224"><ele>1433.6</ele></trkpt>
   <trkpt lat="45.923334" lon="11.330179"><ele>1432.4</ele></trkpt>
   <trkpt lat="45.923413" lon="11.330108"><ele>1431.4</ele></trkpt>
   <trkpt lat="45.923503" lon="11.329999"><ele>1430.0</ele></trkpt>
   <trkpt lat="45.923652" lon="11.329852"><ele>1430.0</ele></trkpt>
   <trkpt lat="45.923818" lon="11.329699"><ele>1430.6</ele></trkpt>
   <trkpt lat="45.923841" lon="11.329716"><ele>1430.8</ele></trkpt>
   <trkpt lat="45.923863" lon="11.329725"><ele>1431.2</ele></trkpt>
   <trkpt lat="45.923867" lon="11.329721"><ele>1431.6</ele></trkpt>
   <trkpt lat="45.923816" lon="11.329615"><ele>1432.0</ele></trkpt>
   <trkpt lat="45.923775" lon="11.329525"><ele>1430.2</ele></trkpt>
   <trkpt lat="45.923745" lon="11.329466"><ele>1428.6</ele></trkpt>
   <trkpt lat="45.923732" lon="11.329410"><ele>1427.2</ele></trkpt>
   <trkpt lat="45.923744" lon="11.329316"><ele>1425.2</ele></trkpt>
   <trkpt lat="45.923732" lon="11.329240"><ele>1423.2</ele></trkpt>
   <trkpt lat="45.923703" lon="11.329166"><ele>1421.8</ele></trkpt>
   <trkpt lat="45.923670" lon="11.329094"><ele>1420.6</ele></trkpt>
   <trkpt lat="45.923636" lon="11.329024"><ele>1419.4</ele></trkpt>
   <trkpt lat="45.923599" lon="11.328960"><ele>1418.2</ele></trkpt>
   <trkpt lat="45.923567" lon="11.328893"><ele>1416.8</ele></trkpt>
   <trkpt lat="45.923565" lon="11.328853"><ele>1416.2</ele></trkpt>
   <trkpt lat="45.923580" lon="11.328814"><ele>1415.6</ele></trkpt>
   <trkpt lat="45.923602" lon="11.328781"><ele>1415.2</ele></trkpt>
   <trkpt lat="45.923653" lon="11.328727"><ele>1414.6</ele></trkpt>
   <trkpt lat="45.923733" lon="11.328637"><ele>1414.4</ele></trkpt>
   <trkpt lat="45.923603" lon="11.328427"><ele>1414.8</ele></trkpt>
   <trkpt lat="45.923538" lon="11.328331"><ele>1413.2</ele></trkpt>
   <trkpt lat="45.923490" lon="11.328269"><ele>1411.6</ele></trkpt>
   <trkpt lat="45.923441" lon="11.328210"><ele>1410.4</ele></trkpt>
   <trkpt lat="45.923363" lon="11.328117"><ele>1409.0</ele></trkpt>
   <trkpt lat="45.923293" lon="11.328033"><ele>1408.0</ele></trkpt>
   <trkpt lat="45.923163" lon="11.327827"><ele>1407.2</ele></trkpt>
   <trkpt lat="45.923145" lon="11.327789"><ele>1406.8</ele></trkpt>
   <trkpt lat="45.923107" lon="11.327711"><ele>1405.4</ele></trkpt>
   <trkpt lat="45.923065" lon="11.327646"><ele>1404.2</ele></trkpt>
   <trkpt lat="45.923024" lon="11.327575"><ele>1402.8</ele></trkpt>
   <trkpt lat="45.922941" lon="11.327430"><ele>1401.8</ele></trkpt>
   <trkpt lat="45.922914" lon="11.327320"><ele>1401.0</ele></trkpt>
   <trkpt lat="45.922962" lon="11.327257"><ele>1400.8</ele></trkpt>
   <trkpt lat="45.923155" lon="11.327176"><ele>1401.0</ele></trkpt>
   <trkpt lat="45.923238" lon="11.327134"><ele>1402.0</ele></trkpt>
   <trkpt lat="45.923317" lon="11.327060"><ele>1403.2</ele></trkpt>
   <trkpt lat="45.923372" lon="11.327000"><ele>1404.6</ele></trkpt>
   <trkpt lat="45.923423" lon="11.326946"><ele>1405.6</ele></trkpt>
   <trkpt lat="45.923592" lon="11.326788"><ele>1406.0</ele></trkpt>
   <trkpt lat="45.923689" lon="11.326744"><ele>1406.8</ele></trkpt>
   <trkpt lat="45.923837" lon="11.326753"><ele>1408.0</ele></trkpt>
   <trkpt lat="45.923962" lon="11.326806"><ele>1409.2</ele></trkpt>
   <trkpt lat="45.924074" lon="11.326875"><ele>1410.4</ele></trkpt>
   <trkpt lat="45.924194" lon="11.326946"><ele>1411.4</ele></trkpt>
   <trkpt lat="45.924334" lon="11.327065"><ele>1412.6</ele></trkpt>
   <trkpt lat="45.924447" lon="11.327180"><ele>1413.8</ele></trkpt>
   <trkpt lat="45.924571" lon="11.327237"><ele>1415.0</ele></trkpt>
   <trkpt lat="45.924728" lon="11.327226"><ele>1416.0</ele></trkpt>
   <trkpt lat="45.924873" lon="11.327158"><ele>1417.0</ele></trkpt>
   <trkpt lat="45.925051" lon="11.327029"><ele>1417.8</ele></trkpt>
   <trkpt lat="45.925094" lon="11.327009"><ele>1418.0</ele></trkpt>
   <trkpt lat="45.925258" lon="11.326899"><ele>1418.8</ele></trkpt>
   <trkpt lat="45.925363" lon="11.326870"><ele>1419.2</ele></trkpt>
   <trkpt lat="45.925526" lon="11.326782"><ele>1420.2</ele></trkpt>
   <trkpt lat="45.925645" lon="11.326686"><ele>1421.4</ele></trkpt>
   <trkpt lat="45.925677" lon="11.326674"><ele>1421.6</ele></trkpt>
   <trkpt lat="45.925735" lon="11.326720"><ele>1422.2</ele></trkpt>
   <trkpt lat="45.925743" lon="11.326730"><ele>1422.6</ele></trkpt>
   <trkpt lat="45.925761" lon="11.326756"><ele>1423.2</ele></trkpt>
   <trkpt lat="45.925772" lon="11.326769"><ele>1423.6</ele></trkpt>
   <trkpt lat="45.925781" lon="11.326781"><ele>1423.8</ele></trkpt>
   <trkpt lat="45.925810" lon="11.326827"><ele>1424.8</ele></trkpt>
   <trkpt lat="45.925823" lon="11.326841"><ele>1425.2</ele></trkpt>
   <trkpt lat="45.925830" lon="11.326845"><ele>1425.6</ele></trkpt>
   <trkpt lat="45.925834" lon="11.326850"><ele>1426.0</ele></trkpt>
   <trkpt lat="45.925849" lon="11.326874"><ele>1427.2</ele></trkpt>
   <trkpt lat="45.925891" lon="11.326876"><ele>1428.4</ele></trkpt>
   <trkpt lat="45.925936" lon="11.326872"><ele>1429.4</ele></trkpt>
   <trkpt lat="45.926002" lon="11.326845"><ele>1430.6</ele></trkpt>
   <trkpt lat="45.926026" lon="11.326838"><ele>1431.8</ele></trkpt>
   <trkpt lat="45.926039" lon="11.326847"><ele>1432.2</ele></trkpt>
   <trkpt lat="45.926060" lon="11.326847"><ele>1432.8</ele></trkpt>
   <trkpt lat="45.926091" lon="11.326841"><ele>1433.4</ele></trkpt>
   <trkpt lat="45.926112" lon="11.326838"><ele>1433.8</ele></trkpt>
   <trkpt lat="45.926121" lon="11.326837"><ele>1434.0</ele></trkpt>
   <trkpt lat="45.926177" lon="11.326816"><ele>1435.2</ele></trkpt>
   <trkpt lat="45.926196" lon="11.326805"><ele>1435.6</ele></trkpt>
   <trkpt lat="45.926225" lon="11.326778"><ele>1435.8</ele></trkpt>
   <trkpt lat="45.926247" lon="11.326739"><ele>1436.0</ele></trkpt>
   <trkpt lat="45.926265" lon="11.326735"><ele>1436.2</ele></trkpt>
   <trkpt lat="45.926317" lon="11.326743"><ele>1437.2</ele></trkpt>
   <trkpt lat="45.926345" lon="11.326727"><ele>1437.8</ele></trkpt>
   <trkpt lat="45.926396" lon="11.326733"><ele>1438.4</ele></trkpt>
   <trkpt lat="45.926442" lon="11.326705"><ele>1439.4</ele></trkpt>
   <trkpt lat="45.926500" lon="11.326657"><ele>1440.6</ele></trkpt>
   <trkpt lat="45.926527" lon="11.326605"><ele>1441.2</ele></trkpt>
   <trkpt lat="45.926534" lon="11.326572"><ele>1441.8</ele></trkpt>
   <trkpt lat="45.926570" lon="11.326539"><ele>1443.0</ele></trkpt>
   <trkpt lat="45.926627" lon="11.326558"><ele>1444.2</ele></trkpt>
   <trkpt lat="45.926659" lon="11.326553"><ele>1445.4</ele></trkpt>
   <trkpt lat="45.926678" lon="11.326560"><ele>1446.0</ele></trkpt>
   <trkpt lat="45.926705" lon="11.326560"><ele>1446.6</ele></trkpt>
   <trkpt lat="45.926722" lon="11.326550"><ele>1447.2</ele></trkpt>
   <trkpt lat="45.926750" lon="11.326536"><ele>1447.6</ele></trkpt>
   <trkpt lat="45.926780" lon="11.326521"><ele>1448.4</ele></trkpt>
   <trkpt lat="45.926786" lon="11.326519"><ele>1448.8</ele></trkpt>
   <trkpt lat="45.926806" lon="11.326531"><ele>1449.6</ele></trkpt>
   <trkpt lat="45.926805" lon="11.326537"><ele>1449.8</ele></trkpt>
   <trkpt lat="45.926816" lon="11.326551"><ele>1450.6</ele></trkpt>
   <trkpt lat="45.926825" lon="11.326556"><ele>1451.0</ele></trkpt>
   <trkpt lat="45.926842" lon="11.326565"><ele>1451.2</ele></trkpt>
   <trkpt lat="45.926884" lon="11.326555"><ele>1452.0</ele></trkpt>
   <trkpt lat="45.926925" lon="11.326536"><ele>1452.4</ele></trkpt>
   <trkpt lat="45.926950" lon="11.326523"><ele>1453.0</ele></trkpt>
   <trkpt lat="45.926952" lon="11.326513"><ele>1453.2</ele></trkpt>
   <trkpt lat="45.926987" lon="11.326501"><ele>1454.2</ele></trkpt>
   <trkpt lat="45.926994" lon="11.326489"><ele>1454.4</ele></trkpt>
   <trkpt lat="45.927020" lon="11.326529"><ele>1455.0</ele></trkpt>
   <trkpt lat="45.927034" lon="11.326540"><ele>1455.4</ele></trkpt>
   <trkpt lat="45.927051" lon="11.326553"><ele>1455.8</ele></trkpt>
   <trkpt lat="45.927074" lon="11.326548"><ele>1456.6</ele></trkpt>
   <trkpt lat="45.927096" lon="11.326545"><ele>1457.6</ele></trkpt>
   <trkpt lat="45.927102" lon="11.326539"><ele>1457.8</ele></trkpt>
   <trkpt lat="45.927126" lon="11.326528"><ele>1458.6</ele></trkpt>
   <trkpt lat="45.927135" lon="11.326533"><ele>1459.0</ele></trkpt>
   <trkpt lat="45.927168" lon="11.326524"><ele>1460.0</ele></trkpt>
   <trkpt lat="45.927193" lon="11.326515"><ele>1461.4</ele></trkpt>
   <trkpt lat="45.927244" lon="11.326554"><ele>1462.4</ele></trkpt>
   <trkpt lat="45.927264" lon="11.326591"><ele>1463.8</ele></trkpt>
   <trkpt lat="45.927275" lon="11.326591"><ele>1464.2</ele></trkpt>
   <trkpt lat="45.927304" lon="11.326598"><ele>1464.6</ele></trkpt>
   <trkpt lat="45.927317" lon="11.326592"><ele>1465.0</ele></trkpt>
   <trkpt lat="45.927331" lon="11.326589"><ele>1465.4</ele></trkpt>
   <trkpt lat="45.927352" lon="11.326584"><ele>1466.2</ele></trkpt>
   <trkpt lat="45.927375" lon="11.326599"><ele>1466.8</ele></trkpt>
   <trkpt lat="45.927391" lon="11.326616"><ele>1467.2</ele></trkpt>
   <trkpt lat="45.927414" lon="11.326636"><ele>1468.6</ele></trkpt>
   <trkpt lat="45.927419" lon="11.326639"><ele>1469.0</ele></trkpt>
   <trkpt lat="45.927436" lon="11.326647"><ele>1469.6</ele></trkpt>
   <trkpt lat="45.927449" lon="11.326669"><ele>1470.8</ele></trkpt>
   <trkpt lat="45.927481" lon="11.326697"><ele>1472.0</ele></trkpt>
   <trkpt lat="45.927513" lon="11.326679"><ele>1473.2</ele></trkpt>
   <trkpt lat="45.927574" lon="11.326698"><ele>1474.2</ele></trkpt>
   <trkpt lat="45.927703" lon="11.326660"><ele>1475.4</ele></trkpt>
   <trkpt lat="45.927784" lon="11.326632"><ele>1476.4</ele></trkpt>
   <trkpt lat="45.927832" lon="11.326620"><ele>1476.6</ele></trkpt>
   <trkpt lat="45.927838" lon="11.326661"><ele>1476.8</ele></trkpt>
   <trkpt lat="45.927864" lon="11.326931"><ele>1477.2</ele></trkpt>
   <trkpt lat="45.927877" lon="11.326992"><ele>1477.4</ele></trkpt>
   <trkpt lat="45.927881" lon="11.327009"><ele>1477.6</ele></trkpt>
   <trkpt lat="45.927925" lon="11.327281"><ele>1477.4</ele></trkpt>
   <trkpt lat="45.927940" lon="11.327359"><ele>1477.8</ele></trkpt>
   <trkpt lat="45.927940" lon="11.327456"><ele>1478.6</ele></trkpt>
   <trkpt lat="45.927952" lon="11.327506"><ele>1478.8</ele></trkpt>
   <trkpt lat="45.927971" lon="11.327575"><ele>1478.8</ele></trkpt>
   <trkpt lat="45.928001" lon="11.327705"><ele>1479.2</ele></trkpt>
   <trkpt lat="45.928062" lon="11.327959"><ele>1478.6</ele></trkpt>
   <trkpt lat="45.928095" lon="11.328076"><ele>1478.8</ele></trkpt>
   <trkpt lat="45.928218" lon="11.328314"><ele>1479.6</ele></trkpt>
   <trkpt lat="45.928270" lon="11.328407"><ele>1479.6</ele></trkpt>
   <trkpt lat="45.928317" lon="11.328658"><ele>1479.4</ele></trkpt>
   <trkpt lat="45.928353" lon="11.328767"><ele>1479.0</ele></trkpt>
   <trkpt lat="45.928377" lon="11.328980"><ele>1478.4</ele></trkpt>
   <trkpt lat="45.928423" lon="11.329249"><ele>1478.4</ele></trkpt>
   <trkpt lat="45.928435" lon="11.329503"><ele>1477.8</ele></trkpt>
   <trkpt lat="45.928410" lon="11.329615"><ele>1477.4</ele></trkpt>
   <trkpt lat="45.928340" lon="11.329878"><ele>1476.6</ele></trkpt>
   <trkpt lat="45.928213" lon="11.330076"><ele>1477.4</ele></trkpt>
   <trkpt lat="45.928144" lon="11.330188"><ele>1478.6</ele></trkpt>
   <trkpt lat="45.928111" lon="11.330208"><ele>1479.6</ele></trkpt>
   <trkpt lat="45.928101" lon="11.330206"><ele>1480.0</ele></trkpt>
   <trkpt lat="45.928061" lon="11.330201"><ele>1481.0</ele></trkpt>
   <trkpt lat="45.928050" lon="11.330200"><ele>1481.2</ele></trkpt>
   <trkpt lat="45.928010" lon="11.330216"><ele>1482.0</ele></trkpt>
   <trkpt lat="45.927960" lon="11.330220"><ele>1483.2</ele></trkpt>
   <trkpt lat="45.927908" lon="11.330236"><ele>1484.0</ele></trkpt>
   <trkpt lat="45.927883" lon="11.330262"><ele>1484.4</ele></trkpt>
   <trkpt lat="45.927853" lon="11.330290"><ele>1485.0</ele></trkpt>
   <trkpt lat="45.927809" lon="11.330309"><ele>1485.6</ele></trkpt>
   <trkpt lat="45.927751" lon="11.330332"><ele>1486.6</ele></trkpt>
   <trkpt lat="45.927722" lon="11.330341"><ele>1487.8</ele></trkpt>
   <trkpt lat="45.927691" lon="11.330360"><ele>1489.0</ele></trkpt>
   <trkpt lat="45.927644" lon="11.330401"><ele>1490.2</ele></trkpt>
   <trkpt lat="45.927622" lon="11.330409"><ele>1490.6</ele></trkpt>
   <trkpt lat="45.927578" lon="11.330394"><ele>1491.4</ele></trkpt>
   <trkpt lat="45.927498" lon="11.330395"><ele>1492.4</ele></trkpt>
   <trkpt lat="45.927416" lon="11.330389"><ele>1493.6</ele></trkpt>
   <trkpt lat="45.927398" lon="11.330395"><ele>1494.0</ele></trkpt>
   <trkpt lat="45.927368" lon="11.330398"><ele>1494.6</ele></trkpt>
   <trkpt lat="45.927325" lon="11.330415"><ele>1496.0</ele></trkpt>
   <trkpt lat="45.927295" lon="11.330432"><ele>1497.2</ele></trkpt>
   <trkpt lat="45.927270" lon="11.330463"><ele>1498.0</ele></trkpt>
   <trkpt lat="45.927263" lon="11.330466"><ele>1498.2</ele></trkpt>
   <trkpt lat="45.927236" lon="11.330483"><ele>1499.0</ele></trkpt>
   <trkpt lat="45.927230" lon="11.330484"><ele>1499.2</ele></trkpt>
   <trkpt lat="45.927215" lon="11.330482"><ele>1499.8</ele></trkpt>
   <trkpt lat="45.927199" lon="11.330482"><ele>1500.4</ele></trkpt>
   <trkpt lat="45.927191" lon="11.330482"><ele>1500.8</ele></trkpt>
   <trkpt lat="45.927177" lon="11.330502"><ele>1501.4</ele></trkpt>
   <trkpt lat="45.927163" lon="11.330516"><ele>1501.6</ele></trkpt>
   <trkpt lat="45.927137" lon="11.330531"><ele>1502.2</ele></trkpt>
   <trkpt lat="45.927105" lon="11.330558"><ele>1502.8</ele></trkpt>
   <trkpt lat="45.927025" lon="11.330571"><ele>1503.6</ele></trkpt>
   <trkpt lat="45.927004" lon="11.330562"><ele>1503.8</ele></trkpt>
   <trkpt lat="45.926990" lon="11.330555"><ele>1503.8</ele></trkpt>
   <trkpt lat="45.926977" lon="11.330549"><ele>1503.8</ele></trkpt>
   <trkpt lat="45.926900" lon="11.330565"><ele>1504.8</ele></trkpt>
   <trkpt lat="45.926860" lon="11.330601"><ele>1505.8</ele></trkpt>
   <trkpt lat="45.926849" lon="11.330612"><ele>1506.0</ele></trkpt>
   <trkpt lat="45.926839" lon="11.330623"><ele>1506.0</ele></trkpt>
   <trkpt lat="45.926800" lon="11.330642"><ele>1507.0</ele></trkpt>
   <trkpt lat="45.926772" lon="11.330651"><ele>1507.2</ele></trkpt>
   <trkpt lat="45.926713" lon="11.330664"><ele>1508.0</ele></trkpt>
   <trkpt lat="45.926667" lon="11.330677"><ele>1508.8</ele></trkpt>
   <trkpt lat="45.926645" lon="11.330672"><ele>1509.0</ele></trkpt>
   <trkpt lat="45.926618" lon="11.330668"><ele>1509.2</ele></trkpt>
   <trkpt lat="45.926495" lon="11.330675"><ele>1510.2</ele></trkpt>
   <trkpt lat="45.926369" lon="11.330705"><ele>1511.4</ele></trkpt>
   <trkpt lat="45.926213" lon="11.330848"><ele>1512.2</ele></trkpt>
   <trkpt lat="45.926152" lon="11.330926"><ele>1512.6</ele></trkpt>
   <trkpt lat="45.926051" lon="11.331073"><ele>1513.8</ele></trkpt>
   <trkpt lat="45.925919" lon="11.331236"><ele>1515.0</ele></trkpt>
   <trkpt lat="45.925884" lon="11.331259"><ele>1515.2</ele></trkpt>
   <trkpt lat="45.925873" lon="11.331249"><ele>1515.4</ele></trkpt>
   <trkpt lat="45.925842" lon="11.331252"><ele>1515.6</ele></trkpt>
   <trkpt lat="45.925799" lon="11.331253"><ele>1516.0</ele></trkpt>
   <trkpt lat="45.925743" lon="11.331228"><ele>1516.6</ele></trkpt>
   <trkpt lat="45.925712" lon="11.331244"><ele>1516.8</ele></trkpt>
   <trkpt lat="45.925651" lon="11.331282"><ele>1516.8</ele></trkpt>
   <trkpt lat="45.925505" lon="11.331420"><ele>1517.0</ele></trkpt>
   <trkpt lat="45.925422" lon="11.331493"><ele>1517.6</ele></trkpt>
   <trkpt lat="45.925395" lon="11.331528"><ele>1517.6</ele></trkpt>
   <trkpt lat="45.925315" lon="11.331592"><ele>1517.8</ele></trkpt>
   <trkpt lat="45.925286" lon="11.331616"><ele>1518.2</ele></trkpt>
   <trkpt lat="45.925274" lon="11.331629"><ele>1518.2</ele></trkpt>
   <trkpt lat="45.925222" lon="11.331705"><ele>1518.8</ele></trkpt>
   <trkpt lat="45.925116" lon="11.331737"><ele>1518.8</ele></trkpt>
   <trkpt lat="45.925096" lon="11.331763"><ele>1518.8</ele></trkpt>
   <trkpt lat="45.925098" lon="11.331804"><ele>1518.8</ele></trkpt>
   <trkpt lat="45.925114" lon="11.331871"><ele>1519.0</ele></trkpt>
   <trkpt lat="45.925129" lon="11.331921"><ele>1519.0</ele></trkpt>
   <trkpt lat="45.925143" lon="11.331939"><ele>1518.8</ele></trkpt>
   <trkpt lat="45.925258" lon="11.332182"><ele>1518.6</ele></trkpt>
   <trkpt lat="45.925331" lon="11.332394"><ele>1518.4</ele></trkpt>
   <trkpt lat="45.925446" lon="11.332386"><ele>1517.0</ele></trkpt>
   <trkpt lat="45.925492" lon="11.332435"><ele>1515.2</ele></trkpt>
   <trkpt lat="45.925538" lon="11.332478"><ele>1514.0</ele></trkpt>
   <trkpt lat="45.925638" lon="11.332541"><ele>1512.6</ele></trkpt>
   <trkpt lat="45.925681" lon="11.332554"><ele>1511.0</ele></trkpt>
   <trkpt lat="45.925702" lon="11.332571"><ele>1509.6</ele></trkpt>
   <trkpt lat="45.925772" lon="11.332566"><ele>1508.4</ele></trkpt>
   <trkpt lat="45.925872" lon="11.332565"><ele>1507.4</ele></trkpt>
   <trkpt lat="45.925967" lon="11.332536"><ele>1506.0</ele></trkpt>
   <trkpt lat="45.925998" lon="11.332522"><ele>1504.8</ele></trkpt>
   <trkpt lat="45.926026" lon="11.332508"><ele>1503.6</ele></trkpt>
   <trkpt lat="45.926052" lon="11.332497"><ele>1502.6</ele></trkpt>
   <trkpt lat="45.926140" lon="11.332457"><ele>1501.2</ele></trkpt>
   <trkpt lat="45.926241" lon="11.332413"><ele>1499.8</ele></trkpt>
   <trkpt lat="45.926318" lon="11.332397"><ele>1498.2</ele></trkpt>
   <trkpt lat="45.926374" lon="11.332372"><ele>1496.8</ele></trkpt>
   <trkpt lat="45.926444" lon="11.332337"><ele>1495.6</ele></trkpt>
   <trkpt lat="45.926619" lon="11.332198"><ele>1494.0</ele></trkpt>
   <trkpt lat="45.926670" lon="11.332185"><ele>1492.2</ele></trkpt>
   <trkpt lat="45.926733" lon="11.332170"><ele>1491.0</ele></trkpt>
   <trkpt lat="45.926906" lon="11.332083"><ele>1490.0</ele></trkpt>
   <trkpt lat="45.926963" lon="11.332053"><ele>1489.6</ele></trkpt>
   <trkpt lat="45.927067" lon="11.331992"><ele>1488.6</ele></trkpt>
   <trkpt lat="45.927170" lon="11.331970"><ele>1487.4</ele></trkpt>
   <trkpt lat="45.927250" lon="11.331987"><ele>1486.4</ele></trkpt>
   <trkpt lat="45.927287" lon="11.331994"><ele>1486.0</ele></trkpt>
   <trkpt lat="45.927391" lon="11.332022"><ele>1484.6</ele></trkpt>
   <trkpt lat="45.927595" lon="11.332019"><ele>1483.6</ele></trkpt>
   <trkpt lat="45.927631" lon="11.332005"><ele>1483.2</ele></trkpt>
   <trkpt lat="45.927773" lon="11.331949"><ele>1481.8</ele></trkpt>
   <trkpt lat="45.927859" lon="11.331873"><ele>1480.6</ele></trkpt>
   <trkpt lat="45.927919" lon="11.331761"><ele>1479.6</ele></trkpt>
   <trkpt lat="45.927965" lon="11.331594"><ele>1478.4</ele></trkpt>
   <trkpt lat="45.928013" lon="11.331299"><ele>1478.2</ele></trkpt>
   <trkpt lat="45.928040" lon="11.331180"><ele>1477.2</ele></trkpt>
   <trkpt lat="45.928101" lon="11.331002"><ele>1476.2</ele></trkpt>
   <trkpt lat="45.928184" lon="11.330776"><ele>1476.8</ele></trkpt>
   <trkpt lat="45.928274" lon="11.330548"><ele>1476.2</ele></trkpt>
   <trkpt lat="45.928287" lon="11.330467"><ele>1476.0</ele></trkpt>
   <trkpt lat="45.928303" lon="11.330206"><ele>1476.6</ele></trkpt>
   <trkpt lat="45.928314" lon="11.330113"><ele>1477.2</ele></trkpt>
   <trkpt lat="45.928351" lon="11.330012"><ele>1477.6</ele></trkpt>
   <trkpt lat="45.928448" lon="11.329814"><ele>1475.8</ele></trkpt>
   <trkpt lat="45.928474" lon="11.329738"><ele>1474.8</ele></trkpt>
   <trkpt lat="45.928542" lon="11.329541"><ele>1473.4</ele></trkpt>
   <trkpt lat="45.928575" lon="11.329459"><ele>1472.4</ele></trkpt>
   <trkpt lat="45.928633" lon="11.329306"><ele>1471.0</ele></trkpt>
   <trkpt lat="45.928657" lon="11.329110"><ele>1470.0</ele></trkpt>
   <trkpt lat="45.928622" lon="11.328834"><ele>1469.4</ele></trkpt>
   <trkpt lat="45.928546" lon="11.328596"><ele>1470.4</ele></trkpt>
   <trkpt lat="45.928508" lon="11.328402"><ele>1471.0</ele></trkpt>
   <trkpt lat="45.928458" lon="11.328142"><ele>1469.8</ele></trkpt>
   <trkpt lat="45.928490" lon="11.327858"><ele>1469.4</ele></trkpt>
   <trkpt lat="45.928490" lon="11.327660"><ele>1468.4</ele></trkpt>
   <trkpt lat="45.928473" lon="11.327500"><ele>1467.4</ele></trkpt>
   <trkpt lat="45.928517" lon="11.327211"><ele>1467.0</ele></trkpt>
   <trkpt lat="45.928554" lon="11.327094"><ele>1466.2</ele></trkpt>
   <trkpt lat="45.928632" lon="11.326829"><ele>1465.6</ele></trkpt>
   <trkpt lat="45.928717" lon="11.326541"><ele>1465.0</ele></trkpt>
   <trkpt lat="45.928786" lon="11.326400"><ele>1464.0</ele></trkpt>
   <trkpt lat="45.928917" lon="11.326209"><ele>1463.4</ele></trkpt>
   <trkpt lat="45.929041" lon="11.326021"><ele>1464.6</ele></trkpt>
   <trkpt lat="45.929163" lon="11.325806"><ele>1464.4</ele></trkpt>
   <trkpt lat="45.929244" lon="11.325544"><ele>1464.2</ele></trkpt>
   <trkpt lat="45.929250" lon="11.325279"><ele>1464.0</ele></trkpt>
   <trkpt lat="45.929202" lon="11.325030"><ele>1463.8</ele></trkpt>
   <trkpt lat="45.929166" lon="11.324800"><ele>1462.8</ele></trkpt>
   <trkpt lat="45.929133" lon="11.324534"><ele>1461.8</ele></trkpt>
   <trkpt lat="45.929127" lon="11.324500"><ele>1461.6</ele></trkpt>
   <trkpt lat="45.929086" lon="11.324234"><ele>1461.4</ele></trkpt>
   <trkpt lat="45.929130" lon="11.323958"><ele>1461.4</ele></trkpt>
   <trkpt lat="45.929120" lon="11.323930"><ele>1461.2</ele></trkpt>
   <trkpt lat="45.929048" lon="11.323904"><ele>1460.6</ele></trkpt>
   <trkpt lat="45.928877" lon="11.323927"><ele>1459.4</ele></trkpt>
   <trkpt lat="45.928746" lon="11.323884"><ele>1459.0</ele></trkpt>
   <trkpt lat="45.928717" lon="11.323812"><ele>1458.8</ele></trkpt>
   <trkpt lat="45.928732" lon="11.323685"><ele>1458.4</ele></trkpt>
   <trkpt lat="45.928799" lon="11.323422"><ele>1459.4</ele></trkpt>
   <trkpt lat="45.928813" lon="11.323397"><ele>1459.6</ele></trkpt>
   <trkpt lat="45.928864" lon="11.323293"><ele>1460.8</ele></trkpt>
   <trkpt lat="45.928882" lon="11.323228"><ele>1461.8</ele></trkpt>
   <trkpt lat="45.928921" lon="11.323167"><ele>1463.0</ele></trkpt>
   <trkpt lat="45.929000" lon="11.323062"><ele>1464.2</ele></trkpt>
   <trkpt lat="45.929126" lon="11.322838"><ele>1464.0</ele></trkpt>
   <trkpt lat="45.929263" lon="11.322651"><ele>1463.6</ele></trkpt>
   <trkpt lat="45.929309" lon="11.322552"><ele>1463.2</ele></trkpt>
   <trkpt lat="45.929349" lon="11.322401"><ele>1462.0</ele></trkpt>
   <trkpt lat="45.929450" lon="11.322191"><ele>1460.4</ele></trkpt>
   <trkpt lat="45.929495" lon="11.322129"><ele>1459.4</ele></trkpt>
   <trkpt lat="45.929634" lon="11.321959"><ele>1458.2</ele></trkpt>
   <trkpt lat="45.929738" lon="11.321859"><ele>1456.8</ele></trkpt>
   <trkpt lat="45.929811" lon="11.321758"><ele>1455.4</ele></trkpt>
   <trkpt lat="45.929901" lon="11.321642"><ele>1454.0</ele></trkpt>
   <trkpt lat="45.929989" lon="11.321576"><ele>1452.8</ele></trkpt>
   <trkpt lat="45.930078" lon="11.321512"><ele>1451.6</ele></trkpt>
   <trkpt lat="45.930272" lon="11.321402"><ele>1451.4</ele></trkpt>
   <trkpt lat="45.930388" lon="11.321326"><ele>1450.6</ele></trkpt>
   <trkpt lat="45.930516" lon="11.321193"><ele>1449.4</ele></trkpt>
   <trkpt lat="45.930540" lon="11.321146"><ele>1448.6</ele></trkpt>
   <trkpt lat="45.930525" lon="11.321126"><ele>1448.2</ele></trkpt>
   <trkpt lat="45.930455" lon="11.321060"><ele>1447.0</ele></trkpt>
   <trkpt lat="45.930360" lon="11.320960"><ele>1446.0</ele></trkpt>
   <trkpt lat="45.930266" lon="11.320875"><ele>1444.8</ele></trkpt>
   <trkpt lat="45.930224" lon="11.320844"><ele>1443.4</ele></trkpt>
   <trkpt lat="45.930177" lon="11.320839"><ele>1442.4</ele></trkpt>
   <trkpt lat="45.930125" lon="11.320852"><ele>1441.4</ele></trkpt>
   <trkpt lat="45.930106" lon="11.320844"><ele>1441.0</ele></trkpt>
   <trkpt lat="45.930009" lon="11.320813"><ele>1439.8</ele></trkpt>
   <trkpt lat="45.929966" lon="11.320799"><ele>1438.0</ele></trkpt>
   <trkpt lat="45.929919" lon="11.320777"><ele>1436.4</ele></trkpt>
   <trkpt lat="45.929877" lon="11.320758"><ele>1435.2</ele></trkpt>
   <trkpt lat="45.929830" lon="11.320743"><ele>1434.2</ele></trkpt>
   <trkpt lat="45.929785" lon="11.320731"><ele>1433.0</ele></trkpt>
   <trkpt lat="45.929740" lon="11.320721"><ele>1431.8</ele></trkpt>
   <trkpt lat="45.929698" lon="11.320706"><ele>1430.8</ele></trkpt>
   <trkpt lat="45.929677" lon="11.320703"><ele>1430.4</ele></trkpt>
   <trkpt lat="45.929605" lon="11.320701"><ele>1429.2</ele></trkpt>
   <trkpt lat="45.929523" lon="11.320739"><ele>1427.8</ele></trkpt>
   <trkpt lat="45.929498" lon="11.320736"><ele>1427.2</ele></trkpt>
   <trkpt lat="45.929478" lon="11.320730"><ele>1426.6</ele></trkpt>
   <trkpt lat="45.929410" lon="11.320742"><ele>1425.2</ele></trkpt>
   <trkpt lat="45.929332" lon="11.320709"><ele>1423.8</ele></trkpt>
   <trkpt lat="45.929291" lon="11.320706"><ele>1422.4</ele></trkpt>
   <trkpt lat="45.929231" lon="11.320769"><ele>1421.2</ele></trkpt>
   <trkpt lat="45.929145" lon="11.320796"><ele>1419.6</ele></trkpt>
   <trkpt lat="45.929102" lon="11.320811"><ele>1418.6</ele></trkpt>
   <trkpt lat="45.929004" lon="11.320792"><ele>1417.4</ele></trkpt>
   <trkpt lat="45.928908" lon="11.320803"><ele>1415.8</ele></trkpt>
   <trkpt lat="45.928826" lon="11.320804"><ele>1414.8</ele></trkpt>
   <trkpt lat="45.928723" lon="11.320817"><ele>1413.6</ele></trkpt>
   <trkpt lat="45.928672" lon="11.320834"><ele>1412.4</ele></trkpt>
   <trkpt lat="45.928610" lon="11.320839"><ele>1411.4</ele></trkpt>
   <trkpt lat="45.928564" lon="11.320863"><ele>1410.2</ele></trkpt>
   <trkpt lat="45.928511" lon="11.320886"><ele>1409.2</ele></trkpt>
   <trkpt lat="45.928382" lon="11.320913"><ele>1408.2</ele></trkpt>
   <trkpt lat="45.928298" lon="11.320922"><ele>1407.0</ele></trkpt>
   <trkpt lat="45.928224" lon="11.320905"><ele>1406.0</ele></trkpt>
   <trkpt lat="45.928130" lon="11.320882"><ele>1404.8</ele></trkpt>
   <trkpt lat="45.928030" lon="11.320861"><ele>1403.6</ele></trkpt>
   <trkpt lat="45.927943" lon="11.320852"><ele>1402.6</ele></trkpt>
   <trkpt lat="45.927854" lon="11.320851"><ele>1401.6</ele></trkpt>
   <trkpt lat="45.927717" lon="11.320850"><ele>1400.4</ele></trkpt>
   <trkpt lat="45.927601" lon="11.320825"><ele>1399.2</ele></trkpt>
   <trkpt lat="45.927527" lon="11.320815"><ele>1398.0</ele></trkpt>
   <trkpt lat="45.927455" lon="11.320800"><ele>1397.0</ele></trkpt>
   <trkpt lat="45.927348" lon="11.320785"><ele>1395.8</ele></trkpt>
   <trkpt lat="45.927276" lon="11.320779"><ele>1394.6</ele></trkpt>
   <trkpt lat="45.927091" lon="11.320780"><ele>1393.8</ele></trkpt>
   <trkpt lat="45.926982" lon="11.320833"><ele>1393.2</ele></trkpt>
   <trkpt lat="45.926935" lon="11.320865"><ele>1392.0</ele></trkpt>
   <trkpt lat="45.926875" lon="11.320868"><ele>1391.6</ele></trkpt>
   <trkpt lat="45.926787" lon="11.320813"><ele>1390.8</ele></trkpt>
   <trkpt lat="45.926698" lon="11.320747"><ele>1389.6</ele></trkpt>
   <trkpt lat="45.926608" lon="11.320677"><ele>1388.2</ele></trkpt>
   <trkpt lat="45.926520" lon="11.320601"><ele>1387.0</ele></trkpt>
   <trkpt lat="45.926472" lon="11.320546"><ele>1386.0</ele></trkpt>
   <trkpt lat="45.926449" lon="11.320533"><ele>1385.6</ele></trkpt>
   <trkpt lat="45.926357" lon="11.320535"><ele>1384.8</ele></trkpt>
   <trkpt lat="45.926172" lon="11.320532"><ele>1384.6</ele></trkpt>
   <trkpt lat="45.926015" lon="11.320695"><ele>1384.4</ele></trkpt>
   <trkpt lat="45.925849" lon="11.320854"><ele>1384.0</ele></trkpt>
   <trkpt lat="45.925801" lon="11.320881"><ele>1384.0</ele></trkpt>
   <trkpt lat="45.925773" lon="11.320879"><ele>1383.8</ele></trkpt>
   <trkpt lat="45.925705" lon="11.320854"><ele>1383.2</ele></trkpt>
   <trkpt lat="45.925665" lon="11.320896"><ele>1382.6</ele></trkpt>
   <trkpt lat="45.925521" lon="11.321052"><ele>1383.0</ele></trkpt>
   <trkpt lat="45.925480" lon="11.321101"><ele>1383.6</ele></trkpt>
   <trkpt lat="45.925454" lon="11.321103"><ele>1383.8</ele></trkpt>
   <trkpt lat="45.925337" lon="11.321046"><ele>1382.2</ele></trkpt>
   <trkpt lat="45.925251" lon="11.320990"><ele>1381.0</ele></trkpt>
   <trkpt lat="45.925184" lon="11.320971"><ele>1380.0</ele></trkpt>
   <trkpt lat="45.925160" lon="11.320996"><ele>1379.8</ele></trkpt>
   <trkpt lat="45.925080" lon="11.321122"><ele>1378.2</ele></trkpt>
   <trkpt lat="45.924968" lon="11.321190"><ele>1377.6</ele></trkpt>
   <trkpt lat="45.924899" lon="11.321188"><ele>1377.2</ele></trkpt>
   <trkpt lat="45.924734" lon="11.321205"><ele>1376.0</ele></trkpt>
   <trkpt lat="45.924635" lon="11.321196"><ele>1374.6</ele></trkpt>
   <trkpt lat="45.924531" lon="11.321186"><ele>1373.4</ele></trkpt>
   <trkpt lat="45.924432" lon="11.321136"><ele>1372.2</ele></trkpt>
   <trkpt lat="45.924310" lon="11.321094"><ele>1370.6</ele></trkpt>
   <trkpt lat="45.924229" lon="11.321115"><ele>1369.4</ele></trkpt>
   <trkpt lat="45.924159" lon="11.321185"><ele>1368.6</ele></trkpt>
   <trkpt lat="45.924132" lon="11.321229"><ele>1368.0</ele></trkpt>
   <trkpt lat="45.924109" lon="11.321277"><ele>1367.6</ele></trkpt>
   <trkpt lat="45.924068" lon="11.321389"><ele>1366.6</ele></trkpt>
   <trkpt lat="45.924013" lon="11.321561"><ele>1365.6</ele></trkpt>
   <trkpt lat="45.923988" lon="11.321610"><ele>1365.2</ele></trkpt>
   <trkpt lat="45.923961" lon="11.321649"><ele>1365.0</ele></trkpt>
   <trkpt lat="45.923901" lon="11.321731"><ele>1364.2</ele></trkpt>
   <trkpt lat="45.923844" lon="11.321819"><ele>1363.0</ele></trkpt>
   <trkpt lat="45.923784" lon="11.321893"><ele>1362.0</ele></trkpt>
   <trkpt lat="45.923687" lon="11.321988"><ele>1360.4</ele></trkpt>
   <trkpt lat="45.923586" lon="11.322071"><ele>1359.4</ele></trkpt>
   <trkpt lat="45.923490" lon="11.322158"><ele>1358.0</ele></trkpt>
   <trkpt lat="45.923354" lon="11.322280"><ele>1356.6</ele></trkpt>
   <trkpt lat="45.923211" lon="11.322434"><ele>1355.6</ele></trkpt>
   <trkpt lat="45.923065" lon="11.322609"><ele>1354.6</ele></trkpt>
   <trkpt lat="45.922918" lon="11.322807"><ele>1353.8</ele></trkpt>
   <trkpt lat="45.922846" lon="11.322852"><ele>1353.6</ele></trkpt>
   <trkpt lat="45.922679" lon="11.322996"><ele>1353.0</ele></trkpt>
   <trkpt lat="45.922585" lon="11.323077"><ele>1352.2</ele></trkpt>
   <trkpt lat="45.922455" lon="11.323262"><ele>1351.2</ele></trkpt>
   <trkpt lat="45.922342" lon="11.323391"><ele>1350.0</ele></trkpt>
   <trkpt lat="45.922159" lon="11.323572"><ele>1349.0</ele></trkpt>
   <trkpt lat="45.922123" lon="11.323604"><ele>1348.8</ele></trkpt>
   <trkpt lat="45.921988" lon="11.323766"><ele>1347.6</ele></trkpt>
   <trkpt lat="45.921831" lon="11.323964"><ele>1347.2</ele></trkpt>
   <trkpt lat="45.921762" lon="11.324121"><ele>1346.8</ele></trkpt>
   <trkpt lat="45.921730" lon="11.324170"><ele>1346.6</ele></trkpt>
   <trkpt lat="45.921654" lon="11.324279"><ele>1346.4</ele></trkpt>
   <trkpt lat="45.921650" lon="11.324290"><ele>1346.2</ele></trkpt>
   <trkpt lat="45.921646" lon="11.324300"><ele>1346.0</ele></trkpt>
  </trkseg>
 </trk>
</gpx>
