<?xml version="1.0" encoding="UTF-8"?>
<gpx version="1.1" creator="Muflones Trail Running Club" xmlns="http://www.topografix.com/GPX/1/1">
 <metadata>
  <name>Marzola allungato 30k</name>
  <author><name>Matteo Valagussa</name></author>
  <link href="https://muflones.github.io"><text>Muflones Trail Running Club</text></link>
 </metadata>
 <trk><name>Marzola allungato 30k</name>
  <trkseg>
   <trkpt lat="46.006668" lon="11.191293"><ele>728.4</ele></trkpt>
   <trkpt lat="46.006674" lon="11.191271"><ele>728.5</ele></trkpt>
   <trkpt lat="46.006674" lon="11.190646"><ele>732.8</ele></trkpt>
   <trkpt lat="46.006700" lon="11.190459"><ele>733.4</ele></trkpt>
   <trkpt lat="46.006776" lon="11.189896"><ele>735.0</ele></trkpt>
   <trkpt lat="46.006852" lon="11.189333"><ele>735.9</ele></trkpt>
   <trkpt lat="46.006888" lon="11.188841"><ele>734.9</ele></trkpt>
   <trkpt lat="46.006923" lon="11.188505"><ele>735.4</ele></trkpt>
   <trkpt lat="46.006958" lon="11.188168"><ele>736.9</ele></trkpt>
   <trkpt lat="46.007045" lon="11.187842"><ele>738.1</ele></trkpt>
   <trkpt lat="46.007098" lon="11.187647"><ele>739.1</ele></trkpt>
   <trkpt lat="46.007154" lon="11.187386"><ele>741.1</ele></trkpt>
   <trkpt lat="46.007199" lon="11.187269"><ele>742.3</ele></trkpt>
   <trkpt lat="46.007274" lon="11.187070"><ele>743.2</ele></trkpt>
   <trkpt lat="46.007360" lon="11.186770"><ele>746.1</ele></trkpt>
   <trkpt lat="46.007418" lon="11.186533"><ele>747.6</ele></trkpt>
   <trkpt lat="46.007466" lon="11.186187"><ele>751.5</ele></trkpt>
   <trkpt lat="46.007495" lon="11.185944"><ele>753.5</ele></trkpt>
   <trkpt lat="46.007518" lon="11.185751"><ele>754.6</ele></trkpt>
   <trkpt lat="46.007588" lon="11.185343"><ele>759.1</ele></trkpt>
   <trkpt lat="46.007658" lon="11.184936"><ele>761.0</ele></trkpt>
   <trkpt lat="46.007729" lon="11.184743"><ele>761.4</ele></trkpt>
   <trkpt lat="46.007812" lon="11.184645"><ele>762.3</ele></trkpt>
   <trkpt lat="46.007912" lon="11.184534"><ele>762.2</ele></trkpt>
   <trkpt lat="46.007995" lon="11.184423"><ele>762.5</ele></trkpt>
   <trkpt lat="46.008088" lon="11.184189"><ele>763.7</ele></trkpt>
   <trkpt lat="46.008149" lon="11.183970"><ele>765.2</ele></trkpt>
   <trkpt lat="46.008200" lon="11.183888"><ele>765.0</ele></trkpt>
   <trkpt lat="46.008276" lon="11.183822"><ele>765.4</ele></trkpt>
   <trkpt lat="46.008486" lon="11.183656"><ele>766.6</ele></trkpt>
   <trkpt lat="46.008612" lon="11.183516"><ele>767.3</ele></trkpt>
   <trkpt lat="46.008683" lon="11.183364"><ele>767.6</ele></trkpt>
   <trkpt lat="46.008698" lon="11.183241"><ele>767.6</ele></trkpt>
   <trkpt lat="46.008697" lon="11.183111"><ele>767.7</ele></trkpt>
   <trkpt lat="46.008678" lon="11.183000"><ele>767.9</ele></trkpt>
   <trkpt lat="46.008635" lon="11.182907"><ele>768.0</ele></trkpt>
   <trkpt lat="46.008462" lon="11.182678"><ele>769.0</ele></trkpt>
   <trkpt lat="46.008290" lon="11.182449"><ele>770.1</ele></trkpt>
   <trkpt lat="46.008183" lon="11.182333"><ele>771.0</ele></trkpt>
   <trkpt lat="46.008041" lon="11.182176"><ele>772.8</ele></trkpt>
   <trkpt lat="46.007930" lon="11.182085"><ele>773.3</ele></trkpt>
   <trkpt lat="46.007894" lon="11.182036"><ele>773.8</ele></trkpt>
   <trkpt lat="46.007870" lon="11.181956"><ele>774.6</ele></trkpt>
   <trkpt lat="46.007869" lon="11.181888"><ele>775.0</ele></trkpt>
   <trkpt lat="46.007900" lon="11.181769"><ele>775.6</ele></trkpt>
   <trkpt lat="46.008024" lon="11.181494"><ele>778.7</ele></trkpt>
   <trkpt lat="46.008148" lon="11.181219"><ele>780.9</ele></trkpt>
   <trkpt lat="46.008201" lon="11.181066"><ele>781.6</ele></trkpt>
   <trkpt lat="46.008238" lon="11.180912"><ele>782.5</ele></trkpt>
   <trkpt lat="46.008276" lon="11.180696"><ele>784.7</ele></trkpt>
   <trkpt lat="46.008350" lon="11.180088"><ele>789.7</ele></trkpt>
   <trkpt lat="46.008441" lon="11.179733"><ele>795.2</ele></trkpt>
   <trkpt lat="46.008542" lon="11.179345"><ele>800.3</ele></trkpt>
   <trkpt lat="46.008575" lon="11.179184"><ele>803.6</ele></trkpt>
   <trkpt lat="46.008602" lon="11.178805"><ele>809.3</ele></trkpt>
   <trkpt lat="46.008651" lon="11.178575"><ele>810.3</ele></trkpt>
   <trkpt lat="46.008719" lon="11.178311"><ele>811.8</ele></trkpt>
   <trkpt lat="46.008845" lon="11.177885"><ele>815.1</ele></trkpt>
   <trkpt lat="46.008901" lon="11.177740"><ele>817.1</ele></trkpt>
   <trkpt lat="46.008985" lon="11.177493"><ele>820.1</ele></trkpt>
   <trkpt lat="46.009025" lon="11.177336"><ele>821.6</ele></trkpt>
   <trkpt lat="46.009073" lon="11.177197"><ele>822.3</ele></trkpt>
   <trkpt lat="46.009237" lon="11.176954"><ele>823.5</ele></trkpt>
   <trkpt lat="46.009361" lon="11.176809"><ele>824.0</ele></trkpt>
   <trkpt lat="46.009449" lon="11.176616"><ele>823.0</ele></trkpt>
   <trkpt lat="46.009563" lon="11.176666"><ele>828.2</ele></trkpt>
   <trkpt lat="46.009713" lon="11.176631"><ele>835.6</ele></trkpt>
   <trkpt lat="46.009854" lon="11.176401"><ele>837.6</ele></trkpt>
   <trkpt lat="46.010159" lon="11.176190"><ele>851.2</ele></trkpt>
   <trkpt lat="46.010303" lon="11.176209"><ele>856.3</ele></trkpt>
   <trkpt lat="46.010414" lon="11.176311"><ele>864.4</ele></trkpt>
   <trkpt lat="46.010568" lon="11.176202"><ele>872.0</ele></trkpt>
   <trkpt lat="46.010751" lon="11.175902"><ele>884.4</ele></trkpt>
   <trkpt lat="46.010849" lon="11.175934"><ele>888.8</ele></trkpt>
   <trkpt lat="46.011128" lon="11.175500"><ele>902.0</ele></trkpt>
   <trkpt lat="46.011115" lon="11.175334"><ele>902.3</ele></trkpt>
   <trkpt lat="46.011133" lon="11.175288"><ele>903.9</ele></trkpt>
   <trkpt lat="46.011178" lon="11.175229"><ele>906.7</ele></trkpt>
   <trkpt lat="46.011199" lon="11.175366"><ele>907.2</ele></trkpt>
   <trkpt lat="46.011262" lon="11.175823"><ele>910.1</ele></trkpt>
   <trkpt lat="46.011309" lon="11.175963"><ele>913.2</ele></trkpt>
   <trkpt lat="46.011384" lon="11.176305"><ele>916.5</ele></trkpt>
   <trkpt lat="46.011459" lon="11.176647"><ele>917.3</ele></trkpt>
   <trkpt lat="46.011593" lon="11.176985"><ele>921.6</ele></trkpt>
   <trkpt lat="46.011629" lon="11.177143"><ele>922.5</ele></trkpt>
   <trkpt lat="46.011651" lon="11.177263"><ele>923.4</ele></trkpt>
   <trkpt lat="46.011662" lon="11.177499"><ele>923.1</ele></trkpt>
   <trkpt lat="46.011792" lon="11.177848"><ele>924.1</ele></trkpt>
   <trkpt lat="46.011831" lon="11.178099"><ele>926.6</ele></trkpt>
   <trkpt lat="46.011772" lon="11.178310"><ele>929.5</ele></trkpt>
   <trkpt lat="46.011675" lon="11.178517"><ele>930.5</ele></trkpt>
   <trkpt lat="46.011695" lon="11.178739"><ele>931.6</ele></trkpt>
   <trkpt lat="46.011697" lon="11.178937"><ele>929.2</ele></trkpt>
   <trkpt lat="46.011670" lon="11.179093"><ele>929.2</ele></trkpt>
   <trkpt lat="46.011524" lon="11.179230"><ele>930.1</ele></trkpt>
   <trkpt lat="46.011315" lon="11.179377"><ele>929.8</ele></trkpt>
   <trkpt lat="46.011151" lon="11.179462"><ele>929.4</ele></trkpt>
   <trkpt lat="46.010962" lon="11.179698"><ele>930.7</ele></trkpt>
   <trkpt lat="46.010907" lon="11.179788"><ele>930.5</ele></trkpt>
   <trkpt lat="46.010869" lon="11.179910"><ele>930.8</ele></trkpt>
   <trkpt lat="46.010848" lon="11.179977"><ele>930.9</ele></trkpt>
   <trkpt lat="46.011007" lon="11.180189"><ele>933.1</ele></trkpt>
   <trkpt lat="46.011189" lon="11.180463"><ele>935.3</ele></trkpt>
   <trkpt lat="46.011274" lon="11.180630"><ele>936.9</ele></trkpt>
   <trkpt lat="46.011368" lon="11.180717"><ele>938.6</ele></trkpt>
   <trkpt lat="46.011451" lon="11.180757"><ele>938.9</ele></trkpt>
   <trkpt lat="46.011517" lon="11.180744"><ele>939.7</ele></trkpt>
   <trkpt lat="46.011588" lon="11.180681"><ele>942.1</ele></trkpt>
   <trkpt lat="46.011638" lon="11.180640"><ele>943.7</ele></trkpt>
   <trkpt lat="46.011637" lon="11.180512"><ele>945.0</ele></trkpt>
   <trkpt lat="46.011629" lon="11.180380"><ele>946.1</ele></trkpt>
   <trkpt lat="46.011689" lon="11.180343"><ele>947.5</ele></trkpt>
   <trkpt lat="46.011728" lon="11.180292"><ele>948.4</ele></trkpt>
   <trkpt lat="46.011731" lon="11.180196"><ele>948.6</ele></trkpt>
   <trkpt lat="46.011761" lon="11.180301"><ele>949.0</ele></trkpt>
   <trkpt lat="46.011887" lon="11.180450"><ele>950.9</ele></trkpt>
   <trkpt lat="46.011962" lon="11.180540"><ele>952.2</ele></trkpt>
   <trkpt lat="46.012059" lon="11.180719"><ele>953.7</ele></trkpt>
   <trkpt lat="46.012083" lon="11.180996"><ele>955.9</ele></trkpt>
   <trkpt lat="46.012129" lon="11.181056"><ele>957.0</ele></trkpt>
   <trkpt lat="46.012207" lon="11.181177"><ele>957.7</ele></trkpt>
   <trkpt lat="46.012307" lon="11.181262"><ele>960.1</ele></trkpt>
   <trkpt lat="46.012474" lon="11.181770"><ele>965.1</ele></trkpt>
   <trkpt lat="46.012440" lon="11.181911"><ele>964.3</ele></trkpt>
   <trkpt lat="46.012419" lon="11.182077"><ele>965.6</ele></trkpt>
   <trkpt lat="46.012512" lon="11.182508"><ele>970.1</ele></trkpt>
   <trkpt lat="46.012642" lon="11.182939"><ele>972.7</ele></trkpt>
   <trkpt lat="46.012817" lon="11.182994"><ele>980.8</ele></trkpt>
   <trkpt lat="46.012958" lon="11.183262"><ele>979.9</ele></trkpt>
   <trkpt lat="46.013044" lon="11.183494"><ele>981.3</ele></trkpt>
   <trkpt lat="46.013062" lon="11.183727"><ele>981.3</ele></trkpt>
   <trkpt lat="46.013054" lon="11.183978"><ele>983.2</ele></trkpt>
   <trkpt lat="46.013086" lon="11.184434"><ele>985.0</ele></trkpt>
   <trkpt lat="46.013101" lon="11.184718"><ele>987.9</ele></trkpt>
   <trkpt lat="46.013097" lon="11.185008"><ele>991.7</ele></trkpt>
   <trkpt lat="46.013001" lon="11.185233"><ele>992.4</ele></trkpt>
   <trkpt lat="46.012983" lon="11.185591"><ele>997.8</ele></trkpt>
   <trkpt lat="46.012879" lon="11.185754"><ele>997.0</ele></trkpt>
   <trkpt lat="46.012701" lon="11.185911"><ele>999.4</ele></trkpt>
   <trkpt lat="46.012614" lon="11.186039"><ele>1000.8</ele></trkpt>
   <trkpt lat="46.012579" lon="11.186133"><ele>1000.7</ele></trkpt>
   <trkpt lat="46.012635" lon="11.186294"><ele>1002.6</ele></trkpt>
   <trkpt lat="46.012678" lon="11.186429"><ele>1003.0</ele></trkpt>
   <trkpt lat="46.012717" lon="11.186529"><ele>1004.3</ele></trkpt>
   <trkpt lat="46.012738" lon="11.186690"><ele>1006.0</ele></trkpt>
   <trkpt lat="46.012788" lon="11.187206"><ele>1010.6</ele></trkpt>
   <trkpt lat="46.012804" lon="11.187540"><ele>1014.1</ele></trkpt>
   <trkpt lat="46.012873" lon="11.187861"><ele>1016.5</ele></trkpt>
   <trkpt lat="46.012974" lon="11.188142"><ele>1017.6</ele></trkpt>
   <trkpt lat="46.013135" lon="11.188413"><ele>1019.7</ele></trkpt>
   <trkpt lat="46.013261" lon="11.188600"><ele>1020.7</ele></trkpt>
   <trkpt lat="46.013398" lon="11.188729"><ele>1022.3</ele></trkpt>
   <trkpt lat="46.013604" lon="11.188869"><ele>1026.1</ele></trkpt>
   <trkpt lat="46.013810" lon="11.189008"><ele>1027.2</ele></trkpt>
   <trkpt lat="46.014040" lon="11.189088"><ele>1030.3</ele></trkpt>
   <trkpt lat="46.014270" lon="11.189169"><ele>1031.9</ele></trkpt>
   <trkpt lat="46.014638" lon="11.189193"><ele>1034.2</ele></trkpt>
   <trkpt lat="46.014657" lon="11.189194"><ele>1034.3</ele></trkpt>
   <trkpt lat="46.014761" lon="11.189179"><ele>1035.9</ele></trkpt>
   <trkpt lat="46.014936" lon="11.189154"><ele>1037.1</ele></trkpt>
   <trkpt lat="46.015285" lon="11.188995"><ele>1041.2</ele></trkpt>
   <trkpt lat="46.015634" lon="11.188776"><ele>1045.8</ele></trkpt>
   <trkpt lat="46.015983" lon="11.188558"><ele>1051.3</ele></trkpt>
   <trkpt lat="46.016212" lon="11.188452"><ele>1052.7</ele></trkpt>
   <trkpt lat="46.016441" lon="11.188346"><ele>1058.7</ele></trkpt>
   <trkpt lat="46.016789" lon="11.188161"><ele>1059.9</ele></trkpt>
   <trkpt lat="46.016952" lon="11.188271"><ele>1060.8</ele></trkpt>
   <trkpt lat="46.017011" lon="11.188552"><ele>1065.6</ele></trkpt>
   <trkpt lat="46.016959" lon="11.188863"><ele>1064.3</ele></trkpt>
   <trkpt lat="46.016930" lon="11.189074"><ele>1063.0</ele></trkpt>
   <trkpt lat="46.016971" lon="11.189168"><ele>1064.0</ele></trkpt>
   <trkpt lat="46.017017" lon="11.189219"><ele>1064.2</ele></trkpt>
   <trkpt lat="46.017188" lon="11.189259"><ele>1065.7</ele></trkpt>
   <trkpt lat="46.017324" lon="11.189218"><ele>1068.6</ele></trkpt>
   <trkpt lat="46.017548" lon="11.189108"><ele>1070.7</ele></trkpt>
   <trkpt lat="46.017709" lon="11.188909"><ele>1074.0</ele></trkpt>
   <trkpt lat="46.017851" lon="11.188850"><ele>1074.8</ele></trkpt>
   <trkpt lat="46.018038" lon="11.188886"><ele>1076.9</ele></trkpt>
   <trkpt lat="46.018256" lon="11.189137"><ele>1077.4</ele></trkpt>
   <trkpt lat="46.018430" lon="11.189433"><ele>1080.4</ele></trkpt>
   <trkpt lat="46.018490" lon="11.189922"><ele>1082.9</ele></trkpt>
   <trkpt lat="46.018591" lon="11.190210"><ele>1083.6</ele></trkpt>
   <trkpt lat="46.018756" lon="11.190554"><ele>1086.5</ele></trkpt>
   <trkpt lat="46.018882" lon="11.190966"><ele>1091.3</ele></trkpt>
   <trkpt lat="46.018791" lon="11.191124"><ele>1090.1</ele></trkpt>
   <trkpt lat="46.018711" lon="11.191370"><ele>1089.7</ele></trkpt>
   <trkpt lat="46.018935" lon="11.191620"><ele>1098.7</ele></trkpt>
   <trkpt lat="46.018901" lon="11.191829"><ele>1097.7</ele></trkpt>
   <trkpt lat="46.018862" lon="11.191982"><ele>1096.7</ele></trkpt>
   <trkpt lat="46.018881" lon="11.192156"><ele>1097.3</ele></trkpt>
   <trkpt lat="46.019070" lon="11.192256"><ele>1101.5</ele></trkpt>
   <trkpt lat="46.019359" lon="11.192266"><ele>1100.5</ele></trkpt>
   <trkpt lat="46.019575" lon="11.192135"><ele>1103.5</ele></trkpt>
   <trkpt lat="46.019907" lon="11.192212"><ele>1102.5</ele></trkpt>
   <trkpt lat="46.020093" lon="11.192145"><ele>1102.6</ele></trkpt>
   <trkpt lat="46.020270" lon="11.191940"><ele>1106.4</ele></trkpt>
   <trkpt lat="46.020679" lon="11.191715"><ele>1108.4</ele></trkpt>
   <trkpt lat="46.020822" lon="11.191555"><ele>1109.0</ele></trkpt>
   <trkpt lat="46.020985" lon="11.191454"><ele>1110.4</ele></trkpt>
   <trkpt lat="46.021093" lon="11.191452"><ele>1110.3</ele></trkpt>
   <trkpt lat="46.021211" lon="11.191512"><ele>1111.1</ele></trkpt>
   <trkpt lat="46.021224" lon="11.191675"><ele>1111.1</ele></trkpt>
   <trkpt lat="46.021226" lon="11.191886"><ele>1111.3</ele></trkpt>
   <trkpt lat="46.021254" lon="11.192345"><ele>1108.5</ele></trkpt>
   <trkpt lat="46.021409" lon="11.192422"><ele>1110.8</ele></trkpt>
   <trkpt lat="46.021622" lon="11.192434"><ele>1112.6</ele></trkpt>
   <trkpt lat="46.021704" lon="11.192540"><ele>1113.3</ele></trkpt>
   <trkpt lat="46.021820" lon="11.192618"><ele>1113.7</ele></trkpt>
   <trkpt lat="46.021898" lon="11.192587"><ele>1114.4</ele></trkpt>
   <trkpt lat="46.021970" lon="11.192395"><ele>1115.3</ele></trkpt>
   <trkpt lat="46.022061" lon="11.191981"><ele>1121.3</ele></trkpt>
   <trkpt lat="46.022271" lon="11.191783"><ele>1124.1</ele></trkpt>
   <trkpt lat="46.022406" lon="11.191888"><ele>1118.0</ele></trkpt>
   <trkpt lat="46.022715" lon="11.191911"><ele>1117.1</ele></trkpt>
   <trkpt lat="46.022881" lon="11.191802"><ele>1121.3</ele></trkpt>
   <trkpt lat="46.022966" lon="11.191983"><ele>1116.3</ele></trkpt>
   <trkpt lat="46.023316" lon="11.192312"><ele>1113.6</ele></trkpt>
   <trkpt lat="46.023363" lon="11.192440"><ele>1112.3</ele></trkpt>
   <trkpt lat="46.023408" lon="11.192829"><ele>1110.7</ele></trkpt>
   <trkpt lat="46.023480" lon="11.193033"><ele>1113.9</ele></trkpt>
   <trkpt lat="46.023474" lon="11.193277"><ele>1115.0</ele></trkpt>
   <trkpt lat="46.023448" lon="11.193571"><ele>1113.9</ele></trkpt>
   <trkpt lat="46.023545" lon="11.193729"><ele>1115.6</ele></trkpt>
   <trkpt lat="46.023652" lon="11.193903"><ele>1115.1</ele></trkpt>
   <trkpt lat="46.023801" lon="11.194234"><ele>1120.7</ele></trkpt>
   <trkpt lat="46.023754" lon="11.194497"><ele>1117.8</ele></trkpt>
   <trkpt lat="46.023561" lon="11.194967"><ele>1123.8</ele></trkpt>
   <trkpt lat="46.023639" lon="11.195095"><ele>1122.8</ele></trkpt>
   <trkpt lat="46.023710" lon="11.195193"><ele>1122.2</ele></trkpt>
   <trkpt lat="46.023796" lon="11.195329"><ele>1123.1</ele></trkpt>
   <trkpt lat="46.023835" lon="11.195488"><ele>1124.0</ele></trkpt>
   <trkpt lat="46.023842" lon="11.195503"><ele>1124.1</ele></trkpt>
   <trkpt lat="46.023932" lon="11.195679"><ele>1125.2</ele></trkpt>
   <trkpt lat="46.024074" lon="11.195745"><ele>1127.1</ele></trkpt>
   <trkpt lat="46.024303" lon="11.195874"><ele>1124.8</ele></trkpt>
   <trkpt lat="46.024463" lon="11.195822"><ele>1133.0</ele></trkpt>
   <trkpt lat="46.024488" lon="11.195970"><ele>1132.2</ele></trkpt>
   <trkpt lat="46.024611" lon="11.195954"><ele>1133.5</ele></trkpt>
   <trkpt lat="46.024768" lon="11.195832"><ele>1135.8</ele></trkpt>
   <trkpt lat="46.024905" lon="11.195768"><ele>1132.8</ele></trkpt>
   <trkpt lat="46.025026" lon="11.195788"><ele>1129.5</ele></trkpt>
   <trkpt lat="46.025199" lon="11.195908"><ele>1129.8</ele></trkpt>
   <trkpt lat="46.025564" lon="11.196164"><ele>1136.5</ele></trkpt>
   <trkpt lat="46.025725" lon="11.196372"><ele>1137.7</ele></trkpt>
   <trkpt lat="46.025945" lon="11.196421"><ele>1138.5</ele></trkpt>
   <trkpt lat="46.026107" lon="11.196509"><ele>1136.8</ele></trkpt>
   <trkpt lat="46.026200" lon="11.196507"><ele>1141.0</ele></trkpt>
   <trkpt lat="46.026285" lon="11.196619"><ele>1145.6</ele></trkpt>
   <trkpt lat="46.026483" lon="11.196766"><ele>1154.2</ele></trkpt>
   <trkpt lat="46.026635" lon="11.196961"><ele>1151.3</ele></trkpt>
   <trkpt lat="46.026888" lon="11.196978"><ele>1156.7</ele></trkpt>
   <trkpt lat="46.027051" lon="11.197089"><ele>1157.4</ele></trkpt>
   <trkpt lat="46.027355" lon="11.197361"><ele>1164.2</ele></trkpt>
   <trkpt lat="46.027406" lon="11.197433"><ele>1164.7</ele></trkpt>
   <trkpt lat="46.027619" lon="11.197810"><ele>1165.8</ele></trkpt>
   <trkpt lat="46.027669" lon="11.197923"><ele>1167.8</ele></trkpt>
   <trkpt lat="46.027759" lon="11.198129"><ele>1167.4</ele></trkpt>
   <trkpt lat="46.027962" lon="11.198271"><ele>1169.1</ele></trkpt>
   <trkpt lat="46.028028" lon="11.198292"><ele>1170.4</ele></trkpt>
   <trkpt lat="46.028128" lon="11.198294"><ele>1172.9</ele></trkpt>
   <trkpt lat="46.028257" lon="11.198300"><ele>1175.8</ele></trkpt>
   <trkpt lat="46.028452" lon="11.198263"><ele>1178.2</ele></trkpt>
   <trkpt lat="46.028566" lon="11.198268"><ele>1180.6</ele></trkpt>
   <trkpt lat="46.028702" lon="11.198295"><ele>1183.6</ele></trkpt>
   <trkpt lat="46.028821" lon="11.198265"><ele>1185.1</ele></trkpt>
   <trkpt lat="46.028916" lon="11.198283"><ele>1186.3</ele></trkpt>
   <trkpt lat="46.029031" lon="11.198330"><ele>1187.6</ele></trkpt>
   <trkpt lat="46.029110" lon="11.198362"><ele>1187.2</ele></trkpt>
   <trkpt lat="46.029190" lon="11.198453"><ele>1185.0</ele></trkpt>
   <trkpt lat="46.029370" lon="11.198587"><ele>1185.1</ele></trkpt>
   <trkpt lat="46.029573" lon="11.198652"><ele>1186.8</ele></trkpt>
   <trkpt lat="46.029845" lon="11.198823"><ele>1188.0</ele></trkpt>
   <trkpt lat="46.029953" lon="11.198888"><ele>1189.2</ele></trkpt>
   <trkpt lat="46.030002" lon="11.198941"><ele>1189.6</ele></trkpt>
   <trkpt lat="46.030048" lon="11.199019"><ele>1190.2</ele></trkpt>
   <trkpt lat="46.030124" lon="11.199222"><ele>1192.2</ele></trkpt>
   <trkpt lat="46.030188" lon="11.199274"><ele>1193.8</ele></trkpt>
   <trkpt lat="46.030279" lon="11.199253"><ele>1195.4</ele></trkpt>
   <trkpt lat="46.030365" lon="11.199178"><ele>1196.3</ele></trkpt>
   <trkpt lat="46.030424" lon="11.198990"><ele>1198.1</ele></trkpt>
   <trkpt lat="46.030474" lon="11.198917"><ele>1199.0</ele></trkpt>
   <trkpt lat="46.030510" lon="11.199182"><ele>1197.2</ele></trkpt>
   <trkpt lat="46.030488" lon="11.199450"><ele>1197.0</ele></trkpt>
   <trkpt lat="46.030458" lon="11.199600"><ele>1197.9</ele></trkpt>
   <trkpt lat="46.030458" lon="11.199718"><ele>1196.1</ele></trkpt>
   <trkpt lat="46.030510" lon="11.199847"><ele>1191.4</ele></trkpt>
   <trkpt lat="46.030533" lon="11.200030"><ele>1188.6</ele></trkpt>
   <trkpt lat="46.030502" lon="11.200212"><ele>1188.3</ele></trkpt>
   <trkpt lat="46.030539" lon="11.200303"><ele>1186.6</ele></trkpt>
   <trkpt lat="46.030568" lon="11.200429"><ele>1184.6</ele></trkpt>
   <trkpt lat="46.030567" lon="11.200557"><ele>1183.8</ele></trkpt>
   <trkpt lat="46.030520" lon="11.200704"><ele>1183.6</ele></trkpt>
   <trkpt lat="46.030530" lon="11.200810"><ele>1182.1</ele></trkpt>
   <trkpt lat="46.030654" lon="11.200951"><ele>1178.5</ele></trkpt>
   <trkpt lat="46.030685" lon="11.201124"><ele>1175.4</ele></trkpt>
   <trkpt lat="46.030744" lon="11.201304"><ele>1171.3</ele></trkpt>
   <trkpt lat="46.030787" lon="11.201455"><ele>1168.0</ele></trkpt>
   <trkpt lat="46.030805" lon="11.201760"><ele>1163.1</ele></trkpt>
   <trkpt lat="46.030887" lon="11.201930"><ele>1160.1</ele></trkpt>
   <trkpt lat="46.031001" lon="11.202251"><ele>1154.6</ele></trkpt>
   <trkpt lat="46.031055" lon="11.202412"><ele>1152.0</ele></trkpt>
   <trkpt lat="46.031057" lon="11.202408"><ele>1152.0</ele></trkpt>
   <trkpt lat="46.031077" lon="11.202387"><ele>1152.1</ele></trkpt>
   <trkpt lat="46.031077" lon="11.202388"><ele>1152.1</ele></trkpt>
   <trkpt lat="46.031057" lon="11.202408"><ele>1152.0</ele></trkpt>
   <trkpt lat="46.031184" lon="11.202537"><ele>1148.6</ele></trkpt>
   <trkpt lat="46.031225" lon="11.202682"><ele>1146.4</ele></trkpt>
   <trkpt lat="46.031298" lon="11.202744"><ele>1144.6</ele></trkpt>
   <trkpt lat="46.031345" lon="11.202822"><ele>1142.7</ele></trkpt>
   <trkpt lat="46.031426" lon="11.202873"><ele>1140.2</ele></trkpt>
   <trkpt lat="46.031492" lon="11.202959"><ele>1137.2</ele></trkpt>
   <trkpt lat="46.031590" lon="11.203039"><ele>1135.1</ele></trkpt>
   <trkpt lat="46.031752" lon="11.203232"><ele>1128.9</ele></trkpt>
   <trkpt lat="46.031856" lon="11.203175"><ele>1128.4</ele></trkpt>
   <trkpt lat="46.031881" lon="11.203205"><ele>1127.8</ele></trkpt>
   <trkpt lat="46.031913" lon="11.203200"><ele>1127.4</ele></trkpt>
   <trkpt lat="46.031946" lon="11.203193"><ele>1126.8</ele></trkpt>
   <trkpt lat="46.031987" lon="11.203143"><ele>1126.1</ele></trkpt>
   <trkpt lat="46.032121" lon="11.203009"><ele>1124.1</ele></trkpt>
   <trkpt lat="46.032171" lon="11.202991"><ele>1123.1</ele></trkpt>
   <trkpt lat="46.032281" lon="11.202933"><ele>1120.7</ele></trkpt>
   <trkpt lat="46.032449" lon="11.202859"><ele>1118.7</ele></trkpt>
   <trkpt lat="46.032510" lon="11.202808"><ele>1118.0</ele></trkpt>
   <trkpt lat="46.032534" lon="11.202770"><ele>1117.5</ele></trkpt>
   <trkpt lat="46.032564" lon="11.202686"><ele>1116.3</ele></trkpt>
   <trkpt lat="46.032583" lon="11.202576"><ele>1114.8</ele></trkpt>
   <trkpt lat="46.032607" lon="11.202566"><ele>1113.9</ele></trkpt>
   <trkpt lat="46.032635" lon="11.202566"><ele>1112.9</ele></trkpt>
   <trkpt lat="46.032662" lon="11.202587"><ele>1112.2</ele></trkpt>
   <trkpt lat="46.032673" lon="11.202647"><ele>1112.0</ele></trkpt>
   <trkpt lat="46.032672" lon="11.202790"><ele>1111.6</ele></trkpt>
   <trkpt lat="46.032714" lon="11.203073"><ele>1109.2</ele></trkpt>
   <trkpt lat="46.032756" lon="11.203228"><ele>1106.9</ele></trkpt>
   <trkpt lat="46.032765" lon="11.203316"><ele>1106.0</ele></trkpt>
   <trkpt lat="46.032756" lon="11.203422"><ele>1105.1</ele></trkpt>
   <trkpt lat="46.032721" lon="11.203610"><ele>1103.8</ele></trkpt>
   <trkpt lat="46.032711" lon="11.203697"><ele>1102.6</ele></trkpt>
   <trkpt lat="46.032629" lon="11.203944"><ele>1100.1</ele></trkpt>
   <trkpt lat="46.032542" lon="11.204137"><ele>1097.8</ele></trkpt>
   <trkpt lat="46.032459" lon="11.204337"><ele>1095.8</ele></trkpt>
   <trkpt lat="46.032415" lon="11.204463"><ele>1094.6</ele></trkpt>
   <trkpt lat="46.032311" lon="11.204636"><ele>1092.7</ele></trkpt>
   <trkpt lat="46.032261" lon="11.204697"><ele>1091.4</ele></trkpt>
   <trkpt lat="46.032212" lon="11.204763"><ele>1090.2</ele></trkpt>
   <trkpt lat="46.032173" lon="11.204905"><ele>1089.0</ele></trkpt>
   <trkpt lat="46.032174" lon="11.204997"><ele>1088.9</ele></trkpt>
   <trkpt lat="46.032199" lon="11.205199"><ele>1087.3</ele></trkpt>
   <trkpt lat="46.032203" lon="11.205434"><ele>1085.9</ele></trkpt>
   <trkpt lat="46.032191" lon="11.205552"><ele>1085.3</ele></trkpt>
   <trkpt lat="46.032179" lon="11.205609"><ele>1085.1</ele></trkpt>
   <trkpt lat="46.032124" lon="11.205780"><ele>1084.5</ele></trkpt>
   <trkpt lat="46.032081" lon="11.205906"><ele>1083.8</ele></trkpt>
   <trkpt lat="46.032039" lon="11.206067"><ele>1082.9</ele></trkpt>
   <trkpt lat="46.031973" lon="11.206370"><ele>1081.0</ele></trkpt>
   <trkpt lat="46.031864" lon="11.206826"><ele>1079.0</ele></trkpt>
   <trkpt lat="46.031775" lon="11.207134"><ele>1076.6</ele></trkpt>
   <trkpt lat="46.031720" lon="11.207291"><ele>1075.9</ele></trkpt>
   <trkpt lat="46.031695" lon="11.207397"><ele>1075.1</ele></trkpt>
   <trkpt lat="46.031690" lon="11.207498"><ele>1074.2</ele></trkpt>
   <trkpt lat="46.031694" lon="11.207606"><ele>1073.4</ele></trkpt>
   <trkpt lat="46.031725" lon="11.207719"><ele>1072.2</ele></trkpt>
   <trkpt lat="46.031746" lon="11.207782"><ele>1071.6</ele></trkpt>
   <trkpt lat="46.031780" lon="11.207830"><ele>1071.3</ele></trkpt>
   <trkpt lat="46.031881" lon="11.207934"><ele>1071.1</ele></trkpt>
   <trkpt lat="46.032001" lon="11.208060"><ele>1070.4</ele></trkpt>
   <trkpt lat="46.032050" lon="11.208162"><ele>1070.2</ele></trkpt>
   <trkpt lat="46.032103" lon="11.208265"><ele>1069.4</ele></trkpt>
   <trkpt lat="46.032225" lon="11.208521"><ele>1067.4</ele></trkpt>
   <trkpt lat="46.032242" lon="11.208599"><ele>1067.0</ele></trkpt>
   <trkpt lat="46.032258" lon="11.208701"><ele>1066.3</ele></trkpt>
   <trkpt lat="46.032259" lon="11.208813"><ele>1065.7</ele></trkpt>
   <trkpt lat="46.032244" lon="11.209032"><ele>1064.1</ele></trkpt>
   <trkpt lat="46.032246" lon="11.209059"><ele>1063.9</ele></trkpt>
   <trkpt lat="46.032248" lon="11.209104"><ele>1063.5</ele></trkpt>
   <trkpt lat="46.032284" lon="11.209151"><ele>1062.7</ele></trkpt>
   <trkpt lat="46.032326" lon="11.209162"><ele>1062.0</ele></trkpt>
   <trkpt lat="46.032361" lon="11.209157"><ele>1061.6</ele></trkpt>
   <trkpt lat="46.032413" lon="11.209135"><ele>1061.0</ele></trkpt>
   <trkpt lat="46.032461" lon="11.209090"><ele>1060.5</ele></trkpt>
   <trkpt lat="46.032683" lon="11.208843"><ele>1057.6</ele></trkpt>
   <trkpt lat="46.032792" lon="11.208722"><ele>1056.0</ele></trkpt>
   <trkpt lat="46.032894" lon="11.208628"><ele>1054.5</ele></trkpt>
   <trkpt lat="46.032956" lon="11.208552"><ele>1053.5</ele></trkpt>
   <trkpt lat="46.032991" lon="11.208493"><ele>1052.7</ele></trkpt>
   <trkpt lat="46.033023" lon="11.208431"><ele>1051.7</ele></trkpt>
   <trkpt lat="46.033036" lon="11.208390"><ele>1051.3</ele></trkpt>
   <trkpt lat="46.033040" lon="11.208327"><ele>1051.0</ele></trkpt>
   <trkpt lat="46.033031" lon="11.208289"><ele>1050.9</ele></trkpt>
   <trkpt lat="46.033009" lon="11.208209"><ele>1050.5</ele></trkpt>
   <trkpt lat="46.032965" lon="11.208103"><ele>1049.6</ele></trkpt>
   <trkpt lat="46.032950" lon="11.208045"><ele>1049.1</ele></trkpt>
   <trkpt lat="46.032950" lon="11.207982"><ele>1048.4</ele></trkpt>
   <trkpt lat="46.032950" lon="11.207899"><ele>1047.8</ele></trkpt>
   <trkpt lat="46.032963" lon="11.207818"><ele>1047.3</ele></trkpt>
   <trkpt lat="46.032987" lon="11.207745"><ele>1046.8</ele></trkpt>
   <trkpt lat="46.033015" lon="11.207675"><ele>1046.4</ele></trkpt>
   <trkpt lat="46.033149" lon="11.207496"><ele>1044.9</ele></trkpt>
   <trkpt lat="46.033253" lon="11.207360"><ele>1041.7</ele></trkpt>
   <trkpt lat="46.033364" lon="11.207227"><ele>1039.6</ele></trkpt>
   <trkpt lat="46.033455" lon="11.207141"><ele>1041.1</ele></trkpt>
   <trkpt lat="46.033594" lon="11.207038"><ele>1039.8</ele></trkpt>
   <trkpt lat="46.033676" lon="11.206989"><ele>1038.8</ele></trkpt>
   <trkpt lat="46.033710" lon="11.206961"><ele>1038.6</ele></trkpt>
   <trkpt lat="46.033786" lon="11.206906"><ele>1037.7</ele></trkpt>
   <trkpt lat="46.033940" lon="11.206794"><ele>1035.5</ele></trkpt>
   <trkpt lat="46.033963" lon="11.207034"><ele>1028.4</ele></trkpt>
   <trkpt lat="46.034058" lon="11.207171"><ele>1023.3</ele></trkpt>
   <trkpt lat="46.034086" lon="11.207201"><ele>1022.1</ele></trkpt>
   <trkpt lat="46.034217" lon="11.207215"><ele>1017.9</ele></trkpt>
   <trkpt lat="46.034342" lon="11.207295"><ele>1013.7</ele></trkpt>
   <trkpt lat="46.034333" lon="11.207461"><ele>1011.4</ele></trkpt>
   <trkpt lat="46.034337" lon="11.207549"><ele>1009.3</ele></trkpt>
   <trkpt lat="46.034351" lon="11.207601"><ele>1007.1</ele></trkpt>
   <trkpt lat="46.034377" lon="11.207643"><ele>1005.0</ele></trkpt>
   <trkpt lat="46.034401" lon="11.207681"><ele>1003.2</ele></trkpt>
   <trkpt lat="46.034540" lon="11.207789"><ele>1003.4</ele></trkpt>
   <trkpt lat="46.034697" lon="11.207926"><ele>1001.5</ele></trkpt>
   <trkpt lat="46.034782" lon="11.208010"><ele>1001.0</ele></trkpt>
   <trkpt lat="46.034825" lon="11.208030"><ele>1000.8</ele></trkpt>
   <trkpt lat="46.034862" lon="11.208030"><ele>1000.7</ele></trkpt>
   <trkpt lat="46.034910" lon="11.208009"><ele>1000.4</ele></trkpt>
   <trkpt lat="46.034958" lon="11.207977"><ele>999.9</ele></trkpt>
   <trkpt lat="46.035049" lon="11.207903"><ele>998.8</ele></trkpt>
   <trkpt lat="46.035270" lon="11.207733"><ele>995.7</ele></trkpt>
   <trkpt lat="46.035404" lon="11.207593"><ele>994.3</ele></trkpt>
   <trkpt lat="46.035500" lon="11.207392"><ele>992.3</ele></trkpt>
   <trkpt lat="46.035693" lon="11.206982"><ele>989.0</ele></trkpt>
   <trkpt lat="46.035948" lon="11.206800"><ele>987.5</ele></trkpt>
   <trkpt lat="46.036082" lon="11.206757"><ele>984.8</ele></trkpt>
   <trkpt lat="46.036246" lon="11.206681"><ele>981.3</ele></trkpt>
   <trkpt lat="46.036380" lon="11.206563"><ele>979.1</ele></trkpt>
   <trkpt lat="46.036462" lon="11.206445"><ele>978.1</ele></trkpt>
   <trkpt lat="46.036593" lon="11.206226"><ele>975.7</ele></trkpt>
   <trkpt lat="46.036633" lon="11.206159"><ele>974.3</ele></trkpt>
   <trkpt lat="46.036616" lon="11.205888"><ele>972.8</ele></trkpt>
   <trkpt lat="46.036613" lon="11.205829"><ele>972.4</ele></trkpt>
   <trkpt lat="46.036618" lon="11.205643"><ele>971.3</ele></trkpt>
   <trkpt lat="46.036677" lon="11.205579"><ele>969.4</ele></trkpt>
   <trkpt lat="46.036737" lon="11.205654"><ele>968.5</ele></trkpt>
   <trkpt lat="46.036804" lon="11.205901"><ele>967.4</ele></trkpt>
   <trkpt lat="46.036891" lon="11.206402"><ele>963.8</ele></trkpt>
   <trkpt lat="46.037060" lon="11.206800"><ele>958.5</ele></trkpt>
   <trkpt lat="46.037218" lon="11.207121"><ele>955.1</ele></trkpt>
   <trkpt lat="46.037268" lon="11.207274"><ele>953.4</ele></trkpt>
   <trkpt lat="46.037437" lon="11.207388"><ele>949.9</ele></trkpt>
   <trkpt lat="46.037659" lon="11.207533"><ele>944.3</ele></trkpt>
   <trkpt lat="46.037839" lon="11.207692"><ele>940.8</ele></trkpt>
   <trkpt lat="46.037936" lon="11.207746"><ele>938.1</ele></trkpt>
   <trkpt lat="46.037958" lon="11.208068"><ele>934.7</ele></trkpt>
   <trkpt lat="46.037962" lon="11.208230"><ele>933.6</ele></trkpt>
   <trkpt lat="46.038020" lon="11.208181"><ele>932.0</ele></trkpt>
   <trkpt lat="46.038097" lon="11.208246"><ele>928.2</ele></trkpt>
   <trkpt lat="46.038166" lon="11.208253"><ele>924.4</ele></trkpt>
   <trkpt lat="46.038270" lon="11.208227"><ele>920.1</ele></trkpt>
   <trkpt lat="46.038366" lon="11.208269"><ele>917.1</ele></trkpt>
   <trkpt lat="46.038487" lon="11.208272"><ele>913.7</ele></trkpt>
   <trkpt lat="46.038587" lon="11.208309"><ele>910.7</ele></trkpt>
   <trkpt lat="46.038644" lon="11.208258"><ele>909.2</ele></trkpt>
   <trkpt lat="46.038682" lon="11.208149"><ele>907.5</ele></trkpt>
   <trkpt lat="46.038585" lon="11.207748"><ele>902.5</ele></trkpt>
   <trkpt lat="46.038549" lon="11.207414"><ele>897.1</ele></trkpt>
   <trkpt lat="46.038513" lon="11.207079"><ele>896.6</ele></trkpt>
   <trkpt lat="46.038500" lon="11.206574"><ele>890.5</ele></trkpt>
   <trkpt lat="46.038488" lon="11.206068"><ele>887.2</ele></trkpt>
   <trkpt lat="46.038476" lon="11.205562"><ele>884.2</ele></trkpt>
   <trkpt lat="46.038556" lon="11.205192"><ele>883.7</ele></trkpt>
   <trkpt lat="46.038636" lon="11.204822"><ele>880.3</ele></trkpt>
   <trkpt lat="46.038667" lon="11.204321"><ele>875.4</ele></trkpt>
   <trkpt lat="46.038698" lon="11.203820"><ele>871.3</ele></trkpt>
   <trkpt lat="46.038728" lon="11.203318"><ele>867.3</ele></trkpt>
   <trkpt lat="46.038591" lon="11.202799"><ele>860.1</ele></trkpt>
   <trkpt lat="46.038453" lon="11.202280"><ele>857.6</ele></trkpt>
   <trkpt lat="46.038452" lon="11.202058"><ele>856.6</ele></trkpt>
   <trkpt lat="46.038544" lon="11.202019"><ele>855.9</ele></trkpt>
   <trkpt lat="46.038758" lon="11.202015"><ele>854.0</ele></trkpt>
   <trkpt lat="46.038891" lon="11.201972"><ele>853.1</ele></trkpt>
   <trkpt lat="46.039252" lon="11.201709"><ele>847.8</ele></trkpt>
   <trkpt lat="46.039394" lon="11.201670"><ele>846.5</ele></trkpt>
   <trkpt lat="46.039522" lon="11.201781"><ele>844.5</ele></trkpt>
   <trkpt lat="46.039576" lon="11.201897"><ele>843.4</ele></trkpt>
   <trkpt lat="46.039656" lon="11.202067"><ele>841.8</ele></trkpt>
   <trkpt lat="46.039884" lon="11.202395"><ele>837.7</ele></trkpt>
   <trkpt lat="46.040170" lon="11.202670"><ele>833.6</ele></trkpt>
   <trkpt lat="46.040385" lon="11.202855"><ele>830.8</ele></trkpt>
   <trkpt lat="46.040599" lon="11.203039"><ele>827.7</ele></trkpt>
   <trkpt lat="46.041004" lon="11.203065"><ele>824.8</ele></trkpt>
   <trkpt lat="46.041290" lon="11.203082"><ele>822.3</ele></trkpt>
   <trkpt lat="46.041511" lon="11.203271"><ele>818.5</ele></trkpt>
   <trkpt lat="46.041841" lon="11.203313"><ele>816.8</ele></trkpt>
   <trkpt lat="46.042099" lon="11.203313"><ele>815.4</ele></trkpt>
   <trkpt lat="46.042404" lon="11.203264"><ele>813.1</ele></trkpt>
   <trkpt lat="46.042541" lon="11.203247"><ele>812.6</ele></trkpt>
   <trkpt lat="46.042636" lon="11.203304"><ele>811.4</ele></trkpt>
   <trkpt lat="46.042622" lon="11.203368"><ele>810.8</ele></trkpt>
   <trkpt lat="46.042636" lon="11.203304"><ele>811.4</ele></trkpt>
   <trkpt lat="46.042828" lon="11.203262"><ele>810.6</ele></trkpt>
   <trkpt lat="46.043100" lon="11.203112"><ele>810.3</ele></trkpt>
   <trkpt lat="46.043216" lon="11.203071"><ele>810.4</ele></trkpt>
   <trkpt lat="46.043354" lon="11.203103"><ele>809.1</ele></trkpt>
   <trkpt lat="46.043377" lon="11.203025"><ele>810.8</ele></trkpt>
   <trkpt lat="46.043494" lon="11.202760"><ele>816.1</ele></trkpt>
   <trkpt lat="46.043552" lon="11.202711"><ele>818.1</ele></trkpt>
   <trkpt lat="46.043660" lon="11.202693"><ele>822.0</ele></trkpt>
   <trkpt lat="46.043747" lon="11.202698"><ele>825.4</ele></trkpt>
   <trkpt lat="46.043851" lon="11.202738"><ele>829.4</ele></trkpt>
   <trkpt lat="46.043937" lon="11.202817"><ele>832.8</ele></trkpt>
   <trkpt lat="46.044190" lon="11.203076"><ele>842.3</ele></trkpt>
   <trkpt lat="46.044362" lon="11.203351"><ele>847.2</ele></trkpt>
   <trkpt lat="46.044437" lon="11.203448"><ele>848.3</ele></trkpt>
   <trkpt lat="46.044520" lon="11.203512"><ele>849.2</ele></trkpt>
   <trkpt lat="46.044623" lon="11.203544"><ele>851.5</ele></trkpt>
   <trkpt lat="46.044920" lon="11.203595"><ele>856.8</ele></trkpt>
   <trkpt lat="46.045090" lon="11.203598"><ele>859.5</ele></trkpt>
   <trkpt lat="46.045217" lon="11.203586"><ele>862.4</ele></trkpt>
   <trkpt lat="46.045318" lon="11.203583"><ele>864.9</ele></trkpt>
   <trkpt lat="46.045387" lon="11.203611"><ele>866.5</ele></trkpt>
   <trkpt lat="46.045438" lon="11.203654"><ele>867.5</ele></trkpt>
   <trkpt lat="46.045497" lon="11.203690"><ele>869.3</ele></trkpt>
   <trkpt lat="46.045603" lon="11.203702"><ele>874.5</ele></trkpt>
   <trkpt lat="46.045683" lon="11.203676"><ele>876.7</ele></trkpt>
   <trkpt lat="46.045726" lon="11.203637"><ele>876.9</ele></trkpt>
   <trkpt lat="46.045775" lon="11.203543"><ele>878.2</ele></trkpt>
   <trkpt lat="46.045851" lon="11.203488"><ele>878.5</ele></trkpt>
   <trkpt lat="46.045960" lon="11.203379"><ele>880.5</ele></trkpt>
   <trkpt lat="46.046121" lon="11.203288"><ele>885.1</ele></trkpt>
   <trkpt lat="46.046261" lon="11.203228"><ele>889.6</ele></trkpt>
   <trkpt lat="46.046404" lon="11.203201"><ele>892.4</ele></trkpt>
   <trkpt lat="46.046512" lon="11.203197"><ele>894.8</ele></trkpt>
   <trkpt lat="46.046666" lon="11.203193"><ele>898.2</ele></trkpt>
   <trkpt lat="46.046876" lon="11.203174"><ele>903.7</ele></trkpt>
   <trkpt lat="46.046962" lon="11.203154"><ele>905.8</ele></trkpt>
   <trkpt lat="46.047017" lon="11.203138"><ele>906.7</ele></trkpt>
   <trkpt lat="46.047094" lon="11.203082"><ele>908.3</ele></trkpt>
   <trkpt lat="46.047147" lon="11.203029"><ele>909.8</ele></trkpt>
   <trkpt lat="46.047225" lon="11.202929"><ele>913.2</ele></trkpt>
   <trkpt lat="46.047279" lon="11.202845"><ele>916.1</ele></trkpt>
   <trkpt lat="46.047363" lon="11.202737"><ele>918.2</ele></trkpt>
   <trkpt lat="46.047462" lon="11.202625"><ele>920.8</ele></trkpt>
   <trkpt lat="46.047569" lon="11.202512"><ele>923.8</ele></trkpt>
   <trkpt lat="46.047654" lon="11.202345"><ele>928.9</ele></trkpt>
   <trkpt lat="46.047678" lon="11.202241"><ele>931.1</ele></trkpt>
   <trkpt lat="46.047704" lon="11.202072"><ele>934.7</ele></trkpt>
   <trkpt lat="46.047711" lon="11.201937"><ele>938.4</ele></trkpt>
   <trkpt lat="46.047673" lon="11.201817"><ele>942.0</ele></trkpt>
   <trkpt lat="46.047591" lon="11.201691"><ele>945.2</ele></trkpt>
   <trkpt lat="46.047533" lon="11.201595"><ele>946.3</ele></trkpt>
   <trkpt lat="46.047510" lon="11.201488"><ele>947.9</ele></trkpt>
   <trkpt lat="46.047527" lon="11.201322"><ele>951.3</ele></trkpt>
   <trkpt lat="46.047563" lon="11.201223"><ele>954.1</ele></trkpt>
   <trkpt lat="46.047630" lon="11.201154"><ele>957.5</ele></trkpt>
   <trkpt lat="46.047722" lon="11.201153"><ele>959.8</ele></trkpt>
   <trkpt lat="46.047820" lon="11.201130"><ele>961.9</ele></trkpt>
   <trkpt lat="46.047872" lon="11.201103"><ele>963.0</ele></trkpt>
   <trkpt lat="46.047895" lon="11.201058"><ele>964.1</ele></trkpt>
   <trkpt lat="46.047900" lon="11.201012"><ele>965.0</ele></trkpt>
   <trkpt lat="46.047890" lon="11.200971"><ele>965.9</ele></trkpt>
   <trkpt lat="46.047877" lon="11.200934"><ele>966.6</ele></trkpt>
   <trkpt lat="46.047832" lon="11.200877"><ele>967.4</ele></trkpt>
   <trkpt lat="46.047825" lon="11.200675"><ele>972.5</ele></trkpt>
   <trkpt lat="46.047791" lon="11.200319"><ele>981.1</ele></trkpt>
   <trkpt lat="46.047815" lon="11.200166"><ele>984.6</ele></trkpt>
   <trkpt lat="46.047907" lon="11.199829"><ele>990.6</ele></trkpt>
   <trkpt lat="46.047917" lon="11.199789"><ele>991.3</ele></trkpt>
   <trkpt lat="46.047907" lon="11.199829"><ele>990.6</ele></trkpt>
   <trkpt lat="46.048185" lon="11.199684"><ele>991.8</ele></trkpt>
   <trkpt lat="46.048455" lon="11.199421"><ele>988.8</ele></trkpt>
   <trkpt lat="46.048674" lon="11.199325"><ele>986.3</ele></trkpt>
   <trkpt lat="46.049091" lon="11.199168"><ele>987.6</ele></trkpt>
   <trkpt lat="46.049330" lon="11.199308"><ele>986.0</ele></trkpt>
   <trkpt lat="46.049567" lon="11.199528"><ele>978.9</ele></trkpt>
   <trkpt lat="46.049764" lon="11.199514"><ele>976.5</ele></trkpt>
   <trkpt lat="46.050015" lon="11.199598"><ele>962.4</ele></trkpt>
   <trkpt lat="46.050213" lon="11.199595"><ele>954.4</ele></trkpt>
   <trkpt lat="46.050462" lon="11.199689"><ele>945.3</ele></trkpt>
   <trkpt lat="46.050613" lon="11.199855"><ele>937.6</ele></trkpt>
   <trkpt lat="46.050738" lon="11.199874"><ele>936.2</ele></trkpt>
   <trkpt lat="46.050911" lon="11.199817"><ele>934.4</ele></trkpt>
   <trkpt lat="46.051028" lon="11.199766"><ele>930.8</ele></trkpt>
   <trkpt lat="46.051163" lon="11.199691"><ele>930.1</ele></trkpt>
   <trkpt lat="46.051269" lon="11.199638"><ele>929.0</ele></trkpt>
   <trkpt lat="46.051339" lon="11.199501"><ele>928.0</ele></trkpt>
   <trkpt lat="46.051425" lon="11.199337"><ele>923.9</ele></trkpt>
   <trkpt lat="46.051514" lon="11.199270"><ele>921.1</ele></trkpt>
   <trkpt lat="46.051676" lon="11.199260"><ele>919.3</ele></trkpt>
   <trkpt lat="46.052037" lon="11.199101"><ele>920.5</ele></trkpt>
   <trkpt lat="46.052291" lon="11.199042"><ele>917.6</ele></trkpt>
   <trkpt lat="46.052348" lon="11.198994"><ele>917.4</ele></trkpt>
   <trkpt lat="46.052441" lon="11.198395"><ele>922.2</ele></trkpt>
   <trkpt lat="46.052531" lon="11.198118"><ele>926.1</ele></trkpt>
   <trkpt lat="46.052547" lon="11.197917"><ele>927.8</ele></trkpt>
   <trkpt lat="46.052548" lon="11.197904"><ele>927.9</ele></trkpt>
   <trkpt lat="46.052595" lon="11.197630"><ele>923.7</ele></trkpt>
   <trkpt lat="46.052555" lon="11.197283"><ele>921.3</ele></trkpt>
   <trkpt lat="46.052536" lon="11.196750"><ele>913.5</ele></trkpt>
   <trkpt lat="46.052534" lon="11.196340"><ele>925.6</ele></trkpt>
   <trkpt lat="46.052603" lon="11.196160"><ele>924.3</ele></trkpt>
   <trkpt lat="46.052616" lon="11.196044"><ele>923.4</ele></trkpt>
   <trkpt lat="46.052579" lon="11.195928"><ele>923.7</ele></trkpt>
   <trkpt lat="46.052534" lon="11.195775"><ele>926.1</ele></trkpt>
   <trkpt lat="46.052608" lon="11.195368"><ele>927.7</ele></trkpt>
   <trkpt lat="46.052790" lon="11.195117"><ele>925.4</ele></trkpt>
   <trkpt lat="46.052971" lon="11.194866"><ele>923.5</ele></trkpt>
   <trkpt lat="46.053304" lon="11.194535"><ele>913.7</ele></trkpt>
   <trkpt lat="46.053487" lon="11.194414"><ele>907.9</ele></trkpt>
   <trkpt lat="46.053709" lon="11.194470"><ele>901.4</ele></trkpt>
   <trkpt lat="46.053932" lon="11.194527"><ele>895.7</ele></trkpt>
   <trkpt lat="46.054254" lon="11.194619"><ele>886.3</ele></trkpt>
   <trkpt lat="46.054465" lon="11.194609"><ele>884.7</ele></trkpt>
   <trkpt lat="46.054612" lon="11.194435"><ele>885.0</ele></trkpt>
   <trkpt lat="46.054911" lon="11.194276"><ele>870.7</ele></trkpt>
   <trkpt lat="46.055019" lon="11.194389"><ele>864.3</ele></trkpt>
   <trkpt lat="46.055073" lon="11.194450"><ele>862.5</ele></trkpt>
   <trkpt lat="46.055123" lon="11.194483"><ele>862.2</ele></trkpt>
   <trkpt lat="46.055158" lon="11.194533"><ele>860.5</ele></trkpt>
   <trkpt lat="46.055206" lon="11.194618"><ele>856.3</ele></trkpt>
   <trkpt lat="46.055302" lon="11.194662"><ele>857.5</ele></trkpt>
   <trkpt lat="46.055416" lon="11.194647"><ele>861.7</ele></trkpt>
   <trkpt lat="46.055517" lon="11.194550"><ele>864.4</ele></trkpt>
   <trkpt lat="46.055566" lon="11.194513"><ele>863.6</ele></trkpt>
   <trkpt lat="46.055645" lon="11.194401"><ele>861.1</ele></trkpt>
   <trkpt lat="46.055744" lon="11.194306"><ele>857.6</ele></trkpt>
   <trkpt lat="46.055833" lon="11.194290"><ele>857.5</ele></trkpt>
   <trkpt lat="46.055917" lon="11.194182"><ele>863.4</ele></trkpt>
   <trkpt lat="46.056030" lon="11.194113"><ele>865.5</ele></trkpt>
   <trkpt lat="46.056182" lon="11.194118"><ele>858.7</ele></trkpt>
   <trkpt lat="46.056237" lon="11.194032"><ele>857.5</ele></trkpt>
   <trkpt lat="46.056412" lon="11.193968"><ele>858.4</ele></trkpt>
   <trkpt lat="46.056579" lon="11.193966"><ele>863.1</ele></trkpt>
   <trkpt lat="46.056696" lon="11.194020"><ele>864.0</ele></trkpt>
   <trkpt lat="46.056931" lon="11.194009"><ele>864.4</ele></trkpt>
   <trkpt lat="46.057154" lon="11.193872"><ele>864.2</ele></trkpt>
   <trkpt lat="46.057362" lon="11.193797"><ele>863.0</ele></trkpt>
   <trkpt lat="46.057645" lon="11.193513"><ele>863.1</ele></trkpt>
   <trkpt lat="46.057840" lon="11.193212"><ele>869.0</ele></trkpt>
   <trkpt lat="46.058099" lon="11.192989"><ele>867.4</ele></trkpt>
   <trkpt lat="46.058315" lon="11.192827"><ele>862.3</ele></trkpt>
   <trkpt lat="46.058540" lon="11.192559"><ele>861.0</ele></trkpt>
   <trkpt lat="46.058652" lon="11.192299"><ele>860.5</ele></trkpt>
   <trkpt lat="46.058775" lon="11.191931"><ele>854.8</ele></trkpt>
   <trkpt lat="46.058922" lon="11.191711"><ele>846.4</ele></trkpt>
   <trkpt lat="46.059079" lon="11.191600"><ele>842.2</ele></trkpt>
   <trkpt lat="46.059327" lon="11.191556"><ele>838.9</ele></trkpt>
   <trkpt lat="46.059575" lon="11.191513"><ele>840.1</ele></trkpt>
   <trkpt lat="46.059737" lon="11.191440"><ele>835.9</ele></trkpt>
   <trkpt lat="46.059840" lon="11.191305"><ele>836.3</ele></trkpt>
   <trkpt lat="46.060011" lon="11.191179"><ele>838.8</ele></trkpt>
   <trkpt lat="46.060078" lon="11.191075"><ele>837.9</ele></trkpt>
   <trkpt lat="46.060174" lon="11.191009"><ele>833.9</ele></trkpt>
   <trkpt lat="46.060261" lon="11.191016"><ele>832.0</ele></trkpt>
   <trkpt lat="46.060341" lon="11.190976"><ele>833.8</ele></trkpt>
   <trkpt lat="46.060523" lon="11.191014"><ele>831.7</ele></trkpt>
   <trkpt lat="46.060785" lon="11.190988"><ele>831.8</ele></trkpt>
   <trkpt lat="46.061030" lon="11.191097"><ele>827.1</ele></trkpt>
   <trkpt lat="46.061340" lon="11.191051"><ele>823.1</ele></trkpt>
   <trkpt lat="46.061562" lon="11.191051"><ele>820.0</ele></trkpt>
   <trkpt lat="46.061752" lon="11.191033"><ele>815.8</ele></trkpt>
   <trkpt lat="46.061810" lon="11.190805"><ele>815.3</ele></trkpt>
   <trkpt lat="46.061962" lon="11.190510"><ele>813.5</ele></trkpt>
   <trkpt lat="46.062170" lon="11.190333"><ele>811.5</ele></trkpt>
   <trkpt lat="46.062277" lon="11.190160"><ele>812.8</ele></trkpt>
   <trkpt lat="46.062431" lon="11.189921"><ele>812.6</ele></trkpt>
   <trkpt lat="46.062537" lon="11.189714"><ele>808.2</ele></trkpt>
   <trkpt lat="46.062638" lon="11.189535"><ele>806.2</ele></trkpt>
   <trkpt lat="46.062716" lon="11.189475"><ele>806.7</ele></trkpt>
   <trkpt lat="46.062826" lon="11.189482"><ele>806.2</ele></trkpt>
   <trkpt lat="46.062981" lon="11.189440"><ele>807.9</ele></trkpt>
   <trkpt lat="46.063189" lon="11.189279"><ele>809.0</ele></trkpt>
   <trkpt lat="46.063392" lon="11.189021"><ele>809.8</ele></trkpt>
   <trkpt lat="46.063491" lon="11.188942"><ele>809.5</ele></trkpt>
   <trkpt lat="46.063507" lon="11.188549"><ele>813.3</ele></trkpt>
   <trkpt lat="46.063522" lon="11.188156"><ele>815.3</ele></trkpt>
   <trkpt lat="46.063566" lon="11.187587"><ele>817.6</ele></trkpt>
   <trkpt lat="46.063616" lon="11.187130"><ele>821.2</ele></trkpt>
   <trkpt lat="46.063666" lon="11.186723"><ele>820.9</ele></trkpt>
   <trkpt lat="46.063717" lon="11.186324"><ele>820.7</ele></trkpt>
   <trkpt lat="46.063731" lon="11.186090"><ele>823.3</ele></trkpt>
   <trkpt lat="46.063770" lon="11.185905"><ele>825.8</ele></trkpt>
   <trkpt lat="46.063820" lon="11.185731"><ele>825.8</ele></trkpt>
   <trkpt lat="46.063832" lon="11.185610"><ele>825.4</ele></trkpt>
   <trkpt lat="46.063829" lon="11.185433"><ele>825.2</ele></trkpt>
   <trkpt lat="46.063829" lon="11.185288"><ele>825.0</ele></trkpt>
   <trkpt lat="46.063848" lon="11.185062"><ele>824.2</ele></trkpt>
   <trkpt lat="46.063893" lon="11.184901"><ele>823.4</ele></trkpt>
   <trkpt lat="46.063904" lon="11.184740"><ele>823.6</ele></trkpt>
   <trkpt lat="46.063960" lon="11.184466"><ele>821.8</ele></trkpt>
   <trkpt lat="46.063906" lon="11.184538"><ele>822.7</ele></trkpt>
   <trkpt lat="46.063868" lon="11.184592"><ele>823.5</ele></trkpt>
   <trkpt lat="46.063794" lon="11.184648"><ele>825.0</ele></trkpt>
   <trkpt lat="46.063755" lon="11.184696"><ele>826.1</ele></trkpt>
   <trkpt lat="46.063718" lon="11.184782"><ele>827.9</ele></trkpt>
   <trkpt lat="46.063710" lon="11.184836"><ele>828.6</ele></trkpt>
   <trkpt lat="46.063695" lon="11.184889"><ele>829.6</ele></trkpt>
   <trkpt lat="46.063675" lon="11.184910"><ele>830.7</ele></trkpt>
   <trkpt lat="46.063623" lon="11.184906"><ele>832.8</ele></trkpt>
   <trkpt lat="46.063574" lon="11.184825"><ele>833.5</ele></trkpt>
   <trkpt lat="46.063528" lon="11.184787"><ele>834.6</ele></trkpt>
   <trkpt lat="46.063422" lon="11.184715"><ele>837.2</ele></trkpt>
   <trkpt lat="46.063351" lon="11.184659"><ele>838.3</ele></trkpt>
   <trkpt lat="46.063277" lon="11.184581"><ele>838.4</ele></trkpt>
   <trkpt lat="46.063213" lon="11.184549"><ele>840.0</ele></trkpt>
   <trkpt lat="46.063167" lon="11.184530"><ele>840.9</ele></trkpt>
   <trkpt lat="46.063086" lon="11.184523"><ele>842.0</ele></trkpt>
   <trkpt lat="46.063050" lon="11.184543"><ele>842.7</ele></trkpt>
   <trkpt lat="46.063010" lon="11.184584"><ele>843.4</ele></trkpt>
   <trkpt lat="46.062982" lon="11.184632"><ele>843.8</ele></trkpt>
   <trkpt lat="46.062961" lon="11.184706"><ele>844.2</ele></trkpt>
   <trkpt lat="46.062955" lon="11.184797"><ele>844.5</ele></trkpt>
   <trkpt lat="46.062968" lon="11.184981"><ele>846.2</ele></trkpt>
   <trkpt lat="46.062988" lon="11.185036"><ele>847.0</ele></trkpt>
   <trkpt lat="46.063011" lon="11.185111"><ele>848.0</ele></trkpt>
   <trkpt lat="46.063013" lon="11.185133"><ele>848.3</ele></trkpt>
   <trkpt lat="46.062977" lon="11.185209"><ele>848.7</ele></trkpt>
   <trkpt lat="46.062935" lon="11.185242"><ele>849.3</ele></trkpt>
   <trkpt lat="46.062901" lon="11.185254"><ele>850.2</ele></trkpt>
   <trkpt lat="46.062837" lon="11.185233"><ele>852.1</ele></trkpt>
   <trkpt lat="46.062781" lon="11.185183"><ele>853.3</ele></trkpt>
   <trkpt lat="46.062738" lon="11.185160"><ele>853.8</ele></trkpt>
   <trkpt lat="46.062673" lon="11.185176"><ele>854.8</ele></trkpt>
   <trkpt lat="46.062600" lon="11.185245"><ele>856.6</ele></trkpt>
   <trkpt lat="46.062518" lon="11.185273"><ele>858.2</ele></trkpt>
   <trkpt lat="46.062474" lon="11.185270"><ele>858.9</ele></trkpt>
   <trkpt lat="46.062433" lon="11.185234"><ele>859.5</ele></trkpt>
   <trkpt lat="46.062295" lon="11.185089"><ele>863.9</ele></trkpt>
   <trkpt lat="46.062097" lon="11.184999"><ele>870.2</ele></trkpt>
   <trkpt lat="46.061976" lon="11.184951"><ele>873.0</ele></trkpt>
   <trkpt lat="46.061886" lon="11.184936"><ele>874.7</ele></trkpt>
   <trkpt lat="46.061748" lon="11.184940"><ele>878.8</ele></trkpt>
   <trkpt lat="46.061654" lon="11.184921"><ele>881.1</ele></trkpt>
   <trkpt lat="46.061610" lon="11.184916"><ele>882.4</ele></trkpt>
   <trkpt lat="46.061568" lon="11.184935"><ele>884.2</ele></trkpt>
   <trkpt lat="46.061539" lon="11.184961"><ele>885.8</ele></trkpt>
   <trkpt lat="46.061541" lon="11.185006"><ele>886.8</ele></trkpt>
   <trkpt lat="46.061561" lon="11.185094"><ele>888.4</ele></trkpt>
   <trkpt lat="46.061624" lon="11.185187"><ele>890.2</ele></trkpt>
   <trkpt lat="46.061658" lon="11.185240"><ele>891.7</ele></trkpt>
   <trkpt lat="46.061658" lon="11.185275"><ele>892.9</ele></trkpt>
   <trkpt lat="46.061647" lon="11.185306"><ele>894.1</ele></trkpt>
   <trkpt lat="46.061581" lon="11.185316"><ele>895.0</ele></trkpt>
   <trkpt lat="46.061459" lon="11.185296"><ele>897.4</ele></trkpt>
   <trkpt lat="46.061399" lon="11.185277"><ele>899.7</ele></trkpt>
   <trkpt lat="46.061356" lon="11.185238"><ele>900.8</ele></trkpt>
   <trkpt lat="46.061239" lon="11.185125"><ele>903.8</ele></trkpt>
   <trkpt lat="46.061192" lon="11.185065"><ele>904.4</ele></trkpt>
   <trkpt lat="46.061158" lon="11.185044"><ele>905.6</ele></trkpt>
   <trkpt lat="46.061141" lon="11.185050"><ele>906.6</ele></trkpt>
   <trkpt lat="46.061125" lon="11.185066"><ele>907.8</ele></trkpt>
   <trkpt lat="46.061113" lon="11.185089"><ele>909.1</ele></trkpt>
   <trkpt lat="46.061111" lon="11.185117"><ele>910.2</ele></trkpt>
   <trkpt lat="46.061219" lon="11.185438"><ele>916.6</ele></trkpt>
   <trkpt lat="46.061256" lon="11.185622"><ele>920.2</ele></trkpt>
   <trkpt lat="46.061243" lon="11.185728"><ele>922.5</ele></trkpt>
   <trkpt lat="46.061221" lon="11.185793"><ele>923.7</ele></trkpt>
   <trkpt lat="46.061155" lon="11.185792"><ele>925.2</ele></trkpt>
   <trkpt lat="46.061023" lon="11.185689"><ele>928.4</ele></trkpt>
   <trkpt lat="46.060879" lon="11.185610"><ele>932.7</ele></trkpt>
   <trkpt lat="46.060614" lon="11.185469"><ele>942.8</ele></trkpt>
   <trkpt lat="46.060462" lon="11.185274"><ele>949.0</ele></trkpt>
   <trkpt lat="46.060356" lon="11.185239"><ele>953.4</ele></trkpt>
   <trkpt lat="46.060231" lon="11.185197"><ele>958.5</ele></trkpt>
   <trkpt lat="46.060038" lon="11.185174"><ele>963.9</ele></trkpt>
   <trkpt lat="46.059962" lon="11.185151"><ele>965.6</ele></trkpt>
   <trkpt lat="46.059898" lon="11.185125"><ele>966.6</ele></trkpt>
   <trkpt lat="46.059816" lon="11.185075"><ele>968.3</ele></trkpt>
   <trkpt lat="46.059743" lon="11.185013"><ele>970.6</ele></trkpt>
   <trkpt lat="46.059712" lon="11.185003"><ele>971.9</ele></trkpt>
   <trkpt lat="46.059686" lon="11.185006"><ele>973.0</ele></trkpt>
   <trkpt lat="46.059659" lon="11.185045"><ele>974.8</ele></trkpt>
   <trkpt lat="46.059646" lon="11.185107"><ele>976.6</ele></trkpt>
   <trkpt lat="46.059627" lon="11.185294"><ele>980.9</ele></trkpt>
   <trkpt lat="46.059606" lon="11.185412"><ele>982.5</ele></trkpt>
   <trkpt lat="46.059571" lon="11.185532"><ele>983.6</ele></trkpt>
   <trkpt lat="46.059506" lon="11.185736"><ele>987.0</ele></trkpt>
   <trkpt lat="46.059457" lon="11.185820"><ele>988.7</ele></trkpt>
   <trkpt lat="46.059417" lon="11.185854"><ele>989.5</ele></trkpt>
   <trkpt lat="46.059381" lon="11.185862"><ele>990.0</ele></trkpt>
   <trkpt lat="46.059397" lon="11.185973"><ele>989.4</ele></trkpt>
   <trkpt lat="46.059432" lon="11.186111"><ele>988.4</ele></trkpt>
   <trkpt lat="46.059427" lon="11.186226"><ele>987.7</ele></trkpt>
   <trkpt lat="46.059432" lon="11.186111"><ele>988.4</ele></trkpt>
   <trkpt lat="46.059397" lon="11.185973"><ele>989.4</ele></trkpt>
   <trkpt lat="46.059381" lon="11.185862"><ele>990.0</ele></trkpt>
   <trkpt lat="46.059162" lon="11.185812"><ele>993.5</ele></trkpt>
   <trkpt lat="46.059094" lon="11.185788"><ele>994.7</ele></trkpt>
   <trkpt lat="46.058993" lon="11.185728"><ele>996.6</ele></trkpt>
   <trkpt lat="46.058949" lon="11.185678"><ele>997.6</ele></trkpt>
   <trkpt lat="46.058914" lon="11.185678"><ele>998.0</ele></trkpt>
   <trkpt lat="46.058746" lon="11.185678"><ele>1001.2</ele></trkpt>
   <trkpt lat="46.058722" lon="11.185640"><ele>1002.3</ele></trkpt>
   <trkpt lat="46.058679" lon="11.185639"><ele>1003.9</ele></trkpt>
   <trkpt lat="46.058645" lon="11.185604"><ele>1005.5</ele></trkpt>
   <trkpt lat="46.058563" lon="11.185599"><ele>1008.9</ele></trkpt>
   <trkpt lat="46.058540" lon="11.185596"><ele>1010.0</ele></trkpt>
   <trkpt lat="46.058521" lon="11.185556"><ele>1011.2</ele></trkpt>
   <trkpt lat="46.058517" lon="11.185447"><ele>1012.7</ele></trkpt>
   <trkpt lat="46.058480" lon="11.185260"><ele>1017.2</ele></trkpt>
   <trkpt lat="46.058478" lon="11.185122"><ele>1019.9</ele></trkpt>
   <trkpt lat="46.058482" lon="11.185026"><ele>1021.4</ele></trkpt>
   <trkpt lat="46.058474" lon="11.184907"><ele>1022.4</ele></trkpt>
   <trkpt lat="46.058466" lon="11.184880"><ele>1022.7</ele></trkpt>
   <trkpt lat="46.058444" lon="11.184867"><ele>1024.1</ele></trkpt>
   <trkpt lat="46.058362" lon="11.184840"><ele>1028.4</ele></trkpt>
   <trkpt lat="46.058376" lon="11.185002"><ele>1029.6</ele></trkpt>
   <trkpt lat="46.058345" lon="11.185060"><ele>1030.9</ele></trkpt>
   <trkpt lat="46.058280" lon="11.185136"><ele>1032.7</ele></trkpt>
   <trkpt lat="46.058298" lon="11.185031"><ele>1035.3</ele></trkpt>
   <trkpt lat="46.058263" lon="11.185042"><ele>1037.7</ele></trkpt>
   <trkpt lat="46.058183" lon="11.185117"><ele>1039.9</ele></trkpt>
   <trkpt lat="46.058076" lon="11.185266"><ele>1040.6</ele></trkpt>
   <trkpt lat="46.058021" lon="11.185349"><ele>1042.5</ele></trkpt>
   <trkpt lat="46.057947" lon="11.185423"><ele>1046.5</ele></trkpt>
   <trkpt lat="46.057944" lon="11.185356"><ele>1048.1</ele></trkpt>
   <trkpt lat="46.057984" lon="11.185302"><ele>1046.4</ele></trkpt>
   <trkpt lat="46.057973" lon="11.185243"><ele>1048.8</ele></trkpt>
   <trkpt lat="46.058008" lon="11.185152"><ele>1049.6</ele></trkpt>
   <trkpt lat="46.058100" lon="11.185049"><ele>1049.2</ele></trkpt>
   <trkpt lat="46.058109" lon="11.185001"><ele>1051.0</ele></trkpt>
   <trkpt lat="46.058132" lon="11.184946"><ele>1051.0</ele></trkpt>
   <trkpt lat="46.058116" lon="11.184889"><ele>1053.7</ele></trkpt>
   <trkpt lat="46.058112" lon="11.184814"><ele>1055.5</ele></trkpt>
   <trkpt lat="46.058068" lon="11.184821"><ele>1059.7</ele></trkpt>
   <trkpt lat="46.058023" lon="11.184875"><ele>1061.1</ele></trkpt>
   <trkpt lat="46.057978" lon="11.184927"><ele>1061.4</ele></trkpt>
   <trkpt lat="46.057952" lon="11.184891"><ele>1064.1</ele></trkpt>
   <trkpt lat="46.057952" lon="11.184872"><ele>1065.0</ele></trkpt>
   <trkpt lat="46.058021" lon="11.184809"><ele>1063.6</ele></trkpt>
   <trkpt lat="46.058021" lon="11.184767"><ele>1064.5</ele></trkpt>
   <trkpt lat="46.057997" lon="11.184746"><ele>1066.4</ele></trkpt>
   <trkpt lat="46.057925" lon="11.184747"><ele>1070.8</ele></trkpt>
   <trkpt lat="46.057859" lon="11.184796"><ele>1072.9</ele></trkpt>
   <trkpt lat="46.057750" lon="11.184855"><ele>1075.5</ele></trkpt>
   <trkpt lat="46.057702" lon="11.184895"><ele>1076.9</ele></trkpt>
   <trkpt lat="46.057694" lon="11.184856"><ele>1078.4</ele></trkpt>
   <trkpt lat="46.057698" lon="11.184708"><ele>1080.8</ele></trkpt>
   <trkpt lat="46.057668" lon="11.184648"><ele>1081.5</ele></trkpt>
   <trkpt lat="46.057636" lon="11.184669"><ele>1083.7</ele></trkpt>
   <trkpt lat="46.057486" lon="11.184871"><ele>1089.4</ele></trkpt>
   <trkpt lat="46.057461" lon="11.184893"><ele>1090.3</ele></trkpt>
   <trkpt lat="46.057432" lon="11.184904"><ele>1091.6</ele></trkpt>
   <trkpt lat="46.057384" lon="11.184806"><ele>1095.9</ele></trkpt>
   <trkpt lat="46.057365" lon="11.184644"><ele>1099.0</ele></trkpt>
   <trkpt lat="46.057416" lon="11.184600"><ele>1096.1</ele></trkpt>
   <trkpt lat="46.057390" lon="11.184558"><ele>1097.5</ele></trkpt>
   <trkpt lat="46.057343" lon="11.184543"><ele>1100.8</ele></trkpt>
   <trkpt lat="46.057310" lon="11.184552"><ele>1103.1</ele></trkpt>
   <trkpt lat="46.057265" lon="11.184600"><ele>1105.1</ele></trkpt>
   <trkpt lat="46.057171" lon="11.184668"><ele>1108.3</ele></trkpt>
   <trkpt lat="46.057084" lon="11.184706"><ele>1112.2</ele></trkpt>
   <trkpt lat="46.057002" lon="11.184773"><ele>1115.2</ele></trkpt>
   <trkpt lat="46.056958" lon="11.184849"><ele>1115.7</ele></trkpt>
   <trkpt lat="46.056899" lon="11.184899"><ele>1116.9</ele></trkpt>
   <trkpt lat="46.056895" lon="11.184979"><ele>1116.0</ele></trkpt>
   <trkpt lat="46.056850" lon="11.185003"><ele>1117.3</ele></trkpt>
   <trkpt lat="46.056813" lon="11.184979"><ele>1118.9</ele></trkpt>
   <trkpt lat="46.056801" lon="11.184926"><ele>1119.9</ele></trkpt>
   <trkpt lat="46.056801" lon="11.184861"><ele>1121.1</ele></trkpt>
   <trkpt lat="46.056803" lon="11.184778"><ele>1123.0</ele></trkpt>
   <trkpt lat="46.056882" lon="11.184648"><ele>1123.1</ele></trkpt>
   <trkpt lat="46.056892" lon="11.184529"><ele>1126.1</ele></trkpt>
   <trkpt lat="46.056921" lon="11.184440"><ele>1126.8</ele></trkpt>
   <trkpt lat="46.056894" lon="11.184399"><ele>1129.0</ele></trkpt>
   <trkpt lat="46.056868" lon="11.184423"><ele>1130.0</ele></trkpt>
   <trkpt lat="46.056842" lon="11.184453"><ele>1130.4</ele></trkpt>
   <trkpt lat="46.056790" lon="11.184449"><ele>1132.3</ele></trkpt>
   <trkpt lat="46.056696" lon="11.184448"><ele>1134.5</ele></trkpt>
   <trkpt lat="46.056649" lon="11.184459"><ele>1135.6</ele></trkpt>
   <trkpt lat="46.056568" lon="11.184476"><ele>1138.3</ele></trkpt>
   <trkpt lat="46.056491" lon="11.184515"><ele>1140.6</ele></trkpt>
   <trkpt lat="46.056455" lon="11.184525"><ele>1141.7</ele></trkpt>
   <trkpt lat="46.056423" lon="11.184506"><ele>1143.2</ele></trkpt>
   <trkpt lat="46.056423" lon="11.184440"><ele>1144.5</ele></trkpt>
   <trkpt lat="46.056453" lon="11.184354"><ele>1145.2</ele></trkpt>
   <trkpt lat="46.056464" lon="11.184242"><ele>1148.0</ele></trkpt>
   <trkpt lat="46.056501" lon="11.184085"><ele>1149.4</ele></trkpt>
   <trkpt lat="46.056493" lon="11.184002"><ele>1148.4</ele></trkpt>
   <trkpt lat="46.056462" lon="11.183933"><ele>1149.2</ele></trkpt>
   <trkpt lat="46.056391" lon="11.183861"><ele>1154.9</ele></trkpt>
   <trkpt lat="46.056368" lon="11.183906"><ele>1155.7</ele></trkpt>
   <trkpt lat="46.056342" lon="11.183953"><ele>1157.2</ele></trkpt>
   <trkpt lat="46.056303" lon="11.183943"><ele>1159.6</ele></trkpt>
   <trkpt lat="46.056306" lon="11.183847"><ele>1161.1</ele></trkpt>
   <trkpt lat="46.056230" lon="11.183913"><ele>1164.2</ele></trkpt>
   <trkpt lat="46.056195" lon="11.183904"><ele>1166.4</ele></trkpt>
   <trkpt lat="46.056190" lon="11.183870"><ele>1167.6</ele></trkpt>
   <trkpt lat="46.056205" lon="11.183791"><ele>1170.0</ele></trkpt>
   <trkpt lat="46.056076" lon="11.183894"><ele>1173.3</ele></trkpt>
   <trkpt lat="46.056053" lon="11.183895"><ele>1174.5</ele></trkpt>
   <trkpt lat="46.056075" lon="11.183833"><ele>1175.7</ele></trkpt>
   <trkpt lat="46.056066" lon="11.183770"><ele>1179.5</ele></trkpt>
   <trkpt lat="46.056018" lon="11.183773"><ele>1182.0</ele></trkpt>
   <trkpt lat="46.055927" lon="11.183845"><ele>1183.5</ele></trkpt>
   <trkpt lat="46.055858" lon="11.183888"><ele>1185.6</ele></trkpt>
   <trkpt lat="46.055822" lon="11.183861"><ele>1188.7</ele></trkpt>
   <trkpt lat="46.055823" lon="11.183798"><ele>1191.2</ele></trkpt>
   <trkpt lat="46.055915" lon="11.183718"><ele>1190.6</ele></trkpt>
   <trkpt lat="46.055998" lon="11.183515"><ele>1197.0</ele></trkpt>
   <trkpt lat="46.055992" lon="11.183484"><ele>1198.7</ele></trkpt>
   <trkpt lat="46.055964" lon="11.183490"><ele>1199.8</ele></trkpt>
   <trkpt lat="46.055924" lon="11.183495"><ele>1201.5</ele></trkpt>
   <trkpt lat="46.055915" lon="11.183457"><ele>1203.5</ele></trkpt>
   <trkpt lat="46.055961" lon="11.183411"><ele>1203.3</ele></trkpt>
   <trkpt lat="46.055968" lon="11.183354"><ele>1205.1</ele></trkpt>
   <trkpt lat="46.055952" lon="11.183261"><ele>1208.5</ele></trkpt>
   <trkpt lat="46.055910" lon="11.183250"><ele>1210.6</ele></trkpt>
   <trkpt lat="46.055832" lon="11.183291"><ele>1212.7</ele></trkpt>
   <trkpt lat="46.055773" lon="11.183249"><ele>1216.4</ele></trkpt>
   <trkpt lat="46.055756" lon="11.183210"><ele>1218.2</ele></trkpt>
   <trkpt lat="46.055746" lon="11.183024"><ele>1222.5</ele></trkpt>
   <trkpt lat="46.055754" lon="11.182856"><ele>1226.2</ele></trkpt>
   <trkpt lat="46.055745" lon="11.182742"><ele>1229.7</ele></trkpt>
   <trkpt lat="46.055701" lon="11.182705"><ele>1233.0</ele></trkpt>
   <trkpt lat="46.055587" lon="11.182750"><ele>1236.8</ele></trkpt>
   <trkpt lat="46.055539" lon="11.182589"><ele>1242.3</ele></trkpt>
   <trkpt lat="46.055497" lon="11.182518"><ele>1244.4</ele></trkpt>
   <trkpt lat="46.055458" lon="11.182582"><ele>1246.5</ele></trkpt>
   <trkpt lat="46.055365" lon="11.182783"><ele>1249.7</ele></trkpt>
   <trkpt lat="46.055325" lon="11.182776"><ele>1252.6</ele></trkpt>
   <trkpt lat="46.055306" lon="11.182694"><ele>1254.2</ele></trkpt>
   <trkpt lat="46.055233" lon="11.182635"><ele>1258.2</ele></trkpt>
   <trkpt lat="46.055173" lon="11.182593"><ele>1260.8</ele></trkpt>
   <trkpt lat="46.055122" lon="11.182583"><ele>1263.1</ele></trkpt>
   <trkpt lat="46.055010" lon="11.182608"><ele>1268.3</ele></trkpt>
   <trkpt lat="46.054976" lon="11.182538"><ele>1268.0</ele></trkpt>
   <trkpt lat="46.054884" lon="11.182439"><ele>1268.7</ele></trkpt>
   <trkpt lat="46.054783" lon="11.182434"><ele>1272.0</ele></trkpt>
   <trkpt lat="46.054701" lon="11.182356"><ele>1274.1</ele></trkpt>
   <trkpt lat="46.054602" lon="11.182254"><ele>1277.2</ele></trkpt>
   <trkpt lat="46.054524" lon="11.182215"><ele>1280.1</ele></trkpt>
   <trkpt lat="46.054481" lon="11.182246"><ele>1283.0</ele></trkpt>
   <trkpt lat="46.054440" lon="11.182222"><ele>1284.2</ele></trkpt>
   <trkpt lat="46.054411" lon="11.182180"><ele>1284.5</ele></trkpt>
   <trkpt lat="46.054331" lon="11.182097"><ele>1286.0</ele></trkpt>
   <trkpt lat="46.054291" lon="11.182081"><ele>1287.2</ele></trkpt>
   <trkpt lat="46.054198" lon="11.182077"><ele>1289.9</ele></trkpt>
   <trkpt lat="46.054117" lon="11.182120"><ele>1291.2</ele></trkpt>
   <trkpt lat="46.054059" lon="11.182101"><ele>1292.1</ele></trkpt>
   <trkpt lat="46.053917" lon="11.182125"><ele>1292.1</ele></trkpt>
   <trkpt lat="46.053792" lon="11.182095"><ele>1292.6</ele></trkpt>
   <trkpt lat="46.053582" lon="11.182032"><ele>1294.2</ele></trkpt>
   <trkpt lat="46.053384" lon="11.181979"><ele>1294.6</ele></trkpt>
   <trkpt lat="46.053300" lon="11.181893"><ele>1294.1</ele></trkpt>
   <trkpt lat="46.053163" lon="11.181741"><ele>1296.3</ele></trkpt>
   <trkpt lat="46.052943" lon="11.181570"><ele>1300.2</ele></trkpt>
   <trkpt lat="46.052690" lon="11.181538"><ele>1305.5</ele></trkpt>
   <trkpt lat="46.052388" lon="11.181538"><ele>1310.1</ele></trkpt>
   <trkpt lat="46.052146" lon="11.181452"><ele>1313.8</ele></trkpt>
   <trkpt lat="46.051919" lon="11.181436"><ele>1313.0</ele></trkpt>
   <trkpt lat="46.051690" lon="11.181665"><ele>1313.7</ele></trkpt>
   <trkpt lat="46.051688" lon="11.181666"><ele>1313.7</ele></trkpt>
   <trkpt lat="46.051473" lon="11.181940"><ele>1315.5</ele></trkpt>
   <trkpt lat="46.051294" lon="11.182101"><ele>1315.5</ele></trkpt>
   <trkpt lat="46.051093" lon="11.182503"><ele>1314.9</ele></trkpt>
   <trkpt lat="46.050814" lon="11.182868"><ele>1321.1</ele></trkpt>
   <trkpt lat="46.050542" lon="11.183227"><ele>1323.6</ele></trkpt>
   <trkpt lat="46.050378" lon="11.183479"><ele>1322.5</ele></trkpt>
   <trkpt lat="46.050315" lon="11.183571"><ele>1322.7</ele></trkpt>
   <trkpt lat="46.050073" lon="11.183624"><ele>1321.0</ele></trkpt>
   <trkpt lat="46.049842" lon="11.183699"><ele>1320.6</ele></trkpt>
   <trkpt lat="46.049643" lon="11.183726"><ele>1322.1</ele></trkpt>
   <trkpt lat="46.049596" lon="11.183732"><ele>1322.6</ele></trkpt>
   <trkpt lat="46.049568" lon="11.183651"><ele>1321.4</ele></trkpt>
   <trkpt lat="46.049531" lon="11.183586"><ele>1320.3</ele></trkpt>
   <trkpt lat="46.049463" lon="11.183516"><ele>1319.0</ele></trkpt>
   <trkpt lat="46.049383" lon="11.183444"><ele>1317.2</ele></trkpt>
   <trkpt lat="46.049222" lon="11.183322"><ele>1313.2</ele></trkpt>
   <trkpt lat="46.049145" lon="11.183283"><ele>1311.6</ele></trkpt>
   <trkpt lat="46.049054" lon="11.183256"><ele>1309.5</ele></trkpt>
   <trkpt lat="46.048968" lon="11.183249"><ele>1307.6</ele></trkpt>
   <trkpt lat="46.048891" lon="11.183259"><ele>1306.5</ele></trkpt>
   <trkpt lat="46.048787" lon="11.183273"><ele>1304.7</ele></trkpt>
   <trkpt lat="46.048671" lon="11.183275"><ele>1302.6</ele></trkpt>
   <trkpt lat="46.048416" lon="11.183233"><ele>1297.3</ele></trkpt>
   <trkpt lat="46.048161" lon="11.183191"><ele>1292.9</ele></trkpt>
   <trkpt lat="46.047840" lon="11.183138"><ele>1285.2</ele></trkpt>
   <trkpt lat="46.047773" lon="11.183151"><ele>1284.1</ele></trkpt>
   <trkpt lat="46.047706" lon="11.183177"><ele>1283.5</ele></trkpt>
   <trkpt lat="46.047645" lon="11.183208"><ele>1283.0</ele></trkpt>
   <trkpt lat="46.047570" lon="11.183257"><ele>1282.1</ele></trkpt>
   <trkpt lat="46.047532" lon="11.183263"><ele>1281.1</ele></trkpt>
   <trkpt lat="46.047498" lon="11.183250"><ele>1279.9</ele></trkpt>
   <trkpt lat="46.047483" lon="11.183232"><ele>1279.1</ele></trkpt>
   <trkpt lat="46.047465" lon="11.183186"><ele>1277.8</ele></trkpt>
   <trkpt lat="46.047425" lon="11.183087"><ele>1275.5</ele></trkpt>
   <trkpt lat="46.047395" lon="11.183066"><ele>1275.1</ele></trkpt>
   <trkpt lat="46.047344" lon="11.183049"><ele>1274.4</ele></trkpt>
   <trkpt lat="46.047296" lon="11.183044"><ele>1273.3</ele></trkpt>
   <trkpt lat="46.047240" lon="11.183048"><ele>1271.4</ele></trkpt>
   <trkpt lat="46.047202" lon="11.183064"><ele>1270.6</ele></trkpt>
   <trkpt lat="46.047160" lon="11.183086"><ele>1270.5</ele></trkpt>
   <trkpt lat="46.047130" lon="11.183106"><ele>1271.1</ele></trkpt>
   <trkpt lat="46.047090" lon="11.183103"><ele>1270.7</ele></trkpt>
   <trkpt lat="46.047060" lon="11.183080"><ele>1269.3</ele></trkpt>
   <trkpt lat="46.047015" lon="11.183052"><ele>1267.5</ele></trkpt>
   <trkpt lat="46.046978" lon="11.183039"><ele>1266.6</ele></trkpt>
   <trkpt lat="46.046836" lon="11.183021"><ele>1263.8</ele></trkpt>
   <trkpt lat="46.046777" lon="11.183017"><ele>1262.7</ele></trkpt>
   <trkpt lat="46.046731" lon="11.183037"><ele>1262.9</ele></trkpt>
   <trkpt lat="46.046665" lon="11.183076"><ele>1263.6</ele></trkpt>
   <trkpt lat="46.046640" lon="11.183080"><ele>1263.5</ele></trkpt>
   <trkpt lat="46.046612" lon="11.183067"><ele>1262.5</ele></trkpt>
   <trkpt lat="46.046592" lon="11.183051"><ele>1261.5</ele></trkpt>
   <trkpt lat="46.046568" lon="11.183023"><ele>1260.1</ele></trkpt>
   <trkpt lat="46.046539" lon="11.182998"><ele>1259.1</ele></trkpt>
   <trkpt lat="46.046422" lon="11.182952"><ele>1257.8</ele></trkpt>
   <trkpt lat="46.046372" lon="11.182945"><ele>1256.7</ele></trkpt>
   <trkpt lat="46.046206" lon="11.182956"><ele>1252.7</ele></trkpt>
   <trkpt lat="46.046162" lon="11.182966"><ele>1251.7</ele></trkpt>
   <trkpt lat="46.046084" lon="11.182985"><ele>1249.8</ele></trkpt>
   <trkpt lat="46.046023" lon="11.183002"><ele>1248.8</ele></trkpt>
   <trkpt lat="46.045940" lon="11.183035"><ele>1247.8</ele></trkpt>
   <trkpt lat="46.045897" lon="11.183037"><ele>1246.6</ele></trkpt>
   <trkpt lat="46.045824" lon="11.183056"><ele>1246.1</ele></trkpt>
   <trkpt lat="46.045789" lon="11.183055"><ele>1245.4</ele></trkpt>
   <trkpt lat="46.045749" lon="11.183051"><ele>1244.8</ele></trkpt>
   <trkpt lat="46.045687" lon="11.183020"><ele>1242.8</ele></trkpt>
   <trkpt lat="46.045606" lon="11.182969"><ele>1239.9</ele></trkpt>
   <trkpt lat="46.045549" lon="11.182939"><ele>1238.1</ele></trkpt>
   <trkpt lat="46.045498" lon="11.182929"><ele>1237.1</ele></trkpt>
   <trkpt lat="46.045379" lon="11.182919"><ele>1235.9</ele></trkpt>
   <trkpt lat="46.045271" lon="11.182899"><ele>1234.2</ele></trkpt>
   <trkpt lat="46.045203" lon="11.182871"><ele>1232.2</ele></trkpt>
   <trkpt lat="46.045116" lon="11.182875"><ele>1230.5</ele></trkpt>
   <trkpt lat="46.045044" lon="11.182886"><ele>1228.5</ele></trkpt>
   <trkpt lat="46.044957" lon="11.182927"><ele>1228.2</ele></trkpt>
   <trkpt lat="46.044923" lon="11.182959"><ele>1229.3</ele></trkpt>
   <trkpt lat="46.044888" lon="11.182965"><ele>1229.2</ele></trkpt>
   <trkpt lat="46.044852" lon="11.182969"><ele>1229.0</ele></trkpt>
   <trkpt lat="46.044822" lon="11.182961"><ele>1228.3</ele></trkpt>
   <trkpt lat="46.044729" lon="11.182903"><ele>1224.1</ele></trkpt>
   <trkpt lat="46.044637" lon="11.182871"><ele>1221.8</ele></trkpt>
   <trkpt lat="46.044435" lon="11.182834"><ele>1216.6</ele></trkpt>
   <trkpt lat="46.044301" lon="11.182812"><ele>1212.1</ele></trkpt>
   <trkpt lat="46.044268" lon="11.182831"><ele>1212.1</ele></trkpt>
   <trkpt lat="46.044223" lon="11.182887"><ele>1213.8</ele></trkpt>
   <trkpt lat="46.044191" lon="11.182897"><ele>1213.6</ele></trkpt>
   <trkpt lat="46.044157" lon="11.182905"><ele>1213.4</ele></trkpt>
   <trkpt lat="46.044093" lon="11.182872"><ele>1210.5</ele></trkpt>
   <trkpt lat="46.044024" lon="11.182819"><ele>1207.2</ele></trkpt>
   <trkpt lat="46.043941" lon="11.182783"><ele>1205.9</ele></trkpt>
   <trkpt lat="46.043877" lon="11.182729"><ele>1203.7</ele></trkpt>
   <trkpt lat="46.043750" lon="11.182683"><ele>1200.7</ele></trkpt>
   <trkpt lat="46.043649" lon="11.182683"><ele>1198.7</ele></trkpt>
   <trkpt lat="46.043498" lon="11.182699"><ele>1196.7</ele></trkpt>
   <trkpt lat="46.043451" lon="11.182691"><ele>1195.7</ele></trkpt>
   <trkpt lat="46.043342" lon="11.182651"><ele>1193.5</ele></trkpt>
   <trkpt lat="46.043262" lon="11.182588"><ele>1191.3</ele></trkpt>
   <trkpt lat="46.043128" lon="11.182529"><ele>1189.4</ele></trkpt>
   <trkpt lat="46.042742" lon="11.182247"><ele>1178.9</ele></trkpt>
   <trkpt lat="46.042688" lon="11.182234"><ele>1178.2</ele></trkpt>
   <trkpt lat="46.042592" lon="11.182159"><ele>1175.3</ele></trkpt>
   <trkpt lat="46.042455" lon="11.182030"><ele>1172.0</ele></trkpt>
   <trkpt lat="46.042409" lon="11.182018"><ele>1171.5</ele></trkpt>
   <trkpt lat="46.042357" lon="11.182006"><ele>1170.6</ele></trkpt>
   <trkpt lat="46.042270" lon="11.182003"><ele>1169.6</ele></trkpt>
   <trkpt lat="46.042198" lon="11.181987"><ele>1167.5</ele></trkpt>
   <trkpt lat="46.042131" lon="11.181973"><ele>1166.0</ele></trkpt>
   <trkpt lat="46.042090" lon="11.181954"><ele>1165.1</ele></trkpt>
   <trkpt lat="46.042046" lon="11.181917"><ele>1163.8</ele></trkpt>
   <trkpt lat="46.041977" lon="11.181842"><ele>1161.6</ele></trkpt>
   <trkpt lat="46.041822" lon="11.181747"><ele>1159.8</ele></trkpt>
   <trkpt lat="46.041798" lon="11.181674"><ele>1157.7</ele></trkpt>
   <trkpt lat="46.041812" lon="11.181600"><ele>1155.7</ele></trkpt>
   <trkpt lat="46.041764" lon="11.181574"><ele>1156.2</ele></trkpt>
   <trkpt lat="46.041521" lon="11.181595"><ele>1162.5</ele></trkpt>
   <trkpt lat="46.041279" lon="11.181616"><ele>1170.3</ele></trkpt>
   <trkpt lat="46.041070" lon="11.181466"><ele>1171.2</ele></trkpt>
   <trkpt lat="46.040862" lon="11.181316"><ele>1175.9</ele></trkpt>
   <trkpt lat="46.040653" lon="11.181187"><ele>1180.3</ele></trkpt>
   <trkpt lat="46.040534" lon="11.180801"><ele>1183.2</ele></trkpt>
   <trkpt lat="46.040355" lon="11.180543"><ele>1190.8</ele></trkpt>
   <trkpt lat="46.040176" lon="11.179985"><ele>1195.4</ele></trkpt>
   <trkpt lat="46.040131" lon="11.179809"><ele>1197.8</ele></trkpt>
   <trkpt lat="46.040072" lon="11.179578"><ele>1200.8</ele></trkpt>
   <trkpt lat="46.039968" lon="11.179170"><ele>1200.6</ele></trkpt>
   <trkpt lat="46.039864" lon="11.178762"><ele>1199.3</ele></trkpt>
   <trkpt lat="46.039759" lon="11.178355"><ele>1197.0</ele></trkpt>
   <trkpt lat="46.039432" lon="11.178054"><ele>1204.0</ele></trkpt>
   <trkpt lat="46.039134" lon="11.178054"><ele>1211.1</ele></trkpt>
   <trkpt lat="46.038836" lon="11.177882"><ele>1218.2</ele></trkpt>
   <trkpt lat="46.038627" lon="11.177754"><ele>1219.0</ele></trkpt>
   <trkpt lat="46.038419" lon="11.177625"><ele>1223.0</ele></trkpt>
   <trkpt lat="46.038026" lon="11.177563"><ele>1232.6</ele></trkpt>
   <trkpt lat="46.037780" lon="11.177700"><ele>1234.6</ele></trkpt>
   <trkpt lat="46.037648" lon="11.177720"><ele>1234.1</ele></trkpt>
   <trkpt lat="46.037556" lon="11.177734"><ele>1233.5</ele></trkpt>
   <trkpt lat="46.037439" lon="11.177733"><ele>1233.3</ele></trkpt>
   <trkpt lat="46.037361" lon="11.177729"><ele>1233.2</ele></trkpt>
   <trkpt lat="46.037263" lon="11.177700"><ele>1232.0</ele></trkpt>
   <trkpt lat="46.037198" lon="11.177656"><ele>1230.7</ele></trkpt>
   <trkpt lat="46.037152" lon="11.177593"><ele>1229.9</ele></trkpt>
   <trkpt lat="46.037078" lon="11.177474"><ele>1228.5</ele></trkpt>
   <trkpt lat="46.037014" lon="11.177418"><ele>1227.3</ele></trkpt>
   <trkpt lat="46.036918" lon="11.177337"><ele>1225.5</ele></trkpt>
   <trkpt lat="46.036856" lon="11.177310"><ele>1224.2</ele></trkpt>
   <trkpt lat="46.036647" lon="11.177241"><ele>1222.5</ele></trkpt>
   <trkpt lat="46.036577" lon="11.177216"><ele>1222.3</ele></trkpt>
   <trkpt lat="46.036493" lon="11.177211"><ele>1223.2</ele></trkpt>
   <trkpt lat="46.036408" lon="11.177218"><ele>1224.2</ele></trkpt>
   <trkpt lat="46.036334" lon="11.177233"><ele>1225.1</ele></trkpt>
   <trkpt lat="46.036260" lon="11.177270"><ele>1226.8</ele></trkpt>
   <trkpt lat="46.036206" lon="11.177303"><ele>1227.8</ele></trkpt>
   <trkpt lat="46.036160" lon="11.177318"><ele>1227.8</ele></trkpt>
   <trkpt lat="46.036109" lon="11.177305"><ele>1227.4</ele></trkpt>
   <trkpt lat="46.036064" lon="11.177279"><ele>1227.6</ele></trkpt>
   <trkpt lat="46.036000" lon="11.177218"><ele>1228.0</ele></trkpt>
   <trkpt lat="46.035925" lon="11.177167"><ele>1228.6</ele></trkpt>
   <trkpt lat="46.035779" lon="11.177094"><ele>1231.1</ele></trkpt>
   <trkpt lat="46.035687" lon="11.177071"><ele>1233.1</ele></trkpt>
   <trkpt lat="46.035576" lon="11.177067"><ele>1235.5</ele></trkpt>
   <trkpt lat="46.035420" lon="11.177047"><ele>1235.6</ele></trkpt>
   <trkpt lat="46.035302" lon="11.177051"><ele>1234.6</ele></trkpt>
   <trkpt lat="46.035258" lon="11.177059"><ele>1234.1</ele></trkpt>
   <trkpt lat="46.035211" lon="11.177074"><ele>1233.7</ele></trkpt>
   <trkpt lat="46.035172" lon="11.177085"><ele>1233.4</ele></trkpt>
   <trkpt lat="46.035062" lon="11.177069"><ele>1232.1</ele></trkpt>
   <trkpt lat="46.035016" lon="11.177051"><ele>1231.8</ele></trkpt>
   <trkpt lat="46.034887" lon="11.176970"><ele>1231.6</ele></trkpt>
   <trkpt lat="46.034836" lon="11.176927"><ele>1231.7</ele></trkpt>
   <trkpt lat="46.034736" lon="11.176823"><ele>1230.8</ele></trkpt>
   <trkpt lat="46.034597" lon="11.176650"><ele>1232.6</ele></trkpt>
   <trkpt lat="46.034540" lon="11.176566"><ele>1232.9</ele></trkpt>
   <trkpt lat="46.034457" lon="11.176456"><ele>1234.7</ele></trkpt>
   <trkpt lat="46.034421" lon="11.176429"><ele>1235.8</ele></trkpt>
   <trkpt lat="46.034284" lon="11.176271"><ele>1236.3</ele></trkpt>
   <trkpt lat="46.034191" lon="11.176179"><ele>1237.5</ele></trkpt>
   <trkpt lat="46.034158" lon="11.176167"><ele>1237.7</ele></trkpt>
   <trkpt lat="46.034109" lon="11.176161"><ele>1237.5</ele></trkpt>
   <trkpt lat="46.034009" lon="11.176204"><ele>1236.3</ele></trkpt>
   <trkpt lat="46.033931" lon="11.176215"><ele>1235.4</ele></trkpt>
   <trkpt lat="46.033877" lon="11.176210"><ele>1234.7</ele></trkpt>
   <trkpt lat="46.033820" lon="11.176195"><ele>1234.0</ele></trkpt>
   <trkpt lat="46.033766" lon="11.176155"><ele>1233.7</ele></trkpt>
   <trkpt lat="46.033703" lon="11.176071"><ele>1234.2</ele></trkpt>
   <trkpt lat="46.033638" lon="11.176019"><ele>1233.1</ele></trkpt>
   <trkpt lat="46.033590" lon="11.175995"><ele>1231.9</ele></trkpt>
   <trkpt lat="46.033526" lon="11.175973"><ele>1230.2</ele></trkpt>
   <trkpt lat="46.033453" lon="11.175962"><ele>1228.2</ele></trkpt>
   <trkpt lat="46.033389" lon="11.175932"><ele>1226.5</ele></trkpt>
   <trkpt lat="46.033254" lon="11.175826"><ele>1224.5</ele></trkpt>
   <trkpt lat="46.033152" lon="11.175774"><ele>1222.7</ele></trkpt>
   <trkpt lat="46.033136" lon="11.175746"><ele>1222.8</ele></trkpt>
   <trkpt lat="46.033129" lon="11.175720"><ele>1223.0</ele></trkpt>
   <trkpt lat="46.033136" lon="11.175679"><ele>1223.2</ele></trkpt>
   <trkpt lat="46.033201" lon="11.175578"><ele>1222.2</ele></trkpt>
   <trkpt lat="46.033260" lon="11.175510"><ele>1220.8</ele></trkpt>
   <trkpt lat="46.033349" lon="11.175452"><ele>1220.4</ele></trkpt>
   <trkpt lat="46.033361" lon="11.175420"><ele>1220.3</ele></trkpt>
   <trkpt lat="46.033359" lon="11.175394"><ele>1220.3</ele></trkpt>
   <trkpt lat="46.033350" lon="11.175366"><ele>1220.4</ele></trkpt>
   <trkpt lat="46.033333" lon="11.175342"><ele>1220.3</ele></trkpt>
   <trkpt lat="46.033314" lon="11.175327"><ele>1220.1</ele></trkpt>
   <trkpt lat="46.033290" lon="11.175317"><ele>1219.6</ele></trkpt>
   <trkpt lat="46.033197" lon="11.175303"><ele>1216.7</ele></trkpt>
   <trkpt lat="46.033163" lon="11.175286"><ele>1215.2</ele></trkpt>
   <trkpt lat="46.033135" lon="11.175262"><ele>1214.0</ele></trkpt>
   <trkpt lat="46.033110" lon="11.175232"><ele>1212.8</ele></trkpt>
   <trkpt lat="46.033096" lon="11.175191"><ele>1212.1</ele></trkpt>
   <trkpt lat="46.033095" lon="11.175160"><ele>1211.9</ele></trkpt>
   <trkpt lat="46.033103" lon="11.175128"><ele>1212.1</ele></trkpt>
   <trkpt lat="46.033119" lon="11.175099"><ele>1212.6</ele></trkpt>
   <trkpt lat="46.033129" lon="11.175053"><ele>1213.0</ele></trkpt>
   <trkpt lat="46.033144" lon="11.174955"><ele>1213.2</ele></trkpt>
   <trkpt lat="46.033159" lon="11.174896"><ele>1212.9</ele></trkpt>
   <trkpt lat="46.033190" lon="11.174800"><ele>1211.7</ele></trkpt>
   <trkpt lat="46.033205" lon="11.174768"><ele>1211.3</ele></trkpt>
   <trkpt lat="46.033238" lon="11.174698"><ele>1210.3</ele></trkpt>
   <trkpt lat="46.033249" lon="11.174647"><ele>1209.6</ele></trkpt>
   <trkpt lat="46.033278" lon="11.174623"><ele>1209.3</ele></trkpt>
   <trkpt lat="46.033320" lon="11.174579"><ele>1208.8</ele></trkpt>
   <trkpt lat="46.033408" lon="11.174541"><ele>1208.9</ele></trkpt>
   <trkpt lat="46.033430" lon="11.174532"><ele>1209.1</ele></trkpt>
   <trkpt lat="46.033492" lon="11.174472"><ele>1210.4</ele></trkpt>
   <trkpt lat="46.033529" lon="11.174425"><ele>1211.2</ele></trkpt>
   <trkpt lat="46.033541" lon="11.174366"><ele>1211.5</ele></trkpt>
   <trkpt lat="46.033551" lon="11.174305"><ele>1211.5</ele></trkpt>
   <trkpt lat="46.033546" lon="11.174245"><ele>1211.2</ele></trkpt>
   <trkpt lat="46.033541" lon="11.174123"><ele>1210.8</ele></trkpt>
   <trkpt lat="46.033546" lon="11.173892"><ele>1210.7</ele></trkpt>
   <trkpt lat="46.033558" lon="11.173738"><ele>1210.5</ele></trkpt>
   <trkpt lat="46.033570" lon="11.173639"><ele>1210.6</ele></trkpt>
   <trkpt lat="46.033574" lon="11.173564"><ele>1210.7</ele></trkpt>
   <trkpt lat="46.033576" lon="11.173525"><ele>1210.8</ele></trkpt>
   <trkpt lat="46.033568" lon="11.173478"><ele>1210.7</ele></trkpt>
   <trkpt lat="46.033550" lon="11.173447"><ele>1210.4</ele></trkpt>
   <trkpt lat="46.033405" lon="11.173175"><ele>1211.8</ele></trkpt>
   <trkpt lat="46.033381" lon="11.173153"><ele>1211.7</ele></trkpt>
   <trkpt lat="46.033319" lon="11.173097"><ele>1211.2</ele></trkpt>
   <trkpt lat="46.033288" lon="11.173073"><ele>1210.9</ele></trkpt>
   <trkpt lat="46.033200" lon="11.173033"><ele>1211.1</ele></trkpt>
   <trkpt lat="46.033167" lon="11.173000"><ele>1210.9</ele></trkpt>
   <trkpt lat="46.033123" lon="11.172964"><ele>1210.6</ele></trkpt>
   <trkpt lat="46.033026" lon="11.172905"><ele>1209.7</ele></trkpt>
   <trkpt lat="46.032983" lon="11.172888"><ele>1209.5</ele></trkpt>
   <trkpt lat="46.032889" lon="11.172860"><ele>1209.3</ele></trkpt>
   <trkpt lat="46.032753" lon="11.172771"><ele>1209.0</ele></trkpt>
   <trkpt lat="46.032700" lon="11.172766"><ele>1209.4</ele></trkpt>
   <trkpt lat="46.032618" lon="11.172701"><ele>1209.0</ele></trkpt>
   <trkpt lat="46.032586" lon="11.172664"><ele>1208.3</ele></trkpt>
   <trkpt lat="46.032491" lon="11.172562"><ele>1206.2</ele></trkpt>
   <trkpt lat="46.032438" lon="11.172440"><ele>1205.1</ele></trkpt>
   <trkpt lat="46.032347" lon="11.172204"><ele>1203.3</ele></trkpt>
   <trkpt lat="46.032223" lon="11.172009"><ele>1200.2</ele></trkpt>
   <trkpt lat="46.032149" lon="11.171913"><ele>1200.1</ele></trkpt>
   <trkpt lat="46.032118" lon="11.171862"><ele>1199.6</ele></trkpt>
   <trkpt lat="46.032054" lon="11.171783"><ele>1198.2</ele></trkpt>
   <trkpt lat="46.031938" lon="11.171629"><ele>1197.4</ele></trkpt>
   <trkpt lat="46.031810" lon="11.171469"><ele>1194.7</ele></trkpt>
   <trkpt lat="46.031749" lon="11.171363"><ele>1192.4</ele></trkpt>
   <trkpt lat="46.031718" lon="11.171292"><ele>1190.9</ele></trkpt>
   <trkpt lat="46.031497" lon="11.170990"><ele>1184.5</ele></trkpt>
   <trkpt lat="46.031236" lon="11.170699"><ele>1180.4</ele></trkpt>
   <trkpt lat="46.031181" lon="11.170649"><ele>1179.6</ele></trkpt>
   <trkpt lat="46.031084" lon="11.170537"><ele>1177.8</ele></trkpt>
   <trkpt lat="46.031042" lon="11.170468"><ele>1176.7</ele></trkpt>
   <trkpt lat="46.030962" lon="11.170405"><ele>1175.3</ele></trkpt>
   <trkpt lat="46.030828" lon="11.170290"><ele>1172.6</ele></trkpt>
   <trkpt lat="46.030698" lon="11.170247"><ele>1171.8</ele></trkpt>
   <trkpt lat="46.030626" lon="11.170202"><ele>1171.0</ele></trkpt>
   <trkpt lat="46.030525" lon="11.170100"><ele>1168.8</ele></trkpt>
   <trkpt lat="46.030482" lon="11.170053"><ele>1167.9</ele></trkpt>
   <trkpt lat="46.030348" lon="11.169925"><ele>1165.6</ele></trkpt>
   <trkpt lat="46.030189" lon="11.169829"><ele>1163.4</ele></trkpt>
   <trkpt lat="46.029959" lon="11.169696"><ele>1160.2</ele></trkpt>
   <trkpt lat="46.029934" lon="11.169663"><ele>1159.5</ele></trkpt>
   <trkpt lat="46.029925" lon="11.169644"><ele>1159.1</ele></trkpt>
   <trkpt lat="46.029912" lon="11.169598"><ele>1158.3</ele></trkpt>
   <trkpt lat="46.029892" lon="11.169526"><ele>1157.1</ele></trkpt>
   <trkpt lat="46.029878" lon="11.169451"><ele>1155.9</ele></trkpt>
   <trkpt lat="46.029840" lon="11.169338"><ele>1154.4</ele></trkpt>
   <trkpt lat="46.029809" lon="11.169292"><ele>1153.8</ele></trkpt>
   <trkpt lat="46.029763" lon="11.169236"><ele>1152.9</ele></trkpt>
   <trkpt lat="46.029698" lon="11.169177"><ele>1151.8</ele></trkpt>
   <trkpt lat="46.029627" lon="11.169126"><ele>1150.8</ele></trkpt>
   <trkpt lat="46.029534" lon="11.169059"><ele>1149.2</ele></trkpt>
   <trkpt lat="46.029460" lon="11.168971"><ele>1147.7</ele></trkpt>
   <trkpt lat="46.029320" lon="11.168887"><ele>1145.5</ele></trkpt>
   <trkpt lat="46.029253" lon="11.168688"><ele>1143.7</ele></trkpt>
   <trkpt lat="46.029113" lon="11.168498"><ele>1139.8</ele></trkpt>
   <trkpt lat="46.029027" lon="11.168374"><ele>1137.6</ele></trkpt>
   <trkpt lat="46.028964" lon="11.168235"><ele>1135.9</ele></trkpt>
   <trkpt lat="46.028815" lon="11.168106"><ele>1132.1</ele></trkpt>
   <trkpt lat="46.028674" lon="11.167950"><ele>1129.6</ele></trkpt>
   <trkpt lat="46.028554" lon="11.167854"><ele>1127.3</ele></trkpt>
   <trkpt lat="46.028454" lon="11.167698"><ele>1125.9</ele></trkpt>
   <trkpt lat="46.028443" lon="11.167543"><ele>1125.0</ele></trkpt>
   <trkpt lat="46.028335" lon="11.167339"><ele>1122.7</ele></trkpt>
   <trkpt lat="46.028208" lon="11.167172"><ele>1119.5</ele></trkpt>
   <trkpt lat="46.028096" lon="11.167038"><ele>1117.0</ele></trkpt>
   <trkpt lat="46.028014" lon="11.166996"><ele>1115.4</ele></trkpt>
   <trkpt lat="46.027973" lon="11.166872"><ele>1113.0</ele></trkpt>
   <trkpt lat="46.027917" lon="11.166754"><ele>1109.6</ele></trkpt>
   <trkpt lat="46.027850" lon="11.166706"><ele>1107.2</ele></trkpt>
   <trkpt lat="46.027806" lon="11.166615"><ele>1104.6</ele></trkpt>
   <trkpt lat="46.027765" lon="11.166561"><ele>1103.4</ele></trkpt>
   <trkpt lat="46.027742" lon="11.166497"><ele>1101.2</ele></trkpt>
   <trkpt lat="46.027742" lon="11.166400"><ele>1098.2</ele></trkpt>
   <trkpt lat="46.027731" lon="11.166336"><ele>1096.4</ele></trkpt>
   <trkpt lat="46.027687" lon="11.166223"><ele>1093.0</ele></trkpt>
   <trkpt lat="46.027649" lon="11.166078"><ele>1089.8</ele></trkpt>
   <trkpt lat="46.027653" lon="11.165887"><ele>1086.0</ele></trkpt>
   <trkpt lat="46.027661" lon="11.165887"><ele>1086.0</ele></trkpt>
   <trkpt lat="46.027688" lon="11.165884"><ele>1085.8</ele></trkpt>
   <trkpt lat="46.027786" lon="11.165876"><ele>1084.5</ele></trkpt>
   <trkpt lat="46.027856" lon="11.165863"><ele>1084.0</ele></trkpt>
   <trkpt lat="46.027877" lon="11.165850"><ele>1084.0</ele></trkpt>
   <trkpt lat="46.027894" lon="11.165824"><ele>1084.0</ele></trkpt>
   <trkpt lat="46.027909" lon="11.165793"><ele>1084.0</ele></trkpt>
   <trkpt lat="46.027924" lon="11.165751"><ele>1084.1</ele></trkpt>
   <trkpt lat="46.027932" lon="11.165691"><ele>1083.7</ele></trkpt>
   <trkpt lat="46.027931" lon="11.165628"><ele>1082.7</ele></trkpt>
   <trkpt lat="46.027912" lon="11.165568"><ele>1081.3</ele></trkpt>
   <trkpt lat="46.027898" lon="11.165537"><ele>1080.5</ele></trkpt>
   <trkpt lat="46.027880" lon="11.165509"><ele>1079.9</ele></trkpt>
   <trkpt lat="46.027864" lon="11.165473"><ele>1079.1</ele></trkpt>
   <trkpt lat="46.027854" lon="11.165415"><ele>1078.2</ele></trkpt>
   <trkpt lat="46.027859" lon="11.165368"><ele>1077.5</ele></trkpt>
   <trkpt lat="46.027874" lon="11.165334"><ele>1077.0</ele></trkpt>
   <trkpt lat="46.027903" lon="11.165299"><ele>1076.4</ele></trkpt>
   <trkpt lat="46.027978" lon="11.165287"><ele>1076.4</ele></trkpt>
   <trkpt lat="46.028069" lon="11.165247"><ele>1075.6</ele></trkpt>
   <trkpt lat="46.028212" lon="11.165153"><ele>1072.2</ele></trkpt>
   <trkpt lat="46.028365" lon="11.165030"><ele>1069.1</ele></trkpt>
   <trkpt lat="46.028601" lon="11.164934"><ele>1066.9</ele></trkpt>
   <trkpt lat="46.028687" lon="11.164900"><ele>1066.0</ele></trkpt>
   <trkpt lat="46.028762" lon="11.164888"><ele>1065.3</ele></trkpt>
   <trkpt lat="46.028831" lon="11.164897"><ele>1064.7</ele></trkpt>
   <trkpt lat="46.028916" lon="11.164919"><ele>1063.8</ele></trkpt>
   <trkpt lat="46.028928" lon="11.164844"><ele>1063.0</ele></trkpt>
   <trkpt lat="46.028823" lon="11.164724"><ele>1064.2</ele></trkpt>
   <trkpt lat="46.028664" lon="11.164577"><ele>1064.4</ele></trkpt>
   <trkpt lat="46.028651" lon="11.164567"><ele>1064.2</ele></trkpt>
   <trkpt lat="46.028467" lon="11.164430"><ele>1060.5</ele></trkpt>
   <trkpt lat="46.028414" lon="11.164385"><ele>1060.1</ele></trkpt>
   <trkpt lat="46.028342" lon="11.164325"><ele>1059.5</ele></trkpt>
   <trkpt lat="46.028275" lon="11.164311"><ele>1059.4</ele></trkpt>
   <trkpt lat="46.028230" lon="11.164268"><ele>1059.0</ele></trkpt>
   <trkpt lat="46.028219" lon="11.164258"><ele>1058.9</ele></trkpt>
   <trkpt lat="46.028166" lon="11.164210"><ele>1058.3</ele></trkpt>
   <trkpt lat="46.028113" lon="11.164161"><ele>1057.2</ele></trkpt>
   <trkpt lat="46.028069" lon="11.164102"><ele>1055.7</ele></trkpt>
   <trkpt lat="46.028028" lon="11.164078"><ele>1054.9</ele></trkpt>
   <trkpt lat="46.027961" lon="11.164075"><ele>1054.0</ele></trkpt>
   <trkpt lat="46.027856" lon="11.164097"><ele>1052.9</ele></trkpt>
   <trkpt lat="46.027806" lon="11.164141"><ele>1052.7</ele></trkpt>
   <trkpt lat="46.027674" lon="11.164142"><ele>1051.3</ele></trkpt>
   <trkpt lat="46.027584" lon="11.163912"><ele>1047.3</ele></trkpt>
   <trkpt lat="46.027536" lon="11.163818"><ele>1045.6</ele></trkpt>
   <trkpt lat="46.027202" lon="11.163536"><ele>1038.8</ele></trkpt>
   <trkpt lat="46.027063" lon="11.163351"><ele>1034.8</ele></trkpt>
   <trkpt lat="46.026868" lon="11.163377"><ele>1032.3</ele></trkpt>
   <trkpt lat="46.026720" lon="11.163168"><ele>1026.7</ele></trkpt>
   <trkpt lat="46.026541" lon="11.162965"><ele>1023.6</ele></trkpt>
   <trkpt lat="46.026320" lon="11.162710"><ele>1015.5</ele></trkpt>
   <trkpt lat="46.026148" lon="11.162678"><ele>1015.4</ele></trkpt>
   <trkpt lat="46.026027" lon="11.162603"><ele>1011.7</ele></trkpt>
   <trkpt lat="46.025895" lon="11.162670"><ele>1009.7</ele></trkpt>
   <trkpt lat="46.025759" lon="11.162716"><ele>1006.1</ele></trkpt>
   <trkpt lat="46.025565" lon="11.162665"><ele>999.8</ele></trkpt>
   <trkpt lat="46.025428" lon="11.162725"><ele>995.9</ele></trkpt>
   <trkpt lat="46.025223" lon="11.162746"><ele>991.2</ele></trkpt>
   <trkpt lat="46.025044" lon="11.162764"><ele>985.5</ele></trkpt>
   <trkpt lat="46.024779" lon="11.162785"><ele>978.5</ele></trkpt>
   <trkpt lat="46.024397" lon="11.162772"><ele>969.4</ele></trkpt>
   <trkpt lat="46.024153" lon="11.162712"><ele>963.9</ele></trkpt>
   <trkpt lat="46.023858" lon="11.162618"><ele>958.9</ele></trkpt>
   <trkpt lat="46.023486" lon="11.162485"><ele>947.4</ele></trkpt>
   <trkpt lat="46.023185" lon="11.162592"><ele>940.8</ele></trkpt>
   <trkpt lat="46.023021" lon="11.162669"><ele>938.5</ele></trkpt>
   <trkpt lat="46.022935" lon="11.162720"><ele>937.3</ele></trkpt>
   <trkpt lat="46.022807" lon="11.162781"><ele>934.4</ele></trkpt>
   <trkpt lat="46.022607" lon="11.162914"><ele>929.9</ele></trkpt>
   <trkpt lat="46.022375" lon="11.163064"><ele>923.6</ele></trkpt>
   <trkpt lat="46.022173" lon="11.163171"><ele>919.6</ele></trkpt>
   <trkpt lat="46.022065" lon="11.163146"><ele>915.0</ele></trkpt>
   <trkpt lat="46.022062" lon="11.163137"><ele>914.5</ele></trkpt>
   <trkpt lat="46.022032" lon="11.163047"><ele>909.9</ele></trkpt>
   <trkpt lat="46.022087" lon="11.162874"><ele>904.7</ele></trkpt>
   <trkpt lat="46.022229" lon="11.162551"><ele>898.7</ele></trkpt>
   <trkpt lat="46.022408" lon="11.162190"><ele>893.3</ele></trkpt>
   <trkpt lat="46.022587" lon="11.161830"><ele>886.4</ele></trkpt>
   <trkpt lat="46.022765" lon="11.161470"><ele>879.2</ele></trkpt>
   <trkpt lat="46.023004" lon="11.161090"><ele>872.9</ele></trkpt>
   <trkpt lat="46.023185" lon="11.160991"><ele>871.7</ele></trkpt>
   <trkpt lat="46.023305" lon="11.160736"><ele>865.9</ele></trkpt>
   <trkpt lat="46.023499" lon="11.160653"><ele>866.0</ele></trkpt>
   <trkpt lat="46.023566" lon="11.160498"><ele>860.4</ele></trkpt>
   <trkpt lat="46.023665" lon="11.160279"><ele>857.1</ele></trkpt>
   <trkpt lat="46.023846" lon="11.159983"><ele>853.6</ele></trkpt>
   <trkpt lat="46.024020" lon="11.159770"><ele>849.6</ele></trkpt>
   <trkpt lat="46.024174" lon="11.159679"><ele>847.5</ele></trkpt>
   <trkpt lat="46.024478" lon="11.159528"><ele>844.3</ele></trkpt>
   <trkpt lat="46.024686" lon="11.159382"><ele>840.8</ele></trkpt>
   <trkpt lat="46.024839" lon="11.159344"><ele>838.6</ele></trkpt>
   <trkpt lat="46.024892" lon="11.159331"><ele>837.6</ele></trkpt>
   <trkpt lat="46.025044" lon="11.159198"><ele>833.0</ele></trkpt>
   <trkpt lat="46.025232" lon="11.159035"><ele>829.2</ele></trkpt>
   <trkpt lat="46.025372" lon="11.158816"><ele>822.9</ele></trkpt>
   <trkpt lat="46.025485" lon="11.158559"><ele>817.4</ele></trkpt>
   <trkpt lat="46.025687" lon="11.158396"><ele>813.0</ele></trkpt>
   <trkpt lat="46.025875" lon="11.158327"><ele>808.0</ele></trkpt>
   <trkpt lat="46.026173" lon="11.158302"><ele>802.0</ele></trkpt>
   <trkpt lat="46.026348" lon="11.158167"><ele>796.7</ele></trkpt>
   <trkpt lat="46.026369" lon="11.158102"><ele>795.5</ele></trkpt>
   <trkpt lat="46.026370" lon="11.158038"><ele>794.3</ele></trkpt>
   <trkpt lat="46.026370" lon="11.158035"><ele>794.3</ele></trkpt>
   <trkpt lat="46.026370" lon="11.158038"><ele>794.3</ele></trkpt>
   <trkpt lat="46.026281" lon="11.158065"><ele>793.4</ele></trkpt>
   <trkpt lat="46.026130" lon="11.158052"><ele>792.8</ele></trkpt>
   <trkpt lat="46.025799" lon="11.157924"><ele>793.0</ele></trkpt>
   <trkpt lat="46.025468" lon="11.157795"><ele>790.8</ele></trkpt>
   <trkpt lat="46.025105" lon="11.157815"><ele>790.9</ele></trkpt>
   <trkpt lat="46.024886" lon="11.157815"><ele>790.5</ele></trkpt>
   <trkpt lat="46.024642" lon="11.157857"><ele>790.8</ele></trkpt>
   <trkpt lat="46.024398" lon="11.157899"><ele>789.9</ele></trkpt>
   <trkpt lat="46.024147" lon="11.157954"><ele>789.0</ele></trkpt>
   <trkpt lat="46.023896" lon="11.158008"><ele>787.0</ele></trkpt>
   <trkpt lat="46.023627" lon="11.158034"><ele>786.0</ele></trkpt>
   <trkpt lat="46.023528" lon="11.158079"><ele>787.1</ele></trkpt>
   <trkpt lat="46.023165" lon="11.158415"><ele>786.7</ele></trkpt>
   <trkpt lat="46.022861" lon="11.158454"><ele>785.2</ele></trkpt>
   <trkpt lat="46.022637" lon="11.158595"><ele>784.8</ele></trkpt>
   <trkpt lat="46.022394" lon="11.158991"><ele>783.0</ele></trkpt>
   <trkpt lat="46.022321" lon="11.159043"><ele>783.6</ele></trkpt>
   <trkpt lat="46.022187" lon="11.159033"><ele>781.9</ele></trkpt>
   <trkpt lat="46.022080" lon="11.159128"><ele>783.0</ele></trkpt>
   <trkpt lat="46.021768" lon="11.159273"><ele>782.2</ele></trkpt>
   <trkpt lat="46.021661" lon="11.159328"><ele>781.2</ele></trkpt>
   <trkpt lat="46.021597" lon="11.159428"><ele>780.7</ele></trkpt>
   <trkpt lat="46.021478" lon="11.159590"><ele>777.3</ele></trkpt>
   <trkpt lat="46.021441" lon="11.159676"><ele>778.2</ele></trkpt>
   <trkpt lat="46.021368" lon="11.159757"><ele>779.6</ele></trkpt>
   <trkpt lat="46.021279" lon="11.159791"><ele>779.9</ele></trkpt>
   <trkpt lat="46.021144" lon="11.159819"><ele>780.7</ele></trkpt>
   <trkpt lat="46.020995" lon="11.159732"><ele>780.2</ele></trkpt>
   <trkpt lat="46.020822" lon="11.159694"><ele>782.8</ele></trkpt>
   <trkpt lat="46.020650" lon="11.159572"><ele>779.4</ele></trkpt>
   <trkpt lat="46.020369" lon="11.159497"><ele>784.2</ele></trkpt>
   <trkpt lat="46.020286" lon="11.159498"><ele>782.5</ele></trkpt>
   <trkpt lat="46.020162" lon="11.159499"><ele>780.1</ele></trkpt>
   <trkpt lat="46.019999" lon="11.159495"><ele>778.5</ele></trkpt>
   <trkpt lat="46.019826" lon="11.159408"><ele>777.2</ele></trkpt>
   <trkpt lat="46.019539" lon="11.159159"><ele>776.7</ele></trkpt>
   <trkpt lat="46.019253" lon="11.158910"><ele>777.6</ele></trkpt>
   <trkpt lat="46.018984" lon="11.158574"><ele>773.4</ele></trkpt>
   <trkpt lat="46.018808" lon="11.158432"><ele>770.0</ele></trkpt>
   <trkpt lat="46.018621" lon="11.158332"><ele>766.9</ele></trkpt>
   <trkpt lat="46.018500" lon="11.158448"><ele>766.4</ele></trkpt>
   <trkpt lat="46.018098" lon="11.158582"><ele>770.1</ele></trkpt>
   <trkpt lat="46.017835" lon="11.158495"><ele>773.6</ele></trkpt>
   <trkpt lat="46.017730" lon="11.158590"><ele>779.7</ele></trkpt>
   <trkpt lat="46.017771" lon="11.158929"><ele>786.7</ele></trkpt>
   <trkpt lat="46.017634" lon="11.158638"><ele>780.8</ele></trkpt>
   <trkpt lat="46.017498" lon="11.158346"><ele>772.3</ele></trkpt>
   <trkpt lat="46.017418" lon="11.158120"><ele>763.8</ele></trkpt>
   <trkpt lat="46.017305" lon="11.157843"><ele>753.5</ele></trkpt>
   <trkpt lat="46.017188" lon="11.157641"><ele>751.7</ele></trkpt>
   <trkpt lat="46.017090" lon="11.157453"><ele>753.3</ele></trkpt>
   <trkpt lat="46.016970" lon="11.157016"><ele>749.5</ele></trkpt>
   <trkpt lat="46.016835" lon="11.156730"><ele>747.6</ele></trkpt>
   <trkpt lat="46.016700" lon="11.156443"><ele>744.0</ele></trkpt>
   <trkpt lat="46.016545" lon="11.156387"><ele>740.8</ele></trkpt>
   <trkpt lat="46.016389" lon="11.156361"><ele>738.5</ele></trkpt>
   <trkpt lat="46.016197" lon="11.156110"><ele>735.9</ele></trkpt>
   <trkpt lat="46.016006" lon="11.155859"><ele>731.0</ele></trkpt>
   <trkpt lat="46.016035" lon="11.155452"><ele>730.1</ele></trkpt>
   <trkpt lat="46.015879" lon="11.155178"><ele>727.5</ele></trkpt>
   <trkpt lat="46.015896" lon="11.154915"><ele>726.5</ele></trkpt>
   <trkpt lat="46.016043" lon="11.154657"><ele>724.8</ele></trkpt>
   <trkpt lat="46.016309" lon="11.154581"><ele>726.0</ele></trkpt>
   <trkpt lat="46.016330" lon="11.154492"><ele>723.3</ele></trkpt>
   <trkpt lat="46.016283" lon="11.154425"><ele>720.3</ele></trkpt>
   <trkpt lat="46.016162" lon="11.154432"><ele>718.3</ele></trkpt>
   <trkpt lat="46.016036" lon="11.154502"><ele>718.2</ele></trkpt>
   <trkpt lat="46.015982" lon="11.154532"><ele>718.1</ele></trkpt>
   <trkpt lat="46.015721" lon="11.154770"><ele>714.0</ele></trkpt>
   <trkpt lat="46.015588" lon="11.155095"><ele>710.0</ele></trkpt>
   <trkpt lat="46.015642" lon="11.155380"><ele>708.5</ele></trkpt>
   <trkpt lat="46.015621" lon="11.155448"><ele>706.6</ele></trkpt>
   <trkpt lat="46.015571" lon="11.155437"><ele>704.6</ele></trkpt>
   <trkpt lat="46.015511" lon="11.155188"><ele>705.1</ele></trkpt>
   <trkpt lat="46.015403" lon="11.154889"><ele>700.9</ele></trkpt>
   <trkpt lat="46.015495" lon="11.154385"><ele>696.1</ele></trkpt>
   <trkpt lat="46.015676" lon="11.153907"><ele>688.1</ele></trkpt>
   <trkpt lat="46.015913" lon="11.153763"><ele>687.5</ele></trkpt>
   <trkpt lat="46.016027" lon="11.153520"><ele>686.1</ele></trkpt>
   <trkpt lat="46.016002" lon="11.153431"><ele>684.0</ele></trkpt>
   <trkpt lat="46.015948" lon="11.153433"><ele>683.1</ele></trkpt>
   <trkpt lat="46.015762" lon="11.153726"><ele>683.1</ele></trkpt>
   <trkpt lat="46.015442" lon="11.153751"><ele>677.4</ele></trkpt>
   <trkpt lat="46.015123" lon="11.153775"><ele>672.0</ele></trkpt>
   <trkpt lat="46.014941" lon="11.154125"><ele>670.6</ele></trkpt>
   <trkpt lat="46.014886" lon="11.154251"><ele>669.9</ele></trkpt>
   <trkpt lat="46.014827" lon="11.154253"><ele>667.5</ele></trkpt>
   <trkpt lat="46.014812" lon="11.154154"><ele>664.8</ele></trkpt>
   <trkpt lat="46.014896" lon="11.153914"><ele>663.7</ele></trkpt>
   <trkpt lat="46.015020" lon="11.153645"><ele>662.2</ele></trkpt>
   <trkpt lat="46.015145" lon="11.153376"><ele>659.7</ele></trkpt>
   <trkpt lat="46.015447" lon="11.153225"><ele>660.7</ele></trkpt>
   <trkpt lat="46.015451" lon="11.153138"><ele>659.0</ele></trkpt>
   <trkpt lat="46.015391" lon="11.153126"><ele>656.4</ele></trkpt>
   <trkpt lat="46.015093" lon="11.153276"><ele>655.1</ele></trkpt>
   <trkpt lat="46.014840" lon="11.153519"><ele>651.0</ele></trkpt>
   <trkpt lat="46.014587" lon="11.153762"><ele>648.1</ele></trkpt>
   <trkpt lat="46.014334" lon="11.154005"><ele>643.1</ele></trkpt>
   <trkpt lat="46.014232" lon="11.154069"><ele>642.1</ele></trkpt>
   <trkpt lat="46.014011" lon="11.153982"><ele>637.7</ele></trkpt>
   <trkpt lat="46.013790" lon="11.153894"><ele>631.7</ele></trkpt>
   <trkpt lat="46.013774" lon="11.153804"><ele>630.3</ele></trkpt>
   <trkpt lat="46.014017" lon="11.153369"><ele>628.4</ele></trkpt>
   <trkpt lat="46.014327" lon="11.153085"><ele>626.8</ele></trkpt>
   <trkpt lat="46.014401" lon="11.152926"><ele>624.8</ele></trkpt>
   <trkpt lat="46.014412" lon="11.152850"><ele>623.5</ele></trkpt>
   <trkpt lat="46.014347" lon="11.152690"><ele>619.4</ele></trkpt>
   <trkpt lat="46.014229" lon="11.152634"><ele>615.9</ele></trkpt>
   <trkpt lat="46.013978" lon="11.152704"><ele>610.8</ele></trkpt>
   <trkpt lat="46.013728" lon="11.152774"><ele>604.7</ele></trkpt>
   <trkpt lat="46.013347" lon="11.152947"><ele>601.6</ele></trkpt>
   <trkpt lat="46.013163" lon="11.153141"><ele>599.9</ele></trkpt>
   <trkpt lat="46.013077" lon="11.153233"><ele>598.1</ele></trkpt>
   <trkpt lat="46.012917" lon="11.153425"><ele>594.9</ele></trkpt>
   <trkpt lat="46.012840" lon="11.153558"><ele>593.3</ele></trkpt>
   <trkpt lat="46.012812" lon="11.153606"><ele>592.7</ele></trkpt>
   <trkpt lat="46.012638" lon="11.154076"><ele>590.6</ele></trkpt>
   <trkpt lat="46.012584" lon="11.154264"><ele>590.2</ele></trkpt>
   <trkpt lat="46.012535" lon="11.154540"><ele>589.3</ele></trkpt>
   <trkpt lat="46.012493" lon="11.154665"><ele>588.2</ele></trkpt>
   <trkpt lat="46.012416" lon="11.154759"><ele>585.7</ele></trkpt>
   <trkpt lat="46.012344" lon="11.154724"><ele>583.3</ele></trkpt>
   <trkpt lat="46.012281" lon="11.154681"><ele>581.7</ele></trkpt>
   <trkpt lat="46.012231" lon="11.154583"><ele>580.1</ele></trkpt>
   <trkpt lat="46.012121" lon="11.154376"><ele>576.7</ele></trkpt>
   <trkpt lat="46.012086" lon="11.154345"><ele>575.9</ele></trkpt>
   <trkpt lat="46.012041" lon="11.154365"><ele>575.0</ele></trkpt>
   <trkpt lat="46.011998" lon="11.154414"><ele>573.7</ele></trkpt>
   <trkpt lat="46.011887" lon="11.154715"><ele>570.4</ele></trkpt>
   <trkpt lat="46.011820" lon="11.154794"><ele>568.8</ele></trkpt>
   <trkpt lat="46.011754" lon="11.154836"><ele>567.7</ele></trkpt>
   <trkpt lat="46.011636" lon="11.154854"><ele>566.7</ele></trkpt>
   <trkpt lat="46.011582" lon="11.154849"><ele>566.3</ele></trkpt>
   <trkpt lat="46.011429" lon="11.154795"><ele>565.2</ele></trkpt>
   <trkpt lat="46.011246" lon="11.154699"><ele>565.9</ele></trkpt>
   <trkpt lat="46.011226" lon="11.154689"><ele>566.2</ele></trkpt>
   <trkpt lat="46.011151" lon="11.154699"><ele>567.6</ele></trkpt>
   <trkpt lat="46.011131" lon="11.154799"><ele>567.4</ele></trkpt>
   <trkpt lat="46.011150" lon="11.154998"><ele>566.8</ele></trkpt>
   <trkpt lat="46.011156" lon="11.155257"><ele>565.0</ele></trkpt>
   <trkpt lat="46.011215" lon="11.155678"><ele>566.6</ele></trkpt>
   <trkpt lat="46.011225" lon="11.156100"><ele>564.9</ele></trkpt>
   <trkpt lat="46.011210" lon="11.156373"><ele>561.9</ele></trkpt>
   <trkpt lat="46.011200" lon="11.156664"><ele>558.5</ele></trkpt>
   <trkpt lat="46.011126" lon="11.156990"><ele>556.2</ele></trkpt>
   <trkpt lat="46.011072" lon="11.157259"><ele>554.3</ele></trkpt>
   <trkpt lat="46.010998" lon="11.157641"><ele>552.6</ele></trkpt>
   <trkpt lat="46.010837" lon="11.157867"><ele>552.1</ele></trkpt>
   <trkpt lat="46.010758" lon="11.157901"><ele>551.6</ele></trkpt>
   <trkpt lat="46.010670" lon="11.157823"><ele>550.4</ele></trkpt>
   <trkpt lat="46.010602" lon="11.157606"><ele>549.5</ele></trkpt>
   <trkpt lat="46.010566" lon="11.157815"><ele>551.8</ele></trkpt>
   <trkpt lat="46.010521" lon="11.157965"><ele>554.4</ele></trkpt>
   <trkpt lat="46.010480" lon="11.158303"><ele>558.6</ele></trkpt>
   <trkpt lat="46.010417" lon="11.158674"><ele>564.4</ele></trkpt>
   <trkpt lat="46.010400" lon="11.158230"><ele>563.6</ele></trkpt>
   <trkpt lat="46.010361" lon="11.158037"><ele>566.4</ele></trkpt>
   <trkpt lat="46.010338" lon="11.157646"><ele>565.6</ele></trkpt>
   <trkpt lat="46.010264" lon="11.157479"><ele>569.5</ele></trkpt>
   <trkpt lat="46.010189" lon="11.157316"><ele>569.0</ele></trkpt>
   <trkpt lat="46.010081" lon="11.157179"><ele>571.9</ele></trkpt>
   <trkpt lat="46.009895" lon="11.157042"><ele>571.6</ele></trkpt>
   <trkpt lat="46.009824" lon="11.156943"><ele>569.6</ele></trkpt>
   <trkpt lat="46.009776" lon="11.156755"><ele>567.5</ele></trkpt>
   <trkpt lat="46.009744" lon="11.156659"><ele>568.3</ele></trkpt>
   <trkpt lat="46.009653" lon="11.156541"><ele>572.4</ele></trkpt>
   <trkpt lat="46.009480" lon="11.156366"><ele>576.6</ele></trkpt>
   <trkpt lat="46.009318" lon="11.156221"><ele>569.8</ele></trkpt>
   <trkpt lat="46.009208" lon="11.156203"><ele>568.7</ele></trkpt>
   <trkpt lat="46.009116" lon="11.156109"><ele>566.1</ele></trkpt>
   <trkpt lat="46.008908" lon="11.155865"><ele>565.3</ele></trkpt>
   <trkpt lat="46.008826" lon="11.155752"><ele>566.9</ele></trkpt>
   <trkpt lat="46.008731" lon="11.155591"><ele>565.1</ele></trkpt>
   <trkpt lat="46.008626" lon="11.155511"><ele>566.7</ele></trkpt>
   <trkpt lat="46.008589" lon="11.155444"><ele>565.9</ele></trkpt>
   <trkpt lat="46.008518" lon="11.155442"><ele>566.6</ele></trkpt>
   <trkpt lat="46.008437" lon="11.155394"><ele>565.7</ele></trkpt>
   <trkpt lat="46.008411" lon="11.155402"><ele>565.8</ele></trkpt>
   <trkpt lat="46.008310" lon="11.155482"><ele>566.2</ele></trkpt>
   <trkpt lat="46.008311" lon="11.155209"><ele>562.8</ele></trkpt>
   <trkpt lat="46.008217" lon="11.154956"><ele>558.9</ele></trkpt>
   <trkpt lat="46.008270" lon="11.154874"><ele>558.6</ele></trkpt>
   <trkpt lat="46.008375" lon="11.154763"><ele>558.7</ele></trkpt>
   <trkpt lat="46.008430" lon="11.154711"><ele>558.4</ele></trkpt>
   <trkpt lat="46.008427" lon="11.154618"><ele>557.4</ele></trkpt>
   <trkpt lat="46.008323" lon="11.154442"><ele>555.8</ele></trkpt>
   <trkpt lat="46.008251" lon="11.154300"><ele>554.5</ele></trkpt>
   <trkpt lat="46.008141" lon="11.154108"><ele>553.4</ele></trkpt>
   <trkpt lat="46.008077" lon="11.154159"><ele>552.8</ele></trkpt>
   <trkpt lat="46.007865" lon="11.154137"><ele>551.0</ele></trkpt>
   <trkpt lat="46.007707" lon="11.153989"><ele>548.6</ele></trkpt>
   <trkpt lat="46.007550" lon="11.153873"><ele>545.6</ele></trkpt>
   <trkpt lat="46.007380" lon="11.153767"><ele>542.0</ele></trkpt>
   <trkpt lat="46.007266" lon="11.153607"><ele>537.6</ele></trkpt>
   <trkpt lat="46.007197" lon="11.153406"><ele>533.2</ele></trkpt>
   <trkpt lat="46.007183" lon="11.153248"><ele>530.6</ele></trkpt>
   <trkpt lat="46.007157" lon="11.153153"><ele>528.2</ele></trkpt>
   <trkpt lat="46.007061" lon="11.153176"><ele>526.3</ele></trkpt>
   <trkpt lat="46.006901" lon="11.153300"><ele>524.5</ele></trkpt>
   <trkpt lat="46.006808" lon="11.153349"><ele>524.4</ele></trkpt>
   <trkpt lat="46.006652" lon="11.153357"><ele>523.8</ele></trkpt>
   <trkpt lat="46.006549" lon="11.153344"><ele>521.8</ele></trkpt>
   <trkpt lat="46.006508" lon="11.153294"><ele>520.5</ele></trkpt>
   <trkpt lat="46.006472" lon="11.153300"><ele>519.7</ele></trkpt>
   <trkpt lat="46.006455" lon="11.153498"><ele>518.5</ele></trkpt>
   <trkpt lat="46.006402" lon="11.153706"><ele>514.8</ele></trkpt>
   <trkpt lat="46.006369" lon="11.153729"><ele>513.0</ele></trkpt>
   <trkpt lat="46.006409" lon="11.153999"><ele>513.4</ele></trkpt>
   <trkpt lat="46.006409" lon="11.154141"><ele>512.6</ele></trkpt>
   <trkpt lat="46.006493" lon="11.154660"><ele>512.2</ele></trkpt>
   <trkpt lat="46.006520" lon="11.154836"><ele>510.3</ele></trkpt>
   <trkpt lat="46.006572" lon="11.155019"><ele>511.7</ele></trkpt>
   <trkpt lat="46.006675" lon="11.155251"><ele>514.1</ele></trkpt>
   <trkpt lat="46.006790" lon="11.155535"><ele>520.4</ele></trkpt>
   <trkpt lat="46.006800" lon="11.155949"><ele>517.6</ele></trkpt>
   <trkpt lat="46.006749" lon="11.156351"><ele>516.4</ele></trkpt>
   <trkpt lat="46.006792" lon="11.156930"><ele>522.0</ele></trkpt>
   <trkpt lat="46.006640" lon="11.157317"><ele>522.5</ele></trkpt>
   <trkpt lat="46.006457" lon="11.157509"><ele>518.0</ele></trkpt>
   <trkpt lat="46.006393" lon="11.157578"><ele>517.0</ele></trkpt>
   <trkpt lat="46.006349" lon="11.157599"><ele>517.1</ele></trkpt>
   <trkpt lat="46.006288" lon="11.157514"><ele>517.0</ele></trkpt>
   <trkpt lat="46.006224" lon="11.157425"><ele>517.5</ele></trkpt>
   <trkpt lat="46.006205" lon="11.157399"><ele>517.7</ele></trkpt>
   <trkpt lat="46.006261" lon="11.157164"><ele>518.2</ele></trkpt>
   <trkpt lat="46.006226" lon="11.156967"><ele>520.2</ele></trkpt>
   <trkpt lat="46.006144" lon="11.156774"><ele>521.2</ele></trkpt>
   <trkpt lat="46.005943" lon="11.156602"><ele>523.5</ele></trkpt>
   <trkpt lat="46.005849" lon="11.156586"><ele>526.6</ele></trkpt>
   <trkpt lat="46.005723" lon="11.156768"><ele>534.0</ele></trkpt>
   <trkpt lat="46.005659" lon="11.156683"><ele>535.6</ele></trkpt>
   <trkpt lat="46.005618" lon="11.156854"><ele>539.0</ele></trkpt>
   <trkpt lat="46.005555" lon="11.156994"><ele>544.2</ele></trkpt>
   <trkpt lat="46.005499" lon="11.156902"><ele>546.7</ele></trkpt>
   <trkpt lat="46.005380" lon="11.157063"><ele>556.6</ele></trkpt>
   <trkpt lat="46.005361" lon="11.156870"><ele>558.4</ele></trkpt>
   <trkpt lat="46.005298" lon="11.156666"><ele>564.5</ele></trkpt>
   <trkpt lat="46.005205" lon="11.156479"><ele>569.6</ele></trkpt>
   <trkpt lat="46.005171" lon="11.156355"><ele>572.6</ele></trkpt>
   <trkpt lat="46.005097" lon="11.156430"><ele>580.0</ele></trkpt>
   <trkpt lat="46.005037" lon="11.156312"><ele>588.5</ele></trkpt>
   <trkpt lat="46.005019" lon="11.156141"><ele>590.7</ele></trkpt>
   <trkpt lat="46.004981" lon="11.156055"><ele>594.2</ele></trkpt>
   <trkpt lat="46.004981" lon="11.156119"><ele>594.9</ele></trkpt>
   <trkpt lat="46.004832" lon="11.156382"><ele>607.9</ele></trkpt>
   <trkpt lat="46.004780" lon="11.156388"><ele>612.7</ele></trkpt>
   <trkpt lat="46.004773" lon="11.156280"><ele>615.8</ele></trkpt>
   <trkpt lat="46.004728" lon="11.156382"><ele>617.5</ele></trkpt>
   <trkpt lat="46.004679" lon="11.156366"><ele>622.3</ele></trkpt>
   <trkpt lat="46.004597" lon="11.156248"><ele>632.2</ele></trkpt>
   <trkpt lat="46.004512" lon="11.156275"><ele>639.2</ele></trkpt>
   <trkpt lat="46.004467" lon="11.156130"><ele>643.6</ele></trkpt>
   <trkpt lat="46.004478" lon="11.155631"><ele>646.3</ele></trkpt>
   <trkpt lat="46.004419" lon="11.155229"><ele>645.0</ele></trkpt>
   <trkpt lat="46.004285" lon="11.154848"><ele>643.4</ele></trkpt>
   <trkpt lat="46.004117" lon="11.154800"><ele>653.4</ele></trkpt>
   <trkpt lat="46.004117" lon="11.154878"><ele>655.5</ele></trkpt>
   <trkpt lat="46.004118" lon="11.155053"><ele>660.0</ele></trkpt>
   <trkpt lat="46.004148" lon="11.155609"><ele>671.3</ele></trkpt>
   <trkpt lat="46.004119" lon="11.156251"><ele>670.1</ele></trkpt>
   <trkpt lat="46.004081" lon="11.156612"><ele>670.9</ele></trkpt>
   <trkpt lat="46.004043" lon="11.156973"><ele>665.5</ele></trkpt>
   <trkpt lat="46.003997" lon="11.157347"><ele>656.1</ele></trkpt>
   <trkpt lat="46.003951" lon="11.157720"><ele>649.5</ele></trkpt>
   <trkpt lat="46.003918" lon="11.157919"><ele>648.3</ele></trkpt>
   <trkpt lat="46.003854" lon="11.158117"><ele>646.9</ele></trkpt>
   <trkpt lat="46.003765" lon="11.158327"><ele>645.5</ele></trkpt>
   <trkpt lat="46.003798" lon="11.158445"><ele>642.1</ele></trkpt>
   <trkpt lat="46.003914" lon="11.158622"><ele>640.8</ele></trkpt>
   <trkpt lat="46.004003" lon="11.158750"><ele>644.7</ele></trkpt>
   <trkpt lat="46.004074" lon="11.158895"><ele>650.9</ele></trkpt>
   <trkpt lat="46.004167" lon="11.159002"><ele>655.4</ele></trkpt>
   <trkpt lat="46.004219" lon="11.159105"><ele>658.7</ele></trkpt>
   <trkpt lat="46.004249" lon="11.159233"><ele>660.8</ele></trkpt>
   <trkpt lat="46.004078" lon="11.159126"><ele>662.3</ele></trkpt>
   <trkpt lat="46.003798" lon="11.159013"><ele>665.2</ele></trkpt>
   <trkpt lat="46.003698" lon="11.158943"><ele>664.9</ele></trkpt>
   <trkpt lat="46.003567" lon="11.158847"><ele>666.4</ele></trkpt>
   <trkpt lat="46.003374" lon="11.158724"><ele>668.6</ele></trkpt>
   <trkpt lat="46.003314" lon="11.158600"><ele>666.9</ele></trkpt>
   <trkpt lat="46.003284" lon="11.158364"><ele>671.8</ele></trkpt>
   <trkpt lat="46.003310" lon="11.158064"><ele>678.7</ele></trkpt>
   <trkpt lat="46.003333" lon="11.157790"><ele>680.7</ele></trkpt>
   <trkpt lat="46.003325" lon="11.157506"><ele>683.0</ele></trkpt>
   <trkpt lat="46.003247" lon="11.157715"><ele>685.2</ele></trkpt>
   <trkpt lat="46.003165" lon="11.157914"><ele>685.9</ele></trkpt>
   <trkpt lat="46.002994" lon="11.158021"><ele>691.7</ele></trkpt>
   <trkpt lat="46.002919" lon="11.158117"><ele>692.3</ele></trkpt>
   <trkpt lat="46.002815" lon="11.158166"><ele>694.3</ele></trkpt>
   <trkpt lat="46.002734" lon="11.158267"><ele>695.8</ele></trkpt>
   <trkpt lat="46.002669" lon="11.158584"><ele>697.2</ele></trkpt>
   <trkpt lat="46.002599" lon="11.158926"><ele>696.5</ele></trkpt>
   <trkpt lat="46.002611" lon="11.159001"><ele>695.4</ele></trkpt>
   <trkpt lat="46.002603" lon="11.159113"><ele>694.4</ele></trkpt>
   <trkpt lat="46.002593" lon="11.159202"><ele>693.6</ele></trkpt>
   <trkpt lat="46.002521" lon="11.159541"><ele>691.4</ele></trkpt>
   <trkpt lat="46.002515" lon="11.159656"><ele>691.0</ele></trkpt>
   <trkpt lat="46.002513" lon="11.159756"><ele>690.7</ele></trkpt>
   <trkpt lat="46.002524" lon="11.159843"><ele>690.4</ele></trkpt>
   <trkpt lat="46.002549" lon="11.159944"><ele>689.8</ele></trkpt>
   <trkpt lat="46.002604" lon="11.160057"><ele>689.3</ele></trkpt>
   <trkpt lat="46.002672" lon="11.160208"><ele>689.2</ele></trkpt>
   <trkpt lat="46.002728" lon="11.160369"><ele>688.3</ele></trkpt>
   <trkpt lat="46.002740" lon="11.160450"><ele>687.7</ele></trkpt>
   <trkpt lat="46.002760" lon="11.160613"><ele>686.8</ele></trkpt>
   <trkpt lat="46.002765" lon="11.160771"><ele>686.4</ele></trkpt>
   <trkpt lat="46.002770" lon="11.161180"><ele>684.8</ele></trkpt>
   <trkpt lat="46.002777" lon="11.161463"><ele>683.7</ele></trkpt>
   <trkpt lat="46.002751" lon="11.161755"><ele>682.5</ele></trkpt>
   <trkpt lat="46.002650" lon="11.162064"><ele>681.5</ele></trkpt>
   <trkpt lat="46.002424" lon="11.162455"><ele>680.4</ele></trkpt>
   <trkpt lat="46.002324" lon="11.162721"><ele>679.4</ele></trkpt>
   <trkpt lat="46.002276" lon="11.162867"><ele>679.1</ele></trkpt>
   <trkpt lat="46.002270" lon="11.162887"><ele>679.1</ele></trkpt>
   <trkpt lat="46.002238" lon="11.162708"><ele>680.3</ele></trkpt>
   <trkpt lat="46.002175" lon="11.162635"><ele>681.2</ele></trkpt>
   <trkpt lat="46.002093" lon="11.162643"><ele>681.8</ele></trkpt>
   <trkpt lat="46.001985" lon="11.162734"><ele>682.8</ele></trkpt>
   <trkpt lat="46.001828" lon="11.163000"><ele>684.1</ele></trkpt>
   <trkpt lat="46.001726" lon="11.163415"><ele>686.2</ele></trkpt>
   <trkpt lat="46.001600" lon="11.163980"><ele>687.7</ele></trkpt>
   <trkpt lat="46.001474" lon="11.164545"><ele>689.0</ele></trkpt>
   <trkpt lat="46.001428" lon="11.164791"><ele>690.7</ele></trkpt>
   <trkpt lat="46.001351" lon="11.164915"><ele>692.2</ele></trkpt>
   <trkpt lat="46.001143" lon="11.165105"><ele>691.3</ele></trkpt>
   <trkpt lat="46.001073" lon="11.165278"><ele>691.6</ele></trkpt>
   <trkpt lat="46.000967" lon="11.165837"><ele>690.1</ele></trkpt>
   <trkpt lat="46.000862" lon="11.166395"><ele>689.7</ele></trkpt>
   <trkpt lat="46.000742" lon="11.166774"><ele>689.1</ele></trkpt>
   <trkpt lat="46.000623" lon="11.167152"><ele>687.1</ele></trkpt>
   <trkpt lat="46.000404" lon="11.167633"><ele>686.8</ele></trkpt>
   <trkpt lat="46.000340" lon="11.168092"><ele>689.4</ele></trkpt>
   <trkpt lat="46.000374" lon="11.168412"><ele>687.9</ele></trkpt>
   <trkpt lat="46.000408" lon="11.168733"><ele>685.8</ele></trkpt>
   <trkpt lat="46.000378" lon="11.169071"><ele>686.6</ele></trkpt>
   <trkpt lat="46.000348" lon="11.169409"><ele>686.6</ele></trkpt>
   <trkpt lat="46.000251" lon="11.169785"><ele>688.1</ele></trkpt>
   <trkpt lat="46.000153" lon="11.170160"><ele>689.3</ele></trkpt>
   <trkpt lat="45.999926" lon="11.170710"><ele>689.7</ele></trkpt>
   <trkpt lat="45.999807" lon="11.171310"><ele>689.6</ele></trkpt>
   <trkpt lat="45.999688" lon="11.171910"><ele>689.7</ele></trkpt>
   <trkpt lat="45.999568" lon="11.172510"><ele>692.9</ele></trkpt>
   <trkpt lat="45.999683" lon="11.172974"><ele>694.4</ele></trkpt>
   <trkpt lat="45.999618" lon="11.173461"><ele>696.7</ele></trkpt>
   <trkpt lat="45.999552" lon="11.173948"><ele>697.5</ele></trkpt>
   <trkpt lat="45.999397" lon="11.174447"><ele>697.8</ele></trkpt>
   <trkpt lat="45.999242" lon="11.174945"><ele>701.0</ele></trkpt>
   <trkpt lat="45.999385" lon="11.175478"><ele>700.9</ele></trkpt>
   <trkpt lat="45.999266" lon="11.175965"><ele>704.2</ele></trkpt>
   <trkpt lat="45.999312" lon="11.176447"><ele>705.3</ele></trkpt>
   <trkpt lat="45.999358" lon="11.176930"><ele>705.2</ele></trkpt>
   <trkpt lat="45.999302" lon="11.177441"><ele>704.4</ele></trkpt>
   <trkpt lat="45.999302" lon="11.177870"><ele>705.1</ele></trkpt>
   <trkpt lat="45.999302" lon="11.178299"><ele>704.9</ele></trkpt>
   <trkpt lat="45.999302" lon="11.178675"><ele>706.2</ele></trkpt>
   <trkpt lat="45.999302" lon="11.179050"><ele>707.2</ele></trkpt>
   <trkpt lat="45.999265" lon="11.179522"><ele>708.4</ele></trkpt>
   <trkpt lat="45.999210" lon="11.179879"><ele>708.9</ele></trkpt>
   <trkpt lat="45.999143" lon="11.180158"><ele>708.6</ele></trkpt>
   <trkpt lat="45.999074" lon="11.180247"><ele>709.8</ele></trkpt>
   <trkpt lat="45.999142" lon="11.180565"><ele>709.3</ele></trkpt>
   <trkpt lat="45.999210" lon="11.180884"><ele>707.9</ele></trkpt>
   <trkpt lat="45.999076" lon="11.181306"><ele>708.9</ele></trkpt>
   <trkpt lat="45.999149" lon="11.181448"><ele>707.1</ele></trkpt>
   <trkpt lat="45.999201" lon="11.181620"><ele>705.9</ele></trkpt>
   <trkpt lat="45.999290" lon="11.181874"><ele>704.1</ele></trkpt>
   <trkpt lat="45.999299" lon="11.182086"><ele>703.1</ele></trkpt>
   <trkpt lat="45.999296" lon="11.182312"><ele>702.4</ele></trkpt>
   <trkpt lat="45.999275" lon="11.182538"><ele>702.0</ele></trkpt>
   <trkpt lat="45.999231" lon="11.182752"><ele>702.0</ele></trkpt>
   <trkpt lat="45.999229" lon="11.182764"><ele>702.0</ele></trkpt>
   <trkpt lat="45.999212" lon="11.182857"><ele>701.9</ele></trkpt>
   <trkpt lat="45.999192" lon="11.182963"><ele>701.9</ele></trkpt>
   <trkpt lat="45.999098" lon="11.183190"><ele>702.3</ele></trkpt>
   <trkpt lat="45.999038" lon="11.183392"><ele>702.2</ele></trkpt>
   <trkpt lat="45.998989" lon="11.183629"><ele>701.9</ele></trkpt>
   <trkpt lat="45.998975" lon="11.183908"><ele>700.1</ele></trkpt>
   <trkpt lat="45.998979" lon="11.184118"><ele>698.4</ele></trkpt>
   <trkpt lat="45.998967" lon="11.184350"><ele>697.2</ele></trkpt>
   <trkpt lat="45.998945" lon="11.184584"><ele>696.4</ele></trkpt>
   <trkpt lat="45.998923" lon="11.184865"><ele>695.6</ele></trkpt>
   <trkpt lat="45.998876" lon="11.185180"><ele>694.4</ele></trkpt>
   <trkpt lat="45.998858" lon="11.185631"><ele>692.7</ele></trkpt>
   <trkpt lat="45.998844" lon="11.185910"><ele>692.1</ele></trkpt>
   <trkpt lat="45.998835" lon="11.185972"><ele>692.2</ele></trkpt>
   <trkpt lat="45.998823" lon="11.186320"><ele>693.3</ele></trkpt>
   <trkpt lat="45.998817" lon="11.186487"><ele>693.9</ele></trkpt>
   <trkpt lat="45.998791" lon="11.186741"><ele>695.4</ele></trkpt>
   <trkpt lat="45.998789" lon="11.186890"><ele>695.7</ele></trkpt>
   <trkpt lat="45.998798" lon="11.186975"><ele>695.5</ele></trkpt>
   <trkpt lat="45.998851" lon="11.187260"><ele>694.1</ele></trkpt>
   <trkpt lat="45.998941" lon="11.187540"><ele>692.6</ele></trkpt>
   <trkpt lat="45.999017" lon="11.187840"><ele>690.7</ele></trkpt>
   <trkpt lat="45.999093" lon="11.188260"><ele>689.1</ele></trkpt>
   <trkpt lat="45.999188" lon="11.188474"><ele>688.7</ele></trkpt>
   <trkpt lat="45.999280" lon="11.188726"><ele>688.4</ele></trkpt>
   <trkpt lat="45.999382" lon="11.188998"><ele>688.1</ele></trkpt>
   <trkpt lat="45.999466" lon="11.189311"><ele>687.7</ele></trkpt>
   <trkpt lat="45.999502" lon="11.189514"><ele>688.0</ele></trkpt>
   <trkpt lat="45.999502" lon="11.189823"><ele>687.6</ele></trkpt>
   <trkpt lat="45.999508" lon="11.190060"><ele>687.8</ele></trkpt>
   <trkpt lat="45.999525" lon="11.190259"><ele>687.3</ele></trkpt>
   <trkpt lat="45.999595" lon="11.190891"><ele>685.3</ele></trkpt>
   <trkpt lat="45.999601" lon="11.191036"><ele>685.4</ele></trkpt>
   <trkpt lat="45.999578" lon="11.191253"><ele>686.1</ele></trkpt>
   <trkpt lat="45.999544" lon="11.191535"><ele>687.0</ele></trkpt>
   <trkpt lat="45.999530" lon="11.191712"><ele>687.8</ele></trkpt>
   <trkpt lat="45.999512" lon="11.191975"><ele>689.0</ele></trkpt>
   <trkpt lat="45.999511" lon="11.192228"><ele>689.8</ele></trkpt>
   <trkpt lat="45.999571" lon="11.192384"><ele>690.1</ele></trkpt>
   <trkpt lat="45.999687" lon="11.192588"><ele>689.5</ele></trkpt>
   <trkpt lat="45.999819" lon="11.192775"><ele>688.9</ele></trkpt>
   <trkpt lat="45.999994" lon="11.193061"><ele>687.7</ele></trkpt>
   <trkpt lat="46.000079" lon="11.193158"><ele>687.3</ele></trkpt>
   <trkpt lat="46.000176" lon="11.193238"><ele>687.1</ele></trkpt>
   <trkpt lat="46.000336" lon="11.193314"><ele>686.4</ele></trkpt>
   <trkpt lat="46.000489" lon="11.193358"><ele>686.2</ele></trkpt>
   <trkpt lat="46.000541" lon="11.193368"><ele>686.2</ele></trkpt>
   <trkpt lat="46.000595" lon="11.193382"><ele>686.2</ele></trkpt>
   <trkpt lat="46.000786" lon="11.193430"><ele>686.3</ele></trkpt>
   <trkpt lat="46.001038" lon="11.193500"><ele>687.1</ele></trkpt>
   <trkpt lat="46.001214" lon="11.193574"><ele>687.8</ele></trkpt>
   <trkpt lat="46.001537" lon="11.193772"><ele>689.8</ele></trkpt>
   <trkpt lat="46.001799" lon="11.193984"><ele>691.4</ele></trkpt>
   <trkpt lat="46.001804" lon="11.193988"><ele>691.5</ele></trkpt>
   <trkpt lat="46.001984" lon="11.194158"><ele>692.6</ele></trkpt>
   <trkpt lat="46.002319" lon="11.194497"><ele>694.9</ele></trkpt>
   <trkpt lat="46.002680" lon="11.194813"><ele>698.2</ele></trkpt>
   <trkpt lat="46.002822" lon="11.194932"><ele>699.5</ele></trkpt>
   <trkpt lat="46.003033" lon="11.195110"><ele>700.9</ele></trkpt>
   <trkpt lat="46.003408" lon="11.195423"><ele>704.1</ele></trkpt>
   <trkpt lat="46.003616" lon="11.195608"><ele>705.8</ele></trkpt>
   <trkpt lat="46.003762" lon="11.195694"><ele>707.6</ele></trkpt>
   <trkpt lat="46.003905" lon="11.195746"><ele>709.3</ele></trkpt>
   <trkpt lat="46.004054" lon="11.195723"><ele>711.5</ele></trkpt>
   <trkpt lat="46.004278" lon="11.195356"><ele>712.5</ele></trkpt>
   <trkpt lat="46.004491" lon="11.195212"><ele>714.6</ele></trkpt>
   <trkpt lat="46.004717" lon="11.194850"><ele>716.5</ele></trkpt>
   <trkpt lat="46.004765" lon="11.194776"><ele>716.3</ele></trkpt>
   <trkpt lat="46.005063" lon="11.194304"><ele>718.2</ele></trkpt>
   <trkpt lat="46.005361" lon="11.193833"><ele>719.4</ele></trkpt>
   <trkpt lat="46.005504" lon="11.193584"><ele>719.6</ele></trkpt>
   <trkpt lat="46.005568" lon="11.193407"><ele>719.5</ele></trkpt>
   <trkpt lat="46.005695" lon="11.192936"><ele>717.3</ele></trkpt>
   <trkpt lat="46.005786" lon="11.192520"><ele>716.4</ele></trkpt>
   <trkpt lat="46.005819" lon="11.192219"><ele>715.7</ele></trkpt>
   <trkpt lat="46.005869" lon="11.192219"><ele>716.1</ele></trkpt>
   <trkpt lat="46.005920" lon="11.192204"><ele>716.6</ele></trkpt>
   <trkpt lat="46.005943" lon="11.192191"><ele>717.0</ele></trkpt>
   <trkpt lat="46.005958" lon="11.192162"><ele>717.3</ele></trkpt>
   <trkpt lat="46.005986" lon="11.191890"><ele>718.0</ele></trkpt>
   <trkpt lat="46.006035" lon="11.191621"><ele>717.8</ele></trkpt>
   <trkpt lat="46.006232" lon="11.191398"><ele>720.3</ele></trkpt>
   <trkpt lat="46.006296" lon="11.191384"><ele>722.2</ele></trkpt>
  </trkseg>
 </trk>
</gpx>
