<?xml version="1.0" encoding="UTF-8"?>
<gpx version="1.1" creator="Muflones Trail Running Club" xmlns="http://www.topografix.com/GPX/1/1">
 <metadata>
  <name>Palaronda</name>
  <link href="https://muflones.github.io"><text>Muflones Trail Running Club</text></link>
 </metadata>
 <trk><name>Palaronda</name>
  <trkseg>
   <trkpt lat="46.263769" lon="11.805453"><ele>1511.3</ele></trkpt>
   <trkpt lat="46.263772" lon="11.805482"><ele>0.0</ele></trkpt>
   <trkpt lat="46.263786" lon="11.805520"><ele>0.0</ele></trkpt>
   <trkpt lat="46.263800" lon="11.805569"><ele>0.0</ele></trkpt>
   <trkpt lat="46.263804" lon="11.805596"><ele>0.0</ele></trkpt>
   <trkpt lat="46.263810" lon="11.805625"><ele>0.0</ele></trkpt>
   <trkpt lat="46.263817" lon="11.805652"><ele>0.0</ele></trkpt>
   <trkpt lat="46.263820" lon="11.805679"><ele>1512.2</ele></trkpt>
   <trkpt lat="46.263825" lon="11.805705"><ele>1512.4</ele></trkpt>
   <trkpt lat="46.263833" lon="11.805731"><ele>1512.6</ele></trkpt>
   <trkpt lat="46.263841" lon="11.805757"><ele>1512.8</ele></trkpt>
   <trkpt lat="46.263850" lon="11.805784"><ele>1513.0</ele></trkpt>
   <trkpt lat="46.263857" lon="11.805810"><ele>1513.2</ele></trkpt>
   <trkpt lat="46.263865" lon="11.805834"><ele>1513.4</ele></trkpt>
   <trkpt lat="46.263879" lon="11.805885"><ele>1513.7</ele></trkpt>
   <trkpt lat="46.263886" lon="11.805909"><ele>1513.9</ele></trkpt>
   <trkpt lat="46.263898" lon="11.805957"><ele>1514.4</ele></trkpt>
   <trkpt lat="46.263906" lon="11.806002"><ele>1514.8</ele></trkpt>
   <trkpt lat="46.263913" lon="11.806026"><ele>1515.0</ele></trkpt>
   <trkpt lat="46.263928" lon="11.806071"><ele>1515.4</ele></trkpt>
   <trkpt lat="46.263944" lon="11.806116"><ele>1515.8</ele></trkpt>
   <trkpt lat="46.263954" lon="11.806165"><ele>1516.2</ele></trkpt>
   <trkpt lat="46.263961" lon="11.806189"><ele>1516.4</ele></trkpt>
   <trkpt lat="46.263970" lon="11.806235"><ele>1516.8</ele></trkpt>
   <trkpt lat="46.263979" lon="11.806282"><ele>1517.2</ele></trkpt>
   <trkpt lat="46.263984" lon="11.806307"><ele>1517.4</ele></trkpt>
   <trkpt lat="46.263998" lon="11.806353"><ele>1517.8</ele></trkpt>
   <trkpt lat="46.264013" lon="11.806401"><ele>1518.2</ele></trkpt>
   <trkpt lat="46.264021" lon="11.806428"><ele>1518.4</ele></trkpt>
   <trkpt lat="46.264034" lon="11.806473"><ele>1518.8</ele></trkpt>
   <trkpt lat="46.264039" lon="11.806516"><ele>1519.2</ele></trkpt>
   <trkpt lat="46.264046" lon="11.806564"><ele>1519.6</ele></trkpt>
   <trkpt lat="46.264057" lon="11.806609"><ele>1520.0</ele></trkpt>
   <trkpt lat="46.264064" lon="11.806653"><ele>1520.6</ele></trkpt>
   <trkpt lat="46.264078" lon="11.806694"><ele>1521.2</ele></trkpt>
   <trkpt lat="46.264090" lon="11.806731"><ele>1521.8</ele></trkpt>
   <trkpt lat="46.264095" lon="11.806770"><ele>1522.3</ele></trkpt>
   <trkpt lat="46.264105" lon="11.806818"><ele>1522.9</ele></trkpt>
   <trkpt lat="46.264115" lon="11.806842"><ele>1523.2</ele></trkpt>
   <trkpt lat="46.264130" lon="11.806886"><ele>1523.8</ele></trkpt>
   <trkpt lat="46.264144" lon="11.806926"><ele>1524.5</ele></trkpt>
   <trkpt lat="46.264159" lon="11.806972"><ele>1525.1</ele></trkpt>
   <trkpt lat="46.264173" lon="11.806991"><ele>1525.4</ele></trkpt>
   <trkpt lat="46.264192" lon="11.807031"><ele>1526.0</ele></trkpt>
   <trkpt lat="46.264203" lon="11.807075"><ele>1526.6</ele></trkpt>
   <trkpt lat="46.264211" lon="11.807101"><ele>1526.9</ele></trkpt>
   <trkpt lat="46.264218" lon="11.807125"><ele>1527.2</ele></trkpt>
   <trkpt lat="46.264227" lon="11.807149"><ele>1527.5</ele></trkpt>
   <trkpt lat="46.264236" lon="11.807174"><ele>1527.8</ele></trkpt>
   <trkpt lat="46.264244" lon="11.807199"><ele>1528.1</ele></trkpt>
   <trkpt lat="46.264253" lon="11.807226"><ele>1528.4</ele></trkpt>
   <trkpt lat="46.264262" lon="11.807252"><ele>1528.7</ele></trkpt>
   <trkpt lat="46.264272" lon="11.807301"><ele>1529.4</ele></trkpt>
   <trkpt lat="46.264281" lon="11.807324"><ele>1529.8</ele></trkpt>
   <trkpt lat="46.264290" lon="11.807350"><ele>1530.2</ele></trkpt>
   <trkpt lat="46.264299" lon="11.807374"><ele>1530.6</ele></trkpt>
   <trkpt lat="46.264319" lon="11.807411"><ele>1531.4</ele></trkpt>
   <trkpt lat="46.264339" lon="11.807445"><ele>1532.2</ele></trkpt>
   <trkpt lat="46.264351" lon="11.807478"><ele>1533.0</ele></trkpt>
   <trkpt lat="46.264370" lon="11.807515"><ele>1533.6</ele></trkpt>
   <trkpt lat="46.264389" lon="11.807549"><ele>1534.2</ele></trkpt>
   <trkpt lat="46.264410" lon="11.807578"><ele>1534.8</ele></trkpt>
   <trkpt lat="46.264431" lon="11.807611"><ele>1535.4</ele></trkpt>
   <trkpt lat="46.264452" lon="11.807639"><ele>1536.0</ele></trkpt>
   <trkpt lat="46.264477" lon="11.807671"><ele>1536.4</ele></trkpt>
   <trkpt lat="46.264490" lon="11.807688"><ele>1536.6</ele></trkpt>
   <trkpt lat="46.264506" lon="11.807720"><ele>1537.0</ele></trkpt>
   <trkpt lat="46.264520" lon="11.807738"><ele>1537.2</ele></trkpt>
   <trkpt lat="46.264541" lon="11.807769"><ele>1537.6</ele></trkpt>
   <trkpt lat="46.264564" lon="11.807801"><ele>1538.0</ele></trkpt>
   <trkpt lat="46.264578" lon="11.807837"><ele>1538.6</ele></trkpt>
   <trkpt lat="46.264601" lon="11.807871"><ele>1539.2</ele></trkpt>
   <trkpt lat="46.264621" lon="11.807904"><ele>1539.8</ele></trkpt>
   <trkpt lat="46.264634" lon="11.807922"><ele>1540.1</ele></trkpt>
   <trkpt lat="46.264656" lon="11.807938"><ele>1540.4</ele></trkpt>
   <trkpt lat="46.264672" lon="11.807953"><ele>1540.7</ele></trkpt>
   <trkpt lat="46.264689" lon="11.807965"><ele>1541.0</ele></trkpt>
   <trkpt lat="46.264717" lon="11.807986"><ele>1541.8</ele></trkpt>
   <trkpt lat="46.264744" lon="11.808002"><ele>1542.6</ele></trkpt>
   <trkpt lat="46.264761" lon="11.808012"><ele>1543.0</ele></trkpt>
   <trkpt lat="46.264788" lon="11.808025"><ele>1543.8</ele></trkpt>
   <trkpt lat="46.264814" lon="11.808033"><ele>1544.6</ele></trkpt>
   <trkpt lat="46.264905" lon="11.808102"><ele>1547.5</ele></trkpt>
   <trkpt lat="46.264994" lon="11.808072"><ele>1550.0</ele></trkpt>
   <trkpt lat="46.265087" lon="11.808164"><ele>1558.2</ele></trkpt>
   <trkpt lat="46.265174" lon="11.808244"><ele>1561.8</ele></trkpt>
   <trkpt lat="46.265262" lon="11.808278"><ele>1565.5</ele></trkpt>
   <trkpt lat="46.265338" lon="11.808361"><ele>1568.0</ele></trkpt>
   <trkpt lat="46.265423" lon="11.808425"><ele>1571.0</ele></trkpt>
   <trkpt lat="46.265490" lon="11.808520"><ele>1574.2</ele></trkpt>
   <trkpt lat="46.265552" lon="11.808637"><ele>1576.2</ele></trkpt>
   <trkpt lat="46.265612" lon="11.808757"><ele>1577.8</ele></trkpt>
   <trkpt lat="46.265678" lon="11.808854"><ele>1579.4</ele></trkpt>
   <trkpt lat="46.265786" lon="11.808916"><ele>1580.6</ele></trkpt>
   <trkpt lat="46.265834" lon="11.809039"><ele>1583.3</ele></trkpt>
   <trkpt lat="46.265850" lon="11.809147"><ele>1586.0</ele></trkpt>
   <trkpt lat="46.265840" lon="11.809170"><ele>1586.8</ele></trkpt>
   <trkpt lat="46.265865" lon="11.809222"><ele>1588.2</ele></trkpt>
   <trkpt lat="46.265884" lon="11.809262"><ele>1589.1</ele></trkpt>
   <trkpt lat="46.265900" lon="11.809292"><ele>1589.7</ele></trkpt>
   <trkpt lat="46.265910" lon="11.809324"><ele>1590.8</ele></trkpt>
   <trkpt lat="46.265916" lon="11.809352"><ele>1591.6</ele></trkpt>
   <trkpt lat="46.265920" lon="11.809382"><ele>1593.2</ele></trkpt>
   <trkpt lat="46.265926" lon="11.809415"><ele>1594.2</ele></trkpt>
   <trkpt lat="46.265937" lon="11.809444"><ele>1594.6</ele></trkpt>
   <trkpt lat="46.265943" lon="11.809476"><ele>1595.0</ele></trkpt>
   <trkpt lat="46.265949" lon="11.809506"><ele>1595.4</ele></trkpt>
   <trkpt lat="46.265961" lon="11.809536"><ele>1595.8</ele></trkpt>
   <trkpt lat="46.265981" lon="11.809576"><ele>1596.2</ele></trkpt>
   <trkpt lat="46.266000" lon="11.809609"><ele>1596.6</ele></trkpt>
   <trkpt lat="46.266014" lon="11.809634"><ele>1597.0</ele></trkpt>
   <trkpt lat="46.266035" lon="11.809663"><ele>1597.4</ele></trkpt>
   <trkpt lat="46.266053" lon="11.809683"><ele>1597.8</ele></trkpt>
   <trkpt lat="46.266077" lon="11.809702"><ele>1598.2</ele></trkpt>
   <trkpt lat="46.266103" lon="11.809725"><ele>1598.6</ele></trkpt>
   <trkpt lat="46.266119" lon="11.809742"><ele>1599.0</ele></trkpt>
   <trkpt lat="46.266140" lon="11.809783"><ele>1599.4</ele></trkpt>
   <trkpt lat="46.266177" lon="11.809849"><ele>1600.0</ele></trkpt>
   <trkpt lat="46.266194" lon="11.809879"><ele>1600.6</ele></trkpt>
   <trkpt lat="46.266209" lon="11.809904"><ele>1601.2</ele></trkpt>
   <trkpt lat="46.266223" lon="11.809925"><ele>1601.8</ele></trkpt>
   <trkpt lat="46.266247" lon="11.809942"><ele>1603.2</ele></trkpt>
   <trkpt lat="46.266275" lon="11.809966"><ele>1603.6</ele></trkpt>
   <trkpt lat="46.266300" lon="11.809998"><ele>1604.0</ele></trkpt>
   <trkpt lat="46.266315" lon="11.810013"><ele>1604.2</ele></trkpt>
   <trkpt lat="46.266331" lon="11.810028"><ele>1604.4</ele></trkpt>
   <trkpt lat="46.266354" lon="11.810060"><ele>1604.8</ele></trkpt>
   <trkpt lat="46.266380" lon="11.810079"><ele>1605.2</ele></trkpt>
   <trkpt lat="46.266406" lon="11.810096"><ele>1605.6</ele></trkpt>
   <trkpt lat="46.266435" lon="11.810114"><ele>1606.0</ele></trkpt>
   <trkpt lat="46.266463" lon="11.810126"><ele>1606.4</ele></trkpt>
   <trkpt lat="46.266485" lon="11.810140"><ele>1606.8</ele></trkpt>
   <trkpt lat="46.266502" lon="11.810152"><ele>1607.0</ele></trkpt>
   <trkpt lat="46.266529" lon="11.810169"><ele>1607.4</ele></trkpt>
   <trkpt lat="46.266558" lon="11.810188"><ele>1607.8</ele></trkpt>
   <trkpt lat="46.266585" lon="11.810213"><ele>1608.2</ele></trkpt>
   <trkpt lat="46.266609" lon="11.810227"><ele>1608.6</ele></trkpt>
   <trkpt lat="46.266626" lon="11.810238"><ele>1608.8</ele></trkpt>
   <trkpt lat="46.266649" lon="11.810255"><ele>1609.1</ele></trkpt>
   <trkpt lat="46.266679" lon="11.810269"><ele>1609.3</ele></trkpt>
   <trkpt lat="46.266707" lon="11.810289"><ele>1609.5</ele></trkpt>
   <trkpt lat="46.266735" lon="11.810305"><ele>1609.7</ele></trkpt>
   <trkpt lat="46.266762" lon="11.810329"><ele>1609.9</ele></trkpt>
   <trkpt lat="46.266784" lon="11.810358"><ele>1610.2</ele></trkpt>
   <trkpt lat="46.266802" lon="11.810383"><ele>1610.6</ele></trkpt>
   <trkpt lat="46.266825" lon="11.810412"><ele>1611.0</ele></trkpt>
   <trkpt lat="46.266846" lon="11.810433"><ele>1611.4</ele></trkpt>
   <trkpt lat="46.266904" lon="11.810535"><ele>1613.0</ele></trkpt>
   <trkpt lat="46.266969" lon="11.810628"><ele>1615.5</ele></trkpt>
   <trkpt lat="46.266997" lon="11.810771"><ele>1617.6</ele></trkpt>
   <trkpt lat="46.266968" lon="11.810908"><ele>1619.4</ele></trkpt>
   <trkpt lat="46.266973" lon="11.811027"><ele>1621.0</ele></trkpt>
   <trkpt lat="46.266968" lon="11.811058"><ele>1621.4</ele></trkpt>
   <trkpt lat="46.266972" lon="11.811087"><ele>1621.8</ele></trkpt>
   <trkpt lat="46.266983" lon="11.811123"><ele>1622.2</ele></trkpt>
   <trkpt lat="46.266995" lon="11.811152"><ele>1622.8</ele></trkpt>
   <trkpt lat="46.267010" lon="11.811177"><ele>1623.2</ele></trkpt>
   <trkpt lat="46.267037" lon="11.811226"><ele>1624.0</ele></trkpt>
   <trkpt lat="46.267050" lon="11.811254"><ele>1624.6</ele></trkpt>
   <trkpt lat="46.267065" lon="11.811284"><ele>1625.2</ele></trkpt>
   <trkpt lat="46.267074" lon="11.811317"><ele>1625.8</ele></trkpt>
   <trkpt lat="46.267120" lon="11.811437"><ele>1628.0</ele></trkpt>
   <trkpt lat="46.267189" lon="11.811537"><ele>1629.6</ele></trkpt>
   <trkpt lat="46.267274" lon="11.811619"><ele>1632.2</ele></trkpt>
   <trkpt lat="46.267345" lon="11.811687"><ele>1634.1</ele></trkpt>
   <trkpt lat="46.267361" lon="11.811704"><ele>1634.7</ele></trkpt>
   <trkpt lat="46.267382" lon="11.811704"><ele>1635.3</ele></trkpt>
   <trkpt lat="46.267409" lon="11.811724"><ele>1635.9</ele></trkpt>
   <trkpt lat="46.267437" lon="11.811738"><ele>1636.5</ele></trkpt>
   <trkpt lat="46.267473" lon="11.811749"><ele>1637.4</ele></trkpt>
   <trkpt lat="46.267493" lon="11.811755"><ele>1638.0</ele></trkpt>
   <trkpt lat="46.267523" lon="11.811769"><ele>1638.4</ele></trkpt>
   <trkpt lat="46.267626" lon="11.811799"><ele>1639.6</ele></trkpt>
   <trkpt lat="46.267713" lon="11.811836"><ele>1641.5</ele></trkpt>
   <trkpt lat="46.267796" lon="11.811922"><ele>1643.9</ele></trkpt>
   <trkpt lat="46.267850" lon="11.812034"><ele>1646.0</ele></trkpt>
   <trkpt lat="46.267899" lon="11.812157"><ele>1649.2</ele></trkpt>
   <trkpt lat="46.267920" lon="11.812308"><ele>1652.1</ele></trkpt>
   <trkpt lat="46.267824" lon="11.812362"><ele>1653.8</ele></trkpt>
   <trkpt lat="46.267774" lon="11.812500"><ele>1656.9</ele></trkpt>
   <trkpt lat="46.267828" lon="11.812616"><ele>1665.9</ele></trkpt>
   <trkpt lat="46.267844" lon="11.812634"><ele>1666.5</ele></trkpt>
   <trkpt lat="46.267886" lon="11.812661"><ele>1668.0</ele></trkpt>
   <trkpt lat="46.267956" lon="11.812748"><ele>1670.4</ele></trkpt>
   <trkpt lat="46.268048" lon="11.812755"><ele>1673.0</ele></trkpt>
   <trkpt lat="46.268142" lon="11.812772"><ele>1676.2</ele></trkpt>
   <trkpt lat="46.268243" lon="11.812812"><ele>1678.9</ele></trkpt>
   <trkpt lat="46.268205" lon="11.812955"><ele>1681.8</ele></trkpt>
   <trkpt lat="46.268290" lon="11.813002"><ele>1685.7</ele></trkpt>
   <trkpt lat="46.268203" lon="11.813083"><ele>1687.2</ele></trkpt>
   <trkpt lat="46.268120" lon="11.813137"><ele>1688.7</ele></trkpt>
   <trkpt lat="46.268130" lon="11.813202"><ele>1693.3</ele></trkpt>
   <trkpt lat="46.268146" lon="11.813228"><ele>1694.2</ele></trkpt>
   <trkpt lat="46.268238" lon="11.813272"><ele>1698.4</ele></trkpt>
   <trkpt lat="46.268254" lon="11.813286"><ele>1699.0</ele></trkpt>
   <trkpt lat="46.268336" lon="11.813365"><ele>1700.6</ele></trkpt>
   <trkpt lat="46.268411" lon="11.813450"><ele>1702.8</ele></trkpt>
   <trkpt lat="46.268311" lon="11.813442"><ele>1707.8</ele></trkpt>
   <trkpt lat="46.268306" lon="11.813590"><ele>1713.1</ele></trkpt>
   <trkpt lat="46.268346" lon="11.813721"><ele>1714.8</ele></trkpt>
   <trkpt lat="46.268362" lon="11.813782"><ele>1715.8</ele></trkpt>
   <trkpt lat="46.268381" lon="11.813827"><ele>1716.8</ele></trkpt>
   <trkpt lat="46.268389" lon="11.813856"><ele>1717.6</ele></trkpt>
   <trkpt lat="46.268441" lon="11.813977"><ele>1720.6</ele></trkpt>
   <trkpt lat="46.268493" lon="11.814091"><ele>1723.4</ele></trkpt>
   <trkpt lat="46.268531" lon="11.814215"><ele>1729.4</ele></trkpt>
   <trkpt lat="46.268598" lon="11.814319"><ele>1737.6</ele></trkpt>
   <trkpt lat="46.268658" lon="11.814363"><ele>1741.4</ele></trkpt>
   <trkpt lat="46.268692" lon="11.814380"><ele>1743.8</ele></trkpt>
   <trkpt lat="46.268772" lon="11.814454"><ele>1747.0</ele></trkpt>
   <trkpt lat="46.268824" lon="11.814575"><ele>1754.3</ele></trkpt>
   <trkpt lat="46.268759" lon="11.814664"><ele>1763.4</ele></trkpt>
   <trkpt lat="46.268781" lon="11.814799"><ele>1772.9</ele></trkpt>
   <trkpt lat="46.268827" lon="11.814785"><ele>1775.6</ele></trkpt>
   <trkpt lat="46.268845" lon="11.814767"><ele>1776.4</ele></trkpt>
   <trkpt lat="46.268867" lon="11.814906"><ele>1780.5</ele></trkpt>
   <trkpt lat="46.268963" lon="11.814909"><ele>1789.8</ele></trkpt>
   <trkpt lat="46.268992" lon="11.815040"><ele>1794.0</ele></trkpt>
   <trkpt lat="46.268976" lon="11.815173"><ele>1799.2</ele></trkpt>
   <trkpt lat="46.269029" lon="11.815285"><ele>1802.0</ele></trkpt>
   <trkpt lat="46.269098" lon="11.815374"><ele>1811.8</ele></trkpt>
   <trkpt lat="46.269153" lon="11.815481"><ele>1814.2</ele></trkpt>
   <trkpt lat="46.269196" lon="11.815575"><ele>1815.3</ele></trkpt>
   <trkpt lat="46.269203" lon="11.815607"><ele>1815.9</ele></trkpt>
   <trkpt lat="46.269225" lon="11.815662"><ele>1816.8</ele></trkpt>
   <trkpt lat="46.269249" lon="11.815701"><ele>1817.4</ele></trkpt>
   <trkpt lat="46.269326" lon="11.815793"><ele>1820.1</ele></trkpt>
   <trkpt lat="46.269364" lon="11.815830"><ele>1821.8</ele></trkpt>
   <trkpt lat="46.269431" lon="11.815927"><ele>1825.8</ele></trkpt>
   <trkpt lat="46.269475" lon="11.816044"><ele>1828.9</ele></trkpt>
   <trkpt lat="46.269540" lon="11.816099"><ele>1830.2</ele></trkpt>
   <trkpt lat="46.269560" lon="11.816115"><ele>1830.6</ele></trkpt>
   <trkpt lat="46.269574" lon="11.816143"><ele>1831.0</ele></trkpt>
   <trkpt lat="46.269591" lon="11.816169"><ele>1831.8</ele></trkpt>
   <trkpt lat="46.269653" lon="11.816263"><ele>1834.9</ele></trkpt>
   <trkpt lat="46.269678" lon="11.816400"><ele>1838.0</ele></trkpt>
   <trkpt lat="46.269692" lon="11.816431"><ele>1838.2</ele></trkpt>
   <trkpt lat="46.269708" lon="11.816470"><ele>1838.4</ele></trkpt>
   <trkpt lat="46.269735" lon="11.816603"><ele>1839.3</ele></trkpt>
   <trkpt lat="46.269736" lon="11.816640"><ele>1839.9</ele></trkpt>
   <trkpt lat="46.269744" lon="11.816683"><ele>1840.8</ele></trkpt>
   <trkpt lat="46.269754" lon="11.816721"><ele>1841.4</ele></trkpt>
   <trkpt lat="46.269774" lon="11.816748"><ele>1842.0</ele></trkpt>
   <trkpt lat="46.269792" lon="11.816777"><ele>1842.4</ele></trkpt>
   <trkpt lat="46.269824" lon="11.816879"><ele>1843.6</ele></trkpt>
   <trkpt lat="46.269842" lon="11.816909"><ele>1844.0</ele></trkpt>
   <trkpt lat="46.269864" lon="11.816940"><ele>1844.6</ele></trkpt>
   <trkpt lat="46.269894" lon="11.816997"><ele>1845.5</ele></trkpt>
   <trkpt lat="46.269912" lon="11.817035"><ele>1846.1</ele></trkpt>
   <trkpt lat="46.269934" lon="11.817068"><ele>1846.7</ele></trkpt>
   <trkpt lat="46.269950" lon="11.817095"><ele>1847.3</ele></trkpt>
   <trkpt lat="46.269963" lon="11.817115"><ele>1847.9</ele></trkpt>
   <trkpt lat="46.269974" lon="11.817147"><ele>1849.1</ele></trkpt>
   <trkpt lat="46.269994" lon="11.817179"><ele>1849.7</ele></trkpt>
   <trkpt lat="46.270011" lon="11.817208"><ele>1850.3</ele></trkpt>
   <trkpt lat="46.270025" lon="11.817226"><ele>1850.9</ele></trkpt>
   <trkpt lat="46.270040" lon="11.817242"><ele>1851.5</ele></trkpt>
   <trkpt lat="46.270056" lon="11.817263"><ele>1852.1</ele></trkpt>
   <trkpt lat="46.270096" lon="11.817346"><ele>1853.9</ele></trkpt>
   <trkpt lat="46.270107" lon="11.817373"><ele>1854.5</ele></trkpt>
   <trkpt lat="46.270122" lon="11.817394"><ele>1855.1</ele></trkpt>
   <trkpt lat="46.270136" lon="11.817417"><ele>1855.7</ele></trkpt>
   <trkpt lat="46.270155" lon="11.817440"><ele>1856.5</ele></trkpt>
   <trkpt lat="46.270171" lon="11.817461"><ele>1857.5</ele></trkpt>
   <trkpt lat="46.270187" lon="11.817482"><ele>1858.5</ele></trkpt>
   <trkpt lat="46.270206" lon="11.817502"><ele>1860.0</ele></trkpt>
   <trkpt lat="46.270219" lon="11.817521"><ele>1861.0</ele></trkpt>
   <trkpt lat="46.270231" lon="11.817546"><ele>1861.8</ele></trkpt>
   <trkpt lat="46.270245" lon="11.817571"><ele>1862.6</ele></trkpt>
   <trkpt lat="46.270261" lon="11.817603"><ele>1863.4</ele></trkpt>
   <trkpt lat="46.270276" lon="11.817628"><ele>1864.2</ele></trkpt>
   <trkpt lat="46.270296" lon="11.817656"><ele>1865.0</ele></trkpt>
   <trkpt lat="46.270321" lon="11.817679"><ele>1866.5</ele></trkpt>
   <trkpt lat="46.270342" lon="11.817690"><ele>1867.5</ele></trkpt>
   <trkpt lat="46.270363" lon="11.817697"><ele>1868.5</ele></trkpt>
   <trkpt lat="46.270385" lon="11.817704"><ele>1869.5</ele></trkpt>
   <trkpt lat="46.270405" lon="11.817702"><ele>1870.4</ele></trkpt>
   <trkpt lat="46.270433" lon="11.817707"><ele>1871.2</ele></trkpt>
   <trkpt lat="46.270456" lon="11.817709"><ele>1872.0</ele></trkpt>
   <trkpt lat="46.270475" lon="11.817707"><ele>1872.8</ele></trkpt>
   <trkpt lat="46.270504" lon="11.817713"><ele>1873.6</ele></trkpt>
   <trkpt lat="46.270537" lon="11.817716"><ele>1874.4</ele></trkpt>
   <trkpt lat="46.270630" lon="11.817712"><ele>1877.2</ele></trkpt>
   <trkpt lat="46.270652" lon="11.817707"><ele>1878.0</ele></trkpt>
   <trkpt lat="46.270672" lon="11.817691"><ele>1878.4</ele></trkpt>
   <trkpt lat="46.270695" lon="11.817698"><ele>1878.8</ele></trkpt>
   <trkpt lat="46.270719" lon="11.817707"><ele>1879.2</ele></trkpt>
   <trkpt lat="46.270750" lon="11.817722"><ele>1879.6</ele></trkpt>
   <trkpt lat="46.270815" lon="11.817742"><ele>1880.6</ele></trkpt>
   <trkpt lat="46.270839" lon="11.817752"><ele>1881.0</ele></trkpt>
   <trkpt lat="46.270865" lon="11.817757"><ele>1881.4</ele></trkpt>
   <trkpt lat="46.270892" lon="11.817764"><ele>1881.8</ele></trkpt>
   <trkpt lat="46.270919" lon="11.817770"><ele>1882.3</ele></trkpt>
   <trkpt lat="46.270947" lon="11.817778"><ele>1882.9</ele></trkpt>
   <trkpt lat="46.270969" lon="11.817778"><ele>1883.5</ele></trkpt>
   <trkpt lat="46.270995" lon="11.817780"><ele>1884.1</ele></trkpt>
   <trkpt lat="46.271021" lon="11.817784"><ele>1884.7</ele></trkpt>
   <trkpt lat="46.271044" lon="11.817780"><ele>1885.3</ele></trkpt>
   <trkpt lat="46.271066" lon="11.817772"><ele>1885.9</ele></trkpt>
   <trkpt lat="46.271089" lon="11.817766"><ele>1886.4</ele></trkpt>
   <trkpt lat="46.271114" lon="11.817762"><ele>1887.0</ele></trkpt>
   <trkpt lat="46.271134" lon="11.817760"><ele>1887.6</ele></trkpt>
   <trkpt lat="46.271160" lon="11.817760"><ele>1888.1</ele></trkpt>
   <trkpt lat="46.271187" lon="11.817764"><ele>1888.3</ele></trkpt>
   <trkpt lat="46.271208" lon="11.817767"><ele>1888.7</ele></trkpt>
   <trkpt lat="46.271236" lon="11.817786"><ele>1888.9</ele></trkpt>
   <trkpt lat="46.271265" lon="11.817800"><ele>1889.3</ele></trkpt>
   <trkpt lat="46.271282" lon="11.817832"><ele>1889.9</ele></trkpt>
   <trkpt lat="46.271323" lon="11.817862"><ele>1891.1</ele></trkpt>
   <trkpt lat="46.271350" lon="11.817884"><ele>1891.7</ele></trkpt>
   <trkpt lat="46.271382" lon="11.817901"><ele>1892.6</ele></trkpt>
   <trkpt lat="46.271406" lon="11.817912"><ele>1893.2</ele></trkpt>
   <trkpt lat="46.271428" lon="11.817924"><ele>1893.8</ele></trkpt>
   <trkpt lat="46.271449" lon="11.817939"><ele>1894.3</ele></trkpt>
   <trkpt lat="46.271473" lon="11.817953"><ele>1894.9</ele></trkpt>
   <trkpt lat="46.271493" lon="11.817962"><ele>1895.7</ele></trkpt>
   <trkpt lat="46.271519" lon="11.817972"><ele>1896.9</ele></trkpt>
   <trkpt lat="46.271538" lon="11.817988"><ele>1897.8</ele></trkpt>
   <trkpt lat="46.271558" lon="11.818000"><ele>1898.6</ele></trkpt>
   <trkpt lat="46.271582" lon="11.817994"><ele>1899.8</ele></trkpt>
   <trkpt lat="46.271605" lon="11.818008"><ele>1900.6</ele></trkpt>
   <trkpt lat="46.271623" lon="11.818028"><ele>1901.4</ele></trkpt>
   <trkpt lat="46.271647" lon="11.818057"><ele>1902.2</ele></trkpt>
   <trkpt lat="46.271667" lon="11.818090"><ele>1903.0</ele></trkpt>
   <trkpt lat="46.271681" lon="11.818126"><ele>1903.4</ele></trkpt>
   <trkpt lat="46.271695" lon="11.818170"><ele>1903.8</ele></trkpt>
   <trkpt lat="46.271708" lon="11.818212"><ele>1904.2</ele></trkpt>
   <trkpt lat="46.271713" lon="11.818254"><ele>1904.6</ele></trkpt>
   <trkpt lat="46.271722" lon="11.818294"><ele>1905.0</ele></trkpt>
   <trkpt lat="46.271731" lon="11.818337"><ele>1905.4</ele></trkpt>
   <trkpt lat="46.271742" lon="11.818377"><ele>1905.8</ele></trkpt>
   <trkpt lat="46.271745" lon="11.818411"><ele>1906.2</ele></trkpt>
   <trkpt lat="46.271751" lon="11.818447"><ele>1906.6</ele></trkpt>
   <trkpt lat="46.271759" lon="11.818476"><ele>1906.9</ele></trkpt>
   <trkpt lat="46.271765" lon="11.818505"><ele>1907.5</ele></trkpt>
   <trkpt lat="46.271771" lon="11.818532"><ele>1908.1</ele></trkpt>
   <trkpt lat="46.271775" lon="11.818561"><ele>1908.8</ele></trkpt>
   <trkpt lat="46.271785" lon="11.818595"><ele>1909.4</ele></trkpt>
   <trkpt lat="46.271795" lon="11.818641"><ele>1910.3</ele></trkpt>
   <trkpt lat="46.271796" lon="11.818671"><ele>1910.9</ele></trkpt>
   <trkpt lat="46.271805" lon="11.818710"><ele>1911.5</ele></trkpt>
   <trkpt lat="46.271818" lon="11.818739"><ele>1912.1</ele></trkpt>
   <trkpt lat="46.271819" lon="11.818773"><ele>1912.7</ele></trkpt>
   <trkpt lat="46.271822" lon="11.818805"><ele>1913.4</ele></trkpt>
   <trkpt lat="46.271836" lon="11.818916"><ele>1915.8</ele></trkpt>
   <trkpt lat="46.271861" lon="11.819058"><ele>1918.2</ele></trkpt>
   <trkpt lat="46.271907" lon="11.819189"><ele>1920.4</ele></trkpt>
   <trkpt lat="46.271948" lon="11.819321"><ele>1923.2</ele></trkpt>
   <trkpt lat="46.272006" lon="11.819428"><ele>1925.6</ele></trkpt>
   <trkpt lat="46.271993" lon="11.819562"><ele>1928.6</ele></trkpt>
   <trkpt lat="46.272010" lon="11.819694"><ele>1931.4</ele></trkpt>
   <trkpt lat="46.272046" lon="11.819823"><ele>1934.6</ele></trkpt>
   <trkpt lat="46.272100" lon="11.819961"><ele>1935.8</ele></trkpt>
   <trkpt lat="46.272131" lon="11.820123"><ele>1936.6</ele></trkpt>
   <trkpt lat="46.272152" lon="11.820272"><ele>1937.4</ele></trkpt>
   <trkpt lat="46.272132" lon="11.820412"><ele>1938.4</ele></trkpt>
   <trkpt lat="46.272085" lon="11.820534"><ele>1940.5</ele></trkpt>
   <trkpt lat="46.272070" lon="11.820677"><ele>1942.6</ele></trkpt>
   <trkpt lat="46.272034" lon="11.820801"><ele>1943.9</ele></trkpt>
   <trkpt lat="46.271993" lon="11.820935"><ele>1945.2</ele></trkpt>
   <trkpt lat="46.271966" lon="11.821037"><ele>1946.0</ele></trkpt>
   <trkpt lat="46.271950" lon="11.821082"><ele>1946.2</ele></trkpt>
   <trkpt lat="46.271936" lon="11.821127"><ele>1946.4</ele></trkpt>
   <trkpt lat="46.271926" lon="11.821148"><ele>1946.5</ele></trkpt>
   <trkpt lat="46.271922" lon="11.821175"><ele>1946.6</ele></trkpt>
   <trkpt lat="46.271909" lon="11.821204"><ele>1946.7</ele></trkpt>
   <trkpt lat="46.271895" lon="11.821233"><ele>1946.8</ele></trkpt>
   <trkpt lat="46.271879" lon="11.821262"><ele>1946.9</ele></trkpt>
   <trkpt lat="46.271842" lon="11.821389"><ele>1948.0</ele></trkpt>
   <trkpt lat="46.271835" lon="11.821540"><ele>1949.0</ele></trkpt>
   <trkpt lat="46.271768" lon="11.821680"><ele>1950.0</ele></trkpt>
   <trkpt lat="46.271730" lon="11.821801"><ele>1950.8</ele></trkpt>
   <trkpt lat="46.271656" lon="11.821894"><ele>1952.2</ele></trkpt>
   <trkpt lat="46.271618" lon="11.822015"><ele>1954.0</ele></trkpt>
   <trkpt lat="46.271590" lon="11.822150"><ele>1955.5</ele></trkpt>
   <trkpt lat="46.271682" lon="11.822162"><ele>1960.2</ele></trkpt>
   <trkpt lat="46.271642" lon="11.822298"><ele>1962.8</ele></trkpt>
   <trkpt lat="46.271588" lon="11.822414"><ele>1963.7</ele></trkpt>
   <trkpt lat="46.271539" lon="11.822528"><ele>1965.5</ele></trkpt>
   <trkpt lat="46.271510" lon="11.822670"><ele>1967.3</ele></trkpt>
   <trkpt lat="46.271471" lon="11.822802"><ele>1969.4</ele></trkpt>
   <trkpt lat="46.271553" lon="11.822742"><ele>1975.5</ele></trkpt>
   <trkpt lat="46.271647" lon="11.822712"><ele>1979.0</ele></trkpt>
   <trkpt lat="46.271740" lon="11.822652"><ele>1980.8</ele></trkpt>
   <trkpt lat="46.271835" lon="11.822623"><ele>1982.0</ele></trkpt>
   <trkpt lat="46.271928" lon="11.822584"><ele>1983.4</ele></trkpt>
   <trkpt lat="46.271884" lon="11.822723"><ele>1985.0</ele></trkpt>
   <trkpt lat="46.271983" lon="11.822736"><ele>1988.8</ele></trkpt>
   <trkpt lat="46.272064" lon="11.822804"><ele>1990.6</ele></trkpt>
   <trkpt lat="46.272001" lon="11.822908"><ele>1991.8</ele></trkpt>
   <trkpt lat="46.271938" lon="11.823018"><ele>1992.9</ele></trkpt>
   <trkpt lat="46.271902" lon="11.823156"><ele>1994.4</ele></trkpt>
   <trkpt lat="46.271840" lon="11.823277"><ele>1995.6</ele></trkpt>
   <trkpt lat="46.271808" lon="11.823404"><ele>1996.8</ele></trkpt>
   <trkpt lat="46.271876" lon="11.823490"><ele>2005.4</ele></trkpt>
   <trkpt lat="46.271958" lon="11.823419"><ele>2007.6</ele></trkpt>
   <trkpt lat="46.271922" lon="11.823561"><ele>2009.0</ele></trkpt>
   <trkpt lat="46.271876" lon="11.823689"><ele>2010.4</ele></trkpt>
   <trkpt lat="46.271968" lon="11.823673"><ele>2014.9</ele></trkpt>
   <trkpt lat="46.272009" lon="11.823800"><ele>2019.4</ele></trkpt>
   <trkpt lat="46.271956" lon="11.823913"><ele>2020.9</ele></trkpt>
   <trkpt lat="46.272054" lon="11.823890"><ele>2025.0</ele></trkpt>
   <trkpt lat="46.272151" lon="11.823855"><ele>2027.9</ele></trkpt>
   <trkpt lat="46.272226" lon="11.823779"><ele>2030.0</ele></trkpt>
   <trkpt lat="46.272232" lon="11.823916"><ele>2031.2</ele></trkpt>
   <trkpt lat="46.272166" lon="11.824020"><ele>2032.4</ele></trkpt>
   <trkpt lat="46.272118" lon="11.824136"><ele>2033.6</ele></trkpt>
   <trkpt lat="46.272074" lon="11.824249"><ele>2034.8</ele></trkpt>
   <trkpt lat="46.272168" lon="11.824213"><ele>2038.8</ele></trkpt>
   <trkpt lat="46.272255" lon="11.824152"><ele>2041.2</ele></trkpt>
   <trkpt lat="46.272341" lon="11.824111"><ele>2043.2</ele></trkpt>
   <trkpt lat="46.272366" lon="11.824256"><ele>2045.6</ele></trkpt>
   <trkpt lat="46.272300" lon="11.824372"><ele>2047.6</ele></trkpt>
   <trkpt lat="46.272254" lon="11.824503"><ele>2049.7</ele></trkpt>
   <trkpt lat="46.272225" lon="11.824634"><ele>2052.1</ele></trkpt>
   <trkpt lat="46.272321" lon="11.824596"><ele>2060.2</ele></trkpt>
   <trkpt lat="46.272420" lon="11.824573"><ele>2063.0</ele></trkpt>
   <trkpt lat="46.272426" lon="11.824710"><ele>2065.0</ele></trkpt>
   <trkpt lat="46.272364" lon="11.824823"><ele>2066.4</ele></trkpt>
   <trkpt lat="46.272284" lon="11.824901"><ele>2067.8</ele></trkpt>
   <trkpt lat="46.272194" lon="11.824919"><ele>2068.8</ele></trkpt>
   <trkpt lat="46.272291" lon="11.824943"><ele>2072.5</ele></trkpt>
   <trkpt lat="46.272389" lon="11.824948"><ele>2075.2</ele></trkpt>
   <trkpt lat="46.272305" lon="11.825016"><ele>2076.6</ele></trkpt>
   <trkpt lat="46.272207" lon="11.825077"><ele>2078.0</ele></trkpt>
   <trkpt lat="46.272111" lon="11.825142"><ele>2079.4</ele></trkpt>
   <trkpt lat="46.272019" lon="11.825218"><ele>2080.6</ele></trkpt>
   <trkpt lat="46.271955" lon="11.825324"><ele>2081.8</ele></trkpt>
   <trkpt lat="46.271861" lon="11.825341"><ele>2082.8</ele></trkpt>
   <trkpt lat="46.271761" lon="11.825335"><ele>2084.0</ele></trkpt>
   <trkpt lat="46.271661" lon="11.825357"><ele>2085.3</ele></trkpt>
   <trkpt lat="46.271565" lon="11.825386"><ele>2087.4</ele></trkpt>
   <trkpt lat="46.271469" lon="11.825366"><ele>2089.4</ele></trkpt>
   <trkpt lat="46.271393" lon="11.825284"><ele>2089.9</ele></trkpt>
   <trkpt lat="46.271313" lon="11.825176"><ele>2092.0</ele></trkpt>
   <trkpt lat="46.271258" lon="11.825072"><ele>2093.4</ele></trkpt>
   <trkpt lat="46.271186" lon="11.824970"><ele>2094.4</ele></trkpt>
   <trkpt lat="46.271127" lon="11.825070"><ele>2098.9</ele></trkpt>
   <trkpt lat="46.271152" lon="11.825214"><ele>2102.4</ele></trkpt>
   <trkpt lat="46.271168" lon="11.825348"><ele>2104.9</ele></trkpt>
   <trkpt lat="46.271147" lon="11.825484"><ele>2107.0</ele></trkpt>
   <trkpt lat="46.271088" lon="11.825608"><ele>2107.6</ele></trkpt>
   <trkpt lat="46.271010" lon="11.825699"><ele>2108.6</ele></trkpt>
   <trkpt lat="46.270952" lon="11.825818"><ele>2110.7</ele></trkpt>
   <trkpt lat="46.270927" lon="11.825951"><ele>2113.4</ele></trkpt>
   <trkpt lat="46.270998" lon="11.825843"><ele>2117.0</ele></trkpt>
   <trkpt lat="46.271089" lon="11.825793"><ele>2119.6</ele></trkpt>
   <trkpt lat="46.271076" lon="11.825937"><ele>2123.2</ele></trkpt>
   <trkpt lat="46.271045" lon="11.826080"><ele>2124.9</ele></trkpt>
   <trkpt lat="46.271120" lon="11.825993"><ele>2129.8</ele></trkpt>
   <trkpt lat="46.271157" lon="11.826124"><ele>2132.4</ele></trkpt>
   <trkpt lat="46.271194" lon="11.826254"><ele>2139.3</ele></trkpt>
   <trkpt lat="46.271176" lon="11.826383"><ele>2141.1</ele></trkpt>
   <trkpt lat="46.271229" lon="11.826268"><ele>2144.4</ele></trkpt>
   <trkpt lat="46.271288" lon="11.826144"><ele>2146.9</ele></trkpt>
   <trkpt lat="46.271300" lon="11.826275"><ele>2149.6</ele></trkpt>
   <trkpt lat="46.271317" lon="11.826409"><ele>2151.0</ele></trkpt>
   <trkpt lat="46.271378" lon="11.826315"><ele>2154.1</ele></trkpt>
   <trkpt lat="46.271430" lon="11.826195"><ele>2156.5</ele></trkpt>
   <trkpt lat="46.271447" lon="11.826349"><ele>2158.6</ele></trkpt>
   <trkpt lat="46.271412" lon="11.826474"><ele>2160.1</ele></trkpt>
   <trkpt lat="46.271487" lon="11.826371"><ele>2164.2</ele></trkpt>
   <trkpt lat="46.271513" lon="11.826501"><ele>2167.9</ele></trkpt>
   <trkpt lat="46.271612" lon="11.826535"><ele>2173.8</ele></trkpt>
   <trkpt lat="46.271649" lon="11.826659"><ele>2176.2</ele></trkpt>
   <trkpt lat="46.271737" lon="11.826726"><ele>2179.0</ele></trkpt>
   <trkpt lat="46.271642" lon="11.826756"><ele>2179.0</ele></trkpt>
   <trkpt lat="46.271540" lon="11.826775"><ele>2180.2</ele></trkpt>
   <trkpt lat="46.271518" lon="11.826904"><ele>2182.8</ele></trkpt>
   <trkpt lat="46.271469" lon="11.827028"><ele>2185.5</ele></trkpt>
   <trkpt lat="46.271410" lon="11.827132"><ele>2188.2</ele></trkpt>
   <trkpt lat="46.271356" lon="11.827269"><ele>2190.8</ele></trkpt>
   <trkpt lat="46.271314" lon="11.827386"><ele>2193.2</ele></trkpt>
   <trkpt lat="46.271402" lon="11.827330"><ele>2197.2</ele></trkpt>
   <trkpt lat="46.271469" lon="11.827221"><ele>2199.5</ele></trkpt>
   <trkpt lat="46.271470" lon="11.827354"><ele>2202.5</ele></trkpt>
   <trkpt lat="46.271537" lon="11.827251"><ele>2205.4</ele></trkpt>
   <trkpt lat="46.271638" lon="11.827222"><ele>2207.5</ele></trkpt>
   <trkpt lat="46.271617" lon="11.827374"><ele>2210.2</ele></trkpt>
   <trkpt lat="46.271713" lon="11.827358"><ele>2214.6</ele></trkpt>
   <trkpt lat="46.271695" lon="11.827496"><ele>2218.2</ele></trkpt>
   <trkpt lat="46.271628" lon="11.827598"><ele>2219.2</ele></trkpt>
   <trkpt lat="46.271562" lon="11.827696"><ele>2219.6</ele></trkpt>
   <trkpt lat="46.271508" lon="11.827814"><ele>2220.5</ele></trkpt>
   <trkpt lat="46.271534" lon="11.827940"><ele>2225.1</ele></trkpt>
   <trkpt lat="46.271500" lon="11.828078"><ele>2226.0</ele></trkpt>
   <trkpt lat="46.271527" lon="11.828202"><ele>2226.0</ele></trkpt>
   <trkpt lat="46.271446" lon="11.828263"><ele>2229.3</ele></trkpt>
   <trkpt lat="46.271367" lon="11.828327"><ele>2231.1</ele></trkpt>
   <trkpt lat="46.271259" lon="11.828363"><ele>2232.6</ele></trkpt>
   <trkpt lat="46.271170" lon="11.828337"><ele>2233.6</ele></trkpt>
   <trkpt lat="46.271070" lon="11.828336"><ele>2234.0</ele></trkpt>
   <trkpt lat="46.270992" lon="11.828434"><ele>2234.0</ele></trkpt>
   <trkpt lat="46.270932" lon="11.828534"><ele>2234.6</ele></trkpt>
   <trkpt lat="46.270823" lon="11.828508"><ele>2235.0</ele></trkpt>
   <trkpt lat="46.270728" lon="11.828532"><ele>2235.0</ele></trkpt>
   <trkpt lat="46.270653" lon="11.828615"><ele>2235.0</ele></trkpt>
   <trkpt lat="46.270553" lon="11.828669"><ele>2235.0</ele></trkpt>
   <trkpt lat="46.270451" lon="11.828688"><ele>2235.2</ele></trkpt>
   <trkpt lat="46.270358" lon="11.828731"><ele>2235.7</ele></trkpt>
   <trkpt lat="46.270300" lon="11.828623"><ele>2236.1</ele></trkpt>
   <trkpt lat="46.270231" lon="11.828515"><ele>2236.7</ele></trkpt>
   <trkpt lat="46.270165" lon="11.828398"><ele>2237.3</ele></trkpt>
   <trkpt lat="46.270117" lon="11.828250"><ele>2237.9</ele></trkpt>
   <trkpt lat="46.270027" lon="11.828210"><ele>2240.7</ele></trkpt>
   <trkpt lat="46.269947" lon="11.828281"><ele>2241.7</ele></trkpt>
   <trkpt lat="46.269866" lon="11.828341"><ele>2242.8</ele></trkpt>
   <trkpt lat="46.269815" lon="11.828471"><ele>2244.4</ele></trkpt>
   <trkpt lat="46.269776" lon="11.828589"><ele>2246.0</ele></trkpt>
   <trkpt lat="46.269700" lon="11.828691"><ele>2247.6</ele></trkpt>
   <trkpt lat="46.269648" lon="11.828807"><ele>2250.8</ele></trkpt>
   <trkpt lat="46.269610" lon="11.828928"><ele>2253.0</ele></trkpt>
   <trkpt lat="46.269520" lon="11.828983"><ele>2254.3</ele></trkpt>
   <trkpt lat="46.269435" lon="11.829077"><ele>2256.7</ele></trkpt>
   <trkpt lat="46.269334" lon="11.829092"><ele>2257.8</ele></trkpt>
   <trkpt lat="46.269253" lon="11.829188"><ele>2259.4</ele></trkpt>
   <trkpt lat="46.269160" lon="11.829170"><ele>2261.8</ele></trkpt>
   <trkpt lat="46.269065" lon="11.829189"><ele>2264.0</ele></trkpt>
   <trkpt lat="46.268968" lon="11.829204"><ele>2266.0</ele></trkpt>
   <trkpt lat="46.268887" lon="11.829272"><ele>2268.2</ele></trkpt>
   <trkpt lat="46.268799" lon="11.829341"><ele>2269.3</ele></trkpt>
   <trkpt lat="46.268707" lon="11.829384"><ele>2271.1</ele></trkpt>
   <trkpt lat="46.268631" lon="11.829459"><ele>2273.2</ele></trkpt>
   <trkpt lat="46.268533" lon="11.829428"><ele>2275.6</ele></trkpt>
   <trkpt lat="46.268448" lon="11.829363"><ele>2277.4</ele></trkpt>
   <trkpt lat="46.268361" lon="11.829278"><ele>2279.2</ele></trkpt>
   <trkpt lat="46.268287" lon="11.829187"><ele>2280.7</ele></trkpt>
   <trkpt lat="46.268207" lon="11.829106"><ele>2281.8</ele></trkpt>
   <trkpt lat="46.268119" lon="11.829041"><ele>2282.8</ele></trkpt>
   <trkpt lat="46.268044" lon="11.828961"><ele>2283.8</ele></trkpt>
   <trkpt lat="46.267987" lon="11.828846"><ele>2285.1</ele></trkpt>
   <trkpt lat="46.267910" lon="11.828742"><ele>2286.6</ele></trkpt>
   <trkpt lat="46.267836" lon="11.828638"><ele>2287.4</ele></trkpt>
   <trkpt lat="46.267794" lon="11.828520"><ele>2287.9</ele></trkpt>
   <trkpt lat="46.267725" lon="11.828402"><ele>2288.6</ele></trkpt>
   <trkpt lat="46.267653" lon="11.828314"><ele>2289.0</ele></trkpt>
   <trkpt lat="46.267607" lon="11.828182"><ele>2290.4</ele></trkpt>
   <trkpt lat="46.267538" lon="11.828072"><ele>2291.2</ele></trkpt>
   <trkpt lat="46.267496" lon="11.827944"><ele>2292.0</ele></trkpt>
   <trkpt lat="46.267466" lon="11.827812"><ele>2293.2</ele></trkpt>
   <trkpt lat="46.267427" lon="11.827684"><ele>2294.4</ele></trkpt>
   <trkpt lat="46.267247" lon="11.827674"><ele>2294.4</ele></trkpt>
   <trkpt lat="46.267290" lon="11.827518"><ele>2290.8</ele></trkpt>
   <trkpt lat="46.267249" lon="11.827382"><ele>2290.2</ele></trkpt>
   <trkpt lat="46.267220" lon="11.827237"><ele>2293.4</ele></trkpt>
   <trkpt lat="46.267133" lon="11.827205"><ele>2301.5</ele></trkpt>
   <trkpt lat="46.267104" lon="11.827354"><ele>2305.0</ele></trkpt>
   <trkpt lat="46.267109" lon="11.827502"><ele>2308.5</ele></trkpt>
   <trkpt lat="46.267056" lon="11.827628"><ele>2311.8</ele></trkpt>
   <trkpt lat="46.267002" lon="11.827736"><ele>2314.6</ele></trkpt>
   <trkpt lat="46.266966" lon="11.827859"><ele>2316.8</ele></trkpt>
   <trkpt lat="46.266911" lon="11.827969"><ele>2319.2</ele></trkpt>
   <trkpt lat="46.266861" lon="11.828090"><ele>2322.0</ele></trkpt>
   <trkpt lat="46.266821" lon="11.828227"><ele>2324.1</ele></trkpt>
   <trkpt lat="46.266904" lon="11.828149"><ele>2330.3</ele></trkpt>
   <trkpt lat="46.266961" lon="11.828039"><ele>2332.3</ele></trkpt>
   <trkpt lat="46.267040" lon="11.827952"><ele>2335.2</ele></trkpt>
   <trkpt lat="46.267119" lon="11.827870"><ele>2338.0</ele></trkpt>
   <trkpt lat="46.267199" lon="11.827801"><ele>2340.1</ele></trkpt>
   <trkpt lat="46.267167" lon="11.827926"><ele>2341.4</ele></trkpt>
   <trkpt lat="46.267150" lon="11.828072"><ele>2342.8</ele></trkpt>
   <trkpt lat="46.267081" lon="11.828159"><ele>2345.8</ele></trkpt>
   <trkpt lat="46.267150" lon="11.828057"><ele>2348.2</ele></trkpt>
   <trkpt lat="46.267187" lon="11.828184"><ele>2353.8</ele></trkpt>
   <trkpt lat="46.267240" lon="11.828301"><ele>2357.6</ele></trkpt>
   <trkpt lat="46.267165" lon="11.828386"><ele>2364.0</ele></trkpt>
   <trkpt lat="46.267074" lon="11.828429"><ele>2369.7</ele></trkpt>
   <trkpt lat="46.266996" lon="11.828501"><ele>2372.4</ele></trkpt>
   <trkpt lat="46.267007" lon="11.828637"><ele>2379.0</ele></trkpt>
   <trkpt lat="46.266986" lon="11.828777"><ele>2383.4</ele></trkpt>
   <trkpt lat="46.266947" lon="11.828901"><ele>2390.1</ele></trkpt>
   <trkpt lat="46.267027" lon="11.828813"><ele>2393.8</ele></trkpt>
   <trkpt lat="46.267102" lon="11.828894"><ele>2398.0</ele></trkpt>
   <trkpt lat="46.267040" lon="11.828952"><ele>2401.6</ele></trkpt>
   <trkpt lat="46.267047" lon="11.829096"><ele>2404.0</ele></trkpt>
   <trkpt lat="46.266991" lon="11.829130"><ele>2408.0</ele></trkpt>
   <trkpt lat="46.267028" lon="11.829199"><ele>2410.0</ele></trkpt>
   <trkpt lat="46.267042" lon="11.829223"><ele>2411.0</ele></trkpt>
   <trkpt lat="46.266947" lon="11.829206"><ele>2415.8</ele></trkpt>
   <trkpt lat="46.266908" lon="11.829332"><ele>2419.7</ele></trkpt>
   <trkpt lat="46.266949" lon="11.829455"><ele>2421.8</ele></trkpt>
   <trkpt lat="46.266896" lon="11.829468"><ele>2422.9</ele></trkpt>
   <trkpt lat="46.266875" lon="11.829596"><ele>2428.8</ele></trkpt>
   <trkpt lat="46.266954" lon="11.829683"><ele>2432.4</ele></trkpt>
   <trkpt lat="46.266969" lon="11.829703"><ele>2433.0</ele></trkpt>
   <trkpt lat="46.266982" lon="11.829732"><ele>2433.4</ele></trkpt>
   <trkpt lat="46.266960" lon="11.829729"><ele>2434.2</ele></trkpt>
   <trkpt lat="46.266928" lon="11.829724"><ele>2434.6</ele></trkpt>
   <trkpt lat="46.266837" lon="11.829751"><ele>2436.0</ele></trkpt>
   <trkpt lat="46.266885" lon="11.829827"><ele>2440.6</ele></trkpt>
   <trkpt lat="46.266862" lon="11.829823"><ele>2441.0</ele></trkpt>
   <trkpt lat="46.266844" lon="11.829813"><ele>2441.2</ele></trkpt>
   <trkpt lat="46.266813" lon="11.829801"><ele>2441.6</ele></trkpt>
   <trkpt lat="46.266746" lon="11.829891"><ele>2443.8</ele></trkpt>
   <trkpt lat="46.266762" lon="11.830022"><ele>2447.0</ele></trkpt>
   <trkpt lat="46.266762" lon="11.830052"><ele>2447.9</ele></trkpt>
   <trkpt lat="46.266770" lon="11.830186"><ele>2451.2</ele></trkpt>
   <trkpt lat="46.266768" lon="11.830234"><ele>2452.4</ele></trkpt>
   <trkpt lat="46.266776" lon="11.830265"><ele>2453.6</ele></trkpt>
   <trkpt lat="46.266785" lon="11.830299"><ele>2454.5</ele></trkpt>
   <trkpt lat="46.266775" lon="11.830327"><ele>2455.4</ele></trkpt>
   <trkpt lat="46.266761" lon="11.830347"><ele>2456.3</ele></trkpt>
   <trkpt lat="46.266755" lon="11.830374"><ele>2457.2</ele></trkpt>
   <trkpt lat="46.266754" lon="11.830410"><ele>2458.1</ele></trkpt>
   <trkpt lat="46.266744" lon="11.830442"><ele>2458.7</ele></trkpt>
   <trkpt lat="46.266738" lon="11.830478"><ele>2459.2</ele></trkpt>
   <trkpt lat="46.266741" lon="11.830505"><ele>2459.6</ele></trkpt>
   <trkpt lat="46.266743" lon="11.830540"><ele>2460.0</ele></trkpt>
   <trkpt lat="46.266741" lon="11.830575"><ele>2460.4</ele></trkpt>
   <trkpt lat="46.266730" lon="11.830608"><ele>2460.8</ele></trkpt>
   <trkpt lat="46.266722" lon="11.830637"><ele>2461.2</ele></trkpt>
   <trkpt lat="46.266709" lon="11.830670"><ele>2461.8</ele></trkpt>
   <trkpt lat="46.266699" lon="11.830705"><ele>2462.4</ele></trkpt>
   <trkpt lat="46.266694" lon="11.830742"><ele>2463.0</ele></trkpt>
   <trkpt lat="46.266688" lon="11.830771"><ele>2463.6</ele></trkpt>
   <trkpt lat="46.266681" lon="11.830804"><ele>2464.5</ele></trkpt>
   <trkpt lat="46.266673" lon="11.830830"><ele>2465.4</ele></trkpt>
   <trkpt lat="46.266655" lon="11.830850"><ele>2466.2</ele></trkpt>
   <trkpt lat="46.266634" lon="11.830871"><ele>2466.8</ele></trkpt>
   <trkpt lat="46.266620" lon="11.830898"><ele>2467.4</ele></trkpt>
   <trkpt lat="46.266601" lon="11.830918"><ele>2468.0</ele></trkpt>
   <trkpt lat="46.266583" lon="11.830934"><ele>2468.9</ele></trkpt>
   <trkpt lat="46.266576" lon="11.830960"><ele>2469.8</ele></trkpt>
   <trkpt lat="46.266563" lon="11.830985"><ele>2470.7</ele></trkpt>
   <trkpt lat="46.266554" lon="11.831017"><ele>2472.0</ele></trkpt>
   <trkpt lat="46.266552" lon="11.831053"><ele>2473.5</ele></trkpt>
   <trkpt lat="46.266534" lon="11.831080"><ele>2475.0</ele></trkpt>
   <trkpt lat="46.266515" lon="11.831093"><ele>2476.3</ele></trkpt>
   <trkpt lat="46.266510" lon="11.831122"><ele>2477.2</ele></trkpt>
   <trkpt lat="46.266511" lon="11.831149"><ele>2477.8</ele></trkpt>
   <trkpt lat="46.266512" lon="11.831181"><ele>2478.7</ele></trkpt>
   <trkpt lat="46.266505" lon="11.831206"><ele>2479.8</ele></trkpt>
   <trkpt lat="46.266497" lon="11.831234"><ele>2481.0</ele></trkpt>
   <trkpt lat="46.266495" lon="11.831287"><ele>2482.6</ele></trkpt>
   <trkpt lat="46.266489" lon="11.831313"><ele>2483.6</ele></trkpt>
   <trkpt lat="46.266482" lon="11.831346"><ele>2484.5</ele></trkpt>
   <trkpt lat="46.266468" lon="11.831364"><ele>2485.1</ele></trkpt>
   <trkpt lat="46.266444" lon="11.831369"><ele>2486.0</ele></trkpt>
   <trkpt lat="46.266427" lon="11.831395"><ele>2487.2</ele></trkpt>
   <trkpt lat="46.266420" lon="11.831419"><ele>2487.8</ele></trkpt>
   <trkpt lat="46.266414" lon="11.831458"><ele>2488.7</ele></trkpt>
   <trkpt lat="46.266405" lon="11.831492"><ele>2489.6</ele></trkpt>
   <trkpt lat="46.266396" lon="11.831527"><ele>2490.2</ele></trkpt>
   <trkpt lat="46.266387" lon="11.831570"><ele>2490.8</ele></trkpt>
   <trkpt lat="46.266383" lon="11.831601"><ele>2491.4</ele></trkpt>
   <trkpt lat="46.266376" lon="11.831630"><ele>2492.0</ele></trkpt>
   <trkpt lat="46.266362" lon="11.831659"><ele>2493.2</ele></trkpt>
   <trkpt lat="46.266345" lon="11.831687"><ele>2494.4</ele></trkpt>
   <trkpt lat="46.266339" lon="11.831719"><ele>2495.2</ele></trkpt>
   <trkpt lat="46.266329" lon="11.831751"><ele>2496.3</ele></trkpt>
   <trkpt lat="46.266326" lon="11.831783"><ele>2497.2</ele></trkpt>
   <trkpt lat="46.266325" lon="11.831818"><ele>2498.0</ele></trkpt>
   <trkpt lat="46.266323" lon="11.831844"><ele>2498.6</ele></trkpt>
   <trkpt lat="46.266319" lon="11.831872"><ele>2499.1</ele></trkpt>
   <trkpt lat="46.266314" lon="11.831897"><ele>2499.6</ele></trkpt>
   <trkpt lat="46.266307" lon="11.831922"><ele>2500.0</ele></trkpt>
   <trkpt lat="46.266307" lon="11.831948"><ele>2500.4</ele></trkpt>
   <trkpt lat="46.266311" lon="11.831979"><ele>2500.8</ele></trkpt>
   <trkpt lat="46.266290" lon="11.831996"><ele>2501.2</ele></trkpt>
   <trkpt lat="46.266267" lon="11.831994"><ele>2501.4</ele></trkpt>
   <trkpt lat="46.266245" lon="11.831997"><ele>2501.6</ele></trkpt>
   <trkpt lat="46.266220" lon="11.832001"><ele>2501.8</ele></trkpt>
   <trkpt lat="46.266193" lon="11.832008"><ele>2502.0</ele></trkpt>
   <trkpt lat="46.266178" lon="11.832039"><ele>2502.8</ele></trkpt>
   <trkpt lat="46.266196" lon="11.832072"><ele>2503.2</ele></trkpt>
   <trkpt lat="46.266215" lon="11.832109"><ele>2503.6</ele></trkpt>
   <trkpt lat="46.266229" lon="11.832145"><ele>2504.0</ele></trkpt>
   <trkpt lat="46.266244" lon="11.832181"><ele>2504.6</ele></trkpt>
   <trkpt lat="46.266256" lon="11.832212"><ele>2505.2</ele></trkpt>
   <trkpt lat="46.266277" lon="11.832235"><ele>2506.1</ele></trkpt>
   <trkpt lat="46.266301" lon="11.832259"><ele>2506.7</ele></trkpt>
   <trkpt lat="46.266305" lon="11.832290"><ele>2507.1</ele></trkpt>
   <trkpt lat="46.266301" lon="11.832330"><ele>2507.3</ele></trkpt>
   <trkpt lat="46.266299" lon="11.832372"><ele>2507.5</ele></trkpt>
   <trkpt lat="46.266297" lon="11.832411"><ele>2507.7</ele></trkpt>
   <trkpt lat="46.266311" lon="11.832453"><ele>2507.9</ele></trkpt>
   <trkpt lat="46.266336" lon="11.832486"><ele>2508.3</ele></trkpt>
   <trkpt lat="46.266362" lon="11.832519"><ele>2508.9</ele></trkpt>
   <trkpt lat="46.266371" lon="11.832547"><ele>2509.5</ele></trkpt>
   <trkpt lat="46.266385" lon="11.832575"><ele>2510.1</ele></trkpt>
   <trkpt lat="46.266403" lon="11.832606"><ele>2510.7</ele></trkpt>
   <trkpt lat="46.266414" lon="11.832628"><ele>2511.0</ele></trkpt>
   <trkpt lat="46.266434" lon="11.832660"><ele>2511.6</ele></trkpt>
   <trkpt lat="46.266458" lon="11.832683"><ele>2512.2</ele></trkpt>
   <trkpt lat="46.266476" lon="11.832700"><ele>2512.8</ele></trkpt>
   <trkpt lat="46.266494" lon="11.832732"><ele>2513.4</ele></trkpt>
   <trkpt lat="46.266508" lon="11.832767"><ele>2514.0</ele></trkpt>
   <trkpt lat="46.266495" lon="11.832794"><ele>2515.2</ele></trkpt>
   <trkpt lat="46.266491" lon="11.832825"><ele>2516.4</ele></trkpt>
   <trkpt lat="46.266493" lon="11.832855"><ele>2517.2</ele></trkpt>
   <trkpt lat="46.266472" lon="11.832850"><ele>2517.8</ele></trkpt>
   <trkpt lat="46.266450" lon="11.832832"><ele>2518.2</ele></trkpt>
   <trkpt lat="46.266428" lon="11.832800"><ele>2518.6</ele></trkpt>
   <trkpt lat="46.266406" lon="11.832769"><ele>2519.0</ele></trkpt>
   <trkpt lat="46.266382" lon="11.832736"><ele>2519.8</ele></trkpt>
   <trkpt lat="46.266352" lon="11.832718"><ele>2520.6</ele></trkpt>
   <trkpt lat="46.266330" lon="11.832709"><ele>2521.4</ele></trkpt>
   <trkpt lat="46.266321" lon="11.832732"><ele>2522.6</ele></trkpt>
   <trkpt lat="46.266321" lon="11.832764"><ele>2523.5</ele></trkpt>
   <trkpt lat="46.266330" lon="11.832793"><ele>2524.5</ele></trkpt>
   <trkpt lat="46.266340" lon="11.832822"><ele>2525.5</ele></trkpt>
   <trkpt lat="46.266352" lon="11.832848"><ele>2526.5</ele></trkpt>
   <trkpt lat="46.266369" lon="11.832883"><ele>2527.5</ele></trkpt>
   <trkpt lat="46.266392" lon="11.832911"><ele>2528.3</ele></trkpt>
   <trkpt lat="46.266414" lon="11.832943"><ele>2528.9</ele></trkpt>
   <trkpt lat="46.266430" lon="11.832979"><ele>2529.5</ele></trkpt>
   <trkpt lat="46.266450" lon="11.833023"><ele>2530.1</ele></trkpt>
   <trkpt lat="46.266465" lon="11.833067"><ele>2530.7</ele></trkpt>
   <trkpt lat="46.266472" lon="11.833106"><ele>2531.3</ele></trkpt>
   <trkpt lat="46.266478" lon="11.833143"><ele>2531.9</ele></trkpt>
   <trkpt lat="46.266480" lon="11.833177"><ele>2532.5</ele></trkpt>
   <trkpt lat="46.266484" lon="11.833216"><ele>2533.1</ele></trkpt>
   <trkpt lat="46.266488" lon="11.833256"><ele>2533.7</ele></trkpt>
   <trkpt lat="46.266488" lon="11.833297"><ele>2534.3</ele></trkpt>
   <trkpt lat="46.266499" lon="11.833332"><ele>2534.9</ele></trkpt>
   <trkpt lat="46.266515" lon="11.833367"><ele>2535.5</ele></trkpt>
   <trkpt lat="46.266524" lon="11.833406"><ele>2536.1</ele></trkpt>
   <trkpt lat="46.266529" lon="11.833441"><ele>2536.7</ele></trkpt>
   <trkpt lat="46.266530" lon="11.833483"><ele>2537.4</ele></trkpt>
   <trkpt lat="46.266523" lon="11.833508"><ele>2538.2</ele></trkpt>
   <trkpt lat="46.266504" lon="11.833516"><ele>2539.4</ele></trkpt>
   <trkpt lat="46.266484" lon="11.833517"><ele>2540.6</ele></trkpt>
   <trkpt lat="46.266464" lon="11.833527"><ele>2542.2</ele></trkpt>
   <trkpt lat="46.266448" lon="11.833553"><ele>2544.2</ele></trkpt>
   <trkpt lat="46.266434" lon="11.833574"><ele>2545.9</ele></trkpt>
   <trkpt lat="46.266428" lon="11.833606"><ele>2547.4</ele></trkpt>
   <trkpt lat="46.266409" lon="11.833620"><ele>2548.6</ele></trkpt>
   <trkpt lat="46.266412" lon="11.833658"><ele>2549.5</ele></trkpt>
   <trkpt lat="46.266415" lon="11.833692"><ele>2550.1</ele></trkpt>
   <trkpt lat="46.266417" lon="11.833731"><ele>2550.7</ele></trkpt>
   <trkpt lat="46.266411" lon="11.833776"><ele>2551.3</ele></trkpt>
   <trkpt lat="46.266398" lon="11.833814"><ele>2551.9</ele></trkpt>
   <trkpt lat="46.266391" lon="11.833852"><ele>2552.4</ele></trkpt>
   <trkpt lat="46.266382" lon="11.833891"><ele>2553.0</ele></trkpt>
   <trkpt lat="46.266370" lon="11.833929"><ele>2553.6</ele></trkpt>
   <trkpt lat="46.266352" lon="11.833965"><ele>2554.2</ele></trkpt>
   <trkpt lat="46.266333" lon="11.834006"><ele>2554.6</ele></trkpt>
   <trkpt lat="46.266317" lon="11.834046"><ele>2555.0</ele></trkpt>
   <trkpt lat="46.266310" lon="11.834073"><ele>2555.2</ele></trkpt>
   <trkpt lat="46.266304" lon="11.834099"><ele>2555.4</ele></trkpt>
   <trkpt lat="46.266297" lon="11.834124"><ele>2555.6</ele></trkpt>
   <trkpt lat="46.266286" lon="11.834169"><ele>2556.0</ele></trkpt>
   <trkpt lat="46.266278" lon="11.834216"><ele>2556.6</ele></trkpt>
   <trkpt lat="46.266270" lon="11.834264"><ele>2557.2</ele></trkpt>
   <trkpt lat="46.266253" lon="11.834302"><ele>2557.8</ele></trkpt>
   <trkpt lat="46.266234" lon="11.834337"><ele>2558.4</ele></trkpt>
   <trkpt lat="46.266220" lon="11.834375"><ele>2559.0</ele></trkpt>
   <trkpt lat="46.266212" lon="11.834422"><ele>2559.6</ele></trkpt>
   <trkpt lat="46.266210" lon="11.834449"><ele>2559.9</ele></trkpt>
   <trkpt lat="46.266210" lon="11.834475"><ele>2560.2</ele></trkpt>
   <trkpt lat="46.266212" lon="11.834505"><ele>2560.5</ele></trkpt>
   <trkpt lat="46.266218" lon="11.834533"><ele>2560.8</ele></trkpt>
   <trkpt lat="46.266235" lon="11.834578"><ele>2561.4</ele></trkpt>
   <trkpt lat="46.266258" lon="11.834615"><ele>2562.0</ele></trkpt>
   <trkpt lat="46.266287" lon="11.834644"><ele>2562.4</ele></trkpt>
   <trkpt lat="46.266303" lon="11.834659"><ele>2562.6</ele></trkpt>
   <trkpt lat="46.266319" lon="11.834675"><ele>2562.8</ele></trkpt>
   <trkpt lat="46.266346" lon="11.834708"><ele>2563.2</ele></trkpt>
   <trkpt lat="46.266355" lon="11.834753"><ele>2563.6</ele></trkpt>
   <trkpt lat="46.266354" lon="11.834780"><ele>2563.8</ele></trkpt>
   <trkpt lat="46.266350" lon="11.834825"><ele>2564.2</ele></trkpt>
   <trkpt lat="46.266347" lon="11.834851"><ele>2564.4</ele></trkpt>
   <trkpt lat="46.266350" lon="11.834898"><ele>2564.8</ele></trkpt>
   <trkpt lat="46.266361" lon="11.834922"><ele>2565.0</ele></trkpt>
   <trkpt lat="46.266374" lon="11.834943"><ele>2565.2</ele></trkpt>
   <trkpt lat="46.266388" lon="11.834964"><ele>2565.4</ele></trkpt>
   <trkpt lat="46.266398" lon="11.834987"><ele>2565.6</ele></trkpt>
   <trkpt lat="46.266399" lon="11.835030"><ele>2566.0</ele></trkpt>
   <trkpt lat="46.266387" lon="11.835055"><ele>2566.3</ele></trkpt>
   <trkpt lat="46.266376" lon="11.835079"><ele>2566.6</ele></trkpt>
   <trkpt lat="46.266365" lon="11.835100"><ele>2566.9</ele></trkpt>
   <trkpt lat="46.266353" lon="11.835122"><ele>2567.2</ele></trkpt>
   <trkpt lat="46.266329" lon="11.835163"><ele>2567.8</ele></trkpt>
   <trkpt lat="46.266317" lon="11.835183"><ele>2568.1</ele></trkpt>
   <trkpt lat="46.266305" lon="11.835204"><ele>2568.4</ele></trkpt>
   <trkpt lat="46.266298" lon="11.835250"><ele>2569.0</ele></trkpt>
   <trkpt lat="46.266299" lon="11.835277"><ele>2569.2</ele></trkpt>
   <trkpt lat="46.266299" lon="11.835304"><ele>2569.4</ele></trkpt>
   <trkpt lat="46.266300" lon="11.835334"><ele>2569.6</ele></trkpt>
   <trkpt lat="46.266300" lon="11.835363"><ele>2569.8</ele></trkpt>
   <trkpt lat="46.266298" lon="11.835393"><ele>2570.0</ele></trkpt>
   <trkpt lat="46.266299" lon="11.835420"><ele>2570.2</ele></trkpt>
   <trkpt lat="46.266297" lon="11.835449"><ele>2570.4</ele></trkpt>
   <trkpt lat="46.266292" lon="11.835480"><ele>2570.6</ele></trkpt>
   <trkpt lat="46.266286" lon="11.835506"><ele>2570.8</ele></trkpt>
   <trkpt lat="46.266277" lon="11.835533"><ele>2571.0</ele></trkpt>
   <trkpt lat="46.266262" lon="11.835578"><ele>2571.2</ele></trkpt>
   <trkpt lat="46.266254" lon="11.835601"><ele>2571.3</ele></trkpt>
   <trkpt lat="46.266242" lon="11.835624"><ele>2571.4</ele></trkpt>
   <trkpt lat="46.266233" lon="11.835648"><ele>2571.5</ele></trkpt>
   <trkpt lat="46.266228" lon="11.835674"><ele>2571.6</ele></trkpt>
   <trkpt lat="46.266224" lon="11.835700"><ele>2571.7</ele></trkpt>
   <trkpt lat="46.266218" lon="11.835729"><ele>2571.8</ele></trkpt>
   <trkpt lat="46.266211" lon="11.835765"><ele>2571.9</ele></trkpt>
   <trkpt lat="46.266207" lon="11.835801"><ele>2572.0</ele></trkpt>
   <trkpt lat="46.266206" lon="11.835837"><ele>2572.2</ele></trkpt>
   <trkpt lat="46.266209" lon="11.835872"><ele>2572.4</ele></trkpt>
   <trkpt lat="46.266216" lon="11.835905"><ele>2572.6</ele></trkpt>
   <trkpt lat="46.266225" lon="11.835941"><ele>2572.8</ele></trkpt>
   <trkpt lat="46.266234" lon="11.835975"><ele>2573.0</ele></trkpt>
   <trkpt lat="46.266242" lon="11.836005"><ele>2573.2</ele></trkpt>
   <trkpt lat="46.266252" lon="11.836032"><ele>2573.4</ele></trkpt>
   <trkpt lat="46.266265" lon="11.836058"><ele>2573.6</ele></trkpt>
   <trkpt lat="46.266280" lon="11.836083"><ele>2573.8</ele></trkpt>
   <trkpt lat="46.266295" lon="11.836106"><ele>2574.0</ele></trkpt>
   <trkpt lat="46.266309" lon="11.836129"><ele>2574.2</ele></trkpt>
   <trkpt lat="46.266322" lon="11.836155"><ele>2574.4</ele></trkpt>
   <trkpt lat="46.266335" lon="11.836179"><ele>2574.6</ele></trkpt>
   <trkpt lat="46.266346" lon="11.836201"><ele>2574.8</ele></trkpt>
   <trkpt lat="46.266366" lon="11.836232"><ele>2575.2</ele></trkpt>
   <trkpt lat="46.266381" lon="11.836263"><ele>2575.6</ele></trkpt>
   <trkpt lat="46.266383" lon="11.836305"><ele>2576.0</ele></trkpt>
   <trkpt lat="46.266394" lon="11.836355"><ele>2576.2</ele></trkpt>
   <trkpt lat="46.266402" lon="11.836384"><ele>2576.3</ele></trkpt>
   <trkpt lat="46.266410" lon="11.836412"><ele>2576.4</ele></trkpt>
   <trkpt lat="46.266420" lon="11.836443"><ele>2576.5</ele></trkpt>
   <trkpt lat="46.266429" lon="11.836476"><ele>2576.6</ele></trkpt>
   <trkpt lat="46.266440" lon="11.836510"><ele>2576.7</ele></trkpt>
   <trkpt lat="46.266452" lon="11.836547"><ele>2576.8</ele></trkpt>
   <trkpt lat="46.266462" lon="11.836586"><ele>2576.9</ele></trkpt>
   <trkpt lat="46.266472" lon="11.836622"><ele>2577.0</ele></trkpt>
   <trkpt lat="46.266484" lon="11.836656"><ele>2577.0</ele></trkpt>
   <trkpt lat="46.266494" lon="11.836687"><ele>2577.0</ele></trkpt>
   <trkpt lat="46.266502" lon="11.836719"><ele>2577.0</ele></trkpt>
   <trkpt lat="46.266510" lon="11.836754"><ele>2577.0</ele></trkpt>
   <trkpt lat="46.266516" lon="11.836790"><ele>2577.0</ele></trkpt>
   <trkpt lat="46.266524" lon="11.836823"><ele>2577.0</ele></trkpt>
   <trkpt lat="46.266533" lon="11.836858"><ele>2577.0</ele></trkpt>
   <trkpt lat="46.266543" lon="11.836895"><ele>2577.0</ele></trkpt>
   <trkpt lat="46.266553" lon="11.836929"><ele>2577.0</ele></trkpt>
   <trkpt lat="46.266562" lon="11.836964"><ele>2577.0</ele></trkpt>
   <trkpt lat="46.266574" lon="11.836995"><ele>2577.1</ele></trkpt>
   <trkpt lat="46.266585" lon="11.837026"><ele>2577.2</ele></trkpt>
   <trkpt lat="46.266595" lon="11.837061"><ele>2577.3</ele></trkpt>
   <trkpt lat="46.266603" lon="11.837095"><ele>2577.4</ele></trkpt>
   <trkpt lat="46.266613" lon="11.837128"><ele>2577.5</ele></trkpt>
   <trkpt lat="46.266625" lon="11.837158"><ele>2577.6</ele></trkpt>
   <trkpt lat="46.266638" lon="11.837183"><ele>2577.7</ele></trkpt>
   <trkpt lat="46.266650" lon="11.837208"><ele>2577.8</ele></trkpt>
   <trkpt lat="46.266662" lon="11.837233"><ele>2577.9</ele></trkpt>
   <trkpt lat="46.266676" lon="11.837258"><ele>2578.0</ele></trkpt>
   <trkpt lat="46.266695" lon="11.837282"><ele>2577.9</ele></trkpt>
   <trkpt lat="46.266714" lon="11.837307"><ele>2577.8</ele></trkpt>
   <trkpt lat="46.266733" lon="11.837334"><ele>2577.7</ele></trkpt>
   <trkpt lat="46.266751" lon="11.837363"><ele>2577.6</ele></trkpt>
   <trkpt lat="46.266767" lon="11.837393"><ele>2577.5</ele></trkpt>
   <trkpt lat="46.266782" lon="11.837422"><ele>2577.4</ele></trkpt>
   <trkpt lat="46.266798" lon="11.837454"><ele>2577.3</ele></trkpt>
   <trkpt lat="46.266812" lon="11.837491"><ele>2577.2</ele></trkpt>
   <trkpt lat="46.266826" lon="11.837527"><ele>2577.1</ele></trkpt>
   <trkpt lat="46.266840" lon="11.837562"><ele>2577.0</ele></trkpt>
   <trkpt lat="46.266853" lon="11.837596"><ele>2577.0</ele></trkpt>
   <trkpt lat="46.266868" lon="11.837626"><ele>2577.0</ele></trkpt>
   <trkpt lat="46.266882" lon="11.837653"><ele>2577.0</ele></trkpt>
   <trkpt lat="46.266895" lon="11.837678"><ele>2577.0</ele></trkpt>
   <trkpt lat="46.266908" lon="11.837703"><ele>2577.0</ele></trkpt>
   <trkpt lat="46.266921" lon="11.837730"><ele>2577.0</ele></trkpt>
   <trkpt lat="46.266931" lon="11.837760"><ele>2577.0</ele></trkpt>
   <trkpt lat="46.266942" lon="11.837788"><ele>2577.0</ele></trkpt>
   <trkpt lat="46.266953" lon="11.837816"><ele>2577.0</ele></trkpt>
   <trkpt lat="46.266966" lon="11.837843"><ele>2577.0</ele></trkpt>
   <trkpt lat="46.266979" lon="11.837869"><ele>2577.0</ele></trkpt>
   <trkpt lat="46.266990" lon="11.837898"><ele>2577.0</ele></trkpt>
   <trkpt lat="46.267004" lon="11.837926"><ele>2577.0</ele></trkpt>
   <trkpt lat="46.267018" lon="11.837955"><ele>2577.0</ele></trkpt>
   <trkpt lat="46.267031" lon="11.837985"><ele>2577.0</ele></trkpt>
   <trkpt lat="46.267046" lon="11.838016"><ele>2577.0</ele></trkpt>
   <trkpt lat="46.267063" lon="11.838047"><ele>2577.0</ele></trkpt>
   <trkpt lat="46.267081" lon="11.838076"><ele>2577.0</ele></trkpt>
   <trkpt lat="46.267098" lon="11.838103"><ele>2577.0</ele></trkpt>
   <trkpt lat="46.267115" lon="11.838128"><ele>2577.0</ele></trkpt>
   <trkpt lat="46.267128" lon="11.838154"><ele>2577.1</ele></trkpt>
   <trkpt lat="46.267141" lon="11.838177"><ele>2577.2</ele></trkpt>
   <trkpt lat="46.267152" lon="11.838198"><ele>2577.3</ele></trkpt>
   <trkpt lat="46.267162" lon="11.838220"><ele>2577.4</ele></trkpt>
   <trkpt lat="46.267172" lon="11.838242"><ele>2577.5</ele></trkpt>
   <trkpt lat="46.267182" lon="11.838264"><ele>2577.6</ele></trkpt>
   <trkpt lat="46.267202" lon="11.838306"><ele>2577.8</ele></trkpt>
   <trkpt lat="46.267216" lon="11.838326"><ele>2577.9</ele></trkpt>
   <trkpt lat="46.267231" lon="11.838346"><ele>2578.0</ele></trkpt>
   <trkpt lat="46.267243" lon="11.838366"><ele>2578.1</ele></trkpt>
   <trkpt lat="46.267257" lon="11.838386"><ele>2578.2</ele></trkpt>
   <trkpt lat="46.267286" lon="11.838422"><ele>2578.4</ele></trkpt>
   <trkpt lat="46.267300" lon="11.838440"><ele>2578.5</ele></trkpt>
   <trkpt lat="46.267325" lon="11.838476"><ele>2578.7</ele></trkpt>
   <trkpt lat="46.267337" lon="11.838498"><ele>2578.8</ele></trkpt>
   <trkpt lat="46.267349" lon="11.838521"><ele>2578.9</ele></trkpt>
   <trkpt lat="46.267359" lon="11.838545"><ele>2579.0</ele></trkpt>
   <trkpt lat="46.267380" lon="11.838583"><ele>2579.0</ele></trkpt>
   <trkpt lat="46.267388" lon="11.838608"><ele>2579.0</ele></trkpt>
   <trkpt lat="46.267391" lon="11.838637"><ele>2579.0</ele></trkpt>
   <trkpt lat="46.267379" lon="11.838679"><ele>2579.0</ele></trkpt>
   <trkpt lat="46.267363" lon="11.838726"><ele>2579.0</ele></trkpt>
   <trkpt lat="46.267360" lon="11.838774"><ele>2579.0</ele></trkpt>
   <trkpt lat="46.267368" lon="11.838810"><ele>2579.2</ele></trkpt>
   <trkpt lat="46.267372" lon="11.838847"><ele>2579.4</ele></trkpt>
   <trkpt lat="46.267373" lon="11.838908"><ele>2579.6</ele></trkpt>
   <trkpt lat="46.267372" lon="11.838948"><ele>2579.7</ele></trkpt>
   <trkpt lat="46.267374" lon="11.838986"><ele>2579.8</ele></trkpt>
   <trkpt lat="46.267376" lon="11.839022"><ele>2579.9</ele></trkpt>
   <trkpt lat="46.267378" lon="11.839056"><ele>2580.0</ele></trkpt>
   <trkpt lat="46.267380" lon="11.839092"><ele>2580.0</ele></trkpt>
   <trkpt lat="46.267379" lon="11.839128"><ele>2580.0</ele></trkpt>
   <trkpt lat="46.267379" lon="11.839161"><ele>2580.0</ele></trkpt>
   <trkpt lat="46.267379" lon="11.839192"><ele>2580.0</ele></trkpt>
   <trkpt lat="46.267381" lon="11.839222"><ele>2580.0</ele></trkpt>
   <trkpt lat="46.267383" lon="11.839258"><ele>2580.0</ele></trkpt>
   <trkpt lat="46.267387" lon="11.839295"><ele>2580.0</ele></trkpt>
   <trkpt lat="46.267386" lon="11.839333"><ele>2580.0</ele></trkpt>
   <trkpt lat="46.267380" lon="11.839371"><ele>2580.0</ele></trkpt>
   <trkpt lat="46.267367" lon="11.839407"><ele>2580.0</ele></trkpt>
   <trkpt lat="46.267349" lon="11.839445"><ele>2580.0</ele></trkpt>
   <trkpt lat="46.267332" lon="11.839482"><ele>2580.0</ele></trkpt>
   <trkpt lat="46.267320" lon="11.839521"><ele>2580.0</ele></trkpt>
   <trkpt lat="46.267313" lon="11.839560"><ele>2580.0</ele></trkpt>
   <trkpt lat="46.267309" lon="11.839600"><ele>2580.0</ele></trkpt>
   <trkpt lat="46.267306" lon="11.839640"><ele>2580.0</ele></trkpt>
   <trkpt lat="46.267302" lon="11.839683"><ele>2580.0</ele></trkpt>
   <trkpt lat="46.267300" lon="11.839725"><ele>2580.0</ele></trkpt>
   <trkpt lat="46.267296" lon="11.839764"><ele>2580.0</ele></trkpt>
   <trkpt lat="46.267290" lon="11.839801"><ele>2580.0</ele></trkpt>
   <trkpt lat="46.267281" lon="11.839834"><ele>2579.9</ele></trkpt>
   <trkpt lat="46.267269" lon="11.839867"><ele>2579.8</ele></trkpt>
   <trkpt lat="46.267257" lon="11.839902"><ele>2579.7</ele></trkpt>
   <trkpt lat="46.267246" lon="11.839936"><ele>2579.6</ele></trkpt>
   <trkpt lat="46.267233" lon="11.839970"><ele>2579.5</ele></trkpt>
   <trkpt lat="46.267225" lon="11.840004"><ele>2579.4</ele></trkpt>
   <trkpt lat="46.267222" lon="11.840039"><ele>2579.3</ele></trkpt>
   <trkpt lat="46.267216" lon="11.840077"><ele>2579.2</ele></trkpt>
   <trkpt lat="46.267206" lon="11.840112"><ele>2579.1</ele></trkpt>
   <trkpt lat="46.267193" lon="11.840146"><ele>2579.0</ele></trkpt>
   <trkpt lat="46.267181" lon="11.840181"><ele>2578.8</ele></trkpt>
   <trkpt lat="46.267171" lon="11.840218"><ele>2578.6</ele></trkpt>
   <trkpt lat="46.267161" lon="11.840255"><ele>2578.4</ele></trkpt>
   <trkpt lat="46.267149" lon="11.840293"><ele>2578.2</ele></trkpt>
   <trkpt lat="46.267137" lon="11.840329"><ele>2578.0</ele></trkpt>
   <trkpt lat="46.267126" lon="11.840367"><ele>2577.8</ele></trkpt>
   <trkpt lat="46.267117" lon="11.840407"><ele>2577.6</ele></trkpt>
   <trkpt lat="46.267109" lon="11.840444"><ele>2577.4</ele></trkpt>
   <trkpt lat="46.267098" lon="11.840484"><ele>2577.2</ele></trkpt>
   <trkpt lat="46.267085" lon="11.840522"><ele>2577.0</ele></trkpt>
   <trkpt lat="46.267071" lon="11.840559"><ele>2576.9</ele></trkpt>
   <trkpt lat="46.267057" lon="11.840595"><ele>2576.8</ele></trkpt>
   <trkpt lat="46.267047" lon="11.840632"><ele>2576.7</ele></trkpt>
   <trkpt lat="46.267036" lon="11.840671"><ele>2576.6</ele></trkpt>
   <trkpt lat="46.267025" lon="11.840708"><ele>2576.5</ele></trkpt>
   <trkpt lat="46.267014" lon="11.840740"><ele>2576.4</ele></trkpt>
   <trkpt lat="46.267001" lon="11.840774"><ele>2576.3</ele></trkpt>
   <trkpt lat="46.266989" lon="11.840803"><ele>2576.2</ele></trkpt>
   <trkpt lat="46.266976" lon="11.840824"><ele>2576.1</ele></trkpt>
   <trkpt lat="46.266959" lon="11.840841"><ele>2576.0</ele></trkpt>
   <trkpt lat="46.266940" lon="11.840862"><ele>2575.6</ele></trkpt>
   <trkpt lat="46.266917" lon="11.840870"><ele>2575.0</ele></trkpt>
   <trkpt lat="46.266880" lon="11.840877"><ele>2574.6</ele></trkpt>
   <trkpt lat="46.266859" lon="11.840885"><ele>2574.4</ele></trkpt>
   <trkpt lat="46.266838" lon="11.840897"><ele>2574.2</ele></trkpt>
   <trkpt lat="46.266824" lon="11.840918"><ele>2574.0</ele></trkpt>
   <trkpt lat="46.266809" lon="11.840949"><ele>2574.0</ele></trkpt>
   <trkpt lat="46.266792" lon="11.840980"><ele>2574.0</ele></trkpt>
   <trkpt lat="46.266776" lon="11.841003"><ele>2574.0</ele></trkpt>
   <trkpt lat="46.266763" lon="11.841022"><ele>2574.0</ele></trkpt>
   <trkpt lat="46.266750" lon="11.841043"><ele>2574.0</ele></trkpt>
   <trkpt lat="46.266736" lon="11.841065"><ele>2574.0</ele></trkpt>
   <trkpt lat="46.266721" lon="11.841085"><ele>2574.0</ele></trkpt>
   <trkpt lat="46.266705" lon="11.841108"><ele>2574.0</ele></trkpt>
   <trkpt lat="46.266693" lon="11.841132"><ele>2574.0</ele></trkpt>
   <trkpt lat="46.266686" lon="11.841164"><ele>2574.0</ele></trkpt>
   <trkpt lat="46.266676" lon="11.841199"><ele>2574.0</ele></trkpt>
   <trkpt lat="46.266664" lon="11.841233"><ele>2574.0</ele></trkpt>
   <trkpt lat="46.266653" lon="11.841267"><ele>2574.0</ele></trkpt>
   <trkpt lat="46.266641" lon="11.841298"><ele>2574.0</ele></trkpt>
   <trkpt lat="46.266628" lon="11.841329"><ele>2574.0</ele></trkpt>
   <trkpt lat="46.266615" lon="11.841356"><ele>2574.0</ele></trkpt>
   <trkpt lat="46.266601" lon="11.841384"><ele>2574.0</ele></trkpt>
   <trkpt lat="46.266587" lon="11.841415"><ele>2574.0</ele></trkpt>
   <trkpt lat="46.266574" lon="11.841445"><ele>2574.0</ele></trkpt>
   <trkpt lat="46.266561" lon="11.841470"><ele>2574.0</ele></trkpt>
   <trkpt lat="46.266553" lon="11.841498"><ele>2574.0</ele></trkpt>
   <trkpt lat="46.266545" lon="11.841528"><ele>2574.0</ele></trkpt>
   <trkpt lat="46.266532" lon="11.841570"><ele>2574.0</ele></trkpt>
   <trkpt lat="46.266524" lon="11.841611"><ele>2574.0</ele></trkpt>
   <trkpt lat="46.266515" lon="11.841656"><ele>2574.0</ele></trkpt>
   <trkpt lat="46.266507" lon="11.841699"><ele>2574.0</ele></trkpt>
   <trkpt lat="46.266500" lon="11.841731"><ele>2574.2</ele></trkpt>
   <trkpt lat="46.266490" lon="11.841768"><ele>2574.4</ele></trkpt>
   <trkpt lat="46.266485" lon="11.841795"><ele>2574.5</ele></trkpt>
   <trkpt lat="46.266483" lon="11.841822"><ele>2574.6</ele></trkpt>
   <trkpt lat="46.266480" lon="11.841854"><ele>2574.7</ele></trkpt>
   <trkpt lat="46.266478" lon="11.841890"><ele>2574.8</ele></trkpt>
   <trkpt lat="46.266479" lon="11.841920"><ele>2574.9</ele></trkpt>
   <trkpt lat="46.266482" lon="11.841950"><ele>2575.0</ele></trkpt>
   <trkpt lat="46.266484" lon="11.841979"><ele>2574.9</ele></trkpt>
   <trkpt lat="46.266487" lon="11.842012"><ele>2574.8</ele></trkpt>
   <trkpt lat="46.266489" lon="11.842049"><ele>2574.7</ele></trkpt>
   <trkpt lat="46.266487" lon="11.842086"><ele>2574.6</ele></trkpt>
   <trkpt lat="46.266486" lon="11.842121"><ele>2574.5</ele></trkpt>
   <trkpt lat="46.266483" lon="11.842157"><ele>2574.4</ele></trkpt>
   <trkpt lat="46.266480" lon="11.842195"><ele>2574.3</ele></trkpt>
   <trkpt lat="46.266475" lon="11.842231"><ele>2574.2</ele></trkpt>
   <trkpt lat="46.266469" lon="11.842265"><ele>2574.1</ele></trkpt>
   <trkpt lat="46.266468" lon="11.842298"><ele>2574.0</ele></trkpt>
   <trkpt lat="46.266469" lon="11.842329"><ele>2573.9</ele></trkpt>
   <trkpt lat="46.266468" lon="11.842359"><ele>2573.8</ele></trkpt>
   <trkpt lat="46.266465" lon="11.842388"><ele>2573.7</ele></trkpt>
   <trkpt lat="46.266463" lon="11.842422"><ele>2573.6</ele></trkpt>
   <trkpt lat="46.266458" lon="11.842462"><ele>2573.5</ele></trkpt>
   <trkpt lat="46.266451" lon="11.842503"><ele>2573.4</ele></trkpt>
   <trkpt lat="46.266443" lon="11.842542"><ele>2573.3</ele></trkpt>
   <trkpt lat="46.266438" lon="11.842573"><ele>2573.2</ele></trkpt>
   <trkpt lat="46.266429" lon="11.842603"><ele>2573.1</ele></trkpt>
   <trkpt lat="46.266415" lon="11.842631"><ele>2573.0</ele></trkpt>
   <trkpt lat="46.266398" lon="11.842656"><ele>2572.8</ele></trkpt>
   <trkpt lat="46.266386" lon="11.842684"><ele>2572.6</ele></trkpt>
   <trkpt lat="46.266383" lon="11.842717"><ele>2572.4</ele></trkpt>
   <trkpt lat="46.266382" lon="11.842753"><ele>2572.2</ele></trkpt>
   <trkpt lat="46.266378" lon="11.842790"><ele>2572.0</ele></trkpt>
   <trkpt lat="46.266374" lon="11.842827"><ele>2571.8</ele></trkpt>
   <trkpt lat="46.266369" lon="11.842862"><ele>2571.6</ele></trkpt>
   <trkpt lat="46.266360" lon="11.842892"><ele>2571.4</ele></trkpt>
   <trkpt lat="46.266349" lon="11.842915"><ele>2571.2</ele></trkpt>
   <trkpt lat="46.266340" lon="11.842962"><ele>2570.9</ele></trkpt>
   <trkpt lat="46.266342" lon="11.842992"><ele>2570.8</ele></trkpt>
   <trkpt lat="46.266342" lon="11.843027"><ele>2570.7</ele></trkpt>
   <trkpt lat="46.266330" lon="11.843063"><ele>2570.6</ele></trkpt>
   <trkpt lat="46.266314" lon="11.843090"><ele>2570.5</ele></trkpt>
   <trkpt lat="46.266308" lon="11.843118"><ele>2570.4</ele></trkpt>
   <trkpt lat="46.266303" lon="11.843152"><ele>2570.3</ele></trkpt>
   <trkpt lat="46.266295" lon="11.843186"><ele>2570.2</ele></trkpt>
   <trkpt lat="46.266282" lon="11.843216"><ele>2570.1</ele></trkpt>
   <trkpt lat="46.266270" lon="11.843245"><ele>2570.0</ele></trkpt>
   <trkpt lat="46.266262" lon="11.843273"><ele>2569.8</ele></trkpt>
   <trkpt lat="46.266255" lon="11.843307"><ele>2569.6</ele></trkpt>
   <trkpt lat="46.266250" lon="11.843338"><ele>2569.4</ele></trkpt>
   <trkpt lat="46.266247" lon="11.843371"><ele>2569.2</ele></trkpt>
   <trkpt lat="46.266243" lon="11.843406"><ele>2569.0</ele></trkpt>
   <trkpt lat="46.266243" lon="11.843437"><ele>2568.8</ele></trkpt>
   <trkpt lat="46.266247" lon="11.843468"><ele>2568.6</ele></trkpt>
   <trkpt lat="46.266243" lon="11.843501"><ele>2568.4</ele></trkpt>
   <trkpt lat="46.266232" lon="11.843529"><ele>2568.2</ele></trkpt>
   <trkpt lat="46.266220" lon="11.843555"><ele>2568.0</ele></trkpt>
   <trkpt lat="46.266210" lon="11.843588"><ele>2567.8</ele></trkpt>
   <trkpt lat="46.266201" lon="11.843621"><ele>2567.6</ele></trkpt>
   <trkpt lat="46.266188" lon="11.843648"><ele>2567.4</ele></trkpt>
   <trkpt lat="46.266173" lon="11.843669"><ele>2567.2</ele></trkpt>
   <trkpt lat="46.266161" lon="11.843691"><ele>2567.0</ele></trkpt>
   <trkpt lat="46.266151" lon="11.843718"><ele>2566.8</ele></trkpt>
   <trkpt lat="46.266144" lon="11.843750"><ele>2566.6</ele></trkpt>
   <trkpt lat="46.266140" lon="11.843782"><ele>2566.4</ele></trkpt>
   <trkpt lat="46.266134" lon="11.843812"><ele>2566.2</ele></trkpt>
   <trkpt lat="46.266127" lon="11.843841"><ele>2566.0</ele></trkpt>
   <trkpt lat="46.266123" lon="11.843874"><ele>2565.8</ele></trkpt>
   <trkpt lat="46.266116" lon="11.843910"><ele>2565.6</ele></trkpt>
   <trkpt lat="46.266105" lon="11.843949"><ele>2565.4</ele></trkpt>
   <trkpt lat="46.266099" lon="11.843985"><ele>2565.2</ele></trkpt>
   <trkpt lat="46.266100" lon="11.844021"><ele>2565.0</ele></trkpt>
   <trkpt lat="46.266100" lon="11.844062"><ele>2564.8</ele></trkpt>
   <trkpt lat="46.266104" lon="11.844103"><ele>2564.6</ele></trkpt>
   <trkpt lat="46.266113" lon="11.844139"><ele>2564.4</ele></trkpt>
   <trkpt lat="46.266127" lon="11.844172"><ele>2564.2</ele></trkpt>
   <trkpt lat="46.266142" lon="11.844203"><ele>2564.0</ele></trkpt>
   <trkpt lat="46.266158" lon="11.844230"><ele>2563.9</ele></trkpt>
   <trkpt lat="46.266170" lon="11.844254"><ele>2563.8</ele></trkpt>
   <trkpt lat="46.266180" lon="11.844280"><ele>2563.7</ele></trkpt>
   <trkpt lat="46.266189" lon="11.844307"><ele>2563.6</ele></trkpt>
   <trkpt lat="46.266196" lon="11.844334"><ele>2563.5</ele></trkpt>
   <trkpt lat="46.266198" lon="11.844363"><ele>2563.4</ele></trkpt>
   <trkpt lat="46.266194" lon="11.844396"><ele>2563.3</ele></trkpt>
   <trkpt lat="46.266187" lon="11.844428"><ele>2563.2</ele></trkpt>
   <trkpt lat="46.266178" lon="11.844459"><ele>2563.1</ele></trkpt>
   <trkpt lat="46.266172" lon="11.844490"><ele>2563.0</ele></trkpt>
   <trkpt lat="46.266174" lon="11.844524"><ele>2562.8</ele></trkpt>
   <trkpt lat="46.266186" lon="11.844560"><ele>2562.5</ele></trkpt>
   <trkpt lat="46.266200" lon="11.844596"><ele>2562.2</ele></trkpt>
   <trkpt lat="46.266212" lon="11.844632"><ele>2561.8</ele></trkpt>
   <trkpt lat="46.266220" lon="11.844671"><ele>2561.5</ele></trkpt>
   <trkpt lat="46.266220" lon="11.844710"><ele>2561.2</ele></trkpt>
   <trkpt lat="46.266212" lon="11.844749"><ele>2560.9</ele></trkpt>
   <trkpt lat="46.266198" lon="11.844788"><ele>2560.6</ele></trkpt>
   <trkpt lat="46.266186" lon="11.844826"><ele>2560.3</ele></trkpt>
   <trkpt lat="46.266184" lon="11.844865"><ele>2560.0</ele></trkpt>
   <trkpt lat="46.266184" lon="11.844906"><ele>2559.9</ele></trkpt>
   <trkpt lat="46.266186" lon="11.844948"><ele>2559.8</ele></trkpt>
   <trkpt lat="46.266182" lon="11.844989"><ele>2559.7</ele></trkpt>
   <trkpt lat="46.266172" lon="11.845029"><ele>2559.6</ele></trkpt>
   <trkpt lat="46.266161" lon="11.845064"><ele>2559.5</ele></trkpt>
   <trkpt lat="46.266150" lon="11.845098"><ele>2559.4</ele></trkpt>
   <trkpt lat="46.266134" lon="11.845132"><ele>2559.3</ele></trkpt>
   <trkpt lat="46.266120" lon="11.845164"><ele>2559.2</ele></trkpt>
   <trkpt lat="46.266110" lon="11.845199"><ele>2559.1</ele></trkpt>
   <trkpt lat="46.266104" lon="11.845236"><ele>2559.0</ele></trkpt>
   <trkpt lat="46.266098" lon="11.845273"><ele>2558.8</ele></trkpt>
   <trkpt lat="46.266093" lon="11.845313"><ele>2558.6</ele></trkpt>
   <trkpt lat="46.266090" lon="11.845354"><ele>2558.4</ele></trkpt>
   <trkpt lat="46.266084" lon="11.845396"><ele>2558.2</ele></trkpt>
   <trkpt lat="46.266080" lon="11.845435"><ele>2558.0</ele></trkpt>
   <trkpt lat="46.266077" lon="11.845474"><ele>2557.8</ele></trkpt>
   <trkpt lat="46.266076" lon="11.845515"><ele>2557.6</ele></trkpt>
   <trkpt lat="46.266074" lon="11.845553"><ele>2557.4</ele></trkpt>
   <trkpt lat="46.266076" lon="11.845584"><ele>2557.2</ele></trkpt>
   <trkpt lat="46.266080" lon="11.845632"><ele>2556.9</ele></trkpt>
   <trkpt lat="46.266068" lon="11.845667"><ele>2556.7</ele></trkpt>
   <trkpt lat="46.266064" lon="11.845705"><ele>2556.5</ele></trkpt>
   <trkpt lat="46.266071" lon="11.845752"><ele>2556.3</ele></trkpt>
   <trkpt lat="46.266071" lon="11.845786"><ele>2556.2</ele></trkpt>
   <trkpt lat="46.266064" lon="11.845825"><ele>2556.1</ele></trkpt>
   <trkpt lat="46.266054" lon="11.845860"><ele>2556.0</ele></trkpt>
   <trkpt lat="46.266042" lon="11.845893"><ele>2555.9</ele></trkpt>
   <trkpt lat="46.266029" lon="11.845924"><ele>2555.8</ele></trkpt>
   <trkpt lat="46.266020" lon="11.845958"><ele>2555.7</ele></trkpt>
   <trkpt lat="46.266010" lon="11.845992"><ele>2555.6</ele></trkpt>
   <trkpt lat="46.266004" lon="11.846021"><ele>2555.5</ele></trkpt>
   <trkpt lat="46.266002" lon="11.846048"><ele>2555.4</ele></trkpt>
   <trkpt lat="46.266006" lon="11.846081"><ele>2555.3</ele></trkpt>
   <trkpt lat="46.266002" lon="11.846120"><ele>2555.2</ele></trkpt>
   <trkpt lat="46.265996" lon="11.846161"><ele>2555.1</ele></trkpt>
   <trkpt lat="46.265989" lon="11.846198"><ele>2555.0</ele></trkpt>
   <trkpt lat="46.265984" lon="11.846235"><ele>2554.9</ele></trkpt>
   <trkpt lat="46.265983" lon="11.846271"><ele>2554.8</ele></trkpt>
   <trkpt lat="46.265989" lon="11.846303"><ele>2554.7</ele></trkpt>
   <trkpt lat="46.265996" lon="11.846331"><ele>2554.6</ele></trkpt>
   <trkpt lat="46.266000" lon="11.846358"><ele>2554.5</ele></trkpt>
   <trkpt lat="46.266000" lon="11.846403"><ele>2554.3</ele></trkpt>
   <trkpt lat="46.265990" lon="11.846449"><ele>2554.1</ele></trkpt>
   <trkpt lat="46.265988" lon="11.846497"><ele>2554.0</ele></trkpt>
   <trkpt lat="46.265983" lon="11.846524"><ele>2554.0</ele></trkpt>
   <trkpt lat="46.265985" lon="11.846575"><ele>2554.0</ele></trkpt>
   <trkpt lat="46.265992" lon="11.846606"><ele>2554.0</ele></trkpt>
   <trkpt lat="46.265979" lon="11.846642"><ele>2554.0</ele></trkpt>
   <trkpt lat="46.265982" lon="11.846683"><ele>2554.0</ele></trkpt>
   <trkpt lat="46.265992" lon="11.846721"><ele>2554.0</ele></trkpt>
   <trkpt lat="46.265990" lon="11.846752"><ele>2554.0</ele></trkpt>
   <trkpt lat="46.265980" lon="11.846778"><ele>2554.0</ele></trkpt>
   <trkpt lat="46.265964" lon="11.846803"><ele>2554.3</ele></trkpt>
   <trkpt lat="46.265960" lon="11.846843"><ele>2554.6</ele></trkpt>
   <trkpt lat="46.265964" lon="11.846880"><ele>2554.8</ele></trkpt>
   <trkpt lat="46.265966" lon="11.846917"><ele>2555.0</ele></trkpt>
   <trkpt lat="46.265967" lon="11.846966"><ele>2555.4</ele></trkpt>
   <trkpt lat="46.265960" lon="11.847006"><ele>2555.8</ele></trkpt>
   <trkpt lat="46.265949" lon="11.847050"><ele>2556.2</ele></trkpt>
   <trkpt lat="46.265941" lon="11.847093"><ele>2556.6</ele></trkpt>
   <trkpt lat="46.265952" lon="11.847119"><ele>2557.0</ele></trkpt>
   <trkpt lat="46.265971" lon="11.847147"><ele>2557.4</ele></trkpt>
   <trkpt lat="46.265984" lon="11.847192"><ele>2557.8</ele></trkpt>
   <trkpt lat="46.265992" lon="11.847234"><ele>2558.2</ele></trkpt>
   <trkpt lat="46.265991" lon="11.847270"><ele>2558.6</ele></trkpt>
   <trkpt lat="46.265986" lon="11.847305"><ele>2558.9</ele></trkpt>
   <trkpt lat="46.265988" lon="11.847341"><ele>2559.3</ele></trkpt>
   <trkpt lat="46.265989" lon="11.847372"><ele>2559.8</ele></trkpt>
   <trkpt lat="46.265980" lon="11.847411"><ele>2560.2</ele></trkpt>
   <trkpt lat="46.265981" lon="11.847449"><ele>2560.6</ele></trkpt>
   <trkpt lat="46.265971" lon="11.847486"><ele>2561.0</ele></trkpt>
   <trkpt lat="46.265966" lon="11.847520"><ele>2561.4</ele></trkpt>
   <trkpt lat="46.265960" lon="11.847549"><ele>2561.8</ele></trkpt>
   <trkpt lat="46.265958" lon="11.847581"><ele>2562.4</ele></trkpt>
   <trkpt lat="46.265960" lon="11.847616"><ele>2563.0</ele></trkpt>
   <trkpt lat="46.265971" lon="11.847647"><ele>2563.9</ele></trkpt>
   <trkpt lat="46.265970" lon="11.847675"><ele>2564.8</ele></trkpt>
   <trkpt lat="46.265957" lon="11.847710"><ele>2565.7</ele></trkpt>
   <trkpt lat="46.265961" lon="11.847751"><ele>2566.6</ele></trkpt>
   <trkpt lat="46.265968" lon="11.847782"><ele>2567.2</ele></trkpt>
   <trkpt lat="46.265983" lon="11.847816"><ele>2567.8</ele></trkpt>
   <trkpt lat="46.265994" lon="11.847848"><ele>2568.4</ele></trkpt>
   <trkpt lat="46.265990" lon="11.847880"><ele>2569.0</ele></trkpt>
   <trkpt lat="46.265989" lon="11.847915"><ele>2569.6</ele></trkpt>
   <trkpt lat="46.265988" lon="11.847951"><ele>2570.2</ele></trkpt>
   <trkpt lat="46.265991" lon="11.847990"><ele>2570.8</ele></trkpt>
   <trkpt lat="46.266009" lon="11.848018"><ele>2571.4</ele></trkpt>
   <trkpt lat="46.266026" lon="11.848052"><ele>2572.0</ele></trkpt>
   <trkpt lat="46.266034" lon="11.848095"><ele>2572.6</ele></trkpt>
   <trkpt lat="46.266026" lon="11.848130"><ele>2573.2</ele></trkpt>
   <trkpt lat="46.266017" lon="11.848165"><ele>2573.8</ele></trkpt>
   <trkpt lat="46.266030" lon="11.848199"><ele>2574.7</ele></trkpt>
   <trkpt lat="46.266038" lon="11.848230"><ele>2575.3</ele></trkpt>
   <trkpt lat="46.266043" lon="11.848269"><ele>2575.9</ele></trkpt>
   <trkpt lat="46.266054" lon="11.848301"><ele>2576.5</ele></trkpt>
   <trkpt lat="46.266066" lon="11.848331"><ele>2577.1</ele></trkpt>
   <trkpt lat="46.266077" lon="11.848364"><ele>2578.0</ele></trkpt>
   <trkpt lat="46.266087" lon="11.848392"><ele>2578.8</ele></trkpt>
   <trkpt lat="46.266094" lon="11.848423"><ele>2579.6</ele></trkpt>
   <trkpt lat="46.266097" lon="11.848451"><ele>2580.3</ele></trkpt>
   <trkpt lat="46.266102" lon="11.848478"><ele>2581.1</ele></trkpt>
   <trkpt lat="46.266110" lon="11.848504"><ele>2581.9</ele></trkpt>
   <trkpt lat="46.266119" lon="11.848538"><ele>2582.4</ele></trkpt>
   <trkpt lat="46.266127" lon="11.848565"><ele>2582.8</ele></trkpt>
   <trkpt lat="46.266129" lon="11.848592"><ele>2583.2</ele></trkpt>
   <trkpt lat="46.266122" lon="11.848623"><ele>2583.8</ele></trkpt>
   <trkpt lat="46.266135" lon="11.848643"><ele>2584.3</ele></trkpt>
   <trkpt lat="46.266152" lon="11.848679"><ele>2584.5</ele></trkpt>
   <trkpt lat="46.266146" lon="11.848710"><ele>2584.7</ele></trkpt>
   <trkpt lat="46.266144" lon="11.848738"><ele>2584.9</ele></trkpt>
   <trkpt lat="46.266150" lon="11.848771"><ele>2585.2</ele></trkpt>
   <trkpt lat="46.266156" lon="11.848807"><ele>2585.6</ele></trkpt>
   <trkpt lat="46.266161" lon="11.848836"><ele>2586.0</ele></trkpt>
   <trkpt lat="46.266168" lon="11.848871"><ele>2586.4</ele></trkpt>
   <trkpt lat="46.266176" lon="11.848900"><ele>2586.8</ele></trkpt>
   <trkpt lat="46.266184" lon="11.848941"><ele>2587.2</ele></trkpt>
   <trkpt lat="46.266184" lon="11.848968"><ele>2587.4</ele></trkpt>
   <trkpt lat="46.266183" lon="11.849002"><ele>2587.8</ele></trkpt>
   <trkpt lat="46.266186" lon="11.849039"><ele>2588.2</ele></trkpt>
   <trkpt lat="46.266192" lon="11.849072"><ele>2588.8</ele></trkpt>
   <trkpt lat="46.266201" lon="11.849108"><ele>2589.3</ele></trkpt>
   <trkpt lat="46.266201" lon="11.849141"><ele>2589.9</ele></trkpt>
   <trkpt lat="46.266203" lon="11.849168"><ele>2590.5</ele></trkpt>
   <trkpt lat="46.266209" lon="11.849202"><ele>2591.1</ele></trkpt>
   <trkpt lat="46.266209" lon="11.849233"><ele>2591.7</ele></trkpt>
   <trkpt lat="46.266205" lon="11.849264"><ele>2592.2</ele></trkpt>
   <trkpt lat="46.266200" lon="11.849296"><ele>2592.6</ele></trkpt>
   <trkpt lat="46.266198" lon="11.849340"><ele>2593.0</ele></trkpt>
   <trkpt lat="46.266197" lon="11.849384"><ele>2593.4</ele></trkpt>
   <trkpt lat="46.266201" lon="11.849420"><ele>2593.8</ele></trkpt>
   <trkpt lat="46.266202" lon="11.849470"><ele>2594.1</ele></trkpt>
   <trkpt lat="46.266198" lon="11.849499"><ele>2594.2</ele></trkpt>
   <trkpt lat="46.266195" lon="11.849528"><ele>2594.3</ele></trkpt>
   <trkpt lat="46.266194" lon="11.849557"><ele>2594.4</ele></trkpt>
   <trkpt lat="46.266197" lon="11.849586"><ele>2594.5</ele></trkpt>
   <trkpt lat="46.266205" lon="11.849618"><ele>2594.6</ele></trkpt>
   <trkpt lat="46.266209" lon="11.849656"><ele>2594.7</ele></trkpt>
   <trkpt lat="46.266216" lon="11.849698"><ele>2594.8</ele></trkpt>
   <trkpt lat="46.266220" lon="11.849741"><ele>2594.9</ele></trkpt>
   <trkpt lat="46.266224" lon="11.849780"><ele>2595.0</ele></trkpt>
   <trkpt lat="46.266232" lon="11.849815"><ele>2595.1</ele></trkpt>
   <trkpt lat="46.266236" lon="11.849849"><ele>2595.2</ele></trkpt>
   <trkpt lat="46.266241" lon="11.849881"><ele>2595.3</ele></trkpt>
   <trkpt lat="46.266243" lon="11.849914"><ele>2595.4</ele></trkpt>
   <trkpt lat="46.266246" lon="11.849945"><ele>2595.5</ele></trkpt>
   <trkpt lat="46.266248" lon="11.849973"><ele>2595.6</ele></trkpt>
   <trkpt lat="46.266246" lon="11.850002"><ele>2595.7</ele></trkpt>
   <trkpt lat="46.266246" lon="11.850031"><ele>2595.8</ele></trkpt>
   <trkpt lat="46.266245" lon="11.850057"><ele>2595.9</ele></trkpt>
   <trkpt lat="46.266246" lon="11.850104"><ele>2596.2</ele></trkpt>
   <trkpt lat="46.266247" lon="11.850151"><ele>2596.6</ele></trkpt>
   <trkpt lat="46.266247" lon="11.850192"><ele>2597.0</ele></trkpt>
   <trkpt lat="46.266240" lon="11.850231"><ele>2597.4</ele></trkpt>
   <trkpt lat="46.266231" lon="11.850259"><ele>2597.8</ele></trkpt>
   <trkpt lat="46.266223" lon="11.850291"><ele>2598.2</ele></trkpt>
   <trkpt lat="46.266213" lon="11.850324"><ele>2598.6</ele></trkpt>
   <trkpt lat="46.266204" lon="11.850360"><ele>2599.0</ele></trkpt>
   <trkpt lat="46.266188" lon="11.850387"><ele>2599.4</ele></trkpt>
   <trkpt lat="46.266176" lon="11.850418"><ele>2600.0</ele></trkpt>
   <trkpt lat="46.266169" lon="11.850443"><ele>2600.6</ele></trkpt>
   <trkpt lat="46.266166" lon="11.850478"><ele>2601.2</ele></trkpt>
   <trkpt lat="46.266158" lon="11.850502"><ele>2601.5</ele></trkpt>
   <trkpt lat="46.266134" lon="11.850540"><ele>2602.1</ele></trkpt>
   <trkpt lat="46.266116" lon="11.850558"><ele>2602.4</ele></trkpt>
   <trkpt lat="46.266090" lon="11.850565"><ele>2603.0</ele></trkpt>
   <trkpt lat="46.266068" lon="11.850577"><ele>2603.6</ele></trkpt>
   <trkpt lat="46.266053" lon="11.850609"><ele>2604.2</ele></trkpt>
   <trkpt lat="46.266049" lon="11.850635"><ele>2604.4</ele></trkpt>
   <trkpt lat="46.266044" lon="11.850668"><ele>2604.6</ele></trkpt>
   <trkpt lat="46.266031" lon="11.850703"><ele>2605.0</ele></trkpt>
   <trkpt lat="46.266016" lon="11.850743"><ele>2605.4</ele></trkpt>
   <trkpt lat="46.266002" lon="11.850769"><ele>2605.6</ele></trkpt>
   <trkpt lat="46.265990" lon="11.850794"><ele>2605.8</ele></trkpt>
   <trkpt lat="46.265972" lon="11.850827"><ele>2606.2</ele></trkpt>
   <trkpt lat="46.265952" lon="11.850846"><ele>2606.8</ele></trkpt>
   <trkpt lat="46.265933" lon="11.850852"><ele>2607.1</ele></trkpt>
   <trkpt lat="46.265912" lon="11.850841"><ele>2607.3</ele></trkpt>
   <trkpt lat="46.265886" lon="11.850855"><ele>2607.5</ele></trkpt>
   <trkpt lat="46.265867" lon="11.850880"><ele>2607.6</ele></trkpt>
   <trkpt lat="46.265852" lon="11.850907"><ele>2607.7</ele></trkpt>
   <trkpt lat="46.265840" lon="11.850945"><ele>2607.9</ele></trkpt>
   <trkpt lat="46.265830" lon="11.850967"><ele>2608.2</ele></trkpt>
   <trkpt lat="46.265812" lon="11.851003"><ele>2608.6</ele></trkpt>
   <trkpt lat="46.265791" lon="11.851032"><ele>2609.0</ele></trkpt>
   <trkpt lat="46.265784" lon="11.851077"><ele>2609.6</ele></trkpt>
   <trkpt lat="46.265781" lon="11.851107"><ele>2609.8</ele></trkpt>
   <trkpt lat="46.265779" lon="11.851136"><ele>2610.0</ele></trkpt>
   <trkpt lat="46.265780" lon="11.851167"><ele>2610.2</ele></trkpt>
   <trkpt lat="46.265784" lon="11.851203"><ele>2610.4</ele></trkpt>
   <trkpt lat="46.265784" lon="11.851237"><ele>2610.6</ele></trkpt>
   <trkpt lat="46.265781" lon="11.851272"><ele>2610.8</ele></trkpt>
   <trkpt lat="46.265774" lon="11.851301"><ele>2611.0</ele></trkpt>
   <trkpt lat="46.265761" lon="11.851350"><ele>2611.4</ele></trkpt>
   <trkpt lat="46.265747" lon="11.851400"><ele>2611.8</ele></trkpt>
   <trkpt lat="46.265738" lon="11.851431"><ele>2612.0</ele></trkpt>
   <trkpt lat="46.265728" lon="11.851461"><ele>2612.1</ele></trkpt>
   <trkpt lat="46.265721" lon="11.851489"><ele>2612.2</ele></trkpt>
   <trkpt lat="46.265717" lon="11.851520"><ele>2612.3</ele></trkpt>
   <trkpt lat="46.265712" lon="11.851552"><ele>2612.4</ele></trkpt>
   <trkpt lat="46.265705" lon="11.851591"><ele>2612.5</ele></trkpt>
   <trkpt lat="46.265700" lon="11.851631"><ele>2612.6</ele></trkpt>
   <trkpt lat="46.265700" lon="11.851667"><ele>2612.7</ele></trkpt>
   <trkpt lat="46.265702" lon="11.851700"><ele>2612.8</ele></trkpt>
   <trkpt lat="46.265704" lon="11.851737"><ele>2612.9</ele></trkpt>
   <trkpt lat="46.265700" lon="11.851774"><ele>2613.0</ele></trkpt>
   <trkpt lat="46.265694" lon="11.851808"><ele>2612.9</ele></trkpt>
   <trkpt lat="46.265689" lon="11.851844"><ele>2612.8</ele></trkpt>
   <trkpt lat="46.265680" lon="11.851879"><ele>2612.7</ele></trkpt>
   <trkpt lat="46.265669" lon="11.851913"><ele>2612.6</ele></trkpt>
   <trkpt lat="46.265655" lon="11.851945"><ele>2612.5</ele></trkpt>
   <trkpt lat="46.265642" lon="11.851974"><ele>2612.4</ele></trkpt>
   <trkpt lat="46.265631" lon="11.852002"><ele>2612.3</ele></trkpt>
   <trkpt lat="46.265622" lon="11.852029"><ele>2612.2</ele></trkpt>
   <trkpt lat="46.265611" lon="11.852055"><ele>2612.1</ele></trkpt>
   <trkpt lat="46.265598" lon="11.852079"><ele>2612.0</ele></trkpt>
   <trkpt lat="46.265584" lon="11.852095"><ele>2611.9</ele></trkpt>
   <trkpt lat="46.265561" lon="11.852118"><ele>2611.7</ele></trkpt>
   <trkpt lat="46.265529" lon="11.852141"><ele>2611.5</ele></trkpt>
   <trkpt lat="46.265511" lon="11.852160"><ele>2611.4</ele></trkpt>
   <trkpt lat="46.265497" lon="11.852209"><ele>2611.2</ele></trkpt>
   <trkpt lat="46.265487" lon="11.852239"><ele>2611.1</ele></trkpt>
   <trkpt lat="46.265479" lon="11.852268"><ele>2611.0</ele></trkpt>
   <trkpt lat="46.265465" lon="11.852310"><ele>2611.0</ele></trkpt>
   <trkpt lat="46.265464" lon="11.852358"><ele>2611.0</ele></trkpt>
   <trkpt lat="46.265464" lon="11.852385"><ele>2611.0</ele></trkpt>
   <trkpt lat="46.265466" lon="11.852440"><ele>2611.0</ele></trkpt>
   <trkpt lat="46.265467" lon="11.852467"><ele>2611.0</ele></trkpt>
   <trkpt lat="46.265471" lon="11.852493"><ele>2611.0</ele></trkpt>
   <trkpt lat="46.265477" lon="11.852541"><ele>2611.2</ele></trkpt>
   <trkpt lat="46.265476" lon="11.852585"><ele>2611.6</ele></trkpt>
   <trkpt lat="46.265479" lon="11.852627"><ele>2612.0</ele></trkpt>
   <trkpt lat="46.265480" lon="11.852671"><ele>2612.4</ele></trkpt>
   <trkpt lat="46.265472" lon="11.852717"><ele>2612.8</ele></trkpt>
   <trkpt lat="46.265460" lon="11.852759"><ele>2613.1</ele></trkpt>
   <trkpt lat="46.265460" lon="11.852797"><ele>2613.3</ele></trkpt>
   <trkpt lat="46.265462" lon="11.852823"><ele>2613.4</ele></trkpt>
   <trkpt lat="46.265445" lon="11.852857"><ele>2613.6</ele></trkpt>
   <trkpt lat="46.265429" lon="11.852884"><ele>2613.8</ele></trkpt>
   <trkpt lat="46.265416" lon="11.852916"><ele>2614.0</ele></trkpt>
   <trkpt lat="46.265402" lon="11.852947"><ele>2614.2</ele></trkpt>
   <trkpt lat="46.265387" lon="11.852980"><ele>2614.4</ele></trkpt>
   <trkpt lat="46.265382" lon="11.853020"><ele>2614.6</ele></trkpt>
   <trkpt lat="46.265382" lon="11.853049"><ele>2614.7</ele></trkpt>
   <trkpt lat="46.265379" lon="11.853077"><ele>2614.8</ele></trkpt>
   <trkpt lat="46.265376" lon="11.853129"><ele>2615.0</ele></trkpt>
   <trkpt lat="46.265375" lon="11.853163"><ele>2615.1</ele></trkpt>
   <trkpt lat="46.265373" lon="11.853196"><ele>2615.2</ele></trkpt>
   <trkpt lat="46.265371" lon="11.853243"><ele>2615.4</ele></trkpt>
   <trkpt lat="46.265357" lon="11.853279"><ele>2615.6</ele></trkpt>
   <trkpt lat="46.265339" lon="11.853294"><ele>2615.8</ele></trkpt>
   <trkpt lat="46.265346" lon="11.853320"><ele>2616.2</ele></trkpt>
   <trkpt lat="46.265324" lon="11.853338"><ele>2616.5</ele></trkpt>
   <trkpt lat="46.265302" lon="11.853351"><ele>2616.7</ele></trkpt>
   <trkpt lat="46.265291" lon="11.853372"><ele>2616.8</ele></trkpt>
   <trkpt lat="46.265282" lon="11.853396"><ele>2616.9</ele></trkpt>
   <trkpt lat="46.265266" lon="11.853425"><ele>2617.2</ele></trkpt>
   <trkpt lat="46.265250" lon="11.853445"><ele>2617.6</ele></trkpt>
   <trkpt lat="46.265232" lon="11.853463"><ele>2618.0</ele></trkpt>
   <trkpt lat="46.265214" lon="11.853480"><ele>2618.4</ele></trkpt>
   <trkpt lat="46.265203" lon="11.853507"><ele>2618.8</ele></trkpt>
   <trkpt lat="46.265188" lon="11.853536"><ele>2619.1</ele></trkpt>
   <trkpt lat="46.265172" lon="11.853568"><ele>2619.3</ele></trkpt>
   <trkpt lat="46.265161" lon="11.853591"><ele>2619.4</ele></trkpt>
   <trkpt lat="46.265151" lon="11.853615"><ele>2619.5</ele></trkpt>
   <trkpt lat="46.265140" lon="11.853637"><ele>2619.6</ele></trkpt>
   <trkpt lat="46.265130" lon="11.853663"><ele>2619.7</ele></trkpt>
   <trkpt lat="46.265117" lon="11.853692"><ele>2619.8</ele></trkpt>
   <trkpt lat="46.265103" lon="11.853715"><ele>2619.9</ele></trkpt>
   <trkpt lat="46.265075" lon="11.853751"><ele>2620.1</ele></trkpt>
   <trkpt lat="46.265058" lon="11.853776"><ele>2620.2</ele></trkpt>
   <trkpt lat="46.265042" lon="11.853801"><ele>2620.3</ele></trkpt>
   <trkpt lat="46.265032" lon="11.853824"><ele>2620.4</ele></trkpt>
   <trkpt lat="46.265027" lon="11.853879"><ele>2620.6</ele></trkpt>
   <trkpt lat="46.265024" lon="11.853911"><ele>2620.7</ele></trkpt>
   <trkpt lat="46.265022" lon="11.853941"><ele>2620.8</ele></trkpt>
   <trkpt lat="46.265019" lon="11.853971"><ele>2620.9</ele></trkpt>
   <trkpt lat="46.265009" lon="11.853999"><ele>2621.0</ele></trkpt>
   <trkpt lat="46.264997" lon="11.854027"><ele>2621.0</ele></trkpt>
   <trkpt lat="46.264985" lon="11.854059"><ele>2621.0</ele></trkpt>
   <trkpt lat="46.264975" lon="11.854091"><ele>2621.0</ele></trkpt>
   <trkpt lat="46.264968" lon="11.854118"><ele>2621.0</ele></trkpt>
   <trkpt lat="46.264959" lon="11.854141"><ele>2621.0</ele></trkpt>
   <trkpt lat="46.264947" lon="11.854188"><ele>2621.0</ele></trkpt>
   <trkpt lat="46.264942" lon="11.854214"><ele>2621.0</ele></trkpt>
   <trkpt lat="46.264931" lon="11.854237"><ele>2621.0</ele></trkpt>
   <trkpt lat="46.264920" lon="11.854257"><ele>2621.0</ele></trkpt>
   <trkpt lat="46.264896" lon="11.854295"><ele>2620.8</ele></trkpt>
   <trkpt lat="46.264878" lon="11.854339"><ele>2620.6</ele></trkpt>
   <trkpt lat="46.264866" lon="11.854367"><ele>2620.5</ele></trkpt>
   <trkpt lat="46.264856" lon="11.854399"><ele>2620.4</ele></trkpt>
   <trkpt lat="46.264849" lon="11.854430"><ele>2620.3</ele></trkpt>
   <trkpt lat="46.264838" lon="11.854452"><ele>2620.2</ele></trkpt>
   <trkpt lat="46.264815" lon="11.854474"><ele>2620.0</ele></trkpt>
   <trkpt lat="46.264796" lon="11.854519"><ele>2620.0</ele></trkpt>
   <trkpt lat="46.264782" lon="11.854538"><ele>2620.0</ele></trkpt>
   <trkpt lat="46.264760" lon="11.854554"><ele>2620.0</ele></trkpt>
   <trkpt lat="46.264736" lon="11.854563"><ele>2620.0</ele></trkpt>
   <trkpt lat="46.264712" lon="11.854581"><ele>2620.0</ele></trkpt>
   <trkpt lat="46.264695" lon="11.854597"><ele>2620.0</ele></trkpt>
   <trkpt lat="46.264673" lon="11.854625"><ele>2620.0</ele></trkpt>
   <trkpt lat="46.264662" lon="11.854648"><ele>2620.0</ele></trkpt>
   <trkpt lat="46.264649" lon="11.854674"><ele>2620.0</ele></trkpt>
   <trkpt lat="46.264637" lon="11.854696"><ele>2620.0</ele></trkpt>
   <trkpt lat="46.264631" lon="11.854744"><ele>2620.0</ele></trkpt>
   <trkpt lat="46.264633" lon="11.854797"><ele>2620.0</ele></trkpt>
   <trkpt lat="46.264628" lon="11.854824"><ele>2619.9</ele></trkpt>
   <trkpt lat="46.264605" lon="11.854844"><ele>2619.7</ele></trkpt>
   <trkpt lat="46.264581" lon="11.854864"><ele>2619.5</ele></trkpt>
   <trkpt lat="46.264562" lon="11.854895"><ele>2619.3</ele></trkpt>
   <trkpt lat="46.264546" lon="11.854935"><ele>2619.1</ele></trkpt>
   <trkpt lat="46.264535" lon="11.854961"><ele>2619.0</ele></trkpt>
   <trkpt lat="46.264522" lon="11.854988"><ele>2618.8</ele></trkpt>
   <trkpt lat="46.264512" lon="11.855017"><ele>2618.6</ele></trkpt>
   <trkpt lat="46.264505" lon="11.855044"><ele>2618.4</ele></trkpt>
   <trkpt lat="46.264491" lon="11.855062"><ele>2618.2</ele></trkpt>
   <trkpt lat="46.264471" lon="11.855073"><ele>2618.0</ele></trkpt>
   <trkpt lat="46.264455" lon="11.855089"><ele>2617.8</ele></trkpt>
   <trkpt lat="46.264449" lon="11.855114"><ele>2617.6</ele></trkpt>
   <trkpt lat="46.264444" lon="11.855145"><ele>2617.2</ele></trkpt>
   <trkpt lat="46.264420" lon="11.855165"><ele>2617.2</ele></trkpt>
   <trkpt lat="46.264395" lon="11.855176"><ele>2617.5</ele></trkpt>
   <trkpt lat="46.264376" lon="11.855200"><ele>2617.8</ele></trkpt>
   <trkpt lat="46.264359" lon="11.855221"><ele>2618.0</ele></trkpt>
   <trkpt lat="46.264328" lon="11.855247"><ele>2618.0</ele></trkpt>
   <trkpt lat="46.264310" lon="11.855263"><ele>2618.0</ele></trkpt>
   <trkpt lat="46.264293" lon="11.855278"><ele>2618.0</ele></trkpt>
   <trkpt lat="46.264276" lon="11.855311"><ele>2618.0</ele></trkpt>
   <trkpt lat="46.264266" lon="11.855346"><ele>2618.0</ele></trkpt>
   <trkpt lat="46.264257" lon="11.855376"><ele>2618.0</ele></trkpt>
   <trkpt lat="46.264245" lon="11.855402"><ele>2618.4</ele></trkpt>
   <trkpt lat="46.264223" lon="11.855418"><ele>2618.8</ele></trkpt>
   <trkpt lat="46.264203" lon="11.855415"><ele>2619.2</ele></trkpt>
   <trkpt lat="46.264183" lon="11.855408"><ele>2619.6</ele></trkpt>
   <trkpt lat="46.264161" lon="11.855408"><ele>2620.2</ele></trkpt>
   <trkpt lat="46.264137" lon="11.855422"><ele>2620.8</ele></trkpt>
   <trkpt lat="46.264115" lon="11.855417"><ele>2621.2</ele></trkpt>
   <trkpt lat="46.264093" lon="11.855423"><ele>2621.9</ele></trkpt>
   <trkpt lat="46.264070" lon="11.855412"><ele>2622.5</ele></trkpt>
   <trkpt lat="46.264040" lon="11.855409"><ele>2623.2</ele></trkpt>
   <trkpt lat="46.264020" lon="11.855408"><ele>2623.6</ele></trkpt>
   <trkpt lat="46.264001" lon="11.855412"><ele>2624.0</ele></trkpt>
   <trkpt lat="46.263975" lon="11.855404"><ele>2624.4</ele></trkpt>
   <trkpt lat="46.263956" lon="11.855401"><ele>2624.6</ele></trkpt>
   <trkpt lat="46.263924" lon="11.855404"><ele>2625.0</ele></trkpt>
   <trkpt lat="46.263893" lon="11.855407"><ele>2625.4</ele></trkpt>
   <trkpt lat="46.263865" lon="11.855423"><ele>2625.8</ele></trkpt>
   <trkpt lat="46.263847" lon="11.855441"><ele>2626.0</ele></trkpt>
   <trkpt lat="46.263829" lon="11.855460"><ele>2626.2</ele></trkpt>
   <trkpt lat="46.263800" lon="11.855483"><ele>2626.6</ele></trkpt>
   <trkpt lat="46.263780" lon="11.855489"><ele>2626.8</ele></trkpt>
   <trkpt lat="46.263749" lon="11.855501"><ele>2627.2</ele></trkpt>
   <trkpt lat="46.263719" lon="11.855527"><ele>2627.6</ele></trkpt>
   <trkpt lat="46.263705" lon="11.855544"><ele>2627.8</ele></trkpt>
   <trkpt lat="46.263693" lon="11.855563"><ele>2628.0</ele></trkpt>
   <trkpt lat="46.263681" lon="11.855585"><ele>2628.2</ele></trkpt>
   <trkpt lat="46.263649" lon="11.855601"><ele>2628.6</ele></trkpt>
   <trkpt lat="46.263628" lon="11.855600"><ele>2628.8</ele></trkpt>
   <trkpt lat="46.263607" lon="11.855603"><ele>2629.0</ele></trkpt>
   <trkpt lat="46.263586" lon="11.855597"><ele>2629.2</ele></trkpt>
   <trkpt lat="46.263564" lon="11.855583"><ele>2629.4</ele></trkpt>
   <trkpt lat="46.263544" lon="11.855577"><ele>2629.6</ele></trkpt>
   <trkpt lat="46.263518" lon="11.855580"><ele>2629.8</ele></trkpt>
   <trkpt lat="46.263493" lon="11.855590"><ele>2630.0</ele></trkpt>
   <trkpt lat="46.263468" lon="11.855600"><ele>2630.0</ele></trkpt>
   <trkpt lat="46.263449" lon="11.855605"><ele>2630.0</ele></trkpt>
   <trkpt lat="46.263428" lon="11.855600"><ele>2630.0</ele></trkpt>
   <trkpt lat="46.263405" lon="11.855593"><ele>2630.0</ele></trkpt>
   <trkpt lat="46.263384" lon="11.855588"><ele>2630.0</ele></trkpt>
   <trkpt lat="46.263362" lon="11.855583"><ele>2630.0</ele></trkpt>
   <trkpt lat="46.263340" lon="11.855580"><ele>2630.0</ele></trkpt>
   <trkpt lat="46.263317" lon="11.855575"><ele>2630.0</ele></trkpt>
   <trkpt lat="46.263295" lon="11.855572"><ele>2630.0</ele></trkpt>
   <trkpt lat="46.263273" lon="11.855572"><ele>2630.0</ele></trkpt>
   <trkpt lat="46.263253" lon="11.855577"><ele>2630.2</ele></trkpt>
   <trkpt lat="46.263234" lon="11.855586"><ele>2630.4</ele></trkpt>
   <trkpt lat="46.263215" lon="11.855592"><ele>2630.6</ele></trkpt>
   <trkpt lat="46.263196" lon="11.855596"><ele>2630.8</ele></trkpt>
   <trkpt lat="46.263176" lon="11.855596"><ele>2631.0</ele></trkpt>
   <trkpt lat="46.263158" lon="11.855589"><ele>2631.2</ele></trkpt>
   <trkpt lat="46.263129" lon="11.855579"><ele>2631.6</ele></trkpt>
   <trkpt lat="46.263097" lon="11.855566"><ele>2632.0</ele></trkpt>
   <trkpt lat="46.263070" lon="11.855563"><ele>2632.2</ele></trkpt>
   <trkpt lat="46.263047" lon="11.855558"><ele>2632.4</ele></trkpt>
   <trkpt lat="46.263024" lon="11.855562"><ele>2632.6</ele></trkpt>
   <trkpt lat="46.262989" lon="11.855568"><ele>2632.8</ele></trkpt>
   <trkpt lat="46.262958" lon="11.855574"><ele>2633.0</ele></trkpt>
   <trkpt lat="46.262926" lon="11.855583"><ele>2633.4</ele></trkpt>
   <trkpt lat="46.262899" lon="11.855593"><ele>2633.8</ele></trkpt>
   <trkpt lat="46.262867" lon="11.855600"><ele>2634.2</ele></trkpt>
   <trkpt lat="46.262833" lon="11.855583"><ele>2634.6</ele></trkpt>
   <trkpt lat="46.262809" lon="11.855586"><ele>2634.9</ele></trkpt>
   <trkpt lat="46.262788" lon="11.855590"><ele>2635.5</ele></trkpt>
   <trkpt lat="46.262768" lon="11.855597"><ele>2636.2</ele></trkpt>
   <trkpt lat="46.262747" lon="11.855600"><ele>2636.8</ele></trkpt>
   <trkpt lat="46.262728" lon="11.855603"><ele>2637.4</ele></trkpt>
   <trkpt lat="46.262704" lon="11.855610"><ele>2638.0</ele></trkpt>
   <trkpt lat="46.262676" lon="11.855615"><ele>2638.6</ele></trkpt>
   <trkpt lat="46.262650" lon="11.855615"><ele>2639.2</ele></trkpt>
   <trkpt lat="46.262632" lon="11.855611"><ele>2639.8</ele></trkpt>
   <trkpt lat="46.262613" lon="11.855616"><ele>2640.4</ele></trkpt>
   <trkpt lat="46.262592" lon="11.855611"><ele>2641.0</ele></trkpt>
   <trkpt lat="46.262573" lon="11.855601"><ele>2641.6</ele></trkpt>
   <trkpt lat="46.262539" lon="11.855591"><ele>2642.2</ele></trkpt>
   <trkpt lat="46.262506" lon="11.855586"><ele>2642.8</ele></trkpt>
   <trkpt lat="46.262472" lon="11.855593"><ele>2643.4</ele></trkpt>
   <trkpt lat="46.262446" lon="11.855619"><ele>2644.0</ele></trkpt>
   <trkpt lat="46.262412" lon="11.855621"><ele>2644.6</ele></trkpt>
   <trkpt lat="46.262396" lon="11.855612"><ele>2644.9</ele></trkpt>
   <trkpt lat="46.262359" lon="11.855611"><ele>2645.5</ele></trkpt>
   <trkpt lat="46.262342" lon="11.855610"><ele>2645.8</ele></trkpt>
   <trkpt lat="46.262322" lon="11.855604"><ele>2646.1</ele></trkpt>
   <trkpt lat="46.262303" lon="11.855594"><ele>2646.4</ele></trkpt>
   <trkpt lat="46.262278" lon="11.855576"><ele>2647.0</ele></trkpt>
   <trkpt lat="46.262246" lon="11.855566"><ele>2647.2</ele></trkpt>
   <trkpt lat="46.262214" lon="11.855535"><ele>2647.4</ele></trkpt>
   <trkpt lat="46.262195" lon="11.855514"><ele>2647.5</ele></trkpt>
   <trkpt lat="46.262178" lon="11.855500"><ele>2647.6</ele></trkpt>
   <trkpt lat="46.262158" lon="11.855492"><ele>2647.7</ele></trkpt>
   <trkpt lat="46.262135" lon="11.855487"><ele>2647.8</ele></trkpt>
   <trkpt lat="46.262114" lon="11.855478"><ele>2647.9</ele></trkpt>
   <trkpt lat="46.262094" lon="11.855474"><ele>2648.1</ele></trkpt>
   <trkpt lat="46.262072" lon="11.855486"><ele>2648.6</ele></trkpt>
   <trkpt lat="46.262054" lon="11.855493"><ele>2648.7</ele></trkpt>
   <trkpt lat="46.262022" lon="11.855515"><ele>2648.9</ele></trkpt>
   <trkpt lat="46.261988" lon="11.855542"><ele>2649.0</ele></trkpt>
   <trkpt lat="46.261967" lon="11.855548"><ele>2649.0</ele></trkpt>
   <trkpt lat="46.261947" lon="11.855554"><ele>2649.0</ele></trkpt>
   <trkpt lat="46.261928" lon="11.855559"><ele>2649.0</ele></trkpt>
   <trkpt lat="46.261896" lon="11.855572"><ele>2649.0</ele></trkpt>
   <trkpt lat="46.261878" lon="11.855585"><ele>2649.0</ele></trkpt>
   <trkpt lat="46.261856" lon="11.855608"><ele>2649.0</ele></trkpt>
   <trkpt lat="46.261844" lon="11.855639"><ele>2649.1</ele></trkpt>
   <trkpt lat="46.261840" lon="11.855669"><ele>2649.3</ele></trkpt>
   <trkpt lat="46.261822" lon="11.855688"><ele>2649.5</ele></trkpt>
   <trkpt lat="46.261806" lon="11.855707"><ele>2649.7</ele></trkpt>
   <trkpt lat="46.261793" lon="11.855733"><ele>2649.9</ele></trkpt>
   <trkpt lat="46.261778" lon="11.855757"><ele>2650.1</ele></trkpt>
   <trkpt lat="46.261765" lon="11.855794"><ele>2650.3</ele></trkpt>
   <trkpt lat="46.261761" lon="11.855821"><ele>2650.4</ele></trkpt>
   <trkpt lat="46.261756" lon="11.855847"><ele>2650.5</ele></trkpt>
   <trkpt lat="46.261736" lon="11.855881"><ele>2650.7</ele></trkpt>
   <trkpt lat="46.261720" lon="11.855901"><ele>2650.9</ele></trkpt>
   <trkpt lat="46.261706" lon="11.855920"><ele>2651.2</ele></trkpt>
   <trkpt lat="46.261694" lon="11.855942"><ele>2651.6</ele></trkpt>
   <trkpt lat="46.261680" lon="11.855965"><ele>2652.0</ele></trkpt>
   <trkpt lat="46.261664" lon="11.855986"><ele>2652.4</ele></trkpt>
   <trkpt lat="46.261652" lon="11.856011"><ele>2652.8</ele></trkpt>
   <trkpt lat="46.261632" lon="11.856037"><ele>2653.2</ele></trkpt>
   <trkpt lat="46.261622" lon="11.856062"><ele>2653.6</ele></trkpt>
   <trkpt lat="46.261612" lon="11.856100"><ele>2654.0</ele></trkpt>
   <trkpt lat="46.261598" lon="11.856143"><ele>2654.4</ele></trkpt>
   <trkpt lat="46.261594" lon="11.856168"><ele>2654.6</ele></trkpt>
   <trkpt lat="46.261588" lon="11.856194"><ele>2654.8</ele></trkpt>
   <trkpt lat="46.261582" lon="11.856225"><ele>2654.9</ele></trkpt>
   <trkpt lat="46.261574" lon="11.856252"><ele>2655.2</ele></trkpt>
   <trkpt lat="46.261560" lon="11.856272"><ele>2655.4</ele></trkpt>
   <trkpt lat="46.261546" lon="11.856292"><ele>2655.6</ele></trkpt>
   <trkpt lat="46.261534" lon="11.856316"><ele>2655.8</ele></trkpt>
   <trkpt lat="46.261522" lon="11.856338"><ele>2656.0</ele></trkpt>
   <trkpt lat="46.261504" lon="11.856366"><ele>2656.4</ele></trkpt>
   <trkpt lat="46.261480" lon="11.856391"><ele>2656.8</ele></trkpt>
   <trkpt lat="46.261462" lon="11.856408"><ele>2657.2</ele></trkpt>
   <trkpt lat="46.261445" lon="11.856419"><ele>2657.6</ele></trkpt>
   <trkpt lat="46.261427" lon="11.856439"><ele>2658.0</ele></trkpt>
   <trkpt lat="46.261413" lon="11.856472"><ele>2658.4</ele></trkpt>
   <trkpt lat="46.261408" lon="11.856500"><ele>2658.6</ele></trkpt>
   <trkpt lat="46.261403" lon="11.856528"><ele>2658.8</ele></trkpt>
   <trkpt lat="46.261391" lon="11.856569"><ele>2659.1</ele></trkpt>
   <trkpt lat="46.261378" lon="11.856615"><ele>2659.3</ele></trkpt>
   <trkpt lat="46.261365" lon="11.856653"><ele>2659.5</ele></trkpt>
   <trkpt lat="46.261353" lon="11.856695"><ele>2659.7</ele></trkpt>
   <trkpt lat="46.261348" lon="11.856726"><ele>2659.8</ele></trkpt>
   <trkpt lat="46.261341" lon="11.856753"><ele>2659.9</ele></trkpt>
   <trkpt lat="46.261324" lon="11.856785"><ele>2660.2</ele></trkpt>
   <trkpt lat="46.261308" lon="11.856816"><ele>2660.6</ele></trkpt>
   <trkpt lat="46.261296" lon="11.856835"><ele>2660.8</ele></trkpt>
   <trkpt lat="46.261274" lon="11.856873"><ele>2661.2</ele></trkpt>
   <trkpt lat="46.261261" lon="11.856891"><ele>2661.4</ele></trkpt>
   <trkpt lat="46.261237" lon="11.856923"><ele>2661.8</ele></trkpt>
   <trkpt lat="46.261214" lon="11.856947"><ele>2662.1</ele></trkpt>
   <trkpt lat="46.261198" lon="11.856989"><ele>2662.3</ele></trkpt>
   <trkpt lat="46.261188" lon="11.857017"><ele>2662.4</ele></trkpt>
   <trkpt lat="46.261174" lon="11.857044"><ele>2662.5</ele></trkpt>
   <trkpt lat="46.261166" lon="11.857069"><ele>2662.6</ele></trkpt>
   <trkpt lat="46.261157" lon="11.857097"><ele>2662.7</ele></trkpt>
   <trkpt lat="46.261151" lon="11.857127"><ele>2662.8</ele></trkpt>
   <trkpt lat="46.261149" lon="11.857155"><ele>2662.9</ele></trkpt>
   <trkpt lat="46.261142" lon="11.857187"><ele>2663.0</ele></trkpt>
   <trkpt lat="46.261132" lon="11.857216"><ele>2663.1</ele></trkpt>
   <trkpt lat="46.261123" lon="11.857241"><ele>2663.2</ele></trkpt>
   <trkpt lat="46.261109" lon="11.857265"><ele>2663.3</ele></trkpt>
   <trkpt lat="46.261095" lon="11.857284"><ele>2663.4</ele></trkpt>
   <trkpt lat="46.261070" lon="11.857313"><ele>2663.6</ele></trkpt>
   <trkpt lat="46.261050" lon="11.857326"><ele>2663.8</ele></trkpt>
   <trkpt lat="46.261032" lon="11.857353"><ele>2664.0</ele></trkpt>
   <trkpt lat="46.261017" lon="11.857379"><ele>2664.0</ele></trkpt>
   <trkpt lat="46.261001" lon="11.857403"><ele>2664.0</ele></trkpt>
   <trkpt lat="46.260990" lon="11.857426"><ele>2664.0</ele></trkpt>
   <trkpt lat="46.260979" lon="11.857455"><ele>2664.0</ele></trkpt>
   <trkpt lat="46.260968" lon="11.857484"><ele>2664.0</ele></trkpt>
   <trkpt lat="46.260989" lon="11.857488"><ele>2664.0</ele></trkpt>
   <trkpt lat="46.260972" lon="11.857524"><ele>2663.8</ele></trkpt>
   <trkpt lat="46.260957" lon="11.857563"><ele>2663.6</ele></trkpt>
   <trkpt lat="46.260944" lon="11.857596"><ele>2663.4</ele></trkpt>
   <trkpt lat="46.260938" lon="11.857641"><ele>2663.2</ele></trkpt>
   <trkpt lat="46.260932" lon="11.857683"><ele>2663.0</ele></trkpt>
   <trkpt lat="46.260911" lon="11.857690"><ele>2663.0</ele></trkpt>
   <trkpt lat="46.260889" lon="11.857692"><ele>2663.0</ele></trkpt>
   <trkpt lat="46.260867" lon="11.857705"><ele>2663.0</ele></trkpt>
   <trkpt lat="46.260847" lon="11.857728"><ele>2663.0</ele></trkpt>
   <trkpt lat="46.260826" lon="11.857745"><ele>2663.0</ele></trkpt>
   <trkpt lat="46.260800" lon="11.857773"><ele>2663.0</ele></trkpt>
   <trkpt lat="46.260770" lon="11.857802"><ele>2663.0</ele></trkpt>
   <trkpt lat="46.260743" lon="11.857822"><ele>2663.0</ele></trkpt>
   <trkpt lat="46.260716" lon="11.857851"><ele>2663.0</ele></trkpt>
   <trkpt lat="46.260701" lon="11.857866"><ele>2663.0</ele></trkpt>
   <trkpt lat="46.260685" lon="11.857881"><ele>2663.0</ele></trkpt>
   <trkpt lat="46.260671" lon="11.857897"><ele>2663.0</ele></trkpt>
   <trkpt lat="46.260643" lon="11.857917"><ele>2663.0</ele></trkpt>
   <trkpt lat="46.260616" lon="11.857927"><ele>2663.0</ele></trkpt>
   <trkpt lat="46.260584" lon="11.857942"><ele>2663.0</ele></trkpt>
   <trkpt lat="46.260556" lon="11.857958"><ele>2663.0</ele></trkpt>
   <trkpt lat="46.260534" lon="11.857983"><ele>2662.9</ele></trkpt>
   <trkpt lat="46.260513" lon="11.858017"><ele>2662.7</ele></trkpt>
   <trkpt lat="46.260497" lon="11.858036"><ele>2662.6</ele></trkpt>
   <trkpt lat="46.260482" lon="11.858055"><ele>2662.5</ele></trkpt>
   <trkpt lat="46.260464" lon="11.858070"><ele>2662.4</ele></trkpt>
   <trkpt lat="46.260446" lon="11.858081"><ele>2662.3</ele></trkpt>
   <trkpt lat="46.260427" lon="11.858094"><ele>2662.2</ele></trkpt>
   <trkpt lat="46.260408" lon="11.858099"><ele>2662.1</ele></trkpt>
   <trkpt lat="46.260381" lon="11.858116"><ele>2662.0</ele></trkpt>
   <trkpt lat="46.260370" lon="11.858168"><ele>2662.0</ele></trkpt>
   <trkpt lat="46.260354" lon="11.858206"><ele>2662.0</ele></trkpt>
   <trkpt lat="46.260337" lon="11.858222"><ele>2662.0</ele></trkpt>
   <trkpt lat="46.260326" lon="11.858246"><ele>2662.0</ele></trkpt>
   <trkpt lat="46.260318" lon="11.858289"><ele>2662.0</ele></trkpt>
   <trkpt lat="46.260315" lon="11.858326"><ele>2662.0</ele></trkpt>
   <trkpt lat="46.260302" lon="11.858364"><ele>2662.0</ele></trkpt>
   <trkpt lat="46.260293" lon="11.858402"><ele>2662.0</ele></trkpt>
   <trkpt lat="46.260284" lon="11.858444"><ele>2662.0</ele></trkpt>
   <trkpt lat="46.260280" lon="11.858478"><ele>2662.0</ele></trkpt>
   <trkpt lat="46.260287" lon="11.858510"><ele>2662.0</ele></trkpt>
   <trkpt lat="46.260293" lon="11.858538"><ele>2662.0</ele></trkpt>
   <trkpt lat="46.260293" lon="11.858567"><ele>2662.0</ele></trkpt>
   <trkpt lat="46.260283" lon="11.858599"><ele>2662.2</ele></trkpt>
   <trkpt lat="46.260276" lon="11.858636"><ele>2662.4</ele></trkpt>
   <trkpt lat="46.260269" lon="11.858680"><ele>2662.6</ele></trkpt>
   <trkpt lat="46.260268" lon="11.858716"><ele>2662.8</ele></trkpt>
   <trkpt lat="46.260270" lon="11.858748"><ele>2663.0</ele></trkpt>
   <trkpt lat="46.260266" lon="11.858784"><ele>2663.6</ele></trkpt>
   <trkpt lat="46.260277" lon="11.858820"><ele>2664.2</ele></trkpt>
   <trkpt lat="46.260288" lon="11.858856"><ele>2664.8</ele></trkpt>
   <trkpt lat="46.260298" lon="11.858880"><ele>2665.1</ele></trkpt>
   <trkpt lat="46.260308" lon="11.858901"><ele>2665.3</ele></trkpt>
   <trkpt lat="46.260317" lon="11.858930"><ele>2665.6</ele></trkpt>
   <trkpt lat="46.260317" lon="11.858962"><ele>2666.3</ele></trkpt>
   <trkpt lat="46.260310" lon="11.858990"><ele>2667.7</ele></trkpt>
   <trkpt lat="46.260320" lon="11.859014"><ele>2668.9</ele></trkpt>
   <trkpt lat="46.260334" lon="11.859031"><ele>2669.7</ele></trkpt>
   <trkpt lat="46.260346" lon="11.859056"><ele>2670.9</ele></trkpt>
   <trkpt lat="46.260355" lon="11.859080"><ele>2672.2</ele></trkpt>
   <trkpt lat="46.260352" lon="11.859110"><ele>2673.0</ele></trkpt>
   <trkpt lat="46.260350" lon="11.859142"><ele>2673.4</ele></trkpt>
   <trkpt lat="46.260366" lon="11.859166"><ele>2674.0</ele></trkpt>
   <trkpt lat="46.260380" lon="11.859188"><ele>2674.4</ele></trkpt>
   <trkpt lat="46.260388" lon="11.859216"><ele>2674.8</ele></trkpt>
   <trkpt lat="46.260392" lon="11.859251"><ele>2675.0</ele></trkpt>
   <trkpt lat="46.260398" lon="11.859290"><ele>2675.0</ele></trkpt>
   <trkpt lat="46.260400" lon="11.859317"><ele>2675.0</ele></trkpt>
   <trkpt lat="46.260403" lon="11.859350"><ele>2675.0</ele></trkpt>
   <trkpt lat="46.260402" lon="11.859384"><ele>2675.0</ele></trkpt>
   <trkpt lat="46.260400" lon="11.859416"><ele>2675.0</ele></trkpt>
   <trkpt lat="46.260400" lon="11.859447"><ele>2675.0</ele></trkpt>
   <trkpt lat="46.260398" lon="11.859474"><ele>2675.0</ele></trkpt>
   <trkpt lat="46.260396" lon="11.859504"><ele>2675.0</ele></trkpt>
   <trkpt lat="46.260398" lon="11.859536"><ele>2675.0</ele></trkpt>
   <trkpt lat="46.260403" lon="11.859570"><ele>2675.0</ele></trkpt>
   <trkpt lat="46.260408" lon="11.859605"><ele>2675.0</ele></trkpt>
   <trkpt lat="46.260416" lon="11.859641"><ele>2675.0</ele></trkpt>
   <trkpt lat="46.260424" lon="11.859674"><ele>2675.0</ele></trkpt>
   <trkpt lat="46.260433" lon="11.859704"><ele>2675.0</ele></trkpt>
   <trkpt lat="46.260436" lon="11.859734"><ele>2675.0</ele></trkpt>
   <trkpt lat="46.260438" lon="11.859769"><ele>2675.0</ele></trkpt>
   <trkpt lat="46.260436" lon="11.859808"><ele>2675.0</ele></trkpt>
   <trkpt lat="46.260438" lon="11.859842"><ele>2675.0</ele></trkpt>
   <trkpt lat="46.260447" lon="11.859895"><ele>2674.8</ele></trkpt>
   <trkpt lat="46.260452" lon="11.859922"><ele>2674.7</ele></trkpt>
   <trkpt lat="46.260450" lon="11.859982"><ele>2674.5</ele></trkpt>
   <trkpt lat="46.260442" lon="11.860016"><ele>2674.4</ele></trkpt>
   <trkpt lat="46.260434" lon="11.860049"><ele>2674.3</ele></trkpt>
   <trkpt lat="46.260426" lon="11.860083"><ele>2674.2</ele></trkpt>
   <trkpt lat="46.260420" lon="11.860117"><ele>2674.1</ele></trkpt>
   <trkpt lat="46.260409" lon="11.860144"><ele>2674.0</ele></trkpt>
   <trkpt lat="46.260402" lon="11.860170"><ele>2673.9</ele></trkpt>
   <trkpt lat="46.260398" lon="11.860198"><ele>2673.8</ele></trkpt>
   <trkpt lat="46.260400" lon="11.860226"><ele>2673.7</ele></trkpt>
   <trkpt lat="46.260400" lon="11.860256"><ele>2673.6</ele></trkpt>
   <trkpt lat="46.260402" lon="11.860286"><ele>2673.5</ele></trkpt>
   <trkpt lat="46.260406" lon="11.860314"><ele>2673.4</ele></trkpt>
   <trkpt lat="46.260409" lon="11.860341"><ele>2673.3</ele></trkpt>
   <trkpt lat="46.260411" lon="11.860376"><ele>2673.2</ele></trkpt>
   <trkpt lat="46.260408" lon="11.860410"><ele>2673.1</ele></trkpt>
   <trkpt lat="46.260400" lon="11.860442"><ele>2673.0</ele></trkpt>
   <trkpt lat="46.260391" lon="11.860480"><ele>2672.8</ele></trkpt>
   <trkpt lat="46.260386" lon="11.860517"><ele>2672.6</ele></trkpt>
   <trkpt lat="46.260385" lon="11.860553"><ele>2672.4</ele></trkpt>
   <trkpt lat="46.260382" lon="11.860591"><ele>2672.2</ele></trkpt>
   <trkpt lat="46.260374" lon="11.860629"><ele>2672.0</ele></trkpt>
   <trkpt lat="46.260364" lon="11.860665"><ele>2671.8</ele></trkpt>
   <trkpt lat="46.260355" lon="11.860703"><ele>2671.6</ele></trkpt>
   <trkpt lat="46.260346" lon="11.860741"><ele>2671.4</ele></trkpt>
   <trkpt lat="46.260336" lon="11.860776"><ele>2671.2</ele></trkpt>
   <trkpt lat="46.260325" lon="11.860808"><ele>2671.0</ele></trkpt>
   <trkpt lat="46.260311" lon="11.860837"><ele>2670.8</ele></trkpt>
   <trkpt lat="46.260298" lon="11.860863"><ele>2670.6</ele></trkpt>
   <trkpt lat="46.260288" lon="11.860895"><ele>2670.4</ele></trkpt>
   <trkpt lat="46.260284" lon="11.860933"><ele>2670.2</ele></trkpt>
   <trkpt lat="46.260279" lon="11.860971"><ele>2670.0</ele></trkpt>
   <trkpt lat="46.260266" lon="11.861008"><ele>2669.8</ele></trkpt>
   <trkpt lat="46.260247" lon="11.861043"><ele>2669.6</ele></trkpt>
   <trkpt lat="46.260231" lon="11.861076"><ele>2669.4</ele></trkpt>
   <trkpt lat="46.260212" lon="11.861103"><ele>2669.2</ele></trkpt>
   <trkpt lat="46.260191" lon="11.861125"><ele>2669.0</ele></trkpt>
   <trkpt lat="46.260176" lon="11.861147"><ele>2668.8</ele></trkpt>
   <trkpt lat="46.260158" lon="11.861170"><ele>2668.6</ele></trkpt>
   <trkpt lat="46.260140" lon="11.861197"><ele>2668.4</ele></trkpt>
   <trkpt lat="46.260123" lon="11.861226"><ele>2668.2</ele></trkpt>
   <trkpt lat="46.260110" lon="11.861258"><ele>2668.0</ele></trkpt>
   <trkpt lat="46.260095" lon="11.861292"><ele>2667.8</ele></trkpt>
   <trkpt lat="46.260079" lon="11.861324"><ele>2667.6</ele></trkpt>
   <trkpt lat="46.260066" lon="11.861351"><ele>2667.4</ele></trkpt>
   <trkpt lat="46.260054" lon="11.861385"><ele>2667.2</ele></trkpt>
   <trkpt lat="46.260046" lon="11.861421"><ele>2667.0</ele></trkpt>
   <trkpt lat="46.260039" lon="11.861457"><ele>2666.9</ele></trkpt>
   <trkpt lat="46.260030" lon="11.861492"><ele>2666.8</ele></trkpt>
   <trkpt lat="46.260024" lon="11.861526"><ele>2666.7</ele></trkpt>
   <trkpt lat="46.260017" lon="11.861560"><ele>2666.6</ele></trkpt>
   <trkpt lat="46.260003" lon="11.861592"><ele>2666.5</ele></trkpt>
   <trkpt lat="46.259987" lon="11.861621"><ele>2666.4</ele></trkpt>
   <trkpt lat="46.259973" lon="11.861654"><ele>2666.3</ele></trkpt>
   <trkpt lat="46.259964" lon="11.861687"><ele>2666.2</ele></trkpt>
   <trkpt lat="46.259960" lon="11.861721"><ele>2666.1</ele></trkpt>
   <trkpt lat="46.259953" lon="11.861753"><ele>2666.0</ele></trkpt>
   <trkpt lat="46.259944" lon="11.861782"><ele>2666.0</ele></trkpt>
   <trkpt lat="46.259930" lon="11.861809"><ele>2666.0</ele></trkpt>
   <trkpt lat="46.259920" lon="11.861834"><ele>2666.0</ele></trkpt>
   <trkpt lat="46.259916" lon="11.861865"><ele>2666.0</ele></trkpt>
   <trkpt lat="46.259910" lon="11.861898"><ele>2666.0</ele></trkpt>
   <trkpt lat="46.259896" lon="11.861927"><ele>2666.0</ele></trkpt>
   <trkpt lat="46.259880" lon="11.861951"><ele>2666.0</ele></trkpt>
   <trkpt lat="46.259866" lon="11.861975"><ele>2666.0</ele></trkpt>
   <trkpt lat="46.259855" lon="11.862003"><ele>2666.0</ele></trkpt>
   <trkpt lat="46.259845" lon="11.862036"><ele>2666.0</ele></trkpt>
   <trkpt lat="46.259835" lon="11.862069"><ele>2665.9</ele></trkpt>
   <trkpt lat="46.259822" lon="11.862100"><ele>2665.8</ele></trkpt>
   <trkpt lat="46.259810" lon="11.862127"><ele>2665.7</ele></trkpt>
   <trkpt lat="46.259799" lon="11.862153"><ele>2665.6</ele></trkpt>
   <trkpt lat="46.259787" lon="11.862182"><ele>2665.5</ele></trkpt>
   <trkpt lat="46.259776" lon="11.862211"><ele>2665.4</ele></trkpt>
   <trkpt lat="46.259763" lon="11.862242"><ele>2665.3</ele></trkpt>
   <trkpt lat="46.259751" lon="11.862270"><ele>2665.2</ele></trkpt>
   <trkpt lat="46.259738" lon="11.862300"><ele>2665.1</ele></trkpt>
   <trkpt lat="46.259724" lon="11.862331"><ele>2665.0</ele></trkpt>
   <trkpt lat="46.259710" lon="11.862363"><ele>2665.0</ele></trkpt>
   <trkpt lat="46.259699" lon="11.862398"><ele>2665.0</ele></trkpt>
   <trkpt lat="46.259685" lon="11.862434"><ele>2665.0</ele></trkpt>
   <trkpt lat="46.259671" lon="11.862468"><ele>2665.0</ele></trkpt>
   <trkpt lat="46.259657" lon="11.862498"><ele>2665.0</ele></trkpt>
   <trkpt lat="46.259643" lon="11.862532"><ele>2665.0</ele></trkpt>
   <trkpt lat="46.259631" lon="11.862568"><ele>2665.0</ele></trkpt>
   <trkpt lat="46.259618" lon="11.862605"><ele>2665.0</ele></trkpt>
   <trkpt lat="46.259603" lon="11.862637"><ele>2665.0</ele></trkpt>
   <trkpt lat="46.259589" lon="11.862661"><ele>2665.0</ele></trkpt>
   <trkpt lat="46.259579" lon="11.862684"><ele>2664.8</ele></trkpt>
   <trkpt lat="46.259574" lon="11.862711"><ele>2664.6</ele></trkpt>
   <trkpt lat="46.259568" lon="11.862737"><ele>2664.4</ele></trkpt>
   <trkpt lat="46.259564" lon="11.862764"><ele>2664.2</ele></trkpt>
   <trkpt lat="46.259562" lon="11.862790"><ele>2664.0</ele></trkpt>
   <trkpt lat="46.259562" lon="11.862816"><ele>2663.8</ele></trkpt>
   <trkpt lat="46.259563" lon="11.862848"><ele>2663.6</ele></trkpt>
   <trkpt lat="46.259560" lon="11.862874"><ele>2663.4</ele></trkpt>
   <trkpt lat="46.259543" lon="11.862893"><ele>2663.0</ele></trkpt>
   <trkpt lat="46.259526" lon="11.862910"><ele>2662.8</ele></trkpt>
   <trkpt lat="46.259504" lon="11.862934"><ele>2662.5</ele></trkpt>
   <trkpt lat="46.259488" lon="11.862966"><ele>2662.3</ele></trkpt>
   <trkpt lat="46.259470" lon="11.862979"><ele>2662.1</ele></trkpt>
   <trkpt lat="46.259449" lon="11.862963"><ele>2662.0</ele></trkpt>
   <trkpt lat="46.259426" lon="11.862980"><ele>2662.0</ele></trkpt>
   <trkpt lat="46.259405" lon="11.862991"><ele>2662.0</ele></trkpt>
   <trkpt lat="46.259383" lon="11.862994"><ele>2662.0</ele></trkpt>
   <trkpt lat="46.259363" lon="11.863000"><ele>2662.2</ele></trkpt>
   <trkpt lat="46.259338" lon="11.862998"><ele>2662.6</ele></trkpt>
   <trkpt lat="46.259318" lon="11.863001"><ele>2663.0</ele></trkpt>
   <trkpt lat="46.259297" lon="11.863011"><ele>2663.6</ele></trkpt>
   <trkpt lat="46.259279" lon="11.863015"><ele>2664.0</ele></trkpt>
   <trkpt lat="46.259260" lon="11.863011"><ele>2664.2</ele></trkpt>
   <trkpt lat="46.259238" lon="11.863005"><ele>2664.4</ele></trkpt>
   <trkpt lat="46.259212" lon="11.863025"><ele>2664.7</ele></trkpt>
   <trkpt lat="46.259188" lon="11.863037"><ele>2664.9</ele></trkpt>
   <trkpt lat="46.259168" lon="11.863045"><ele>2665.0</ele></trkpt>
   <trkpt lat="46.259144" lon="11.863056"><ele>2665.0</ele></trkpt>
   <trkpt lat="46.259118" lon="11.863069"><ele>2665.0</ele></trkpt>
   <trkpt lat="46.259096" lon="11.863078"><ele>2665.0</ele></trkpt>
   <trkpt lat="46.259074" lon="11.863102"><ele>2665.0</ele></trkpt>
   <trkpt lat="46.259052" lon="11.863111"><ele>2665.1</ele></trkpt>
   <trkpt lat="46.259028" lon="11.863112"><ele>2665.4</ele></trkpt>
   <trkpt lat="46.259007" lon="11.863126"><ele>2665.8</ele></trkpt>
   <trkpt lat="46.258988" lon="11.863144"><ele>2666.0</ele></trkpt>
   <trkpt lat="46.258965" lon="11.863136"><ele>2666.3</ele></trkpt>
   <trkpt lat="46.258950" lon="11.863153"><ele>2666.5</ele></trkpt>
   <trkpt lat="46.258936" lon="11.863186"><ele>2666.7</ele></trkpt>
   <trkpt lat="46.258925" lon="11.863207"><ele>2666.9</ele></trkpt>
   <trkpt lat="46.258907" lon="11.863227"><ele>2667.0</ele></trkpt>
   <trkpt lat="46.258922" lon="11.863254"><ele>2667.0</ele></trkpt>
   <trkpt lat="46.258917" lon="11.863280"><ele>2667.0</ele></trkpt>
   <trkpt lat="46.258902" lon="11.863297"><ele>2666.7</ele></trkpt>
   <trkpt lat="46.258883" lon="11.863305"><ele>2666.2</ele></trkpt>
   <trkpt lat="46.258901" lon="11.863316"><ele>2665.6</ele></trkpt>
   <trkpt lat="46.258895" lon="11.863352"><ele>2665.2</ele></trkpt>
   <trkpt lat="46.258863" lon="11.863350"><ele>2665.0</ele></trkpt>
   <trkpt lat="46.258842" lon="11.863342"><ele>2664.8</ele></trkpt>
   <trkpt lat="46.258820" lon="11.863337"><ele>2664.5</ele></trkpt>
   <trkpt lat="46.258803" lon="11.863366"><ele>2664.3</ele></trkpt>
   <trkpt lat="46.258794" lon="11.863390"><ele>2664.2</ele></trkpt>
   <trkpt lat="46.258782" lon="11.863415"><ele>2664.1</ele></trkpt>
   <trkpt lat="46.258762" lon="11.863439"><ele>2663.9</ele></trkpt>
   <trkpt lat="46.258758" lon="11.863471"><ele>2663.6</ele></trkpt>
   <trkpt lat="46.258767" lon="11.863499"><ele>2663.3</ele></trkpt>
   <trkpt lat="46.258772" lon="11.863524"><ele>2663.1</ele></trkpt>
   <trkpt lat="46.258760" lon="11.863546"><ele>2662.8</ele></trkpt>
   <trkpt lat="46.258732" lon="11.863570"><ele>2662.4</ele></trkpt>
   <trkpt lat="46.258716" lon="11.863604"><ele>2662.0</ele></trkpt>
   <trkpt lat="46.258686" lon="11.863651"><ele>2661.6</ele></trkpt>
   <trkpt lat="46.258662" lon="11.863676"><ele>2661.4</ele></trkpt>
   <trkpt lat="46.258643" lon="11.863699"><ele>2661.2</ele></trkpt>
   <trkpt lat="46.258630" lon="11.863720"><ele>2661.0</ele></trkpt>
   <trkpt lat="46.258618" lon="11.863745"><ele>2661.0</ele></trkpt>
   <trkpt lat="46.258607" lon="11.863772"><ele>2661.0</ele></trkpt>
   <trkpt lat="46.258592" lon="11.863789"><ele>2661.0</ele></trkpt>
   <trkpt lat="46.258575" lon="11.863797"><ele>2661.0</ele></trkpt>
   <trkpt lat="46.258539" lon="11.863807"><ele>2661.0</ele></trkpt>
   <trkpt lat="46.258520" lon="11.863818"><ele>2661.0</ele></trkpt>
   <trkpt lat="46.258500" lon="11.863827"><ele>2661.0</ele></trkpt>
   <trkpt lat="46.258481" lon="11.863838"><ele>2661.0</ele></trkpt>
   <trkpt lat="46.258463" lon="11.863849"><ele>2661.0</ele></trkpt>
   <trkpt lat="46.258443" lon="11.863859"><ele>2660.9</ele></trkpt>
   <trkpt lat="46.258426" lon="11.863876"><ele>2660.8</ele></trkpt>
   <trkpt lat="46.258411" lon="11.863903"><ele>2660.7</ele></trkpt>
   <trkpt lat="46.258401" lon="11.863932"><ele>2660.6</ele></trkpt>
   <trkpt lat="46.258392" lon="11.863961"><ele>2660.5</ele></trkpt>
   <trkpt lat="46.258387" lon="11.863990"><ele>2660.4</ele></trkpt>
   <trkpt lat="46.258389" lon="11.864022"><ele>2660.3</ele></trkpt>
   <trkpt lat="46.258391" lon="11.864050"><ele>2660.2</ele></trkpt>
   <trkpt lat="46.258387" lon="11.864078"><ele>2660.1</ele></trkpt>
   <trkpt lat="46.258370" lon="11.864126"><ele>2660.0</ele></trkpt>
   <trkpt lat="46.258362" lon="11.864153"><ele>2660.0</ele></trkpt>
   <trkpt lat="46.258341" lon="11.864195"><ele>2660.0</ele></trkpt>
   <trkpt lat="46.258322" lon="11.864210"><ele>2660.0</ele></trkpt>
   <trkpt lat="46.258303" lon="11.864222"><ele>2660.0</ele></trkpt>
   <trkpt lat="46.258282" lon="11.864253"><ele>2660.0</ele></trkpt>
   <trkpt lat="46.258269" lon="11.864305"><ele>2660.0</ele></trkpt>
   <trkpt lat="46.258248" lon="11.864339"><ele>2660.0</ele></trkpt>
   <trkpt lat="46.258234" lon="11.864357"><ele>2660.0</ele></trkpt>
   <trkpt lat="46.258206" lon="11.864381"><ele>2660.0</ele></trkpt>
   <trkpt lat="46.258189" lon="11.864395"><ele>2660.0</ele></trkpt>
   <trkpt lat="46.258174" lon="11.864410"><ele>2660.0</ele></trkpt>
   <trkpt lat="46.258160" lon="11.864427"><ele>2660.0</ele></trkpt>
   <trkpt lat="46.258141" lon="11.864436"><ele>2660.0</ele></trkpt>
   <trkpt lat="46.258122" lon="11.864448"><ele>2660.0</ele></trkpt>
   <trkpt lat="46.258106" lon="11.864469"><ele>2660.1</ele></trkpt>
   <trkpt lat="46.258086" lon="11.864493"><ele>2660.2</ele></trkpt>
   <trkpt lat="46.258063" lon="11.864503"><ele>2660.3</ele></trkpt>
   <trkpt lat="46.258037" lon="11.864493"><ele>2660.4</ele></trkpt>
   <trkpt lat="46.258010" lon="11.864480"><ele>2660.5</ele></trkpt>
   <trkpt lat="46.257984" lon="11.864468"><ele>2660.6</ele></trkpt>
   <trkpt lat="46.257959" lon="11.864453"><ele>2660.7</ele></trkpt>
   <trkpt lat="46.257937" lon="11.864437"><ele>2660.8</ele></trkpt>
   <trkpt lat="46.257920" lon="11.864426"><ele>2660.9</ele></trkpt>
   <trkpt lat="46.257894" lon="11.864414"><ele>2660.9</ele></trkpt>
   <trkpt lat="46.257862" lon="11.864394"><ele>2660.7</ele></trkpt>
   <trkpt lat="46.257844" lon="11.864389"><ele>2660.6</ele></trkpt>
   <trkpt lat="46.257824" lon="11.864380"><ele>2660.5</ele></trkpt>
   <trkpt lat="46.257805" lon="11.864369"><ele>2660.4</ele></trkpt>
   <trkpt lat="46.257787" lon="11.864357"><ele>2660.3</ele></trkpt>
   <trkpt lat="46.257768" lon="11.864347"><ele>2660.2</ele></trkpt>
   <trkpt lat="46.257746" lon="11.864345"><ele>2660.1</ele></trkpt>
   <trkpt lat="46.257727" lon="11.864352"><ele>2659.7</ele></trkpt>
   <trkpt lat="46.257730" lon="11.864389"><ele>2659.1</ele></trkpt>
   <trkpt lat="46.257737" lon="11.864417"><ele>2658.8</ele></trkpt>
   <trkpt lat="46.257736" lon="11.864450"><ele>2658.5</ele></trkpt>
   <trkpt lat="46.257726" lon="11.864474"><ele>2658.2</ele></trkpt>
   <trkpt lat="46.257696" lon="11.864478"><ele>2657.6</ele></trkpt>
   <trkpt lat="46.257679" lon="11.864462"><ele>2657.0</ele></trkpt>
   <trkpt lat="46.257672" lon="11.864430"><ele>2656.8</ele></trkpt>
   <trkpt lat="46.257668" lon="11.864382"><ele>2656.6</ele></trkpt>
   <trkpt lat="46.257652" lon="11.864337"><ele>2656.4</ele></trkpt>
   <trkpt lat="46.257644" lon="11.864305"><ele>2656.2</ele></trkpt>
   <trkpt lat="46.257618" lon="11.864267"><ele>2656.0</ele></trkpt>
   <trkpt lat="46.257597" lon="11.864247"><ele>2655.7</ele></trkpt>
   <trkpt lat="46.257575" lon="11.864233"><ele>2655.4</ele></trkpt>
   <trkpt lat="46.257553" lon="11.864228"><ele>2655.1</ele></trkpt>
   <trkpt lat="46.257527" lon="11.864241"><ele>2654.5</ele></trkpt>
   <trkpt lat="46.257517" lon="11.864293"><ele>2653.9</ele></trkpt>
   <trkpt lat="46.257508" lon="11.864342"><ele>2653.3</ele></trkpt>
   <trkpt lat="46.257513" lon="11.864371"><ele>2653.0</ele></trkpt>
   <trkpt lat="46.257519" lon="11.864402"><ele>2652.8</ele></trkpt>
   <trkpt lat="46.257525" lon="11.864428"><ele>2652.6</ele></trkpt>
   <trkpt lat="46.257509" lon="11.864455"><ele>2652.2</ele></trkpt>
   <trkpt lat="46.257504" lon="11.864495"><ele>2651.8</ele></trkpt>
   <trkpt lat="46.257480" lon="11.864516"><ele>2651.4</ele></trkpt>
   <trkpt lat="46.257458" lon="11.864537"><ele>2651.1</ele></trkpt>
   <trkpt lat="46.257460" lon="11.864574"><ele>2651.0</ele></trkpt>
   <trkpt lat="46.257448" lon="11.864616"><ele>2651.0</ele></trkpt>
   <trkpt lat="46.257450" lon="11.864661"><ele>2651.0</ele></trkpt>
   <trkpt lat="46.257443" lon="11.864686"><ele>2651.0</ele></trkpt>
   <trkpt lat="46.257428" lon="11.864703"><ele>2651.0</ele></trkpt>
   <trkpt lat="46.257408" lon="11.864704"><ele>2651.0</ele></trkpt>
   <trkpt lat="46.257390" lon="11.864688"><ele>2651.0</ele></trkpt>
   <trkpt lat="46.257377" lon="11.864667"><ele>2651.0</ele></trkpt>
   <trkpt lat="46.257347" lon="11.864649"><ele>2651.0</ele></trkpt>
   <trkpt lat="46.257330" lon="11.864668"><ele>2651.0</ele></trkpt>
   <trkpt lat="46.257318" lon="11.864688"><ele>2651.0</ele></trkpt>
   <trkpt lat="46.257296" lon="11.864686"><ele>2651.0</ele></trkpt>
   <trkpt lat="46.257272" lon="11.864683"><ele>2651.0</ele></trkpt>
   <trkpt lat="46.257251" lon="11.864680"><ele>2651.0</ele></trkpt>
   <trkpt lat="46.257233" lon="11.864652"><ele>2651.0</ele></trkpt>
   <trkpt lat="46.257225" lon="11.864617"><ele>2651.0</ele></trkpt>
   <trkpt lat="46.257194" lon="11.864606"><ele>2651.0</ele></trkpt>
   <trkpt lat="46.257184" lon="11.864572"><ele>2651.0</ele></trkpt>
   <trkpt lat="46.257130" lon="11.864678"><ele>2648.9</ele></trkpt>
   <trkpt lat="46.257091" lon="11.864800"><ele>2647.4</ele></trkpt>
   <trkpt lat="46.257061" lon="11.864825"><ele>2646.8</ele></trkpt>
   <trkpt lat="46.257047" lon="11.864846"><ele>2646.2</ele></trkpt>
   <trkpt lat="46.257019" lon="11.864838"><ele>2645.3</ele></trkpt>
   <trkpt lat="46.257001" lon="11.864839"><ele>2645.0</ele></trkpt>
   <trkpt lat="46.256976" lon="11.864838"><ele>2644.4</ele></trkpt>
   <trkpt lat="46.256951" lon="11.864839"><ele>2643.8</ele></trkpt>
   <trkpt lat="46.256909" lon="11.864842"><ele>2642.9</ele></trkpt>
   <trkpt lat="46.256881" lon="11.864830"><ele>2642.3</ele></trkpt>
   <trkpt lat="46.256819" lon="11.864882"><ele>2640.4</ele></trkpt>
   <trkpt lat="46.256807" lon="11.864910"><ele>2640.0</ele></trkpt>
   <trkpt lat="46.256822" lon="11.864929"><ele>2639.2</ele></trkpt>
   <trkpt lat="46.256826" lon="11.864974"><ele>2638.4</ele></trkpt>
   <trkpt lat="46.256812" lon="11.864994"><ele>2638.0</ele></trkpt>
   <trkpt lat="46.256792" lon="11.865008"><ele>2637.6</ele></trkpt>
   <trkpt lat="46.256783" lon="11.865054"><ele>2636.8</ele></trkpt>
   <trkpt lat="46.256776" lon="11.865088"><ele>2636.4</ele></trkpt>
   <trkpt lat="46.256765" lon="11.865124"><ele>2636.0</ele></trkpt>
   <trkpt lat="46.256758" lon="11.865151"><ele>2635.6</ele></trkpt>
   <trkpt lat="46.256783" lon="11.865186"><ele>2634.8</ele></trkpt>
   <trkpt lat="46.256798" lon="11.865204"><ele>2634.4</ele></trkpt>
   <trkpt lat="46.256820" lon="11.865233"><ele>2633.5</ele></trkpt>
   <trkpt lat="46.256813" lon="11.865271"><ele>2632.5</ele></trkpt>
   <trkpt lat="46.256800" lon="11.865309"><ele>2631.5</ele></trkpt>
   <trkpt lat="46.256793" lon="11.865352"><ele>2630.5</ele></trkpt>
   <trkpt lat="46.256785" lon="11.865392"><ele>2629.5</ele></trkpt>
   <trkpt lat="46.256772" lon="11.865413"><ele>2629.0</ele></trkpt>
   <trkpt lat="46.256759" lon="11.865437"><ele>2628.4</ele></trkpt>
   <trkpt lat="46.256759" lon="11.865463"><ele>2627.8</ele></trkpt>
   <trkpt lat="46.256758" lon="11.865489"><ele>2627.2</ele></trkpt>
   <trkpt lat="46.256749" lon="11.865517"><ele>2626.6</ele></trkpt>
   <trkpt lat="46.256732" lon="11.865538"><ele>2626.0</ele></trkpt>
   <trkpt lat="46.256721" lon="11.865572"><ele>2624.8</ele></trkpt>
   <trkpt lat="46.256724" lon="11.865600"><ele>2624.2</ele></trkpt>
   <trkpt lat="46.256728" lon="11.865629"><ele>2623.6</ele></trkpt>
   <trkpt lat="46.256728" lon="11.865658"><ele>2623.0</ele></trkpt>
   <trkpt lat="46.256712" lon="11.865701"><ele>2620.8</ele></trkpt>
   <trkpt lat="46.256700" lon="11.865747"><ele>2618.6</ele></trkpt>
   <trkpt lat="46.256678" lon="11.865775"><ele>2616.4</ele></trkpt>
   <trkpt lat="46.256653" lon="11.865777"><ele>2614.2</ele></trkpt>
   <trkpt lat="46.256632" lon="11.865795"><ele>2610.0</ele></trkpt>
   <trkpt lat="46.256623" lon="11.865826"><ele>2608.0</ele></trkpt>
   <trkpt lat="46.256638" lon="11.865844"><ele>2605.0</ele></trkpt>
   <trkpt lat="46.256631" lon="11.865875"><ele>2603.0</ele></trkpt>
   <trkpt lat="46.256601" lon="11.865877"><ele>2601.6</ele></trkpt>
   <trkpt lat="46.256567" lon="11.865875"><ele>2600.8</ele></trkpt>
   <trkpt lat="46.256533" lon="11.865886"><ele>2600.0</ele></trkpt>
   <trkpt lat="46.256500" lon="11.865913"><ele>2599.2</ele></trkpt>
   <trkpt lat="46.256487" lon="11.865943"><ele>2598.4</ele></trkpt>
   <trkpt lat="46.256489" lon="11.865985"><ele>2597.9</ele></trkpt>
   <trkpt lat="46.256467" lon="11.866007"><ele>2597.7</ele></trkpt>
   <trkpt lat="46.256439" lon="11.866027"><ele>2597.5</ele></trkpt>
   <trkpt lat="46.256423" lon="11.866046"><ele>2597.4</ele></trkpt>
   <trkpt lat="46.256403" lon="11.866051"><ele>2597.3</ele></trkpt>
   <trkpt lat="46.256380" lon="11.866027"><ele>2597.2</ele></trkpt>
   <trkpt lat="46.256366" lon="11.865992"><ele>2597.1</ele></trkpt>
   <trkpt lat="46.256352" lon="11.865957"><ele>2597.0</ele></trkpt>
   <trkpt lat="46.256343" lon="11.865920"><ele>2596.7</ele></trkpt>
   <trkpt lat="46.256330" lon="11.865885"><ele>2596.4</ele></trkpt>
   <trkpt lat="46.256309" lon="11.865874"><ele>2596.1</ele></trkpt>
   <trkpt lat="46.256240" lon="11.865782"><ele>2595.2</ele></trkpt>
   <trkpt lat="46.256221" lon="11.865749"><ele>2594.9</ele></trkpt>
   <trkpt lat="46.256163" lon="11.865648"><ele>2594.0</ele></trkpt>
   <trkpt lat="46.256150" lon="11.865614"><ele>2593.9</ele></trkpt>
   <trkpt lat="46.256137" lon="11.865578"><ele>2593.8</ele></trkpt>
   <trkpt lat="46.256066" lon="11.865542"><ele>2593.4</ele></trkpt>
   <trkpt lat="46.256050" lon="11.865520"><ele>2593.3</ele></trkpt>
   <trkpt lat="46.256000" lon="11.865462"><ele>2593.0</ele></trkpt>
   <trkpt lat="46.255981" lon="11.865454"><ele>2592.8</ele></trkpt>
   <trkpt lat="46.255943" lon="11.865448"><ele>2592.6</ele></trkpt>
   <trkpt lat="46.255923" lon="11.865409"><ele>2592.4</ele></trkpt>
   <trkpt lat="46.255893" lon="11.865360"><ele>2592.0</ele></trkpt>
   <trkpt lat="46.255865" lon="11.865342"><ele>2591.6</ele></trkpt>
   <trkpt lat="46.255839" lon="11.865330"><ele>2591.4</ele></trkpt>
   <trkpt lat="46.255821" lon="11.865309"><ele>2591.2</ele></trkpt>
   <trkpt lat="46.255812" lon="11.865285"><ele>2591.0</ele></trkpt>
   <trkpt lat="46.255796" lon="11.865244"><ele>2588.4</ele></trkpt>
   <trkpt lat="46.255768" lon="11.865222"><ele>2585.8</ele></trkpt>
   <trkpt lat="46.255741" lon="11.865208"><ele>2583.2</ele></trkpt>
   <trkpt lat="46.255710" lon="11.865166"><ele>2580.6</ele></trkpt>
   <trkpt lat="46.255654" lon="11.865024"><ele>2575.3</ele></trkpt>
   <trkpt lat="46.255628" lon="11.864940"><ele>2568.5</ele></trkpt>
   <trkpt lat="46.255613" lon="11.864896"><ele>2564.5</ele></trkpt>
   <trkpt lat="46.255599" lon="11.864872"><ele>2563.5</ele></trkpt>
   <trkpt lat="46.255592" lon="11.864840"><ele>2562.6</ele></trkpt>
   <trkpt lat="46.255582" lon="11.864818"><ele>2560.1</ele></trkpt>
   <trkpt lat="46.255552" lon="11.864801"><ele>2556.8</ele></trkpt>
   <trkpt lat="46.255527" lon="11.864786"><ele>2555.4</ele></trkpt>
   <trkpt lat="46.255511" lon="11.864772"><ele>2554.2</ele></trkpt>
   <trkpt lat="46.255490" lon="11.864773"><ele>2551.8</ele></trkpt>
   <trkpt lat="46.255460" lon="11.864753"><ele>2550.6</ele></trkpt>
   <trkpt lat="46.255446" lon="11.864732"><ele>2550.0</ele></trkpt>
   <trkpt lat="46.255433" lon="11.864699"><ele>2549.1</ele></trkpt>
   <trkpt lat="46.255420" lon="11.864667"><ele>2548.2</ele></trkpt>
   <trkpt lat="46.255404" lon="11.864630"><ele>2547.3</ele></trkpt>
   <trkpt lat="46.255361" lon="11.864558"><ele>2545.5</ele></trkpt>
   <trkpt lat="46.255339" lon="11.864528"><ele>2544.6</ele></trkpt>
   <trkpt lat="46.255317" lon="11.864503"><ele>2543.7</ele></trkpt>
   <trkpt lat="46.255243" lon="11.864455"><ele>2541.0</ele></trkpt>
   <trkpt lat="46.255221" lon="11.864431"><ele>2540.4</ele></trkpt>
   <trkpt lat="46.255196" lon="11.864406"><ele>2539.8</ele></trkpt>
   <trkpt lat="46.255129" lon="11.864358"><ele>2538.0</ele></trkpt>
   <trkpt lat="46.255080" lon="11.864318"><ele>2536.8</ele></trkpt>
   <trkpt lat="46.255062" lon="11.864283"><ele>2536.2</ele></trkpt>
   <trkpt lat="46.255053" lon="11.864236"><ele>2535.6</ele></trkpt>
   <trkpt lat="46.254978" lon="11.864118"><ele>2532.6</ele></trkpt>
   <trkpt lat="46.254920" lon="11.863998"><ele>2530.2</ele></trkpt>
   <trkpt lat="46.254834" lon="11.863950"><ele>2527.8</ele></trkpt>
   <trkpt lat="46.254719" lon="11.863897"><ele>2524.8</ele></trkpt>
   <trkpt lat="46.254696" lon="11.863868"><ele>2524.2</ele></trkpt>
   <trkpt lat="46.254594" lon="11.863831"><ele>2522.1</ele></trkpt>
   <trkpt lat="46.254567" lon="11.863823"><ele>2521.8</ele></trkpt>
   <trkpt lat="46.254540" lon="11.863804"><ele>2521.5</ele></trkpt>
   <trkpt lat="46.254514" lon="11.863798"><ele>2521.2</ele></trkpt>
   <trkpt lat="46.254491" lon="11.863785"><ele>2520.9</ele></trkpt>
   <trkpt lat="46.254471" lon="11.863773"><ele>2520.6</ele></trkpt>
   <trkpt lat="46.254443" lon="11.863767"><ele>2520.3</ele></trkpt>
   <trkpt lat="46.254421" lon="11.863749"><ele>2520.0</ele></trkpt>
   <trkpt lat="46.254395" lon="11.863737"><ele>2519.5</ele></trkpt>
   <trkpt lat="46.254366" lon="11.863718"><ele>2519.0</ele></trkpt>
   <trkpt lat="46.254348" lon="11.863692"><ele>2518.5</ele></trkpt>
   <trkpt lat="46.254331" lon="11.863658"><ele>2518.0</ele></trkpt>
   <trkpt lat="46.254308" lon="11.863626"><ele>2517.5</ele></trkpt>
   <trkpt lat="46.254283" lon="11.863592"><ele>2517.0</ele></trkpt>
   <trkpt lat="46.254256" lon="11.863573"><ele>2516.5</ele></trkpt>
   <trkpt lat="46.254236" lon="11.863548"><ele>2516.0</ele></trkpt>
   <trkpt lat="46.254212" lon="11.863529"><ele>2515.5</ele></trkpt>
   <trkpt lat="46.254185" lon="11.863509"><ele>2515.0</ele></trkpt>
   <trkpt lat="46.254163" lon="11.863486"><ele>2514.6</ele></trkpt>
   <trkpt lat="46.254136" lon="11.863465"><ele>2514.2</ele></trkpt>
   <trkpt lat="46.254064" lon="11.863372"><ele>2513.0</ele></trkpt>
   <trkpt lat="46.254045" lon="11.863346"><ele>2512.7</ele></trkpt>
   <trkpt lat="46.254026" lon="11.863325"><ele>2512.3</ele></trkpt>
   <trkpt lat="46.253998" lon="11.863313"><ele>2511.9</ele></trkpt>
   <trkpt lat="46.253975" lon="11.863298"><ele>2511.5</ele></trkpt>
   <trkpt lat="46.253953" lon="11.863276"><ele>2511.1</ele></trkpt>
   <trkpt lat="46.253929" lon="11.863251"><ele>2510.8</ele></trkpt>
   <trkpt lat="46.253912" lon="11.863222"><ele>2510.5</ele></trkpt>
   <trkpt lat="46.253892" lon="11.863195"><ele>2510.2</ele></trkpt>
   <trkpt lat="46.253874" lon="11.863163"><ele>2509.8</ele></trkpt>
   <trkpt lat="46.253859" lon="11.863134"><ele>2509.5</ele></trkpt>
   <trkpt lat="46.253840" lon="11.863110"><ele>2509.2</ele></trkpt>
   <trkpt lat="46.253818" lon="11.863087"><ele>2508.9</ele></trkpt>
   <trkpt lat="46.253794" lon="11.863064"><ele>2508.6</ele></trkpt>
   <trkpt lat="46.253777" lon="11.863032"><ele>2508.3</ele></trkpt>
   <trkpt lat="46.253763" lon="11.863000"><ele>2508.0</ele></trkpt>
   <trkpt lat="46.253754" lon="11.862961"><ele>2507.7</ele></trkpt>
   <trkpt lat="46.253750" lon="11.862925"><ele>2507.4</ele></trkpt>
   <trkpt lat="46.253744" lon="11.862889"><ele>2507.1</ele></trkpt>
   <trkpt lat="46.253733" lon="11.862849"><ele>2506.8</ele></trkpt>
   <trkpt lat="46.253724" lon="11.862801"><ele>2506.5</ele></trkpt>
   <trkpt lat="46.253665" lon="11.862773"><ele>2505.4</ele></trkpt>
   <trkpt lat="46.253646" lon="11.862783"><ele>2505.1</ele></trkpt>
   <trkpt lat="46.253622" lon="11.862825"><ele>2504.5</ele></trkpt>
   <trkpt lat="46.253603" lon="11.862851"><ele>2503.9</ele></trkpt>
   <trkpt lat="46.253575" lon="11.862871"><ele>2503.2</ele></trkpt>
   <trkpt lat="46.253553" lon="11.862862"><ele>2502.9</ele></trkpt>
   <trkpt lat="46.253528" lon="11.862855"><ele>2502.6</ele></trkpt>
   <trkpt lat="46.253503" lon="11.862841"><ele>2502.3</ele></trkpt>
   <trkpt lat="46.253451" lon="11.862808"><ele>2501.8</ele></trkpt>
   <trkpt lat="46.253427" lon="11.862814"><ele>2501.6</ele></trkpt>
   <trkpt lat="46.253336" lon="11.862802"><ele>2500.8</ele></trkpt>
   <trkpt lat="46.253259" lon="11.862774"><ele>2500.0</ele></trkpt>
   <trkpt lat="46.253242" lon="11.862754"><ele>2500.0</ele></trkpt>
   <trkpt lat="46.253227" lon="11.862728"><ele>2500.0</ele></trkpt>
   <trkpt lat="46.253212" lon="11.862703"><ele>2500.0</ele></trkpt>
   <trkpt lat="46.253141" lon="11.862582"><ele>2500.0</ele></trkpt>
   <trkpt lat="46.253081" lon="11.862476"><ele>2498.8</ele></trkpt>
   <trkpt lat="46.253004" lon="11.862402"><ele>2496.6</ele></trkpt>
   <trkpt lat="46.252920" lon="11.862314"><ele>2492.6</ele></trkpt>
   <trkpt lat="46.252862" lon="11.862211"><ele>2491.6</ele></trkpt>
   <trkpt lat="46.252799" lon="11.862105"><ele>2490.7</ele></trkpt>
   <trkpt lat="46.252712" lon="11.862027"><ele>2488.9</ele></trkpt>
   <trkpt lat="46.252637" lon="11.862099"><ele>2486.0</ele></trkpt>
   <trkpt lat="46.252556" lon="11.862171"><ele>2484.2</ele></trkpt>
   <trkpt lat="46.252460" lon="11.862132"><ele>2482.9</ele></trkpt>
   <trkpt lat="46.252370" lon="11.862115"><ele>2481.7</ele></trkpt>
   <trkpt lat="46.252280" lon="11.862023"><ele>2480.5</ele></trkpt>
   <trkpt lat="46.252207" lon="11.861906"><ele>2479.0</ele></trkpt>
   <trkpt lat="46.252121" lon="11.861824"><ele>2478.2</ele></trkpt>
   <trkpt lat="46.252018" lon="11.861803"><ele>2477.6</ele></trkpt>
   <trkpt lat="46.252001" lon="11.861674"><ele>2477.1</ele></trkpt>
   <trkpt lat="46.251945" lon="11.861527"><ele>2475.1</ele></trkpt>
   <trkpt lat="46.251931" lon="11.861384"><ele>2473.1</ele></trkpt>
   <trkpt lat="46.251904" lon="11.861250"><ele>2470.9</ele></trkpt>
   <trkpt lat="46.251841" lon="11.861157"><ele>2469.7</ele></trkpt>
   <trkpt lat="46.251758" lon="11.861072"><ele>2468.1</ele></trkpt>
   <trkpt lat="46.251665" lon="11.861006"><ele>2466.2</ele></trkpt>
   <trkpt lat="46.251586" lon="11.860922"><ele>2463.4</ele></trkpt>
   <trkpt lat="46.251507" lon="11.860858"><ele>2457.5</ele></trkpt>
   <trkpt lat="46.251467" lon="11.860718"><ele>2454.8</ele></trkpt>
   <trkpt lat="46.251489" lon="11.860589"><ele>2453.3</ele></trkpt>
   <trkpt lat="46.251504" lon="11.860448"><ele>2446.4</ele></trkpt>
   <trkpt lat="46.251442" lon="11.860340"><ele>2444.0</ele></trkpt>
   <trkpt lat="46.251373" lon="11.860229"><ele>2441.0</ele></trkpt>
   <trkpt lat="46.251323" lon="11.860121"><ele>2438.1</ele></trkpt>
   <trkpt lat="46.251245" lon="11.860045"><ele>2436.1</ele></trkpt>
   <trkpt lat="46.251178" lon="11.859954"><ele>2433.3</ele></trkpt>
   <trkpt lat="46.251139" lon="11.859816"><ele>2428.4</ele></trkpt>
   <trkpt lat="46.251180" lon="11.859698"><ele>2423.0</ele></trkpt>
   <trkpt lat="46.251146" lon="11.859557"><ele>2416.6</ele></trkpt>
   <trkpt lat="46.251102" lon="11.859422"><ele>2411.0</ele></trkpt>
   <trkpt lat="46.251069" lon="11.859289"><ele>2406.4</ele></trkpt>
   <trkpt lat="46.250983" lon="11.859214"><ele>2401.6</ele></trkpt>
   <trkpt lat="46.251012" lon="11.859081"><ele>2397.5</ele></trkpt>
   <trkpt lat="46.250918" lon="11.859023"><ele>2394.6</ele></trkpt>
   <trkpt lat="46.250820" lon="11.858965"><ele>2392.1</ele></trkpt>
   <trkpt lat="46.250724" lon="11.858920"><ele>2389.5</ele></trkpt>
   <trkpt lat="46.250638" lon="11.858879"><ele>2386.2</ele></trkpt>
   <trkpt lat="46.250563" lon="11.858790"><ele>2382.0</ele></trkpt>
   <trkpt lat="46.250492" lon="11.858704"><ele>2376.0</ele></trkpt>
   <trkpt lat="46.250402" lon="11.858644"><ele>2373.2</ele></trkpt>
   <trkpt lat="46.250334" lon="11.858554"><ele>2370.5</ele></trkpt>
   <trkpt lat="46.250331" lon="11.858414"><ele>2365.8</ele></trkpt>
   <trkpt lat="46.250306" lon="11.858283"><ele>2358.6</ele></trkpt>
   <trkpt lat="46.250297" lon="11.858151"><ele>2353.8</ele></trkpt>
   <trkpt lat="46.250271" lon="11.858010"><ele>2349.8</ele></trkpt>
   <trkpt lat="46.250220" lon="11.857896"><ele>2344.5</ele></trkpt>
   <trkpt lat="46.250197" lon="11.857768"><ele>2339.5</ele></trkpt>
   <trkpt lat="46.250139" lon="11.857648"><ele>2335.0</ele></trkpt>
   <trkpt lat="46.250074" lon="11.857555"><ele>2332.5</ele></trkpt>
   <trkpt lat="46.250033" lon="11.857424"><ele>2329.5</ele></trkpt>
   <trkpt lat="46.249968" lon="11.857294"><ele>2327.0</ele></trkpt>
   <trkpt lat="46.249907" lon="11.857181"><ele>2325.0</ele></trkpt>
   <trkpt lat="46.249868" lon="11.857024"><ele>2323.4</ele></trkpt>
   <trkpt lat="46.249859" lon="11.856889"><ele>2322.2</ele></trkpt>
   <trkpt lat="46.249823" lon="11.856751"><ele>2320.7</ele></trkpt>
   <trkpt lat="46.249729" lon="11.856683"><ele>2319.5</ele></trkpt>
   <trkpt lat="46.249707" lon="11.856678"><ele>2319.2</ele></trkpt>
   <trkpt lat="46.249681" lon="11.856675"><ele>2318.9</ele></trkpt>
   <trkpt lat="46.249621" lon="11.856667"><ele>2318.0</ele></trkpt>
   <trkpt lat="46.249570" lon="11.856650"><ele>2317.1</ele></trkpt>
   <trkpt lat="46.249538" lon="11.856623"><ele>2316.5</ele></trkpt>
   <trkpt lat="46.249522" lon="11.856607"><ele>2316.2</ele></trkpt>
   <trkpt lat="46.249508" lon="11.856590"><ele>2315.9</ele></trkpt>
   <trkpt lat="46.249490" lon="11.856570"><ele>2315.6</ele></trkpt>
   <trkpt lat="46.249469" lon="11.856555"><ele>2315.3</ele></trkpt>
   <trkpt lat="46.249442" lon="11.856545"><ele>2315.0</ele></trkpt>
   <trkpt lat="46.249412" lon="11.856533"><ele>2314.9</ele></trkpt>
   <trkpt lat="46.249385" lon="11.856521"><ele>2314.8</ele></trkpt>
   <trkpt lat="46.249359" lon="11.856512"><ele>2314.7</ele></trkpt>
   <trkpt lat="46.249335" lon="11.856502"><ele>2314.6</ele></trkpt>
   <trkpt lat="46.249316" lon="11.856492"><ele>2314.5</ele></trkpt>
   <trkpt lat="46.249299" lon="11.856484"><ele>2314.4</ele></trkpt>
   <trkpt lat="46.249281" lon="11.856480"><ele>2314.3</ele></trkpt>
   <trkpt lat="46.249259" lon="11.856473"><ele>2314.2</ele></trkpt>
   <trkpt lat="46.249237" lon="11.856472"><ele>2314.1</ele></trkpt>
   <trkpt lat="46.249217" lon="11.856464"><ele>2314.0</ele></trkpt>
   <trkpt lat="46.249197" lon="11.856450"><ele>2313.9</ele></trkpt>
   <trkpt lat="46.249179" lon="11.856426"><ele>2313.8</ele></trkpt>
   <trkpt lat="46.249162" lon="11.856407"><ele>2313.7</ele></trkpt>
   <trkpt lat="46.249144" lon="11.856385"><ele>2313.6</ele></trkpt>
   <trkpt lat="46.249131" lon="11.856359"><ele>2313.5</ele></trkpt>
   <trkpt lat="46.249116" lon="11.856338"><ele>2313.4</ele></trkpt>
   <trkpt lat="46.249100" lon="11.856321"><ele>2313.3</ele></trkpt>
   <trkpt lat="46.249069" lon="11.856292"><ele>2313.1</ele></trkpt>
   <trkpt lat="46.249039" lon="11.856283"><ele>2312.8</ele></trkpt>
   <trkpt lat="46.249037" lon="11.856237"><ele>2312.4</ele></trkpt>
   <trkpt lat="46.249032" lon="11.856188"><ele>2312.0</ele></trkpt>
   <trkpt lat="46.249030" lon="11.856156"><ele>2311.8</ele></trkpt>
   <trkpt lat="46.249027" lon="11.856130"><ele>2311.6</ele></trkpt>
   <trkpt lat="46.248959" lon="11.856145"><ele>2310.5</ele></trkpt>
   <trkpt lat="46.248926" lon="11.856129"><ele>2309.9</ele></trkpt>
   <trkpt lat="46.248905" lon="11.856125"><ele>2309.8</ele></trkpt>
   <trkpt lat="46.248880" lon="11.856123"><ele>2309.6</ele></trkpt>
   <trkpt lat="46.248783" lon="11.856055"><ele>2309.0</ele></trkpt>
   <trkpt lat="46.248760" lon="11.856043"><ele>2309.0</ele></trkpt>
   <trkpt lat="46.248734" lon="11.856026"><ele>2309.0</ele></trkpt>
   <trkpt lat="46.248705" lon="11.856011"><ele>2309.0</ele></trkpt>
   <trkpt lat="46.248675" lon="11.855990"><ele>2309.0</ele></trkpt>
   <trkpt lat="46.248647" lon="11.855969"><ele>2309.0</ele></trkpt>
   <trkpt lat="46.248619" lon="11.855952"><ele>2309.0</ele></trkpt>
   <trkpt lat="46.248587" lon="11.855937"><ele>2309.0</ele></trkpt>
   <trkpt lat="46.248556" lon="11.855931"><ele>2309.0</ele></trkpt>
   <trkpt lat="46.248527" lon="11.855926"><ele>2309.0</ele></trkpt>
   <trkpt lat="46.248497" lon="11.855923"><ele>2309.0</ele></trkpt>
   <trkpt lat="46.248468" lon="11.855921"><ele>2309.0</ele></trkpt>
   <trkpt lat="46.248393" lon="11.855921"><ele>2309.0</ele></trkpt>
   <trkpt lat="46.248364" lon="11.855923"><ele>2309.0</ele></trkpt>
   <trkpt lat="46.248313" lon="11.855926"><ele>2309.0</ele></trkpt>
   <trkpt lat="46.248287" lon="11.855941"><ele>2309.0</ele></trkpt>
   <trkpt lat="46.248164" lon="11.855945"><ele>2308.7</ele></trkpt>
   <trkpt lat="46.248135" lon="11.855946"><ele>2308.6</ele></trkpt>
   <trkpt lat="46.248103" lon="11.855968"><ele>2308.5</ele></trkpt>
   <trkpt lat="46.248085" lon="11.855975"><ele>2308.4</ele></trkpt>
   <trkpt lat="46.248063" lon="11.855977"><ele>2308.3</ele></trkpt>
   <trkpt lat="46.248036" lon="11.855962"><ele>2308.2</ele></trkpt>
   <trkpt lat="46.248016" lon="11.855953"><ele>2308.1</ele></trkpt>
   <trkpt lat="46.247933" lon="11.855960"><ele>2307.2</ele></trkpt>
   <trkpt lat="46.247818" lon="11.855974"><ele>2306.4</ele></trkpt>
   <trkpt lat="46.247722" lon="11.855991"><ele>2305.7</ele></trkpt>
   <trkpt lat="46.247624" lon="11.855959"><ele>2304.5</ele></trkpt>
   <trkpt lat="46.247533" lon="11.855980"><ele>2303.3</ele></trkpt>
   <trkpt lat="46.247488" lon="11.855972"><ele>2302.6</ele></trkpt>
   <trkpt lat="46.247461" lon="11.855977"><ele>2302.2</ele></trkpt>
   <trkpt lat="46.247420" lon="11.855963"><ele>2301.4</ele></trkpt>
   <trkpt lat="46.247339" lon="11.855934"><ele>2299.8</ele></trkpt>
   <trkpt lat="46.247306" lon="11.855922"><ele>2299.4</ele></trkpt>
   <trkpt lat="46.247271" lon="11.855908"><ele>2299.0</ele></trkpt>
   <trkpt lat="46.247172" lon="11.855881"><ele>2297.2</ele></trkpt>
   <trkpt lat="46.247072" lon="11.855850"><ele>2294.9</ele></trkpt>
   <trkpt lat="46.246986" lon="11.855890"><ele>2293.2</ele></trkpt>
   <trkpt lat="46.246889" lon="11.855930"><ele>2290.7</ele></trkpt>
   <trkpt lat="46.246793" lon="11.856004"><ele>2286.6</ele></trkpt>
   <trkpt lat="46.246694" lon="11.856043"><ele>2282.2</ele></trkpt>
   <trkpt lat="46.246602" lon="11.856048"><ele>2278.0</ele></trkpt>
   <trkpt lat="46.246497" lon="11.856032"><ele>2276.5</ele></trkpt>
   <trkpt lat="46.246392" lon="11.856053"><ele>2274.9</ele></trkpt>
   <trkpt lat="46.246288" lon="11.856073"><ele>2274.4</ele></trkpt>
   <trkpt lat="46.246185" lon="11.856065"><ele>2273.8</ele></trkpt>
   <trkpt lat="46.246083" lon="11.856008"><ele>2272.8</ele></trkpt>
   <trkpt lat="46.245977" lon="11.855976"><ele>2272.0</ele></trkpt>
   <trkpt lat="46.245866" lon="11.855936"><ele>2271.0</ele></trkpt>
   <trkpt lat="46.245781" lon="11.855892"><ele>2270.2</ele></trkpt>
   <trkpt lat="46.245701" lon="11.855819"><ele>2270.0</ele></trkpt>
   <trkpt lat="46.245625" lon="11.855738"><ele>2270.0</ele></trkpt>
   <trkpt lat="46.245569" lon="11.855622"><ele>2270.0</ele></trkpt>
   <trkpt lat="46.245506" lon="11.855504"><ele>2270.0</ele></trkpt>
   <trkpt lat="46.245429" lon="11.855416"><ele>2270.0</ele></trkpt>
   <trkpt lat="46.245412" lon="11.855399"><ele>2270.0</ele></trkpt>
   <trkpt lat="46.245309" lon="11.855386"><ele>2270.0</ele></trkpt>
   <trkpt lat="46.245219" lon="11.855341"><ele>2270.1</ele></trkpt>
   <trkpt lat="46.245130" lon="11.855313"><ele>2270.5</ele></trkpt>
   <trkpt lat="46.245027" lon="11.855256"><ele>2270.9</ele></trkpt>
   <trkpt lat="46.245004" lon="11.855242"><ele>2271.0</ele></trkpt>
   <trkpt lat="46.244983" lon="11.855228"><ele>2271.0</ele></trkpt>
   <trkpt lat="46.244958" lon="11.855208"><ele>2271.0</ele></trkpt>
   <trkpt lat="46.244884" lon="11.855137"><ele>2271.0</ele></trkpt>
   <trkpt lat="46.244851" lon="11.855111"><ele>2271.0</ele></trkpt>
   <trkpt lat="46.244832" lon="11.855103"><ele>2271.0</ele></trkpt>
   <trkpt lat="46.244810" lon="11.855089"><ele>2271.0</ele></trkpt>
   <trkpt lat="46.244790" lon="11.855076"><ele>2271.0</ele></trkpt>
   <trkpt lat="46.244770" lon="11.855058"><ele>2271.0</ele></trkpt>
   <trkpt lat="46.244750" lon="11.855042"><ele>2271.0</ele></trkpt>
   <trkpt lat="46.244732" lon="11.855028"><ele>2271.0</ele></trkpt>
   <trkpt lat="46.244716" lon="11.855009"><ele>2271.0</ele></trkpt>
   <trkpt lat="46.244694" lon="11.854983"><ele>2271.0</ele></trkpt>
   <trkpt lat="46.244674" lon="11.854960"><ele>2271.0</ele></trkpt>
   <trkpt lat="46.244628" lon="11.854935"><ele>2271.0</ele></trkpt>
   <trkpt lat="46.244603" lon="11.854933"><ele>2271.0</ele></trkpt>
   <trkpt lat="46.244579" lon="11.854937"><ele>2271.1</ele></trkpt>
   <trkpt lat="46.244548" lon="11.854943"><ele>2271.2</ele></trkpt>
   <trkpt lat="46.244452" lon="11.854972"><ele>2271.5</ele></trkpt>
   <trkpt lat="46.244346" lon="11.854956"><ele>2271.9</ele></trkpt>
   <trkpt lat="46.244241" lon="11.854944"><ele>2271.4</ele></trkpt>
   <trkpt lat="46.244135" lon="11.854934"><ele>2270.6</ele></trkpt>
   <trkpt lat="46.244068" lon="11.854958"><ele>2270.0</ele></trkpt>
   <trkpt lat="46.244051" lon="11.854968"><ele>2269.8</ele></trkpt>
   <trkpt lat="46.244034" lon="11.854978"><ele>2269.6</ele></trkpt>
   <trkpt lat="46.244016" lon="11.854988"><ele>2269.4</ele></trkpt>
   <trkpt lat="46.243998" lon="11.854997"><ele>2269.2</ele></trkpt>
   <trkpt lat="46.243974" lon="11.855006"><ele>2269.0</ele></trkpt>
   <trkpt lat="46.243954" lon="11.855017"><ele>2268.8</ele></trkpt>
   <trkpt lat="46.243938" lon="11.855033"><ele>2268.6</ele></trkpt>
   <trkpt lat="46.243920" lon="11.855050"><ele>2268.4</ele></trkpt>
   <trkpt lat="46.243903" lon="11.855066"><ele>2268.2</ele></trkpt>
   <trkpt lat="46.243884" lon="11.855086"><ele>2268.0</ele></trkpt>
   <trkpt lat="46.243864" lon="11.855100"><ele>2267.7</ele></trkpt>
   <trkpt lat="46.243845" lon="11.855110"><ele>2267.4</ele></trkpt>
   <trkpt lat="46.243824" lon="11.855120"><ele>2267.1</ele></trkpt>
   <trkpt lat="46.243803" lon="11.855133"><ele>2266.8</ele></trkpt>
   <trkpt lat="46.243786" lon="11.855146"><ele>2266.5</ele></trkpt>
   <trkpt lat="46.243766" lon="11.855162"><ele>2266.2</ele></trkpt>
   <trkpt lat="46.243747" lon="11.855176"><ele>2265.9</ele></trkpt>
   <trkpt lat="46.243728" lon="11.855194"><ele>2265.6</ele></trkpt>
   <trkpt lat="46.243711" lon="11.855209"><ele>2265.3</ele></trkpt>
   <trkpt lat="46.243694" lon="11.855226"><ele>2265.0</ele></trkpt>
   <trkpt lat="46.243676" lon="11.855247"><ele>2264.6</ele></trkpt>
   <trkpt lat="46.243656" lon="11.855260"><ele>2264.2</ele></trkpt>
   <trkpt lat="46.243638" lon="11.855257"><ele>2263.8</ele></trkpt>
   <trkpt lat="46.243607" lon="11.855228"><ele>2263.0</ele></trkpt>
   <trkpt lat="46.243575" lon="11.855208"><ele>2262.2</ele></trkpt>
   <trkpt lat="46.243558" lon="11.855196"><ele>2261.8</ele></trkpt>
   <trkpt lat="46.243541" lon="11.855230"><ele>2260.7</ele></trkpt>
   <trkpt lat="46.243518" lon="11.855244"><ele>2260.1</ele></trkpt>
   <trkpt lat="46.243497" lon="11.855232"><ele>2259.8</ele></trkpt>
   <trkpt lat="46.243482" lon="11.855198"><ele>2259.5</ele></trkpt>
   <trkpt lat="46.243397" lon="11.855110"><ele>2258.1</ele></trkpt>
   <trkpt lat="46.243343" lon="11.854996"><ele>2256.1</ele></trkpt>
   <trkpt lat="46.243307" lon="11.854891"><ele>2254.0</ele></trkpt>
   <trkpt lat="46.243296" lon="11.854863"><ele>2253.5</ele></trkpt>
   <trkpt lat="46.243266" lon="11.854749"><ele>2251.4</ele></trkpt>
   <trkpt lat="46.243256" lon="11.854718"><ele>2251.0</ele></trkpt>
   <trkpt lat="46.243243" lon="11.854692"><ele>2250.6</ele></trkpt>
   <trkpt lat="46.243231" lon="11.854662"><ele>2250.2</ele></trkpt>
   <trkpt lat="46.243225" lon="11.854635"><ele>2249.8</ele></trkpt>
   <trkpt lat="46.243197" lon="11.854612"><ele>2248.7</ele></trkpt>
   <trkpt lat="46.243192" lon="11.854638"><ele>2248.4</ele></trkpt>
   <trkpt lat="46.243137" lon="11.854774"><ele>2246.9</ele></trkpt>
   <trkpt lat="46.243120" lon="11.854791"><ele>2246.6</ele></trkpt>
   <trkpt lat="46.243095" lon="11.854824"><ele>2246.0</ele></trkpt>
   <trkpt lat="46.243077" lon="11.854856"><ele>2245.2</ele></trkpt>
   <trkpt lat="46.243011" lon="11.854976"><ele>2243.2</ele></trkpt>
   <trkpt lat="46.242979" lon="11.855100"><ele>2241.2</ele></trkpt>
   <trkpt lat="46.242955" lon="11.855164"><ele>2240.0</ele></trkpt>
   <trkpt lat="46.242950" lon="11.855192"><ele>2239.6</ele></trkpt>
   <trkpt lat="46.242936" lon="11.855236"><ele>2238.8</ele></trkpt>
   <trkpt lat="46.242915" lon="11.855380"><ele>2235.5</ele></trkpt>
   <trkpt lat="46.242854" lon="11.855496"><ele>2231.2</ele></trkpt>
   <trkpt lat="46.242820" lon="11.855488"><ele>2230.0</ele></trkpt>
   <trkpt lat="46.242800" lon="11.855475"><ele>2228.8</ele></trkpt>
   <trkpt lat="46.242775" lon="11.855464"><ele>2227.6</ele></trkpt>
   <trkpt lat="46.242759" lon="11.855361"><ele>2223.5</ele></trkpt>
   <trkpt lat="46.242743" lon="11.855380"><ele>2221.4</ele></trkpt>
   <trkpt lat="46.242714" lon="11.855399"><ele>2220.0</ele></trkpt>
   <trkpt lat="46.242687" lon="11.855361"><ele>2218.8</ele></trkpt>
   <trkpt lat="46.242676" lon="11.855322"><ele>2217.6</ele></trkpt>
   <trkpt lat="46.242653" lon="11.855318"><ele>2216.4</ele></trkpt>
   <trkpt lat="46.242625" lon="11.855332"><ele>2215.2</ele></trkpt>
   <trkpt lat="46.242591" lon="11.855350"><ele>2214.0</ele></trkpt>
   <trkpt lat="46.242572" lon="11.855350"><ele>2213.6</ele></trkpt>
   <trkpt lat="46.242569" lon="11.855190"><ele>2211.6</ele></trkpt>
   <trkpt lat="46.242608" lon="11.855064"><ele>2209.6</ele></trkpt>
   <trkpt lat="46.242616" lon="11.854922"><ele>2206.6</ele></trkpt>
   <trkpt lat="46.242625" lon="11.854774"><ele>2203.9</ele></trkpt>
   <trkpt lat="46.242626" lon="11.854744"><ele>2203.3</ele></trkpt>
   <trkpt lat="46.242602" lon="11.854717"><ele>2202.1</ele></trkpt>
   <trkpt lat="46.242572" lon="11.854702"><ele>2200.9</ele></trkpt>
   <trkpt lat="46.242544" lon="11.854694"><ele>2199.7</ele></trkpt>
   <trkpt lat="46.242524" lon="11.854694"><ele>2199.0</ele></trkpt>
   <trkpt lat="46.242490" lon="11.854680"><ele>2197.6</ele></trkpt>
   <trkpt lat="46.242470" lon="11.854669"><ele>2196.9</ele></trkpt>
   <trkpt lat="46.242400" lon="11.854599"><ele>2194.1</ele></trkpt>
   <trkpt lat="46.242364" lon="11.854597"><ele>2192.7</ele></trkpt>
   <trkpt lat="46.242348" lon="11.854607"><ele>2192.0</ele></trkpt>
   <trkpt lat="46.242322" lon="11.854675"><ele>2190.5</ele></trkpt>
   <trkpt lat="46.242282" lon="11.854799"><ele>2188.5</ele></trkpt>
   <trkpt lat="46.242276" lon="11.854825"><ele>2188.0</ele></trkpt>
   <trkpt lat="46.242228" lon="11.854902"><ele>2185.4</ele></trkpt>
   <trkpt lat="46.242212" lon="11.854889"><ele>2184.6</ele></trkpt>
   <trkpt lat="46.242190" lon="11.854884"><ele>2183.8</ele></trkpt>
   <trkpt lat="46.242160" lon="11.854892"><ele>2182.2</ele></trkpt>
   <trkpt lat="46.242127" lon="11.854889"><ele>2180.6</ele></trkpt>
   <trkpt lat="46.242104" lon="11.854889"><ele>2179.8</ele></trkpt>
   <trkpt lat="46.242085" lon="11.854885"><ele>2179.0</ele></trkpt>
   <trkpt lat="46.242066" lon="11.854873"><ele>2178.4</ele></trkpt>
   <trkpt lat="46.242048" lon="11.854871"><ele>2177.8</ele></trkpt>
   <trkpt lat="46.242028" lon="11.854878"><ele>2177.2</ele></trkpt>
   <trkpt lat="46.242006" lon="11.854882"><ele>2176.6</ele></trkpt>
   <trkpt lat="46.241983" lon="11.854886"><ele>2176.0</ele></trkpt>
   <trkpt lat="46.241958" lon="11.854890"><ele>2175.4</ele></trkpt>
   <trkpt lat="46.241935" lon="11.854894"><ele>2174.8</ele></trkpt>
   <trkpt lat="46.241915" lon="11.854908"><ele>2174.2</ele></trkpt>
   <trkpt lat="46.241892" lon="11.854924"><ele>2173.6</ele></trkpt>
   <trkpt lat="46.241868" lon="11.854944"><ele>2173.0</ele></trkpt>
   <trkpt lat="46.241844" lon="11.854963"><ele>2172.5</ele></trkpt>
   <trkpt lat="46.241817" lon="11.854982"><ele>2172.0</ele></trkpt>
   <trkpt lat="46.241785" lon="11.854988"><ele>2171.5</ele></trkpt>
   <trkpt lat="46.241753" lon="11.854972"><ele>2171.0</ele></trkpt>
   <trkpt lat="46.241723" lon="11.854957"><ele>2170.5</ele></trkpt>
   <trkpt lat="46.241690" lon="11.854934"><ele>2170.0</ele></trkpt>
   <trkpt lat="46.241660" lon="11.854906"><ele>2169.5</ele></trkpt>
   <trkpt lat="46.241626" lon="11.854883"><ele>2169.0</ele></trkpt>
   <trkpt lat="46.241595" lon="11.854853"><ele>2168.5</ele></trkpt>
   <trkpt lat="46.241567" lon="11.854822"><ele>2168.0</ele></trkpt>
   <trkpt lat="46.241540" lon="11.854787"><ele>2167.5</ele></trkpt>
   <trkpt lat="46.241513" lon="11.854753"><ele>2167.0</ele></trkpt>
   <trkpt lat="46.241486" lon="11.854717"><ele>2166.5</ele></trkpt>
   <trkpt lat="46.241462" lon="11.854679"><ele>2166.0</ele></trkpt>
   <trkpt lat="46.241437" lon="11.854647"><ele>2165.5</ele></trkpt>
   <trkpt lat="46.241413" lon="11.854614"><ele>2165.0</ele></trkpt>
   <trkpt lat="46.241388" lon="11.854583"><ele>2164.5</ele></trkpt>
   <trkpt lat="46.241362" lon="11.854553"><ele>2164.0</ele></trkpt>
   <trkpt lat="46.241336" lon="11.854528"><ele>2163.5</ele></trkpt>
   <trkpt lat="46.241309" lon="11.854504"><ele>2163.0</ele></trkpt>
   <trkpt lat="46.241265" lon="11.854445"><ele>2162.2</ele></trkpt>
   <trkpt lat="46.241246" lon="11.854415"><ele>2161.8</ele></trkpt>
   <trkpt lat="46.241235" lon="11.854386"><ele>2161.4</ele></trkpt>
   <trkpt lat="46.241228" lon="11.854345"><ele>2161.0</ele></trkpt>
   <trkpt lat="46.241200" lon="11.854293"><ele>2160.2</ele></trkpt>
   <trkpt lat="46.241178" lon="11.854269"><ele>2159.8</ele></trkpt>
   <trkpt lat="46.241152" lon="11.854238"><ele>2159.4</ele></trkpt>
   <trkpt lat="46.241135" lon="11.854201"><ele>2159.0</ele></trkpt>
   <trkpt lat="46.241112" lon="11.854169"><ele>2158.6</ele></trkpt>
   <trkpt lat="46.241032" lon="11.854047"><ele>2157.0</ele></trkpt>
   <trkpt lat="46.240954" lon="11.853975"><ele>2155.8</ele></trkpt>
   <trkpt lat="46.240930" lon="11.853966"><ele>2155.4</ele></trkpt>
   <trkpt lat="46.240904" lon="11.853971"><ele>2155.0</ele></trkpt>
   <trkpt lat="46.240878" lon="11.853983"><ele>2154.5</ele></trkpt>
   <trkpt lat="46.240854" lon="11.853997"><ele>2154.0</ele></trkpt>
   <trkpt lat="46.240831" lon="11.854012"><ele>2153.5</ele></trkpt>
   <trkpt lat="46.240815" lon="11.854032"><ele>2153.0</ele></trkpt>
   <trkpt lat="46.240777" lon="11.854070"><ele>2152.0</ele></trkpt>
   <trkpt lat="46.240681" lon="11.854080"><ele>2150.5</ele></trkpt>
   <trkpt lat="46.240646" lon="11.854069"><ele>2150.0</ele></trkpt>
   <trkpt lat="46.240620" lon="11.854069"><ele>2149.4</ele></trkpt>
   <trkpt lat="46.240591" lon="11.854071"><ele>2148.8</ele></trkpt>
   <trkpt lat="46.240490" lon="11.854109"><ele>2146.4</ele></trkpt>
   <trkpt lat="46.240423" lon="11.854197"><ele>2144.6</ele></trkpt>
   <trkpt lat="46.240363" lon="11.854347"><ele>2142.2</ele></trkpt>
   <trkpt lat="46.240307" lon="11.854450"><ele>2140.4</ele></trkpt>
   <trkpt lat="46.240234" lon="11.854541"><ele>2138.6</ele></trkpt>
   <trkpt lat="46.240153" lon="11.854607"><ele>2136.8</ele></trkpt>
   <trkpt lat="46.240089" lon="11.854720"><ele>2134.4</ele></trkpt>
   <trkpt lat="46.240052" lon="11.854841"><ele>2132.6</ele></trkpt>
   <trkpt lat="46.240006" lon="11.854980"><ele>2130.8</ele></trkpt>
   <trkpt lat="46.239943" lon="11.855124"><ele>2128.4</ele></trkpt>
   <trkpt lat="46.239878" lon="11.855227"><ele>2125.0</ele></trkpt>
   <trkpt lat="46.239863" lon="11.855196"><ele>2122.0</ele></trkpt>
   <trkpt lat="46.239857" lon="11.855168"><ele>2121.0</ele></trkpt>
   <trkpt lat="46.239848" lon="11.855133"><ele>2120.0</ele></trkpt>
   <trkpt lat="46.239841" lon="11.855098"><ele>2119.0</ele></trkpt>
   <trkpt lat="46.239835" lon="11.855066"><ele>2118.0</ele></trkpt>
   <trkpt lat="46.239821" lon="11.855045"><ele>2116.0</ele></trkpt>
   <trkpt lat="46.239797" lon="11.855123"><ele>2114.4</ele></trkpt>
   <trkpt lat="46.239770" lon="11.855261"><ele>2112.4</ele></trkpt>
   <trkpt lat="46.239713" lon="11.855350"><ele>2108.4</ele></trkpt>
   <trkpt lat="46.239700" lon="11.855326"><ele>2107.8</ele></trkpt>
   <trkpt lat="46.239698" lon="11.855297"><ele>2107.2</ele></trkpt>
   <trkpt lat="46.239650" lon="11.855410"><ele>2102.8</ele></trkpt>
   <trkpt lat="46.239594" lon="11.855353"><ele>2101.0</ele></trkpt>
   <trkpt lat="46.239576" lon="11.855309"><ele>2100.1</ele></trkpt>
   <trkpt lat="46.239548" lon="11.855223"><ele>2098.6</ele></trkpt>
   <trkpt lat="46.239549" lon="11.855190"><ele>2098.1</ele></trkpt>
   <trkpt lat="46.239478" lon="11.855156"><ele>2092.9</ele></trkpt>
   <trkpt lat="46.239462" lon="11.855126"><ele>2091.7</ele></trkpt>
   <trkpt lat="46.239438" lon="11.855121"><ele>2090.5</ele></trkpt>
   <trkpt lat="46.239382" lon="11.855193"><ele>2087.5</ele></trkpt>
   <trkpt lat="46.239368" lon="11.855230"><ele>2086.5</ele></trkpt>
   <trkpt lat="46.239416" lon="11.855374"><ele>2084.2</ele></trkpt>
   <trkpt lat="46.239447" lon="11.855500"><ele>2081.8</ele></trkpt>
   <trkpt lat="46.239357" lon="11.855487"><ele>2078.8</ele></trkpt>
   <trkpt lat="46.239367" lon="11.855590"><ele>2072.2</ele></trkpt>
   <trkpt lat="46.239418" lon="11.855707"><ele>2067.8</ele></trkpt>
   <trkpt lat="46.239495" lon="11.855833"><ele>2065.8</ele></trkpt>
   <trkpt lat="46.239500" lon="11.856007"><ele>2064.0</ele></trkpt>
   <trkpt lat="46.239425" lon="11.856110"><ele>2061.1</ele></trkpt>
   <trkpt lat="46.239351" lon="11.856195"><ele>2053.9</ele></trkpt>
   <trkpt lat="46.239277" lon="11.856287"><ele>2049.4</ele></trkpt>
   <trkpt lat="46.239240" lon="11.856409"><ele>2047.0</ele></trkpt>
   <trkpt lat="46.239183" lon="11.856518"><ele>2044.2</ele></trkpt>
   <trkpt lat="46.239138" lon="11.856647"><ele>2041.4</ele></trkpt>
   <trkpt lat="46.239036" lon="11.856701"><ele>2036.0</ele></trkpt>
   <trkpt lat="46.238937" lon="11.856762"><ele>2031.0</ele></trkpt>
   <trkpt lat="46.238890" lon="11.856916"><ele>2027.5</ele></trkpt>
   <trkpt lat="46.238926" lon="11.857064"><ele>2023.8</ele></trkpt>
   <trkpt lat="46.238958" lon="11.857250"><ele>2020.8</ele></trkpt>
   <trkpt lat="46.238974" lon="11.857383"><ele>2018.5</ele></trkpt>
   <trkpt lat="46.238983" lon="11.857531"><ele>2016.5</ele></trkpt>
   <trkpt lat="46.238959" lon="11.857659"><ele>2015.0</ele></trkpt>
   <trkpt lat="46.238932" lon="11.857796"><ele>2012.8</ele></trkpt>
   <trkpt lat="46.238885" lon="11.857916"><ele>2005.2</ele></trkpt>
   <trkpt lat="46.238836" lon="11.858056"><ele>2002.6</ele></trkpt>
   <trkpt lat="46.238806" lon="11.858219"><ele>1999.8</ele></trkpt>
   <trkpt lat="46.238768" lon="11.858346"><ele>1997.0</ele></trkpt>
   <trkpt lat="46.238770" lon="11.858516"><ele>1994.5</ele></trkpt>
   <trkpt lat="46.238784" lon="11.858663"><ele>1992.0</ele></trkpt>
   <trkpt lat="46.238746" lon="11.858797"><ele>1988.1</ele></trkpt>
   <trkpt lat="46.238667" lon="11.858894"><ele>1985.0</ele></trkpt>
   <trkpt lat="46.238586" lon="11.858962"><ele>1979.6</ele></trkpt>
   <trkpt lat="46.238494" lon="11.858924"><ele>1975.6</ele></trkpt>
   <trkpt lat="46.238444" lon="11.859040"><ele>1974.6</ele></trkpt>
   <trkpt lat="46.238380" lon="11.859141"><ele>1973.6</ele></trkpt>
   <trkpt lat="46.238301" lon="11.859245"><ele>1972.0</ele></trkpt>
   <trkpt lat="46.238207" lon="11.859319"><ele>1970.4</ele></trkpt>
   <trkpt lat="46.238118" lon="11.859356"><ele>1968.8</ele></trkpt>
   <trkpt lat="46.238013" lon="11.859360"><ele>1967.6</ele></trkpt>
   <trkpt lat="46.237913" lon="11.859399"><ele>1965.8</ele></trkpt>
   <trkpt lat="46.237827" lon="11.859355"><ele>1964.4</ele></trkpt>
   <trkpt lat="46.237709" lon="11.859351"><ele>1963.3</ele></trkpt>
   <trkpt lat="46.237613" lon="11.859385"><ele>1961.9</ele></trkpt>
   <trkpt lat="46.237516" lon="11.859402"><ele>1959.8</ele></trkpt>
   <trkpt lat="46.237420" lon="11.859438"><ele>1957.7</ele></trkpt>
   <trkpt lat="46.237505" lon="11.859327"><ele>1952.2</ele></trkpt>
   <trkpt lat="46.237600" lon="11.859222"><ele>1948.6</ele></trkpt>
   <trkpt lat="46.237493" lon="11.859202"><ele>1941.5</ele></trkpt>
   <trkpt lat="46.237380" lon="11.859222"><ele>1939.4</ele></trkpt>
   <trkpt lat="46.237283" lon="11.859230"><ele>1937.4</ele></trkpt>
   <trkpt lat="46.237175" lon="11.859223"><ele>1935.6</ele></trkpt>
   <trkpt lat="46.237274" lon="11.859138"><ele>1932.6</ele></trkpt>
   <trkpt lat="46.237352" lon="11.859029"><ele>1930.8</ele></trkpt>
   <trkpt lat="46.237423" lon="11.858927"><ele>1929.0</ele></trkpt>
   <trkpt lat="46.237475" lon="11.858809"><ele>1926.6</ele></trkpt>
   <trkpt lat="46.237539" lon="11.858696"><ele>1923.0</ele></trkpt>
   <trkpt lat="46.237570" lon="11.858581"><ele>1919.4</ele></trkpt>
   <trkpt lat="46.237560" lon="11.858550"><ele>1918.8</ele></trkpt>
   <trkpt lat="46.237554" lon="11.858524"><ele>1918.2</ele></trkpt>
   <trkpt lat="46.237542" lon="11.858498"><ele>1917.7</ele></trkpt>
   <trkpt lat="46.237536" lon="11.858463"><ele>1917.1</ele></trkpt>
   <trkpt lat="46.237549" lon="11.858428"><ele>1916.5</ele></trkpt>
   <trkpt lat="46.237561" lon="11.858397"><ele>1915.9</ele></trkpt>
   <trkpt lat="46.237574" lon="11.858366"><ele>1915.3</ele></trkpt>
   <trkpt lat="46.237590" lon="11.858336"><ele>1914.7</ele></trkpt>
   <trkpt lat="46.237608" lon="11.858305"><ele>1914.2</ele></trkpt>
   <trkpt lat="46.237628" lon="11.858275"><ele>1913.6</ele></trkpt>
   <trkpt lat="46.237646" lon="11.858241"><ele>1913.1</ele></trkpt>
   <trkpt lat="46.237645" lon="11.858198"><ele>1912.1</ele></trkpt>
   <trkpt lat="46.237632" lon="11.858179"><ele>1911.6</ele></trkpt>
   <trkpt lat="46.237618" lon="11.858161"><ele>1911.0</ele></trkpt>
   <trkpt lat="46.237605" lon="11.858137"><ele>1910.5</ele></trkpt>
   <trkpt lat="46.237562" lon="11.858019"><ele>1908.5</ele></trkpt>
   <trkpt lat="46.237491" lon="11.857933"><ele>1906.5</ele></trkpt>
   <trkpt lat="46.237422" lon="11.857811"><ele>1904.5</ele></trkpt>
   <trkpt lat="46.237401" lon="11.857656"><ele>1902.5</ele></trkpt>
   <trkpt lat="46.237468" lon="11.857558"><ele>1900.5</ele></trkpt>
   <trkpt lat="46.237532" lon="11.857462"><ele>1898.2</ele></trkpt>
   <trkpt lat="46.237526" lon="11.857309"><ele>1895.8</ele></trkpt>
   <trkpt lat="46.237489" lon="11.857163"><ele>1893.3</ele></trkpt>
   <trkpt lat="46.237431" lon="11.857059"><ele>1890.3</ele></trkpt>
   <trkpt lat="46.237363" lon="11.857153"><ele>1884.2</ele></trkpt>
   <trkpt lat="46.237279" lon="11.857214"><ele>1878.5</ele></trkpt>
   <trkpt lat="46.237286" lon="11.857347"><ele>1872.5</ele></trkpt>
   <trkpt lat="46.237230" lon="11.857457"><ele>1870.0</ele></trkpt>
   <trkpt lat="46.237184" lon="11.857577"><ele>1866.5</ele></trkpt>
   <trkpt lat="46.237222" lon="11.857446"><ele>1863.0</ele></trkpt>
   <trkpt lat="46.237170" lon="11.857322"><ele>1858.1</ele></trkpt>
   <trkpt lat="46.237082" lon="11.857361"><ele>1850.8</ele></trkpt>
   <trkpt lat="46.237003" lon="11.857283"><ele>1846.6</ele></trkpt>
   <trkpt lat="46.236996" lon="11.857151"><ele>1844.0</ele></trkpt>
   <trkpt lat="46.237036" lon="11.857027"><ele>1841.5</ele></trkpt>
   <trkpt lat="46.236959" lon="11.857143"><ele>1836.5</ele></trkpt>
   <trkpt lat="46.236909" lon="11.857261"><ele>1834.8</ele></trkpt>
   <trkpt lat="46.236892" lon="11.857393"><ele>1832.4</ele></trkpt>
   <trkpt lat="46.236848" lon="11.857526"><ele>1829.6</ele></trkpt>
   <trkpt lat="46.236825" lon="11.857689"><ele>1825.5</ele></trkpt>
   <trkpt lat="46.236829" lon="11.857839"><ele>1823.0</ele></trkpt>
   <trkpt lat="46.236817" lon="11.857986"><ele>1820.0</ele></trkpt>
   <trkpt lat="46.236725" lon="11.857960"><ele>1815.0</ele></trkpt>
   <trkpt lat="46.236626" lon="11.857992"><ele>1810.5</ele></trkpt>
   <trkpt lat="46.236537" lon="11.858046"><ele>1808.0</ele></trkpt>
   <trkpt lat="46.236442" lon="11.858016"><ele>1804.8</ele></trkpt>
   <trkpt lat="46.236486" lon="11.858132"><ele>1799.1</ele></trkpt>
   <trkpt lat="46.236557" lon="11.858216"><ele>1796.3</ele></trkpt>
   <trkpt lat="46.236506" lon="11.858334"><ele>1793.6</ele></trkpt>
   <trkpt lat="46.236426" lon="11.858394"><ele>1790.2</ele></trkpt>
   <trkpt lat="46.236325" lon="11.858363"><ele>1787.7</ele></trkpt>
   <trkpt lat="46.236361" lon="11.858488"><ele>1781.4</ele></trkpt>
   <trkpt lat="46.236299" lon="11.858601"><ele>1777.6</ele></trkpt>
   <trkpt lat="46.236197" lon="11.858662"><ele>1773.0</ele></trkpt>
   <trkpt lat="46.236100" lon="11.858618"><ele>1770.2</ele></trkpt>
   <trkpt lat="46.236031" lon="11.858508"><ele>1767.8</ele></trkpt>
   <trkpt lat="46.235925" lon="11.858498"><ele>1764.8</ele></trkpt>
   <trkpt lat="46.235883" lon="11.858631"><ele>1761.2</ele></trkpt>
   <trkpt lat="46.235916" lon="11.858759"><ele>1758.0</ele></trkpt>
   <trkpt lat="46.235980" lon="11.858858"><ele>1756.1</ele></trkpt>
   <trkpt lat="46.236073" lon="11.858897"><ele>1753.6</ele></trkpt>
   <trkpt lat="46.236160" lon="11.858970"><ele>1751.5</ele></trkpt>
   <trkpt lat="46.236210" lon="11.859095"><ele>1749.5</ele></trkpt>
   <trkpt lat="46.236246" lon="11.859251"><ele>1747.5</ele></trkpt>
   <trkpt lat="46.236138" lon="11.859243"><ele>1744.3</ele></trkpt>
   <trkpt lat="46.236035" lon="11.859195"><ele>1740.7</ele></trkpt>
   <trkpt lat="46.235997" lon="11.859316"><ele>1737.6</ele></trkpt>
   <trkpt lat="46.235919" lon="11.859392"><ele>1736.0</ele></trkpt>
   <trkpt lat="46.235827" lon="11.859406"><ele>1729.8</ele></trkpt>
   <trkpt lat="46.235750" lon="11.859315"><ele>1728.0</ele></trkpt>
   <trkpt lat="46.235655" lon="11.859272"><ele>1726.2</ele></trkpt>
   <trkpt lat="46.235570" lon="11.859173"><ele>1723.8</ele></trkpt>
   <trkpt lat="46.235520" lon="11.859055"><ele>1720.6</ele></trkpt>
   <trkpt lat="46.235506" lon="11.859033"><ele>1719.9</ele></trkpt>
   <trkpt lat="46.235492" lon="11.859009"><ele>1719.2</ele></trkpt>
   <trkpt lat="46.235483" lon="11.858986"><ele>1718.5</ele></trkpt>
   <trkpt lat="46.235475" lon="11.858958"><ele>1717.8</ele></trkpt>
   <trkpt lat="46.235466" lon="11.858928"><ele>1717.1</ele></trkpt>
   <trkpt lat="46.235458" lon="11.858896"><ele>1716.5</ele></trkpt>
   <trkpt lat="46.235447" lon="11.858864"><ele>1715.8</ele></trkpt>
   <trkpt lat="46.235434" lon="11.858836"><ele>1715.1</ele></trkpt>
   <trkpt lat="46.235423" lon="11.858811"><ele>1714.5</ele></trkpt>
   <trkpt lat="46.235415" lon="11.858785"><ele>1713.8</ele></trkpt>
   <trkpt lat="46.235413" lon="11.858754"><ele>1713.2</ele></trkpt>
   <trkpt lat="46.235411" lon="11.858723"><ele>1712.6</ele></trkpt>
   <trkpt lat="46.235407" lon="11.858691"><ele>1712.0</ele></trkpt>
   <trkpt lat="46.235402" lon="11.858665"><ele>1711.4</ele></trkpt>
   <trkpt lat="46.235384" lon="11.858637"><ele>1710.2</ele></trkpt>
   <trkpt lat="46.235371" lon="11.858658"><ele>1709.0</ele></trkpt>
   <trkpt lat="46.235365" lon="11.858698"><ele>1708.0</ele></trkpt>
   <trkpt lat="46.235343" lon="11.858730"><ele>1707.0</ele></trkpt>
   <trkpt lat="46.235327" lon="11.858747"><ele>1706.5</ele></trkpt>
   <trkpt lat="46.235312" lon="11.858763"><ele>1706.0</ele></trkpt>
   <trkpt lat="46.235301" lon="11.858785"><ele>1705.5</ele></trkpt>
   <trkpt lat="46.235300" lon="11.858814"><ele>1705.0</ele></trkpt>
   <trkpt lat="46.235300" lon="11.858846"><ele>1704.5</ele></trkpt>
   <trkpt lat="46.235289" lon="11.858869"><ele>1704.0</ele></trkpt>
   <trkpt lat="46.235275" lon="11.858890"><ele>1703.6</ele></trkpt>
   <trkpt lat="46.235261" lon="11.858915"><ele>1703.2</ele></trkpt>
   <trkpt lat="46.235244" lon="11.859038"><ele>1701.2</ele></trkpt>
   <trkpt lat="46.235269" lon="11.859056"><ele>1700.8</ele></trkpt>
   <trkpt lat="46.235295" lon="11.859076"><ele>1700.4</ele></trkpt>
   <trkpt lat="46.235319" lon="11.859090"><ele>1700.0</ele></trkpt>
   <trkpt lat="46.235344" lon="11.859093"><ele>1699.5</ele></trkpt>
   <trkpt lat="46.235366" lon="11.859100"><ele>1699.0</ele></trkpt>
   <trkpt lat="46.235384" lon="11.859118"><ele>1698.5</ele></trkpt>
   <trkpt lat="46.235333" lon="11.859265"><ele>1696.5</ele></trkpt>
   <trkpt lat="46.235307" lon="11.859292"><ele>1696.0</ele></trkpt>
   <trkpt lat="46.235278" lon="11.859308"><ele>1695.5</ele></trkpt>
   <trkpt lat="46.235249" lon="11.859314"><ele>1695.0</ele></trkpt>
   <trkpt lat="46.235222" lon="11.859317"><ele>1694.3</ele></trkpt>
   <trkpt lat="46.235140" lon="11.859421"><ele>1691.1</ele></trkpt>
   <trkpt lat="46.235116" lon="11.859434"><ele>1690.3</ele></trkpt>
   <trkpt lat="46.235091" lon="11.859440"><ele>1689.5</ele></trkpt>
   <trkpt lat="46.235064" lon="11.859447"><ele>1688.7</ele></trkpt>
   <trkpt lat="46.235034" lon="11.859448"><ele>1687.9</ele></trkpt>
   <trkpt lat="46.235006" lon="11.859441"><ele>1687.1</ele></trkpt>
   <trkpt lat="46.234976" lon="11.859436"><ele>1686.6</ele></trkpt>
   <trkpt lat="46.234946" lon="11.859433"><ele>1686.2</ele></trkpt>
   <trkpt lat="46.234917" lon="11.859431"><ele>1685.8</ele></trkpt>
   <trkpt lat="46.234885" lon="11.859432"><ele>1685.4</ele></trkpt>
   <trkpt lat="46.234854" lon="11.859431"><ele>1685.0</ele></trkpt>
   <trkpt lat="46.234824" lon="11.859425"><ele>1684.6</ele></trkpt>
   <trkpt lat="46.234793" lon="11.859423"><ele>1684.2</ele></trkpt>
   <trkpt lat="46.234763" lon="11.859420"><ele>1683.8</ele></trkpt>
   <trkpt lat="46.234736" lon="11.859407"><ele>1683.4</ele></trkpt>
   <trkpt lat="46.234707" lon="11.859392"><ele>1683.0</ele></trkpt>
   <trkpt lat="46.234680" lon="11.859394"><ele>1682.6</ele></trkpt>
   <trkpt lat="46.234658" lon="11.859414"><ele>1682.2</ele></trkpt>
   <trkpt lat="46.234650" lon="11.859442"><ele>1681.8</ele></trkpt>
   <trkpt lat="46.234656" lon="11.859471"><ele>1681.4</ele></trkpt>
   <trkpt lat="46.234678" lon="11.859494"><ele>1681.0</ele></trkpt>
   <trkpt lat="46.234709" lon="11.859510"><ele>1680.6</ele></trkpt>
   <trkpt lat="46.234733" lon="11.859538"><ele>1680.2</ele></trkpt>
   <trkpt lat="46.234747" lon="11.859572"><ele>1679.8</ele></trkpt>
   <trkpt lat="46.234754" lon="11.859614"><ele>1679.4</ele></trkpt>
   <trkpt lat="46.234761" lon="11.859654"><ele>1679.0</ele></trkpt>
   <trkpt lat="46.234766" lon="11.859691"><ele>1678.7</ele></trkpt>
   <trkpt lat="46.234773" lon="11.859733"><ele>1678.4</ele></trkpt>
   <trkpt lat="46.234817" lon="11.859839"><ele>1677.5</ele></trkpt>
   <trkpt lat="46.234846" lon="11.859962"><ele>1676.7</ele></trkpt>
   <trkpt lat="46.234906" lon="11.860062"><ele>1675.7</ele></trkpt>
   <trkpt lat="46.234968" lon="11.860164"><ele>1674.5</ele></trkpt>
   <trkpt lat="46.234977" lon="11.860210"><ele>1674.1</ele></trkpt>
   <trkpt lat="46.235010" lon="11.860364"><ele>1672.4</ele></trkpt>
   <trkpt lat="46.234921" lon="11.860454"><ele>1670.2</ele></trkpt>
   <trkpt lat="46.234878" lon="11.860512"><ele>1669.0</ele></trkpt>
   <trkpt lat="46.234826" lon="11.860622"><ele>1667.2</ele></trkpt>
   <trkpt lat="46.234807" lon="11.860651"><ele>1666.6</ele></trkpt>
   <trkpt lat="46.234786" lon="11.860665"><ele>1666.0</ele></trkpt>
   <trkpt lat="46.234770" lon="11.860684"><ele>1665.5</ele></trkpt>
   <trkpt lat="46.234754" lon="11.860711"><ele>1665.0</ele></trkpt>
   <trkpt lat="46.234736" lon="11.860740"><ele>1664.5</ele></trkpt>
   <trkpt lat="46.234650" lon="11.860843"><ele>1662.5</ele></trkpt>
   <trkpt lat="46.234601" lon="11.860970"><ele>1660.6</ele></trkpt>
   <trkpt lat="46.234549" lon="11.861101"><ele>1659.0</ele></trkpt>
   <trkpt lat="46.234547" lon="11.861231"><ele>1657.4</ele></trkpt>
   <trkpt lat="46.234499" lon="11.861348"><ele>1655.8</ele></trkpt>
   <trkpt lat="46.234446" lon="11.861479"><ele>1654.0</ele></trkpt>
   <trkpt lat="46.234378" lon="11.861590"><ele>1651.6</ele></trkpt>
   <trkpt lat="46.234322" lon="11.861703"><ele>1649.5</ele></trkpt>
   <trkpt lat="46.234275" lon="11.861849"><ele>1647.0</ele></trkpt>
   <trkpt lat="46.234171" lon="11.861927"><ele>1645.0</ele></trkpt>
   <trkpt lat="46.234076" lon="11.861963"><ele>1643.0</ele></trkpt>
   <trkpt lat="46.233986" lon="11.861949"><ele>1641.5</ele></trkpt>
   <trkpt lat="46.233887" lon="11.862018"><ele>1638.9</ele></trkpt>
   <trkpt lat="46.233802" lon="11.862059"><ele>1636.1</ele></trkpt>
   <trkpt lat="46.233727" lon="11.862189"><ele>1633.3</ele></trkpt>
   <trkpt lat="46.233636" lon="11.862188"><ele>1631.2</ele></trkpt>
   <trkpt lat="46.233551" lon="11.862254"><ele>1628.4</ele></trkpt>
   <trkpt lat="46.233461" lon="11.862321"><ele>1625.8</ele></trkpt>
   <trkpt lat="46.233458" lon="11.862363"><ele>1624.6</ele></trkpt>
   <trkpt lat="46.233379" lon="11.862411"><ele>1622.8</ele></trkpt>
   <trkpt lat="46.233284" lon="11.862433"><ele>1621.0</ele></trkpt>
   <trkpt lat="46.233211" lon="11.862514"><ele>1618.2</ele></trkpt>
   <trkpt lat="46.233099" lon="11.862539"><ele>1615.4</ele></trkpt>
   <trkpt lat="46.233008" lon="11.862568"><ele>1612.6</ele></trkpt>
   <trkpt lat="46.232954" lon="11.862672"><ele>1609.8</ele></trkpt>
   <trkpt lat="46.232856" lon="11.862745"><ele>1607.0</ele></trkpt>
   <trkpt lat="46.232770" lon="11.862802"><ele>1604.6</ele></trkpt>
   <trkpt lat="46.232694" lon="11.862896"><ele>1602.2</ele></trkpt>
   <trkpt lat="46.232612" lon="11.862960"><ele>1600.4</ele></trkpt>
   <trkpt lat="46.232522" lon="11.863040"><ele>1598.0</ele></trkpt>
   <trkpt lat="46.232450" lon="11.863117"><ele>1595.6</ele></trkpt>
   <trkpt lat="46.232342" lon="11.863115"><ele>1593.5</ele></trkpt>
   <trkpt lat="46.232316" lon="11.863137"><ele>1593.0</ele></trkpt>
   <trkpt lat="46.232296" lon="11.863155"><ele>1592.6</ele></trkpt>
   <trkpt lat="46.232280" lon="11.863176"><ele>1592.1</ele></trkpt>
   <trkpt lat="46.232240" lon="11.863294"><ele>1590.1</ele></trkpt>
   <trkpt lat="46.232204" lon="11.863416"><ele>1588.8</ele></trkpt>
   <trkpt lat="46.232130" lon="11.863519"><ele>1587.3</ele></trkpt>
   <trkpt lat="46.232040" lon="11.863543"><ele>1586.2</ele></trkpt>
   <trkpt lat="46.231928" lon="11.863563"><ele>1584.7</ele></trkpt>
   <trkpt lat="46.231835" lon="11.863535"><ele>1583.1</ele></trkpt>
   <trkpt lat="46.231736" lon="11.863528"><ele>1581.1</ele></trkpt>
   <trkpt lat="46.231637" lon="11.863519"><ele>1578.0</ele></trkpt>
   <trkpt lat="46.231547" lon="11.863554"><ele>1576.4</ele></trkpt>
   <trkpt lat="46.231468" lon="11.863660"><ele>1574.9</ele></trkpt>
   <trkpt lat="46.231391" lon="11.863727"><ele>1572.3</ele></trkpt>
   <trkpt lat="46.231320" lon="11.863766"><ele>1569.3</ele></trkpt>
   <trkpt lat="46.231232" lon="11.863802"><ele>1565.6</ele></trkpt>
   <trkpt lat="46.231133" lon="11.863789"><ele>1562.0</ele></trkpt>
   <trkpt lat="46.231061" lon="11.863682"><ele>1560.4</ele></trkpt>
   <trkpt lat="46.230958" lon="11.863677"><ele>1555.5</ele></trkpt>
   <trkpt lat="46.230869" lon="11.863592"><ele>1553.5</ele></trkpt>
   <trkpt lat="46.230773" lon="11.863561"><ele>1550.2</ele></trkpt>
   <trkpt lat="46.230658" lon="11.863580"><ele>1547.4</ele></trkpt>
   <trkpt lat="46.230561" lon="11.863568"><ele>1545.6</ele></trkpt>
   <trkpt lat="46.230480" lon="11.863691"><ele>1543.7</ele></trkpt>
   <trkpt lat="46.230417" lon="11.863789"><ele>1542.1</ele></trkpt>
   <trkpt lat="46.230332" lon="11.863880"><ele>1539.1</ele></trkpt>
   <trkpt lat="46.230212" lon="11.863849"><ele>1536.6</ele></trkpt>
   <trkpt lat="46.230128" lon="11.863906"><ele>1534.0</ele></trkpt>
   <trkpt lat="46.230072" lon="11.864033"><ele>1532.8</ele></trkpt>
   <trkpt lat="46.230025" lon="11.864146"><ele>1530.8</ele></trkpt>
   <trkpt lat="46.229985" lon="11.864310"><ele>1529.2</ele></trkpt>
   <trkpt lat="46.229883" lon="11.864347"><ele>1528.4</ele></trkpt>
   <trkpt lat="46.229780" lon="11.864341"><ele>1526.8</ele></trkpt>
   <trkpt lat="46.229700" lon="11.864275"><ele>1525.6</ele></trkpt>
   <trkpt lat="46.229653" lon="11.864161"><ele>1523.2</ele></trkpt>
   <trkpt lat="46.229554" lon="11.864126"><ele>1519.2</ele></trkpt>
   <trkpt lat="46.229451" lon="11.864116"><ele>1515.7</ele></trkpt>
   <trkpt lat="46.229418" lon="11.864238"><ele>1512.6</ele></trkpt>
   <trkpt lat="46.229426" lon="11.864397"><ele>1510.1</ele></trkpt>
   <trkpt lat="46.229406" lon="11.864531"><ele>1508.5</ele></trkpt>
   <trkpt lat="46.229365" lon="11.864707"><ele>1506.9</ele></trkpt>
   <trkpt lat="46.229280" lon="11.864821"><ele>1505.5</ele></trkpt>
   <trkpt lat="46.229232" lon="11.864971"><ele>1503.5</ele></trkpt>
   <trkpt lat="46.229140" lon="11.864989"><ele>1501.5</ele></trkpt>
   <trkpt lat="46.229024" lon="11.865058"><ele>1498.6</ele></trkpt>
   <trkpt lat="46.228936" lon="11.865152"><ele>1496.2</ele></trkpt>
   <trkpt lat="46.228857" lon="11.865248"><ele>1493.8</ele></trkpt>
   <trkpt lat="46.228748" lon="11.865284"><ele>1491.4</ele></trkpt>
   <trkpt lat="46.228678" lon="11.865384"><ele>1488.2</ele></trkpt>
   <trkpt lat="46.228570" lon="11.865434"><ele>1485.0</ele></trkpt>
   <trkpt lat="46.228484" lon="11.865346"><ele>1482.6</ele></trkpt>
   <trkpt lat="46.228395" lon="11.865270"><ele>1479.8</ele></trkpt>
   <trkpt lat="46.228291" lon="11.865294"><ele>1476.2</ele></trkpt>
   <trkpt lat="46.228188" lon="11.865322"><ele>1473.6</ele></trkpt>
   <trkpt lat="46.228079" lon="11.865292"><ele>1471.0</ele></trkpt>
   <trkpt lat="46.227983" lon="11.865252"><ele>1468.3</ele></trkpt>
   <trkpt lat="46.227886" lon="11.865274"><ele>1465.7</ele></trkpt>
   <trkpt lat="46.227813" lon="11.865372"><ele>1463.2</ele></trkpt>
   <trkpt lat="46.227709" lon="11.865442"><ele>1461.0</ele></trkpt>
   <trkpt lat="46.227688" lon="11.865463"><ele>1460.5</ele></trkpt>
   <trkpt lat="46.227597" lon="11.865531"><ele>1458.5</ele></trkpt>
   <trkpt lat="46.227583" lon="11.865565"><ele>1458.0</ele></trkpt>
   <trkpt lat="46.227576" lon="11.865594"><ele>1457.5</ele></trkpt>
   <trkpt lat="46.227581" lon="11.865622"><ele>1457.0</ele></trkpt>
   <trkpt lat="46.227585" lon="11.865655"><ele>1456.6</ele></trkpt>
   <trkpt lat="46.227584" lon="11.865696"><ele>1456.2</ele></trkpt>
   <trkpt lat="46.227585" lon="11.865728"><ele>1455.8</ele></trkpt>
   <trkpt lat="46.227585" lon="11.865760"><ele>1455.4</ele></trkpt>
   <trkpt lat="46.227576" lon="11.865792"><ele>1455.0</ele></trkpt>
   <trkpt lat="46.227560" lon="11.865818"><ele>1454.6</ele></trkpt>
   <trkpt lat="46.227545" lon="11.865848"><ele>1454.2</ele></trkpt>
   <trkpt lat="46.227530" lon="11.865880"><ele>1453.8</ele></trkpt>
   <trkpt lat="46.227513" lon="11.865910"><ele>1453.4</ele></trkpt>
   <trkpt lat="46.227499" lon="11.865946"><ele>1453.0</ele></trkpt>
   <trkpt lat="46.227497" lon="11.865977"><ele>1452.3</ele></trkpt>
   <trkpt lat="46.227505" lon="11.866002"><ele>1451.6</ele></trkpt>
   <trkpt lat="46.227533" lon="11.866004"><ele>1450.3</ele></trkpt>
   <trkpt lat="46.227550" lon="11.865990"><ele>1448.9</ele></trkpt>
   <trkpt lat="46.227534" lon="11.865976"><ele>1447.5</ele></trkpt>
   <trkpt lat="46.227545" lon="11.866051"><ele>1445.4</ele></trkpt>
   <trkpt lat="46.227543" lon="11.866021"><ele>1444.4</ele></trkpt>
   <trkpt lat="46.227549" lon="11.865993"><ele>1443.4</ele></trkpt>
   <trkpt lat="46.227535" lon="11.865968"><ele>1442.8</ele></trkpt>
   <trkpt lat="46.227548" lon="11.865948"><ele>1439.0</ele></trkpt>
   <trkpt lat="46.227580" lon="11.865957"><ele>1437.2</ele></trkpt>
   <trkpt lat="46.227565" lon="11.865940"><ele>1433.9</ele></trkpt>
   <trkpt lat="46.227576" lon="11.865918"><ele>1433.6</ele></trkpt>
   <trkpt lat="46.227603" lon="11.865922"><ele>1433.4</ele></trkpt>
   <trkpt lat="46.227632" lon="11.865948"><ele>1433.2</ele></trkpt>
   <trkpt lat="46.227663" lon="11.865935"><ele>1433.0</ele></trkpt>
   <trkpt lat="46.227708" lon="11.865930"><ele>1433.0</ele></trkpt>
   <trkpt lat="46.227741" lon="11.865935"><ele>1433.0</ele></trkpt>
   <trkpt lat="46.227807" lon="11.865972"><ele>1432.9</ele></trkpt>
   <trkpt lat="46.227822" lon="11.865992"><ele>1432.8</ele></trkpt>
   <trkpt lat="46.227898" lon="11.866070"><ele>1432.4</ele></trkpt>
   <trkpt lat="46.227958" lon="11.866174"><ele>1432.0</ele></trkpt>
   <trkpt lat="46.227975" lon="11.866325"><ele>1432.0</ele></trkpt>
   <trkpt lat="46.227936" lon="11.866477"><ele>1432.0</ele></trkpt>
   <trkpt lat="46.227893" lon="11.866612"><ele>1431.7</ele></trkpt>
   <trkpt lat="46.227876" lon="11.866655"><ele>1431.6</ele></trkpt>
   <trkpt lat="46.227859" lon="11.866696"><ele>1431.5</ele></trkpt>
   <trkpt lat="46.227840" lon="11.866735"><ele>1431.4</ele></trkpt>
   <trkpt lat="46.227821" lon="11.866775"><ele>1431.3</ele></trkpt>
   <trkpt lat="46.227754" lon="11.866904"><ele>1431.0</ele></trkpt>
   <trkpt lat="46.227731" lon="11.866936"><ele>1430.9</ele></trkpt>
   <trkpt lat="46.227710" lon="11.866973"><ele>1430.8</ele></trkpt>
   <trkpt lat="46.227692" lon="11.867015"><ele>1430.7</ele></trkpt>
   <trkpt lat="46.227674" lon="11.867051"><ele>1430.6</ele></trkpt>
   <trkpt lat="46.227653" lon="11.867081"><ele>1430.5</ele></trkpt>
   <trkpt lat="46.227631" lon="11.867110"><ele>1430.4</ele></trkpt>
   <trkpt lat="46.227604" lon="11.867134"><ele>1430.3</ele></trkpt>
   <trkpt lat="46.227580" lon="11.867161"><ele>1430.2</ele></trkpt>
   <trkpt lat="46.227559" lon="11.867197"><ele>1430.1</ele></trkpt>
   <trkpt lat="46.227545" lon="11.867234"><ele>1430.0</ele></trkpt>
   <trkpt lat="46.227534" lon="11.867267"><ele>1429.8</ele></trkpt>
   <trkpt lat="46.227520" lon="11.867306"><ele>1429.6</ele></trkpt>
   <trkpt lat="46.227505" lon="11.867340"><ele>1429.4</ele></trkpt>
   <trkpt lat="46.227489" lon="11.867365"><ele>1429.2</ele></trkpt>
   <trkpt lat="46.227475" lon="11.867388"><ele>1429.0</ele></trkpt>
   <trkpt lat="46.227463" lon="11.867413"><ele>1428.8</ele></trkpt>
   <trkpt lat="46.227452" lon="11.867442"><ele>1428.6</ele></trkpt>
   <trkpt lat="46.227439" lon="11.867471"><ele>1428.4</ele></trkpt>
   <trkpt lat="46.227421" lon="11.867501"><ele>1428.2</ele></trkpt>
   <trkpt lat="46.227404" lon="11.867532"><ele>1428.0</ele></trkpt>
   <trkpt lat="46.227383" lon="11.867558"><ele>1427.8</ele></trkpt>
   <trkpt lat="46.227356" lon="11.867582"><ele>1427.6</ele></trkpt>
   <trkpt lat="46.227327" lon="11.867605"><ele>1427.4</ele></trkpt>
   <trkpt lat="46.227295" lon="11.867633"><ele>1427.2</ele></trkpt>
   <trkpt lat="46.227267" lon="11.867659"><ele>1427.0</ele></trkpt>
   <trkpt lat="46.227243" lon="11.867691"><ele>1426.8</ele></trkpt>
   <trkpt lat="46.227220" lon="11.867724"><ele>1426.6</ele></trkpt>
   <trkpt lat="46.227196" lon="11.867752"><ele>1426.4</ele></trkpt>
   <trkpt lat="46.227177" lon="11.867781"><ele>1426.2</ele></trkpt>
   <trkpt lat="46.227158" lon="11.867818"><ele>1426.0</ele></trkpt>
   <trkpt lat="46.227146" lon="11.867852"><ele>1425.9</ele></trkpt>
   <trkpt lat="46.227137" lon="11.867897"><ele>1425.8</ele></trkpt>
   <trkpt lat="46.227128" lon="11.867940"><ele>1425.7</ele></trkpt>
   <trkpt lat="46.227120" lon="11.867988"><ele>1425.6</ele></trkpt>
   <trkpt lat="46.227081" lon="11.868131"><ele>1425.3</ele></trkpt>
   <trkpt lat="46.227016" lon="11.868246"><ele>1425.0</ele></trkpt>
   <trkpt lat="46.226996" lon="11.868280"><ele>1424.8</ele></trkpt>
   <trkpt lat="46.226982" lon="11.868316"><ele>1424.6</ele></trkpt>
   <trkpt lat="46.226965" lon="11.868346"><ele>1424.4</ele></trkpt>
   <trkpt lat="46.226940" lon="11.868405"><ele>1424.0</ele></trkpt>
   <trkpt lat="46.226925" lon="11.868433"><ele>1423.8</ele></trkpt>
   <trkpt lat="46.226907" lon="11.868456"><ele>1423.6</ele></trkpt>
   <trkpt lat="46.226891" lon="11.868481"><ele>1423.4</ele></trkpt>
   <trkpt lat="46.226861" lon="11.868532"><ele>1423.0</ele></trkpt>
   <trkpt lat="46.226846" lon="11.868553"><ele>1422.8</ele></trkpt>
   <trkpt lat="46.226828" lon="11.868578"><ele>1422.6</ele></trkpt>
   <trkpt lat="46.226815" lon="11.868605"><ele>1422.4</ele></trkpt>
   <trkpt lat="46.226805" lon="11.868641"><ele>1422.2</ele></trkpt>
   <trkpt lat="46.226796" lon="11.868680"><ele>1422.0</ele></trkpt>
   <trkpt lat="46.226787" lon="11.868716"><ele>1421.8</ele></trkpt>
   <trkpt lat="46.226779" lon="11.868793"><ele>1421.4</ele></trkpt>
   <trkpt lat="46.226777" lon="11.868833"><ele>1421.2</ele></trkpt>
   <trkpt lat="46.226770" lon="11.868870"><ele>1421.0</ele></trkpt>
   <trkpt lat="46.226759" lon="11.868906"><ele>1421.0</ele></trkpt>
   <trkpt lat="46.226748" lon="11.868940"><ele>1421.0</ele></trkpt>
   <trkpt lat="46.226740" lon="11.868975"><ele>1421.0</ele></trkpt>
   <trkpt lat="46.226734" lon="11.869009"><ele>1421.0</ele></trkpt>
   <trkpt lat="46.226731" lon="11.869048"><ele>1421.0</ele></trkpt>
   <trkpt lat="46.226739" lon="11.869113"><ele>1421.0</ele></trkpt>
   <trkpt lat="46.226740" lon="11.869182"><ele>1421.0</ele></trkpt>
   <trkpt lat="46.226729" lon="11.869230"><ele>1421.0</ele></trkpt>
   <trkpt lat="46.226680" lon="11.869368"><ele>1421.0</ele></trkpt>
   <trkpt lat="46.226667" lon="11.869401"><ele>1421.0</ele></trkpt>
   <trkpt lat="46.226654" lon="11.869427"><ele>1421.0</ele></trkpt>
   <trkpt lat="46.226638" lon="11.869454"><ele>1421.0</ele></trkpt>
   <trkpt lat="46.226601" lon="11.869508"><ele>1421.0</ele></trkpt>
   <trkpt lat="46.226592" lon="11.869543"><ele>1421.0</ele></trkpt>
   <trkpt lat="46.226578" lon="11.869571"><ele>1421.0</ele></trkpt>
   <trkpt lat="46.226569" lon="11.869596"><ele>1421.0</ele></trkpt>
   <trkpt lat="46.226561" lon="11.869636"><ele>1421.0</ele></trkpt>
   <trkpt lat="46.226570" lon="11.869661"><ele>1420.9</ele></trkpt>
   <trkpt lat="46.226594" lon="11.869679"><ele>1420.7</ele></trkpt>
   <trkpt lat="46.226600" lon="11.869721"><ele>1420.5</ele></trkpt>
   <trkpt lat="46.226599" lon="11.869749"><ele>1420.3</ele></trkpt>
   <trkpt lat="46.226596" lon="11.869785"><ele>1420.1</ele></trkpt>
   <trkpt lat="46.226602" lon="11.869825"><ele>1420.2</ele></trkpt>
   <trkpt lat="46.226615" lon="11.869869"><ele>1420.4</ele></trkpt>
   <trkpt lat="46.226616" lon="11.869898"><ele>1420.5</ele></trkpt>
   <trkpt lat="46.226613" lon="11.869938"><ele>1420.6</ele></trkpt>
   <trkpt lat="46.226610" lon="11.869973"><ele>1420.7</ele></trkpt>
   <trkpt lat="46.226606" lon="11.870010"><ele>1420.8</ele></trkpt>
   <trkpt lat="46.226598" lon="11.870042"><ele>1420.9</ele></trkpt>
   <trkpt lat="46.226593" lon="11.870071"><ele>1421.0</ele></trkpt>
   <trkpt lat="46.226577" lon="11.870103"><ele>1421.0</ele></trkpt>
   <trkpt lat="46.226563" lon="11.870139"><ele>1421.0</ele></trkpt>
   <trkpt lat="46.226540" lon="11.870170"><ele>1421.0</ele></trkpt>
   <trkpt lat="46.226513" lon="11.870195"><ele>1421.0</ele></trkpt>
   <trkpt lat="46.226484" lon="11.870214"><ele>1421.0</ele></trkpt>
   <trkpt lat="46.226454" lon="11.870225"><ele>1421.0</ele></trkpt>
   <trkpt lat="46.226430" lon="11.870235"><ele>1421.0</ele></trkpt>
   <trkpt lat="46.226408" lon="11.870250"><ele>1421.0</ele></trkpt>
   <trkpt lat="46.226393" lon="11.870270"><ele>1421.0</ele></trkpt>
   <trkpt lat="46.226385" lon="11.870295"><ele>1421.0</ele></trkpt>
   <trkpt lat="46.226377" lon="11.870326"><ele>1421.0</ele></trkpt>
   <trkpt lat="46.226363" lon="11.870360"><ele>1421.0</ele></trkpt>
   <trkpt lat="46.226352" lon="11.870392"><ele>1421.0</ele></trkpt>
   <trkpt lat="46.226341" lon="11.870428"><ele>1421.0</ele></trkpt>
   <trkpt lat="46.226319" lon="11.870462"><ele>1421.0</ele></trkpt>
   <trkpt lat="46.226302" lon="11.870486"><ele>1421.0</ele></trkpt>
   <trkpt lat="46.226287" lon="11.870506"><ele>1421.0</ele></trkpt>
   <trkpt lat="46.226268" lon="11.870522"><ele>1421.0</ele></trkpt>
   <trkpt lat="46.226240" lon="11.870548"><ele>1421.0</ele></trkpt>
   <trkpt lat="46.226238" lon="11.870584"><ele>1421.2</ele></trkpt>
   <trkpt lat="46.226237" lon="11.870612"><ele>1421.3</ele></trkpt>
   <trkpt lat="46.226235" lon="11.870640"><ele>1421.4</ele></trkpt>
   <trkpt lat="46.226230" lon="11.870666"><ele>1421.5</ele></trkpt>
   <trkpt lat="46.226220" lon="11.870706"><ele>1421.7</ele></trkpt>
   <trkpt lat="46.226209" lon="11.870763"><ele>1421.9</ele></trkpt>
   <trkpt lat="46.226201" lon="11.870803"><ele>1422.0</ele></trkpt>
   <trkpt lat="46.226192" lon="11.870842"><ele>1422.1</ele></trkpt>
   <trkpt lat="46.226183" lon="11.870887"><ele>1422.2</ele></trkpt>
   <trkpt lat="46.226173" lon="11.870921"><ele>1422.3</ele></trkpt>
   <trkpt lat="46.226166" lon="11.870952"><ele>1422.4</ele></trkpt>
   <trkpt lat="46.226168" lon="11.870982"><ele>1422.5</ele></trkpt>
   <trkpt lat="46.226123" lon="11.871025"><ele>1422.7</ele></trkpt>
   <trkpt lat="46.226101" lon="11.871001"><ele>1423.2</ele></trkpt>
   <trkpt lat="46.226088" lon="11.870978"><ele>1424.3</ele></trkpt>
   <trkpt lat="46.226090" lon="11.871008"><ele>1425.0</ele></trkpt>
   <trkpt lat="46.226082" lon="11.871035"><ele>1425.1</ele></trkpt>
   <trkpt lat="46.226070" lon="11.871067"><ele>1425.2</ele></trkpt>
   <trkpt lat="46.226063" lon="11.871104"><ele>1425.3</ele></trkpt>
   <trkpt lat="46.226056" lon="11.871146"><ele>1425.4</ele></trkpt>
   <trkpt lat="46.226044" lon="11.871197"><ele>1425.5</ele></trkpt>
   <trkpt lat="46.225995" lon="11.871284"><ele>1425.7</ele></trkpt>
   <trkpt lat="46.225964" lon="11.871304"><ele>1425.8</ele></trkpt>
   <trkpt lat="46.225938" lon="11.871324"><ele>1425.9</ele></trkpt>
   <trkpt lat="46.225904" lon="11.871334"><ele>1426.0</ele></trkpt>
   <trkpt lat="46.225874" lon="11.871343"><ele>1425.8</ele></trkpt>
   <trkpt lat="46.225846" lon="11.871354"><ele>1425.6</ele></trkpt>
   <trkpt lat="46.225817" lon="11.871358"><ele>1425.4</ele></trkpt>
   <trkpt lat="46.225783" lon="11.871372"><ele>1425.2</ele></trkpt>
   <trkpt lat="46.225739" lon="11.871386"><ele>1425.0</ele></trkpt>
   <trkpt lat="46.225697" lon="11.871391"><ele>1424.8</ele></trkpt>
   <trkpt lat="46.225664" lon="11.871406"><ele>1424.6</ele></trkpt>
   <trkpt lat="46.225629" lon="11.871417"><ele>1424.4</ele></trkpt>
   <trkpt lat="46.225595" lon="11.871434"><ele>1424.2</ele></trkpt>
   <trkpt lat="46.225563" lon="11.871451"><ele>1424.0</ele></trkpt>
   <trkpt lat="46.225532" lon="11.871472"><ele>1423.8</ele></trkpt>
   <trkpt lat="46.225501" lon="11.871504"><ele>1423.6</ele></trkpt>
   <trkpt lat="46.225472" lon="11.871521"><ele>1423.4</ele></trkpt>
   <trkpt lat="46.225446" lon="11.871545"><ele>1423.2</ele></trkpt>
   <trkpt lat="46.225424" lon="11.871572"><ele>1423.0</ele></trkpt>
   <trkpt lat="46.225402" lon="11.871607"><ele>1422.8</ele></trkpt>
   <trkpt lat="46.225378" lon="11.871639"><ele>1422.6</ele></trkpt>
   <trkpt lat="46.225359" lon="11.871673"><ele>1422.4</ele></trkpt>
   <trkpt lat="46.225339" lon="11.871713"><ele>1422.2</ele></trkpt>
   <trkpt lat="46.225315" lon="11.871749"><ele>1422.1</ele></trkpt>
   <trkpt lat="46.225290" lon="11.871783"><ele>1421.9</ele></trkpt>
   <trkpt lat="46.225264" lon="11.871818"><ele>1421.8</ele></trkpt>
   <trkpt lat="46.225241" lon="11.871859"><ele>1421.7</ele></trkpt>
   <trkpt lat="46.225220" lon="11.871897"><ele>1421.6</ele></trkpt>
   <trkpt lat="46.225200" lon="11.871936"><ele>1421.5</ele></trkpt>
   <trkpt lat="46.225182" lon="11.871980"><ele>1421.4</ele></trkpt>
   <trkpt lat="46.225162" lon="11.872016"><ele>1421.3</ele></trkpt>
   <trkpt lat="46.225139" lon="11.872046"><ele>1421.2</ele></trkpt>
   <trkpt lat="46.225115" lon="11.872076"><ele>1421.1</ele></trkpt>
   <trkpt lat="46.225095" lon="11.872110"><ele>1421.0</ele></trkpt>
   <trkpt lat="46.225073" lon="11.872147"><ele>1420.8</ele></trkpt>
   <trkpt lat="46.225051" lon="11.872185"><ele>1420.6</ele></trkpt>
   <trkpt lat="46.225027" lon="11.872220"><ele>1420.4</ele></trkpt>
   <trkpt lat="46.225000" lon="11.872252"><ele>1420.2</ele></trkpt>
   <trkpt lat="46.224978" lon="11.872291"><ele>1420.0</ele></trkpt>
   <trkpt lat="46.224952" lon="11.872322"><ele>1419.8</ele></trkpt>
   <trkpt lat="46.224924" lon="11.872348"><ele>1419.6</ele></trkpt>
   <trkpt lat="46.224894" lon="11.872380"><ele>1419.4</ele></trkpt>
   <trkpt lat="46.224865" lon="11.872411"><ele>1419.2</ele></trkpt>
   <trkpt lat="46.224836" lon="11.872447"><ele>1419.0</ele></trkpt>
   <trkpt lat="46.224812" lon="11.872472"><ele>1418.7</ele></trkpt>
   <trkpt lat="46.224781" lon="11.872489"><ele>1418.4</ele></trkpt>
   <trkpt lat="46.224746" lon="11.872499"><ele>1418.1</ele></trkpt>
   <trkpt lat="46.224716" lon="11.872512"><ele>1417.8</ele></trkpt>
   <trkpt lat="46.224683" lon="11.872522"><ele>1417.5</ele></trkpt>
   <trkpt lat="46.224653" lon="11.872534"><ele>1417.2</ele></trkpt>
   <trkpt lat="46.224627" lon="11.872550"><ele>1416.9</ele></trkpt>
   <trkpt lat="46.224601" lon="11.872570"><ele>1416.6</ele></trkpt>
   <trkpt lat="46.224576" lon="11.872593"><ele>1416.3</ele></trkpt>
   <trkpt lat="46.224552" lon="11.872622"><ele>1416.0</ele></trkpt>
   <trkpt lat="46.224526" lon="11.872650"><ele>1415.9</ele></trkpt>
   <trkpt lat="46.224504" lon="11.872684"><ele>1415.8</ele></trkpt>
   <trkpt lat="46.224484" lon="11.872714"><ele>1415.7</ele></trkpt>
   <trkpt lat="46.224469" lon="11.872745"><ele>1415.6</ele></trkpt>
   <trkpt lat="46.224459" lon="11.872788"><ele>1415.5</ele></trkpt>
   <trkpt lat="46.224442" lon="11.872824"><ele>1415.4</ele></trkpt>
   <trkpt lat="46.224427" lon="11.872864"><ele>1415.3</ele></trkpt>
   <trkpt lat="46.224414" lon="11.872901"><ele>1415.2</ele></trkpt>
   <trkpt lat="46.224398" lon="11.872936"><ele>1415.1</ele></trkpt>
   <trkpt lat="46.224382" lon="11.872974"><ele>1415.0</ele></trkpt>
   <trkpt lat="46.224369" lon="11.873018"><ele>1414.9</ele></trkpt>
   <trkpt lat="46.224354" lon="11.873057"><ele>1414.8</ele></trkpt>
   <trkpt lat="46.224341" lon="11.873095"><ele>1414.7</ele></trkpt>
   <trkpt lat="46.224322" lon="11.873132"><ele>1414.6</ele></trkpt>
   <trkpt lat="46.224302" lon="11.873169"><ele>1414.5</ele></trkpt>
   <trkpt lat="46.224284" lon="11.873211"><ele>1414.4</ele></trkpt>
   <trkpt lat="46.224267" lon="11.873249"><ele>1414.3</ele></trkpt>
   <trkpt lat="46.224251" lon="11.873283"><ele>1414.2</ele></trkpt>
   <trkpt lat="46.224237" lon="11.873318"><ele>1414.1</ele></trkpt>
   <trkpt lat="46.224220" lon="11.873355"><ele>1414.0</ele></trkpt>
   <trkpt lat="46.224202" lon="11.873395"><ele>1413.7</ele></trkpt>
   <trkpt lat="46.224188" lon="11.873430"><ele>1413.4</ele></trkpt>
   <trkpt lat="46.224172" lon="11.873469"><ele>1413.1</ele></trkpt>
   <trkpt lat="46.224160" lon="11.873508"><ele>1412.8</ele></trkpt>
   <trkpt lat="46.224154" lon="11.873555"><ele>1412.5</ele></trkpt>
   <trkpt lat="46.224146" lon="11.873599"><ele>1412.2</ele></trkpt>
   <trkpt lat="46.224143" lon="11.873643"><ele>1411.9</ele></trkpt>
   <trkpt lat="46.224141" lon="11.873688"><ele>1411.6</ele></trkpt>
   <trkpt lat="46.224134" lon="11.873733"><ele>1411.3</ele></trkpt>
   <trkpt lat="46.224120" lon="11.873777"><ele>1411.0</ele></trkpt>
   <trkpt lat="46.224098" lon="11.873819"><ele>1410.8</ele></trkpt>
   <trkpt lat="46.224080" lon="11.873858"><ele>1410.6</ele></trkpt>
   <trkpt lat="46.224062" lon="11.873896"><ele>1410.4</ele></trkpt>
   <trkpt lat="46.224043" lon="11.873936"><ele>1410.2</ele></trkpt>
   <trkpt lat="46.224024" lon="11.873972"><ele>1410.0</ele></trkpt>
   <trkpt lat="46.224002" lon="11.874007"><ele>1409.8</ele></trkpt>
   <trkpt lat="46.223979" lon="11.874037"><ele>1409.6</ele></trkpt>
   <trkpt lat="46.223961" lon="11.874067"><ele>1409.4</ele></trkpt>
   <trkpt lat="46.223945" lon="11.874104"><ele>1409.2</ele></trkpt>
   <trkpt lat="46.223927" lon="11.874144"><ele>1409.0</ele></trkpt>
   <trkpt lat="46.223911" lon="11.874183"><ele>1408.9</ele></trkpt>
   <trkpt lat="46.223894" lon="11.874218"><ele>1408.8</ele></trkpt>
   <trkpt lat="46.223877" lon="11.874257"><ele>1408.7</ele></trkpt>
   <trkpt lat="46.223856" lon="11.874295"><ele>1408.6</ele></trkpt>
   <trkpt lat="46.223836" lon="11.874332"><ele>1408.5</ele></trkpt>
   <trkpt lat="46.223818" lon="11.874372"><ele>1408.4</ele></trkpt>
   <trkpt lat="46.223796" lon="11.874413"><ele>1408.3</ele></trkpt>
   <trkpt lat="46.223770" lon="11.874450"><ele>1408.2</ele></trkpt>
   <trkpt lat="46.223744" lon="11.874483"><ele>1408.1</ele></trkpt>
   <trkpt lat="46.223717" lon="11.874513"><ele>1408.0</ele></trkpt>
   <trkpt lat="46.223688" lon="11.874537"><ele>1407.8</ele></trkpt>
   <trkpt lat="46.223662" lon="11.874565"><ele>1407.6</ele></trkpt>
   <trkpt lat="46.223633" lon="11.874601"><ele>1407.4</ele></trkpt>
   <trkpt lat="46.223605" lon="11.874634"><ele>1407.2</ele></trkpt>
   <trkpt lat="46.223585" lon="11.874664"><ele>1407.0</ele></trkpt>
   <trkpt lat="46.223566" lon="11.874700"><ele>1406.8</ele></trkpt>
   <trkpt lat="46.223547" lon="11.874736"><ele>1406.6</ele></trkpt>
   <trkpt lat="46.223524" lon="11.874766"><ele>1406.4</ele></trkpt>
   <trkpt lat="46.223501" lon="11.874800"><ele>1406.2</ele></trkpt>
   <trkpt lat="46.223484" lon="11.874830"><ele>1406.0</ele></trkpt>
   <trkpt lat="46.223469" lon="11.874863"><ele>1405.9</ele></trkpt>
   <trkpt lat="46.223457" lon="11.874904"><ele>1405.8</ele></trkpt>
   <trkpt lat="46.223446" lon="11.874949"><ele>1405.7</ele></trkpt>
   <trkpt lat="46.223433" lon="11.874994"><ele>1405.6</ele></trkpt>
   <trkpt lat="46.223425" lon="11.875041"><ele>1405.5</ele></trkpt>
   <trkpt lat="46.223415" lon="11.875087"><ele>1405.4</ele></trkpt>
   <trkpt lat="46.223407" lon="11.875131"><ele>1405.3</ele></trkpt>
   <trkpt lat="46.223398" lon="11.875171"><ele>1405.2</ele></trkpt>
   <trkpt lat="46.223386" lon="11.875211"><ele>1405.1</ele></trkpt>
   <trkpt lat="46.223372" lon="11.875255"><ele>1405.0</ele></trkpt>
   <trkpt lat="46.223356" lon="11.875294"><ele>1404.7</ele></trkpt>
   <trkpt lat="46.223335" lon="11.875328"><ele>1404.4</ele></trkpt>
   <trkpt lat="46.223308" lon="11.875361"><ele>1404.1</ele></trkpt>
   <trkpt lat="46.223283" lon="11.875393"><ele>1403.8</ele></trkpt>
   <trkpt lat="46.223260" lon="11.875426"><ele>1403.5</ele></trkpt>
   <trkpt lat="46.223240" lon="11.875458"><ele>1403.2</ele></trkpt>
   <trkpt lat="46.223220" lon="11.875498"><ele>1402.9</ele></trkpt>
   <trkpt lat="46.223203" lon="11.875538"><ele>1402.6</ele></trkpt>
   <trkpt lat="46.223194" lon="11.875584"><ele>1402.3</ele></trkpt>
   <trkpt lat="46.223183" lon="11.875619"><ele>1402.0</ele></trkpt>
   <trkpt lat="46.223165" lon="11.875650"><ele>1401.8</ele></trkpt>
   <trkpt lat="46.223149" lon="11.875685"><ele>1401.6</ele></trkpt>
   <trkpt lat="46.223129" lon="11.875717"><ele>1401.4</ele></trkpt>
   <trkpt lat="46.223106" lon="11.875749"><ele>1401.2</ele></trkpt>
   <trkpt lat="46.223090" lon="11.875784"><ele>1401.0</ele></trkpt>
   <trkpt lat="46.223073" lon="11.875817"><ele>1400.8</ele></trkpt>
   <trkpt lat="46.223058" lon="11.875855"><ele>1400.6</ele></trkpt>
   <trkpt lat="46.223045" lon="11.875905"><ele>1400.4</ele></trkpt>
   <trkpt lat="46.223034" lon="11.875953"><ele>1400.2</ele></trkpt>
   <trkpt lat="46.223024" lon="11.876000"><ele>1400.0</ele></trkpt>
   <trkpt lat="46.223016" lon="11.876043"><ele>1399.8</ele></trkpt>
   <trkpt lat="46.223005" lon="11.876082"><ele>1399.6</ele></trkpt>
   <trkpt lat="46.222995" lon="11.876119"><ele>1399.4</ele></trkpt>
   <trkpt lat="46.222986" lon="11.876154"><ele>1399.2</ele></trkpt>
   <trkpt lat="46.222973" lon="11.876188"><ele>1399.0</ele></trkpt>
   <trkpt lat="46.222967" lon="11.876223"><ele>1398.8</ele></trkpt>
   <trkpt lat="46.222967" lon="11.876269"><ele>1398.6</ele></trkpt>
   <trkpt lat="46.222967" lon="11.876315"><ele>1398.4</ele></trkpt>
   <trkpt lat="46.222959" lon="11.876352"><ele>1398.2</ele></trkpt>
   <trkpt lat="46.222949" lon="11.876392"><ele>1398.0</ele></trkpt>
   <trkpt lat="46.222946" lon="11.876439"><ele>1397.6</ele></trkpt>
   <trkpt lat="46.222942" lon="11.876484"><ele>1397.2</ele></trkpt>
   <trkpt lat="46.222926" lon="11.876528"><ele>1396.8</ele></trkpt>
   <trkpt lat="46.222882" lon="11.876587"><ele>1396.0</ele></trkpt>
   <trkpt lat="46.222855" lon="11.876616"><ele>1395.7</ele></trkpt>
   <trkpt lat="46.222830" lon="11.876645"><ele>1395.3</ele></trkpt>
   <trkpt lat="46.222801" lon="11.876676"><ele>1394.9</ele></trkpt>
   <trkpt lat="46.222773" lon="11.876704"><ele>1394.5</ele></trkpt>
   <trkpt lat="46.222741" lon="11.876728"><ele>1394.1</ele></trkpt>
   <trkpt lat="46.222706" lon="11.876753"><ele>1393.8</ele></trkpt>
   <trkpt lat="46.222671" lon="11.876774"><ele>1393.6</ele></trkpt>
   <trkpt lat="46.222637" lon="11.876792"><ele>1393.4</ele></trkpt>
   <trkpt lat="46.222606" lon="11.876809"><ele>1393.2</ele></trkpt>
   <trkpt lat="46.222574" lon="11.876828"><ele>1393.0</ele></trkpt>
   <trkpt lat="46.222545" lon="11.876848"><ele>1392.8</ele></trkpt>
   <trkpt lat="46.222520" lon="11.876870"><ele>1392.6</ele></trkpt>
   <trkpt lat="46.222493" lon="11.876896"><ele>1392.4</ele></trkpt>
   <trkpt lat="46.222470" lon="11.876926"><ele>1392.2</ele></trkpt>
   <trkpt lat="46.222451" lon="11.876960"><ele>1392.0</ele></trkpt>
   <trkpt lat="46.222435" lon="11.876994"><ele>1391.9</ele></trkpt>
   <trkpt lat="46.222417" lon="11.877033"><ele>1391.8</ele></trkpt>
   <trkpt lat="46.222402" lon="11.877072"><ele>1391.7</ele></trkpt>
   <trkpt lat="46.222390" lon="11.877106"><ele>1391.6</ele></trkpt>
   <trkpt lat="46.222373" lon="11.877146"><ele>1391.5</ele></trkpt>
   <trkpt lat="46.222351" lon="11.877185"><ele>1391.4</ele></trkpt>
   <trkpt lat="46.222332" lon="11.877223"><ele>1391.3</ele></trkpt>
   <trkpt lat="46.222313" lon="11.877259"><ele>1391.2</ele></trkpt>
   <trkpt lat="46.222291" lon="11.877293"><ele>1391.1</ele></trkpt>
   <trkpt lat="46.222271" lon="11.877328"><ele>1391.0</ele></trkpt>
   <trkpt lat="46.222257" lon="11.877358"><ele>1390.9</ele></trkpt>
   <trkpt lat="46.222241" lon="11.877389"><ele>1390.8</ele></trkpt>
   <trkpt lat="46.222226" lon="11.877420"><ele>1390.7</ele></trkpt>
   <trkpt lat="46.222209" lon="11.877452"><ele>1390.6</ele></trkpt>
   <trkpt lat="46.222186" lon="11.877478"><ele>1390.5</ele></trkpt>
   <trkpt lat="46.222166" lon="11.877513"><ele>1390.4</ele></trkpt>
   <trkpt lat="46.222144" lon="11.877553"><ele>1390.3</ele></trkpt>
   <trkpt lat="46.222129" lon="11.877596"><ele>1390.2</ele></trkpt>
   <trkpt lat="46.222114" lon="11.877642"><ele>1390.1</ele></trkpt>
   <trkpt lat="46.222095" lon="11.877696"><ele>1390.0</ele></trkpt>
   <trkpt lat="46.222070" lon="11.877744"><ele>1389.8</ele></trkpt>
   <trkpt lat="46.222049" lon="11.877788"><ele>1389.6</ele></trkpt>
   <trkpt lat="46.222025" lon="11.877830"><ele>1389.4</ele></trkpt>
   <trkpt lat="46.221995" lon="11.877862"><ele>1389.2</ele></trkpt>
   <trkpt lat="46.221970" lon="11.877890"><ele>1389.0</ele></trkpt>
   <trkpt lat="46.221939" lon="11.877912"><ele>1388.8</ele></trkpt>
   <trkpt lat="46.221907" lon="11.877932"><ele>1388.6</ele></trkpt>
   <trkpt lat="46.221872" lon="11.877955"><ele>1388.4</ele></trkpt>
   <trkpt lat="46.221842" lon="11.877966"><ele>1388.2</ele></trkpt>
   <trkpt lat="46.221816" lon="11.877987"><ele>1388.0</ele></trkpt>
   <trkpt lat="46.221794" lon="11.878020"><ele>1387.6</ele></trkpt>
   <trkpt lat="46.221770" lon="11.878045"><ele>1387.2</ele></trkpt>
   <trkpt lat="46.221741" lon="11.878069"><ele>1386.8</ele></trkpt>
   <trkpt lat="46.221706" lon="11.878080"><ele>1386.4</ele></trkpt>
   <trkpt lat="46.221668" lon="11.878085"><ele>1386.0</ele></trkpt>
   <trkpt lat="46.221630" lon="11.878095"><ele>1385.6</ele></trkpt>
   <trkpt lat="46.221601" lon="11.878109"><ele>1385.2</ele></trkpt>
   <trkpt lat="46.221573" lon="11.878125"><ele>1384.8</ele></trkpt>
   <trkpt lat="46.221543" lon="11.878134"><ele>1384.4</ele></trkpt>
   <trkpt lat="46.221514" lon="11.878150"><ele>1384.0</ele></trkpt>
   <trkpt lat="46.221483" lon="11.878167"><ele>1383.4</ele></trkpt>
   <trkpt lat="46.221445" lon="11.878195"><ele>1382.8</ele></trkpt>
   <trkpt lat="46.221410" lon="11.878212"><ele>1382.2</ele></trkpt>
   <trkpt lat="46.221378" lon="11.878230"><ele>1381.7</ele></trkpt>
   <trkpt lat="46.221348" lon="11.878243"><ele>1381.1</ele></trkpt>
   <trkpt lat="46.221321" lon="11.878254"><ele>1380.5</ele></trkpt>
   <trkpt lat="46.221294" lon="11.878264"><ele>1379.9</ele></trkpt>
   <trkpt lat="46.221266" lon="11.878278"><ele>1379.3</ele></trkpt>
   <trkpt lat="46.221243" lon="11.878298"><ele>1378.7</ele></trkpt>
   <trkpt lat="46.221223" lon="11.878312"><ele>1378.2</ele></trkpt>
   <trkpt lat="46.221200" lon="11.878329"><ele>1377.4</ele></trkpt>
   <trkpt lat="46.221172" lon="11.878342"><ele>1376.6</ele></trkpt>
   <trkpt lat="46.221141" lon="11.878352"><ele>1375.8</ele></trkpt>
   <trkpt lat="46.221108" lon="11.878351"><ele>1375.0</ele></trkpt>
   <trkpt lat="46.221047" lon="11.878361"><ele>1373.3</ele></trkpt>
   <trkpt lat="46.221026" lon="11.878379"><ele>1372.5</ele></trkpt>
   <trkpt lat="46.221006" lon="11.878403"><ele>1371.7</ele></trkpt>
   <trkpt lat="46.220985" lon="11.878423"><ele>1370.9</ele></trkpt>
   <trkpt lat="46.220965" lon="11.878449"><ele>1370.1</ele></trkpt>
   <trkpt lat="46.220943" lon="11.878472"><ele>1369.6</ele></trkpt>
   <trkpt lat="46.220920" lon="11.878496"><ele>1369.2</ele></trkpt>
   <trkpt lat="46.220896" lon="11.878520"><ele>1368.8</ele></trkpt>
   <trkpt lat="46.220858" lon="11.878545"><ele>1368.4</ele></trkpt>
   <trkpt lat="46.220828" lon="11.878580"><ele>1368.0</ele></trkpt>
   <trkpt lat="46.220803" lon="11.878615"><ele>1367.6</ele></trkpt>
   <trkpt lat="46.220780" lon="11.878649"><ele>1367.2</ele></trkpt>
   <trkpt lat="46.220760" lon="11.878693"><ele>1366.8</ele></trkpt>
   <trkpt lat="46.220743" lon="11.878734"><ele>1366.4</ele></trkpt>
   <trkpt lat="46.220723" lon="11.878771"><ele>1366.0</ele></trkpt>
   <trkpt lat="46.220697" lon="11.878803"><ele>1365.8</ele></trkpt>
   <trkpt lat="46.220666" lon="11.878830"><ele>1365.6</ele></trkpt>
   <trkpt lat="46.220644" lon="11.878855"><ele>1365.4</ele></trkpt>
   <trkpt lat="46.220619" lon="11.878881"><ele>1365.2</ele></trkpt>
   <trkpt lat="46.220598" lon="11.878917"><ele>1365.0</ele></trkpt>
   <trkpt lat="46.220582" lon="11.878938"><ele>1364.8</ele></trkpt>
   <trkpt lat="46.220525" lon="11.879052"><ele>1364.0</ele></trkpt>
   <trkpt lat="46.220475" lon="11.879124"><ele>1363.4</ele></trkpt>
   <trkpt lat="46.220454" lon="11.879158"><ele>1363.1</ele></trkpt>
   <trkpt lat="46.220432" lon="11.879195"><ele>1362.8</ele></trkpt>
   <trkpt lat="46.220415" lon="11.879234"><ele>1362.5</ele></trkpt>
   <trkpt lat="46.220406" lon="11.879275"><ele>1362.2</ele></trkpt>
   <trkpt lat="46.220390" lon="11.879318"><ele>1361.9</ele></trkpt>
   <trkpt lat="46.220371" lon="11.879347"><ele>1361.6</ele></trkpt>
   <trkpt lat="46.220351" lon="11.879362"><ele>1361.3</ele></trkpt>
   <trkpt lat="46.220336" lon="11.879385"><ele>1361.0</ele></trkpt>
   <trkpt lat="46.220326" lon="11.879414"><ele>1360.7</ele></trkpt>
   <trkpt lat="46.220319" lon="11.879450"><ele>1360.4</ele></trkpt>
   <trkpt lat="46.220319" lon="11.879494"><ele>1360.1</ele></trkpt>
   <trkpt lat="46.220322" lon="11.879553"><ele>1359.8</ele></trkpt>
   <trkpt lat="46.220320" lon="11.879607"><ele>1359.5</ele></trkpt>
   <trkpt lat="46.220320" lon="11.879657"><ele>1359.2</ele></trkpt>
   <trkpt lat="46.220319" lon="11.879710"><ele>1358.9</ele></trkpt>
   <trkpt lat="46.220323" lon="11.879756"><ele>1358.6</ele></trkpt>
   <trkpt lat="46.220331" lon="11.879795"><ele>1358.3</ele></trkpt>
   <trkpt lat="46.220335" lon="11.879830"><ele>1358.0</ele></trkpt>
   <trkpt lat="46.220346" lon="11.879872"><ele>1357.6</ele></trkpt>
   <trkpt lat="46.220353" lon="11.879921"><ele>1357.2</ele></trkpt>
   <trkpt lat="46.220364" lon="11.879962"><ele>1356.8</ele></trkpt>
   <trkpt lat="46.220374" lon="11.879998"><ele>1356.4</ele></trkpt>
   <trkpt lat="46.220385" lon="11.880026"><ele>1356.0</ele></trkpt>
   <trkpt lat="46.220396" lon="11.880058"><ele>1355.6</ele></trkpt>
   <trkpt lat="46.220411" lon="11.880083"><ele>1355.2</ele></trkpt>
   <trkpt lat="46.220421" lon="11.880115"><ele>1354.8</ele></trkpt>
   <trkpt lat="46.220431" lon="11.880156"><ele>1354.4</ele></trkpt>
   <trkpt lat="46.220444" lon="11.880189"><ele>1354.0</ele></trkpt>
   <trkpt lat="46.220456" lon="11.880225"><ele>1353.6</ele></trkpt>
   <trkpt lat="46.220465" lon="11.880263"><ele>1353.2</ele></trkpt>
   <trkpt lat="46.220474" lon="11.880300"><ele>1352.8</ele></trkpt>
   <trkpt lat="46.220487" lon="11.880344"><ele>1352.4</ele></trkpt>
   <trkpt lat="46.220499" lon="11.880383"><ele>1352.0</ele></trkpt>
   <trkpt lat="46.220515" lon="11.880422"><ele>1351.6</ele></trkpt>
   <trkpt lat="46.220528" lon="11.880461"><ele>1351.2</ele></trkpt>
   <trkpt lat="46.220539" lon="11.880503"><ele>1350.8</ele></trkpt>
   <trkpt lat="46.220547" lon="11.880539"><ele>1350.4</ele></trkpt>
   <trkpt lat="46.220556" lon="11.880578"><ele>1350.0</ele></trkpt>
   <trkpt lat="46.220561" lon="11.880618"><ele>1349.6</ele></trkpt>
   <trkpt lat="46.220569" lon="11.880657"><ele>1349.2</ele></trkpt>
   <trkpt lat="46.220576" lon="11.880700"><ele>1348.8</ele></trkpt>
   <trkpt lat="46.220581" lon="11.880744"><ele>1348.4</ele></trkpt>
   <trkpt lat="46.220584" lon="11.880789"><ele>1348.0</ele></trkpt>
   <trkpt lat="46.220582" lon="11.880843"><ele>1347.6</ele></trkpt>
   <trkpt lat="46.220586" lon="11.880892"><ele>1347.2</ele></trkpt>
   <trkpt lat="46.220592" lon="11.880939"><ele>1346.8</ele></trkpt>
   <trkpt lat="46.220595" lon="11.880988"><ele>1346.4</ele></trkpt>
   <trkpt lat="46.220596" lon="11.881033"><ele>1346.0</ele></trkpt>
   <trkpt lat="46.220601" lon="11.881074"><ele>1345.6</ele></trkpt>
   <trkpt lat="46.220610" lon="11.881120"><ele>1345.2</ele></trkpt>
   <trkpt lat="46.220621" lon="11.881163"><ele>1344.8</ele></trkpt>
   <trkpt lat="46.220646" lon="11.881297"><ele>1343.6</ele></trkpt>
   <trkpt lat="46.220651" lon="11.881343"><ele>1343.2</ele></trkpt>
   <trkpt lat="46.220655" lon="11.881389"><ele>1342.8</ele></trkpt>
   <trkpt lat="46.220661" lon="11.881431"><ele>1342.4</ele></trkpt>
   <trkpt lat="46.220668" lon="11.881471"><ele>1342.0</ele></trkpt>
   <trkpt lat="46.220672" lon="11.881506"><ele>1341.7</ele></trkpt>
   <trkpt lat="46.220682" lon="11.881544"><ele>1341.4</ele></trkpt>
   <trkpt lat="46.220693" lon="11.881577"><ele>1341.1</ele></trkpt>
   <trkpt lat="46.220709" lon="11.881614"><ele>1340.8</ele></trkpt>
   <trkpt lat="46.220727" lon="11.881647"><ele>1340.5</ele></trkpt>
   <trkpt lat="46.220743" lon="11.881678"><ele>1340.2</ele></trkpt>
   <trkpt lat="46.220766" lon="11.881701"><ele>1339.9</ele></trkpt>
   <trkpt lat="46.220787" lon="11.881726"><ele>1339.6</ele></trkpt>
   <trkpt lat="46.220810" lon="11.881739"><ele>1339.3</ele></trkpt>
   <trkpt lat="46.220835" lon="11.881752"><ele>1339.0</ele></trkpt>
   <trkpt lat="46.220862" lon="11.881756"><ele>1338.8</ele></trkpt>
   <trkpt lat="46.220896" lon="11.881762"><ele>1338.6</ele></trkpt>
   <trkpt lat="46.220927" lon="11.881765"><ele>1338.4</ele></trkpt>
   <trkpt lat="46.221028" lon="11.881750"><ele>1337.8</ele></trkpt>
   <trkpt lat="46.221118" lon="11.881770"><ele>1337.2</ele></trkpt>
   <trkpt lat="46.221223" lon="11.881851"><ele>1336.4</ele></trkpt>
   <trkpt lat="46.221304" lon="11.881977"><ele>1335.5</ele></trkpt>
   <trkpt lat="46.221331" lon="11.882093"><ele>1334.9</ele></trkpt>
   <trkpt lat="46.221342" lon="11.882152"><ele>1334.6</ele></trkpt>
   <trkpt lat="46.221348" lon="11.882257"><ele>1334.0</ele></trkpt>
   <trkpt lat="46.221349" lon="11.882306"><ele>1333.8</ele></trkpt>
   <trkpt lat="46.221343" lon="11.882354"><ele>1333.6</ele></trkpt>
   <trkpt lat="46.221341" lon="11.882403"><ele>1333.4</ele></trkpt>
   <trkpt lat="46.221344" lon="11.882448"><ele>1333.2</ele></trkpt>
   <trkpt lat="46.221342" lon="11.882493"><ele>1333.0</ele></trkpt>
   <trkpt lat="46.221341" lon="11.882532"><ele>1332.8</ele></trkpt>
   <trkpt lat="46.221339" lon="11.882573"><ele>1332.6</ele></trkpt>
   <trkpt lat="46.221332" lon="11.882612"><ele>1332.4</ele></trkpt>
   <trkpt lat="46.221322" lon="11.882651"><ele>1332.2</ele></trkpt>
   <trkpt lat="46.221307" lon="11.882688"><ele>1332.0</ele></trkpt>
   <trkpt lat="46.221290" lon="11.882719"><ele>1331.8</ele></trkpt>
   <trkpt lat="46.221265" lon="11.882746"><ele>1331.6</ele></trkpt>
   <trkpt lat="46.221239" lon="11.882769"><ele>1331.4</ele></trkpt>
   <trkpt lat="46.221150" lon="11.882833"><ele>1330.8</ele></trkpt>
   <trkpt lat="46.221128" lon="11.882862"><ele>1330.6</ele></trkpt>
   <trkpt lat="46.221103" lon="11.882890"><ele>1330.4</ele></trkpt>
   <trkpt lat="46.221026" lon="11.882973"><ele>1329.8</ele></trkpt>
   <trkpt lat="46.220951" lon="11.883062"><ele>1329.2</ele></trkpt>
   <trkpt lat="46.220870" lon="11.883150"><ele>1328.6</ele></trkpt>
   <trkpt lat="46.220776" lon="11.883252"><ele>1328.0</ele></trkpt>
   <trkpt lat="46.220693" lon="11.883353"><ele>1327.1</ele></trkpt>
   <trkpt lat="46.220662" lon="11.883511"><ele>1326.2</ele></trkpt>
   <trkpt lat="46.220654" lon="11.883659"><ele>1325.3</ele></trkpt>
   <trkpt lat="46.220662" lon="11.883802"><ele>1324.2</ele></trkpt>
   <trkpt lat="46.220669" lon="11.883884"><ele>1323.4</ele></trkpt>
   <trkpt lat="46.220671" lon="11.883926"><ele>1323.0</ele></trkpt>
   <trkpt lat="46.220682" lon="11.883962"><ele>1322.6</ele></trkpt>
   <trkpt lat="46.220682" lon="11.884004"><ele>1322.2</ele></trkpt>
   <trkpt lat="46.220684" lon="11.884052"><ele>1321.8</ele></trkpt>
   <trkpt lat="46.220683" lon="11.884100"><ele>1321.4</ele></trkpt>
   <trkpt lat="46.220686" lon="11.884142"><ele>1321.0</ele></trkpt>
   <trkpt lat="46.220693" lon="11.884181"><ele>1320.5</ele></trkpt>
   <trkpt lat="46.220698" lon="11.884225"><ele>1320.0</ele></trkpt>
   <trkpt lat="46.220777" lon="11.884321"><ele>1318.5</ele></trkpt>
   <trkpt lat="46.220808" lon="11.884468"><ele>1316.5</ele></trkpt>
   <trkpt lat="46.220822" lon="11.884630"><ele>1314.5</ele></trkpt>
   <trkpt lat="46.220862" lon="11.884781"><ele>1312.6</ele></trkpt>
   <trkpt lat="46.220921" lon="11.884933"><ele>1310.7</ele></trkpt>
   <trkpt lat="46.220992" lon="11.885071"><ele>1309.1</ele></trkpt>
   <trkpt lat="46.221016" lon="11.885153"><ele>1308.3</ele></trkpt>
   <trkpt lat="46.221028" lon="11.885289"><ele>1307.0</ele></trkpt>
   <trkpt lat="46.221024" lon="11.885421"><ele>1305.4</ele></trkpt>
   <trkpt lat="46.221026" lon="11.885449"><ele>1305.0</ele></trkpt>
   <trkpt lat="46.221033" lon="11.885487"><ele>1304.6</ele></trkpt>
   <trkpt lat="46.221094" lon="11.885595"><ele>1302.7</ele></trkpt>
   <trkpt lat="46.221154" lon="11.885721"><ele>1301.8</ele></trkpt>
   <trkpt lat="46.221194" lon="11.885838"><ele>1300.6</ele></trkpt>
   <trkpt lat="46.221246" lon="11.885995"><ele>1299.6</ele></trkpt>
   <trkpt lat="46.221287" lon="11.886111"><ele>1299.0</ele></trkpt>
   <trkpt lat="46.221317" lon="11.886251"><ele>1298.2</ele></trkpt>
   <trkpt lat="46.221345" lon="11.886396"><ele>1297.4</ele></trkpt>
   <trkpt lat="46.221371" lon="11.886535"><ele>1296.6</ele></trkpt>
   <trkpt lat="46.221407" lon="11.886670"><ele>1295.9</ele></trkpt>
   <trkpt lat="46.221446" lon="11.886789"><ele>1295.5</ele></trkpt>
   <trkpt lat="46.221474" lon="11.886943"><ele>1295.0</ele></trkpt>
   <trkpt lat="46.221518" lon="11.887068"><ele>1295.0</ele></trkpt>
   <trkpt lat="46.221561" lon="11.887187"><ele>1295.0</ele></trkpt>
   <trkpt lat="46.221641" lon="11.887298"><ele>1294.6</ele></trkpt>
   <trkpt lat="46.221735" lon="11.887368"><ele>1294.1</ele></trkpt>
   <trkpt lat="46.221819" lon="11.887455"><ele>1294.4</ele></trkpt>
   <trkpt lat="46.221901" lon="11.887514"><ele>1294.8</ele></trkpt>
   <trkpt lat="46.221988" lon="11.887563"><ele>1295.0</ele></trkpt>
   <trkpt lat="46.222089" lon="11.887595"><ele>1295.0</ele></trkpt>
   <trkpt lat="46.222188" lon="11.887641"><ele>1295.0</ele></trkpt>
   <trkpt lat="46.222233" lon="11.887682"><ele>1295.0</ele></trkpt>
   <trkpt lat="46.222308" lon="11.887791"><ele>1295.0</ele></trkpt>
   <trkpt lat="46.222393" lon="11.887841"><ele>1295.1</ele></trkpt>
   <trkpt lat="46.222478" lon="11.887894"><ele>1295.6</ele></trkpt>
   <trkpt lat="46.222562" lon="11.887965"><ele>1296.2</ele></trkpt>
   <trkpt lat="46.222659" lon="11.888008"><ele>1297.4</ele></trkpt>
   <trkpt lat="46.222710" lon="11.888018"><ele>1298.0</ele></trkpt>
   <trkpt lat="46.222744" lon="11.888021"><ele>1298.4</ele></trkpt>
   <trkpt lat="46.222762" lon="11.888020"><ele>1298.6</ele></trkpt>
   <trkpt lat="46.222792" lon="11.888036"><ele>1299.0</ele></trkpt>
   <trkpt lat="46.222824" lon="11.888043"><ele>1299.4</ele></trkpt>
   <trkpt lat="46.222856" lon="11.888061"><ele>1299.8</ele></trkpt>
   <trkpt lat="46.222884" lon="11.888076"><ele>1300.2</ele></trkpt>
   <trkpt lat="46.222919" lon="11.888089"><ele>1300.6</ele></trkpt>
   <trkpt lat="46.222939" lon="11.888089"><ele>1300.8</ele></trkpt>
   <trkpt lat="46.222965" lon="11.888093"><ele>1301.2</ele></trkpt>
   <trkpt lat="46.222980" lon="11.888124"><ele>1301.6</ele></trkpt>
   <trkpt lat="46.222998" lon="11.888158"><ele>1302.0</ele></trkpt>
   <trkpt lat="46.223007" lon="11.888182"><ele>1302.1</ele></trkpt>
   <trkpt lat="46.223015" lon="11.888208"><ele>1302.2</ele></trkpt>
   <trkpt lat="46.223027" lon="11.888232"><ele>1302.3</ele></trkpt>
   <trkpt lat="46.223051" lon="11.888278"><ele>1302.5</ele></trkpt>
   <trkpt lat="46.223128" lon="11.888371"><ele>1303.0</ele></trkpt>
   <trkpt lat="46.223228" lon="11.888408"><ele>1304.8</ele></trkpt>
   <trkpt lat="46.223328" lon="11.888471"><ele>1306.0</ele></trkpt>
   <trkpt lat="46.223366" lon="11.888626"><ele>1306.8</ele></trkpt>
   <trkpt lat="46.223370" lon="11.888767"><ele>1308.2</ele></trkpt>
   <trkpt lat="46.223415" lon="11.888904"><ele>1309.9</ele></trkpt>
   <trkpt lat="46.223446" lon="11.889030"><ele>1311.2</ele></trkpt>
   <trkpt lat="46.223476" lon="11.889175"><ele>1312.7</ele></trkpt>
   <trkpt lat="46.223484" lon="11.889222"><ele>1313.3</ele></trkpt>
   <trkpt lat="46.223496" lon="11.889243"><ele>1313.6</ele></trkpt>
   <trkpt lat="46.223504" lon="11.889267"><ele>1313.9</ele></trkpt>
   <trkpt lat="46.223518" lon="11.889283"><ele>1314.2</ele></trkpt>
   <trkpt lat="46.223538" lon="11.889300"><ele>1314.5</ele></trkpt>
   <trkpt lat="46.223558" lon="11.889322"><ele>1314.8</ele></trkpt>
   <trkpt lat="46.223574" lon="11.889352"><ele>1315.1</ele></trkpt>
   <trkpt lat="46.223580" lon="11.889381"><ele>1315.4</ele></trkpt>
   <trkpt lat="46.223583" lon="11.889409"><ele>1315.7</ele></trkpt>
   <trkpt lat="46.223583" lon="11.889436"><ele>1316.0</ele></trkpt>
   <trkpt lat="46.223590" lon="11.889478"><ele>1316.6</ele></trkpt>
   <trkpt lat="46.223603" lon="11.889520"><ele>1317.2</ele></trkpt>
   <trkpt lat="46.223614" lon="11.889543"><ele>1317.5</ele></trkpt>
   <trkpt lat="46.223626" lon="11.889572"><ele>1317.8</ele></trkpt>
   <trkpt lat="46.223638" lon="11.889600"><ele>1318.1</ele></trkpt>
   <trkpt lat="46.223652" lon="11.889631"><ele>1318.4</ele></trkpt>
   <trkpt lat="46.223665" lon="11.889660"><ele>1318.7</ele></trkpt>
   <trkpt lat="46.223678" lon="11.889684"><ele>1319.0</ele></trkpt>
   <trkpt lat="46.223692" lon="11.889708"><ele>1319.1</ele></trkpt>
   <trkpt lat="46.223706" lon="11.889732"><ele>1319.2</ele></trkpt>
   <trkpt lat="46.223718" lon="11.889756"><ele>1319.3</ele></trkpt>
   <trkpt lat="46.223730" lon="11.889780"><ele>1319.4</ele></trkpt>
   <trkpt lat="46.223744" lon="11.889805"><ele>1319.5</ele></trkpt>
   <trkpt lat="46.223760" lon="11.889830"><ele>1319.6</ele></trkpt>
   <trkpt lat="46.223775" lon="11.889852"><ele>1319.7</ele></trkpt>
   <trkpt lat="46.223792" lon="11.889873"><ele>1319.8</ele></trkpt>
   <trkpt lat="46.223807" lon="11.889896"><ele>1319.9</ele></trkpt>
   <trkpt lat="46.223823" lon="11.889915"><ele>1320.0</ele></trkpt>
   <trkpt lat="46.223842" lon="11.889938"><ele>1320.3</ele></trkpt>
   <trkpt lat="46.223859" lon="11.889963"><ele>1320.6</ele></trkpt>
   <trkpt lat="46.223875" lon="11.889986"><ele>1320.9</ele></trkpt>
   <trkpt lat="46.223889" lon="11.890012"><ele>1321.2</ele></trkpt>
   <trkpt lat="46.223903" lon="11.890036"><ele>1321.5</ele></trkpt>
   <trkpt lat="46.223919" lon="11.890054"><ele>1321.8</ele></trkpt>
   <trkpt lat="46.223937" lon="11.890072"><ele>1322.1</ele></trkpt>
   <trkpt lat="46.223954" lon="11.890088"><ele>1322.4</ele></trkpt>
   <trkpt lat="46.223973" lon="11.890106"><ele>1322.7</ele></trkpt>
   <trkpt lat="46.223992" lon="11.890128"><ele>1323.0</ele></trkpt>
   <trkpt lat="46.224010" lon="11.890154"><ele>1323.1</ele></trkpt>
   <trkpt lat="46.224028" lon="11.890184"><ele>1323.2</ele></trkpt>
   <trkpt lat="46.224047" lon="11.890212"><ele>1323.3</ele></trkpt>
   <trkpt lat="46.224068" lon="11.890233"><ele>1323.4</ele></trkpt>
   <trkpt lat="46.224092" lon="11.890256"><ele>1323.5</ele></trkpt>
   <trkpt lat="46.224115" lon="11.890278"><ele>1323.6</ele></trkpt>
   <trkpt lat="46.224136" lon="11.890298"><ele>1323.7</ele></trkpt>
   <trkpt lat="46.224157" lon="11.890319"><ele>1323.8</ele></trkpt>
   <trkpt lat="46.224178" lon="11.890340"><ele>1323.9</ele></trkpt>
   <trkpt lat="46.224196" lon="11.890360"><ele>1324.0</ele></trkpt>
   <trkpt lat="46.224216" lon="11.890378"><ele>1324.2</ele></trkpt>
   <trkpt lat="46.224235" lon="11.890398"><ele>1324.4</ele></trkpt>
   <trkpt lat="46.224253" lon="11.890416"><ele>1324.6</ele></trkpt>
   <trkpt lat="46.224276" lon="11.890432"><ele>1324.8</ele></trkpt>
   <trkpt lat="46.224299" lon="11.890444"><ele>1325.0</ele></trkpt>
   <trkpt lat="46.224323" lon="11.890459"><ele>1325.2</ele></trkpt>
   <trkpt lat="46.224347" lon="11.890474"><ele>1325.4</ele></trkpt>
   <trkpt lat="46.224368" lon="11.890487"><ele>1325.6</ele></trkpt>
   <trkpt lat="46.224391" lon="11.890499"><ele>1325.8</ele></trkpt>
   <trkpt lat="46.224413" lon="11.890511"><ele>1326.0</ele></trkpt>
   <trkpt lat="46.224435" lon="11.890525"><ele>1326.2</ele></trkpt>
   <trkpt lat="46.224457" lon="11.890540"><ele>1326.4</ele></trkpt>
   <trkpt lat="46.224476" lon="11.890552"><ele>1326.6</ele></trkpt>
   <trkpt lat="46.224498" lon="11.890566"><ele>1326.8</ele></trkpt>
   <trkpt lat="46.224520" lon="11.890582"><ele>1327.0</ele></trkpt>
   <trkpt lat="46.224544" lon="11.890596"><ele>1327.2</ele></trkpt>
   <trkpt lat="46.224569" lon="11.890615"><ele>1327.4</ele></trkpt>
   <trkpt lat="46.224592" lon="11.890631"><ele>1327.6</ele></trkpt>
   <trkpt lat="46.224615" lon="11.890651"><ele>1327.8</ele></trkpt>
   <trkpt lat="46.224635" lon="11.890670"><ele>1328.0</ele></trkpt>
   <trkpt lat="46.224654" lon="11.890689"><ele>1328.1</ele></trkpt>
   <trkpt lat="46.224674" lon="11.890708"><ele>1328.2</ele></trkpt>
   <trkpt lat="46.224693" lon="11.890726"><ele>1328.3</ele></trkpt>
   <trkpt lat="46.224713" lon="11.890742"><ele>1328.4</ele></trkpt>
   <trkpt lat="46.224734" lon="11.890764"><ele>1328.5</ele></trkpt>
   <trkpt lat="46.224754" lon="11.890788"><ele>1328.6</ele></trkpt>
   <trkpt lat="46.224775" lon="11.890818"><ele>1328.7</ele></trkpt>
   <trkpt lat="46.224795" lon="11.890846"><ele>1328.8</ele></trkpt>
   <trkpt lat="46.224813" lon="11.890874"><ele>1328.9</ele></trkpt>
   <trkpt lat="46.224829" lon="11.890902"><ele>1329.0</ele></trkpt>
   <trkpt lat="46.224847" lon="11.890928"><ele>1329.0</ele></trkpt>
   <trkpt lat="46.224867" lon="11.890959"><ele>1329.0</ele></trkpt>
   <trkpt lat="46.224887" lon="11.890988"><ele>1329.0</ele></trkpt>
   <trkpt lat="46.224906" lon="11.891020"><ele>1329.0</ele></trkpt>
   <trkpt lat="46.224917" lon="11.891044"><ele>1329.0</ele></trkpt>
   <trkpt lat="46.224939" lon="11.891076"><ele>1329.0</ele></trkpt>
   <trkpt lat="46.224951" lon="11.891104"><ele>1329.0</ele></trkpt>
   <trkpt lat="46.224964" lon="11.891130"><ele>1329.0</ele></trkpt>
   <trkpt lat="46.224982" lon="11.891152"><ele>1329.0</ele></trkpt>
   <trkpt lat="46.225002" lon="11.891170"><ele>1329.1</ele></trkpt>
   <trkpt lat="46.225024" lon="11.891180"><ele>1329.2</ele></trkpt>
   <trkpt lat="46.225045" lon="11.891190"><ele>1329.3</ele></trkpt>
   <trkpt lat="46.225063" lon="11.891206"><ele>1329.4</ele></trkpt>
   <trkpt lat="46.225081" lon="11.891220"><ele>1329.5</ele></trkpt>
   <trkpt lat="46.225100" lon="11.891230"><ele>1329.6</ele></trkpt>
   <trkpt lat="46.225188" lon="11.891282"><ele>1329.9</ele></trkpt>
   <trkpt lat="46.225209" lon="11.891306"><ele>1330.0</ele></trkpt>
   <trkpt lat="46.225228" lon="11.891324"><ele>1330.2</ele></trkpt>
   <trkpt lat="46.225250" lon="11.891339"><ele>1330.4</ele></trkpt>
   <trkpt lat="46.225270" lon="11.891352"><ele>1330.6</ele></trkpt>
   <trkpt lat="46.225289" lon="11.891363"><ele>1330.8</ele></trkpt>
   <trkpt lat="46.225305" lon="11.891381"><ele>1331.0</ele></trkpt>
   <trkpt lat="46.225327" lon="11.891396"><ele>1331.2</ele></trkpt>
   <trkpt lat="46.225427" lon="11.891428"><ele>1332.0</ele></trkpt>
   <trkpt lat="46.225519" lon="11.891474"><ele>1332.0</ele></trkpt>
   <trkpt lat="46.225610" lon="11.891560"><ele>1332.0</ele></trkpt>
   <trkpt lat="46.225684" lon="11.891652"><ele>1332.4</ele></trkpt>
   <trkpt lat="46.225768" lon="11.891760"><ele>1332.8</ele></trkpt>
   <trkpt lat="46.225843" lon="11.891870"><ele>1333.2</ele></trkpt>
   <trkpt lat="46.225915" lon="11.891964"><ele>1333.6</ele></trkpt>
   <trkpt lat="46.226002" lon="11.892003"><ele>1333.9</ele></trkpt>
   <trkpt lat="46.226095" lon="11.892058"><ele>1333.8</ele></trkpt>
   <trkpt lat="46.226191" lon="11.892104"><ele>1333.4</ele></trkpt>
   <trkpt lat="46.226279" lon="11.892184"><ele>1333.0</ele></trkpt>
   <trkpt lat="46.226346" lon="11.892311"><ele>1333.0</ele></trkpt>
   <trkpt lat="46.226406" lon="11.892410"><ele>1333.0</ele></trkpt>
   <trkpt lat="46.226494" lon="11.892509"><ele>1332.9</ele></trkpt>
   <trkpt lat="46.226588" lon="11.892584"><ele>1332.5</ele></trkpt>
   <trkpt lat="46.226684" lon="11.892646"><ele>1332.1</ele></trkpt>
   <trkpt lat="46.226773" lon="11.892742"><ele>1332.0</ele></trkpt>
   <trkpt lat="46.226852" lon="11.892813"><ele>1332.0</ele></trkpt>
   <trkpt lat="46.226957" lon="11.892852"><ele>1332.0</ele></trkpt>
   <trkpt lat="46.227071" lon="11.892855"><ele>1332.0</ele></trkpt>
   <trkpt lat="46.227170" lon="11.892886"><ele>1332.0</ele></trkpt>
   <trkpt lat="46.227279" lon="11.892916"><ele>1332.0</ele></trkpt>
   <trkpt lat="46.227380" lon="11.892949"><ele>1332.0</ele></trkpt>
   <trkpt lat="46.227473" lon="11.892978"><ele>1332.0</ele></trkpt>
   <trkpt lat="46.227563" lon="11.892997"><ele>1332.0</ele></trkpt>
   <trkpt lat="46.227668" lon="11.893004"><ele>1332.0</ele></trkpt>
   <trkpt lat="46.227772" lon="11.893043"><ele>1332.0</ele></trkpt>
   <trkpt lat="46.227881" lon="11.893057"><ele>1332.0</ele></trkpt>
   <trkpt lat="46.227965" lon="11.893108"><ele>1332.0</ele></trkpt>
   <trkpt lat="46.228035" lon="11.893195"><ele>1332.3</ele></trkpt>
   <trkpt lat="46.228099" lon="11.893289"><ele>1332.8</ele></trkpt>
   <trkpt lat="46.228138" lon="11.893412"><ele>1333.2</ele></trkpt>
   <trkpt lat="46.228190" lon="11.893542"><ele>1333.7</ele></trkpt>
   <trkpt lat="46.228250" lon="11.893652"><ele>1334.9</ele></trkpt>
   <trkpt lat="46.228307" lon="11.893788"><ele>1336.4</ele></trkpt>
   <trkpt lat="46.228375" lon="11.893880"><ele>1337.6</ele></trkpt>
   <trkpt lat="46.228458" lon="11.893959"><ele>1338.6</ele></trkpt>
   <trkpt lat="46.228541" lon="11.894011"><ele>1339.4</ele></trkpt>
   <trkpt lat="46.228652" lon="11.893990"><ele>1340.4</ele></trkpt>
   <trkpt lat="46.228767" lon="11.893960"><ele>1341.6</ele></trkpt>
   <trkpt lat="46.228875" lon="11.893945"><ele>1343.1</ele></trkpt>
   <trkpt lat="46.228980" lon="11.893937"><ele>1344.1</ele></trkpt>
   <trkpt lat="46.229071" lon="11.893944"><ele>1344.6</ele></trkpt>
   <trkpt lat="46.229170" lon="11.893942"><ele>1345.0</ele></trkpt>
   <trkpt lat="46.229255" lon="11.893875"><ele>1345.0</ele></trkpt>
   <trkpt lat="46.229337" lon="11.893777"><ele>1345.0</ele></trkpt>
   <trkpt lat="46.229409" lon="11.893662"><ele>1345.0</ele></trkpt>
   <trkpt lat="46.229501" lon="11.893650"><ele>1345.0</ele></trkpt>
   <trkpt lat="46.229603" lon="11.893704"><ele>1345.0</ele></trkpt>
   <trkpt lat="46.229684" lon="11.893761"><ele>1345.0</ele></trkpt>
   <trkpt lat="46.229789" lon="11.893801"><ele>1344.7</ele></trkpt>
   <trkpt lat="46.229766" lon="11.893946"><ele>1344.0</ele></trkpt>
   <trkpt lat="46.229706" lon="11.894071"><ele>1344.0</ele></trkpt>
   <trkpt lat="46.229762" lon="11.894200"><ele>1344.4</ele></trkpt>
   <trkpt lat="46.229842" lon="11.894268"><ele>1345.0</ele></trkpt>
   <trkpt lat="46.229932" lon="11.894206"><ele>1345.0</ele></trkpt>
   <trkpt lat="46.230027" lon="11.894222"><ele>1345.0</ele></trkpt>
   <trkpt lat="46.230119" lon="11.894266"><ele>1345.0</ele></trkpt>
   <trkpt lat="46.230211" lon="11.894317"><ele>1345.0</ele></trkpt>
   <trkpt lat="46.230321" lon="11.894319"><ele>1345.6</ele></trkpt>
   <trkpt lat="46.230418" lon="11.894349"><ele>1346.6</ele></trkpt>
   <trkpt lat="46.230505" lon="11.894393"><ele>1348.6</ele></trkpt>
   <trkpt lat="46.230596" lon="11.894457"><ele>1350.6</ele></trkpt>
   <trkpt lat="46.230690" lon="11.894490"><ele>1352.2</ele></trkpt>
   <trkpt lat="46.230753" lon="11.894584"><ele>1354.2</ele></trkpt>
   <trkpt lat="46.230861" lon="11.894618"><ele>1356.5</ele></trkpt>
   <trkpt lat="46.230949" lon="11.894693"><ele>1359.0</ele></trkpt>
   <trkpt lat="46.231015" lon="11.894823"><ele>1361.2</ele></trkpt>
   <trkpt lat="46.231069" lon="11.894931"><ele>1362.8</ele></trkpt>
   <trkpt lat="46.231136" lon="11.895038"><ele>1365.8</ele></trkpt>
   <trkpt lat="46.231221" lon="11.895144"><ele>1368.8</ele></trkpt>
   <trkpt lat="46.231276" lon="11.895258"><ele>1370.6</ele></trkpt>
   <trkpt lat="46.231372" lon="11.895342"><ele>1371.8</ele></trkpt>
   <trkpt lat="46.231445" lon="11.895446"><ele>1373.0</ele></trkpt>
   <trkpt lat="46.231520" lon="11.895560"><ele>1374.2</ele></trkpt>
   <trkpt lat="46.231584" lon="11.895670"><ele>1375.4</ele></trkpt>
   <trkpt lat="46.231671" lon="11.895726"><ele>1377.8</ele></trkpt>
   <trkpt lat="46.231747" lon="11.895867"><ele>1382.3</ele></trkpt>
   <trkpt lat="46.231795" lon="11.895982"><ele>1385.5</ele></trkpt>
   <trkpt lat="46.231842" lon="11.896094"><ele>1387.5</ele></trkpt>
   <trkpt lat="46.231925" lon="11.896156"><ele>1389.5</ele></trkpt>
   <trkpt lat="46.232025" lon="11.896217"><ele>1390.8</ele></trkpt>
   <trkpt lat="46.232128" lon="11.896248"><ele>1391.6</ele></trkpt>
   <trkpt lat="46.232244" lon="11.896266"><ele>1392.4</ele></trkpt>
   <trkpt lat="46.232357" lon="11.896248"><ele>1393.2</ele></trkpt>
   <trkpt lat="46.232464" lon="11.896281"><ele>1394.0</ele></trkpt>
   <trkpt lat="46.232543" lon="11.896346"><ele>1394.3</ele></trkpt>
   <trkpt lat="46.232630" lon="11.896404"><ele>1394.6</ele></trkpt>
   <trkpt lat="46.232723" lon="11.896469"><ele>1395.0</ele></trkpt>
   <trkpt lat="46.232828" lon="11.896544"><ele>1395.4</ele></trkpt>
   <trkpt lat="46.232916" lon="11.896596"><ele>1395.8</ele></trkpt>
   <trkpt lat="46.233001" lon="11.896645"><ele>1396.4</ele></trkpt>
   <trkpt lat="46.233095" lon="11.896679"><ele>1397.2</ele></trkpt>
   <trkpt lat="46.233188" lon="11.896713"><ele>1398.0</ele></trkpt>
   <trkpt lat="46.233285" lon="11.896747"><ele>1398.8</ele></trkpt>
   <trkpt lat="46.233398" lon="11.896766"><ele>1399.8</ele></trkpt>
   <trkpt lat="46.233509" lon="11.896768"><ele>1400.8</ele></trkpt>
   <trkpt lat="46.233620" lon="11.896792"><ele>1401.8</ele></trkpt>
   <trkpt lat="46.233711" lon="11.896844"><ele>1402.3</ele></trkpt>
   <trkpt lat="46.233812" lon="11.896880"><ele>1402.7</ele></trkpt>
   <trkpt lat="46.233921" lon="11.896875"><ele>1403.1</ele></trkpt>
   <trkpt lat="46.234012" lon="11.896871"><ele>1403.5</ele></trkpt>
   <trkpt lat="46.234117" lon="11.896885"><ele>1404.1</ele></trkpt>
   <trkpt lat="46.234211" lon="11.896900"><ele>1404.6</ele></trkpt>
   <trkpt lat="46.234312" lon="11.896944"><ele>1405.4</ele></trkpt>
   <trkpt lat="46.234420" lon="11.896949"><ele>1406.4</ele></trkpt>
   <trkpt lat="46.234521" lon="11.896967"><ele>1407.2</ele></trkpt>
   <trkpt lat="46.234612" lon="11.897047"><ele>1408.0</ele></trkpt>
   <trkpt lat="46.234705" lon="11.897092"><ele>1409.0</ele></trkpt>
   <trkpt lat="46.234785" lon="11.897168"><ele>1410.0</ele></trkpt>
   <trkpt lat="46.234873" lon="11.897232"><ele>1410.8</ele></trkpt>
   <trkpt lat="46.234949" lon="11.897305"><ele>1411.6</ele></trkpt>
   <trkpt lat="46.235032" lon="11.897376"><ele>1412.4</ele></trkpt>
   <trkpt lat="46.235101" lon="11.897468"><ele>1413.2</ele></trkpt>
   <trkpt lat="46.235178" lon="11.897545"><ele>1413.6</ele></trkpt>
   <trkpt lat="46.235272" lon="11.897611"><ele>1414.3</ele></trkpt>
   <trkpt lat="46.235348" lon="11.897693"><ele>1416.4</ele></trkpt>
   <trkpt lat="46.235421" lon="11.897784"><ele>1418.2</ele></trkpt>
   <trkpt lat="46.235516" lon="11.897814"><ele>1419.7</ele></trkpt>
   <trkpt lat="46.235605" lon="11.897897"><ele>1421.2</ele></trkpt>
   <trkpt lat="46.235686" lon="11.897998"><ele>1422.4</ele></trkpt>
   <trkpt lat="46.235771" lon="11.898072"><ele>1423.9</ele></trkpt>
   <trkpt lat="46.235836" lon="11.898162"><ele>1425.4</ele></trkpt>
   <trkpt lat="46.235918" lon="11.898245"><ele>1426.4</ele></trkpt>
   <trkpt lat="46.236016" lon="11.898271"><ele>1427.0</ele></trkpt>
   <trkpt lat="46.236096" lon="11.898361"><ele>1428.4</ele></trkpt>
   <trkpt lat="46.236167" lon="11.898454"><ele>1429.8</ele></trkpt>
   <trkpt lat="46.236274" lon="11.898487"><ele>1431.6</ele></trkpt>
   <trkpt lat="46.236346" lon="11.898578"><ele>1433.1</ele></trkpt>
   <trkpt lat="46.236412" lon="11.898670"><ele>1435.2</ele></trkpt>
   <trkpt lat="46.236503" lon="11.898697"><ele>1438.6</ele></trkpt>
   <trkpt lat="46.236597" lon="11.898761"><ele>1440.4</ele></trkpt>
   <trkpt lat="46.236678" lon="11.898823"><ele>1443.4</ele></trkpt>
   <trkpt lat="46.236771" lon="11.898802"><ele>1447.3</ele></trkpt>
   <trkpt lat="46.236847" lon="11.898900"><ele>1450.1</ele></trkpt>
   <trkpt lat="46.236956" lon="11.898882"><ele>1452.0</ele></trkpt>
   <trkpt lat="46.237045" lon="11.898929"><ele>1455.0</ele></trkpt>
   <trkpt lat="46.237118" lon="11.899018"><ele>1459.0</ele></trkpt>
   <trkpt lat="46.237187" lon="11.899111"><ele>1462.0</ele></trkpt>
   <trkpt lat="46.237258" lon="11.899198"><ele>1466.0</ele></trkpt>
   <trkpt lat="46.237260" lon="11.899343"><ele>1468.1</ele></trkpt>
   <trkpt lat="46.237304" lon="11.899458"><ele>1470.6</ele></trkpt>
   <trkpt lat="46.237339" lon="11.899608"><ele>1473.0</ele></trkpt>
   <trkpt lat="46.237352" lon="11.899746"><ele>1476.5</ele></trkpt>
   <trkpt lat="46.237440" lon="11.899800"><ele>1479.2</ele></trkpt>
   <trkpt lat="46.237507" lon="11.899914"><ele>1481.2</ele></trkpt>
   <trkpt lat="46.237578" lon="11.900018"><ele>1483.6</ele></trkpt>
   <trkpt lat="46.237649" lon="11.900144"><ele>1485.6</ele></trkpt>
   <trkpt lat="46.237642" lon="11.900286"><ele>1488.0</ele></trkpt>
   <trkpt lat="46.237535" lon="11.900263"><ele>1488.0</ele></trkpt>
   <trkpt lat="46.237436" lon="11.900245"><ele>1488.0</ele></trkpt>
   <trkpt lat="46.237337" lon="11.900251"><ele>1488.6</ele></trkpt>
   <trkpt lat="46.237250" lon="11.900217"><ele>1489.0</ele></trkpt>
   <trkpt lat="46.237303" lon="11.900326"><ele>1490.5</ele></trkpt>
   <trkpt lat="46.237354" lon="11.900435"><ele>1492.3</ele></trkpt>
   <trkpt lat="46.237389" lon="11.900592"><ele>1493.8</ele></trkpt>
   <trkpt lat="46.237407" lon="11.900725"><ele>1496.6</ele></trkpt>
   <trkpt lat="46.237499" lon="11.900778"><ele>1500.6</ele></trkpt>
   <trkpt lat="46.237566" lon="11.900872"><ele>1503.2</ele></trkpt>
   <trkpt lat="46.237481" lon="11.900954"><ele>1504.4</ele></trkpt>
   <trkpt lat="46.237396" lon="11.901005"><ele>1505.5</ele></trkpt>
   <trkpt lat="46.237300" lon="11.901036"><ele>1506.3</ele></trkpt>
   <trkpt lat="46.237231" lon="11.901136"><ele>1507.0</ele></trkpt>
   <trkpt lat="46.237137" lon="11.901149"><ele>1508.4</ele></trkpt>
   <trkpt lat="46.237048" lon="11.901106"><ele>1509.2</ele></trkpt>
   <trkpt lat="46.236965" lon="11.901052"><ele>1510.6</ele></trkpt>
   <trkpt lat="46.237062" lon="11.901061"><ele>1516.9</ele></trkpt>
   <trkpt lat="46.237153" lon="11.901105"><ele>1518.7</ele></trkpt>
   <trkpt lat="46.237246" lon="11.901133"><ele>1521.0</ele></trkpt>
   <trkpt lat="46.237341" lon="11.901211"><ele>1523.4</ele></trkpt>
   <trkpt lat="46.237433" lon="11.901265"><ele>1525.8</ele></trkpt>
   <trkpt lat="46.237397" lon="11.901385"><ele>1527.6</ele></trkpt>
   <trkpt lat="46.237318" lon="11.901459"><ele>1528.9</ele></trkpt>
   <trkpt lat="46.237208" lon="11.901470"><ele>1529.0</ele></trkpt>
   <trkpt lat="46.237119" lon="11.901504"><ele>1529.8</ele></trkpt>
   <trkpt lat="46.237022" lon="11.901509"><ele>1531.4</ele></trkpt>
   <trkpt lat="46.237115" lon="11.901554"><ele>1536.6</ele></trkpt>
   <trkpt lat="46.237210" lon="11.901556"><ele>1539.5</ele></trkpt>
   <trkpt lat="46.237290" lon="11.901650"><ele>1542.5</ele></trkpt>
   <trkpt lat="46.237207" lon="11.901717"><ele>1548.0</ele></trkpt>
   <trkpt lat="46.237108" lon="11.901757"><ele>1549.0</ele></trkpt>
   <trkpt lat="46.237210" lon="11.901797"><ele>1555.5</ele></trkpt>
   <trkpt lat="46.237260" lon="11.901915"><ele>1558.3</ele></trkpt>
   <trkpt lat="46.237151" lon="11.901943"><ele>1560.9</ele></trkpt>
   <trkpt lat="46.237066" lon="11.901892"><ele>1562.2</ele></trkpt>
   <trkpt lat="46.236983" lon="11.901979"><ele>1565.4</ele></trkpt>
   <trkpt lat="46.237081" lon="11.901951"><ele>1570.2</ele></trkpt>
   <trkpt lat="46.237068" lon="11.902090"><ele>1573.8</ele></trkpt>
   <trkpt lat="46.237001" lon="11.902180"><ele>1574.7</ele></trkpt>
   <trkpt lat="46.236935" lon="11.902303"><ele>1576.5</ele></trkpt>
   <trkpt lat="46.237016" lon="11.902370"><ele>1582.6</ele></trkpt>
   <trkpt lat="46.237104" lon="11.902421"><ele>1584.4</ele></trkpt>
   <trkpt lat="46.237203" lon="11.902478"><ele>1588.0</ele></trkpt>
   <trkpt lat="46.237141" lon="11.902575"><ele>1595.4</ele></trkpt>
   <trkpt lat="46.237052" lon="11.902606"><ele>1596.8</ele></trkpt>
   <trkpt lat="46.237141" lon="11.902673"><ele>1602.5</ele></trkpt>
   <trkpt lat="46.237094" lon="11.902785"><ele>1606.0</ele></trkpt>
   <trkpt lat="46.237185" lon="11.902811"><ele>1608.1</ele></trkpt>
   <trkpt lat="46.237242" lon="11.902916"><ele>1610.5</ele></trkpt>
   <trkpt lat="46.237275" lon="11.903044"><ele>1612.2</ele></trkpt>
   <trkpt lat="46.237311" lon="11.903170"><ele>1613.0</ele></trkpt>
   <trkpt lat="46.237400" lon="11.903111"><ele>1614.2</ele></trkpt>
   <trkpt lat="46.237482" lon="11.903045"><ele>1614.7</ele></trkpt>
   <trkpt lat="46.237580" lon="11.903006"><ele>1615.1</ele></trkpt>
   <trkpt lat="46.237641" lon="11.903113"><ele>1615.5</ele></trkpt>
   <trkpt lat="46.237730" lon="11.903163"><ele>1616.4</ele></trkpt>
   <trkpt lat="46.237819" lon="11.903073"><ele>1617.4</ele></trkpt>
   <trkpt lat="46.237905" lon="11.903015"><ele>1617.5</ele></trkpt>
   <trkpt lat="46.237985" lon="11.902953"><ele>1617.6</ele></trkpt>
   <trkpt lat="46.238089" lon="11.902965"><ele>1618.3</ele></trkpt>
   <trkpt lat="46.238179" lon="11.902926"><ele>1620.7</ele></trkpt>
   <trkpt lat="46.238272" lon="11.902986"><ele>1621.4</ele></trkpt>
   <trkpt lat="46.238365" lon="11.903000"><ele>1621.9</ele></trkpt>
   <trkpt lat="46.238454" lon="11.903066"><ele>1621.4</ele></trkpt>
   <trkpt lat="46.238524" lon="11.903155"><ele>1621.2</ele></trkpt>
   <trkpt lat="46.238613" lon="11.903202"><ele>1621.6</ele></trkpt>
   <trkpt lat="46.238715" lon="11.903250"><ele>1622.1</ele></trkpt>
   <trkpt lat="46.238822" lon="11.903295"><ele>1622.6</ele></trkpt>
   <trkpt lat="46.238897" lon="11.903372"><ele>1623.0</ele></trkpt>
   <trkpt lat="46.238996" lon="11.903388"><ele>1623.8</ele></trkpt>
   <trkpt lat="46.239095" lon="11.903417"><ele>1624.8</ele></trkpt>
   <trkpt lat="46.239180" lon="11.903463"><ele>1625.3</ele></trkpt>
   <trkpt lat="46.239259" lon="11.903527"><ele>1625.8</ele></trkpt>
   <trkpt lat="46.239359" lon="11.903575"><ele>1626.3</ele></trkpt>
   <trkpt lat="46.239452" lon="11.903651"><ele>1626.7</ele></trkpt>
   <trkpt lat="46.239540" lon="11.903685"><ele>1627.1</ele></trkpt>
   <trkpt lat="46.239627" lon="11.903737"><ele>1627.6</ele></trkpt>
   <trkpt lat="46.239668" lon="11.903874"><ele>1629.2</ele></trkpt>
   <trkpt lat="46.239732" lon="11.903969"><ele>1631.6</ele></trkpt>
   <trkpt lat="46.239742" lon="11.904114"><ele>1634.2</ele></trkpt>
   <trkpt lat="46.239780" lon="11.904240"><ele>1636.9</ele></trkpt>
   <trkpt lat="46.239859" lon="11.904326"><ele>1640.8</ele></trkpt>
   <trkpt lat="46.239887" lon="11.904466"><ele>1643.9</ele></trkpt>
   <trkpt lat="46.239923" lon="11.904587"><ele>1647.1</ele></trkpt>
   <trkpt lat="46.239901" lon="11.904717"><ele>1648.3</ele></trkpt>
   <trkpt lat="46.239894" lon="11.904853"><ele>1652.2</ele></trkpt>
   <trkpt lat="46.239897" lon="11.904992"><ele>1655.2</ele></trkpt>
   <trkpt lat="46.239937" lon="11.905121"><ele>1659.1</ele></trkpt>
   <trkpt lat="46.239921" lon="11.905256"><ele>1661.2</ele></trkpt>
   <trkpt lat="46.239902" lon="11.905401"><ele>1664.8</ele></trkpt>
   <trkpt lat="46.239913" lon="11.905537"><ele>1669.6</ele></trkpt>
   <trkpt lat="46.239958" lon="11.905654"><ele>1674.4</ele></trkpt>
   <trkpt lat="46.239979" lon="11.905787"><ele>1680.3</ele></trkpt>
   <trkpt lat="46.240002" lon="11.905914"><ele>1682.7</ele></trkpt>
   <trkpt lat="46.239909" lon="11.905969"><ele>1682.8</ele></trkpt>
   <trkpt lat="46.239906" lon="11.906104"><ele>1689.1</ele></trkpt>
   <trkpt lat="46.239975" lon="11.906206"><ele>1691.5</ele></trkpt>
   <trkpt lat="46.240024" lon="11.906340"><ele>1693.2</ele></trkpt>
   <trkpt lat="46.240088" lon="11.906444"><ele>1693.9</ele></trkpt>
   <trkpt lat="46.240163" lon="11.906517"><ele>1697.6</ele></trkpt>
   <trkpt lat="46.240256" lon="11.906552"><ele>1701.0</ele></trkpt>
   <trkpt lat="46.240314" lon="11.906663"><ele>1704.4</ele></trkpt>
   <trkpt lat="46.240397" lon="11.906720"><ele>1706.2</ele></trkpt>
   <trkpt lat="46.240480" lon="11.906790"><ele>1708.4</ele></trkpt>
   <trkpt lat="46.240527" lon="11.906906"><ele>1712.0</ele></trkpt>
   <trkpt lat="46.240579" lon="11.907021"><ele>1714.4</ele></trkpt>
   <trkpt lat="46.240607" lon="11.907153"><ele>1715.6</ele></trkpt>
   <trkpt lat="46.240675" lon="11.907249"><ele>1718.0</ele></trkpt>
   <trkpt lat="46.240722" lon="11.907371"><ele>1720.4</ele></trkpt>
   <trkpt lat="46.240754" lon="11.907508"><ele>1722.5</ele></trkpt>
   <trkpt lat="46.240797" lon="11.907631"><ele>1724.2</ele></trkpt>
   <trkpt lat="46.240843" lon="11.907752"><ele>1725.4</ele></trkpt>
   <trkpt lat="46.240860" lon="11.907886"><ele>1727.0</ele></trkpt>
   <trkpt lat="46.240918" lon="11.907994"><ele>1729.6</ele></trkpt>
   <trkpt lat="46.240968" lon="11.908103"><ele>1733.5</ele></trkpt>
   <trkpt lat="46.241062" lon="11.908106"><ele>1735.5</ele></trkpt>
   <trkpt lat="46.241152" lon="11.908073"><ele>1738.5</ele></trkpt>
   <trkpt lat="46.241250" lon="11.908109"><ele>1742.6</ele></trkpt>
   <trkpt lat="46.241343" lon="11.908131"><ele>1745.4</ele></trkpt>
   <trkpt lat="46.241425" lon="11.908207"><ele>1747.4</ele></trkpt>
   <trkpt lat="46.241502" lon="11.908288"><ele>1751.0</ele></trkpt>
   <trkpt lat="46.241573" lon="11.908387"><ele>1756.0</ele></trkpt>
   <trkpt lat="46.241664" lon="11.908448"><ele>1758.0</ele></trkpt>
   <trkpt lat="46.241756" lon="11.908490"><ele>1762.8</ele></trkpt>
   <trkpt lat="46.241706" lon="11.908577"><ele>1767.8</ele></trkpt>
   <trkpt lat="46.241691" lon="11.908596"><ele>1768.6</ele></trkpt>
   <trkpt lat="46.241687" lon="11.908626"><ele>1769.4</ele></trkpt>
   <trkpt lat="46.241667" lon="11.908676"><ele>1771.6</ele></trkpt>
   <trkpt lat="46.241636" lon="11.908634"><ele>1774.0</ele></trkpt>
   <trkpt lat="46.241617" lon="11.908611"><ele>1774.8</ele></trkpt>
   <trkpt lat="46.241592" lon="11.908616"><ele>1775.6</ele></trkpt>
   <trkpt lat="46.241571" lon="11.908632"><ele>1776.1</ele></trkpt>
   <trkpt lat="46.241540" lon="11.908668"><ele>1776.6</ele></trkpt>
   <trkpt lat="46.241534" lon="11.908692"><ele>1776.9</ele></trkpt>
   <trkpt lat="46.241518" lon="11.908718"><ele>1777.6</ele></trkpt>
   <trkpt lat="46.241514" lon="11.908811"><ele>1779.8</ele></trkpt>
   <trkpt lat="46.241534" lon="11.908816"><ele>1780.2</ele></trkpt>
   <trkpt lat="46.241556" lon="11.908820"><ele>1780.6</ele></trkpt>
   <trkpt lat="46.241594" lon="11.908838"><ele>1781.2</ele></trkpt>
   <trkpt lat="46.241664" lon="11.908878"><ele>1783.2</ele></trkpt>
   <trkpt lat="46.241683" lon="11.908870"><ele>1784.0</ele></trkpt>
   <trkpt lat="46.241699" lon="11.908846"><ele>1784.8</ele></trkpt>
   <trkpt lat="46.241718" lon="11.908834"><ele>1786.0</ele></trkpt>
   <trkpt lat="46.241743" lon="11.908817"><ele>1786.9</ele></trkpt>
   <trkpt lat="46.241767" lon="11.908813"><ele>1787.5</ele></trkpt>
   <trkpt lat="46.241787" lon="11.908796"><ele>1788.1</ele></trkpt>
   <trkpt lat="46.241810" lon="11.908796"><ele>1788.7</ele></trkpt>
   <trkpt lat="46.241838" lon="11.908825"><ele>1789.0</ele></trkpt>
   <trkpt lat="46.241817" lon="11.908954"><ele>1793.8</ele></trkpt>
   <trkpt lat="46.241799" lon="11.908970"><ele>1794.2</ele></trkpt>
   <trkpt lat="46.241766" lon="11.909105"><ele>1799.0</ele></trkpt>
   <trkpt lat="46.241669" lon="11.909158"><ele>1801.4</ele></trkpt>
   <trkpt lat="46.241618" lon="11.909273"><ele>1806.2</ele></trkpt>
   <trkpt lat="46.241592" lon="11.909400"><ele>1808.2</ele></trkpt>
   <trkpt lat="46.241569" lon="11.909537"><ele>1810.2</ele></trkpt>
   <trkpt lat="46.241660" lon="11.909539"><ele>1817.0</ele></trkpt>
   <trkpt lat="46.241739" lon="11.909609"><ele>1820.2</ele></trkpt>
   <trkpt lat="46.241826" lon="11.909678"><ele>1822.6</ele></trkpt>
   <trkpt lat="46.241917" lon="11.909643"><ele>1825.0</ele></trkpt>
   <trkpt lat="46.241966" lon="11.909516"><ele>1830.4</ele></trkpt>
   <trkpt lat="46.242059" lon="11.909517"><ele>1832.8</ele></trkpt>
   <trkpt lat="46.242150" lon="11.909596"><ele>1834.5</ele></trkpt>
   <trkpt lat="46.242243" lon="11.909591"><ele>1836.5</ele></trkpt>
   <trkpt lat="46.242248" lon="11.909649"><ele>1844.4</ele></trkpt>
   <trkpt lat="46.242243" lon="11.909718"><ele>1846.2</ele></trkpt>
   <trkpt lat="46.242339" lon="11.909722"><ele>1848.2</ele></trkpt>
   <trkpt lat="46.242437" lon="11.909771"><ele>1850.4</ele></trkpt>
   <trkpt lat="46.242455" lon="11.909778"><ele>1850.7</ele></trkpt>
   <trkpt lat="46.242479" lon="11.909778"><ele>1851.3</ele></trkpt>
   <trkpt lat="46.242497" lon="11.909764"><ele>1851.9</ele></trkpt>
   <trkpt lat="46.242555" lon="11.909728"><ele>1856.1</ele></trkpt>
   <trkpt lat="46.242639" lon="11.909795"><ele>1860.2</ele></trkpt>
   <trkpt lat="46.242656" lon="11.909788"><ele>1861.2</ele></trkpt>
   <trkpt lat="46.242679" lon="11.909765"><ele>1861.8</ele></trkpt>
   <trkpt lat="46.242706" lon="11.909734"><ele>1862.6</ele></trkpt>
   <trkpt lat="46.242727" lon="11.909720"><ele>1863.2</ele></trkpt>
   <trkpt lat="46.242752" lon="11.909710"><ele>1863.8</ele></trkpt>
   <trkpt lat="46.242842" lon="11.909694"><ele>1866.6</ele></trkpt>
   <trkpt lat="46.242881" lon="11.909829"><ele>1873.1</ele></trkpt>
   <trkpt lat="46.242969" lon="11.909896"><ele>1876.2</ele></trkpt>
   <trkpt lat="46.243022" lon="11.910004"><ele>1880.7</ele></trkpt>
   <trkpt lat="46.243122" lon="11.909960"><ele>1883.8</ele></trkpt>
   <trkpt lat="46.243206" lon="11.909900"><ele>1886.5</ele></trkpt>
   <trkpt lat="46.243295" lon="11.909838"><ele>1889.6</ele></trkpt>
   <trkpt lat="46.243386" lon="11.909794"><ele>1892.9</ele></trkpt>
   <trkpt lat="46.243483" lon="11.909768"><ele>1894.9</ele></trkpt>
   <trkpt lat="46.243574" lon="11.909824"><ele>1897.3</ele></trkpt>
   <trkpt lat="46.243574" lon="11.909955"><ele>1900.8</ele></trkpt>
   <trkpt lat="46.243544" lon="11.910086"><ele>1906.1</ele></trkpt>
   <trkpt lat="46.243592" lon="11.910204"><ele>1908.5</ele></trkpt>
   <trkpt lat="46.243649" lon="11.910310"><ele>1913.4</ele></trkpt>
   <trkpt lat="46.243581" lon="11.910398"><ele>1915.0</ele></trkpt>
   <trkpt lat="46.243494" lon="11.910459"><ele>1918.2</ele></trkpt>
   <trkpt lat="46.243520" lon="11.910591"><ele>1922.4</ele></trkpt>
   <trkpt lat="46.243484" lon="11.910725"><ele>1924.9</ele></trkpt>
   <trkpt lat="46.243478" lon="11.910861"><ele>1927.9</ele></trkpt>
   <trkpt lat="46.243544" lon="11.910953"><ele>1930.2</ele></trkpt>
   <trkpt lat="46.243552" lon="11.911086"><ele>1931.8</ele></trkpt>
   <trkpt lat="46.243539" lon="11.911215"><ele>1933.2</ele></trkpt>
   <trkpt lat="46.243598" lon="11.911343"><ele>1934.8</ele></trkpt>
   <trkpt lat="46.243636" lon="11.911466"><ele>1935.8</ele></trkpt>
   <trkpt lat="46.243679" lon="11.911598"><ele>1937.3</ele></trkpt>
   <trkpt lat="46.243750" lon="11.911713"><ele>1939.1</ele></trkpt>
   <trkpt lat="46.243769" lon="11.911843"><ele>1941.8</ele></trkpt>
   <trkpt lat="46.243864" lon="11.911821"><ele>1943.8</ele></trkpt>
   <trkpt lat="46.243894" lon="11.911678"><ele>1946.5</ele></trkpt>
   <trkpt lat="46.243987" lon="11.911635"><ele>1951.2</ele></trkpt>
   <trkpt lat="46.244077" lon="11.911626"><ele>1954.8</ele></trkpt>
   <trkpt lat="46.244114" lon="11.911623"><ele>1956.2</ele></trkpt>
   <trkpt lat="46.244146" lon="11.911628"><ele>1957.7</ele></trkpt>
   <trkpt lat="46.244167" lon="11.911630"><ele>1958.4</ele></trkpt>
   <trkpt lat="46.244186" lon="11.911633"><ele>1959.1</ele></trkpt>
   <trkpt lat="46.244225" lon="11.911633"><ele>1960.5</ele></trkpt>
   <trkpt lat="46.244243" lon="11.911637"><ele>1961.2</ele></trkpt>
   <trkpt lat="46.244265" lon="11.911639"><ele>1961.9</ele></trkpt>
   <trkpt lat="46.244290" lon="11.911640"><ele>1962.6</ele></trkpt>
   <trkpt lat="46.244311" lon="11.911642"><ele>1963.3</ele></trkpt>
   <trkpt lat="46.244329" lon="11.911643"><ele>1964.0</ele></trkpt>
   <trkpt lat="46.244352" lon="11.911642"><ele>1964.5</ele></trkpt>
   <trkpt lat="46.244377" lon="11.911639"><ele>1965.0</ele></trkpt>
   <trkpt lat="46.244399" lon="11.911634"><ele>1965.5</ele></trkpt>
   <trkpt lat="46.244424" lon="11.911632"><ele>1966.0</ele></trkpt>
   <trkpt lat="46.244447" lon="11.911633"><ele>1966.5</ele></trkpt>
   <trkpt lat="46.244467" lon="11.911635"><ele>1967.0</ele></trkpt>
   <trkpt lat="46.244488" lon="11.911641"><ele>1967.5</ele></trkpt>
   <trkpt lat="46.244506" lon="11.911643"><ele>1968.0</ele></trkpt>
   <trkpt lat="46.244539" lon="11.911633"><ele>1969.0</ele></trkpt>
   <trkpt lat="46.244563" lon="11.911618"><ele>1969.6</ele></trkpt>
   <trkpt lat="46.244590" lon="11.911607"><ele>1970.2</ele></trkpt>
   <trkpt lat="46.244614" lon="11.911608"><ele>1970.8</ele></trkpt>
   <trkpt lat="46.244641" lon="11.911607"><ele>1971.4</ele></trkpt>
   <trkpt lat="46.244670" lon="11.911608"><ele>1972.0</ele></trkpt>
   <trkpt lat="46.244699" lon="11.911610"><ele>1972.6</ele></trkpt>
   <trkpt lat="46.244727" lon="11.911613"><ele>1973.2</ele></trkpt>
   <trkpt lat="46.244753" lon="11.911611"><ele>1973.8</ele></trkpt>
   <trkpt lat="46.244789" lon="11.911599"><ele>1974.4</ele></trkpt>
   <trkpt lat="46.244821" lon="11.911585"><ele>1975.0</ele></trkpt>
   <trkpt lat="46.244850" lon="11.911586"><ele>1975.6</ele></trkpt>
   <trkpt lat="46.244880" lon="11.911579"><ele>1976.2</ele></trkpt>
   <trkpt lat="46.244910" lon="11.911577"><ele>1976.8</ele></trkpt>
   <trkpt lat="46.244934" lon="11.911582"><ele>1977.4</ele></trkpt>
   <trkpt lat="46.244957" lon="11.911563"><ele>1978.0</ele></trkpt>
   <trkpt lat="46.244986" lon="11.911537"><ele>1978.8</ele></trkpt>
   <trkpt lat="46.245011" lon="11.911518"><ele>1979.6</ele></trkpt>
   <trkpt lat="46.245035" lon="11.911492"><ele>1980.4</ele></trkpt>
   <trkpt lat="46.245052" lon="11.911461"><ele>1981.2</ele></trkpt>
   <trkpt lat="46.245069" lon="11.911425"><ele>1982.0</ele></trkpt>
   <trkpt lat="46.245088" lon="11.911397"><ele>1982.4</ele></trkpt>
   <trkpt lat="46.245109" lon="11.911386"><ele>1982.8</ele></trkpt>
   <trkpt lat="46.245131" lon="11.911377"><ele>1983.2</ele></trkpt>
   <trkpt lat="46.245156" lon="11.911368"><ele>1983.6</ele></trkpt>
   <trkpt lat="46.245177" lon="11.911360"><ele>1984.0</ele></trkpt>
   <trkpt lat="46.245202" lon="11.911344"><ele>1984.6</ele></trkpt>
   <trkpt lat="46.245232" lon="11.911325"><ele>1985.2</ele></trkpt>
   <trkpt lat="46.245257" lon="11.911315"><ele>1985.8</ele></trkpt>
   <trkpt lat="46.245284" lon="11.911301"><ele>1986.4</ele></trkpt>
   <trkpt lat="46.245316" lon="11.911299"><ele>1987.0</ele></trkpt>
   <trkpt lat="46.245346" lon="11.911298"><ele>1987.4</ele></trkpt>
   <trkpt lat="46.245372" lon="11.911289"><ele>1987.8</ele></trkpt>
   <trkpt lat="46.245399" lon="11.911263"><ele>1988.2</ele></trkpt>
   <trkpt lat="46.245421" lon="11.911245"><ele>1988.6</ele></trkpt>
   <trkpt lat="46.245441" lon="11.911240"><ele>1989.0</ele></trkpt>
   <trkpt lat="46.245466" lon="11.911237"><ele>1989.6</ele></trkpt>
   <trkpt lat="46.245486" lon="11.911222"><ele>1990.2</ele></trkpt>
   <trkpt lat="46.245504" lon="11.911206"><ele>1990.8</ele></trkpt>
   <trkpt lat="46.245525" lon="11.911190"><ele>1991.4</ele></trkpt>
   <trkpt lat="46.245546" lon="11.911174"><ele>1992.0</ele></trkpt>
   <trkpt lat="46.245567" lon="11.911165"><ele>1992.6</ele></trkpt>
   <trkpt lat="46.245584" lon="11.911148"><ele>1993.2</ele></trkpt>
   <trkpt lat="46.245606" lon="11.911143"><ele>1993.8</ele></trkpt>
   <trkpt lat="46.245626" lon="11.911133"><ele>1995.0</ele></trkpt>
   <trkpt lat="46.245637" lon="11.911111"><ele>1996.2</ele></trkpt>
   <trkpt lat="46.245646" lon="11.911087"><ele>1997.0</ele></trkpt>
   <trkpt lat="46.245670" lon="11.911055"><ele>1997.8</ele></trkpt>
   <trkpt lat="46.245692" lon="11.911055"><ele>1998.6</ele></trkpt>
   <trkpt lat="46.245714" lon="11.911051"><ele>1999.4</ele></trkpt>
   <trkpt lat="46.245737" lon="11.911055"><ele>2000.0</ele></trkpt>
   <trkpt lat="46.245758" lon="11.911045"><ele>2001.0</ele></trkpt>
   <trkpt lat="46.245782" lon="11.911036"><ele>2001.9</ele></trkpt>
   <trkpt lat="46.245806" lon="11.911024"><ele>2002.8</ele></trkpt>
   <trkpt lat="46.245826" lon="11.911018"><ele>2003.4</ele></trkpt>
   <trkpt lat="46.245845" lon="11.911018"><ele>2004.0</ele></trkpt>
   <trkpt lat="46.245871" lon="11.911036"><ele>2004.6</ele></trkpt>
   <trkpt lat="46.245892" lon="11.911047"><ele>2005.8</ele></trkpt>
   <trkpt lat="46.245907" lon="11.911066"><ele>2006.7</ele></trkpt>
   <trkpt lat="46.245919" lon="11.911087"><ele>2007.1</ele></trkpt>
   <trkpt lat="46.245939" lon="11.911103"><ele>2007.3</ele></trkpt>
   <trkpt lat="46.245961" lon="11.911122"><ele>2007.6</ele></trkpt>
   <trkpt lat="46.245986" lon="11.911144"><ele>2007.8</ele></trkpt>
   <trkpt lat="46.246004" lon="11.911161"><ele>2008.0</ele></trkpt>
   <trkpt lat="46.246021" lon="11.911176"><ele>2008.4</ele></trkpt>
   <trkpt lat="46.246045" lon="11.911202"><ele>2008.8</ele></trkpt>
   <trkpt lat="46.246065" lon="11.911230"><ele>2009.2</ele></trkpt>
   <trkpt lat="46.246081" lon="11.911266"><ele>2009.6</ele></trkpt>
   <trkpt lat="46.246093" lon="11.911303"><ele>2010.0</ele></trkpt>
   <trkpt lat="46.246109" lon="11.911321"><ele>2010.1</ele></trkpt>
   <trkpt lat="46.246129" lon="11.911355"><ele>2010.3</ele></trkpt>
   <trkpt lat="46.246136" lon="11.911404"><ele>2010.5</ele></trkpt>
   <trkpt lat="46.246143" lon="11.911442"><ele>2010.7</ele></trkpt>
   <trkpt lat="46.246161" lon="11.911482"><ele>2010.9</ele></trkpt>
   <trkpt lat="46.246189" lon="11.911534"><ele>2011.2</ele></trkpt>
   <trkpt lat="46.246207" lon="11.911546"><ele>2011.8</ele></trkpt>
   <trkpt lat="46.246224" lon="11.911568"><ele>2012.2</ele></trkpt>
   <trkpt lat="46.246257" lon="11.911567"><ele>2012.6</ele></trkpt>
   <trkpt lat="46.246275" lon="11.911558"><ele>2012.8</ele></trkpt>
   <trkpt lat="46.246292" lon="11.911549"><ele>2013.6</ele></trkpt>
   <trkpt lat="46.246320" lon="11.911541"><ele>2014.3</ele></trkpt>
   <trkpt lat="46.246340" lon="11.911533"><ele>2014.9</ele></trkpt>
   <trkpt lat="46.246364" lon="11.911531"><ele>2015.5</ele></trkpt>
   <trkpt lat="46.246390" lon="11.911529"><ele>2016.4</ele></trkpt>
   <trkpt lat="46.246408" lon="11.911525"><ele>2017.3</ele></trkpt>
   <trkpt lat="46.246431" lon="11.911526"><ele>2018.2</ele></trkpt>
   <trkpt lat="46.246444" lon="11.911546"><ele>2019.1</ele></trkpt>
   <trkpt lat="46.246459" lon="11.911570"><ele>2020.0</ele></trkpt>
   <trkpt lat="46.246476" lon="11.911591"><ele>2020.6</ele></trkpt>
   <trkpt lat="46.246495" lon="11.911615"><ele>2021.2</ele></trkpt>
   <trkpt lat="46.246512" lon="11.911631"><ele>2021.6</ele></trkpt>
   <trkpt lat="46.246533" lon="11.911646"><ele>2022.0</ele></trkpt>
   <trkpt lat="46.246558" lon="11.911663"><ele>2022.6</ele></trkpt>
   <trkpt lat="46.246573" lon="11.911677"><ele>2023.0</ele></trkpt>
   <trkpt lat="46.246601" lon="11.911680"><ele>2023.6</ele></trkpt>
   <trkpt lat="46.246620" lon="11.911701"><ele>2024.2</ele></trkpt>
   <trkpt lat="46.246637" lon="11.911728"><ele>2024.8</ele></trkpt>
   <trkpt lat="46.246653" lon="11.911748"><ele>2025.4</ele></trkpt>
   <trkpt lat="46.246678" lon="11.911771"><ele>2025.8</ele></trkpt>
   <trkpt lat="46.246695" lon="11.911807"><ele>2026.2</ele></trkpt>
   <trkpt lat="46.246707" lon="11.911835"><ele>2026.6</ele></trkpt>
   <trkpt lat="46.246718" lon="11.911865"><ele>2027.0</ele></trkpt>
   <trkpt lat="46.246736" lon="11.911885"><ele>2027.4</ele></trkpt>
   <trkpt lat="46.246762" lon="11.911899"><ele>2027.8</ele></trkpt>
   <trkpt lat="46.246780" lon="11.911921"><ele>2028.3</ele></trkpt>
   <trkpt lat="46.246805" lon="11.911946"><ele>2028.9</ele></trkpt>
   <trkpt lat="46.246832" lon="11.911979"><ele>2029.5</ele></trkpt>
   <trkpt lat="46.246850" lon="11.912016"><ele>2030.1</ele></trkpt>
   <trkpt lat="46.246866" lon="11.912045"><ele>2030.7</ele></trkpt>
   <trkpt lat="46.246883" lon="11.912068"><ele>2031.4</ele></trkpt>
   <trkpt lat="46.246905" lon="11.912072"><ele>2032.2</ele></trkpt>
   <trkpt lat="46.246932" lon="11.912068"><ele>2033.0</ele></trkpt>
   <trkpt lat="46.246952" lon="11.912071"><ele>2033.8</ele></trkpt>
   <trkpt lat="46.246974" lon="11.912076"><ele>2035.0</ele></trkpt>
   <trkpt lat="46.246990" lon="11.912088"><ele>2035.4</ele></trkpt>
   <trkpt lat="46.247007" lon="11.912102"><ele>2035.8</ele></trkpt>
   <trkpt lat="46.247018" lon="11.912129"><ele>2036.2</ele></trkpt>
   <trkpt lat="46.247037" lon="11.912150"><ele>2036.8</ele></trkpt>
   <trkpt lat="46.247057" lon="11.912165"><ele>2037.6</ele></trkpt>
   <trkpt lat="46.247077" lon="11.912163"><ele>2038.5</ele></trkpt>
   <trkpt lat="46.247098" lon="11.912187"><ele>2039.4</ele></trkpt>
   <trkpt lat="46.247116" lon="11.912214"><ele>2040.2</ele></trkpt>
   <trkpt lat="46.247137" lon="11.912224"><ele>2040.8</ele></trkpt>
   <trkpt lat="46.247152" lon="11.912241"><ele>2041.2</ele></trkpt>
   <trkpt lat="46.247170" lon="11.912265"><ele>2041.8</ele></trkpt>
   <trkpt lat="46.247195" lon="11.912282"><ele>2042.6</ele></trkpt>
   <trkpt lat="46.247220" lon="11.912304"><ele>2043.2</ele></trkpt>
   <trkpt lat="46.247248" lon="11.912322"><ele>2043.8</ele></trkpt>
   <trkpt lat="46.247273" lon="11.912336"><ele>2044.4</ele></trkpt>
   <trkpt lat="46.247295" lon="11.912341"><ele>2045.0</ele></trkpt>
   <trkpt lat="46.247316" lon="11.912348"><ele>2045.9</ele></trkpt>
   <trkpt lat="46.247340" lon="11.912356"><ele>2046.7</ele></trkpt>
   <trkpt lat="46.247365" lon="11.912345"><ele>2047.3</ele></trkpt>
   <trkpt lat="46.247385" lon="11.912313"><ele>2047.9</ele></trkpt>
   <trkpt lat="46.247399" lon="11.912284"><ele>2048.5</ele></trkpt>
   <trkpt lat="46.247416" lon="11.912256"><ele>2049.1</ele></trkpt>
   <trkpt lat="46.247426" lon="11.912230"><ele>2049.4</ele></trkpt>
   <trkpt lat="46.247444" lon="11.912191"><ele>2050.1</ele></trkpt>
   <trkpt lat="46.247465" lon="11.912180"><ele>2051.4</ele></trkpt>
   <trkpt lat="46.247486" lon="11.912186"><ele>2052.2</ele></trkpt>
   <trkpt lat="46.247507" lon="11.912198"><ele>2052.8</ele></trkpt>
   <trkpt lat="46.247530" lon="11.912199"><ele>2053.4</ele></trkpt>
   <trkpt lat="46.247553" lon="11.912197"><ele>2054.2</ele></trkpt>
   <trkpt lat="46.247573" lon="11.912193"><ele>2054.6</ele></trkpt>
   <trkpt lat="46.247593" lon="11.912211"><ele>2055.2</ele></trkpt>
   <trkpt lat="46.247612" lon="11.912221"><ele>2055.8</ele></trkpt>
   <trkpt lat="46.247633" lon="11.912213"><ele>2056.4</ele></trkpt>
   <trkpt lat="46.247657" lon="11.912214"><ele>2056.9</ele></trkpt>
   <trkpt lat="46.247680" lon="11.912195"><ele>2057.6</ele></trkpt>
   <trkpt lat="46.247690" lon="11.912171"><ele>2058.0</ele></trkpt>
   <trkpt lat="46.247702" lon="11.912143"><ele>2058.4</ele></trkpt>
   <trkpt lat="46.247727" lon="11.912148"><ele>2059.0</ele></trkpt>
   <trkpt lat="46.247748" lon="11.912164"><ele>2060.0</ele></trkpt>
   <trkpt lat="46.247773" lon="11.912161"><ele>2061.0</ele></trkpt>
   <trkpt lat="46.247797" lon="11.912167"><ele>2062.0</ele></trkpt>
   <trkpt lat="46.247820" lon="11.912175"><ele>2063.0</ele></trkpt>
   <trkpt lat="46.247840" lon="11.912189"><ele>2064.0</ele></trkpt>
   <trkpt lat="46.247861" lon="11.912206"><ele>2064.6</ele></trkpt>
   <trkpt lat="46.247876" lon="11.912225"><ele>2065.5</ele></trkpt>
   <trkpt lat="46.247894" lon="11.912226"><ele>2066.1</ele></trkpt>
   <trkpt lat="46.247921" lon="11.912208"><ele>2067.0</ele></trkpt>
   <trkpt lat="46.247944" lon="11.912195"><ele>2067.6</ele></trkpt>
   <trkpt lat="46.247966" lon="11.912185"><ele>2068.2</ele></trkpt>
   <trkpt lat="46.247984" lon="11.912171"><ele>2068.8</ele></trkpt>
   <trkpt lat="46.248002" lon="11.912165"><ele>2069.4</ele></trkpt>
   <trkpt lat="46.248022" lon="11.912155"><ele>2070.0</ele></trkpt>
   <trkpt lat="46.248051" lon="11.912141"><ele>2070.6</ele></trkpt>
   <trkpt lat="46.248075" lon="11.912128"><ele>2071.2</ele></trkpt>
   <trkpt lat="46.248094" lon="11.912111"><ele>2071.8</ele></trkpt>
   <trkpt lat="46.248111" lon="11.912100"><ele>2072.4</ele></trkpt>
   <trkpt lat="46.248130" lon="11.912097"><ele>2073.0</ele></trkpt>
   <trkpt lat="46.248160" lon="11.912083"><ele>2073.6</ele></trkpt>
   <trkpt lat="46.248187" lon="11.912064"><ele>2074.2</ele></trkpt>
   <trkpt lat="46.248207" lon="11.912046"><ele>2075.1</ele></trkpt>
   <trkpt lat="46.248224" lon="11.912017"><ele>2075.7</ele></trkpt>
   <trkpt lat="46.248245" lon="11.912000"><ele>2076.2</ele></trkpt>
   <trkpt lat="46.248263" lon="11.911964"><ele>2076.6</ele></trkpt>
   <trkpt lat="46.248276" lon="11.911930"><ele>2077.0</ele></trkpt>
   <trkpt lat="46.248285" lon="11.911903"><ele>2077.6</ele></trkpt>
   <trkpt lat="46.248287" lon="11.911869"><ele>2078.0</ele></trkpt>
   <trkpt lat="46.248292" lon="11.911841"><ele>2078.6</ele></trkpt>
   <trkpt lat="46.248313" lon="11.911822"><ele>2079.5</ele></trkpt>
   <trkpt lat="46.248324" lon="11.911852"><ele>2080.7</ele></trkpt>
   <trkpt lat="46.248344" lon="11.911853"><ele>2082.5</ele></trkpt>
   <trkpt lat="46.248356" lon="11.911817"><ele>2083.4</ele></trkpt>
   <trkpt lat="46.248371" lon="11.911793"><ele>2084.0</ele></trkpt>
   <trkpt lat="46.248389" lon="11.911775"><ele>2084.9</ele></trkpt>
   <trkpt lat="46.248410" lon="11.911762"><ele>2085.8</ele></trkpt>
   <trkpt lat="46.248435" lon="11.911759"><ele>2086.7</ele></trkpt>
   <trkpt lat="46.248451" lon="11.911747"><ele>2087.2</ele></trkpt>
   <trkpt lat="46.248475" lon="11.911736"><ele>2087.8</ele></trkpt>
   <trkpt lat="46.248499" lon="11.911731"><ele>2088.4</ele></trkpt>
   <trkpt lat="46.248515" lon="11.911702"><ele>2089.0</ele></trkpt>
   <trkpt lat="46.248532" lon="11.911690"><ele>2089.9</ele></trkpt>
   <trkpt lat="46.248554" lon="11.911669"><ele>2090.8</ele></trkpt>
   <trkpt lat="46.248569" lon="11.911654"><ele>2091.4</ele></trkpt>
   <trkpt lat="46.248584" lon="11.911635"><ele>2092.0</ele></trkpt>
   <trkpt lat="46.248602" lon="11.911620"><ele>2092.4</ele></trkpt>
   <trkpt lat="46.248629" lon="11.911609"><ele>2092.8</ele></trkpt>
   <trkpt lat="46.248656" lon="11.911610"><ele>2093.2</ele></trkpt>
   <trkpt lat="46.248684" lon="11.911602"><ele>2093.6</ele></trkpt>
   <trkpt lat="46.248710" lon="11.911587"><ele>2094.0</ele></trkpt>
   <trkpt lat="46.248739" lon="11.911571"><ele>2094.6</ele></trkpt>
   <trkpt lat="46.248766" lon="11.911551"><ele>2095.2</ele></trkpt>
   <trkpt lat="46.248787" lon="11.911527"><ele>2095.8</ele></trkpt>
   <trkpt lat="46.248808" lon="11.911517"><ele>2096.7</ele></trkpt>
   <trkpt lat="46.248826" lon="11.911501"><ele>2097.9</ele></trkpt>
   <trkpt lat="46.248856" lon="11.911478"><ele>2099.1</ele></trkpt>
   <trkpt lat="46.248879" lon="11.911466"><ele>2099.7</ele></trkpt>
   <trkpt lat="46.248905" lon="11.911464"><ele>2100.2</ele></trkpt>
   <trkpt lat="46.248930" lon="11.911462"><ele>2100.6</ele></trkpt>
   <trkpt lat="46.248959" lon="11.911458"><ele>2101.0</ele></trkpt>
   <trkpt lat="46.248989" lon="11.911448"><ele>2101.4</ele></trkpt>
   <trkpt lat="46.249012" lon="11.911429"><ele>2101.8</ele></trkpt>
   <trkpt lat="46.249034" lon="11.911421"><ele>2102.3</ele></trkpt>
   <trkpt lat="46.249057" lon="11.911414"><ele>2102.9</ele></trkpt>
   <trkpt lat="46.249081" lon="11.911410"><ele>2103.5</ele></trkpt>
   <trkpt lat="46.249102" lon="11.911406"><ele>2104.1</ele></trkpt>
   <trkpt lat="46.249125" lon="11.911406"><ele>2105.0</ele></trkpt>
   <trkpt lat="46.249143" lon="11.911407"><ele>2105.6</ele></trkpt>
   <trkpt lat="46.249168" lon="11.911405"><ele>2106.2</ele></trkpt>
   <trkpt lat="46.249191" lon="11.911400"><ele>2106.8</ele></trkpt>
   <trkpt lat="46.249214" lon="11.911394"><ele>2107.4</ele></trkpt>
   <trkpt lat="46.249232" lon="11.911380"><ele>2108.0</ele></trkpt>
   <trkpt lat="46.249255" lon="11.911337"><ele>2108.8</ele></trkpt>
   <trkpt lat="46.249268" lon="11.911318"><ele>2109.2</ele></trkpt>
   <trkpt lat="46.249326" lon="11.911289"><ele>2111.4</ele></trkpt>
   <trkpt lat="46.249349" lon="11.911295"><ele>2112.4</ele></trkpt>
   <trkpt lat="46.249357" lon="11.911326"><ele>2113.6</ele></trkpt>
   <trkpt lat="46.249376" lon="11.911311"><ele>2115.7</ele></trkpt>
   <trkpt lat="46.249411" lon="11.911312"><ele>2117.2</ele></trkpt>
   <trkpt lat="46.249489" lon="11.911325"><ele>2120.0</ele></trkpt>
   <trkpt lat="46.249509" lon="11.911342"><ele>2120.4</ele></trkpt>
   <trkpt lat="46.249528" lon="11.911348"><ele>2121.0</ele></trkpt>
   <trkpt lat="46.249575" lon="11.911248"><ele>2124.1</ele></trkpt>
   <trkpt lat="46.249572" lon="11.911208"><ele>2124.7</ele></trkpt>
   <trkpt lat="46.249574" lon="11.911164"><ele>2125.2</ele></trkpt>
   <trkpt lat="46.249575" lon="11.911127"><ele>2125.6</ele></trkpt>
   <trkpt lat="46.249573" lon="11.911095"><ele>2126.0</ele></trkpt>
   <trkpt lat="46.249587" lon="11.911070"><ele>2126.6</ele></trkpt>
   <trkpt lat="46.249605" lon="11.911064"><ele>2127.2</ele></trkpt>
   <trkpt lat="46.249625" lon="11.911086"><ele>2128.2</ele></trkpt>
   <trkpt lat="46.249624" lon="11.911117"><ele>2128.6</ele></trkpt>
   <trkpt lat="46.249630" lon="11.911141"><ele>2129.1</ele></trkpt>
   <trkpt lat="46.249641" lon="11.911167"><ele>2129.5</ele></trkpt>
   <trkpt lat="46.249646" lon="11.911192"><ele>2129.7</ele></trkpt>
   <trkpt lat="46.249655" lon="11.911221"><ele>2129.9</ele></trkpt>
   <trkpt lat="46.249658" lon="11.911250"><ele>2130.2</ele></trkpt>
   <trkpt lat="46.249681" lon="11.911260"><ele>2130.8</ele></trkpt>
   <trkpt lat="46.249703" lon="11.911241"><ele>2131.4</ele></trkpt>
   <trkpt lat="46.249721" lon="11.911210"><ele>2131.8</ele></trkpt>
   <trkpt lat="46.249741" lon="11.911199"><ele>2132.2</ele></trkpt>
   <trkpt lat="46.249758" lon="11.911190"><ele>2132.6</ele></trkpt>
   <trkpt lat="46.249778" lon="11.911181"><ele>2133.0</ele></trkpt>
   <trkpt lat="46.249799" lon="11.911177"><ele>2133.4</ele></trkpt>
   <trkpt lat="46.249818" lon="11.911178"><ele>2134.0</ele></trkpt>
   <trkpt lat="46.249823" lon="11.911211"><ele>2134.6</ele></trkpt>
   <trkpt lat="46.249822" lon="11.911247"><ele>2135.2</ele></trkpt>
   <trkpt lat="46.249821" lon="11.911276"><ele>2135.6</ele></trkpt>
   <trkpt lat="46.249844" lon="11.911284"><ele>2137.5</ele></trkpt>
   <trkpt lat="46.249863" lon="11.911287"><ele>2139.0</ele></trkpt>
   <trkpt lat="46.249882" lon="11.911279"><ele>2139.6</ele></trkpt>
   <trkpt lat="46.249899" lon="11.911267"><ele>2140.2</ele></trkpt>
   <trkpt lat="46.249917" lon="11.911258"><ele>2141.1</ele></trkpt>
   <trkpt lat="46.249934" lon="11.911236"><ele>2142.8</ele></trkpt>
   <trkpt lat="46.249946" lon="11.911214"><ele>2144.0</ele></trkpt>
   <trkpt lat="46.249962" lon="11.911177"><ele>2144.8</ele></trkpt>
   <trkpt lat="46.249984" lon="11.911147"><ele>2145.6</ele></trkpt>
   <trkpt lat="46.250000" lon="11.911124"><ele>2146.3</ele></trkpt>
   <trkpt lat="46.250014" lon="11.911102"><ele>2146.9</ele></trkpt>
   <trkpt lat="46.250035" lon="11.911086"><ele>2147.8</ele></trkpt>
   <trkpt lat="46.250053" lon="11.911070"><ele>2148.7</ele></trkpt>
   <trkpt lat="46.250063" lon="11.911045"><ele>2149.3</ele></trkpt>
   <trkpt lat="46.250082" lon="11.911035"><ele>2150.2</ele></trkpt>
   <trkpt lat="46.250102" lon="11.911015"><ele>2151.0</ele></trkpt>
   <trkpt lat="46.250122" lon="11.910991"><ele>2151.9</ele></trkpt>
   <trkpt lat="46.250140" lon="11.910988"><ele>2152.3</ele></trkpt>
   <trkpt lat="46.250162" lon="11.910971"><ele>2152.7</ele></trkpt>
   <trkpt lat="46.250181" lon="11.910957"><ele>2153.0</ele></trkpt>
   <trkpt lat="46.250194" lon="11.910930"><ele>2153.3</ele></trkpt>
   <trkpt lat="46.250208" lon="11.910909"><ele>2153.5</ele></trkpt>
   <trkpt lat="46.250225" lon="11.910893"><ele>2153.7</ele></trkpt>
   <trkpt lat="46.250243" lon="11.910870"><ele>2153.9</ele></trkpt>
   <trkpt lat="46.250264" lon="11.910838"><ele>2154.1</ele></trkpt>
   <trkpt lat="46.250285" lon="11.910821"><ele>2154.3</ele></trkpt>
   <trkpt lat="46.250306" lon="11.910814"><ele>2154.5</ele></trkpt>
   <trkpt lat="46.250321" lon="11.910786"><ele>2154.8</ele></trkpt>
   <trkpt lat="46.250333" lon="11.910766"><ele>2155.0</ele></trkpt>
   <trkpt lat="46.250347" lon="11.910744"><ele>2155.2</ele></trkpt>
   <trkpt lat="46.250360" lon="11.910721"><ele>2155.4</ele></trkpt>
   <trkpt lat="46.250372" lon="11.910696"><ele>2155.6</ele></trkpt>
   <trkpt lat="46.250393" lon="11.910677"><ele>2155.8</ele></trkpt>
   <trkpt lat="46.250449" lon="11.910609"><ele>2156.4</ele></trkpt>
   <trkpt lat="46.250465" lon="11.910586"><ele>2156.6</ele></trkpt>
   <trkpt lat="46.250546" lon="11.910504"><ele>2157.8</ele></trkpt>
   <trkpt lat="46.250567" lon="11.910481"><ele>2158.4</ele></trkpt>
   <trkpt lat="46.250581" lon="11.910463"><ele>2158.8</ele></trkpt>
   <trkpt lat="46.250603" lon="11.910467"><ele>2159.1</ele></trkpt>
   <trkpt lat="46.250621" lon="11.910458"><ele>2159.3</ele></trkpt>
   <trkpt lat="46.250692" lon="11.910362"><ele>2160.6</ele></trkpt>
   <trkpt lat="46.250718" lon="11.910348"><ele>2161.5</ele></trkpt>
   <trkpt lat="46.250809" lon="11.910314"><ele>2163.6</ele></trkpt>
   <trkpt lat="46.250851" lon="11.910306"><ele>2164.5</ele></trkpt>
   <trkpt lat="46.250870" lon="11.910306"><ele>2164.8</ele></trkpt>
   <trkpt lat="46.250895" lon="11.910298"><ele>2165.4</ele></trkpt>
   <trkpt lat="46.250914" lon="11.910248"><ele>2166.8</ele></trkpt>
   <trkpt lat="46.250935" lon="11.910228"><ele>2167.6</ele></trkpt>
   <trkpt lat="46.250951" lon="11.910208"><ele>2168.4</ele></trkpt>
   <trkpt lat="46.250956" lon="11.910182"><ele>2169.2</ele></trkpt>
   <trkpt lat="46.250960" lon="11.910156"><ele>2170.0</ele></trkpt>
   <trkpt lat="46.250962" lon="11.910118"><ele>2170.9</ele></trkpt>
   <trkpt lat="46.250987" lon="11.910088"><ele>2172.1</ele></trkpt>
   <trkpt lat="46.251010" lon="11.910086"><ele>2172.7</ele></trkpt>
   <trkpt lat="46.251034" lon="11.910082"><ele>2173.3</ele></trkpt>
   <trkpt lat="46.251052" lon="11.910071"><ele>2173.9</ele></trkpt>
   <trkpt lat="46.251073" lon="11.910066"><ele>2174.5</ele></trkpt>
   <trkpt lat="46.251102" lon="11.910062"><ele>2175.4</ele></trkpt>
   <trkpt lat="46.251125" lon="11.910067"><ele>2176.0</ele></trkpt>
   <trkpt lat="46.251151" lon="11.910052"><ele>2176.4</ele></trkpt>
   <trkpt lat="46.251174" lon="11.910038"><ele>2176.8</ele></trkpt>
   <trkpt lat="46.251200" lon="11.910024"><ele>2177.2</ele></trkpt>
   <trkpt lat="46.251231" lon="11.910012"><ele>2177.6</ele></trkpt>
   <trkpt lat="46.251260" lon="11.909998"><ele>2178.0</ele></trkpt>
   <trkpt lat="46.251287" lon="11.909982"><ele>2178.6</ele></trkpt>
   <trkpt lat="46.251317" lon="11.909970"><ele>2179.2</ele></trkpt>
   <trkpt lat="46.251344" lon="11.909965"><ele>2179.8</ele></trkpt>
   <trkpt lat="46.251364" lon="11.909965"><ele>2180.4</ele></trkpt>
   <trkpt lat="46.251388" lon="11.909965"><ele>2181.0</ele></trkpt>
   <trkpt lat="46.251405" lon="11.909948"><ele>2181.4</ele></trkpt>
   <trkpt lat="46.251420" lon="11.909914"><ele>2181.8</ele></trkpt>
   <trkpt lat="46.251441" lon="11.909902"><ele>2182.2</ele></trkpt>
   <trkpt lat="46.251462" lon="11.909886"><ele>2182.6</ele></trkpt>
   <trkpt lat="46.251485" lon="11.909879"><ele>2183.0</ele></trkpt>
   <trkpt lat="46.251506" lon="11.909852"><ele>2183.6</ele></trkpt>
   <trkpt lat="46.251529" lon="11.909852"><ele>2184.2</ele></trkpt>
   <trkpt lat="46.251578" lon="11.909807"><ele>2185.4</ele></trkpt>
   <trkpt lat="46.251658" lon="11.909734"><ele>2187.4</ele></trkpt>
   <trkpt lat="46.251740" lon="11.909661"><ele>2191.4</ele></trkpt>
   <trkpt lat="46.251815" lon="11.909577"><ele>2195.9</ele></trkpt>
   <trkpt lat="46.251835" lon="11.909571"><ele>2196.8</ele></trkpt>
   <trkpt lat="46.251861" lon="11.909549"><ele>2198.3</ele></trkpt>
   <trkpt lat="46.251878" lon="11.909541"><ele>2199.2</ele></trkpt>
   <trkpt lat="46.251897" lon="11.909541"><ele>2200.1</ele></trkpt>
   <trkpt lat="46.251950" lon="11.909470"><ele>2201.8</ele></trkpt>
   <trkpt lat="46.251965" lon="11.909441"><ele>2202.5</ele></trkpt>
   <trkpt lat="46.251977" lon="11.909405"><ele>2203.6</ele></trkpt>
   <trkpt lat="46.251982" lon="11.909377"><ele>2204.2</ele></trkpt>
   <trkpt lat="46.251991" lon="11.909349"><ele>2204.8</ele></trkpt>
   <trkpt lat="46.251997" lon="11.909321"><ele>2205.4</ele></trkpt>
   <trkpt lat="46.252000" lon="11.909288"><ele>2206.2</ele></trkpt>
   <trkpt lat="46.251998" lon="11.909257"><ele>2206.8</ele></trkpt>
   <trkpt lat="46.252004" lon="11.909229"><ele>2207.2</ele></trkpt>
   <trkpt lat="46.252005" lon="11.909202"><ele>2207.6</ele></trkpt>
   <trkpt lat="46.252017" lon="11.909176"><ele>2208.0</ele></trkpt>
   <trkpt lat="46.252035" lon="11.909168"><ele>2208.4</ele></trkpt>
   <trkpt lat="46.252055" lon="11.909168"><ele>2208.8</ele></trkpt>
   <trkpt lat="46.252080" lon="11.909153"><ele>2209.2</ele></trkpt>
   <trkpt lat="46.252103" lon="11.909141"><ele>2209.6</ele></trkpt>
   <trkpt lat="46.252140" lon="11.909118"><ele>2210.2</ele></trkpt>
   <trkpt lat="46.252165" lon="11.909098"><ele>2210.6</ele></trkpt>
   <trkpt lat="46.252191" lon="11.909079"><ele>2211.0</ele></trkpt>
   <trkpt lat="46.252213" lon="11.909062"><ele>2211.4</ele></trkpt>
   <trkpt lat="46.252237" lon="11.909049"><ele>2211.8</ele></trkpt>
   <trkpt lat="46.252264" lon="11.909041"><ele>2212.2</ele></trkpt>
   <trkpt lat="46.252290" lon="11.909023"><ele>2212.6</ele></trkpt>
   <trkpt lat="46.252314" lon="11.909010"><ele>2213.0</ele></trkpt>
   <trkpt lat="46.252345" lon="11.908994"><ele>2213.4</ele></trkpt>
   <trkpt lat="46.252361" lon="11.908983"><ele>2213.6</ele></trkpt>
   <trkpt lat="46.252387" lon="11.908966"><ele>2214.0</ele></trkpt>
   <trkpt lat="46.252412" lon="11.908945"><ele>2214.4</ele></trkpt>
   <trkpt lat="46.252439" lon="11.908927"><ele>2214.8</ele></trkpt>
   <trkpt lat="46.252483" lon="11.908894"><ele>2215.6</ele></trkpt>
   <trkpt lat="46.252574" lon="11.908864"><ele>2217.9</ele></trkpt>
   <trkpt lat="46.252666" lon="11.908834"><ele>2219.2</ele></trkpt>
   <trkpt lat="46.252735" lon="11.908797"><ele>2220.0</ele></trkpt>
   <trkpt lat="46.252764" lon="11.908778"><ele>2220.8</ele></trkpt>
   <trkpt lat="46.252796" lon="11.908767"><ele>2221.6</ele></trkpt>
   <trkpt lat="46.252823" lon="11.908745"><ele>2223.2</ele></trkpt>
   <trkpt lat="46.252835" lon="11.908717"><ele>2224.3</ele></trkpt>
   <trkpt lat="46.252880" lon="11.908670"><ele>2226.1</ele></trkpt>
   <trkpt lat="46.252894" lon="11.908656"><ele>2226.7</ele></trkpt>
   <trkpt lat="46.252937" lon="11.908606"><ele>2229.0</ele></trkpt>
   <trkpt lat="46.252944" lon="11.908577"><ele>2229.6</ele></trkpt>
   <trkpt lat="46.252956" lon="11.908552"><ele>2230.2</ele></trkpt>
   <trkpt lat="46.252972" lon="11.908525"><ele>2231.1</ele></trkpt>
   <trkpt lat="46.252992" lon="11.908500"><ele>2232.0</ele></trkpt>
   <trkpt lat="46.253004" lon="11.908477"><ele>2232.6</ele></trkpt>
   <trkpt lat="46.253014" lon="11.908456"><ele>2233.2</ele></trkpt>
   <trkpt lat="46.253038" lon="11.908431"><ele>2234.1</ele></trkpt>
   <trkpt lat="46.253058" lon="11.908403"><ele>2234.7</ele></trkpt>
   <trkpt lat="46.253074" lon="11.908370"><ele>2235.2</ele></trkpt>
   <trkpt lat="46.253086" lon="11.908336"><ele>2235.6</ele></trkpt>
   <trkpt lat="46.253088" lon="11.908302"><ele>2236.0</ele></trkpt>
   <trkpt lat="46.253086" lon="11.908276"><ele>2236.2</ele></trkpt>
   <trkpt lat="46.253077" lon="11.908232"><ele>2236.6</ele></trkpt>
   <trkpt lat="46.253075" lon="11.908200"><ele>2237.0</ele></trkpt>
   <trkpt lat="46.253072" lon="11.908169"><ele>2237.4</ele></trkpt>
   <trkpt lat="46.253052" lon="11.908135"><ele>2237.8</ele></trkpt>
   <trkpt lat="46.253039" lon="11.908101"><ele>2238.4</ele></trkpt>
   <trkpt lat="46.253033" lon="11.908076"><ele>2238.8</ele></trkpt>
   <trkpt lat="46.253023" lon="11.908041"><ele>2239.2</ele></trkpt>
   <trkpt lat="46.253013" lon="11.908006"><ele>2239.6</ele></trkpt>
   <trkpt lat="46.253005" lon="11.907979"><ele>2240.0</ele></trkpt>
   <trkpt lat="46.253000" lon="11.907937"><ele>2240.6</ele></trkpt>
   <trkpt lat="46.253005" lon="11.907909"><ele>2241.0</ele></trkpt>
   <trkpt lat="46.253023" lon="11.907900"><ele>2241.4</ele></trkpt>
   <trkpt lat="46.253098" lon="11.907837"><ele>2245.5</ele></trkpt>
   <trkpt lat="46.253118" lon="11.907814"><ele>2248.6</ele></trkpt>
   <trkpt lat="46.253145" lon="11.907836"><ele>2250.0</ele></trkpt>
   <trkpt lat="46.253162" lon="11.907811"><ele>2251.2</ele></trkpt>
   <trkpt lat="46.253174" lon="11.907780"><ele>2251.8</ele></trkpt>
   <trkpt lat="46.253178" lon="11.907750"><ele>2252.2</ele></trkpt>
   <trkpt lat="46.253175" lon="11.907718"><ele>2252.6</ele></trkpt>
   <trkpt lat="46.253176" lon="11.907687"><ele>2253.0</ele></trkpt>
   <trkpt lat="46.253183" lon="11.907657"><ele>2253.9</ele></trkpt>
   <trkpt lat="46.253192" lon="11.907626"><ele>2255.1</ele></trkpt>
   <trkpt lat="46.253207" lon="11.907610"><ele>2256.0</ele></trkpt>
   <trkpt lat="46.253227" lon="11.907606"><ele>2256.4</ele></trkpt>
   <trkpt lat="46.253256" lon="11.907600"><ele>2256.8</ele></trkpt>
   <trkpt lat="46.253337" lon="11.907662"><ele>2258.4</ele></trkpt>
   <trkpt lat="46.253349" lon="11.907732"><ele>2259.4</ele></trkpt>
   <trkpt lat="46.253353" lon="11.907760"><ele>2260.0</ele></trkpt>
   <trkpt lat="46.253373" lon="11.907789"><ele>2260.9</ele></trkpt>
   <trkpt lat="46.253385" lon="11.907815"><ele>2261.5</ele></trkpt>
   <trkpt lat="46.253389" lon="11.907846"><ele>2262.1</ele></trkpt>
   <trkpt lat="46.253393" lon="11.907877"><ele>2262.7</ele></trkpt>
   <trkpt lat="46.253409" lon="11.907896"><ele>2263.2</ele></trkpt>
   <trkpt lat="46.253430" lon="11.907895"><ele>2263.5</ele></trkpt>
   <trkpt lat="46.253445" lon="11.907856"><ele>2263.8</ele></trkpt>
   <trkpt lat="46.253477" lon="11.907772"><ele>2264.6</ele></trkpt>
   <trkpt lat="46.253496" lon="11.907739"><ele>2265.0</ele></trkpt>
   <trkpt lat="46.253498" lon="11.907700"><ele>2265.4</ele></trkpt>
   <trkpt lat="46.253504" lon="11.907671"><ele>2265.8</ele></trkpt>
   <trkpt lat="46.253518" lon="11.907652"><ele>2266.9</ele></trkpt>
   <trkpt lat="46.253547" lon="11.907644"><ele>2268.4</ele></trkpt>
   <trkpt lat="46.253570" lon="11.907668"><ele>2269.4</ele></trkpt>
   <trkpt lat="46.253575" lon="11.907700"><ele>2269.8</ele></trkpt>
   <trkpt lat="46.253581" lon="11.907733"><ele>2270.2</ele></trkpt>
   <trkpt lat="46.253599" lon="11.907761"><ele>2270.8</ele></trkpt>
   <trkpt lat="46.253619" lon="11.907783"><ele>2271.6</ele></trkpt>
   <trkpt lat="46.253642" lon="11.907764"><ele>2272.2</ele></trkpt>
   <trkpt lat="46.253668" lon="11.907748"><ele>2272.8</ele></trkpt>
   <trkpt lat="46.253705" lon="11.907782"><ele>2273.9</ele></trkpt>
   <trkpt lat="46.253743" lon="11.907773"><ele>2275.7</ele></trkpt>
   <trkpt lat="46.253796" lon="11.907764"><ele>2278.4</ele></trkpt>
   <trkpt lat="46.253795" lon="11.907737"><ele>2279.0</ele></trkpt>
   <trkpt lat="46.253796" lon="11.907706"><ele>2279.4</ele></trkpt>
   <trkpt lat="46.253789" lon="11.907663"><ele>2279.8</ele></trkpt>
   <trkpt lat="46.253790" lon="11.907617"><ele>2280.2</ele></trkpt>
   <trkpt lat="46.253783" lon="11.907573"><ele>2280.6</ele></trkpt>
   <trkpt lat="46.253787" lon="11.907537"><ele>2281.0</ele></trkpt>
   <trkpt lat="46.253782" lon="11.907502"><ele>2281.2</ele></trkpt>
   <trkpt lat="46.253779" lon="11.907475"><ele>2281.4</ele></trkpt>
   <trkpt lat="46.253773" lon="11.907447"><ele>2281.6</ele></trkpt>
   <trkpt lat="46.253766" lon="11.907422"><ele>2281.8</ele></trkpt>
   <trkpt lat="46.253760" lon="11.907386"><ele>2282.6</ele></trkpt>
   <trkpt lat="46.253742" lon="11.907361"><ele>2283.2</ele></trkpt>
   <trkpt lat="46.253727" lon="11.907326"><ele>2283.6</ele></trkpt>
   <trkpt lat="46.253718" lon="11.907292"><ele>2284.0</ele></trkpt>
   <trkpt lat="46.253711" lon="11.907265"><ele>2284.4</ele></trkpt>
   <trkpt lat="46.253707" lon="11.907236"><ele>2284.8</ele></trkpt>
   <trkpt lat="46.253702" lon="11.907202"><ele>2285.2</ele></trkpt>
   <trkpt lat="46.253697" lon="11.907170"><ele>2285.6</ele></trkpt>
   <trkpt lat="46.253692" lon="11.907140"><ele>2286.0</ele></trkpt>
   <trkpt lat="46.253687" lon="11.907104"><ele>2286.6</ele></trkpt>
   <trkpt lat="46.253676" lon="11.907070"><ele>2287.2</ele></trkpt>
   <trkpt lat="46.253668" lon="11.907037"><ele>2287.8</ele></trkpt>
   <trkpt lat="46.253672" lon="11.906983"><ele>2289.0</ele></trkpt>
   <trkpt lat="46.253673" lon="11.906956"><ele>2289.9</ele></trkpt>
   <trkpt lat="46.253668" lon="11.906923"><ele>2290.8</ele></trkpt>
   <trkpt lat="46.253665" lon="11.906893"><ele>2291.4</ele></trkpt>
   <trkpt lat="46.253662" lon="11.906867"><ele>2292.0</ele></trkpt>
   <trkpt lat="46.253653" lon="11.906830"><ele>2292.6</ele></trkpt>
   <trkpt lat="46.253644" lon="11.906799"><ele>2293.2</ele></trkpt>
   <trkpt lat="46.253645" lon="11.906768"><ele>2293.6</ele></trkpt>
   <trkpt lat="46.253643" lon="11.906737"><ele>2293.9</ele></trkpt>
   <trkpt lat="46.253631" lon="11.906702"><ele>2294.5</ele></trkpt>
   <trkpt lat="46.253650" lon="11.906698"><ele>2295.1</ele></trkpt>
   <trkpt lat="46.253678" lon="11.906698"><ele>2296.1</ele></trkpt>
   <trkpt lat="46.253694" lon="11.906712"><ele>2296.7</ele></trkpt>
   <trkpt lat="46.253717" lon="11.906726"><ele>2297.8</ele></trkpt>
   <trkpt lat="46.253737" lon="11.906722"><ele>2298.6</ele></trkpt>
   <trkpt lat="46.253762" lon="11.906722"><ele>2299.8</ele></trkpt>
   <trkpt lat="46.253776" lon="11.906699"><ele>2301.2</ele></trkpt>
   <trkpt lat="46.253777" lon="11.906672"><ele>2301.8</ele></trkpt>
   <trkpt lat="46.253768" lon="11.906634"><ele>2302.4</ele></trkpt>
   <trkpt lat="46.253773" lon="11.906596"><ele>2303.1</ele></trkpt>
   <trkpt lat="46.253776" lon="11.906566"><ele>2303.4</ele></trkpt>
   <trkpt lat="46.253776" lon="11.906535"><ele>2303.7</ele></trkpt>
   <trkpt lat="46.253774" lon="11.906506"><ele>2304.2</ele></trkpt>
   <trkpt lat="46.253781" lon="11.906464"><ele>2304.6</ele></trkpt>
   <trkpt lat="46.253792" lon="11.906411"><ele>2305.8</ele></trkpt>
   <trkpt lat="46.253804" lon="11.906370"><ele>2306.6</ele></trkpt>
   <trkpt lat="46.253808" lon="11.906342"><ele>2307.2</ele></trkpt>
   <trkpt lat="46.253815" lon="11.906316"><ele>2307.8</ele></trkpt>
   <trkpt lat="46.253816" lon="11.906289"><ele>2308.4</ele></trkpt>
   <trkpt lat="46.253877" lon="11.906325"><ele>2309.9</ele></trkpt>
   <trkpt lat="46.253901" lon="11.906342"><ele>2310.8</ele></trkpt>
   <trkpt lat="46.253918" lon="11.906358"><ele>2311.5</ele></trkpt>
   <trkpt lat="46.253940" lon="11.906382"><ele>2312.4</ele></trkpt>
   <trkpt lat="46.253959" lon="11.906406"><ele>2313.4</ele></trkpt>
   <trkpt lat="46.253998" lon="11.906426"><ele>2315.4</ele></trkpt>
   <trkpt lat="46.254015" lon="11.906437"><ele>2316.6</ele></trkpt>
   <trkpt lat="46.254044" lon="11.906450"><ele>2317.8</ele></trkpt>
   <trkpt lat="46.254060" lon="11.906463"><ele>2318.2</ele></trkpt>
   <trkpt lat="46.254081" lon="11.906473"><ele>2318.8</ele></trkpt>
   <trkpt lat="46.254090" lon="11.906450"><ele>2319.6</ele></trkpt>
   <trkpt lat="46.254085" lon="11.906413"><ele>2320.4</ele></trkpt>
   <trkpt lat="46.254083" lon="11.906381"><ele>2321.0</ele></trkpt>
   <trkpt lat="46.254083" lon="11.906355"><ele>2321.3</ele></trkpt>
   <trkpt lat="46.254085" lon="11.906322"><ele>2321.6</ele></trkpt>
   <trkpt lat="46.254090" lon="11.906290"><ele>2321.9</ele></trkpt>
   <trkpt lat="46.254087" lon="11.906254"><ele>2322.6</ele></trkpt>
   <trkpt lat="46.254090" lon="11.906224"><ele>2323.2</ele></trkpt>
   <trkpt lat="46.254087" lon="11.906198"><ele>2323.6</ele></trkpt>
   <trkpt lat="46.254097" lon="11.906166"><ele>2324.2</ele></trkpt>
   <trkpt lat="46.254107" lon="11.906141"><ele>2324.8</ele></trkpt>
   <trkpt lat="46.254115" lon="11.906114"><ele>2325.4</ele></trkpt>
   <trkpt lat="46.254126" lon="11.906088"><ele>2326.2</ele></trkpt>
   <trkpt lat="46.254120" lon="11.906055"><ele>2326.8</ele></trkpt>
   <trkpt lat="46.254111" lon="11.906030"><ele>2327.2</ele></trkpt>
   <trkpt lat="46.254105" lon="11.906002"><ele>2327.8</ele></trkpt>
   <trkpt lat="46.254102" lon="11.905970"><ele>2329.2</ele></trkpt>
   <trkpt lat="46.254094" lon="11.905946"><ele>2329.6</ele></trkpt>
   <trkpt lat="46.254089" lon="11.905916"><ele>2330.1</ele></trkpt>
   <trkpt lat="46.254081" lon="11.905862"><ele>2330.9</ele></trkpt>
   <trkpt lat="46.254067" lon="11.905844"><ele>2331.2</ele></trkpt>
   <trkpt lat="46.254068" lon="11.905784"><ele>2331.8</ele></trkpt>
   <trkpt lat="46.254072" lon="11.905754"><ele>2332.2</ele></trkpt>
   <trkpt lat="46.254085" lon="11.905725"><ele>2332.8</ele></trkpt>
   <trkpt lat="46.254092" lon="11.905692"><ele>2333.4</ele></trkpt>
   <trkpt lat="46.254107" lon="11.905666"><ele>2333.9</ele></trkpt>
   <trkpt lat="46.254126" lon="11.905638"><ele>2335.1</ele></trkpt>
   <trkpt lat="46.254137" lon="11.905583"><ele>2336.7</ele></trkpt>
   <trkpt lat="46.254190" lon="11.905525"><ele>2338.9</ele></trkpt>
   <trkpt lat="46.254279" lon="11.905493"><ele>2342.4</ele></trkpt>
   <trkpt lat="46.254304" lon="11.905513"><ele>2343.0</ele></trkpt>
   <trkpt lat="46.254323" lon="11.905531"><ele>2343.4</ele></trkpt>
   <trkpt lat="46.254339" lon="11.905549"><ele>2343.8</ele></trkpt>
   <trkpt lat="46.254358" lon="11.905549"><ele>2344.3</ele></trkpt>
   <trkpt lat="46.254380" lon="11.905485"><ele>2346.1</ele></trkpt>
   <trkpt lat="46.254404" lon="11.905466"><ele>2346.7</ele></trkpt>
   <trkpt lat="46.254432" lon="11.905456"><ele>2347.2</ele></trkpt>
   <trkpt lat="46.254457" lon="11.905441"><ele>2347.6</ele></trkpt>
   <trkpt lat="46.254476" lon="11.905417"><ele>2348.0</ele></trkpt>
   <trkpt lat="46.254494" lon="11.905391"><ele>2348.4</ele></trkpt>
   <trkpt lat="46.254513" lon="11.905379"><ele>2348.8</ele></trkpt>
   <trkpt lat="46.254530" lon="11.905363"><ele>2349.2</ele></trkpt>
   <trkpt lat="46.254549" lon="11.905335"><ele>2349.8</ele></trkpt>
   <trkpt lat="46.254571" lon="11.905322"><ele>2350.2</ele></trkpt>
   <trkpt lat="46.254586" lon="11.905300"><ele>2350.6</ele></trkpt>
   <trkpt lat="46.254602" lon="11.905275"><ele>2350.9</ele></trkpt>
   <trkpt lat="46.254614" lon="11.905253"><ele>2351.4</ele></trkpt>
   <trkpt lat="46.254635" lon="11.905233"><ele>2351.8</ele></trkpt>
   <trkpt lat="46.254652" lon="11.905210"><ele>2352.2</ele></trkpt>
   <trkpt lat="46.254672" lon="11.905193"><ele>2352.6</ele></trkpt>
   <trkpt lat="46.254684" lon="11.905164"><ele>2353.3</ele></trkpt>
   <trkpt lat="46.254689" lon="11.905127"><ele>2354.2</ele></trkpt>
   <trkpt lat="46.254707" lon="11.905112"><ele>2354.8</ele></trkpt>
   <trkpt lat="46.254730" lon="11.905097"><ele>2355.4</ele></trkpt>
   <trkpt lat="46.254744" lon="11.905077"><ele>2356.0</ele></trkpt>
   <trkpt lat="46.254755" lon="11.905045"><ele>2356.8</ele></trkpt>
   <trkpt lat="46.254765" lon="11.905016"><ele>2357.6</ele></trkpt>
   <trkpt lat="46.254780" lon="11.904992"><ele>2358.8</ele></trkpt>
   <trkpt lat="46.254795" lon="11.904967"><ele>2360.0</ele></trkpt>
   <trkpt lat="46.254811" lon="11.904950"><ele>2360.4</ele></trkpt>
   <trkpt lat="46.254826" lon="11.904927"><ele>2360.8</ele></trkpt>
   <trkpt lat="46.254845" lon="11.904909"><ele>2361.2</ele></trkpt>
   <trkpt lat="46.254864" lon="11.904892"><ele>2361.6</ele></trkpt>
   <trkpt lat="46.254876" lon="11.904870"><ele>2362.0</ele></trkpt>
   <trkpt lat="46.254893" lon="11.904856"><ele>2362.2</ele></trkpt>
   <trkpt lat="46.254902" lon="11.904827"><ele>2362.4</ele></trkpt>
   <trkpt lat="46.254920" lon="11.904807"><ele>2362.6</ele></trkpt>
   <trkpt lat="46.254937" lon="11.904782"><ele>2362.8</ele></trkpt>
   <trkpt lat="46.254954" lon="11.904769"><ele>2363.0</ele></trkpt>
   <trkpt lat="46.254970" lon="11.904742"><ele>2363.4</ele></trkpt>
   <trkpt lat="46.254983" lon="11.904716"><ele>2363.8</ele></trkpt>
   <trkpt lat="46.254997" lon="11.904694"><ele>2364.2</ele></trkpt>
   <trkpt lat="46.255015" lon="11.904665"><ele>2364.8</ele></trkpt>
   <trkpt lat="46.255028" lon="11.904640"><ele>2365.2</ele></trkpt>
   <trkpt lat="46.255042" lon="11.904608"><ele>2365.6</ele></trkpt>
   <trkpt lat="46.255048" lon="11.904578"><ele>2366.0</ele></trkpt>
   <trkpt lat="46.255052" lon="11.904547"><ele>2366.4</ele></trkpt>
   <trkpt lat="46.255057" lon="11.904515"><ele>2366.8</ele></trkpt>
   <trkpt lat="46.255070" lon="11.904491"><ele>2367.3</ele></trkpt>
   <trkpt lat="46.255078" lon="11.904467"><ele>2367.9</ele></trkpt>
   <trkpt lat="46.255088" lon="11.904436"><ele>2368.5</ele></trkpt>
   <trkpt lat="46.255091" lon="11.904402"><ele>2369.1</ele></trkpt>
   <trkpt lat="46.255093" lon="11.904367"><ele>2369.7</ele></trkpt>
   <trkpt lat="46.255099" lon="11.904337"><ele>2370.2</ele></trkpt>
   <trkpt lat="46.255100" lon="11.904305"><ele>2370.6</ele></trkpt>
   <trkpt lat="46.255102" lon="11.904270"><ele>2371.0</ele></trkpt>
   <trkpt lat="46.255101" lon="11.904238"><ele>2371.4</ele></trkpt>
   <trkpt lat="46.255105" lon="11.904205"><ele>2371.8</ele></trkpt>
   <trkpt lat="46.255101" lon="11.904165"><ele>2372.1</ele></trkpt>
   <trkpt lat="46.255094" lon="11.904127"><ele>2372.3</ele></trkpt>
   <trkpt lat="46.255090" lon="11.904087"><ele>2372.5</ele></trkpt>
   <trkpt lat="46.255072" lon="11.904057"><ele>2372.8</ele></trkpt>
   <trkpt lat="46.255051" lon="11.904045"><ele>2373.0</ele></trkpt>
   <trkpt lat="46.255034" lon="11.904023"><ele>2373.6</ele></trkpt>
   <trkpt lat="46.255019" lon="11.904002"><ele>2374.2</ele></trkpt>
   <trkpt lat="46.255005" lon="11.903983"><ele>2374.8</ele></trkpt>
   <trkpt lat="46.254984" lon="11.903956"><ele>2375.4</ele></trkpt>
   <trkpt lat="46.254985" lon="11.903882"><ele>2376.9</ele></trkpt>
   <trkpt lat="46.254976" lon="11.903858"><ele>2378.0</ele></trkpt>
   <trkpt lat="46.254954" lon="11.903848"><ele>2380.8</ele></trkpt>
   <trkpt lat="46.254932" lon="11.903852"><ele>2387.9</ele></trkpt>
   <trkpt lat="46.254909" lon="11.903850"><ele>2390.4</ele></trkpt>
   <trkpt lat="46.254888" lon="11.903860"><ele>2391.8</ele></trkpt>
   <trkpt lat="46.254869" lon="11.903876"><ele>2393.2</ele></trkpt>
   <trkpt lat="46.254847" lon="11.903888"><ele>2394.6</ele></trkpt>
   <trkpt lat="46.254829" lon="11.903904"><ele>2396.3</ele></trkpt>
   <trkpt lat="46.254814" lon="11.903922"><ele>2397.5</ele></trkpt>
   <trkpt lat="46.254794" lon="11.903926"><ele>2399.3</ele></trkpt>
   <trkpt lat="46.254771" lon="11.903926"><ele>2400.5</ele></trkpt>
   <trkpt lat="46.254756" lon="11.903909"><ele>2401.4</ele></trkpt>
   <trkpt lat="46.254733" lon="11.903917"><ele>2402.6</ele></trkpt>
   <trkpt lat="46.254715" lon="11.903928"><ele>2403.2</ele></trkpt>
   <trkpt lat="46.254691" lon="11.903928"><ele>2404.1</ele></trkpt>
   <trkpt lat="46.254671" lon="11.903921"><ele>2405.0</ele></trkpt>
   <trkpt lat="46.254654" lon="11.903908"><ele>2406.2</ele></trkpt>
   <trkpt lat="46.254627" lon="11.903900"><ele>2407.4</ele></trkpt>
   <trkpt lat="46.254607" lon="11.903890"><ele>2408.0</ele></trkpt>
   <trkpt lat="46.254582" lon="11.903876"><ele>2408.2</ele></trkpt>
   <trkpt lat="46.254560" lon="11.903860"><ele>2408.4</ele></trkpt>
   <trkpt lat="46.254542" lon="11.903837"><ele>2408.6</ele></trkpt>
   <trkpt lat="46.254523" lon="11.903798"><ele>2408.8</ele></trkpt>
   <trkpt lat="46.254510" lon="11.903759"><ele>2409.0</ele></trkpt>
   <trkpt lat="46.254500" lon="11.903734"><ele>2409.2</ele></trkpt>
   <trkpt lat="46.254481" lon="11.903706"><ele>2409.5</ele></trkpt>
   <trkpt lat="46.254468" lon="11.903670"><ele>2409.7</ele></trkpt>
   <trkpt lat="46.254459" lon="11.903647"><ele>2409.9</ele></trkpt>
   <trkpt lat="46.254451" lon="11.903621"><ele>2410.0</ele></trkpt>
   <trkpt lat="46.254453" lon="11.903579"><ele>2410.0</ele></trkpt>
   <trkpt lat="46.254456" lon="11.903537"><ele>2410.0</ele></trkpt>
   <trkpt lat="46.254470" lon="11.903506"><ele>2410.0</ele></trkpt>
   <trkpt lat="46.254484" lon="11.903480"><ele>2410.4</ele></trkpt>
   <trkpt lat="46.254487" lon="11.903440"><ele>2410.7</ele></trkpt>
   <trkpt lat="46.254494" lon="11.903411"><ele>2410.9</ele></trkpt>
   <trkpt lat="46.254505" lon="11.903381"><ele>2411.1</ele></trkpt>
   <trkpt lat="46.254511" lon="11.903356"><ele>2411.4</ele></trkpt>
   <trkpt lat="46.254517" lon="11.903328"><ele>2411.7</ele></trkpt>
   <trkpt lat="46.254526" lon="11.903300"><ele>2411.9</ele></trkpt>
   <trkpt lat="46.254540" lon="11.903276"><ele>2412.1</ele></trkpt>
   <trkpt lat="46.254557" lon="11.903257"><ele>2412.3</ele></trkpt>
   <trkpt lat="46.254567" lon="11.903226"><ele>2412.6</ele></trkpt>
   <trkpt lat="46.254575" lon="11.903197"><ele>2412.9</ele></trkpt>
   <trkpt lat="46.254581" lon="11.903169"><ele>2413.1</ele></trkpt>
   <trkpt lat="46.254593" lon="11.903143"><ele>2413.5</ele></trkpt>
   <trkpt lat="46.254601" lon="11.903119"><ele>2413.7</ele></trkpt>
   <trkpt lat="46.254619" lon="11.903058"><ele>2414.4</ele></trkpt>
   <trkpt lat="46.254621" lon="11.903026"><ele>2415.0</ele></trkpt>
   <trkpt lat="46.254631" lon="11.902996"><ele>2415.6</ele></trkpt>
   <trkpt lat="46.254639" lon="11.902966"><ele>2416.1</ele></trkpt>
   <trkpt lat="46.254687" lon="11.902897"><ele>2416.9</ele></trkpt>
   <trkpt lat="46.254698" lon="11.902875"><ele>2417.2</ele></trkpt>
   <trkpt lat="46.254714" lon="11.902851"><ele>2417.8</ele></trkpt>
   <trkpt lat="46.254729" lon="11.902818"><ele>2418.4</ele></trkpt>
   <trkpt lat="46.254744" lon="11.902786"><ele>2419.0</ele></trkpt>
   <trkpt lat="46.254763" lon="11.902768"><ele>2419.6</ele></trkpt>
   <trkpt lat="46.254787" lon="11.902757"><ele>2420.2</ele></trkpt>
   <trkpt lat="46.254793" lon="11.902728"><ele>2420.8</ele></trkpt>
   <trkpt lat="46.254806" lon="11.902706"><ele>2421.4</ele></trkpt>
   <trkpt lat="46.254822" lon="11.902688"><ele>2422.0</ele></trkpt>
   <trkpt lat="46.254834" lon="11.902669"><ele>2422.6</ele></trkpt>
   <trkpt lat="46.254845" lon="11.902643"><ele>2423.2</ele></trkpt>
   <trkpt lat="46.254854" lon="11.902618"><ele>2423.6</ele></trkpt>
   <trkpt lat="46.254870" lon="11.902587"><ele>2424.2</ele></trkpt>
   <trkpt lat="46.254877" lon="11.902561"><ele>2424.6</ele></trkpt>
   <trkpt lat="46.254889" lon="11.902533"><ele>2424.9</ele></trkpt>
   <trkpt lat="46.254901" lon="11.902513"><ele>2425.2</ele></trkpt>
   <trkpt lat="46.254914" lon="11.902492"><ele>2425.4</ele></trkpt>
   <trkpt lat="46.254932" lon="11.902475"><ele>2425.6</ele></trkpt>
   <trkpt lat="46.254951" lon="11.902459"><ele>2425.8</ele></trkpt>
   <trkpt lat="46.254963" lon="11.902438"><ele>2426.0</ele></trkpt>
   <trkpt lat="46.255002" lon="11.902326"><ele>2428.7</ele></trkpt>
   <trkpt lat="46.255024" lon="11.902300"><ele>2429.8</ele></trkpt>
   <trkpt lat="46.255043" lon="11.902287"><ele>2431.0</ele></trkpt>
   <trkpt lat="46.255058" lon="11.902267"><ele>2433.0</ele></trkpt>
   <trkpt lat="46.255077" lon="11.902254"><ele>2434.6</ele></trkpt>
   <trkpt lat="46.255093" lon="11.902238"><ele>2436.2</ele></trkpt>
   <trkpt lat="46.255091" lon="11.902206"><ele>2437.6</ele></trkpt>
   <trkpt lat="46.255082" lon="11.902176"><ele>2438.5</ele></trkpt>
   <trkpt lat="46.255100" lon="11.902160"><ele>2439.7</ele></trkpt>
   <trkpt lat="46.255101" lon="11.902129"><ele>2443.0</ele></trkpt>
   <trkpt lat="46.255101" lon="11.902101"><ele>2446.0</ele></trkpt>
   <trkpt lat="46.255113" lon="11.902080"><ele>2447.5</ele></trkpt>
   <trkpt lat="46.255111" lon="11.902052"><ele>2448.7</ele></trkpt>
   <trkpt lat="46.255127" lon="11.902040"><ele>2450.2</ele></trkpt>
   <trkpt lat="46.255117" lon="11.902009"><ele>2451.4</ele></trkpt>
   <trkpt lat="46.255133" lon="11.901991"><ele>2452.6</ele></trkpt>
   <trkpt lat="46.255147" lon="11.901971"><ele>2454.1</ele></trkpt>
   <trkpt lat="46.255164" lon="11.901952"><ele>2455.2</ele></trkpt>
   <trkpt lat="46.255163" lon="11.901922"><ele>2456.0</ele></trkpt>
   <trkpt lat="46.255180" lon="11.901913"><ele>2456.8</ele></trkpt>
   <trkpt lat="46.255190" lon="11.901890"><ele>2457.4</ele></trkpt>
   <trkpt lat="46.255213" lon="11.901875"><ele>2458.0</ele></trkpt>
   <trkpt lat="46.255226" lon="11.901848"><ele>2458.8</ele></trkpt>
   <trkpt lat="46.255231" lon="11.901820"><ele>2459.4</ele></trkpt>
   <trkpt lat="46.255238" lon="11.901788"><ele>2460.0</ele></trkpt>
   <trkpt lat="46.255247" lon="11.901756"><ele>2461.2</ele></trkpt>
   <trkpt lat="46.255263" lon="11.901735"><ele>2462.0</ele></trkpt>
   <trkpt lat="46.255277" lon="11.901708"><ele>2462.8</ele></trkpt>
   <trkpt lat="46.255287" lon="11.901686"><ele>2463.6</ele></trkpt>
   <trkpt lat="46.255296" lon="11.901659"><ele>2464.3</ele></trkpt>
   <trkpt lat="46.255304" lon="11.901622"><ele>2465.2</ele></trkpt>
   <trkpt lat="46.255316" lon="11.901596"><ele>2465.8</ele></trkpt>
   <trkpt lat="46.255329" lon="11.901569"><ele>2467.4</ele></trkpt>
   <trkpt lat="46.255335" lon="11.901536"><ele>2467.7</ele></trkpt>
   <trkpt lat="46.255342" lon="11.901508"><ele>2467.9</ele></trkpt>
   <trkpt lat="46.255350" lon="11.901469"><ele>2468.1</ele></trkpt>
   <trkpt lat="46.255354" lon="11.901424"><ele>2468.3</ele></trkpt>
   <trkpt lat="46.255364" lon="11.901376"><ele>2468.5</ele></trkpt>
   <trkpt lat="46.255377" lon="11.901357"><ele>2468.6</ele></trkpt>
   <trkpt lat="46.255399" lon="11.901319"><ele>2468.8</ele></trkpt>
   <trkpt lat="46.255404" lon="11.901290"><ele>2468.9</ele></trkpt>
   <trkpt lat="46.255409" lon="11.901256"><ele>2469.0</ele></trkpt>
   <trkpt lat="46.255416" lon="11.901225"><ele>2468.9</ele></trkpt>
   <trkpt lat="46.255427" lon="11.901195"><ele>2468.8</ele></trkpt>
   <trkpt lat="46.255440" lon="11.901167"><ele>2468.7</ele></trkpt>
   <trkpt lat="46.255456" lon="11.901145"><ele>2468.6</ele></trkpt>
   <trkpt lat="46.255465" lon="11.901120"><ele>2468.5</ele></trkpt>
   <trkpt lat="46.255473" lon="11.901093"><ele>2468.4</ele></trkpt>
   <trkpt lat="46.255481" lon="11.901065"><ele>2468.3</ele></trkpt>
   <trkpt lat="46.255490" lon="11.901036"><ele>2468.2</ele></trkpt>
   <trkpt lat="46.255497" lon="11.901007"><ele>2468.1</ele></trkpt>
   <trkpt lat="46.255499" lon="11.900976"><ele>2468.0</ele></trkpt>
   <trkpt lat="46.255501" lon="11.900946"><ele>2468.0</ele></trkpt>
   <trkpt lat="46.255503" lon="11.900913"><ele>2468.0</ele></trkpt>
   <trkpt lat="46.255509" lon="11.900877"><ele>2468.0</ele></trkpt>
   <trkpt lat="46.255519" lon="11.900844"><ele>2468.0</ele></trkpt>
   <trkpt lat="46.255530" lon="11.900815"><ele>2468.0</ele></trkpt>
   <trkpt lat="46.255539" lon="11.900785"><ele>2468.0</ele></trkpt>
   <trkpt lat="46.255547" lon="11.900753"><ele>2468.0</ele></trkpt>
   <trkpt lat="46.255553" lon="11.900721"><ele>2468.0</ele></trkpt>
   <trkpt lat="46.255553" lon="11.900685"><ele>2468.0</ele></trkpt>
   <trkpt lat="46.255553" lon="11.900653"><ele>2468.0</ele></trkpt>
   <trkpt lat="46.255556" lon="11.900621"><ele>2467.9</ele></trkpt>
   <trkpt lat="46.255560" lon="11.900592"><ele>2467.8</ele></trkpt>
   <trkpt lat="46.255563" lon="11.900563"><ele>2467.7</ele></trkpt>
   <trkpt lat="46.255568" lon="11.900533"><ele>2467.6</ele></trkpt>
   <trkpt lat="46.255573" lon="11.900506"><ele>2467.5</ele></trkpt>
   <trkpt lat="46.255577" lon="11.900477"><ele>2467.4</ele></trkpt>
   <trkpt lat="46.255584" lon="11.900442"><ele>2467.3</ele></trkpt>
   <trkpt lat="46.255589" lon="11.900412"><ele>2467.2</ele></trkpt>
   <trkpt lat="46.255595" lon="11.900386"><ele>2467.1</ele></trkpt>
   <trkpt lat="46.255593" lon="11.900338"><ele>2466.9</ele></trkpt>
   <trkpt lat="46.255587" lon="11.900313"><ele>2466.8</ele></trkpt>
   <trkpt lat="46.255576" lon="11.900264"><ele>2466.6</ele></trkpt>
   <trkpt lat="46.255562" lon="11.900224"><ele>2466.4</ele></trkpt>
   <trkpt lat="46.255551" lon="11.900185"><ele>2466.2</ele></trkpt>
   <trkpt lat="46.255566" lon="11.900158"><ele>2466.0</ele></trkpt>
   <trkpt lat="46.255566" lon="11.900116"><ele>2465.6</ele></trkpt>
   <trkpt lat="46.255544" lon="11.900075"><ele>2465.2</ele></trkpt>
   <trkpt lat="46.255540" lon="11.900049"><ele>2465.0</ele></trkpt>
   <trkpt lat="46.255547" lon="11.900017"><ele>2464.8</ele></trkpt>
   <trkpt lat="46.255557" lon="11.899989"><ele>2464.6</ele></trkpt>
   <trkpt lat="46.255570" lon="11.899958"><ele>2464.4</ele></trkpt>
   <trkpt lat="46.255583" lon="11.899926"><ele>2464.2</ele></trkpt>
   <trkpt lat="46.255587" lon="11.899892"><ele>2464.0</ele></trkpt>
   <trkpt lat="46.255585" lon="11.899857"><ele>2463.8</ele></trkpt>
   <trkpt lat="46.255581" lon="11.899825"><ele>2463.6</ele></trkpt>
   <trkpt lat="46.255577" lon="11.899792"><ele>2463.4</ele></trkpt>
   <trkpt lat="46.255578" lon="11.899756"><ele>2463.2</ele></trkpt>
   <trkpt lat="46.255587" lon="11.899719"><ele>2463.0</ele></trkpt>
   <trkpt lat="46.255601" lon="11.899688"><ele>2462.8</ele></trkpt>
   <trkpt lat="46.255616" lon="11.899658"><ele>2462.6</ele></trkpt>
   <trkpt lat="46.255628" lon="11.899628"><ele>2462.4</ele></trkpt>
   <trkpt lat="46.255638" lon="11.899595"><ele>2462.2</ele></trkpt>
   <trkpt lat="46.255646" lon="11.899551"><ele>2462.0</ele></trkpt>
   <trkpt lat="46.255650" lon="11.899514"><ele>2461.9</ele></trkpt>
   <trkpt lat="46.255648" lon="11.899482"><ele>2461.8</ele></trkpt>
   <trkpt lat="46.255647" lon="11.899445"><ele>2461.7</ele></trkpt>
   <trkpt lat="46.255650" lon="11.899412"><ele>2461.6</ele></trkpt>
   <trkpt lat="46.255654" lon="11.899379"><ele>2461.5</ele></trkpt>
   <trkpt lat="46.255657" lon="11.899342"><ele>2461.4</ele></trkpt>
   <trkpt lat="46.255664" lon="11.899309"><ele>2461.3</ele></trkpt>
   <trkpt lat="46.255668" lon="11.899275"><ele>2461.2</ele></trkpt>
   <trkpt lat="46.255668" lon="11.899230"><ele>2461.0</ele></trkpt>
   <trkpt lat="46.255666" lon="11.899203"><ele>2460.8</ele></trkpt>
   <trkpt lat="46.255661" lon="11.899177"><ele>2460.4</ele></trkpt>
   <trkpt lat="46.255668" lon="11.899149"><ele>2460.0</ele></trkpt>
   <trkpt lat="46.255658" lon="11.899112"><ele>2459.6</ele></trkpt>
   <trkpt lat="46.255675" lon="11.899096"><ele>2459.2</ele></trkpt>
   <trkpt lat="46.255698" lon="11.899062"><ele>2458.9</ele></trkpt>
   <trkpt lat="46.255712" lon="11.899036"><ele>2458.8</ele></trkpt>
   <trkpt lat="46.255724" lon="11.899011"><ele>2458.7</ele></trkpt>
   <trkpt lat="46.255730" lon="11.898978"><ele>2458.6</ele></trkpt>
   <trkpt lat="46.255734" lon="11.898950"><ele>2458.5</ele></trkpt>
   <trkpt lat="46.255724" lon="11.898894"><ele>2458.3</ele></trkpt>
   <trkpt lat="46.255717" lon="11.898855"><ele>2458.2</ele></trkpt>
   <trkpt lat="46.255719" lon="11.898825"><ele>2458.1</ele></trkpt>
   <trkpt lat="46.255719" lon="11.898790"><ele>2458.0</ele></trkpt>
   <trkpt lat="46.255719" lon="11.898758"><ele>2458.0</ele></trkpt>
   <trkpt lat="46.255722" lon="11.898724"><ele>2458.0</ele></trkpt>
   <trkpt lat="46.255724" lon="11.898695"><ele>2458.0</ele></trkpt>
   <trkpt lat="46.255712" lon="11.898672"><ele>2458.0</ele></trkpt>
   <trkpt lat="46.255700" lon="11.898648"><ele>2458.0</ele></trkpt>
   <trkpt lat="46.255692" lon="11.898613"><ele>2458.0</ele></trkpt>
   <trkpt lat="46.255686" lon="11.898580"><ele>2458.0</ele></trkpt>
   <trkpt lat="46.255684" lon="11.898530"><ele>2458.0</ele></trkpt>
   <trkpt lat="46.255686" lon="11.898500"><ele>2458.0</ele></trkpt>
   <trkpt lat="46.255695" lon="11.898449"><ele>2457.6</ele></trkpt>
   <trkpt lat="46.255698" lon="11.898419"><ele>2457.4</ele></trkpt>
   <trkpt lat="46.255704" lon="11.898392"><ele>2457.2</ele></trkpt>
   <trkpt lat="46.255712" lon="11.898364"><ele>2457.0</ele></trkpt>
   <trkpt lat="46.255720" lon="11.898337"><ele>2456.8</ele></trkpt>
   <trkpt lat="46.255736" lon="11.898306"><ele>2456.4</ele></trkpt>
   <trkpt lat="46.255751" lon="11.898280"><ele>2456.0</ele></trkpt>
   <trkpt lat="46.255770" lon="11.898248"><ele>2455.6</ele></trkpt>
   <trkpt lat="46.255771" lon="11.898205"><ele>2455.2</ele></trkpt>
   <trkpt lat="46.255778" lon="11.898171"><ele>2454.8</ele></trkpt>
   <trkpt lat="46.255788" lon="11.898146"><ele>2454.4</ele></trkpt>
   <trkpt lat="46.255807" lon="11.898126"><ele>2454.0</ele></trkpt>
   <trkpt lat="46.255823" lon="11.898110"><ele>2453.8</ele></trkpt>
   <trkpt lat="46.255842" lon="11.898094"><ele>2453.6</ele></trkpt>
   <trkpt lat="46.255858" lon="11.898070"><ele>2453.4</ele></trkpt>
   <trkpt lat="46.255873" lon="11.898046"><ele>2453.2</ele></trkpt>
   <trkpt lat="46.255884" lon="11.898008"><ele>2452.8</ele></trkpt>
   <trkpt lat="46.255888" lon="11.897972"><ele>2452.4</ele></trkpt>
   <trkpt lat="46.255900" lon="11.897935"><ele>2452.0</ele></trkpt>
   <trkpt lat="46.255902" lon="11.897886"><ele>2451.8</ele></trkpt>
   <trkpt lat="46.255917" lon="11.897851"><ele>2451.6</ele></trkpt>
   <trkpt lat="46.255936" lon="11.897823"><ele>2451.4</ele></trkpt>
   <trkpt lat="46.255922" lon="11.897787"><ele>2451.2</ele></trkpt>
   <trkpt lat="46.255920" lon="11.897751"><ele>2451.0</ele></trkpt>
   <trkpt lat="46.255924" lon="11.897709"><ele>2450.8</ele></trkpt>
   <trkpt lat="46.255939" lon="11.897680"><ele>2450.6</ele></trkpt>
   <trkpt lat="46.255952" lon="11.897648"><ele>2450.4</ele></trkpt>
   <trkpt lat="46.255959" lon="11.897611"><ele>2450.2</ele></trkpt>
   <trkpt lat="46.255976" lon="11.897580"><ele>2450.0</ele></trkpt>
   <trkpt lat="46.255991" lon="11.897541"><ele>2450.0</ele></trkpt>
   <trkpt lat="46.256008" lon="11.897518"><ele>2450.0</ele></trkpt>
   <trkpt lat="46.256005" lon="11.897490"><ele>2450.0</ele></trkpt>
   <trkpt lat="46.256020" lon="11.897470"><ele>2450.0</ele></trkpt>
   <trkpt lat="46.256002" lon="11.897445"><ele>2450.0</ele></trkpt>
   <trkpt lat="46.255985" lon="11.897426"><ele>2450.0</ele></trkpt>
   <trkpt lat="46.255987" lon="11.897398"><ele>2450.0</ele></trkpt>
   <trkpt lat="46.256008" lon="11.897376"><ele>2450.0</ele></trkpt>
   <trkpt lat="46.256030" lon="11.897365"><ele>2450.0</ele></trkpt>
   <trkpt lat="46.256035" lon="11.897333"><ele>2450.0</ele></trkpt>
   <trkpt lat="46.256047" lon="11.897310"><ele>2450.0</ele></trkpt>
   <trkpt lat="46.256053" lon="11.897280"><ele>2450.2</ele></trkpt>
   <trkpt lat="46.256059" lon="11.897252"><ele>2450.5</ele></trkpt>
   <trkpt lat="46.256052" lon="11.897221"><ele>2450.8</ele></trkpt>
   <trkpt lat="46.256053" lon="11.897184"><ele>2451.3</ele></trkpt>
   <trkpt lat="46.256070" lon="11.897168"><ele>2452.0</ele></trkpt>
   <trkpt lat="46.256090" lon="11.897163"><ele>2452.8</ele></trkpt>
   <trkpt lat="46.256088" lon="11.897133"><ele>2453.6</ele></trkpt>
   <trkpt lat="46.256092" lon="11.897098"><ele>2454.4</ele></trkpt>
   <trkpt lat="46.256102" lon="11.897068"><ele>2455.2</ele></trkpt>
   <trkpt lat="46.256125" lon="11.897070"><ele>2455.9</ele></trkpt>
   <trkpt lat="46.256148" lon="11.897083"><ele>2456.8</ele></trkpt>
   <trkpt lat="46.256162" lon="11.897103"><ele>2457.6</ele></trkpt>
   <trkpt lat="46.256184" lon="11.897094"><ele>2458.2</ele></trkpt>
   <trkpt lat="46.256198" lon="11.897078"><ele>2458.5</ele></trkpt>
   <trkpt lat="46.256220" lon="11.897061"><ele>2458.9</ele></trkpt>
   <trkpt lat="46.256238" lon="11.897055"><ele>2459.2</ele></trkpt>
   <trkpt lat="46.256249" lon="11.897086"><ele>2459.5</ele></trkpt>
   <trkpt lat="46.256266" lon="11.897107"><ele>2459.8</ele></trkpt>
   <trkpt lat="46.256286" lon="11.897101"><ele>2460.2</ele></trkpt>
   <trkpt lat="46.256300" lon="11.897079"><ele>2460.8</ele></trkpt>
   <trkpt lat="46.256304" lon="11.897051"><ele>2461.2</ele></trkpt>
   <trkpt lat="46.256325" lon="11.897046"><ele>2462.3</ele></trkpt>
   <trkpt lat="46.256338" lon="11.897022"><ele>2463.5</ele></trkpt>
   <trkpt lat="46.256330" lon="11.896991"><ele>2464.1</ele></trkpt>
   <trkpt lat="46.256318" lon="11.896950"><ele>2464.7</ele></trkpt>
   <trkpt lat="46.256339" lon="11.896950"><ele>2465.3</ele></trkpt>
   <trkpt lat="46.256356" lon="11.896935"><ele>2465.7</ele></trkpt>
   <trkpt lat="46.256353" lon="11.896907"><ele>2465.9</ele></trkpt>
   <trkpt lat="46.256373" lon="11.896897"><ele>2466.4</ele></trkpt>
   <trkpt lat="46.256378" lon="11.896871"><ele>2467.4</ele></trkpt>
   <trkpt lat="46.256385" lon="11.896844"><ele>2468.0</ele></trkpt>
   <trkpt lat="46.256381" lon="11.896817"><ele>2469.2</ele></trkpt>
   <trkpt lat="46.256377" lon="11.896790"><ele>2470.1</ele></trkpt>
   <trkpt lat="46.256394" lon="11.896777"><ele>2471.4</ele></trkpt>
   <trkpt lat="46.256410" lon="11.896790"><ele>2471.8</ele></trkpt>
   <trkpt lat="46.256430" lon="11.896794"><ele>2472.4</ele></trkpt>
   <trkpt lat="46.256451" lon="11.896809"><ele>2473.3</ele></trkpt>
   <trkpt lat="46.256465" lon="11.896825"><ele>2474.2</ele></trkpt>
   <trkpt lat="46.256480" lon="11.896807"><ele>2475.4</ele></trkpt>
   <trkpt lat="46.256486" lon="11.896773"><ele>2476.4</ele></trkpt>
   <trkpt lat="46.256484" lon="11.896739"><ele>2477.0</ele></trkpt>
   <trkpt lat="46.256478" lon="11.896701"><ele>2477.6</ele></trkpt>
   <trkpt lat="46.256475" lon="11.896663"><ele>2478.1</ele></trkpt>
   <trkpt lat="46.256479" lon="11.896636"><ele>2478.5</ele></trkpt>
   <trkpt lat="46.256485" lon="11.896604"><ele>2478.9</ele></trkpt>
   <trkpt lat="46.256480" lon="11.896572"><ele>2479.6</ele></trkpt>
   <trkpt lat="46.256500" lon="11.896559"><ele>2480.4</ele></trkpt>
   <trkpt lat="46.256520" lon="11.896575"><ele>2481.3</ele></trkpt>
   <trkpt lat="46.256538" lon="11.896572"><ele>2483.1</ele></trkpt>
   <trkpt lat="46.256546" lon="11.896544"><ele>2485.5</ele></trkpt>
   <trkpt lat="46.256547" lon="11.896513"><ele>2486.7</ele></trkpt>
   <trkpt lat="46.256551" lon="11.896486"><ele>2487.6</ele></trkpt>
   <trkpt lat="46.256555" lon="11.896454"><ele>2488.8</ele></trkpt>
   <trkpt lat="46.256549" lon="11.896429"><ele>2489.7</ele></trkpt>
   <trkpt lat="46.256539" lon="11.896400"><ele>2490.2</ele></trkpt>
   <trkpt lat="46.256530" lon="11.896361"><ele>2490.8</ele></trkpt>
   <trkpt lat="46.256522" lon="11.896334"><ele>2491.4</ele></trkpt>
   <trkpt lat="46.256504" lon="11.896311"><ele>2492.0</ele></trkpt>
   <trkpt lat="46.256483" lon="11.896312"><ele>2492.6</ele></trkpt>
   <trkpt lat="46.256466" lon="11.896304"><ele>2493.2</ele></trkpt>
   <trkpt lat="46.256472" lon="11.896276"><ele>2494.0</ele></trkpt>
   <trkpt lat="46.256470" lon="11.896249"><ele>2495.2</ele></trkpt>
   <trkpt lat="46.256465" lon="11.896217"><ele>2496.0</ele></trkpt>
   <trkpt lat="46.256462" lon="11.896186"><ele>2496.9</ele></trkpt>
   <trkpt lat="46.256461" lon="11.896149"><ele>2497.4</ele></trkpt>
   <trkpt lat="46.256471" lon="11.896098"><ele>2497.8</ele></trkpt>
   <trkpt lat="46.256479" lon="11.896060"><ele>2498.2</ele></trkpt>
   <trkpt lat="46.256490" lon="11.896026"><ele>2498.6</ele></trkpt>
   <trkpt lat="46.256511" lon="11.896006"><ele>2499.0</ele></trkpt>
   <trkpt lat="46.256526" lon="11.895981"><ele>2499.6</ele></trkpt>
   <trkpt lat="46.256544" lon="11.895959"><ele>2500.2</ele></trkpt>
   <trkpt lat="46.256558" lon="11.895940"><ele>2500.6</ele></trkpt>
   <trkpt lat="46.256568" lon="11.895902"><ele>2501.3</ele></trkpt>
   <trkpt lat="46.256573" lon="11.895871"><ele>2501.9</ele></trkpt>
   <trkpt lat="46.256583" lon="11.895845"><ele>2502.5</ele></trkpt>
   <trkpt lat="46.256593" lon="11.895814"><ele>2503.1</ele></trkpt>
   <trkpt lat="46.256605" lon="11.895779"><ele>2503.7</ele></trkpt>
   <trkpt lat="46.256616" lon="11.895751"><ele>2504.1</ele></trkpt>
   <trkpt lat="46.256621" lon="11.895718"><ele>2504.3</ele></trkpt>
   <trkpt lat="46.256625" lon="11.895673"><ele>2504.5</ele></trkpt>
   <trkpt lat="46.256642" lon="11.895628"><ele>2504.7</ele></trkpt>
   <trkpt lat="46.256645" lon="11.895600"><ele>2504.8</ele></trkpt>
   <trkpt lat="46.256653" lon="11.895577"><ele>2504.9</ele></trkpt>
   <trkpt lat="46.256667" lon="11.895552"><ele>2505.0</ele></trkpt>
   <trkpt lat="46.256687" lon="11.895514"><ele>2505.4</ele></trkpt>
   <trkpt lat="46.256698" lon="11.895480"><ele>2505.8</ele></trkpt>
   <trkpt lat="46.256694" lon="11.895443"><ele>2506.2</ele></trkpt>
   <trkpt lat="46.256698" lon="11.895399"><ele>2506.6</ele></trkpt>
   <trkpt lat="46.256698" lon="11.895372"><ele>2506.8</ele></trkpt>
   <trkpt lat="46.256688" lon="11.895323"><ele>2507.1</ele></trkpt>
   <trkpt lat="46.256687" lon="11.895277"><ele>2507.3</ele></trkpt>
   <trkpt lat="46.256692" lon="11.895250"><ele>2507.5</ele></trkpt>
   <trkpt lat="46.256693" lon="11.895215"><ele>2507.8</ele></trkpt>
   <trkpt lat="46.256689" lon="11.895186"><ele>2508.0</ele></trkpt>
   <trkpt lat="46.256684" lon="11.895155"><ele>2508.2</ele></trkpt>
   <trkpt lat="46.256678" lon="11.895119"><ele>2508.4</ele></trkpt>
   <trkpt lat="46.256680" lon="11.895083"><ele>2508.6</ele></trkpt>
   <trkpt lat="46.256684" lon="11.895049"><ele>2508.8</ele></trkpt>
   <trkpt lat="46.256683" lon="11.895058"><ele>2510.0</ele></trkpt>
   <trkpt lat="46.256692" lon="11.895033"><ele>2513.0</ele></trkpt>
   <trkpt lat="46.256694" lon="11.895017"><ele>2513.2</ele></trkpt>
   <trkpt lat="46.256688" lon="11.894989"><ele>2513.7</ele></trkpt>
   <trkpt lat="46.256689" lon="11.894963"><ele>2514.1</ele></trkpt>
   <trkpt lat="46.256695" lon="11.894937"><ele>2514.5</ele></trkpt>
   <trkpt lat="46.256689" lon="11.894905"><ele>2515.1</ele></trkpt>
   <trkpt lat="46.256695" lon="11.894879"><ele>2515.4</ele></trkpt>
   <trkpt lat="46.256715" lon="11.894876"><ele>2515.6</ele></trkpt>
   <trkpt lat="46.256735" lon="11.894859"><ele>2515.9</ele></trkpt>
   <trkpt lat="46.256758" lon="11.894834"><ele>2516.0</ele></trkpt>
   <trkpt lat="46.256775" lon="11.894822"><ele>2516.0</ele></trkpt>
   <trkpt lat="46.256791" lon="11.894809"><ele>2516.0</ele></trkpt>
   <trkpt lat="46.256804" lon="11.894789"><ele>2516.0</ele></trkpt>
   <trkpt lat="46.256835" lon="11.894764"><ele>2516.0</ele></trkpt>
   <trkpt lat="46.256854" lon="11.894760"><ele>2516.0</ele></trkpt>
   <trkpt lat="46.256878" lon="11.894752"><ele>2516.0</ele></trkpt>
   <trkpt lat="46.256906" lon="11.894735"><ele>2516.0</ele></trkpt>
   <trkpt lat="46.256934" lon="11.894712"><ele>2516.0</ele></trkpt>
   <trkpt lat="46.256951" lon="11.894697"><ele>2516.0</ele></trkpt>
   <trkpt lat="46.256970" lon="11.894684"><ele>2516.0</ele></trkpt>
   <trkpt lat="46.256989" lon="11.894668"><ele>2516.0</ele></trkpt>
   <trkpt lat="46.257003" lon="11.894646"><ele>2516.0</ele></trkpt>
   <trkpt lat="46.257022" lon="11.894628"><ele>2516.0</ele></trkpt>
   <trkpt lat="46.257042" lon="11.894618"><ele>2516.0</ele></trkpt>
   <trkpt lat="46.257072" lon="11.894595"><ele>2515.9</ele></trkpt>
   <trkpt lat="46.257098" lon="11.894568"><ele>2515.7</ele></trkpt>
   <trkpt lat="46.257114" lon="11.894547"><ele>2515.5</ele></trkpt>
   <trkpt lat="46.257132" lon="11.894542"><ele>2515.3</ele></trkpt>
   <trkpt lat="46.257166" lon="11.894518"><ele>2515.1</ele></trkpt>
   <trkpt lat="46.257184" lon="11.894503"><ele>2515.0</ele></trkpt>
   <trkpt lat="46.257201" lon="11.894488"><ele>2514.9</ele></trkpt>
   <trkpt lat="46.257226" lon="11.894481"><ele>2514.8</ele></trkpt>
   <trkpt lat="46.257248" lon="11.894475"><ele>2514.7</ele></trkpt>
   <trkpt lat="46.257266" lon="11.894464"><ele>2514.6</ele></trkpt>
   <trkpt lat="46.257288" lon="11.894466"><ele>2514.5</ele></trkpt>
   <trkpt lat="46.257312" lon="11.894476"><ele>2514.4</ele></trkpt>
   <trkpt lat="46.257337" lon="11.894478"><ele>2514.3</ele></trkpt>
   <trkpt lat="46.257358" lon="11.894472"><ele>2514.2</ele></trkpt>
   <trkpt lat="46.257382" lon="11.894468"><ele>2514.1</ele></trkpt>
   <trkpt lat="46.257400" lon="11.894461"><ele>2514.0</ele></trkpt>
   <trkpt lat="46.257420" lon="11.894455"><ele>2513.9</ele></trkpt>
   <trkpt lat="46.257454" lon="11.894439"><ele>2513.7</ele></trkpt>
   <trkpt lat="46.257488" lon="11.894432"><ele>2513.5</ele></trkpt>
   <trkpt lat="46.257521" lon="11.894421"><ele>2513.3</ele></trkpt>
   <trkpt lat="46.257541" lon="11.894410"><ele>2513.2</ele></trkpt>
   <trkpt lat="46.257562" lon="11.894396"><ele>2513.1</ele></trkpt>
   <trkpt lat="46.257583" lon="11.894378"><ele>2513.0</ele></trkpt>
   <trkpt lat="46.257608" lon="11.894362"><ele>2512.9</ele></trkpt>
   <trkpt lat="46.257630" lon="11.894348"><ele>2512.8</ele></trkpt>
   <trkpt lat="46.257656" lon="11.894337"><ele>2512.7</ele></trkpt>
   <trkpt lat="46.257678" lon="11.894324"><ele>2512.6</ele></trkpt>
   <trkpt lat="46.257698" lon="11.894308"><ele>2512.5</ele></trkpt>
   <trkpt lat="46.257718" lon="11.894292"><ele>2512.4</ele></trkpt>
   <trkpt lat="46.257735" lon="11.894272"><ele>2512.3</ele></trkpt>
   <trkpt lat="46.257749" lon="11.894247"><ele>2512.2</ele></trkpt>
   <trkpt lat="46.257766" lon="11.894225"><ele>2512.1</ele></trkpt>
   <trkpt lat="46.257780" lon="11.894203"><ele>2512.0</ele></trkpt>
   <trkpt lat="46.257794" lon="11.894180"><ele>2511.9</ele></trkpt>
   <trkpt lat="46.257808" lon="11.894156"><ele>2511.7</ele></trkpt>
   <trkpt lat="46.257834" lon="11.894127"><ele>2511.2</ele></trkpt>
   <trkpt lat="46.257853" lon="11.894112"><ele>2511.0</ele></trkpt>
   <trkpt lat="46.257874" lon="11.894093"><ele>2510.8</ele></trkpt>
   <trkpt lat="46.257896" lon="11.894075"><ele>2510.6</ele></trkpt>
   <trkpt lat="46.257912" lon="11.894053"><ele>2510.4</ele></trkpt>
   <trkpt lat="46.257925" lon="11.894022"><ele>2510.2</ele></trkpt>
   <trkpt lat="46.257932" lon="11.893994"><ele>2510.0</ele></trkpt>
   <trkpt lat="46.257944" lon="11.893967"><ele>2509.9</ele></trkpt>
   <trkpt lat="46.257959" lon="11.893941"><ele>2509.8</ele></trkpt>
   <trkpt lat="46.257976" lon="11.893917"><ele>2509.7</ele></trkpt>
   <trkpt lat="46.257991" lon="11.893895"><ele>2509.6</ele></trkpt>
   <trkpt lat="46.258002" lon="11.893871"><ele>2509.5</ele></trkpt>
   <trkpt lat="46.258024" lon="11.893834"><ele>2509.3</ele></trkpt>
   <trkpt lat="46.258042" lon="11.893822"><ele>2509.2</ele></trkpt>
   <trkpt lat="46.258056" lon="11.893806"><ele>2509.1</ele></trkpt>
   <trkpt lat="46.258070" lon="11.893783"><ele>2509.0</ele></trkpt>
   <trkpt lat="46.258081" lon="11.893728"><ele>2508.6</ele></trkpt>
   <trkpt lat="46.258095" lon="11.893709"><ele>2508.4</ele></trkpt>
   <trkpt lat="46.258104" lon="11.893674"><ele>2508.0</ele></trkpt>
   <trkpt lat="46.258106" lon="11.893643"><ele>2507.8</ele></trkpt>
   <trkpt lat="46.258109" lon="11.893614"><ele>2507.6</ele></trkpt>
   <trkpt lat="46.258095" lon="11.893574"><ele>2507.2</ele></trkpt>
   <trkpt lat="46.258080" lon="11.893523"><ele>2507.0</ele></trkpt>
   <trkpt lat="46.258072" lon="11.893495"><ele>2507.0</ele></trkpt>
   <trkpt lat="46.258066" lon="11.893465"><ele>2507.0</ele></trkpt>
   <trkpt lat="46.258062" lon="11.893426"><ele>2507.0</ele></trkpt>
   <trkpt lat="46.258054" lon="11.893396"><ele>2507.0</ele></trkpt>
   <trkpt lat="46.258048" lon="11.893372"><ele>2507.0</ele></trkpt>
   <trkpt lat="46.258033" lon="11.893331"><ele>2507.0</ele></trkpt>
   <trkpt lat="46.258022" lon="11.893279"><ele>2507.0</ele></trkpt>
   <trkpt lat="46.258021" lon="11.893251"><ele>2506.9</ele></trkpt>
   <trkpt lat="46.258026" lon="11.893222"><ele>2506.8</ele></trkpt>
   <trkpt lat="46.258031" lon="11.893187"><ele>2506.7</ele></trkpt>
   <trkpt lat="46.258035" lon="11.893150"><ele>2506.6</ele></trkpt>
   <trkpt lat="46.258036" lon="11.893120"><ele>2506.5</ele></trkpt>
   <trkpt lat="46.258030" lon="11.893091"><ele>2506.4</ele></trkpt>
   <trkpt lat="46.258017" lon="11.893057"><ele>2506.3</ele></trkpt>
   <trkpt lat="46.258002" lon="11.893030"><ele>2506.2</ele></trkpt>
   <trkpt lat="46.257986" lon="11.892997"><ele>2506.1</ele></trkpt>
   <trkpt lat="46.257973" lon="11.892963"><ele>2506.0</ele></trkpt>
   <trkpt lat="46.257963" lon="11.892929"><ele>2505.9</ele></trkpt>
   <trkpt lat="46.257954" lon="11.892894"><ele>2505.8</ele></trkpt>
   <trkpt lat="46.257948" lon="11.892863"><ele>2505.7</ele></trkpt>
   <trkpt lat="46.257937" lon="11.892834"><ele>2505.6</ele></trkpt>
   <trkpt lat="46.257928" lon="11.892808"><ele>2505.5</ele></trkpt>
   <trkpt lat="46.257920" lon="11.892782"><ele>2505.4</ele></trkpt>
   <trkpt lat="46.257912" lon="11.892741"><ele>2505.2</ele></trkpt>
   <trkpt lat="46.257910" lon="11.892703"><ele>2505.0</ele></trkpt>
   <trkpt lat="46.257926" lon="11.892675"><ele>2504.8</ele></trkpt>
   <trkpt lat="46.257944" lon="11.892659"><ele>2504.6</ele></trkpt>
   <trkpt lat="46.257958" lon="11.892642"><ele>2504.4</ele></trkpt>
   <trkpt lat="46.257968" lon="11.892611"><ele>2504.2</ele></trkpt>
   <trkpt lat="46.257974" lon="11.892577"><ele>2504.0</ele></trkpt>
   <trkpt lat="46.257982" lon="11.892552"><ele>2504.0</ele></trkpt>
   <trkpt lat="46.257997" lon="11.892537"><ele>2504.0</ele></trkpt>
   <trkpt lat="46.258073" lon="11.892486"><ele>2504.0</ele></trkpt>
   <trkpt lat="46.258080" lon="11.892450"><ele>2504.0</ele></trkpt>
   <trkpt lat="46.258097" lon="11.892408"><ele>2504.0</ele></trkpt>
   <trkpt lat="46.258111" lon="11.892380"><ele>2504.0</ele></trkpt>
   <trkpt lat="46.258119" lon="11.892349"><ele>2504.0</ele></trkpt>
   <trkpt lat="46.258136" lon="11.892332"><ele>2504.3</ele></trkpt>
   <trkpt lat="46.258154" lon="11.892334"><ele>2504.6</ele></trkpt>
   <trkpt lat="46.258169" lon="11.892317"><ele>2505.0</ele></trkpt>
   <trkpt lat="46.258165" lon="11.892289"><ele>2505.0</ele></trkpt>
   <trkpt lat="46.258162" lon="11.892250"><ele>2505.0</ele></trkpt>
   <trkpt lat="46.258160" lon="11.892206"><ele>2505.0</ele></trkpt>
   <trkpt lat="46.258163" lon="11.892175"><ele>2505.1</ele></trkpt>
   <trkpt lat="46.258161" lon="11.892136"><ele>2505.4</ele></trkpt>
   <trkpt lat="46.258172" lon="11.892106"><ele>2505.8</ele></trkpt>
   <trkpt lat="46.258171" lon="11.892075"><ele>2506.1</ele></trkpt>
   <trkpt lat="46.258165" lon="11.892049"><ele>2506.3</ele></trkpt>
   <trkpt lat="46.258154" lon="11.892020"><ele>2506.5</ele></trkpt>
   <trkpt lat="46.258152" lon="11.891994"><ele>2506.9</ele></trkpt>
   <trkpt lat="46.258155" lon="11.891963"><ele>2507.6</ele></trkpt>
   <trkpt lat="46.258143" lon="11.891933"><ele>2508.2</ele></trkpt>
   <trkpt lat="46.258134" lon="11.891906"><ele>2508.8</ele></trkpt>
   <trkpt lat="46.258124" lon="11.891871"><ele>2509.2</ele></trkpt>
   <trkpt lat="46.258125" lon="11.891841"><ele>2509.6</ele></trkpt>
   <trkpt lat="46.258120" lon="11.891811"><ele>2510.0</ele></trkpt>
   <trkpt lat="46.258114" lon="11.891786"><ele>2510.6</ele></trkpt>
   <trkpt lat="46.258103" lon="11.891757"><ele>2512.1</ele></trkpt>
   <trkpt lat="46.258088" lon="11.891733"><ele>2513.0</ele></trkpt>
   <trkpt lat="46.258082" lon="11.891706"><ele>2514.0</ele></trkpt>
   <trkpt lat="46.258061" lon="11.891688"><ele>2514.6</ele></trkpt>
   <trkpt lat="46.258047" lon="11.891666"><ele>2515.4</ele></trkpt>
   <trkpt lat="46.258039" lon="11.891640"><ele>2516.0</ele></trkpt>
   <trkpt lat="46.258052" lon="11.891617"><ele>2516.6</ele></trkpt>
   <trkpt lat="46.258049" lon="11.891578"><ele>2517.4</ele></trkpt>
   <trkpt lat="46.258050" lon="11.891551"><ele>2518.0</ele></trkpt>
   <trkpt lat="46.258046" lon="11.891517"><ele>2519.2</ele></trkpt>
   <trkpt lat="46.258039" lon="11.891481"><ele>2519.8</ele></trkpt>
   <trkpt lat="46.258043" lon="11.891446"><ele>2520.4</ele></trkpt>
   <trkpt lat="46.258046" lon="11.891418"><ele>2520.8</ele></trkpt>
   <trkpt lat="46.258036" lon="11.891365"><ele>2521.1</ele></trkpt>
   <trkpt lat="46.258020" lon="11.891342"><ele>2521.2</ele></trkpt>
   <trkpt lat="46.258005" lon="11.891326"><ele>2521.3</ele></trkpt>
   <trkpt lat="46.257977" lon="11.891298"><ele>2521.5</ele></trkpt>
   <trkpt lat="46.257964" lon="11.891274"><ele>2521.8</ele></trkpt>
   <trkpt lat="46.257944" lon="11.891252"><ele>2522.4</ele></trkpt>
   <trkpt lat="46.257934" lon="11.891230"><ele>2523.0</ele></trkpt>
   <trkpt lat="46.257911" lon="11.891204"><ele>2523.4</ele></trkpt>
   <trkpt lat="46.257892" lon="11.891172"><ele>2523.8</ele></trkpt>
   <trkpt lat="46.257886" lon="11.891143"><ele>2524.2</ele></trkpt>
   <trkpt lat="46.257884" lon="11.891112"><ele>2524.8</ele></trkpt>
   <trkpt lat="46.257879" lon="11.891076"><ele>2525.2</ele></trkpt>
   <trkpt lat="46.257864" lon="11.891044"><ele>2525.6</ele></trkpt>
   <trkpt lat="46.257853" lon="11.891010"><ele>2526.0</ele></trkpt>
   <trkpt lat="46.257836" lon="11.890968"><ele>2526.4</ele></trkpt>
   <trkpt lat="46.257834" lon="11.890928"><ele>2526.8</ele></trkpt>
   <trkpt lat="46.257830" lon="11.890900"><ele>2527.2</ele></trkpt>
   <trkpt lat="46.257827" lon="11.890864"><ele>2527.6</ele></trkpt>
   <trkpt lat="46.257829" lon="11.890824"><ele>2528.0</ele></trkpt>
   <trkpt lat="46.257830" lon="11.890786"><ele>2528.2</ele></trkpt>
   <trkpt lat="46.257835" lon="11.890752"><ele>2528.4</ele></trkpt>
   <trkpt lat="46.257844" lon="11.890718"><ele>2528.7</ele></trkpt>
   <trkpt lat="46.257859" lon="11.890687"><ele>2529.0</ele></trkpt>
   <trkpt lat="46.257869" lon="11.890654"><ele>2529.4</ele></trkpt>
   <trkpt lat="46.257876" lon="11.890624"><ele>2529.8</ele></trkpt>
   <trkpt lat="46.257881" lon="11.890595"><ele>2530.2</ele></trkpt>
   <trkpt lat="46.257887" lon="11.890560"><ele>2530.6</ele></trkpt>
   <trkpt lat="46.257892" lon="11.890518"><ele>2530.9</ele></trkpt>
   <trkpt lat="46.257898" lon="11.890482"><ele>2531.7</ele></trkpt>
   <trkpt lat="46.257904" lon="11.890445"><ele>2532.5</ele></trkpt>
   <trkpt lat="46.257904" lon="11.890416"><ele>2533.4</ele></trkpt>
   <trkpt lat="46.257916" lon="11.890390"><ele>2535.0</ele></trkpt>
   <trkpt lat="46.257923" lon="11.890358"><ele>2536.5</ele></trkpt>
   <trkpt lat="46.257926" lon="11.890329"><ele>2537.4</ele></trkpt>
   <trkpt lat="46.257930" lon="11.890297"><ele>2538.3</ele></trkpt>
   <trkpt lat="46.257940" lon="11.890273"><ele>2539.5</ele></trkpt>
   <trkpt lat="46.257938" lon="11.890242"><ele>2540.7</ele></trkpt>
   <trkpt lat="46.257936" lon="11.890211"><ele>2541.4</ele></trkpt>
   <trkpt lat="46.257935" lon="11.890177"><ele>2542.0</ele></trkpt>
   <trkpt lat="46.257928" lon="11.890145"><ele>2542.6</ele></trkpt>
   <trkpt lat="46.257925" lon="11.890113"><ele>2543.3</ele></trkpt>
   <trkpt lat="46.257916" lon="11.890079"><ele>2544.2</ele></trkpt>
   <trkpt lat="46.257912" lon="11.890043"><ele>2545.1</ele></trkpt>
   <trkpt lat="46.257912" lon="11.890015"><ele>2546.0</ele></trkpt>
   <trkpt lat="46.257904" lon="11.889985"><ele>2546.9</ele></trkpt>
   <trkpt lat="46.257899" lon="11.889954"><ele>2547.8</ele></trkpt>
   <trkpt lat="46.257903" lon="11.889922"><ele>2548.6</ele></trkpt>
   <trkpt lat="46.257903" lon="11.889893"><ele>2549.2</ele></trkpt>
   <trkpt lat="46.257894" lon="11.889864"><ele>2549.5</ele></trkpt>
   <trkpt lat="46.257885" lon="11.889833"><ele>2549.8</ele></trkpt>
   <trkpt lat="46.257877" lon="11.889803"><ele>2550.2</ele></trkpt>
   <trkpt lat="46.257874" lon="11.889777"><ele>2550.8</ele></trkpt>
   <trkpt lat="46.257878" lon="11.889740"><ele>2551.4</ele></trkpt>
   <trkpt lat="46.257877" lon="11.889704"><ele>2552.0</ele></trkpt>
   <trkpt lat="46.257873" lon="11.889668"><ele>2552.6</ele></trkpt>
   <trkpt lat="46.257877" lon="11.889639"><ele>2553.2</ele></trkpt>
   <trkpt lat="46.257875" lon="11.889606"><ele>2553.8</ele></trkpt>
   <trkpt lat="46.257871" lon="11.889572"><ele>2554.6</ele></trkpt>
   <trkpt lat="46.257867" lon="11.889546"><ele>2555.0</ele></trkpt>
   <trkpt lat="46.257866" lon="11.889519"><ele>2555.4</ele></trkpt>
   <trkpt lat="46.257860" lon="11.889490"><ele>2556.0</ele></trkpt>
   <trkpt lat="46.257879" lon="11.889488"><ele>2557.2</ele></trkpt>
   <trkpt lat="46.257893" lon="11.889463"><ele>2558.7</ele></trkpt>
   <trkpt lat="46.257891" lon="11.889429"><ele>2559.4</ele></trkpt>
   <trkpt lat="46.257891" lon="11.889402"><ele>2559.8</ele></trkpt>
   <trkpt lat="46.257890" lon="11.889365"><ele>2560.2</ele></trkpt>
   <trkpt lat="46.257892" lon="11.889320"><ele>2560.6</ele></trkpt>
   <trkpt lat="46.257890" lon="11.889283"><ele>2561.0</ele></trkpt>
   <trkpt lat="46.257888" lon="11.889243"><ele>2561.4</ele></trkpt>
   <trkpt lat="46.257895" lon="11.889215"><ele>2561.8</ele></trkpt>
   <trkpt lat="46.257899" lon="11.889184"><ele>2562.4</ele></trkpt>
   <trkpt lat="46.257904" lon="11.889155"><ele>2562.9</ele></trkpt>
   <trkpt lat="46.257907" lon="11.889129"><ele>2563.3</ele></trkpt>
   <trkpt lat="46.257911" lon="11.889099"><ele>2563.8</ele></trkpt>
   <trkpt lat="46.257912" lon="11.889064"><ele>2564.2</ele></trkpt>
   <trkpt lat="46.257910" lon="11.889021"><ele>2564.6</ele></trkpt>
   <trkpt lat="46.257903" lon="11.888986"><ele>2565.0</ele></trkpt>
   <trkpt lat="46.257899" lon="11.888938"><ele>2565.4</ele></trkpt>
   <trkpt lat="46.257893" lon="11.888914"><ele>2565.6</ele></trkpt>
   <trkpt lat="46.257877" lon="11.888878"><ele>2566.0</ele></trkpt>
   <trkpt lat="46.257868" lon="11.888842"><ele>2566.4</ele></trkpt>
   <trkpt lat="46.257858" lon="11.888789"><ele>2566.8</ele></trkpt>
   <trkpt lat="46.257848" lon="11.888743"><ele>2567.2</ele></trkpt>
   <trkpt lat="46.257849" lon="11.888695"><ele>2567.6</ele></trkpt>
   <trkpt lat="46.257853" lon="11.888651"><ele>2568.0</ele></trkpt>
   <trkpt lat="46.257849" lon="11.888622"><ele>2568.2</ele></trkpt>
   <trkpt lat="46.257843" lon="11.888594"><ele>2568.4</ele></trkpt>
   <trkpt lat="46.257843" lon="11.888550"><ele>2568.8</ele></trkpt>
   <trkpt lat="46.257844" lon="11.888524"><ele>2569.0</ele></trkpt>
   <trkpt lat="46.257848" lon="11.888493"><ele>2569.1</ele></trkpt>
   <trkpt lat="46.257851" lon="11.888462"><ele>2569.2</ele></trkpt>
   <trkpt lat="46.257856" lon="11.888436"><ele>2569.3</ele></trkpt>
   <trkpt lat="46.257864" lon="11.888393"><ele>2569.5</ele></trkpt>
   <trkpt lat="46.257865" lon="11.888345"><ele>2569.7</ele></trkpt>
   <trkpt lat="46.257873" lon="11.888296"><ele>2569.9</ele></trkpt>
   <trkpt lat="46.257874" lon="11.888264"><ele>2570.2</ele></trkpt>
   <trkpt lat="46.257871" lon="11.888234"><ele>2570.6</ele></trkpt>
   <trkpt lat="46.257856" lon="11.888200"><ele>2571.0</ele></trkpt>
   <trkpt lat="46.257852" lon="11.888166"><ele>2571.4</ele></trkpt>
   <trkpt lat="46.257851" lon="11.888136"><ele>2571.8</ele></trkpt>
   <trkpt lat="46.257857" lon="11.888105"><ele>2572.4</ele></trkpt>
   <trkpt lat="46.257873" lon="11.888090"><ele>2573.0</ele></trkpt>
   <trkpt lat="46.257879" lon="11.888064"><ele>2573.8</ele></trkpt>
   <trkpt lat="46.257882" lon="11.888031"><ele>2575.8</ele></trkpt>
   <trkpt lat="46.257885" lon="11.888005"><ele>2577.2</ele></trkpt>
   <trkpt lat="46.257891" lon="11.887979"><ele>2578.0</ele></trkpt>
   <trkpt lat="46.257905" lon="11.887958"><ele>2578.8</ele></trkpt>
   <trkpt lat="46.257909" lon="11.887927"><ele>2579.6</ele></trkpt>
   <trkpt lat="46.257908" lon="11.887895"><ele>2580.4</ele></trkpt>
   <trkpt lat="46.257902" lon="11.887870"><ele>2581.1</ele></trkpt>
   <trkpt lat="46.257907" lon="11.887837"><ele>2581.5</ele></trkpt>
   <trkpt lat="46.257909" lon="11.887808"><ele>2581.8</ele></trkpt>
   <trkpt lat="46.257910" lon="11.887775"><ele>2582.2</ele></trkpt>
   <trkpt lat="46.257910" lon="11.887745"><ele>2582.8</ele></trkpt>
   <trkpt lat="46.257928" lon="11.887732"><ele>2583.6</ele></trkpt>
   <trkpt lat="46.257946" lon="11.887710"><ele>2584.4</ele></trkpt>
   <trkpt lat="46.257940" lon="11.887684"><ele>2585.2</ele></trkpt>
   <trkpt lat="46.257931" lon="11.887659"><ele>2585.5</ele></trkpt>
   <trkpt lat="46.257920" lon="11.887629"><ele>2586.3</ele></trkpt>
   <trkpt lat="46.257903" lon="11.887615"><ele>2587.6</ele></trkpt>
   <trkpt lat="46.257889" lon="11.887598"><ele>2588.0</ele></trkpt>
   <trkpt lat="46.257873" lon="11.887573"><ele>2589.5</ele></trkpt>
   <trkpt lat="46.257871" lon="11.887546"><ele>2590.9</ele></trkpt>
   <trkpt lat="46.257862" lon="11.887521"><ele>2591.5</ele></trkpt>
   <trkpt lat="46.257862" lon="11.887489"><ele>2591.9</ele></trkpt>
   <trkpt lat="46.257851" lon="11.887467"><ele>2592.9</ele></trkpt>
   <trkpt lat="46.257844" lon="11.887440"><ele>2593.8</ele></trkpt>
   <trkpt lat="46.257835" lon="11.887410"><ele>2595.2</ele></trkpt>
   <trkpt lat="46.257839" lon="11.887377"><ele>2596.0</ele></trkpt>
   <trkpt lat="46.257840" lon="11.887351"><ele>2596.8</ele></trkpt>
   <trkpt lat="46.257835" lon="11.887323"><ele>2597.4</ele></trkpt>
   <trkpt lat="46.257831" lon="11.887294"><ele>2598.0</ele></trkpt>
   <trkpt lat="46.257824" lon="11.887262"><ele>2598.6</ele></trkpt>
   <trkpt lat="46.257824" lon="11.887222"><ele>2599.2</ele></trkpt>
   <trkpt lat="46.257823" lon="11.887184"><ele>2599.6</ele></trkpt>
   <trkpt lat="46.257821" lon="11.887151"><ele>2600.0</ele></trkpt>
   <trkpt lat="46.257820" lon="11.887118"><ele>2600.4</ele></trkpt>
   <trkpt lat="46.257831" lon="11.887080"><ele>2600.8</ele></trkpt>
   <trkpt lat="46.257844" lon="11.887045"><ele>2601.1</ele></trkpt>
   <trkpt lat="46.257866" lon="11.887012"><ele>2601.3</ele></trkpt>
   <trkpt lat="46.257882" lon="11.886971"><ele>2601.5</ele></trkpt>
   <trkpt lat="46.257886" lon="11.886929"><ele>2601.7</ele></trkpt>
   <trkpt lat="46.257884" lon="11.886884"><ele>2601.9</ele></trkpt>
   <trkpt lat="46.257882" lon="11.886844"><ele>2602.3</ele></trkpt>
   <trkpt lat="46.257885" lon="11.886815"><ele>2603.2</ele></trkpt>
   <trkpt lat="46.257878" lon="11.886791"><ele>2604.1</ele></trkpt>
   <trkpt lat="46.257874" lon="11.886758"><ele>2605.0</ele></trkpt>
   <trkpt lat="46.257872" lon="11.886721"><ele>2605.9</ele></trkpt>
   <trkpt lat="46.257860" lon="11.886695"><ele>2606.5</ele></trkpt>
   <trkpt lat="46.257849" lon="11.886664"><ele>2607.1</ele></trkpt>
   <trkpt lat="46.257841" lon="11.886633"><ele>2607.7</ele></trkpt>
   <trkpt lat="46.257837" lon="11.886603"><ele>2608.4</ele></trkpt>
   <trkpt lat="46.257827" lon="11.886575"><ele>2609.0</ele></trkpt>
   <trkpt lat="46.257823" lon="11.886538"><ele>2609.4</ele></trkpt>
   <trkpt lat="46.257825" lon="11.886495"><ele>2609.8</ele></trkpt>
   <trkpt lat="46.257823" lon="11.886469"><ele>2610.6</ele></trkpt>
   <trkpt lat="46.257807" lon="11.886452"><ele>2611.5</ele></trkpt>
   <trkpt lat="46.257784" lon="11.886441"><ele>2612.4</ele></trkpt>
   <trkpt lat="46.257770" lon="11.886424"><ele>2613.0</ele></trkpt>
   <trkpt lat="46.257764" lon="11.886397"><ele>2614.6</ele></trkpt>
   <trkpt lat="46.257762" lon="11.886363"><ele>2617.0</ele></trkpt>
   <trkpt lat="46.257768" lon="11.886336"><ele>2618.2</ele></trkpt>
   <trkpt lat="46.257767" lon="11.886307"><ele>2619.0</ele></trkpt>
   <trkpt lat="46.257753" lon="11.886276"><ele>2619.9</ele></trkpt>
   <trkpt lat="46.257740" lon="11.886248"><ele>2621.4</ele></trkpt>
   <trkpt lat="46.257736" lon="11.886208"><ele>2622.4</ele></trkpt>
   <trkpt lat="46.257732" lon="11.886177"><ele>2623.0</ele></trkpt>
   <trkpt lat="46.257706" lon="11.886166"><ele>2623.4</ele></trkpt>
   <trkpt lat="46.257681" lon="11.886167"><ele>2623.8</ele></trkpt>
   <trkpt lat="46.257661" lon="11.886164"><ele>2624.3</ele></trkpt>
   <trkpt lat="46.257641" lon="11.886145"><ele>2624.9</ele></trkpt>
   <trkpt lat="46.257641" lon="11.886117"><ele>2625.8</ele></trkpt>
   <trkpt lat="46.257655" lon="11.886093"><ele>2627.0</ele></trkpt>
   <trkpt lat="46.257665" lon="11.886065"><ele>2628.2</ele></trkpt>
   <trkpt lat="46.257681" lon="11.886040"><ele>2629.1</ele></trkpt>
   <trkpt lat="46.257690" lon="11.886014"><ele>2629.7</ele></trkpt>
   <trkpt lat="46.257700" lon="11.885987"><ele>2630.2</ele></trkpt>
   <trkpt lat="46.257701" lon="11.885957"><ele>2630.8</ele></trkpt>
   <trkpt lat="46.257677" lon="11.885956"><ele>2631.6</ele></trkpt>
   <trkpt lat="46.257664" lon="11.885931"><ele>2632.3</ele></trkpt>
   <trkpt lat="46.257661" lon="11.885897"><ele>2633.2</ele></trkpt>
   <trkpt lat="46.257655" lon="11.885862"><ele>2634.1</ele></trkpt>
   <trkpt lat="46.257662" lon="11.885832"><ele>2635.0</ele></trkpt>
   <trkpt lat="46.257650" lon="11.885812"><ele>2635.9</ele></trkpt>
   <trkpt lat="46.257641" lon="11.885780"><ele>2637.1</ele></trkpt>
   <trkpt lat="46.257638" lon="11.885750"><ele>2638.0</ele></trkpt>
   <trkpt lat="46.257618" lon="11.885748"><ele>2638.4</ele></trkpt>
   <trkpt lat="46.257589" lon="11.885774"><ele>2638.8</ele></trkpt>
   <trkpt lat="46.257566" lon="11.885804"><ele>2639.2</ele></trkpt>
   <trkpt lat="46.257547" lon="11.885776"><ele>2639.8</ele></trkpt>
   <trkpt lat="46.257543" lon="11.885748"><ele>2640.2</ele></trkpt>
   <trkpt lat="46.257548" lon="11.885717"><ele>2640.6</ele></trkpt>
   <trkpt lat="46.257564" lon="11.885684"><ele>2641.0</ele></trkpt>
   <trkpt lat="46.257578" lon="11.885648"><ele>2641.4</ele></trkpt>
   <trkpt lat="46.257596" lon="11.885618"><ele>2641.8</ele></trkpt>
   <trkpt lat="46.257612" lon="11.885589"><ele>2642.4</ele></trkpt>
   <trkpt lat="46.257622" lon="11.885559"><ele>2643.2</ele></trkpt>
   <trkpt lat="46.257622" lon="11.885526"><ele>2644.4</ele></trkpt>
   <trkpt lat="46.257622" lon="11.885499"><ele>2646.4</ele></trkpt>
   <trkpt lat="46.257615" lon="11.885473"><ele>2648.0</ele></trkpt>
   <trkpt lat="46.257599" lon="11.885451"><ele>2649.6</ele></trkpt>
   <trkpt lat="46.257593" lon="11.885419"><ele>2650.9</ele></trkpt>
   <trkpt lat="46.257599" lon="11.885391"><ele>2652.1</ele></trkpt>
   <trkpt lat="46.257606" lon="11.885359"><ele>2653.3</ele></trkpt>
   <trkpt lat="46.257599" lon="11.885333"><ele>2654.5</ele></trkpt>
   <trkpt lat="46.257608" lon="11.885307"><ele>2655.7</ele></trkpt>
   <trkpt lat="46.257624" lon="11.885289"><ele>2657.0</ele></trkpt>
   <trkpt lat="46.257617" lon="11.885259"><ele>2658.0</ele></trkpt>
   <trkpt lat="46.257631" lon="11.885239"><ele>2658.8</ele></trkpt>
   <trkpt lat="46.257631" lon="11.885208"><ele>2659.8</ele></trkpt>
   <trkpt lat="46.257631" lon="11.885182"><ele>2660.6</ele></trkpt>
   <trkpt lat="46.257658" lon="11.885184"><ele>2661.8</ele></trkpt>
   <trkpt lat="46.257674" lon="11.885172"><ele>2663.0</ele></trkpt>
   <trkpt lat="46.257675" lon="11.885144"><ele>2663.8</ele></trkpt>
   <trkpt lat="46.257693" lon="11.885128"><ele>2664.4</ele></trkpt>
   <trkpt lat="46.257711" lon="11.885134"><ele>2665.3</ele></trkpt>
   <trkpt lat="46.257730" lon="11.885120"><ele>2666.5</ele></trkpt>
   <trkpt lat="46.257749" lon="11.885130"><ele>2667.4</ele></trkpt>
   <trkpt lat="46.257766" lon="11.885111"><ele>2668.6</ele></trkpt>
   <trkpt lat="46.257780" lon="11.885088"><ele>2669.4</ele></trkpt>
   <trkpt lat="46.257798" lon="11.885071"><ele>2670.0</ele></trkpt>
   <trkpt lat="46.257817" lon="11.885060"><ele>2671.2</ele></trkpt>
   <trkpt lat="46.257833" lon="11.885040"><ele>2672.1</ele></trkpt>
   <trkpt lat="46.257843" lon="11.885016"><ele>2673.3</ele></trkpt>
   <trkpt lat="46.257842" lon="11.884983"><ele>2674.2</ele></trkpt>
   <trkpt lat="46.257857" lon="11.884964"><ele>2675.7</ele></trkpt>
   <trkpt lat="46.257874" lon="11.884949"><ele>2676.6</ele></trkpt>
   <trkpt lat="46.257870" lon="11.884918"><ele>2677.4</ele></trkpt>
   <trkpt lat="46.257880" lon="11.884894"><ele>2678.3</ele></trkpt>
   <trkpt lat="46.257900" lon="11.884892"><ele>2679.2</ele></trkpt>
   <trkpt lat="46.257920" lon="11.884884"><ele>2680.4</ele></trkpt>
   <trkpt lat="46.257932" lon="11.884849"><ele>2681.2</ele></trkpt>
   <trkpt lat="46.257943" lon="11.884815"><ele>2681.6</ele></trkpt>
   <trkpt lat="46.257962" lon="11.884780"><ele>2682.0</ele></trkpt>
   <trkpt lat="46.257975" lon="11.884738"><ele>2682.4</ele></trkpt>
   <trkpt lat="46.257986" lon="11.884700"><ele>2682.8</ele></trkpt>
   <trkpt lat="46.258001" lon="11.884660"><ele>2683.1</ele></trkpt>
   <trkpt lat="46.258021" lon="11.884617"><ele>2683.3</ele></trkpt>
   <trkpt lat="46.258034" lon="11.884595"><ele>2683.4</ele></trkpt>
   <trkpt lat="46.258047" lon="11.884572"><ele>2683.5</ele></trkpt>
   <trkpt lat="46.258063" lon="11.884551"><ele>2683.6</ele></trkpt>
   <trkpt lat="46.258076" lon="11.884527"><ele>2683.7</ele></trkpt>
   <trkpt lat="46.258090" lon="11.884507"><ele>2683.8</ele></trkpt>
   <trkpt lat="46.258107" lon="11.884488"><ele>2683.9</ele></trkpt>
   <trkpt lat="46.258130" lon="11.884448"><ele>2684.2</ele></trkpt>
   <trkpt lat="46.258141" lon="11.884404"><ele>2684.6</ele></trkpt>
   <trkpt lat="46.258155" lon="11.884359"><ele>2685.0</ele></trkpt>
   <trkpt lat="46.258170" lon="11.884322"><ele>2685.4</ele></trkpt>
   <trkpt lat="46.258192" lon="11.884279"><ele>2685.8</ele></trkpt>
   <trkpt lat="46.258218" lon="11.884245"><ele>2686.3</ele></trkpt>
   <trkpt lat="46.258236" lon="11.884218"><ele>2686.9</ele></trkpt>
   <trkpt lat="46.258248" lon="11.884189"><ele>2687.5</ele></trkpt>
   <trkpt lat="46.258253" lon="11.884151"><ele>2688.1</ele></trkpt>
   <trkpt lat="46.258261" lon="11.884122"><ele>2688.7</ele></trkpt>
   <trkpt lat="46.258259" lon="11.884094"><ele>2689.1</ele></trkpt>
   <trkpt lat="46.258260" lon="11.884058"><ele>2689.3</ele></trkpt>
   <trkpt lat="46.258267" lon="11.884019"><ele>2689.5</ele></trkpt>
   <trkpt lat="46.258271" lon="11.883985"><ele>2689.7</ele></trkpt>
   <trkpt lat="46.258279" lon="11.883950"><ele>2689.9</ele></trkpt>
   <trkpt lat="46.258290" lon="11.883916"><ele>2690.4</ele></trkpt>
   <trkpt lat="46.258299" lon="11.883885"><ele>2691.2</ele></trkpt>
   <trkpt lat="46.258312" lon="11.883841"><ele>2692.7</ele></trkpt>
   <trkpt lat="46.258323" lon="11.883811"><ele>2693.9</ele></trkpt>
   <trkpt lat="46.258334" lon="11.883785"><ele>2694.8</ele></trkpt>
   <trkpt lat="46.258345" lon="11.883751"><ele>2695.8</ele></trkpt>
   <trkpt lat="46.258365" lon="11.883721"><ele>2696.4</ele></trkpt>
   <trkpt lat="46.258381" lon="11.883700"><ele>2697.0</ele></trkpt>
   <trkpt lat="46.258393" lon="11.883681"><ele>2697.8</ele></trkpt>
   <trkpt lat="46.258406" lon="11.883656"><ele>2698.6</ele></trkpt>
   <trkpt lat="46.258415" lon="11.883633"><ele>2699.4</ele></trkpt>
   <trkpt lat="46.258416" lon="11.883596"><ele>2700.6</ele></trkpt>
   <trkpt lat="46.258417" lon="11.883570"><ele>2701.2</ele></trkpt>
   <trkpt lat="46.258429" lon="11.883526"><ele>2701.6</ele></trkpt>
   <trkpt lat="46.258435" lon="11.883499"><ele>2701.8</ele></trkpt>
   <trkpt lat="46.258441" lon="11.883471"><ele>2702.0</ele></trkpt>
   <trkpt lat="46.258449" lon="11.883447"><ele>2702.2</ele></trkpt>
   <trkpt lat="46.258459" lon="11.883423"><ele>2702.4</ele></trkpt>
   <trkpt lat="46.258471" lon="11.883393"><ele>2702.6</ele></trkpt>
   <trkpt lat="46.258484" lon="11.883365"><ele>2702.8</ele></trkpt>
   <trkpt lat="46.258497" lon="11.883338"><ele>2703.0</ele></trkpt>
   <trkpt lat="46.258512" lon="11.883290"><ele>2703.4</ele></trkpt>
   <trkpt lat="46.258521" lon="11.883265"><ele>2703.6</ele></trkpt>
   <trkpt lat="46.258538" lon="11.883223"><ele>2704.0</ele></trkpt>
   <trkpt lat="46.258565" lon="11.883190"><ele>2704.4</ele></trkpt>
   <trkpt lat="46.258578" lon="11.883143"><ele>2704.8</ele></trkpt>
   <trkpt lat="46.258581" lon="11.883113"><ele>2705.0</ele></trkpt>
   <trkpt lat="46.258585" lon="11.883087"><ele>2705.1</ele></trkpt>
   <trkpt lat="46.258591" lon="11.883056"><ele>2705.2</ele></trkpt>
   <trkpt lat="46.258600" lon="11.883026"><ele>2705.3</ele></trkpt>
   <trkpt lat="46.258611" lon="11.883000"><ele>2705.4</ele></trkpt>
   <trkpt lat="46.258623" lon="11.882979"><ele>2705.5</ele></trkpt>
   <trkpt lat="46.258637" lon="11.882960"><ele>2705.6</ele></trkpt>
   <trkpt lat="46.258653" lon="11.882945"><ele>2705.7</ele></trkpt>
   <trkpt lat="46.258669" lon="11.882927"><ele>2705.8</ele></trkpt>
   <trkpt lat="46.258681" lon="11.882906"><ele>2705.9</ele></trkpt>
   <trkpt lat="46.258695" lon="11.882883"><ele>2706.0</ele></trkpt>
   <trkpt lat="46.258710" lon="11.882851"><ele>2706.6</ele></trkpt>
   <trkpt lat="46.258722" lon="11.882827"><ele>2707.5</ele></trkpt>
   <trkpt lat="46.258738" lon="11.882814"><ele>2708.4</ele></trkpt>
   <trkpt lat="46.258744" lon="11.882783"><ele>2709.2</ele></trkpt>
   <trkpt lat="46.258740" lon="11.882744"><ele>2709.8</ele></trkpt>
   <trkpt lat="46.258746" lon="11.882694"><ele>2710.2</ele></trkpt>
   <trkpt lat="46.258753" lon="11.882666"><ele>2710.3</ele></trkpt>
   <trkpt lat="46.258758" lon="11.882632"><ele>2710.5</ele></trkpt>
   <trkpt lat="46.258762" lon="11.882600"><ele>2710.7</ele></trkpt>
   <trkpt lat="46.258765" lon="11.882564"><ele>2710.9</ele></trkpt>
   <trkpt lat="46.258772" lon="11.882533"><ele>2711.1</ele></trkpt>
   <trkpt lat="46.258781" lon="11.882503"><ele>2711.2</ele></trkpt>
   <trkpt lat="46.258791" lon="11.882473"><ele>2711.3</ele></trkpt>
   <trkpt lat="46.258804" lon="11.882443"><ele>2711.4</ele></trkpt>
   <trkpt lat="46.258814" lon="11.882417"><ele>2711.5</ele></trkpt>
   <trkpt lat="46.258825" lon="11.882388"><ele>2711.6</ele></trkpt>
   <trkpt lat="46.258834" lon="11.882359"><ele>2711.7</ele></trkpt>
   <trkpt lat="46.258841" lon="11.882331"><ele>2711.8</ele></trkpt>
   <trkpt lat="46.258849" lon="11.882305"><ele>2711.9</ele></trkpt>
   <trkpt lat="46.258853" lon="11.882275"><ele>2712.0</ele></trkpt>
   <trkpt lat="46.258855" lon="11.882245"><ele>2712.1</ele></trkpt>
   <trkpt lat="46.258862" lon="11.882215"><ele>2712.2</ele></trkpt>
   <trkpt lat="46.258869" lon="11.882183"><ele>2712.3</ele></trkpt>
   <trkpt lat="46.258875" lon="11.882148"><ele>2712.4</ele></trkpt>
   <trkpt lat="46.258880" lon="11.882114"><ele>2712.5</ele></trkpt>
   <trkpt lat="46.258882" lon="11.882083"><ele>2712.6</ele></trkpt>
   <trkpt lat="46.258883" lon="11.882051"><ele>2712.7</ele></trkpt>
   <trkpt lat="46.258887" lon="11.882021"><ele>2712.8</ele></trkpt>
   <trkpt lat="46.258891" lon="11.881992"><ele>2712.9</ele></trkpt>
   <trkpt lat="46.258900" lon="11.881948"><ele>2713.2</ele></trkpt>
   <trkpt lat="46.258902" lon="11.881911"><ele>2713.6</ele></trkpt>
   <trkpt lat="46.258899" lon="11.881883"><ele>2713.8</ele></trkpt>
   <trkpt lat="46.258901" lon="11.881831"><ele>2714.2</ele></trkpt>
   <trkpt lat="46.258906" lon="11.881803"><ele>2714.4</ele></trkpt>
   <trkpt lat="46.258919" lon="11.881761"><ele>2714.8</ele></trkpt>
   <trkpt lat="46.258928" lon="11.881709"><ele>2715.1</ele></trkpt>
   <trkpt lat="46.258938" lon="11.881685"><ele>2715.2</ele></trkpt>
   <trkpt lat="46.258948" lon="11.881663"><ele>2715.3</ele></trkpt>
   <trkpt lat="46.258955" lon="11.881638"><ele>2715.4</ele></trkpt>
   <trkpt lat="46.258963" lon="11.881591"><ele>2715.6</ele></trkpt>
   <trkpt lat="46.258964" lon="11.881562"><ele>2715.7</ele></trkpt>
   <trkpt lat="46.258968" lon="11.881518"><ele>2715.9</ele></trkpt>
   <trkpt lat="46.258965" lon="11.881486"><ele>2716.1</ele></trkpt>
   <trkpt lat="46.258954" lon="11.881464"><ele>2716.3</ele></trkpt>
   <trkpt lat="46.258942" lon="11.881423"><ele>2716.5</ele></trkpt>
   <trkpt lat="46.258942" lon="11.881376"><ele>2716.7</ele></trkpt>
   <trkpt lat="46.258951" lon="11.881335"><ele>2716.9</ele></trkpt>
   <trkpt lat="46.258941" lon="11.881307"><ele>2717.2</ele></trkpt>
   <trkpt lat="46.258920" lon="11.881298"><ele>2717.4</ele></trkpt>
   <trkpt lat="46.258889" lon="11.881286"><ele>2717.6</ele></trkpt>
   <trkpt lat="46.258875" lon="11.881256"><ele>2717.8</ele></trkpt>
   <trkpt lat="46.258862" lon="11.881222"><ele>2718.0</ele></trkpt>
   <trkpt lat="46.258852" lon="11.881199"><ele>2718.4</ele></trkpt>
   <trkpt lat="46.258841" lon="11.881176"><ele>2718.8</ele></trkpt>
   <trkpt lat="46.258824" lon="11.881148"><ele>2719.4</ele></trkpt>
   <trkpt lat="46.258810" lon="11.881120"><ele>2719.8</ele></trkpt>
   <trkpt lat="46.258787" lon="11.881088"><ele>2720.1</ele></trkpt>
   <trkpt lat="46.258763" lon="11.881054"><ele>2720.3</ele></trkpt>
   <trkpt lat="46.258737" lon="11.881044"><ele>2720.5</ele></trkpt>
   <trkpt lat="46.258707" lon="11.881072"><ele>2720.7</ele></trkpt>
   <trkpt lat="46.258691" lon="11.881087"><ele>2720.8</ele></trkpt>
   <trkpt lat="46.258660" lon="11.881113"><ele>2721.0</ele></trkpt>
   <trkpt lat="46.258641" lon="11.881117"><ele>2721.1</ele></trkpt>
   <trkpt lat="46.258609" lon="11.881104"><ele>2721.3</ele></trkpt>
   <trkpt lat="46.258595" lon="11.881082"><ele>2721.4</ele></trkpt>
   <trkpt lat="46.258568" lon="11.881053"><ele>2721.6</ele></trkpt>
   <trkpt lat="46.258552" lon="11.881035"><ele>2721.7</ele></trkpt>
   <trkpt lat="46.258526" lon="11.881003"><ele>2721.9</ele></trkpt>
   <trkpt lat="46.258497" lon="11.880978"><ele>2722.2</ele></trkpt>
   <trkpt lat="46.258481" lon="11.880959"><ele>2722.4</ele></trkpt>
   <trkpt lat="46.258465" lon="11.880932"><ele>2722.8</ele></trkpt>
   <trkpt lat="46.258448" lon="11.880921"><ele>2723.2</ele></trkpt>
   <trkpt lat="46.258428" lon="11.880914"><ele>2723.8</ele></trkpt>
   <trkpt lat="46.258405" lon="11.880936"><ele>2724.2</ele></trkpt>
   <trkpt lat="46.258378" lon="11.880955"><ele>2724.4</ele></trkpt>
   <trkpt lat="46.258361" lon="11.880964"><ele>2724.6</ele></trkpt>
   <trkpt lat="46.258335" lon="11.880982"><ele>2724.8</ele></trkpt>
   <trkpt lat="46.258308" lon="11.880997"><ele>2725.0</ele></trkpt>
   <trkpt lat="46.258288" lon="11.881012"><ele>2725.2</ele></trkpt>
   <trkpt lat="46.258269" lon="11.881024"><ele>2725.4</ele></trkpt>
   <trkpt lat="46.258255" lon="11.881042"><ele>2725.6</ele></trkpt>
   <trkpt lat="46.258223" lon="11.881075"><ele>2725.8</ele></trkpt>
   <trkpt lat="46.258201" lon="11.881086"><ele>2725.9</ele></trkpt>
   <trkpt lat="46.258179" lon="11.881091"><ele>2726.0</ele></trkpt>
   <trkpt lat="46.258162" lon="11.881083"><ele>2726.0</ele></trkpt>
   <trkpt lat="46.258148" lon="11.881049"><ele>2726.0</ele></trkpt>
   <trkpt lat="46.258142" lon="11.881023"><ele>2726.0</ele></trkpt>
   <trkpt lat="46.258135" lon="11.880996"><ele>2726.0</ele></trkpt>
   <trkpt lat="46.258130" lon="11.880971"><ele>2726.0</ele></trkpt>
   <trkpt lat="46.258126" lon="11.880944"><ele>2726.1</ele></trkpt>
   <trkpt lat="46.258120" lon="11.880908"><ele>2726.3</ele></trkpt>
   <trkpt lat="46.258111" lon="11.880861"><ele>2726.5</ele></trkpt>
   <trkpt lat="46.258103" lon="11.880834"><ele>2726.6</ele></trkpt>
   <trkpt lat="46.258089" lon="11.880809"><ele>2726.8</ele></trkpt>
   <trkpt lat="46.258069" lon="11.880797"><ele>2727.0</ele></trkpt>
   <trkpt lat="46.258043" lon="11.880768"><ele>2727.0</ele></trkpt>
   <trkpt lat="46.258022" lon="11.880734"><ele>2727.0</ele></trkpt>
   <trkpt lat="46.258005" lon="11.880690"><ele>2727.0</ele></trkpt>
   <trkpt lat="46.257986" lon="11.880653"><ele>2727.0</ele></trkpt>
   <trkpt lat="46.257967" lon="11.880617"><ele>2727.0</ele></trkpt>
   <trkpt lat="46.257955" lon="11.880586"><ele>2727.0</ele></trkpt>
   <trkpt lat="46.257939" lon="11.880555"><ele>2727.0</ele></trkpt>
   <trkpt lat="46.257929" lon="11.880528"><ele>2727.0</ele></trkpt>
   <trkpt lat="46.257931" lon="11.880500"><ele>2727.0</ele></trkpt>
   <trkpt lat="46.257914" lon="11.880472"><ele>2727.0</ele></trkpt>
   <trkpt lat="46.257891" lon="11.880450"><ele>2727.2</ele></trkpt>
   <trkpt lat="46.257868" lon="11.880438"><ele>2727.4</ele></trkpt>
   <trkpt lat="46.257837" lon="11.880415"><ele>2727.6</ele></trkpt>
   <trkpt lat="46.257807" lon="11.880408"><ele>2727.8</ele></trkpt>
   <trkpt lat="46.257771" lon="11.880387"><ele>2728.0</ele></trkpt>
   <trkpt lat="46.257754" lon="11.880374"><ele>2728.0</ele></trkpt>
   <trkpt lat="46.257728" lon="11.880343"><ele>2728.0</ele></trkpt>
   <trkpt lat="46.257706" lon="11.880313"><ele>2728.0</ele></trkpt>
   <trkpt lat="46.257683" lon="11.880293"><ele>2728.0</ele></trkpt>
   <trkpt lat="46.257658" lon="11.880272"><ele>2728.0</ele></trkpt>
   <trkpt lat="46.257648" lon="11.880246"><ele>2728.0</ele></trkpt>
   <trkpt lat="46.257643" lon="11.880214"><ele>2728.0</ele></trkpt>
   <trkpt lat="46.257636" lon="11.880185"><ele>2728.0</ele></trkpt>
   <trkpt lat="46.257621" lon="11.880160"><ele>2728.0</ele></trkpt>
   <trkpt lat="46.257607" lon="11.880136"><ele>2728.0</ele></trkpt>
   <trkpt lat="46.257587" lon="11.880120"><ele>2728.0</ele></trkpt>
   <trkpt lat="46.257573" lon="11.880098"><ele>2728.0</ele></trkpt>
   <trkpt lat="46.257568" lon="11.880066"><ele>2728.0</ele></trkpt>
   <trkpt lat="46.257569" lon="11.880038"><ele>2727.9</ele></trkpt>
   <trkpt lat="46.257562" lon="11.880012"><ele>2727.6</ele></trkpt>
   <trkpt lat="46.257554" lon="11.879988"><ele>2727.3</ele></trkpt>
   <trkpt lat="46.257550" lon="11.879960"><ele>2727.1</ele></trkpt>
   <trkpt lat="46.257552" lon="11.879932"><ele>2726.6</ele></trkpt>
   <trkpt lat="46.257568" lon="11.879904"><ele>2726.2</ele></trkpt>
   <trkpt lat="46.257588" lon="11.879871"><ele>2726.0</ele></trkpt>
   <trkpt lat="46.257606" lon="11.879846"><ele>2725.8</ele></trkpt>
   <trkpt lat="46.257616" lon="11.879814"><ele>2725.6</ele></trkpt>
   <trkpt lat="46.257620" lon="11.879776"><ele>2725.4</ele></trkpt>
   <trkpt lat="46.257618" lon="11.879738"><ele>2725.2</ele></trkpt>
   <trkpt lat="46.257617" lon="11.879704"><ele>2725.0</ele></trkpt>
   <trkpt lat="46.257611" lon="11.879670"><ele>2725.0</ele></trkpt>
   <trkpt lat="46.257608" lon="11.879640"><ele>2725.0</ele></trkpt>
   <trkpt lat="46.257603" lon="11.879608"><ele>2725.0</ele></trkpt>
   <trkpt lat="46.257597" lon="11.879575"><ele>2725.0</ele></trkpt>
   <trkpt lat="46.257590" lon="11.879547"><ele>2725.0</ele></trkpt>
   <trkpt lat="46.257583" lon="11.879499"><ele>2725.0</ele></trkpt>
   <trkpt lat="46.257566" lon="11.879456"><ele>2725.0</ele></trkpt>
   <trkpt lat="46.257557" lon="11.879428"><ele>2725.0</ele></trkpt>
   <trkpt lat="46.257550" lon="11.879403"><ele>2724.9</ele></trkpt>
   <trkpt lat="46.257554" lon="11.879349"><ele>2724.7</ele></trkpt>
   <trkpt lat="46.257560" lon="11.879323"><ele>2724.6</ele></trkpt>
   <trkpt lat="46.257568" lon="11.879298"><ele>2724.5</ele></trkpt>
   <trkpt lat="46.257577" lon="11.879272"><ele>2724.4</ele></trkpt>
   <trkpt lat="46.257588" lon="11.879249"><ele>2724.3</ele></trkpt>
   <trkpt lat="46.257594" lon="11.879222"><ele>2724.2</ele></trkpt>
   <trkpt lat="46.257606" lon="11.879198"><ele>2724.1</ele></trkpt>
   <trkpt lat="46.257620" lon="11.879177"><ele>2724.0</ele></trkpt>
   <trkpt lat="46.257630" lon="11.879154"><ele>2723.9</ele></trkpt>
   <trkpt lat="46.257640" lon="11.879111"><ele>2723.7</ele></trkpt>
   <trkpt lat="46.257630" lon="11.879062"><ele>2723.5</ele></trkpt>
   <trkpt lat="46.257630" lon="11.879033"><ele>2723.4</ele></trkpt>
   <trkpt lat="46.257635" lon="11.879003"><ele>2723.3</ele></trkpt>
   <trkpt lat="46.257642" lon="11.878975"><ele>2723.2</ele></trkpt>
   <trkpt lat="46.257648" lon="11.878949"><ele>2723.1</ele></trkpt>
   <trkpt lat="46.257659" lon="11.878923"><ele>2723.0</ele></trkpt>
   <trkpt lat="46.257675" lon="11.878901"><ele>2722.8</ele></trkpt>
   <trkpt lat="46.257690" lon="11.878887"><ele>2722.6</ele></trkpt>
   <trkpt lat="46.257704" lon="11.878866"><ele>2722.4</ele></trkpt>
   <trkpt lat="46.257718" lon="11.878841"><ele>2722.2</ele></trkpt>
   <trkpt lat="46.257730" lon="11.878819"><ele>2722.0</ele></trkpt>
   <trkpt lat="46.257744" lon="11.878796"><ele>2721.8</ele></trkpt>
   <trkpt lat="46.257758" lon="11.878773"><ele>2721.6</ele></trkpt>
   <trkpt lat="46.257776" lon="11.878756"><ele>2721.4</ele></trkpt>
   <trkpt lat="46.257798" lon="11.878744"><ele>2721.2</ele></trkpt>
   <trkpt lat="46.257816" lon="11.878718"><ele>2721.1</ele></trkpt>
   <trkpt lat="46.257830" lon="11.878687"><ele>2720.8</ele></trkpt>
   <trkpt lat="46.257846" lon="11.878653"><ele>2720.5</ele></trkpt>
   <trkpt lat="46.257858" lon="11.878618"><ele>2720.2</ele></trkpt>
   <trkpt lat="46.257863" lon="11.878587"><ele>2719.8</ele></trkpt>
   <trkpt lat="46.257864" lon="11.878556"><ele>2719.5</ele></trkpt>
   <trkpt lat="46.257862" lon="11.878526"><ele>2719.2</ele></trkpt>
   <trkpt lat="46.257856" lon="11.878489"><ele>2718.9</ele></trkpt>
   <trkpt lat="46.257845" lon="11.878462"><ele>2718.6</ele></trkpt>
   <trkpt lat="46.257831" lon="11.878428"><ele>2718.0</ele></trkpt>
   <trkpt lat="46.257814" lon="11.878405"><ele>2717.8</ele></trkpt>
   <trkpt lat="46.257795" lon="11.878369"><ele>2717.6</ele></trkpt>
   <trkpt lat="46.257781" lon="11.878329"><ele>2717.4</ele></trkpt>
   <trkpt lat="46.257767" lon="11.878305"><ele>2717.3</ele></trkpt>
   <trkpt lat="46.257746" lon="11.878264"><ele>2717.1</ele></trkpt>
   <trkpt lat="46.257731" lon="11.878227"><ele>2716.9</ele></trkpt>
   <trkpt lat="46.257721" lon="11.878175"><ele>2716.7</ele></trkpt>
   <trkpt lat="46.257718" lon="11.878148"><ele>2716.6</ele></trkpt>
   <trkpt lat="46.257718" lon="11.878121"><ele>2716.5</ele></trkpt>
   <trkpt lat="46.257725" lon="11.878089"><ele>2716.4</ele></trkpt>
   <trkpt lat="46.257731" lon="11.878058"><ele>2716.3</ele></trkpt>
   <trkpt lat="46.257735" lon="11.878028"><ele>2716.2</ele></trkpt>
   <trkpt lat="46.257740" lon="11.877997"><ele>2716.1</ele></trkpt>
   <trkpt lat="46.257745" lon="11.877967"><ele>2716.0</ele></trkpt>
   <trkpt lat="46.257757" lon="11.877943"><ele>2715.9</ele></trkpt>
   <trkpt lat="46.257765" lon="11.877915"><ele>2715.8</ele></trkpt>
   <trkpt lat="46.257773" lon="11.877886"><ele>2715.7</ele></trkpt>
   <trkpt lat="46.257782" lon="11.877858"><ele>2715.6</ele></trkpt>
   <trkpt lat="46.257796" lon="11.877834"><ele>2715.5</ele></trkpt>
   <trkpt lat="46.257808" lon="11.877809"><ele>2715.4</ele></trkpt>
   <trkpt lat="46.257816" lon="11.877778"><ele>2715.3</ele></trkpt>
   <trkpt lat="46.257823" lon="11.877749"><ele>2715.2</ele></trkpt>
   <trkpt lat="46.257825" lon="11.877716"><ele>2715.1</ele></trkpt>
   <trkpt lat="46.257830" lon="11.877687"><ele>2715.0</ele></trkpt>
   <trkpt lat="46.257845" lon="11.877664"><ele>2714.8</ele></trkpt>
   <trkpt lat="46.257865" lon="11.877649"><ele>2714.6</ele></trkpt>
   <trkpt lat="46.257880" lon="11.877627"><ele>2714.4</ele></trkpt>
   <trkpt lat="46.257893" lon="11.877602"><ele>2714.2</ele></trkpt>
   <trkpt lat="46.257906" lon="11.877579"><ele>2714.0</ele></trkpt>
   <trkpt lat="46.257926" lon="11.877566"><ele>2713.8</ele></trkpt>
   <trkpt lat="46.257947" lon="11.877559"><ele>2713.6</ele></trkpt>
   <trkpt lat="46.257964" lon="11.877549"><ele>2713.4</ele></trkpt>
   <trkpt lat="46.257997" lon="11.877535"><ele>2713.0</ele></trkpt>
   <trkpt lat="46.258014" lon="11.877519"><ele>2712.9</ele></trkpt>
   <trkpt lat="46.258036" lon="11.877502"><ele>2712.8</ele></trkpt>
   <trkpt lat="46.258050" lon="11.877482"><ele>2712.7</ele></trkpt>
   <trkpt lat="46.258072" lon="11.877456"><ele>2712.5</ele></trkpt>
   <trkpt lat="46.258073" lon="11.877416"><ele>2712.3</ele></trkpt>
   <trkpt lat="46.258070" lon="11.877385"><ele>2712.1</ele></trkpt>
   <trkpt lat="46.258072" lon="11.877345"><ele>2711.9</ele></trkpt>
   <trkpt lat="46.258086" lon="11.877309"><ele>2711.7</ele></trkpt>
   <trkpt lat="46.258100" lon="11.877291"><ele>2711.6</ele></trkpt>
   <trkpt lat="46.258116" lon="11.877268"><ele>2711.5</ele></trkpt>
   <trkpt lat="46.258129" lon="11.877243"><ele>2711.4</ele></trkpt>
   <trkpt lat="46.258143" lon="11.877219"><ele>2711.3</ele></trkpt>
   <trkpt lat="46.258152" lon="11.877191"><ele>2711.2</ele></trkpt>
   <trkpt lat="46.258158" lon="11.877158"><ele>2711.1</ele></trkpt>
   <trkpt lat="46.258165" lon="11.877128"><ele>2711.0</ele></trkpt>
   <trkpt lat="46.258170" lon="11.877099"><ele>2710.9</ele></trkpt>
   <trkpt lat="46.258177" lon="11.877073"><ele>2710.8</ele></trkpt>
   <trkpt lat="46.258187" lon="11.877046"><ele>2710.7</ele></trkpt>
   <trkpt lat="46.258196" lon="11.877023"><ele>2710.6</ele></trkpt>
   <trkpt lat="46.258211" lon="11.876986"><ele>2710.4</ele></trkpt>
   <trkpt lat="46.258217" lon="11.876959"><ele>2710.2</ele></trkpt>
   <trkpt lat="46.258228" lon="11.876927"><ele>2710.0</ele></trkpt>
   <trkpt lat="46.258240" lon="11.876906"><ele>2709.8</ele></trkpt>
   <trkpt lat="46.258250" lon="11.876874"><ele>2709.5</ele></trkpt>
   <trkpt lat="46.258260" lon="11.876844"><ele>2709.2</ele></trkpt>
   <trkpt lat="46.258264" lon="11.876812"><ele>2709.0</ele></trkpt>
   <trkpt lat="46.258272" lon="11.876782"><ele>2708.4</ele></trkpt>
   <trkpt lat="46.258299" lon="11.876771"><ele>2707.5</ele></trkpt>
   <trkpt lat="46.258321" lon="11.876762"><ele>2706.9</ele></trkpt>
   <trkpt lat="46.258345" lon="11.876754"><ele>2706.3</ele></trkpt>
   <trkpt lat="46.258370" lon="11.876746"><ele>2705.8</ele></trkpt>
   <trkpt lat="46.258388" lon="11.876733"><ele>2705.6</ele></trkpt>
   <trkpt lat="46.258408" lon="11.876714"><ele>2705.4</ele></trkpt>
   <trkpt lat="46.258426" lon="11.876693"><ele>2705.2</ele></trkpt>
   <trkpt lat="46.258441" lon="11.876674"><ele>2705.0</ele></trkpt>
   <trkpt lat="46.258454" lon="11.876655"><ele>2704.8</ele></trkpt>
   <trkpt lat="46.258464" lon="11.876632"><ele>2704.6</ele></trkpt>
   <trkpt lat="46.258472" lon="11.876608"><ele>2704.4</ele></trkpt>
   <trkpt lat="46.258484" lon="11.876585"><ele>2704.2</ele></trkpt>
   <trkpt lat="46.258496" lon="11.876566"><ele>2704.0</ele></trkpt>
   <trkpt lat="46.258512" lon="11.876552"><ele>2703.8</ele></trkpt>
   <trkpt lat="46.258539" lon="11.876536"><ele>2703.4</ele></trkpt>
   <trkpt lat="46.258563" lon="11.876524"><ele>2703.0</ele></trkpt>
   <trkpt lat="46.258589" lon="11.876508"><ele>2702.6</ele></trkpt>
   <trkpt lat="46.258604" lon="11.876493"><ele>2702.4</ele></trkpt>
   <trkpt lat="46.258622" lon="11.876476"><ele>2702.2</ele></trkpt>
   <trkpt lat="46.258646" lon="11.876450"><ele>2701.8</ele></trkpt>
   <trkpt lat="46.258653" lon="11.876407"><ele>2701.4</ele></trkpt>
   <trkpt lat="46.258681" lon="11.876388"><ele>2701.0</ele></trkpt>
   <trkpt lat="46.258707" lon="11.876370"><ele>2700.6</ele></trkpt>
   <trkpt lat="46.258722" lon="11.876346"><ele>2700.4</ele></trkpt>
   <trkpt lat="46.258739" lon="11.876329"><ele>2700.2</ele></trkpt>
   <trkpt lat="46.258769" lon="11.876298"><ele>2699.7</ele></trkpt>
   <trkpt lat="46.258790" lon="11.876262"><ele>2699.1</ele></trkpt>
   <trkpt lat="46.258824" lon="11.876264"><ele>2698.5</ele></trkpt>
   <trkpt lat="46.258840" lon="11.876280"><ele>2698.2</ele></trkpt>
   <trkpt lat="46.258868" lon="11.876276"><ele>2697.6</ele></trkpt>
   <trkpt lat="46.258883" lon="11.876260"><ele>2697.3</ele></trkpt>
   <trkpt lat="46.258901" lon="11.876242"><ele>2697.0</ele></trkpt>
   <trkpt lat="46.258920" lon="11.876224"><ele>2696.8</ele></trkpt>
   <trkpt lat="46.258934" lon="11.876198"><ele>2696.6</ele></trkpt>
   <trkpt lat="46.258946" lon="11.876170"><ele>2696.4</ele></trkpt>
   <trkpt lat="46.258956" lon="11.876142"><ele>2696.2</ele></trkpt>
   <trkpt lat="46.258970" lon="11.876116"><ele>2696.0</ele></trkpt>
   <trkpt lat="46.258981" lon="11.876092"><ele>2695.8</ele></trkpt>
   <trkpt lat="46.258991" lon="11.876070"><ele>2695.6</ele></trkpt>
   <trkpt lat="46.259005" lon="11.876048"><ele>2695.4</ele></trkpt>
   <trkpt lat="46.259020" lon="11.876024"><ele>2695.2</ele></trkpt>
   <trkpt lat="46.259035" lon="11.876003"><ele>2695.0</ele></trkpt>
   <trkpt lat="46.259048" lon="11.875984"><ele>2694.7</ele></trkpt>
   <trkpt lat="46.259063" lon="11.875966"><ele>2694.4</ele></trkpt>
   <trkpt lat="46.259076" lon="11.875926"><ele>2693.8</ele></trkpt>
   <trkpt lat="46.259094" lon="11.875886"><ele>2693.2</ele></trkpt>
   <trkpt lat="46.259106" lon="11.875847"><ele>2692.6</ele></trkpt>
   <trkpt lat="46.259107" lon="11.875799"><ele>2692.0</ele></trkpt>
   <trkpt lat="46.259113" lon="11.875770"><ele>2691.7</ele></trkpt>
   <trkpt lat="46.259114" lon="11.875743"><ele>2691.4</ele></trkpt>
   <trkpt lat="46.259117" lon="11.875692"><ele>2690.8</ele></trkpt>
   <trkpt lat="46.259117" lon="11.875640"><ele>2690.2</ele></trkpt>
   <trkpt lat="46.259119" lon="11.875614"><ele>2690.0</ele></trkpt>
   <trkpt lat="46.259119" lon="11.875586"><ele>2689.7</ele></trkpt>
   <trkpt lat="46.259117" lon="11.875550"><ele>2689.1</ele></trkpt>
   <trkpt lat="46.259116" lon="11.875509"><ele>2688.6</ele></trkpt>
   <trkpt lat="46.259131" lon="11.875461"><ele>2688.2</ele></trkpt>
   <trkpt lat="46.259139" lon="11.875437"><ele>2688.0</ele></trkpt>
   <trkpt lat="46.259138" lon="11.875383"><ele>2687.6</ele></trkpt>
   <trkpt lat="46.259138" lon="11.875351"><ele>2687.4</ele></trkpt>
   <trkpt lat="46.259137" lon="11.875321"><ele>2687.2</ele></trkpt>
   <trkpt lat="46.259132" lon="11.875293"><ele>2687.0</ele></trkpt>
   <trkpt lat="46.259126" lon="11.875248"><ele>2686.6</ele></trkpt>
   <trkpt lat="46.259140" lon="11.875203"><ele>2686.2</ele></trkpt>
   <trkpt lat="46.259143" lon="11.875163"><ele>2685.8</ele></trkpt>
   <trkpt lat="46.259155" lon="11.875127"><ele>2685.5</ele></trkpt>
   <trkpt lat="46.259157" lon="11.875077"><ele>2685.1</ele></trkpt>
   <trkpt lat="46.259169" lon="11.875057"><ele>2684.8</ele></trkpt>
   <trkpt lat="46.259185" lon="11.875017"><ele>2684.2</ele></trkpt>
   <trkpt lat="46.259191" lon="11.874976"><ele>2683.6</ele></trkpt>
   <trkpt lat="46.259192" lon="11.874938"><ele>2682.9</ele></trkpt>
   <trkpt lat="46.259189" lon="11.874903"><ele>2682.3</ele></trkpt>
   <trkpt lat="46.259195" lon="11.874858"><ele>2681.8</ele></trkpt>
   <trkpt lat="46.259190" lon="11.874831"><ele>2681.6</ele></trkpt>
   <trkpt lat="46.259189" lon="11.874802"><ele>2681.4</ele></trkpt>
   <trkpt lat="46.259196" lon="11.874775"><ele>2681.2</ele></trkpt>
   <trkpt lat="46.259199" lon="11.874741"><ele>2681.0</ele></trkpt>
   <trkpt lat="46.259200" lon="11.874713"><ele>2680.8</ele></trkpt>
   <trkpt lat="46.259208" lon="11.874664"><ele>2680.4</ele></trkpt>
   <trkpt lat="46.259223" lon="11.874621"><ele>2680.0</ele></trkpt>
   <trkpt lat="46.259232" lon="11.874568"><ele>2679.8</ele></trkpt>
   <trkpt lat="46.259234" lon="11.874537"><ele>2679.7</ele></trkpt>
   <trkpt lat="46.259235" lon="11.874507"><ele>2679.6</ele></trkpt>
   <trkpt lat="46.259244" lon="11.874460"><ele>2679.4</ele></trkpt>
   <trkpt lat="46.259248" lon="11.874429"><ele>2679.2</ele></trkpt>
   <trkpt lat="46.259241" lon="11.874403"><ele>2679.0</ele></trkpt>
   <trkpt lat="46.259224" lon="11.874361"><ele>2678.6</ele></trkpt>
   <trkpt lat="46.259218" lon="11.874311"><ele>2678.2</ele></trkpt>
   <trkpt lat="46.259218" lon="11.874279"><ele>2678.0</ele></trkpt>
   <trkpt lat="46.259220" lon="11.874235"><ele>2677.6</ele></trkpt>
   <trkpt lat="46.259209" lon="11.874204"><ele>2677.2</ele></trkpt>
   <trkpt lat="46.259198" lon="11.874162"><ele>2676.9</ele></trkpt>
   <trkpt lat="46.259192" lon="11.874125"><ele>2676.7</ele></trkpt>
   <trkpt lat="46.259191" lon="11.874080"><ele>2676.5</ele></trkpt>
   <trkpt lat="46.259177" lon="11.874030"><ele>2676.3</ele></trkpt>
   <trkpt lat="46.259170" lon="11.873999"><ele>2676.2</ele></trkpt>
   <trkpt lat="46.259165" lon="11.873968"><ele>2676.1</ele></trkpt>
   <trkpt lat="46.259161" lon="11.873921"><ele>2675.9</ele></trkpt>
   <trkpt lat="46.259154" lon="11.873887"><ele>2675.7</ele></trkpt>
   <trkpt lat="46.259143" lon="11.873852"><ele>2675.5</ele></trkpt>
   <trkpt lat="46.259132" lon="11.873820"><ele>2675.3</ele></trkpt>
   <trkpt lat="46.259117" lon="11.873775"><ele>2675.1</ele></trkpt>
   <trkpt lat="46.259115" lon="11.873748"><ele>2675.0</ele></trkpt>
   <trkpt lat="46.259094" lon="11.873704"><ele>2674.8</ele></trkpt>
   <trkpt lat="46.259080" lon="11.873685"><ele>2674.7</ele></trkpt>
   <trkpt lat="46.259073" lon="11.873658"><ele>2674.6</ele></trkpt>
   <trkpt lat="46.259072" lon="11.873626"><ele>2674.5</ele></trkpt>
   <trkpt lat="46.259072" lon="11.873595"><ele>2674.4</ele></trkpt>
   <trkpt lat="46.259075" lon="11.873566"><ele>2674.3</ele></trkpt>
   <trkpt lat="46.259081" lon="11.873520"><ele>2674.1</ele></trkpt>
   <trkpt lat="46.259075" lon="11.873469"><ele>2673.8</ele></trkpt>
   <trkpt lat="46.259075" lon="11.873442"><ele>2673.6</ele></trkpt>
   <trkpt lat="46.259070" lon="11.873415"><ele>2673.4</ele></trkpt>
   <trkpt lat="46.259060" lon="11.873390"><ele>2673.2</ele></trkpt>
   <trkpt lat="46.259049" lon="11.873368"><ele>2673.0</ele></trkpt>
   <trkpt lat="46.259020" lon="11.873348"><ele>2672.6</ele></trkpt>
   <trkpt lat="46.258997" lon="11.873341"><ele>2672.2</ele></trkpt>
   <trkpt lat="46.258972" lon="11.873331"><ele>2671.8</ele></trkpt>
   <trkpt lat="46.258951" lon="11.873324"><ele>2671.6</ele></trkpt>
   <trkpt lat="46.258933" lon="11.873315"><ele>2671.4</ele></trkpt>
   <trkpt lat="46.258916" lon="11.873302"><ele>2671.2</ele></trkpt>
   <trkpt lat="46.258896" lon="11.873292"><ele>2671.0</ele></trkpt>
   <trkpt lat="46.258878" lon="11.873281"><ele>2670.8</ele></trkpt>
   <trkpt lat="46.258852" lon="11.873263"><ele>2670.4</ele></trkpt>
   <trkpt lat="46.258834" lon="11.873254"><ele>2670.0</ele></trkpt>
   <trkpt lat="46.258803" lon="11.873256"><ele>2669.8</ele></trkpt>
   <trkpt lat="46.258781" lon="11.873254"><ele>2669.7</ele></trkpt>
   <trkpt lat="46.258761" lon="11.873248"><ele>2669.6</ele></trkpt>
   <trkpt lat="46.258743" lon="11.873230"><ele>2669.5</ele></trkpt>
   <trkpt lat="46.258728" lon="11.873210"><ele>2669.4</ele></trkpt>
   <trkpt lat="46.258710" lon="11.873168"><ele>2669.2</ele></trkpt>
   <trkpt lat="46.258693" lon="11.873143"><ele>2669.0</ele></trkpt>
   <trkpt lat="46.258673" lon="11.873122"><ele>2668.8</ele></trkpt>
   <trkpt lat="46.258660" lon="11.873102"><ele>2668.6</ele></trkpt>
   <trkpt lat="46.258645" lon="11.873085"><ele>2668.4</ele></trkpt>
   <trkpt lat="46.258635" lon="11.873061"><ele>2668.2</ele></trkpt>
   <trkpt lat="46.258631" lon="11.873029"><ele>2668.0</ele></trkpt>
   <trkpt lat="46.258624" lon="11.872998"><ele>2668.0</ele></trkpt>
   <trkpt lat="46.258625" lon="11.872963"><ele>2668.0</ele></trkpt>
   <trkpt lat="46.258620" lon="11.872924"><ele>2668.0</ele></trkpt>
   <trkpt lat="46.258623" lon="11.872879"><ele>2668.0</ele></trkpt>
   <trkpt lat="46.258629" lon="11.872834"><ele>2668.0</ele></trkpt>
   <trkpt lat="46.258619" lon="11.872793"><ele>2668.2</ele></trkpt>
   <trkpt lat="46.258614" lon="11.872751"><ele>2668.4</ele></trkpt>
   <trkpt lat="46.258616" lon="11.872708"><ele>2668.6</ele></trkpt>
   <trkpt lat="46.258609" lon="11.872673"><ele>2668.8</ele></trkpt>
   <trkpt lat="46.258597" lon="11.872632"><ele>2669.0</ele></trkpt>
   <trkpt lat="46.258582" lon="11.872600"><ele>2669.2</ele></trkpt>
   <trkpt lat="46.258569" lon="11.872575"><ele>2669.4</ele></trkpt>
   <trkpt lat="46.258553" lon="11.872548"><ele>2669.7</ele></trkpt>
   <trkpt lat="46.258540" lon="11.872528"><ele>2669.9</ele></trkpt>
   <trkpt lat="46.258534" lon="11.872504"><ele>2670.0</ele></trkpt>
   <trkpt lat="46.258530" lon="11.872472"><ele>2670.0</ele></trkpt>
   <trkpt lat="46.258528" lon="11.872440"><ele>2670.0</ele></trkpt>
   <trkpt lat="46.258531" lon="11.872403"><ele>2670.0</ele></trkpt>
   <trkpt lat="46.258536" lon="11.872359"><ele>2670.0</ele></trkpt>
   <trkpt lat="46.258527" lon="11.872327"><ele>2670.1</ele></trkpt>
   <trkpt lat="46.258526" lon="11.872298"><ele>2670.3</ele></trkpt>
   <trkpt lat="46.258529" lon="11.872266"><ele>2670.5</ele></trkpt>
   <trkpt lat="46.258531" lon="11.872233"><ele>2670.8</ele></trkpt>
   <trkpt lat="46.258513" lon="11.872202"><ele>2671.3</ele></trkpt>
   <trkpt lat="46.258495" lon="11.872194"><ele>2671.5</ele></trkpt>
   <trkpt lat="46.258477" lon="11.872192"><ele>2671.7</ele></trkpt>
   <trkpt lat="46.258456" lon="11.872184"><ele>2672.0</ele></trkpt>
   <trkpt lat="46.258433" lon="11.872170"><ele>2672.3</ele></trkpt>
   <trkpt lat="46.258413" lon="11.872162"><ele>2672.5</ele></trkpt>
   <trkpt lat="46.258386" lon="11.872133"><ele>2672.7</ele></trkpt>
   <trkpt lat="46.258362" lon="11.872108"><ele>2672.9</ele></trkpt>
   <trkpt lat="46.258339" lon="11.872084"><ele>2673.0</ele></trkpt>
   <trkpt lat="46.258309" lon="11.872058"><ele>2673.0</ele></trkpt>
   <trkpt lat="46.258294" lon="11.872038"><ele>2673.0</ele></trkpt>
   <trkpt lat="46.258282" lon="11.872017"><ele>2673.0</ele></trkpt>
   <trkpt lat="46.258267" lon="11.871997"><ele>2673.0</ele></trkpt>
   <trkpt lat="46.258239" lon="11.871980"><ele>2673.0</ele></trkpt>
   <trkpt lat="46.258208" lon="11.871960"><ele>2673.0</ele></trkpt>
   <trkpt lat="46.258187" lon="11.871933"><ele>2673.2</ele></trkpt>
   <trkpt lat="46.258169" lon="11.871926"><ele>2673.3</ele></trkpt>
   <trkpt lat="46.258150" lon="11.871919"><ele>2673.4</ele></trkpt>
   <trkpt lat="46.258142" lon="11.871888"><ele>2673.6</ele></trkpt>
   <trkpt lat="46.258131" lon="11.871860"><ele>2673.8</ele></trkpt>
   <trkpt lat="46.258119" lon="11.871836"><ele>2674.0</ele></trkpt>
   <trkpt lat="46.258104" lon="11.871802"><ele>2674.4</ele></trkpt>
   <trkpt lat="46.258078" lon="11.871766"><ele>2674.8</ele></trkpt>
   <trkpt lat="46.258065" lon="11.871749"><ele>2675.0</ele></trkpt>
   <trkpt lat="46.258050" lon="11.871712"><ele>2675.4</ele></trkpt>
   <trkpt lat="46.258036" lon="11.871672"><ele>2675.8</ele></trkpt>
   <trkpt lat="46.258025" lon="11.871630"><ele>2676.0</ele></trkpt>
   <trkpt lat="46.258025" lon="11.871582"><ele>2676.0</ele></trkpt>
   <trkpt lat="46.258034" lon="11.871552"><ele>2676.0</ele></trkpt>
   <trkpt lat="46.258038" lon="11.871527"><ele>2676.0</ele></trkpt>
   <trkpt lat="46.258041" lon="11.871500"><ele>2676.0</ele></trkpt>
   <trkpt lat="46.258042" lon="11.871470"><ele>2676.0</ele></trkpt>
   <trkpt lat="46.258043" lon="11.871441"><ele>2676.0</ele></trkpt>
   <trkpt lat="46.258041" lon="11.871414"><ele>2676.0</ele></trkpt>
   <trkpt lat="46.258038" lon="11.871383"><ele>2676.0</ele></trkpt>
   <trkpt lat="46.258041" lon="11.871353"><ele>2676.0</ele></trkpt>
   <trkpt lat="46.258046" lon="11.871320"><ele>2676.0</ele></trkpt>
   <trkpt lat="46.258052" lon="11.871283"><ele>2676.0</ele></trkpt>
   <trkpt lat="46.258063" lon="11.871244"><ele>2676.0</ele></trkpt>
   <trkpt lat="46.258072" lon="11.871208"><ele>2676.0</ele></trkpt>
   <trkpt lat="46.258078" lon="11.871172"><ele>2676.0</ele></trkpt>
   <trkpt lat="46.258084" lon="11.871136"><ele>2676.0</ele></trkpt>
   <trkpt lat="46.258092" lon="11.871101"><ele>2676.0</ele></trkpt>
   <trkpt lat="46.258107" lon="11.871069"><ele>2676.0</ele></trkpt>
   <trkpt lat="46.258128" lon="11.871043"><ele>2676.0</ele></trkpt>
   <trkpt lat="46.258148" lon="11.871024"><ele>2675.9</ele></trkpt>
   <trkpt lat="46.258167" lon="11.871009"><ele>2675.8</ele></trkpt>
   <trkpt lat="46.258185" lon="11.870998"><ele>2675.7</ele></trkpt>
   <trkpt lat="46.258204" lon="11.870989"><ele>2675.6</ele></trkpt>
   <trkpt lat="46.258219" lon="11.870971"><ele>2675.5</ele></trkpt>
   <trkpt lat="46.258234" lon="11.870952"><ele>2675.4</ele></trkpt>
   <trkpt lat="46.258254" lon="11.870932"><ele>2675.3</ele></trkpt>
   <trkpt lat="46.258271" lon="11.870909"><ele>2675.2</ele></trkpt>
   <trkpt lat="46.258289" lon="11.870891"><ele>2675.1</ele></trkpt>
   <trkpt lat="46.258307" lon="11.870870"><ele>2675.0</ele></trkpt>
   <trkpt lat="46.258327" lon="11.870850"><ele>2674.9</ele></trkpt>
   <trkpt lat="46.258348" lon="11.870837"><ele>2674.8</ele></trkpt>
   <trkpt lat="46.258367" lon="11.870832"><ele>2674.7</ele></trkpt>
   <trkpt lat="46.258406" lon="11.870813"><ele>2674.5</ele></trkpt>
   <trkpt lat="46.258426" lon="11.870789"><ele>2674.4</ele></trkpt>
   <trkpt lat="46.258448" lon="11.870762"><ele>2674.3</ele></trkpt>
   <trkpt lat="46.258472" lon="11.870743"><ele>2674.2</ele></trkpt>
   <trkpt lat="46.258492" lon="11.870734"><ele>2674.1</ele></trkpt>
   <trkpt lat="46.258527" lon="11.870728"><ele>2673.9</ele></trkpt>
   <trkpt lat="46.258561" lon="11.870706"><ele>2673.7</ele></trkpt>
   <trkpt lat="46.258582" lon="11.870674"><ele>2673.5</ele></trkpt>
   <trkpt lat="46.258606" lon="11.870655"><ele>2673.3</ele></trkpt>
   <trkpt lat="46.258624" lon="11.870666"><ele>2673.2</ele></trkpt>
   <trkpt lat="46.258640" lon="11.870692"><ele>2673.1</ele></trkpt>
   <trkpt lat="46.258652" lon="11.870720"><ele>2673.0</ele></trkpt>
   <trkpt lat="46.258675" lon="11.870739"><ele>2673.0</ele></trkpt>
   <trkpt lat="46.258696" lon="11.870724"><ele>2673.0</ele></trkpt>
   <trkpt lat="46.258721" lon="11.870711"><ele>2673.0</ele></trkpt>
   <trkpt lat="46.258740" lon="11.870708"><ele>2673.0</ele></trkpt>
   <trkpt lat="46.258761" lon="11.870717"><ele>2673.0</ele></trkpt>
   <trkpt lat="46.258782" lon="11.870702"><ele>2673.0</ele></trkpt>
   <trkpt lat="46.258801" lon="11.870680"><ele>2673.0</ele></trkpt>
   <trkpt lat="46.258812" lon="11.870658"><ele>2673.0</ele></trkpt>
   <trkpt lat="46.258812" lon="11.870623"><ele>2673.0</ele></trkpt>
   <trkpt lat="46.258821" lon="11.870582"><ele>2673.0</ele></trkpt>
   <trkpt lat="46.258817" lon="11.870540"><ele>2673.0</ele></trkpt>
   <trkpt lat="46.258823" lon="11.870500"><ele>2673.0</ele></trkpt>
   <trkpt lat="46.258833" lon="11.870461"><ele>2673.0</ele></trkpt>
   <trkpt lat="46.258852" lon="11.870428"><ele>2673.0</ele></trkpt>
   <trkpt lat="46.258858" lon="11.870392"><ele>2673.0</ele></trkpt>
   <trkpt lat="46.258876" lon="11.870367"><ele>2673.0</ele></trkpt>
   <trkpt lat="46.258900" lon="11.870354"><ele>2673.2</ele></trkpt>
   <trkpt lat="46.258920" lon="11.870337"><ele>2673.6</ele></trkpt>
   <trkpt lat="46.258921" lon="11.870294"><ele>2674.2</ele></trkpt>
   <trkpt lat="46.258928" lon="11.870260"><ele>2674.6</ele></trkpt>
   <trkpt lat="46.258946" lon="11.870240"><ele>2675.0</ele></trkpt>
   <trkpt lat="46.258951" lon="11.870207"><ele>2675.2</ele></trkpt>
   <trkpt lat="46.258973" lon="11.870182"><ele>2675.4</ele></trkpt>
   <trkpt lat="46.259002" lon="11.870150"><ele>2675.6</ele></trkpt>
   <trkpt lat="46.259013" lon="11.870127"><ele>2675.7</ele></trkpt>
   <trkpt lat="46.259024" lon="11.870103"><ele>2675.8</ele></trkpt>
   <trkpt lat="46.259034" lon="11.870079"><ele>2675.9</ele></trkpt>
   <trkpt lat="46.259050" lon="11.870031"><ele>2676.1</ele></trkpt>
   <trkpt lat="46.259064" lon="11.870011"><ele>2676.2</ele></trkpt>
   <trkpt lat="46.259078" lon="11.869994"><ele>2676.3</ele></trkpt>
   <trkpt lat="46.259104" lon="11.869961"><ele>2676.5</ele></trkpt>
   <trkpt lat="46.259121" lon="11.869918"><ele>2676.7</ele></trkpt>
   <trkpt lat="46.259141" lon="11.869880"><ele>2676.9</ele></trkpt>
   <trkpt lat="46.259153" lon="11.869834"><ele>2677.1</ele></trkpt>
   <trkpt lat="46.259168" lon="11.869817"><ele>2677.2</ele></trkpt>
   <trkpt lat="46.259186" lon="11.869803"><ele>2677.3</ele></trkpt>
   <trkpt lat="46.259207" lon="11.869789"><ele>2677.4</ele></trkpt>
   <trkpt lat="46.259223" lon="11.869770"><ele>2677.5</ele></trkpt>
   <trkpt lat="46.259235" lon="11.869749"><ele>2677.6</ele></trkpt>
   <trkpt lat="46.259239" lon="11.869721"><ele>2677.7</ele></trkpt>
   <trkpt lat="46.259241" lon="11.869695"><ele>2677.8</ele></trkpt>
   <trkpt lat="46.259228" lon="11.869649"><ele>2678.0</ele></trkpt>
   <trkpt lat="46.259225" lon="11.869623"><ele>2678.1</ele></trkpt>
   <trkpt lat="46.259230" lon="11.869595"><ele>2678.2</ele></trkpt>
   <trkpt lat="46.259239" lon="11.869565"><ele>2678.3</ele></trkpt>
   <trkpt lat="46.259247" lon="11.869534"><ele>2678.4</ele></trkpt>
   <trkpt lat="46.259255" lon="11.869500"><ele>2678.5</ele></trkpt>
   <trkpt lat="46.259265" lon="11.869469"><ele>2678.6</ele></trkpt>
   <trkpt lat="46.259271" lon="11.869439"><ele>2678.7</ele></trkpt>
   <trkpt lat="46.259276" lon="11.869409"><ele>2678.8</ele></trkpt>
   <trkpt lat="46.259283" lon="11.869380"><ele>2678.9</ele></trkpt>
   <trkpt lat="46.259289" lon="11.869326"><ele>2679.0</ele></trkpt>
   <trkpt lat="46.259295" lon="11.869297"><ele>2679.0</ele></trkpt>
   <trkpt lat="46.259309" lon="11.869271"><ele>2679.0</ele></trkpt>
   <trkpt lat="46.259324" lon="11.869244"><ele>2679.0</ele></trkpt>
   <trkpt lat="46.259335" lon="11.869213"><ele>2679.0</ele></trkpt>
   <trkpt lat="46.259345" lon="11.869184"><ele>2679.0</ele></trkpt>
   <trkpt lat="46.259359" lon="11.869155"><ele>2679.0</ele></trkpt>
   <trkpt lat="46.259373" lon="11.869129"><ele>2679.0</ele></trkpt>
   <trkpt lat="46.259383" lon="11.869103"><ele>2679.0</ele></trkpt>
   <trkpt lat="46.259391" lon="11.869068"><ele>2679.0</ele></trkpt>
   <trkpt lat="46.259391" lon="11.869033"><ele>2679.0</ele></trkpt>
   <trkpt lat="46.259390" lon="11.869006"><ele>2679.0</ele></trkpt>
   <trkpt lat="46.259381" lon="11.868963"><ele>2679.0</ele></trkpt>
   <trkpt lat="46.259359" lon="11.868928"><ele>2679.0</ele></trkpt>
   <trkpt lat="46.259346" lon="11.868906"><ele>2679.0</ele></trkpt>
   <trkpt lat="46.259337" lon="11.868879"><ele>2679.0</ele></trkpt>
   <trkpt lat="46.259333" lon="11.868849"><ele>2679.0</ele></trkpt>
   <trkpt lat="46.259330" lon="11.868819"><ele>2679.0</ele></trkpt>
   <trkpt lat="46.259317" lon="11.868772"><ele>2678.8</ele></trkpt>
   <trkpt lat="46.259302" lon="11.868725"><ele>2678.6</ele></trkpt>
   <trkpt lat="46.259291" lon="11.868675"><ele>2678.4</ele></trkpt>
   <trkpt lat="46.259284" lon="11.868651"><ele>2678.3</ele></trkpt>
   <trkpt lat="46.259276" lon="11.868627"><ele>2678.2</ele></trkpt>
   <trkpt lat="46.259266" lon="11.868602"><ele>2678.1</ele></trkpt>
   <trkpt lat="46.259253" lon="11.868576"><ele>2678.0</ele></trkpt>
   <trkpt lat="46.259241" lon="11.868548"><ele>2678.0</ele></trkpt>
   <trkpt lat="46.259232" lon="11.868520"><ele>2678.0</ele></trkpt>
   <trkpt lat="46.259215" lon="11.868471"><ele>2678.0</ele></trkpt>
   <trkpt lat="46.259205" lon="11.868446"><ele>2678.0</ele></trkpt>
   <trkpt lat="46.259195" lon="11.868421"><ele>2678.0</ele></trkpt>
   <trkpt lat="46.259184" lon="11.868393"><ele>2678.0</ele></trkpt>
   <trkpt lat="46.259164" lon="11.868369"><ele>2677.9</ele></trkpt>
   <trkpt lat="46.259151" lon="11.868348"><ele>2677.8</ele></trkpt>
   <trkpt lat="46.259141" lon="11.868313"><ele>2677.6</ele></trkpt>
   <trkpt lat="46.259126" lon="11.868293"><ele>2677.4</ele></trkpt>
   <trkpt lat="46.259103" lon="11.868295"><ele>2677.2</ele></trkpt>
   <trkpt lat="46.259079" lon="11.868283"><ele>2677.0</ele></trkpt>
   <trkpt lat="46.259061" lon="11.868264"><ele>2676.8</ele></trkpt>
   <trkpt lat="46.259044" lon="11.868249"><ele>2676.6</ele></trkpt>
   <trkpt lat="46.259030" lon="11.868227"><ele>2676.4</ele></trkpt>
   <trkpt lat="46.259019" lon="11.868204"><ele>2676.2</ele></trkpt>
   <trkpt lat="46.259004" lon="11.868177"><ele>2676.0</ele></trkpt>
   <trkpt lat="46.258992" lon="11.868146"><ele>2676.2</ele></trkpt>
   <trkpt lat="46.258973" lon="11.868140"><ele>2676.5</ele></trkpt>
   <trkpt lat="46.258957" lon="11.868159"><ele>2676.7</ele></trkpt>
   <trkpt lat="46.258934" lon="11.868154"><ele>2676.9</ele></trkpt>
   <trkpt lat="46.258910" lon="11.868140"><ele>2677.1</ele></trkpt>
   <trkpt lat="46.258886" lon="11.868115"><ele>2677.3</ele></trkpt>
   <trkpt lat="46.258855" lon="11.868099"><ele>2677.5</ele></trkpt>
   <trkpt lat="46.258826" lon="11.868083"><ele>2677.7</ele></trkpt>
   <trkpt lat="46.258804" lon="11.868070"><ele>2677.9</ele></trkpt>
   <trkpt lat="46.258783" lon="11.868066"><ele>2678.4</ele></trkpt>
   <trkpt lat="46.258762" lon="11.868065"><ele>2679.0</ele></trkpt>
   <trkpt lat="46.258742" lon="11.868066"><ele>2679.6</ele></trkpt>
   <trkpt lat="46.258741" lon="11.868033"><ele>2680.4</ele></trkpt>
   <trkpt lat="46.258721" lon="11.868032"><ele>2681.0</ele></trkpt>
   <trkpt lat="46.258699" lon="11.868032"><ele>2681.6</ele></trkpt>
   <trkpt lat="46.258684" lon="11.868015"><ele>2682.2</ele></trkpt>
   <trkpt lat="46.258667" lon="11.867988"><ele>2682.6</ele></trkpt>
   <trkpt lat="46.258651" lon="11.867969"><ele>2682.9</ele></trkpt>
   <trkpt lat="46.258633" lon="11.867954"><ele>2683.4</ele></trkpt>
   <trkpt lat="46.258621" lon="11.867927"><ele>2684.2</ele></trkpt>
   <trkpt lat="46.258597" lon="11.867930"><ele>2685.1</ele></trkpt>
   <trkpt lat="46.258572" lon="11.867943"><ele>2685.4</ele></trkpt>
   <trkpt lat="46.258553" lon="11.867947"><ele>2685.6</ele></trkpt>
   <trkpt lat="46.258534" lon="11.867947"><ele>2685.8</ele></trkpt>
   <trkpt lat="46.258514" lon="11.867940"><ele>2686.0</ele></trkpt>
   <trkpt lat="46.258496" lon="11.867929"><ele>2686.6</ele></trkpt>
   <trkpt lat="46.258499" lon="11.867898"><ele>2687.5</ele></trkpt>
   <trkpt lat="46.258508" lon="11.867858"><ele>2688.4</ele></trkpt>
   <trkpt lat="46.258505" lon="11.867827"><ele>2689.3</ele></trkpt>
   <trkpt lat="46.258496" lon="11.867804"><ele>2689.9</ele></trkpt>
   <trkpt lat="46.258491" lon="11.867776"><ele>2690.5</ele></trkpt>
   <trkpt lat="46.258500" lon="11.867747"><ele>2691.4</ele></trkpt>
   <trkpt lat="46.258504" lon="11.867715"><ele>2692.0</ele></trkpt>
   <trkpt lat="46.258509" lon="11.867671"><ele>2692.4</ele></trkpt>
   <trkpt lat="46.258497" lon="11.867634"><ele>2692.8</ele></trkpt>
   <trkpt lat="46.258487" lon="11.867601"><ele>2693.4</ele></trkpt>
   <trkpt lat="46.258480" lon="11.867560"><ele>2693.8</ele></trkpt>
   <trkpt lat="46.258473" lon="11.867514"><ele>2694.1</ele></trkpt>
   <trkpt lat="46.258468" lon="11.867458"><ele>2694.3</ele></trkpt>
   <trkpt lat="46.258467" lon="11.867411"><ele>2694.5</ele></trkpt>
   <trkpt lat="46.258463" lon="11.867359"><ele>2694.7</ele></trkpt>
   <trkpt lat="46.258464" lon="11.867326"><ele>2694.8</ele></trkpt>
   <trkpt lat="46.258461" lon="11.867295"><ele>2694.9</ele></trkpt>
   <trkpt lat="46.258459" lon="11.867266"><ele>2695.0</ele></trkpt>
   <trkpt lat="46.258455" lon="11.867225"><ele>2695.4</ele></trkpt>
   <trkpt lat="46.258456" lon="11.867180"><ele>2695.8</ele></trkpt>
   <trkpt lat="46.258454" lon="11.867150"><ele>2696.0</ele></trkpt>
   <trkpt lat="46.258448" lon="11.867119"><ele>2696.2</ele></trkpt>
   <trkpt lat="46.258443" lon="11.867092"><ele>2696.4</ele></trkpt>
   <trkpt lat="46.258438" lon="11.867067"><ele>2696.6</ele></trkpt>
   <trkpt lat="46.258419" lon="11.867023"><ele>2697.0</ele></trkpt>
   <trkpt lat="46.258404" lon="11.866997"><ele>2697.2</ele></trkpt>
   <trkpt lat="46.258398" lon="11.866968"><ele>2697.4</ele></trkpt>
   <trkpt lat="46.258396" lon="11.866940"><ele>2697.6</ele></trkpt>
   <trkpt lat="46.258394" lon="11.866914"><ele>2697.8</ele></trkpt>
   <trkpt lat="46.258399" lon="11.866884"><ele>2698.0</ele></trkpt>
   <trkpt lat="46.258405" lon="11.866854"><ele>2698.2</ele></trkpt>
   <trkpt lat="46.258411" lon="11.866829"><ele>2698.4</ele></trkpt>
   <trkpt lat="46.258405" lon="11.866775"><ele>2698.8</ele></trkpt>
   <trkpt lat="46.258395" lon="11.866746"><ele>2699.0</ele></trkpt>
   <trkpt lat="46.258384" lon="11.866718"><ele>2699.0</ele></trkpt>
   <trkpt lat="46.258377" lon="11.866690"><ele>2699.0</ele></trkpt>
   <trkpt lat="46.258377" lon="11.866663"><ele>2699.0</ele></trkpt>
   <trkpt lat="46.258367" lon="11.866611"><ele>2699.0</ele></trkpt>
   <trkpt lat="46.258361" lon="11.866586"><ele>2699.0</ele></trkpt>
   <trkpt lat="46.258353" lon="11.866542"><ele>2699.0</ele></trkpt>
   <trkpt lat="46.258344" lon="11.866494"><ele>2699.0</ele></trkpt>
   <trkpt lat="46.258341" lon="11.866447"><ele>2698.8</ele></trkpt>
   <trkpt lat="46.258334" lon="11.866416"><ele>2698.7</ele></trkpt>
   <trkpt lat="46.258323" lon="11.866385"><ele>2698.6</ele></trkpt>
   <trkpt lat="46.258310" lon="11.866366"><ele>2698.5</ele></trkpt>
   <trkpt lat="46.258285" lon="11.866350"><ele>2698.3</ele></trkpt>
   <trkpt lat="46.258265" lon="11.866331"><ele>2698.1</ele></trkpt>
   <trkpt lat="46.258244" lon="11.866312"><ele>2697.6</ele></trkpt>
   <trkpt lat="46.258220" lon="11.866286"><ele>2697.2</ele></trkpt>
   <trkpt lat="46.258215" lon="11.866247"><ele>2696.8</ele></trkpt>
   <trkpt lat="46.258220" lon="11.866216"><ele>2696.4</ele></trkpt>
   <trkpt lat="46.258224" lon="11.866174"><ele>2696.0</ele></trkpt>
   <trkpt lat="46.258212" lon="11.866137"><ele>2695.6</ele></trkpt>
   <trkpt lat="46.258199" lon="11.866114"><ele>2695.2</ele></trkpt>
   <trkpt lat="46.258180" lon="11.866108"><ele>2694.8</ele></trkpt>
   <trkpt lat="46.258151" lon="11.866101"><ele>2694.4</ele></trkpt>
   <trkpt lat="46.258135" lon="11.866079"><ele>2694.2</ele></trkpt>
   <trkpt lat="46.258130" lon="11.866051"><ele>2694.0</ele></trkpt>
   <trkpt lat="46.258136" lon="11.866021"><ele>2693.7</ele></trkpt>
   <trkpt lat="46.258138" lon="11.865990"><ele>2693.4</ele></trkpt>
   <trkpt lat="46.258135" lon="11.865960"><ele>2693.1</ele></trkpt>
   <trkpt lat="46.258133" lon="11.865927"><ele>2692.8</ele></trkpt>
   <trkpt lat="46.258133" lon="11.865894"><ele>2692.5</ele></trkpt>
   <trkpt lat="46.258138" lon="11.865857"><ele>2692.2</ele></trkpt>
   <trkpt lat="46.258141" lon="11.865818"><ele>2691.9</ele></trkpt>
   <trkpt lat="46.258145" lon="11.865779"><ele>2691.6</ele></trkpt>
   <trkpt lat="46.258149" lon="11.865741"><ele>2691.3</ele></trkpt>
   <trkpt lat="46.258156" lon="11.865709"><ele>2691.0</ele></trkpt>
   <trkpt lat="46.258165" lon="11.865674"><ele>2690.7</ele></trkpt>
   <trkpt lat="46.258176" lon="11.865636"><ele>2690.4</ele></trkpt>
   <trkpt lat="46.258183" lon="11.865595"><ele>2690.1</ele></trkpt>
   <trkpt lat="46.258191" lon="11.865560"><ele>2689.8</ele></trkpt>
   <trkpt lat="46.258197" lon="11.865526"><ele>2689.5</ele></trkpt>
   <trkpt lat="46.258198" lon="11.865492"><ele>2689.2</ele></trkpt>
   <trkpt lat="46.258200" lon="11.865461"><ele>2688.9</ele></trkpt>
   <trkpt lat="46.258199" lon="11.865432"><ele>2688.6</ele></trkpt>
   <trkpt lat="46.258191" lon="11.865398"><ele>2688.3</ele></trkpt>
   <trkpt lat="46.258184" lon="11.865366"><ele>2688.0</ele></trkpt>
   <trkpt lat="46.258182" lon="11.865334"><ele>2687.7</ele></trkpt>
   <trkpt lat="46.258184" lon="11.865308"><ele>2687.4</ele></trkpt>
   <trkpt lat="46.258185" lon="11.865278"><ele>2687.1</ele></trkpt>
   <trkpt lat="46.258184" lon="11.865248"><ele>2686.8</ele></trkpt>
   <trkpt lat="46.258182" lon="11.865222"><ele>2686.5</ele></trkpt>
   <trkpt lat="46.258188" lon="11.865175"><ele>2685.9</ele></trkpt>
   <trkpt lat="46.258184" lon="11.865147"><ele>2685.6</ele></trkpt>
   <trkpt lat="46.258178" lon="11.865116"><ele>2685.3</ele></trkpt>
   <trkpt lat="46.258170" lon="11.865087"><ele>2685.0</ele></trkpt>
   <trkpt lat="46.258167" lon="11.865058"><ele>2684.7</ele></trkpt>
   <trkpt lat="46.258162" lon="11.865027"><ele>2684.4</ele></trkpt>
   <trkpt lat="46.258154" lon="11.864999"><ele>2684.1</ele></trkpt>
   <trkpt lat="46.258147" lon="11.864970"><ele>2683.8</ele></trkpt>
   <trkpt lat="46.258142" lon="11.864944"><ele>2683.5</ele></trkpt>
   <trkpt lat="46.258134" lon="11.864912"><ele>2683.2</ele></trkpt>
   <trkpt lat="46.258128" lon="11.864874"><ele>2682.9</ele></trkpt>
   <trkpt lat="46.258124" lon="11.864840"><ele>2682.6</ele></trkpt>
   <trkpt lat="46.258119" lon="11.864809"><ele>2682.3</ele></trkpt>
   <trkpt lat="46.258116" lon="11.864778"><ele>2682.0</ele></trkpt>
   <trkpt lat="46.258114" lon="11.864745"><ele>2681.6</ele></trkpt>
   <trkpt lat="46.258111" lon="11.864712"><ele>2681.2</ele></trkpt>
   <trkpt lat="46.258108" lon="11.864679"><ele>2680.8</ele></trkpt>
   <trkpt lat="46.258113" lon="11.864651"><ele>2680.4</ele></trkpt>
   <trkpt lat="46.258126" lon="11.864624"><ele>2680.0</ele></trkpt>
   <trkpt lat="46.258140" lon="11.864598"><ele>2679.6</ele></trkpt>
   <trkpt lat="46.258146" lon="11.864567"><ele>2679.2</ele></trkpt>
   <trkpt lat="46.258145" lon="11.864531"><ele>2678.8</ele></trkpt>
   <trkpt lat="46.258141" lon="11.864497"><ele>2678.4</ele></trkpt>
   <trkpt lat="46.258137" lon="11.864464"><ele>2678.0</ele></trkpt>
   <trkpt lat="46.258131" lon="11.864438"><ele>2677.8</ele></trkpt>
   <trkpt lat="46.258102" lon="11.864407"><ele>2677.4</ele></trkpt>
   <trkpt lat="46.258088" lon="11.864388"><ele>2677.2</ele></trkpt>
   <trkpt lat="46.258074" lon="11.864369"><ele>2677.0</ele></trkpt>
   <trkpt lat="46.258064" lon="11.864345"><ele>2676.8</ele></trkpt>
   <trkpt lat="46.258062" lon="11.864300"><ele>2676.4</ele></trkpt>
   <trkpt lat="46.258079" lon="11.864272"><ele>2676.0</ele></trkpt>
   <trkpt lat="46.258083" lon="11.864236"><ele>2675.6</ele></trkpt>
   <trkpt lat="46.258083" lon="11.864209"><ele>2675.4</ele></trkpt>
   <trkpt lat="46.258074" lon="11.864165"><ele>2675.0</ele></trkpt>
   <trkpt lat="46.258048" lon="11.864146"><ele>2674.6</ele></trkpt>
   <trkpt lat="46.258013" lon="11.864143"><ele>2674.2</ele></trkpt>
   <trkpt lat="46.257996" lon="11.864116"><ele>2674.0</ele></trkpt>
   <trkpt lat="46.257980" lon="11.864086"><ele>2674.0</ele></trkpt>
   <trkpt lat="46.257976" lon="11.864055"><ele>2674.0</ele></trkpt>
   <trkpt lat="46.257970" lon="11.864023"><ele>2674.0</ele></trkpt>
   <trkpt lat="46.257971" lon="11.863991"><ele>2674.0</ele></trkpt>
   <trkpt lat="46.257970" lon="11.863961"><ele>2674.0</ele></trkpt>
   <trkpt lat="46.257957" lon="11.863930"><ele>2674.0</ele></trkpt>
   <trkpt lat="46.257955" lon="11.863898"><ele>2674.0</ele></trkpt>
   <trkpt lat="46.257958" lon="11.863863"><ele>2674.0</ele></trkpt>
   <trkpt lat="46.257961" lon="11.863835"><ele>2674.0</ele></trkpt>
   <trkpt lat="46.257962" lon="11.863807"><ele>2674.0</ele></trkpt>
   <trkpt lat="46.257969" lon="11.863772"><ele>2674.0</ele></trkpt>
   <trkpt lat="46.257984" lon="11.863750"><ele>2674.0</ele></trkpt>
   <trkpt lat="46.258005" lon="11.863725"><ele>2674.0</ele></trkpt>
   <trkpt lat="46.258023" lon="11.863704"><ele>2674.0</ele></trkpt>
   <trkpt lat="46.258036" lon="11.863684"><ele>2674.1</ele></trkpt>
   <trkpt lat="46.258048" lon="11.863660"><ele>2674.2</ele></trkpt>
   <trkpt lat="46.258051" lon="11.863634"><ele>2674.3</ele></trkpt>
   <trkpt lat="46.258051" lon="11.863608"><ele>2674.4</ele></trkpt>
   <trkpt lat="46.258054" lon="11.863576"><ele>2674.5</ele></trkpt>
   <trkpt lat="46.258060" lon="11.863551"><ele>2674.6</ele></trkpt>
   <trkpt lat="46.258079" lon="11.863523"><ele>2674.8</ele></trkpt>
   <trkpt lat="46.258078" lon="11.863495"><ele>2675.0</ele></trkpt>
   <trkpt lat="46.258091" lon="11.863461"><ele>2675.3</ele></trkpt>
   <trkpt lat="46.258116" lon="11.863439"><ele>2675.5</ele></trkpt>
   <trkpt lat="46.258140" lon="11.863415"><ele>2675.7</ele></trkpt>
   <trkpt lat="46.258158" lon="11.863385"><ele>2676.0</ele></trkpt>
   <trkpt lat="46.258175" lon="11.863360"><ele>2676.2</ele></trkpt>
   <trkpt lat="46.258191" lon="11.863330"><ele>2676.4</ele></trkpt>
   <trkpt lat="46.258206" lon="11.863306"><ele>2676.6</ele></trkpt>
   <trkpt lat="46.258217" lon="11.863278"><ele>2676.8</ele></trkpt>
   <trkpt lat="46.258238" lon="11.863243"><ele>2677.0</ele></trkpt>
   <trkpt lat="46.258252" lon="11.863201"><ele>2677.2</ele></trkpt>
   <trkpt lat="46.258266" lon="11.863164"><ele>2677.4</ele></trkpt>
   <trkpt lat="46.258287" lon="11.863128"><ele>2677.6</ele></trkpt>
   <trkpt lat="46.258306" lon="11.863116"><ele>2677.7</ele></trkpt>
   <trkpt lat="46.258328" lon="11.863104"><ele>2677.8</ele></trkpt>
   <trkpt lat="46.258347" lon="11.863096"><ele>2677.9</ele></trkpt>
   <trkpt lat="46.258375" lon="11.863067"><ele>2678.1</ele></trkpt>
   <trkpt lat="46.258393" lon="11.863061"><ele>2678.2</ele></trkpt>
   <trkpt lat="46.258420" lon="11.863034"><ele>2678.4</ele></trkpt>
   <trkpt lat="46.258428" lon="11.863009"><ele>2678.5</ele></trkpt>
   <trkpt lat="46.258437" lon="11.862986"><ele>2678.6</ele></trkpt>
   <trkpt lat="46.258461" lon="11.862953"><ele>2678.8</ele></trkpt>
   <trkpt lat="46.258495" lon="11.862956"><ele>2679.0</ele></trkpt>
   <trkpt lat="46.258508" lon="11.862982"><ele>2679.2</ele></trkpt>
   <trkpt lat="46.258533" lon="11.862985"><ele>2679.4</ele></trkpt>
   <trkpt lat="46.258565" lon="11.862982"><ele>2679.6</ele></trkpt>
   <trkpt lat="46.258587" lon="11.862961"><ele>2679.8</ele></trkpt>
   <trkpt lat="46.258605" lon="11.862947"><ele>2680.0</ele></trkpt>
   <trkpt lat="46.258629" lon="11.862950"><ele>2680.0</ele></trkpt>
   <trkpt lat="46.258645" lon="11.862966"><ele>2680.0</ele></trkpt>
   <trkpt lat="46.258663" lon="11.862985"><ele>2680.0</ele></trkpt>
   <trkpt lat="46.258680" lon="11.863000"><ele>2680.0</ele></trkpt>
   <trkpt lat="46.258700" lon="11.863009"><ele>2680.0</ele></trkpt>
   <trkpt lat="46.258720" lon="11.863004"><ele>2680.0</ele></trkpt>
   <trkpt lat="46.258756" lon="11.863006"><ele>2680.0</ele></trkpt>
   <trkpt lat="46.258776" lon="11.863001"><ele>2680.0</ele></trkpt>
   <trkpt lat="46.258797" lon="11.862998"><ele>2679.8</ele></trkpt>
   <trkpt lat="46.258815" lon="11.863002"><ele>2679.6</ele></trkpt>
   <trkpt lat="46.258834" lon="11.863006"><ele>2679.4</ele></trkpt>
   <trkpt lat="46.258854" lon="11.863009"><ele>2679.2</ele></trkpt>
   <trkpt lat="46.258876" lon="11.863012"><ele>2679.0</ele></trkpt>
   <trkpt lat="46.258896" lon="11.863018"><ele>2678.8</ele></trkpt>
   <trkpt lat="46.258919" lon="11.863022"><ele>2678.6</ele></trkpt>
   <trkpt lat="46.258941" lon="11.863024"><ele>2678.4</ele></trkpt>
   <trkpt lat="46.258962" lon="11.863028"><ele>2678.2</ele></trkpt>
   <trkpt lat="46.258981" lon="11.863035"><ele>2678.0</ele></trkpt>
   <trkpt lat="46.259001" lon="11.863037"><ele>2677.8</ele></trkpt>
   <trkpt lat="46.259023" lon="11.863035"><ele>2677.6</ele></trkpt>
   <trkpt lat="46.259046" lon="11.863042"><ele>2677.4</ele></trkpt>
   <trkpt lat="46.259068" lon="11.863049"><ele>2677.2</ele></trkpt>
   <trkpt lat="46.259089" lon="11.863056"><ele>2677.0</ele></trkpt>
   <trkpt lat="46.259115" lon="11.863056"><ele>2676.8</ele></trkpt>
   <trkpt lat="46.259143" lon="11.863048"><ele>2676.6</ele></trkpt>
   <trkpt lat="46.259166" lon="11.863038"><ele>2676.4</ele></trkpt>
   <trkpt lat="46.259186" lon="11.863028"><ele>2676.2</ele></trkpt>
   <trkpt lat="46.259205" lon="11.863012"><ele>2676.0</ele></trkpt>
   <trkpt lat="46.259222" lon="11.862990"><ele>2675.7</ele></trkpt>
   <trkpt lat="46.259240" lon="11.862974"><ele>2675.4</ele></trkpt>
   <trkpt lat="46.259261" lon="11.862961"><ele>2675.1</ele></trkpt>
   <trkpt lat="46.259278" lon="11.862946"><ele>2674.8</ele></trkpt>
   <trkpt lat="46.259295" lon="11.862931"><ele>2674.5</ele></trkpt>
   <trkpt lat="46.259317" lon="11.862922"><ele>2674.2</ele></trkpt>
   <trkpt lat="46.259344" lon="11.862907"><ele>2673.6</ele></trkpt>
   <trkpt lat="46.259368" lon="11.862870"><ele>2673.0</ele></trkpt>
   <trkpt lat="46.259378" lon="11.862848"><ele>2672.8</ele></trkpt>
   <trkpt lat="46.259402" lon="11.862822"><ele>2672.4</ele></trkpt>
   <trkpt lat="46.259418" lon="11.862807"><ele>2672.2</ele></trkpt>
   <trkpt lat="46.259434" lon="11.862793"><ele>2672.0</ele></trkpt>
   <trkpt lat="46.259463" lon="11.862770"><ele>2671.6</ele></trkpt>
   <trkpt lat="46.259478" lon="11.862753"><ele>2671.4</ele></trkpt>
   <trkpt lat="46.259497" lon="11.862724"><ele>2671.0</ele></trkpt>
   <trkpt lat="46.259516" lon="11.862695"><ele>2670.8</ele></trkpt>
   <trkpt lat="46.259530" lon="11.862677"><ele>2670.7</ele></trkpt>
   <trkpt lat="46.259546" lon="11.862656"><ele>2670.6</ele></trkpt>
   <trkpt lat="46.259566" lon="11.862631"><ele>2670.5</ele></trkpt>
   <trkpt lat="46.259586" lon="11.862606"><ele>2670.4</ele></trkpt>
   <trkpt lat="46.259603" lon="11.862574"><ele>2670.3</ele></trkpt>
   <trkpt lat="46.259613" lon="11.862544"><ele>2670.2</ele></trkpt>
   <trkpt lat="46.259623" lon="11.862519"><ele>2670.1</ele></trkpt>
   <trkpt lat="46.259635" lon="11.862496"><ele>2670.0</ele></trkpt>
   <trkpt lat="46.259649" lon="11.862472"><ele>2669.8</ele></trkpt>
   <trkpt lat="46.259664" lon="11.862448"><ele>2669.6</ele></trkpt>
   <trkpt lat="46.259679" lon="11.862424"><ele>2669.4</ele></trkpt>
   <trkpt lat="46.259691" lon="11.862395"><ele>2669.2</ele></trkpt>
   <trkpt lat="46.259706" lon="11.862361"><ele>2669.0</ele></trkpt>
   <trkpt lat="46.259719" lon="11.862327"><ele>2668.8</ele></trkpt>
   <trkpt lat="46.259733" lon="11.862294"><ele>2668.6</ele></trkpt>
   <trkpt lat="46.259746" lon="11.862261"><ele>2668.4</ele></trkpt>
   <trkpt lat="46.259756" lon="11.862228"><ele>2668.2</ele></trkpt>
   <trkpt lat="46.259764" lon="11.862190"><ele>2668.0</ele></trkpt>
   <trkpt lat="46.259776" lon="11.862153"><ele>2667.9</ele></trkpt>
   <trkpt lat="46.259790" lon="11.862117"><ele>2667.8</ele></trkpt>
   <trkpt lat="46.259803" lon="11.862082"><ele>2667.7</ele></trkpt>
   <trkpt lat="46.259816" lon="11.862044"><ele>2667.6</ele></trkpt>
   <trkpt lat="46.259830" lon="11.862007"><ele>2667.5</ele></trkpt>
   <trkpt lat="46.259845" lon="11.861972"><ele>2667.4</ele></trkpt>
   <trkpt lat="46.259862" lon="11.861937"><ele>2667.3</ele></trkpt>
   <trkpt lat="46.259874" lon="11.861898"><ele>2667.2</ele></trkpt>
   <trkpt lat="46.259881" lon="11.861863"><ele>2667.1</ele></trkpt>
   <trkpt lat="46.259886" lon="11.861824"><ele>2667.0</ele></trkpt>
   <trkpt lat="46.259893" lon="11.861783"><ele>2666.9</ele></trkpt>
   <trkpt lat="46.259905" lon="11.861746"><ele>2666.8</ele></trkpt>
   <trkpt lat="46.259917" lon="11.861709"><ele>2666.7</ele></trkpt>
   <trkpt lat="46.259927" lon="11.861674"><ele>2666.6</ele></trkpt>
   <trkpt lat="46.259937" lon="11.861635"><ele>2666.5</ele></trkpt>
   <trkpt lat="46.259949" lon="11.861599"><ele>2666.4</ele></trkpt>
   <trkpt lat="46.259964" lon="11.861564"><ele>2666.3</ele></trkpt>
   <trkpt lat="46.259979" lon="11.861528"><ele>2666.2</ele></trkpt>
   <trkpt lat="46.259990" lon="11.861493"><ele>2666.1</ele></trkpt>
   <trkpt lat="46.259996" lon="11.861453"><ele>2666.0</ele></trkpt>
   <trkpt lat="46.260000" lon="11.861413"><ele>2665.8</ele></trkpt>
   <trkpt lat="46.260007" lon="11.861380"><ele>2665.6</ele></trkpt>
   <trkpt lat="46.260018" lon="11.861352"><ele>2665.4</ele></trkpt>
   <trkpt lat="46.260032" lon="11.861328"><ele>2665.2</ele></trkpt>
   <trkpt lat="46.260046" lon="11.861302"><ele>2665.0</ele></trkpt>
   <trkpt lat="46.260062" lon="11.861279"><ele>2664.8</ele></trkpt>
   <trkpt lat="46.260075" lon="11.861256"><ele>2664.6</ele></trkpt>
   <trkpt lat="46.260086" lon="11.861233"><ele>2664.4</ele></trkpt>
   <trkpt lat="46.260097" lon="11.861195"><ele>2664.1</ele></trkpt>
   <trkpt lat="46.260109" lon="11.861152"><ele>2663.8</ele></trkpt>
   <trkpt lat="46.260122" lon="11.861127"><ele>2663.7</ele></trkpt>
   <trkpt lat="46.260139" lon="11.861110"><ele>2663.6</ele></trkpt>
   <trkpt lat="46.260165" lon="11.861083"><ele>2663.4</ele></trkpt>
   <trkpt lat="46.260177" lon="11.861064"><ele>2663.3</ele></trkpt>
   <trkpt lat="46.260190" lon="11.861045"><ele>2663.2</ele></trkpt>
   <trkpt lat="46.260205" lon="11.861028"><ele>2663.1</ele></trkpt>
   <trkpt lat="46.260222" lon="11.861014"><ele>2663.0</ele></trkpt>
   <trkpt lat="46.260242" lon="11.860983"><ele>2663.0</ele></trkpt>
   <trkpt lat="46.260250" lon="11.860946"><ele>2663.0</ele></trkpt>
   <trkpt lat="46.260251" lon="11.860899"><ele>2663.0</ele></trkpt>
   <trkpt lat="46.260254" lon="11.860853"><ele>2663.0</ele></trkpt>
   <trkpt lat="46.260267" lon="11.860810"><ele>2663.0</ele></trkpt>
   <trkpt lat="46.260287" lon="11.860781"><ele>2663.2</ele></trkpt>
   <trkpt lat="46.260304" lon="11.860740"><ele>2663.4</ele></trkpt>
   <trkpt lat="46.260320" lon="11.860693"><ele>2663.6</ele></trkpt>
   <trkpt lat="46.260329" lon="11.860643"><ele>2663.8</ele></trkpt>
   <trkpt lat="46.260334" lon="11.860615"><ele>2663.9</ele></trkpt>
   <trkpt lat="46.260338" lon="11.860587"><ele>2664.0</ele></trkpt>
   <trkpt lat="46.260353" lon="11.860544"><ele>2664.2</ele></trkpt>
   <trkpt lat="46.260349" lon="11.860509"><ele>2664.4</ele></trkpt>
   <trkpt lat="46.260350" lon="11.860470"><ele>2664.6</ele></trkpt>
   <trkpt lat="46.260360" lon="11.860426"><ele>2664.8</ele></trkpt>
   <trkpt lat="46.260371" lon="11.860391"><ele>2665.0</ele></trkpt>
   <trkpt lat="46.260374" lon="11.860358"><ele>2665.2</ele></trkpt>
   <trkpt lat="46.260374" lon="11.860326"><ele>2665.4</ele></trkpt>
   <trkpt lat="46.260379" lon="11.860300"><ele>2665.6</ele></trkpt>
   <trkpt lat="46.260371" lon="11.860275"><ele>2665.8</ele></trkpt>
   <trkpt lat="46.260362" lon="11.860240"><ele>2666.0</ele></trkpt>
   <trkpt lat="46.260367" lon="11.860200"><ele>2666.6</ele></trkpt>
   <trkpt lat="46.260374" lon="11.860165"><ele>2667.2</ele></trkpt>
   <trkpt lat="46.260376" lon="11.860136"><ele>2667.6</ele></trkpt>
   <trkpt lat="46.260383" lon="11.860102"><ele>2668.0</ele></trkpt>
   <trkpt lat="46.260388" lon="11.860063"><ele>2668.4</ele></trkpt>
   <trkpt lat="46.260401" lon="11.860038"><ele>2668.8</ele></trkpt>
   <trkpt lat="46.260414" lon="11.860014"><ele>2669.2</ele></trkpt>
   <trkpt lat="46.260423" lon="11.859990"><ele>2669.6</ele></trkpt>
   <trkpt lat="46.260433" lon="11.859957"><ele>2670.0</ele></trkpt>
   <trkpt lat="46.260438" lon="11.859929"><ele>2670.3</ele></trkpt>
   <trkpt lat="46.260431" lon="11.859901"><ele>2670.5</ele></trkpt>
   <trkpt lat="46.260427" lon="11.859863"><ele>2670.7</ele></trkpt>
   <trkpt lat="46.260418" lon="11.859813"><ele>2670.9</ele></trkpt>
   <trkpt lat="46.260416" lon="11.859783"><ele>2671.0</ele></trkpt>
   <trkpt lat="46.260417" lon="11.859743"><ele>2671.2</ele></trkpt>
   <trkpt lat="46.260410" lon="11.859718"><ele>2671.4</ele></trkpt>
   <trkpt lat="46.260409" lon="11.859691"><ele>2671.6</ele></trkpt>
   <trkpt lat="46.260398" lon="11.859661"><ele>2671.8</ele></trkpt>
   <trkpt lat="46.260401" lon="11.859630"><ele>2672.0</ele></trkpt>
   <trkpt lat="46.260412" lon="11.859595"><ele>2672.2</ele></trkpt>
   <trkpt lat="46.260415" lon="11.859562"><ele>2672.4</ele></trkpt>
   <trkpt lat="46.260419" lon="11.859521"><ele>2672.6</ele></trkpt>
   <trkpt lat="46.260404" lon="11.859486"><ele>2672.8</ele></trkpt>
   <trkpt lat="46.260385" lon="11.859440"><ele>2673.0</ele></trkpt>
   <trkpt lat="46.260385" lon="11.859412"><ele>2673.2</ele></trkpt>
   <trkpt lat="46.260385" lon="11.859386"><ele>2673.4</ele></trkpt>
   <trkpt lat="46.260387" lon="11.859337"><ele>2673.8</ele></trkpt>
   <trkpt lat="46.260381" lon="11.859287"><ele>2674.2</ele></trkpt>
   <trkpt lat="46.260371" lon="11.859235"><ele>2674.6</ele></trkpt>
   <trkpt lat="46.260365" lon="11.859211"><ele>2674.8</ele></trkpt>
   <trkpt lat="46.260356" lon="11.859185"><ele>2675.0</ele></trkpt>
   <trkpt lat="46.260346" lon="11.859159"><ele>2674.9</ele></trkpt>
   <trkpt lat="46.260340" lon="11.859133"><ele>2674.8</ele></trkpt>
   <trkpt lat="46.260338" lon="11.859089"><ele>2674.6</ele></trkpt>
   <trkpt lat="46.260336" lon="11.859048"><ele>2674.4</ele></trkpt>
   <trkpt lat="46.260337" lon="11.859020"><ele>2674.3</ele></trkpt>
   <trkpt lat="46.260328" lon="11.858983"><ele>2674.1</ele></trkpt>
   <trkpt lat="46.260323" lon="11.858956"><ele>2673.9</ele></trkpt>
   <trkpt lat="46.260301" lon="11.858936"><ele>2673.3</ele></trkpt>
   <trkpt lat="46.260285" lon="11.858949"><ele>2673.1</ele></trkpt>
   <trkpt lat="46.260279" lon="11.858915"><ele>2672.8</ele></trkpt>
   <trkpt lat="46.260268" lon="11.858893"><ele>2672.5</ele></trkpt>
   <trkpt lat="46.260253" lon="11.858863"><ele>2672.3</ele></trkpt>
   <trkpt lat="46.260239" lon="11.858825"><ele>2672.1</ele></trkpt>
   <trkpt lat="46.260233" lon="11.858778"><ele>2671.9</ele></trkpt>
   <trkpt lat="46.260233" lon="11.858749"><ele>2671.8</ele></trkpt>
   <trkpt lat="46.260235" lon="11.858720"><ele>2671.7</ele></trkpt>
   <trkpt lat="46.260240" lon="11.858693"><ele>2671.6</ele></trkpt>
   <trkpt lat="46.260243" lon="11.858661"><ele>2671.5</ele></trkpt>
   <trkpt lat="46.260246" lon="11.858630"><ele>2671.4</ele></trkpt>
   <trkpt lat="46.260246" lon="11.858578"><ele>2671.2</ele></trkpt>
   <trkpt lat="46.260244" lon="11.858532"><ele>2671.0</ele></trkpt>
   <trkpt lat="46.260247" lon="11.858487"><ele>2670.6</ele></trkpt>
   <trkpt lat="46.260254" lon="11.858462"><ele>2670.4</ele></trkpt>
   <trkpt lat="46.260262" lon="11.858433"><ele>2670.2</ele></trkpt>
   <trkpt lat="46.260269" lon="11.858400"><ele>2670.0</ele></trkpt>
   <trkpt lat="46.260276" lon="11.858367"><ele>2669.8</ele></trkpt>
   <trkpt lat="46.260282" lon="11.858335"><ele>2669.6</ele></trkpt>
   <trkpt lat="46.260288" lon="11.858305"><ele>2669.4</ele></trkpt>
   <trkpt lat="46.260289" lon="11.858276"><ele>2669.2</ele></trkpt>
   <trkpt lat="46.260290" lon="11.858230"><ele>2668.8</ele></trkpt>
   <trkpt lat="46.260296" lon="11.858192"><ele>2668.4</ele></trkpt>
   <trkpt lat="46.260313" lon="11.858169"><ele>2668.0</ele></trkpt>
   <trkpt lat="46.260337" lon="11.858137"><ele>2667.6</ele></trkpt>
   <trkpt lat="46.260345" lon="11.858090"><ele>2667.2</ele></trkpt>
   <trkpt lat="46.260355" lon="11.858066"><ele>2666.9</ele></trkpt>
   <trkpt lat="46.260386" lon="11.858058"><ele>2666.7</ele></trkpt>
   <trkpt lat="46.260410" lon="11.858046"><ele>2666.5</ele></trkpt>
   <trkpt lat="46.260427" lon="11.858036"><ele>2666.4</ele></trkpt>
   <trkpt lat="46.260446" lon="11.858026"><ele>2666.3</ele></trkpt>
   <trkpt lat="46.260464" lon="11.858015"><ele>2666.2</ele></trkpt>
   <trkpt lat="46.260491" lon="11.857989"><ele>2666.0</ele></trkpt>
   <trkpt lat="46.260513" lon="11.857961"><ele>2665.8</ele></trkpt>
   <trkpt lat="46.260533" lon="11.857942"><ele>2665.6</ele></trkpt>
   <trkpt lat="46.260553" lon="11.857925"><ele>2665.4</ele></trkpt>
   <trkpt lat="46.260570" lon="11.857911"><ele>2665.2</ele></trkpt>
   <trkpt lat="46.260594" lon="11.857899"><ele>2665.0</ele></trkpt>
   <trkpt lat="46.260625" lon="11.857887"><ele>2665.0</ele></trkpt>
   <trkpt lat="46.260654" lon="11.857877"><ele>2665.0</ele></trkpt>
   <trkpt lat="46.260682" lon="11.857858"><ele>2665.0</ele></trkpt>
   <trkpt lat="46.260706" lon="11.857834"><ele>2665.0</ele></trkpt>
   <trkpt lat="46.260724" lon="11.857808"><ele>2665.0</ele></trkpt>
   <trkpt lat="46.260747" lon="11.857781"><ele>2664.8</ele></trkpt>
   <trkpt lat="46.260773" lon="11.857758"><ele>2664.6</ele></trkpt>
   <trkpt lat="46.260795" lon="11.857731"><ele>2664.4</ele></trkpt>
   <trkpt lat="46.260817" lon="11.857699"><ele>2664.2</ele></trkpt>
   <trkpt lat="46.260838" lon="11.857672"><ele>2664.0</ele></trkpt>
   <trkpt lat="46.260857" lon="11.857655"><ele>2664.0</ele></trkpt>
   <trkpt lat="46.260869" lon="11.857625"><ele>2664.0</ele></trkpt>
   <trkpt lat="46.260884" lon="11.857599"><ele>2664.0</ele></trkpt>
   <trkpt lat="46.260904" lon="11.857576"><ele>2664.0</ele></trkpt>
   <trkpt lat="46.260927" lon="11.857547"><ele>2664.0</ele></trkpt>
   <trkpt lat="46.260946" lon="11.857521"><ele>2664.2</ele></trkpt>
   <trkpt lat="46.260967" lon="11.857494"><ele>2664.4</ele></trkpt>
   <trkpt lat="46.260989" lon="11.857463"><ele>2664.6</ele></trkpt>
   <trkpt lat="46.261010" lon="11.857436"><ele>2664.8</ele></trkpt>
   <trkpt lat="46.261022" lon="11.857411"><ele>2665.0</ele></trkpt>
   <trkpt lat="46.261038" lon="11.857393"><ele>2665.2</ele></trkpt>
   <trkpt lat="46.261063" lon="11.857372"><ele>2665.4</ele></trkpt>
   <trkpt lat="46.261078" lon="11.857356"><ele>2665.5</ele></trkpt>
   <trkpt lat="46.261090" lon="11.857334"><ele>2665.6</ele></trkpt>
   <trkpt lat="46.261108" lon="11.857295"><ele>2665.8</ele></trkpt>
   <trkpt lat="46.261118" lon="11.857258"><ele>2666.0</ele></trkpt>
   <trkpt lat="46.261124" lon="11.857220"><ele>2666.3</ele></trkpt>
   <trkpt lat="46.261132" lon="11.857194"><ele>2666.5</ele></trkpt>
   <trkpt lat="46.261135" lon="11.857158"><ele>2666.7</ele></trkpt>
   <trkpt lat="46.261136" lon="11.857124"><ele>2666.9</ele></trkpt>
   <trkpt lat="46.261138" lon="11.857092"><ele>2667.1</ele></trkpt>
   <trkpt lat="46.261154" lon="11.857048"><ele>2667.3</ele></trkpt>
   <trkpt lat="46.261167" lon="11.857018"><ele>2667.4</ele></trkpt>
   <trkpt lat="46.261179" lon="11.856991"><ele>2667.5</ele></trkpt>
   <trkpt lat="46.261194" lon="11.856966"><ele>2667.6</ele></trkpt>
   <trkpt lat="46.261211" lon="11.856938"><ele>2667.7</ele></trkpt>
   <trkpt lat="46.261227" lon="11.856916"><ele>2667.8</ele></trkpt>
   <trkpt lat="46.261243" lon="11.856892"><ele>2667.9</ele></trkpt>
   <trkpt lat="46.261260" lon="11.856870"><ele>2668.0</ele></trkpt>
   <trkpt lat="46.261274" lon="11.856846"><ele>2667.9</ele></trkpt>
   <trkpt lat="46.261286" lon="11.856824"><ele>2667.8</ele></trkpt>
   <trkpt lat="46.261303" lon="11.856797"><ele>2667.7</ele></trkpt>
   <trkpt lat="46.261317" lon="11.856768"><ele>2667.6</ele></trkpt>
   <trkpt lat="46.261324" lon="11.856736"><ele>2667.5</ele></trkpt>
   <trkpt lat="46.261328" lon="11.856705"><ele>2667.4</ele></trkpt>
   <trkpt lat="46.261338" lon="11.856678"><ele>2667.3</ele></trkpt>
   <trkpt lat="46.261348" lon="11.856652"><ele>2667.2</ele></trkpt>
   <trkpt lat="46.261357" lon="11.856624"><ele>2667.1</ele></trkpt>
   <trkpt lat="46.261366" lon="11.856592"><ele>2667.0</ele></trkpt>
   <trkpt lat="46.261375" lon="11.856566"><ele>2666.8</ele></trkpt>
   <trkpt lat="46.261383" lon="11.856536"><ele>2666.6</ele></trkpt>
   <trkpt lat="46.261393" lon="11.856504"><ele>2666.4</ele></trkpt>
   <trkpt lat="46.261401" lon="11.856472"><ele>2666.2</ele></trkpt>
   <trkpt lat="46.261412" lon="11.856444"><ele>2666.0</ele></trkpt>
   <trkpt lat="46.261427" lon="11.856421"><ele>2665.8</ele></trkpt>
   <trkpt lat="46.261440" lon="11.856402"><ele>2665.6</ele></trkpt>
   <trkpt lat="46.261456" lon="11.856384"><ele>2665.4</ele></trkpt>
   <trkpt lat="46.261475" lon="11.856365"><ele>2665.2</ele></trkpt>
   <trkpt lat="46.261492" lon="11.856344"><ele>2665.0</ele></trkpt>
   <trkpt lat="46.261509" lon="11.856318"><ele>2664.9</ele></trkpt>
   <trkpt lat="46.261525" lon="11.856289"><ele>2664.8</ele></trkpt>
   <trkpt lat="46.261544" lon="11.856262"><ele>2664.7</ele></trkpt>
   <trkpt lat="46.261562" lon="11.856237"><ele>2664.6</ele></trkpt>
   <trkpt lat="46.261577" lon="11.856212"><ele>2664.5</ele></trkpt>
   <trkpt lat="46.261588" lon="11.856185"><ele>2664.4</ele></trkpt>
   <trkpt lat="46.261592" lon="11.856156"><ele>2664.3</ele></trkpt>
   <trkpt lat="46.261589" lon="11.856106"><ele>2664.1</ele></trkpt>
   <trkpt lat="46.261593" lon="11.856078"><ele>2664.0</ele></trkpt>
   <trkpt lat="46.261601" lon="11.856050"><ele>2663.9</ele></trkpt>
   <trkpt lat="46.261613" lon="11.856027"><ele>2663.6</ele></trkpt>
   <trkpt lat="46.261627" lon="11.856010"><ele>2663.4</ele></trkpt>
   <trkpt lat="46.261651" lon="11.855972"><ele>2663.0</ele></trkpt>
   <trkpt lat="46.261662" lon="11.855951"><ele>2662.8</ele></trkpt>
   <trkpt lat="46.261685" lon="11.855912"><ele>2662.4</ele></trkpt>
   <trkpt lat="46.261698" lon="11.855892"><ele>2662.2</ele></trkpt>
   <trkpt lat="46.261710" lon="11.855872"><ele>2662.0</ele></trkpt>
   <trkpt lat="46.261723" lon="11.855850"><ele>2661.7</ele></trkpt>
   <trkpt lat="46.261738" lon="11.855826"><ele>2661.4</ele></trkpt>
   <trkpt lat="46.261753" lon="11.855795"><ele>2661.1</ele></trkpt>
   <trkpt lat="46.261762" lon="11.855759"><ele>2660.8</ele></trkpt>
   <trkpt lat="46.261771" lon="11.855728"><ele>2660.5</ele></trkpt>
   <trkpt lat="46.261782" lon="11.855703"><ele>2660.3</ele></trkpt>
   <trkpt lat="46.261799" lon="11.855663"><ele>2659.7</ele></trkpt>
   <trkpt lat="46.261818" lon="11.855632"><ele>2659.1</ele></trkpt>
   <trkpt lat="46.261834" lon="11.855584"><ele>2658.7</ele></trkpt>
   <trkpt lat="46.261853" lon="11.855543"><ele>2658.2</ele></trkpt>
   <trkpt lat="46.261871" lon="11.855522"><ele>2658.0</ele></trkpt>
   <trkpt lat="46.261897" lon="11.855511"><ele>2657.6</ele></trkpt>
   <trkpt lat="46.261925" lon="11.855509"><ele>2657.2</ele></trkpt>
   <trkpt lat="46.261957" lon="11.855499"><ele>2656.9</ele></trkpt>
   <trkpt lat="46.261980" lon="11.855492"><ele>2656.7</ele></trkpt>
   <trkpt lat="46.262003" lon="11.855479"><ele>2656.5</ele></trkpt>
   <trkpt lat="46.262018" lon="11.855465"><ele>2656.3</ele></trkpt>
   <trkpt lat="46.262037" lon="11.855461"><ele>2656.1</ele></trkpt>
   <trkpt lat="46.262057" lon="11.855459"><ele>2656.0</ele></trkpt>
   <trkpt lat="46.262080" lon="11.855463"><ele>2656.0</ele></trkpt>
   <trkpt lat="46.262099" lon="11.855461"><ele>2656.0</ele></trkpt>
   <trkpt lat="46.262134" lon="11.855463"><ele>2656.0</ele></trkpt>
   <trkpt lat="46.262155" lon="11.855473"><ele>2656.0</ele></trkpt>
   <trkpt lat="46.262188" lon="11.855488"><ele>2656.0</ele></trkpt>
   <trkpt lat="46.262205" lon="11.855498"><ele>2656.0</ele></trkpt>
   <trkpt lat="46.262222" lon="11.855509"><ele>2656.0</ele></trkpt>
   <trkpt lat="46.262247" lon="11.855525"><ele>2656.0</ele></trkpt>
   <trkpt lat="46.262269" lon="11.855530"><ele>2656.0</ele></trkpt>
   <trkpt lat="46.262289" lon="11.855543"><ele>2655.8</ele></trkpt>
   <trkpt lat="46.262312" lon="11.855557"><ele>2655.6</ele></trkpt>
   <trkpt lat="46.262342" lon="11.855587"><ele>2655.4</ele></trkpt>
   <trkpt lat="46.262361" lon="11.855613"><ele>2655.2</ele></trkpt>
   <trkpt lat="46.262381" lon="11.855626"><ele>2655.0</ele></trkpt>
   <trkpt lat="46.262412" lon="11.855633"><ele>2654.8</ele></trkpt>
   <trkpt lat="46.262439" lon="11.855648"><ele>2654.6</ele></trkpt>
   <trkpt lat="46.262457" lon="11.855648"><ele>2654.5</ele></trkpt>
   <trkpt lat="46.262477" lon="11.855643"><ele>2654.4</ele></trkpt>
   <trkpt lat="46.262497" lon="11.855636"><ele>2654.3</ele></trkpt>
   <trkpt lat="46.262521" lon="11.855631"><ele>2654.2</ele></trkpt>
   <trkpt lat="46.262542" lon="11.855623"><ele>2654.1</ele></trkpt>
   <trkpt lat="46.262564" lon="11.855609"><ele>2654.0</ele></trkpt>
   <trkpt lat="46.262582" lon="11.855598"><ele>2653.9</ele></trkpt>
   <trkpt lat="46.262585" lon="11.855570"><ele>2653.0</ele></trkpt>
   <trkpt lat="46.262613" lon="11.855562"><ele>2652.4</ele></trkpt>
   <trkpt lat="46.262633" lon="11.855567"><ele>2652.3</ele></trkpt>
   <trkpt lat="46.262652" lon="11.855578"><ele>2652.2</ele></trkpt>
   <trkpt lat="46.262670" lon="11.855595"><ele>2652.1</ele></trkpt>
   <trkpt lat="46.262689" lon="11.855609"><ele>2652.0</ele></trkpt>
   <trkpt lat="46.262712" lon="11.855614"><ele>2651.7</ele></trkpt>
   <trkpt lat="46.262736" lon="11.855614"><ele>2651.4</ele></trkpt>
   <trkpt lat="46.262757" lon="11.855618"><ele>2651.1</ele></trkpt>
   <trkpt lat="46.262776" lon="11.855627"><ele>2650.8</ele></trkpt>
   <trkpt lat="46.262811" lon="11.855633"><ele>2650.2</ele></trkpt>
   <trkpt lat="46.262840" lon="11.855604"><ele>2649.6</ele></trkpt>
   <trkpt lat="46.262856" lon="11.855585"><ele>2649.3</ele></trkpt>
   <trkpt lat="46.262878" lon="11.855578"><ele>2649.0</ele></trkpt>
   <trkpt lat="46.262901" lon="11.855576"><ele>2648.7</ele></trkpt>
   <trkpt lat="46.262921" lon="11.855567"><ele>2648.4</ele></trkpt>
   <trkpt lat="46.262944" lon="11.855555"><ele>2648.1</ele></trkpt>
   <trkpt lat="46.262966" lon="11.855543"><ele>2647.8</ele></trkpt>
   <trkpt lat="46.262987" lon="11.855533"><ele>2647.5</ele></trkpt>
   <trkpt lat="46.263005" lon="11.855526"><ele>2647.2</ele></trkpt>
   <trkpt lat="46.263039" lon="11.855522"><ele>2646.6</ele></trkpt>
   <trkpt lat="46.263073" lon="11.855522"><ele>2646.0</ele></trkpt>
   <trkpt lat="46.263095" lon="11.855521"><ele>2645.8</ele></trkpt>
   <trkpt lat="46.263119" lon="11.855523"><ele>2645.6</ele></trkpt>
   <trkpt lat="46.263138" lon="11.855527"><ele>2645.4</ele></trkpt>
   <trkpt lat="46.263172" lon="11.855545"><ele>2645.0</ele></trkpt>
   <trkpt lat="46.263196" lon="11.855551"><ele>2644.8</ele></trkpt>
   <trkpt lat="46.263219" lon="11.855554"><ele>2644.6</ele></trkpt>
   <trkpt lat="46.263244" lon="11.855555"><ele>2644.4</ele></trkpt>
   <trkpt lat="46.263266" lon="11.855554"><ele>2644.2</ele></trkpt>
   <trkpt lat="46.263286" lon="11.855558"><ele>2644.0</ele></trkpt>
   <trkpt lat="46.263308" lon="11.855561"><ele>2643.8</ele></trkpt>
   <trkpt lat="46.263326" lon="11.855563"><ele>2643.6</ele></trkpt>
   <trkpt lat="46.263362" lon="11.855565"><ele>2643.2</ele></trkpt>
   <trkpt lat="46.263386" lon="11.855558"><ele>2643.0</ele></trkpt>
   <trkpt lat="46.263411" lon="11.855551"><ele>2642.8</ele></trkpt>
   <trkpt lat="46.263431" lon="11.855554"><ele>2642.6</ele></trkpt>
   <trkpt lat="46.263451" lon="11.855554"><ele>2642.4</ele></trkpt>
   <trkpt lat="46.263475" lon="11.855546"><ele>2642.2</ele></trkpt>
   <trkpt lat="46.263500" lon="11.855539"><ele>2642.0</ele></trkpt>
   <trkpt lat="46.263521" lon="11.855532"><ele>2641.9</ele></trkpt>
   <trkpt lat="46.263539" lon="11.855522"><ele>2641.8</ele></trkpt>
   <trkpt lat="46.263570" lon="11.855517"><ele>2641.6</ele></trkpt>
   <trkpt lat="46.263605" lon="11.855512"><ele>2641.4</ele></trkpt>
   <trkpt lat="46.263625" lon="11.855523"><ele>2641.3</ele></trkpt>
   <trkpt lat="46.263640" lon="11.855542"><ele>2641.2</ele></trkpt>
   <trkpt lat="46.263670" lon="11.855565"><ele>2641.0</ele></trkpt>
   <trkpt lat="46.263688" lon="11.855558"><ele>2640.8</ele></trkpt>
   <trkpt lat="46.263704" lon="11.855544"><ele>2640.6</ele></trkpt>
   <trkpt lat="46.263724" lon="11.855528"><ele>2640.4</ele></trkpt>
   <trkpt lat="46.263742" lon="11.855511"><ele>2640.2</ele></trkpt>
   <trkpt lat="46.263759" lon="11.855495"><ele>2640.0</ele></trkpt>
   <trkpt lat="46.263776" lon="11.855478"><ele>2639.8</ele></trkpt>
   <trkpt lat="46.263793" lon="11.855463"><ele>2639.6</ele></trkpt>
   <trkpt lat="46.263810" lon="11.855453"><ele>2639.4</ele></trkpt>
   <trkpt lat="46.263828" lon="11.855441"><ele>2639.2</ele></trkpt>
   <trkpt lat="46.263843" lon="11.855425"><ele>2639.0</ele></trkpt>
   <trkpt lat="46.263869" lon="11.855403"><ele>2638.4</ele></trkpt>
   <trkpt lat="46.263894" lon="11.855415"><ele>2637.8</ele></trkpt>
   <trkpt lat="46.263916" lon="11.855425"><ele>2637.2</ele></trkpt>
   <trkpt lat="46.263936" lon="11.855411"><ele>2636.6</ele></trkpt>
   <trkpt lat="46.263971" lon="11.855410"><ele>2636.0</ele></trkpt>
   <trkpt lat="46.264005" lon="11.855411"><ele>2635.6</ele></trkpt>
   <trkpt lat="46.264035" lon="11.855407"><ele>2635.2</ele></trkpt>
   <trkpt lat="46.264063" lon="11.855391"><ele>2634.8</ele></trkpt>
   <trkpt lat="46.264092" lon="11.855396"><ele>2634.4</ele></trkpt>
   <trkpt lat="46.264111" lon="11.855414"><ele>2634.1</ele></trkpt>
   <trkpt lat="46.264136" lon="11.855399"><ele>2633.3</ele></trkpt>
   <trkpt lat="46.264152" lon="11.855373"><ele>2632.5</ele></trkpt>
   <trkpt lat="46.264173" lon="11.855363"><ele>2631.7</ele></trkpt>
   <trkpt lat="46.264200" lon="11.855370"><ele>2630.9</ele></trkpt>
   <trkpt lat="46.264221" lon="11.855371"><ele>2630.0</ele></trkpt>
   <trkpt lat="46.264237" lon="11.855341"><ele>2629.6</ele></trkpt>
   <trkpt lat="46.264249" lon="11.855321"><ele>2629.4</ele></trkpt>
   <trkpt lat="46.264265" lon="11.855281"><ele>2629.1</ele></trkpt>
   <trkpt lat="46.264276" lon="11.855233"><ele>2628.7</ele></trkpt>
   <trkpt lat="46.264289" lon="11.855208"><ele>2628.5</ele></trkpt>
   <trkpt lat="46.264301" lon="11.855180"><ele>2628.3</ele></trkpt>
   <trkpt lat="46.264308" lon="11.855150"><ele>2628.1</ele></trkpt>
   <trkpt lat="46.264315" lon="11.855119"><ele>2627.8</ele></trkpt>
   <trkpt lat="46.264323" lon="11.855088"><ele>2627.5</ele></trkpt>
   <trkpt lat="46.264328" lon="11.855060"><ele>2627.2</ele></trkpt>
   <trkpt lat="46.264346" lon="11.855026"><ele>2626.6</ele></trkpt>
   <trkpt lat="46.264368" lon="11.855031"><ele>2626.3</ele></trkpt>
   <trkpt lat="46.264386" lon="11.855045"><ele>2625.9</ele></trkpt>
   <trkpt lat="46.264405" lon="11.855027"><ele>2624.8</ele></trkpt>
   <trkpt lat="46.264437" lon="11.855000"><ele>2624.4</ele></trkpt>
   <trkpt lat="46.264461" lon="11.854990"><ele>2624.2</ele></trkpt>
   <trkpt lat="46.264480" lon="11.854984"><ele>2624.0</ele></trkpt>
   <trkpt lat="46.264497" lon="11.854962"><ele>2623.6</ele></trkpt>
   <trkpt lat="46.264514" lon="11.854929"><ele>2623.2</ele></trkpt>
   <trkpt lat="46.264522" lon="11.854894"><ele>2622.9</ele></trkpt>
   <trkpt lat="46.264535" lon="11.854875"><ele>2622.7</ele></trkpt>
   <trkpt lat="46.264555" lon="11.854867"><ele>2622.3</ele></trkpt>
   <trkpt lat="46.264572" lon="11.854841"><ele>2622.0</ele></trkpt>
   <trkpt lat="46.264587" lon="11.854813"><ele>2622.0</ele></trkpt>
   <trkpt lat="46.264592" lon="11.854785"><ele>2622.0</ele></trkpt>
   <trkpt lat="46.264605" lon="11.854754"><ele>2622.0</ele></trkpt>
   <trkpt lat="46.264619" lon="11.854729"><ele>2622.0</ele></trkpt>
   <trkpt lat="46.264628" lon="11.854702"><ele>2622.0</ele></trkpt>
   <trkpt lat="46.264632" lon="11.854674"><ele>2622.0</ele></trkpt>
   <trkpt lat="46.264648" lon="11.854628"><ele>2621.8</ele></trkpt>
   <trkpt lat="46.264665" lon="11.854592"><ele>2621.6</ele></trkpt>
   <trkpt lat="46.264672" lon="11.854563"><ele>2621.4</ele></trkpt>
   <trkpt lat="46.264686" lon="11.854534"><ele>2621.2</ele></trkpt>
   <trkpt lat="46.264706" lon="11.854520"><ele>2621.0</ele></trkpt>
   <trkpt lat="46.264728" lon="11.854512"><ele>2620.8</ele></trkpt>
   <trkpt lat="46.264747" lon="11.854504"><ele>2620.6</ele></trkpt>
   <trkpt lat="46.264771" lon="11.854477"><ele>2620.4</ele></trkpt>
   <trkpt lat="46.264783" lon="11.854448"><ele>2620.2</ele></trkpt>
   <trkpt lat="46.264800" lon="11.854428"><ele>2620.1</ele></trkpt>
   <trkpt lat="46.264820" lon="11.854404"><ele>2620.3</ele></trkpt>
   <trkpt lat="46.264836" lon="11.854360"><ele>2620.5</ele></trkpt>
   <trkpt lat="46.264859" lon="11.854326"><ele>2620.7</ele></trkpt>
   <trkpt lat="46.264868" lon="11.854288"><ele>2620.9</ele></trkpt>
   <trkpt lat="46.264885" lon="11.854262"><ele>2621.0</ele></trkpt>
   <trkpt lat="46.264904" lon="11.854235"><ele>2621.0</ele></trkpt>
   <trkpt lat="46.264925" lon="11.854201"><ele>2621.0</ele></trkpt>
   <trkpt lat="46.264940" lon="11.854175"><ele>2621.0</ele></trkpt>
   <trkpt lat="46.264952" lon="11.854138"><ele>2621.0</ele></trkpt>
   <trkpt lat="46.264963" lon="11.854112"><ele>2621.0</ele></trkpt>
   <trkpt lat="46.264974" lon="11.854081"><ele>2621.0</ele></trkpt>
   <trkpt lat="46.264983" lon="11.854055"><ele>2621.0</ele></trkpt>
   <trkpt lat="46.264988" lon="11.854017"><ele>2621.0</ele></trkpt>
   <trkpt lat="46.265003" lon="11.853972"><ele>2621.0</ele></trkpt>
   <trkpt lat="46.265010" lon="11.853946"><ele>2621.0</ele></trkpt>
   <trkpt lat="46.265014" lon="11.853914"><ele>2621.0</ele></trkpt>
   <trkpt lat="46.265013" lon="11.853886"><ele>2621.0</ele></trkpt>
   <trkpt lat="46.265013" lon="11.853859"><ele>2621.0</ele></trkpt>
   <trkpt lat="46.265015" lon="11.853832"><ele>2621.2</ele></trkpt>
   <trkpt lat="46.265037" lon="11.853791"><ele>2621.6</ele></trkpt>
   <trkpt lat="46.265053" lon="11.853774"><ele>2621.8</ele></trkpt>
   <trkpt lat="46.265076" lon="11.853737"><ele>2622.2</ele></trkpt>
   <trkpt lat="46.265095" lon="11.853691"><ele>2622.6</ele></trkpt>
   <trkpt lat="46.265104" lon="11.853667"><ele>2622.8</ele></trkpt>
   <trkpt lat="46.265120" lon="11.853646"><ele>2623.0</ele></trkpt>
   <trkpt lat="46.265138" lon="11.853627"><ele>2622.9</ele></trkpt>
   <trkpt lat="46.265154" lon="11.853611"><ele>2622.8</ele></trkpt>
   <trkpt lat="46.265171" lon="11.853597"><ele>2622.7</ele></trkpt>
   <trkpt lat="46.265187" lon="11.853584"><ele>2622.6</ele></trkpt>
   <trkpt lat="46.265211" lon="11.853553"><ele>2622.4</ele></trkpt>
   <trkpt lat="46.265226" lon="11.853505"><ele>2622.2</ele></trkpt>
   <trkpt lat="46.265238" lon="11.853461"><ele>2622.0</ele></trkpt>
   <trkpt lat="46.265256" lon="11.853426"><ele>2621.8</ele></trkpt>
   <trkpt lat="46.265273" lon="11.853395"><ele>2621.6</ele></trkpt>
   <trkpt lat="46.265290" lon="11.853348"><ele>2621.4</ele></trkpt>
   <trkpt lat="46.265310" lon="11.853316"><ele>2621.2</ele></trkpt>
   <trkpt lat="46.265324" lon="11.853288"><ele>2621.0</ele></trkpt>
   <trkpt lat="46.265344" lon="11.853262"><ele>2620.8</ele></trkpt>
   <trkpt lat="46.265363" lon="11.853232"><ele>2620.6</ele></trkpt>
   <trkpt lat="46.265369" lon="11.853180"><ele>2620.4</ele></trkpt>
   <trkpt lat="46.265369" lon="11.853146"><ele>2620.3</ele></trkpt>
   <trkpt lat="46.265371" lon="11.853113"><ele>2620.2</ele></trkpt>
   <trkpt lat="46.265373" lon="11.853086"><ele>2620.1</ele></trkpt>
   <trkpt lat="46.265376" lon="11.853036"><ele>2619.9</ele></trkpt>
   <trkpt lat="46.265373" lon="11.853008"><ele>2619.8</ele></trkpt>
   <trkpt lat="46.265378" lon="11.852970"><ele>2619.6</ele></trkpt>
   <trkpt lat="46.265396" lon="11.852930"><ele>2619.4</ele></trkpt>
   <trkpt lat="46.265420" lon="11.852906"><ele>2619.2</ele></trkpt>
   <trkpt lat="46.265423" lon="11.852867"><ele>2619.0</ele></trkpt>
   <trkpt lat="46.265432" lon="11.852822"><ele>2618.6</ele></trkpt>
   <trkpt lat="46.265451" lon="11.852786"><ele>2618.2</ele></trkpt>
   <trkpt lat="46.265450" lon="11.852737"><ele>2617.8</ele></trkpt>
   <trkpt lat="46.265453" lon="11.852699"><ele>2617.4</ele></trkpt>
   <trkpt lat="46.265455" lon="11.852651"><ele>2617.0</ele></trkpt>
   <trkpt lat="46.265449" lon="11.852625"><ele>2616.8</ele></trkpt>
   <trkpt lat="46.265440" lon="11.852578"><ele>2616.4</ele></trkpt>
   <trkpt lat="46.265442" lon="11.852551"><ele>2616.2</ele></trkpt>
   <trkpt lat="46.265448" lon="11.852499"><ele>2615.8</ele></trkpt>
   <trkpt lat="46.265446" lon="11.852470"><ele>2615.6</ele></trkpt>
   <trkpt lat="46.265442" lon="11.852438"><ele>2615.4</ele></trkpt>
   <trkpt lat="46.265438" lon="11.852407"><ele>2615.2</ele></trkpt>
   <trkpt lat="46.265438" lon="11.852377"><ele>2615.0</ele></trkpt>
   <trkpt lat="46.265438" lon="11.852327"><ele>2614.6</ele></trkpt>
   <trkpt lat="46.265446" lon="11.852279"><ele>2614.2</ele></trkpt>
   <trkpt lat="46.265452" lon="11.852230"><ele>2613.8</ele></trkpt>
   <trkpt lat="46.265460" lon="11.852200"><ele>2613.6</ele></trkpt>
   <trkpt lat="46.265463" lon="11.852173"><ele>2613.4</ele></trkpt>
   <trkpt lat="46.265472" lon="11.852127"><ele>2613.1</ele></trkpt>
   <trkpt lat="46.265481" lon="11.852102"><ele>2612.9</ele></trkpt>
   <trkpt lat="46.265507" lon="11.852076"><ele>2612.7</ele></trkpt>
   <trkpt lat="46.265525" lon="11.852068"><ele>2612.4</ele></trkpt>
   <trkpt lat="46.265548" lon="11.852052"><ele>2612.1</ele></trkpt>
   <trkpt lat="46.265572" lon="11.852028"><ele>2612.1</ele></trkpt>
   <trkpt lat="46.265590" lon="11.851999"><ele>2612.3</ele></trkpt>
   <trkpt lat="46.265606" lon="11.851957"><ele>2612.5</ele></trkpt>
   <trkpt lat="46.265613" lon="11.851932"><ele>2612.6</ele></trkpt>
   <trkpt lat="46.265624" lon="11.851908"><ele>2612.7</ele></trkpt>
   <trkpt lat="46.265635" lon="11.851887"><ele>2612.8</ele></trkpt>
   <trkpt lat="46.265656" lon="11.851849"><ele>2613.0</ele></trkpt>
   <trkpt lat="46.265676" lon="11.851813"><ele>2613.2</ele></trkpt>
   <trkpt lat="46.265683" lon="11.851774"><ele>2613.4</ele></trkpt>
   <trkpt lat="46.265684" lon="11.851726"><ele>2613.6</ele></trkpt>
   <trkpt lat="46.265680" lon="11.851699"><ele>2613.7</ele></trkpt>
   <trkpt lat="46.265668" lon="11.851655"><ele>2613.9</ele></trkpt>
   <trkpt lat="46.265673" lon="11.851605"><ele>2614.1</ele></trkpt>
   <trkpt lat="46.265680" lon="11.851580"><ele>2614.2</ele></trkpt>
   <trkpt lat="46.265688" lon="11.851546"><ele>2614.4</ele></trkpt>
   <trkpt lat="46.265680" lon="11.851507"><ele>2614.7</ele></trkpt>
   <trkpt lat="46.265683" lon="11.851460"><ele>2614.9</ele></trkpt>
   <trkpt lat="46.265692" lon="11.851436"><ele>2615.0</ele></trkpt>
   <trkpt lat="46.265705" lon="11.851414"><ele>2615.0</ele></trkpt>
   <trkpt lat="46.265723" lon="11.851396"><ele>2615.0</ele></trkpt>
   <trkpt lat="46.265737" lon="11.851380"><ele>2615.0</ele></trkpt>
   <trkpt lat="46.265757" lon="11.851336"><ele>2615.0</ele></trkpt>
   <trkpt lat="46.265763" lon="11.851305"><ele>2615.0</ele></trkpt>
   <trkpt lat="46.265767" lon="11.851272"><ele>2615.0</ele></trkpt>
   <trkpt lat="46.265769" lon="11.851242"><ele>2615.0</ele></trkpt>
   <trkpt lat="46.265770" lon="11.851212"><ele>2615.0</ele></trkpt>
   <trkpt lat="46.265769" lon="11.851181"><ele>2615.0</ele></trkpt>
   <trkpt lat="46.265769" lon="11.851147"><ele>2615.0</ele></trkpt>
   <trkpt lat="46.265771" lon="11.851114"><ele>2615.0</ele></trkpt>
   <trkpt lat="46.265776" lon="11.851086"><ele>2615.0</ele></trkpt>
   <trkpt lat="46.265789" lon="11.851041"><ele>2615.0</ele></trkpt>
   <trkpt lat="46.265799" lon="11.851013"><ele>2615.0</ele></trkpt>
   <trkpt lat="46.265809" lon="11.850987"><ele>2615.0</ele></trkpt>
   <trkpt lat="46.265832" lon="11.850957"><ele>2615.0</ele></trkpt>
   <trkpt lat="46.265846" lon="11.850905"><ele>2614.9</ele></trkpt>
   <trkpt lat="46.265858" lon="11.850876"><ele>2614.8</ele></trkpt>
   <trkpt lat="46.265867" lon="11.850851"><ele>2614.7</ele></trkpt>
   <trkpt lat="46.265888" lon="11.850814"><ele>2614.5</ele></trkpt>
   <trkpt lat="46.265917" lon="11.850774"><ele>2614.3</ele></trkpt>
   <trkpt lat="46.265931" lon="11.850752"><ele>2614.2</ele></trkpt>
   <trkpt lat="46.265950" lon="11.850710"><ele>2614.0</ele></trkpt>
   <trkpt lat="46.265962" lon="11.850661"><ele>2614.0</ele></trkpt>
   <trkpt lat="46.265962" lon="11.850633"><ele>2614.0</ele></trkpt>
   <trkpt lat="46.265968" lon="11.850603"><ele>2614.0</ele></trkpt>
   <trkpt lat="46.265982" lon="11.850579"><ele>2614.0</ele></trkpt>
   <trkpt lat="46.266001" lon="11.850564"><ele>2614.0</ele></trkpt>
   <trkpt lat="46.266019" lon="11.850544"><ele>2614.0</ele></trkpt>
   <trkpt lat="46.266035" lon="11.850524"><ele>2614.0</ele></trkpt>
   <trkpt lat="46.266050" lon="11.850507"><ele>2614.0</ele></trkpt>
   <trkpt lat="46.266065" lon="11.850490"><ele>2614.0</ele></trkpt>
   <trkpt lat="46.266081" lon="11.850473"><ele>2613.8</ele></trkpt>
   <trkpt lat="46.266096" lon="11.850458"><ele>2613.6</ele></trkpt>
   <trkpt lat="46.266127" lon="11.850442"><ele>2613.2</ele></trkpt>
   <trkpt lat="46.266151" lon="11.850430"><ele>2612.8</ele></trkpt>
   <trkpt lat="46.266160" lon="11.850404"><ele>2612.4</ele></trkpt>
   <trkpt lat="46.266182" lon="11.850417"><ele>2612.0</ele></trkpt>
   <trkpt lat="46.266193" lon="11.850394"><ele>2611.4</ele></trkpt>
   <trkpt lat="46.266201" lon="11.850370"><ele>2611.1</ele></trkpt>
   <trkpt lat="46.266212" lon="11.850341"><ele>2610.8</ele></trkpt>
   <trkpt lat="46.266223" lon="11.850310"><ele>2610.5</ele></trkpt>
   <trkpt lat="46.266234" lon="11.850283"><ele>2610.2</ele></trkpt>
   <trkpt lat="46.266245" lon="11.850255"><ele>2609.9</ele></trkpt>
   <trkpt lat="46.266255" lon="11.850226"><ele>2609.6</ele></trkpt>
   <trkpt lat="46.266261" lon="11.850198"><ele>2609.3</ele></trkpt>
   <trkpt lat="46.266262" lon="11.850170"><ele>2609.0</ele></trkpt>
   <trkpt lat="46.266260" lon="11.850136"><ele>2608.8</ele></trkpt>
   <trkpt lat="46.266261" lon="11.850096"><ele>2608.6</ele></trkpt>
   <trkpt lat="46.266266" lon="11.850056"><ele>2608.4</ele></trkpt>
   <trkpt lat="46.266267" lon="11.850015"><ele>2608.2</ele></trkpt>
   <trkpt lat="46.266266" lon="11.849972"><ele>2608.0</ele></trkpt>
   <trkpt lat="46.266263" lon="11.849930"><ele>2607.8</ele></trkpt>
   <trkpt lat="46.266260" lon="11.849886"><ele>2607.6</ele></trkpt>
   <trkpt lat="46.266255" lon="11.849844"><ele>2607.4</ele></trkpt>
   <trkpt lat="46.266254" lon="11.849804"><ele>2607.2</ele></trkpt>
   <trkpt lat="46.266255" lon="11.849767"><ele>2607.0</ele></trkpt>
   <trkpt lat="46.266251" lon="11.849733"><ele>2606.8</ele></trkpt>
   <trkpt lat="46.266248" lon="11.849701"><ele>2606.6</ele></trkpt>
   <trkpt lat="46.266246" lon="11.849674"><ele>2606.4</ele></trkpt>
   <trkpt lat="46.266240" lon="11.849646"><ele>2606.2</ele></trkpt>
   <trkpt lat="46.266229" lon="11.849618"><ele>2606.0</ele></trkpt>
   <trkpt lat="46.266217" lon="11.849591"><ele>2605.8</ele></trkpt>
   <trkpt lat="46.266207" lon="11.849559"><ele>2605.6</ele></trkpt>
   <trkpt lat="46.266201" lon="11.849525"><ele>2605.4</ele></trkpt>
   <trkpt lat="46.266195" lon="11.849494"><ele>2605.2</ele></trkpt>
   <trkpt lat="46.266191" lon="11.849463"><ele>2605.0</ele></trkpt>
   <trkpt lat="46.266189" lon="11.849433"><ele>2604.8</ele></trkpt>
   <trkpt lat="46.266188" lon="11.849406"><ele>2604.6</ele></trkpt>
   <trkpt lat="46.266187" lon="11.849374"><ele>2604.4</ele></trkpt>
   <trkpt lat="46.266190" lon="11.849343"><ele>2604.2</ele></trkpt>
   <trkpt lat="46.266197" lon="11.849313"><ele>2604.0</ele></trkpt>
   <trkpt lat="46.266205" lon="11.849281"><ele>2603.8</ele></trkpt>
   <trkpt lat="46.266208" lon="11.849251"><ele>2603.6</ele></trkpt>
   <trkpt lat="46.266197" lon="11.849224"><ele>2603.4</ele></trkpt>
   <trkpt lat="46.266184" lon="11.849197"><ele>2603.2</ele></trkpt>
   <trkpt lat="46.266178" lon="11.849170"><ele>2603.0</ele></trkpt>
   <trkpt lat="46.266175" lon="11.849142"><ele>2602.7</ele></trkpt>
   <trkpt lat="46.266167" lon="11.849113"><ele>2602.4</ele></trkpt>
   <trkpt lat="46.266163" lon="11.849082"><ele>2602.1</ele></trkpt>
   <trkpt lat="46.266167" lon="11.849056"><ele>2601.8</ele></trkpt>
   <trkpt lat="46.266177" lon="11.849003"><ele>2601.2</ele></trkpt>
   <trkpt lat="46.266176" lon="11.848968"><ele>2600.9</ele></trkpt>
   <trkpt lat="46.266175" lon="11.848934"><ele>2600.6</ele></trkpt>
   <trkpt lat="46.266170" lon="11.848904"><ele>2600.3</ele></trkpt>
   <trkpt lat="46.266165" lon="11.848852"><ele>2599.7</ele></trkpt>
   <trkpt lat="46.266159" lon="11.848822"><ele>2599.4</ele></trkpt>
   <trkpt lat="46.266152" lon="11.848788"><ele>2599.1</ele></trkpt>
   <trkpt lat="46.266145" lon="11.848748"><ele>2598.8</ele></trkpt>
   <trkpt lat="46.266143" lon="11.848710"><ele>2598.5</ele></trkpt>
   <trkpt lat="46.266140" lon="11.848680"><ele>2598.2</ele></trkpt>
   <trkpt lat="46.266123" lon="11.848637"><ele>2597.6</ele></trkpt>
   <trkpt lat="46.266119" lon="11.848580"><ele>2597.0</ele></trkpt>
   <trkpt lat="46.266115" lon="11.848549"><ele>2596.6</ele></trkpt>
   <trkpt lat="46.266107" lon="11.848521"><ele>2596.2</ele></trkpt>
   <trkpt lat="46.266098" lon="11.848495"><ele>2595.8</ele></trkpt>
   <trkpt lat="46.266091" lon="11.848466"><ele>2595.4</ele></trkpt>
   <trkpt lat="46.266081" lon="11.848438"><ele>2595.0</ele></trkpt>
   <trkpt lat="46.266071" lon="11.848408"><ele>2594.6</ele></trkpt>
   <trkpt lat="46.266061" lon="11.848381"><ele>2594.2</ele></trkpt>
   <trkpt lat="46.266053" lon="11.848355"><ele>2593.8</ele></trkpt>
   <trkpt lat="46.266045" lon="11.848330"><ele>2593.4</ele></trkpt>
   <trkpt lat="46.266035" lon="11.848304"><ele>2593.0</ele></trkpt>
   <trkpt lat="46.266027" lon="11.848271"><ele>2592.6</ele></trkpt>
   <trkpt lat="46.266022" lon="11.848240"><ele>2592.2</ele></trkpt>
   <trkpt lat="46.266008" lon="11.848196"><ele>2591.4</ele></trkpt>
   <trkpt lat="46.266001" lon="11.848166"><ele>2591.0</ele></trkpt>
   <trkpt lat="46.266001" lon="11.848131"><ele>2590.6</ele></trkpt>
   <trkpt lat="46.266008" lon="11.848099"><ele>2590.2</ele></trkpt>
   <trkpt lat="46.266008" lon="11.848070"><ele>2589.8</ele></trkpt>
   <trkpt lat="46.265990" lon="11.848026"><ele>2589.0</ele></trkpt>
   <trkpt lat="46.265986" lon="11.847977"><ele>2588.2</ele></trkpt>
   <trkpt lat="46.265984" lon="11.847949"><ele>2587.8</ele></trkpt>
   <trkpt lat="46.265978" lon="11.847921"><ele>2587.4</ele></trkpt>
   <trkpt lat="46.265972" lon="11.847889"><ele>2587.0</ele></trkpt>
   <trkpt lat="46.265966" lon="11.847859"><ele>2586.6</ele></trkpt>
   <trkpt lat="46.265964" lon="11.847829"><ele>2586.2</ele></trkpt>
   <trkpt lat="46.265964" lon="11.847797"><ele>2585.8</ele></trkpt>
   <trkpt lat="46.265964" lon="11.847769"><ele>2585.4</ele></trkpt>
   <trkpt lat="46.265963" lon="11.847741"><ele>2585.0</ele></trkpt>
   <trkpt lat="46.265968" lon="11.847712"><ele>2584.7</ele></trkpt>
   <trkpt lat="46.265970" lon="11.847683"><ele>2584.4</ele></trkpt>
   <trkpt lat="46.265970" lon="11.847656"><ele>2584.1</ele></trkpt>
   <trkpt lat="46.265972" lon="11.847627"><ele>2583.8</ele></trkpt>
   <trkpt lat="46.265970" lon="11.847599"><ele>2583.6</ele></trkpt>
   <trkpt lat="46.265966" lon="11.847572"><ele>2583.3</ele></trkpt>
   <trkpt lat="46.265956" lon="11.847525"><ele>2582.7</ele></trkpt>
   <trkpt lat="46.265966" lon="11.847481"><ele>2582.1</ele></trkpt>
   <trkpt lat="46.265970" lon="11.847437"><ele>2581.1</ele></trkpt>
   <trkpt lat="46.265974" lon="11.847384"><ele>2580.1</ele></trkpt>
   <trkpt lat="46.265978" lon="11.847334"><ele>2579.1</ele></trkpt>
   <trkpt lat="46.265980" lon="11.847285"><ele>2578.1</ele></trkpt>
   <trkpt lat="46.265972" lon="11.847236"><ele>2577.1</ele></trkpt>
   <trkpt lat="46.265959" lon="11.847215"><ele>2576.6</ele></trkpt>
   <trkpt lat="46.265948" lon="11.847189"><ele>2576.1</ele></trkpt>
   <trkpt lat="46.265942" lon="11.847162"><ele>2575.6</ele></trkpt>
   <trkpt lat="46.265936" lon="11.847118"><ele>2574.6</ele></trkpt>
   <trkpt lat="46.265936" lon="11.847087"><ele>2574.1</ele></trkpt>
   <trkpt lat="46.265936" lon="11.847053"><ele>2573.6</ele></trkpt>
   <trkpt lat="46.265933" lon="11.847019"><ele>2573.1</ele></trkpt>
   <trkpt lat="46.265930" lon="11.846981"><ele>2572.6</ele></trkpt>
   <trkpt lat="46.265933" lon="11.846949"><ele>2572.1</ele></trkpt>
   <trkpt lat="46.265941" lon="11.846919"><ele>2571.7</ele></trkpt>
   <trkpt lat="46.265946" lon="11.846890"><ele>2571.3</ele></trkpt>
   <trkpt lat="46.265944" lon="11.846837"><ele>2570.5</ele></trkpt>
   <trkpt lat="46.265947" lon="11.846812"><ele>2570.1</ele></trkpt>
   <trkpt lat="46.265958" lon="11.846788"><ele>2569.7</ele></trkpt>
   <trkpt lat="46.265970" lon="11.846745"><ele>2568.8</ele></trkpt>
   <trkpt lat="46.265968" lon="11.846696"><ele>2568.0</ele></trkpt>
   <trkpt lat="46.265948" lon="11.846655"><ele>2566.9</ele></trkpt>
   <trkpt lat="46.265936" lon="11.846629"><ele>2566.3</ele></trkpt>
   <trkpt lat="46.265932" lon="11.846603"><ele>2565.7</ele></trkpt>
   <trkpt lat="46.265931" lon="11.846554"><ele>2564.5</ele></trkpt>
   <trkpt lat="46.265923" lon="11.846525"><ele>2563.9</ele></trkpt>
   <trkpt lat="46.265918" lon="11.846489"><ele>2563.3</ele></trkpt>
   <trkpt lat="46.265914" lon="11.846454"><ele>2562.8</ele></trkpt>
   <trkpt lat="46.265915" lon="11.846424"><ele>2562.2</ele></trkpt>
   <trkpt lat="46.265920" lon="11.846395"><ele>2561.6</ele></trkpt>
   <trkpt lat="46.265925" lon="11.846366"><ele>2561.1</ele></trkpt>
   <trkpt lat="46.265929" lon="11.846336"><ele>2560.6</ele></trkpt>
   <trkpt lat="46.265929" lon="11.846305"><ele>2560.1</ele></trkpt>
   <trkpt lat="46.265928" lon="11.846274"><ele>2559.6</ele></trkpt>
   <trkpt lat="46.265926" lon="11.846245"><ele>2559.1</ele></trkpt>
   <trkpt lat="46.265921" lon="11.846213"><ele>2558.5</ele></trkpt>
   <trkpt lat="46.265915" lon="11.846180"><ele>2558.0</ele></trkpt>
   <trkpt lat="46.265912" lon="11.846153"><ele>2557.5</ele></trkpt>
   <trkpt lat="46.265912" lon="11.846122"><ele>2557.0</ele></trkpt>
   <trkpt lat="46.265911" lon="11.846093"><ele>2556.9</ele></trkpt>
   <trkpt lat="46.265914" lon="11.846061"><ele>2556.8</ele></trkpt>
   <trkpt lat="46.265922" lon="11.846037"><ele>2556.7</ele></trkpt>
   <trkpt lat="46.265933" lon="11.846001"><ele>2556.5</ele></trkpt>
   <trkpt lat="46.265946" lon="11.845965"><ele>2556.3</ele></trkpt>
   <trkpt lat="46.265956" lon="11.845937"><ele>2556.2</ele></trkpt>
   <trkpt lat="46.265966" lon="11.845906"><ele>2556.1</ele></trkpt>
   <trkpt lat="46.265974" lon="11.845872"><ele>2556.0</ele></trkpt>
   <trkpt lat="46.265983" lon="11.845840"><ele>2555.8</ele></trkpt>
   <trkpt lat="46.265999" lon="11.845809"><ele>2555.6</ele></trkpt>
   <trkpt lat="46.266011" lon="11.845784"><ele>2555.4</ele></trkpt>
   <trkpt lat="46.266021" lon="11.845739"><ele>2555.0</ele></trkpt>
   <trkpt lat="46.266026" lon="11.845709"><ele>2554.6</ele></trkpt>
   <trkpt lat="46.266017" lon="11.845683"><ele>2554.0</ele></trkpt>
   <trkpt lat="46.266019" lon="11.845651"><ele>2553.6</ele></trkpt>
   <trkpt lat="46.266022" lon="11.845619"><ele>2553.2</ele></trkpt>
   <trkpt lat="46.266027" lon="11.845572"><ele>2552.8</ele></trkpt>
   <trkpt lat="46.266029" lon="11.845535"><ele>2552.6</ele></trkpt>
   <trkpt lat="46.266030" lon="11.845492"><ele>2552.4</ele></trkpt>
   <trkpt lat="46.266034" lon="11.845454"><ele>2552.2</ele></trkpt>
   <trkpt lat="46.266036" lon="11.845418"><ele>2552.0</ele></trkpt>
   <trkpt lat="46.266040" lon="11.845386"><ele>2552.0</ele></trkpt>
   <trkpt lat="46.266045" lon="11.845357"><ele>2552.0</ele></trkpt>
   <trkpt lat="46.266049" lon="11.845326"><ele>2552.0</ele></trkpt>
   <trkpt lat="46.266048" lon="11.845296"><ele>2552.0</ele></trkpt>
   <trkpt lat="46.266047" lon="11.845266"><ele>2552.0</ele></trkpt>
   <trkpt lat="46.266049" lon="11.845232"><ele>2552.0</ele></trkpt>
   <trkpt lat="46.266051" lon="11.845198"><ele>2552.0</ele></trkpt>
   <trkpt lat="46.266059" lon="11.845165"><ele>2552.0</ele></trkpt>
   <trkpt lat="46.266068" lon="11.845136"><ele>2552.0</ele></trkpt>
   <trkpt lat="46.266081" lon="11.845104"><ele>2552.0</ele></trkpt>
   <trkpt lat="46.266094" lon="11.845074"><ele>2552.0</ele></trkpt>
   <trkpt lat="46.266106" lon="11.845042"><ele>2552.0</ele></trkpt>
   <trkpt lat="46.266116" lon="11.845007"><ele>2552.0</ele></trkpt>
   <trkpt lat="46.266124" lon="11.844973"><ele>2552.0</ele></trkpt>
   <trkpt lat="46.266132" lon="11.844941"><ele>2552.0</ele></trkpt>
   <trkpt lat="46.266139" lon="11.844908"><ele>2552.0</ele></trkpt>
   <trkpt lat="46.266142" lon="11.844877"><ele>2552.0</ele></trkpt>
   <trkpt lat="46.266142" lon="11.844847"><ele>2552.0</ele></trkpt>
   <trkpt lat="46.266138" lon="11.844819"><ele>2552.0</ele></trkpt>
   <trkpt lat="46.266138" lon="11.844793"><ele>2552.0</ele></trkpt>
   <trkpt lat="46.266144" lon="11.844766"><ele>2552.1</ele></trkpt>
   <trkpt lat="46.266151" lon="11.844742"><ele>2552.2</ele></trkpt>
   <trkpt lat="46.266159" lon="11.844714"><ele>2552.3</ele></trkpt>
   <trkpt lat="46.266167" lon="11.844688"><ele>2552.4</ele></trkpt>
   <trkpt lat="46.266167" lon="11.844641"><ele>2552.6</ele></trkpt>
   <trkpt lat="46.266157" lon="11.844619"><ele>2552.7</ele></trkpt>
   <trkpt lat="46.266148" lon="11.844594"><ele>2552.8</ele></trkpt>
   <trkpt lat="46.266141" lon="11.844552"><ele>2553.0</ele></trkpt>
   <trkpt lat="46.266137" lon="11.844503"><ele>2553.2</ele></trkpt>
   <trkpt lat="46.266137" lon="11.844460"><ele>2553.4</ele></trkpt>
   <trkpt lat="46.266137" lon="11.844415"><ele>2553.6</ele></trkpt>
   <trkpt lat="46.266143" lon="11.844385"><ele>2553.7</ele></trkpt>
   <trkpt lat="46.266147" lon="11.844353"><ele>2553.8</ele></trkpt>
   <trkpt lat="46.266146" lon="11.844320"><ele>2553.9</ele></trkpt>
   <trkpt lat="46.266138" lon="11.844288"><ele>2554.0</ele></trkpt>
   <trkpt lat="46.266124" lon="11.844258"><ele>2554.1</ele></trkpt>
   <trkpt lat="46.266109" lon="11.844227"><ele>2554.2</ele></trkpt>
   <trkpt lat="46.266091" lon="11.844197"><ele>2554.3</ele></trkpt>
   <trkpt lat="46.266075" lon="11.844172"><ele>2554.4</ele></trkpt>
   <trkpt lat="46.266062" lon="11.844144"><ele>2554.5</ele></trkpt>
   <trkpt lat="46.266049" lon="11.844116"><ele>2554.6</ele></trkpt>
   <trkpt lat="46.266038" lon="11.844092"><ele>2554.7</ele></trkpt>
   <trkpt lat="46.266030" lon="11.844064"><ele>2554.8</ele></trkpt>
   <trkpt lat="46.266022" lon="11.844018"><ele>2555.0</ele></trkpt>
   <trkpt lat="46.266024" lon="11.843970"><ele>2555.0</ele></trkpt>
   <trkpt lat="46.266041" lon="11.843923"><ele>2555.0</ele></trkpt>
   <trkpt lat="46.266061" lon="11.843883"><ele>2555.0</ele></trkpt>
   <trkpt lat="46.266086" lon="11.843851"><ele>2555.0</ele></trkpt>
   <trkpt lat="46.266102" lon="11.843816"><ele>2555.0</ele></trkpt>
   <trkpt lat="46.266102" lon="11.843783"><ele>2555.4</ele></trkpt>
   <trkpt lat="46.266107" lon="11.843755"><ele>2555.8</ele></trkpt>
   <trkpt lat="46.266117" lon="11.843719"><ele>2556.4</ele></trkpt>
   <trkpt lat="46.266122" lon="11.843694"><ele>2556.8</ele></trkpt>
   <trkpt lat="46.266134" lon="11.843673"><ele>2557.2</ele></trkpt>
   <trkpt lat="46.266149" lon="11.843649"><ele>2557.6</ele></trkpt>
   <trkpt lat="46.266155" lon="11.843617"><ele>2558.0</ele></trkpt>
   <trkpt lat="46.266174" lon="11.843576"><ele>2558.4</ele></trkpt>
   <trkpt lat="46.266194" lon="11.843540"><ele>2558.8</ele></trkpt>
   <trkpt lat="46.266211" lon="11.843516"><ele>2559.1</ele></trkpt>
   <trkpt lat="46.266221" lon="11.843493"><ele>2559.3</ele></trkpt>
   <trkpt lat="46.266224" lon="11.843460"><ele>2559.5</ele></trkpt>
   <trkpt lat="46.266226" lon="11.843429"><ele>2559.7</ele></trkpt>
   <trkpt lat="46.266221" lon="11.843403"><ele>2559.9</ele></trkpt>
   <trkpt lat="46.266213" lon="11.843375"><ele>2560.2</ele></trkpt>
   <trkpt lat="46.266217" lon="11.843336"><ele>2560.6</ele></trkpt>
   <trkpt lat="46.266229" lon="11.843298"><ele>2561.0</ele></trkpt>
   <trkpt lat="46.266229" lon="11.843270"><ele>2561.2</ele></trkpt>
   <trkpt lat="46.266236" lon="11.843244"><ele>2561.4</ele></trkpt>
   <trkpt lat="46.266247" lon="11.843215"><ele>2561.6</ele></trkpt>
   <trkpt lat="46.266261" lon="11.843184"><ele>2561.8</ele></trkpt>
   <trkpt lat="46.266270" lon="11.843153"><ele>2562.0</ele></trkpt>
   <trkpt lat="46.266274" lon="11.843123"><ele>2562.1</ele></trkpt>
   <trkpt lat="46.266280" lon="11.843090"><ele>2562.2</ele></trkpt>
   <trkpt lat="46.266289" lon="11.843056"><ele>2562.3</ele></trkpt>
   <trkpt lat="46.266302" lon="11.843027"><ele>2562.4</ele></trkpt>
   <trkpt lat="46.266311" lon="11.842998"><ele>2562.5</ele></trkpt>
   <trkpt lat="46.266313" lon="11.842958"><ele>2562.7</ele></trkpt>
   <trkpt lat="46.266311" lon="11.842928"><ele>2563.0</ele></trkpt>
   <trkpt lat="46.266322" lon="11.842889"><ele>2563.8</ele></trkpt>
   <trkpt lat="46.266332" lon="11.842864"><ele>2564.0</ele></trkpt>
   <trkpt lat="46.266338" lon="11.842835"><ele>2564.2</ele></trkpt>
   <trkpt lat="46.266338" lon="11.842807"><ele>2564.4</ele></trkpt>
   <trkpt lat="46.266341" lon="11.842777"><ele>2564.6</ele></trkpt>
   <trkpt lat="46.266347" lon="11.842750"><ele>2564.8</ele></trkpt>
   <trkpt lat="46.266350" lon="11.842721"><ele>2565.0</ele></trkpt>
   <trkpt lat="46.266350" lon="11.842693"><ele>2565.1</ele></trkpt>
   <trkpt lat="46.266359" lon="11.842644"><ele>2565.3</ele></trkpt>
   <trkpt lat="46.266372" lon="11.842624"><ele>2565.4</ele></trkpt>
   <trkpt lat="46.266398" lon="11.842589"><ele>2565.6</ele></trkpt>
   <trkpt lat="46.266412" lon="11.842547"><ele>2565.8</ele></trkpt>
   <trkpt lat="46.266417" lon="11.842520"><ele>2565.9</ele></trkpt>
   <trkpt lat="46.266424" lon="11.842489"><ele>2566.0</ele></trkpt>
   <trkpt lat="46.266429" lon="11.842458"><ele>2566.1</ele></trkpt>
   <trkpt lat="46.266435" lon="11.842431"><ele>2566.2</ele></trkpt>
   <trkpt lat="46.266434" lon="11.842389"><ele>2566.4</ele></trkpt>
   <trkpt lat="46.266424" lon="11.842366"><ele>2566.6</ele></trkpt>
   <trkpt lat="46.266424" lon="11.842335"><ele>2566.8</ele></trkpt>
   <trkpt lat="46.266428" lon="11.842309"><ele>2566.9</ele></trkpt>
   <trkpt lat="46.266434" lon="11.842274"><ele>2567.0</ele></trkpt>
   <trkpt lat="46.266442" lon="11.842239"><ele>2567.2</ele></trkpt>
   <trkpt lat="46.266450" lon="11.842210"><ele>2567.4</ele></trkpt>
   <trkpt lat="46.266456" lon="11.842183"><ele>2567.6</ele></trkpt>
   <trkpt lat="46.266463" lon="11.842155"><ele>2567.8</ele></trkpt>
   <trkpt lat="46.266473" lon="11.842131"><ele>2568.0</ele></trkpt>
   <trkpt lat="46.266490" lon="11.842079"><ele>2568.4</ele></trkpt>
   <trkpt lat="46.266496" lon="11.842048"><ele>2568.6</ele></trkpt>
   <trkpt lat="46.266499" lon="11.842015"><ele>2568.8</ele></trkpt>
   <trkpt lat="46.266499" lon="11.841985"><ele>2569.0</ele></trkpt>
   <trkpt lat="46.266497" lon="11.841934"><ele>2569.2</ele></trkpt>
   <trkpt lat="46.266494" lon="11.841906"><ele>2569.3</ele></trkpt>
   <trkpt lat="46.266488" lon="11.841877"><ele>2569.4</ele></trkpt>
   <trkpt lat="46.266475" lon="11.841835"><ele>2569.6</ele></trkpt>
   <trkpt lat="46.266473" lon="11.841785"><ele>2569.8</ele></trkpt>
   <trkpt lat="46.266476" lon="11.841756"><ele>2569.9</ele></trkpt>
   <trkpt lat="46.266479" lon="11.841727"><ele>2570.0</ele></trkpt>
   <trkpt lat="46.266480" lon="11.841701"><ele>2570.0</ele></trkpt>
   <trkpt lat="46.266491" lon="11.841656"><ele>2570.0</ele></trkpt>
   <trkpt lat="46.266499" lon="11.841612"><ele>2570.0</ele></trkpt>
   <trkpt lat="46.266501" lon="11.841585"><ele>2570.0</ele></trkpt>
   <trkpt lat="46.266504" lon="11.841556"><ele>2570.0</ele></trkpt>
   <trkpt lat="46.266512" lon="11.841523"><ele>2570.0</ele></trkpt>
   <trkpt lat="46.266519" lon="11.841488"><ele>2570.0</ele></trkpt>
   <trkpt lat="46.266529" lon="11.841455"><ele>2570.0</ele></trkpt>
   <trkpt lat="46.266541" lon="11.841425"><ele>2570.1</ele></trkpt>
   <trkpt lat="46.266554" lon="11.841392"><ele>2570.2</ele></trkpt>
   <trkpt lat="46.266568" lon="11.841362"><ele>2570.3</ele></trkpt>
   <trkpt lat="46.266583" lon="11.841335"><ele>2570.4</ele></trkpt>
   <trkpt lat="46.266600" lon="11.841308"><ele>2570.5</ele></trkpt>
   <trkpt lat="46.266612" lon="11.841277"><ele>2570.6</ele></trkpt>
   <trkpt lat="46.266622" lon="11.841247"><ele>2570.7</ele></trkpt>
   <trkpt lat="46.266635" lon="11.841215"><ele>2570.8</ele></trkpt>
   <trkpt lat="46.266648" lon="11.841186"><ele>2570.9</ele></trkpt>
   <trkpt lat="46.266657" lon="11.841155"><ele>2571.0</ele></trkpt>
   <trkpt lat="46.266661" lon="11.841128"><ele>2571.0</ele></trkpt>
   <trkpt lat="46.266669" lon="11.841101"><ele>2571.0</ele></trkpt>
   <trkpt lat="46.266683" lon="11.841081"><ele>2571.0</ele></trkpt>
   <trkpt lat="46.266710" lon="11.841043"><ele>2571.0</ele></trkpt>
   <trkpt lat="46.266724" lon="11.841016"><ele>2571.0</ele></trkpt>
   <trkpt lat="46.266737" lon="11.840985"><ele>2571.0</ele></trkpt>
   <trkpt lat="46.266750" lon="11.840953"><ele>2571.0</ele></trkpt>
   <trkpt lat="46.266766" lon="11.840925"><ele>2571.0</ele></trkpt>
   <trkpt lat="46.266785" lon="11.840898"><ele>2571.0</ele></trkpt>
   <trkpt lat="46.266800" lon="11.840877"><ele>2571.0</ele></trkpt>
   <trkpt lat="46.266815" lon="11.840859"><ele>2571.0</ele></trkpt>
   <trkpt lat="46.266836" lon="11.840847"><ele>2571.0</ele></trkpt>
   <trkpt lat="46.266859" lon="11.840836"><ele>2571.0</ele></trkpt>
   <trkpt lat="46.266880" lon="11.840822"><ele>2571.0</ele></trkpt>
   <trkpt lat="46.266900" lon="11.840808"><ele>2571.0</ele></trkpt>
   <trkpt lat="46.266924" lon="11.840791"><ele>2571.0</ele></trkpt>
   <trkpt lat="46.266950" lon="11.840770"><ele>2571.0</ele></trkpt>
   <trkpt lat="46.266968" lon="11.840746"><ele>2571.0</ele></trkpt>
   <trkpt lat="46.266980" lon="11.840722"><ele>2571.0</ele></trkpt>
   <trkpt lat="46.266990" lon="11.840696"><ele>2571.1</ele></trkpt>
   <trkpt lat="46.266998" lon="11.840671"><ele>2571.2</ele></trkpt>
   <trkpt lat="46.267007" lon="11.840646"><ele>2571.3</ele></trkpt>
   <trkpt lat="46.267015" lon="11.840621"><ele>2571.4</ele></trkpt>
   <trkpt lat="46.267034" lon="11.840575"><ele>2571.6</ele></trkpt>
   <trkpt lat="46.267044" lon="11.840547"><ele>2571.7</ele></trkpt>
   <trkpt lat="46.267052" lon="11.840518"><ele>2571.8</ele></trkpt>
   <trkpt lat="46.267059" lon="11.840486"><ele>2571.9</ele></trkpt>
   <trkpt lat="46.267068" lon="11.840457"><ele>2572.0</ele></trkpt>
   <trkpt lat="46.267076" lon="11.840428"><ele>2572.1</ele></trkpt>
   <trkpt lat="46.267085" lon="11.840402"><ele>2572.2</ele></trkpt>
   <trkpt lat="46.267094" lon="11.840375"><ele>2572.3</ele></trkpt>
   <trkpt lat="46.267106" lon="11.840347"><ele>2572.4</ele></trkpt>
   <trkpt lat="46.267117" lon="11.840319"><ele>2572.5</ele></trkpt>
   <trkpt lat="46.267126" lon="11.840291"><ele>2572.6</ele></trkpt>
   <trkpt lat="46.267136" lon="11.840265"><ele>2572.7</ele></trkpt>
   <trkpt lat="46.267147" lon="11.840241"><ele>2572.8</ele></trkpt>
   <trkpt lat="46.267156" lon="11.840215"><ele>2572.9</ele></trkpt>
   <trkpt lat="46.267164" lon="11.840189"><ele>2573.0</ele></trkpt>
   <trkpt lat="46.267170" lon="11.840162"><ele>2573.1</ele></trkpt>
   <trkpt lat="46.267182" lon="11.840117"><ele>2573.3</ele></trkpt>
   <trkpt lat="46.267197" lon="11.840068"><ele>2573.5</ele></trkpt>
   <trkpt lat="46.267203" lon="11.840016"><ele>2573.7</ele></trkpt>
   <trkpt lat="46.267204" lon="11.839989"><ele>2573.8</ele></trkpt>
   <trkpt lat="46.267202" lon="11.839961"><ele>2573.9</ele></trkpt>
   <trkpt lat="46.267206" lon="11.839934"><ele>2574.0</ele></trkpt>
   <trkpt lat="46.267217" lon="11.839913"><ele>2574.1</ele></trkpt>
   <trkpt lat="46.267230" lon="11.839892"><ele>2574.2</ele></trkpt>
   <trkpt lat="46.267241" lon="11.839867"><ele>2574.3</ele></trkpt>
   <trkpt lat="46.267250" lon="11.839840"><ele>2574.4</ele></trkpt>
   <trkpt lat="46.267261" lon="11.839809"><ele>2574.5</ele></trkpt>
   <trkpt lat="46.267268" lon="11.839772"><ele>2574.6</ele></trkpt>
   <trkpt lat="46.267272" lon="11.839733"><ele>2574.7</ele></trkpt>
   <trkpt lat="46.267276" lon="11.839698"><ele>2574.8</ele></trkpt>
   <trkpt lat="46.267277" lon="11.839667"><ele>2574.9</ele></trkpt>
   <trkpt lat="46.267277" lon="11.839635"><ele>2575.0</ele></trkpt>
   <trkpt lat="46.267278" lon="11.839605"><ele>2575.2</ele></trkpt>
   <trkpt lat="46.267281" lon="11.839577"><ele>2575.4</ele></trkpt>
   <trkpt lat="46.267287" lon="11.839548"><ele>2575.6</ele></trkpt>
   <trkpt lat="46.267291" lon="11.839518"><ele>2575.8</ele></trkpt>
   <trkpt lat="46.267296" lon="11.839487"><ele>2576.0</ele></trkpt>
   <trkpt lat="46.267305" lon="11.839459"><ele>2576.2</ele></trkpt>
   <trkpt lat="46.267318" lon="11.839438"><ele>2576.4</ele></trkpt>
   <trkpt lat="46.267341" lon="11.839407"><ele>2576.8</ele></trkpt>
   <trkpt lat="46.267353" lon="11.839367"><ele>2577.2</ele></trkpt>
   <trkpt lat="46.267351" lon="11.839313"><ele>2577.6</ele></trkpt>
   <trkpt lat="46.267347" lon="11.839282"><ele>2577.8</ele></trkpt>
   <trkpt lat="46.267343" lon="11.839251"><ele>2578.0</ele></trkpt>
   <trkpt lat="46.267341" lon="11.839224"><ele>2578.2</ele></trkpt>
   <trkpt lat="46.267335" lon="11.839181"><ele>2578.6</ele></trkpt>
   <trkpt lat="46.267332" lon="11.839131"><ele>2579.0</ele></trkpt>
   <trkpt lat="46.267330" lon="11.839096"><ele>2579.1</ele></trkpt>
   <trkpt lat="46.267330" lon="11.839062"><ele>2579.2</ele></trkpt>
   <trkpt lat="46.267330" lon="11.839023"><ele>2579.3</ele></trkpt>
   <trkpt lat="46.267333" lon="11.838984"><ele>2579.4</ele></trkpt>
   <trkpt lat="46.267335" lon="11.838949"><ele>2579.5</ele></trkpt>
   <trkpt lat="46.267335" lon="11.838911"><ele>2579.6</ele></trkpt>
   <trkpt lat="46.267333" lon="11.838875"><ele>2579.7</ele></trkpt>
   <trkpt lat="46.267328" lon="11.838844"><ele>2579.8</ele></trkpt>
   <trkpt lat="46.267311" lon="11.838811"><ele>2580.0</ele></trkpt>
   <trkpt lat="46.267291" lon="11.838821"><ele>2580.0</ele></trkpt>
   <trkpt lat="46.267303" lon="11.838786"><ele>2580.0</ele></trkpt>
   <trkpt lat="46.267308" lon="11.838754"><ele>2580.0</ele></trkpt>
   <trkpt lat="46.267308" lon="11.838720"><ele>2580.0</ele></trkpt>
   <trkpt lat="46.267301" lon="11.838685"><ele>2580.0</ele></trkpt>
   <trkpt lat="46.267291" lon="11.838651"><ele>2579.9</ele></trkpt>
   <trkpt lat="46.267279" lon="11.838615"><ele>2579.8</ele></trkpt>
   <trkpt lat="46.267268" lon="11.838581"><ele>2579.7</ele></trkpt>
   <trkpt lat="46.267259" lon="11.838547"><ele>2579.6</ele></trkpt>
   <trkpt lat="46.267255" lon="11.838510"><ele>2579.5</ele></trkpt>
   <trkpt lat="46.267250" lon="11.838478"><ele>2579.4</ele></trkpt>
   <trkpt lat="46.267233" lon="11.838450"><ele>2579.3</ele></trkpt>
   <trkpt lat="46.267212" lon="11.838422"><ele>2579.2</ele></trkpt>
   <trkpt lat="46.267195" lon="11.838394"><ele>2579.1</ele></trkpt>
   <trkpt lat="46.267177" lon="11.838366"><ele>2579.0</ele></trkpt>
   <trkpt lat="46.267159" lon="11.838338"><ele>2578.9</ele></trkpt>
   <trkpt lat="46.267142" lon="11.838311"><ele>2578.8</ele></trkpt>
   <trkpt lat="46.267126" lon="11.838284"><ele>2578.7</ele></trkpt>
   <trkpt lat="46.267111" lon="11.838252"><ele>2578.6</ele></trkpt>
   <trkpt lat="46.267095" lon="11.838217"><ele>2578.5</ele></trkpt>
   <trkpt lat="46.267080" lon="11.838179"><ele>2578.4</ele></trkpt>
   <trkpt lat="46.267064" lon="11.838145"><ele>2578.3</ele></trkpt>
   <trkpt lat="46.267048" lon="11.838116"><ele>2578.2</ele></trkpt>
   <trkpt lat="46.267033" lon="11.838093"><ele>2578.1</ele></trkpt>
   <trkpt lat="46.267020" lon="11.838073"><ele>2578.0</ele></trkpt>
   <trkpt lat="46.267008" lon="11.838052"><ele>2578.0</ele></trkpt>
   <trkpt lat="46.266997" lon="11.838030"><ele>2578.0</ele></trkpt>
   <trkpt lat="46.266985" lon="11.838010"><ele>2578.0</ele></trkpt>
   <trkpt lat="46.266972" lon="11.837988"><ele>2578.0</ele></trkpt>
   <trkpt lat="46.266958" lon="11.837961"><ele>2578.0</ele></trkpt>
   <trkpt lat="46.266945" lon="11.837931"><ele>2578.0</ele></trkpt>
   <trkpt lat="46.266933" lon="11.837899"><ele>2578.0</ele></trkpt>
   <trkpt lat="46.266921" lon="11.837867"><ele>2578.0</ele></trkpt>
   <trkpt lat="46.266909" lon="11.837836"><ele>2578.0</ele></trkpt>
   <trkpt lat="46.266896" lon="11.837801"><ele>2578.0</ele></trkpt>
   <trkpt lat="46.266882" lon="11.837762"><ele>2577.9</ele></trkpt>
   <trkpt lat="46.266869" lon="11.837726"><ele>2577.8</ele></trkpt>
   <trkpt lat="46.266854" lon="11.837689"><ele>2577.7</ele></trkpt>
   <trkpt lat="46.266837" lon="11.837657"><ele>2577.6</ele></trkpt>
   <trkpt lat="46.266820" lon="11.837624"><ele>2577.5</ele></trkpt>
   <trkpt lat="46.266803" lon="11.837592"><ele>2577.4</ele></trkpt>
   <trkpt lat="46.266790" lon="11.837560"><ele>2577.3</ele></trkpt>
   <trkpt lat="46.266779" lon="11.837527"><ele>2577.2</ele></trkpt>
   <trkpt lat="46.266768" lon="11.837500"><ele>2577.1</ele></trkpt>
   <trkpt lat="46.266756" lon="11.837472"><ele>2577.0</ele></trkpt>
   <trkpt lat="46.266747" lon="11.837450"><ele>2577.0</ele></trkpt>
   <trkpt lat="46.266726" lon="11.837406"><ele>2577.0</ele></trkpt>
   <trkpt lat="46.266716" lon="11.837382"><ele>2577.0</ele></trkpt>
   <trkpt lat="46.266704" lon="11.837358"><ele>2577.0</ele></trkpt>
   <trkpt lat="46.266690" lon="11.837336"><ele>2577.0</ele></trkpt>
   <trkpt lat="46.266675" lon="11.837315"><ele>2577.0</ele></trkpt>
   <trkpt lat="46.266660" lon="11.837294"><ele>2577.0</ele></trkpt>
   <trkpt lat="46.266644" lon="11.837274"><ele>2577.0</ele></trkpt>
   <trkpt lat="46.266629" lon="11.837249"><ele>2577.0</ele></trkpt>
   <trkpt lat="46.266613" lon="11.837222"><ele>2577.1</ele></trkpt>
   <trkpt lat="46.266595" lon="11.837192"><ele>2577.2</ele></trkpt>
   <trkpt lat="46.266578" lon="11.837156"><ele>2577.3</ele></trkpt>
   <trkpt lat="46.266567" lon="11.837118"><ele>2577.4</ele></trkpt>
   <trkpt lat="46.266559" lon="11.837085"><ele>2577.5</ele></trkpt>
   <trkpt lat="46.266548" lon="11.837058"><ele>2577.6</ele></trkpt>
   <trkpt lat="46.266539" lon="11.837032"><ele>2577.7</ele></trkpt>
   <trkpt lat="46.266531" lon="11.837006"><ele>2577.8</ele></trkpt>
   <trkpt lat="46.266522" lon="11.836981"><ele>2577.9</ele></trkpt>
   <trkpt lat="46.266514" lon="11.836954"><ele>2578.0</ele></trkpt>
   <trkpt lat="46.266507" lon="11.836928"><ele>2578.0</ele></trkpt>
   <trkpt lat="46.266502" lon="11.836902"><ele>2578.0</ele></trkpt>
   <trkpt lat="46.266494" lon="11.836855"><ele>2578.0</ele></trkpt>
   <trkpt lat="46.266482" lon="11.836814"><ele>2578.0</ele></trkpt>
   <trkpt lat="46.266471" lon="11.836766"><ele>2578.0</ele></trkpt>
   <trkpt lat="46.266461" lon="11.836717"><ele>2578.0</ele></trkpt>
   <trkpt lat="46.266453" lon="11.836692"><ele>2578.2</ele></trkpt>
   <trkpt lat="46.266445" lon="11.836668"><ele>2578.4</ele></trkpt>
   <trkpt lat="46.266436" lon="11.836642"><ele>2578.6</ele></trkpt>
   <trkpt lat="46.266429" lon="11.836614"><ele>2578.8</ele></trkpt>
   <trkpt lat="46.266416" lon="11.836566"><ele>2579.2</ele></trkpt>
   <trkpt lat="46.266407" lon="11.836542"><ele>2579.4</ele></trkpt>
   <trkpt lat="46.266398" lon="11.836520"><ele>2579.6</ele></trkpt>
   <trkpt lat="46.266387" lon="11.836492"><ele>2579.8</ele></trkpt>
   <trkpt lat="46.266376" lon="11.836464"><ele>2580.0</ele></trkpt>
   <trkpt lat="46.266366" lon="11.836432"><ele>2579.9</ele></trkpt>
   <trkpt lat="46.266357" lon="11.836396"><ele>2579.8</ele></trkpt>
   <trkpt lat="46.266350" lon="11.836362"><ele>2579.7</ele></trkpt>
   <trkpt lat="46.266344" lon="11.836330"><ele>2579.6</ele></trkpt>
   <trkpt lat="46.266337" lon="11.836298"><ele>2579.5</ele></trkpt>
   <trkpt lat="46.266327" lon="11.836271"><ele>2579.4</ele></trkpt>
   <trkpt lat="46.266310" lon="11.836242"><ele>2579.3</ele></trkpt>
   <trkpt lat="46.266292" lon="11.836210"><ele>2579.2</ele></trkpt>
   <trkpt lat="46.266275" lon="11.836176"><ele>2579.1</ele></trkpt>
   <trkpt lat="46.266257" lon="11.836146"><ele>2579.0</ele></trkpt>
   <trkpt lat="46.266239" lon="11.836120"><ele>2579.0</ele></trkpt>
   <trkpt lat="46.266222" lon="11.836088"><ele>2579.0</ele></trkpt>
   <trkpt lat="46.266209" lon="11.836050"><ele>2579.0</ele></trkpt>
   <trkpt lat="46.266198" lon="11.836011"><ele>2579.0</ele></trkpt>
   <trkpt lat="46.266187" lon="11.835973"><ele>2579.0</ele></trkpt>
   <trkpt lat="46.266176" lon="11.835937"><ele>2579.0</ele></trkpt>
   <trkpt lat="46.266168" lon="11.835905"><ele>2579.0</ele></trkpt>
   <trkpt lat="46.266161" lon="11.835873"><ele>2579.0</ele></trkpt>
   <trkpt lat="46.266157" lon="11.835838"><ele>2579.0</ele></trkpt>
   <trkpt lat="46.266159" lon="11.835800"><ele>2579.0</ele></trkpt>
   <trkpt lat="46.266162" lon="11.835765"><ele>2578.9</ele></trkpt>
   <trkpt lat="46.266166" lon="11.835731"><ele>2578.8</ele></trkpt>
   <trkpt lat="46.266173" lon="11.835693"><ele>2578.7</ele></trkpt>
   <trkpt lat="46.266184" lon="11.835653"><ele>2578.6</ele></trkpt>
   <trkpt lat="46.266197" lon="11.835616"><ele>2578.5</ele></trkpt>
   <trkpt lat="46.266212" lon="11.835578"><ele>2578.4</ele></trkpt>
   <trkpt lat="46.266227" lon="11.835540"><ele>2578.3</ele></trkpt>
   <trkpt lat="46.266241" lon="11.835506"><ele>2578.2</ele></trkpt>
   <trkpt lat="46.266251" lon="11.835467"><ele>2578.1</ele></trkpt>
   <trkpt lat="46.266258" lon="11.835428"><ele>2578.0</ele></trkpt>
   <trkpt lat="46.266262" lon="11.835390"><ele>2577.8</ele></trkpt>
   <trkpt lat="46.266265" lon="11.835353"><ele>2577.6</ele></trkpt>
   <trkpt lat="46.266267" lon="11.835318"><ele>2577.4</ele></trkpt>
   <trkpt lat="46.266267" lon="11.835281"><ele>2577.2</ele></trkpt>
   <trkpt lat="46.266273" lon="11.835246"><ele>2577.0</ele></trkpt>
   <trkpt lat="46.266283" lon="11.835205"><ele>2576.8</ele></trkpt>
   <trkpt lat="46.266296" lon="11.835168"><ele>2576.6</ele></trkpt>
   <trkpt lat="46.266311" lon="11.835134"><ele>2576.4</ele></trkpt>
   <trkpt lat="46.266327" lon="11.835106"><ele>2576.2</ele></trkpt>
   <trkpt lat="46.266342" lon="11.835078"><ele>2576.0</ele></trkpt>
   <trkpt lat="46.266356" lon="11.835049"><ele>2575.9</ele></trkpt>
   <trkpt lat="46.266363" lon="11.835019"><ele>2575.8</ele></trkpt>
   <trkpt lat="46.266362" lon="11.834988"><ele>2575.7</ele></trkpt>
   <trkpt lat="46.266353" lon="11.834962"><ele>2575.6</ele></trkpt>
   <trkpt lat="46.266339" lon="11.834935"><ele>2575.5</ele></trkpt>
   <trkpt lat="46.266324" lon="11.834903"><ele>2575.4</ele></trkpt>
   <trkpt lat="46.266319" lon="11.834862"><ele>2575.3</ele></trkpt>
   <trkpt lat="46.266322" lon="11.834824"><ele>2575.2</ele></trkpt>
   <trkpt lat="46.266325" lon="11.834788"><ele>2575.1</ele></trkpt>
   <trkpt lat="46.266326" lon="11.834755"><ele>2575.0</ele></trkpt>
   <trkpt lat="46.266318" lon="11.834723"><ele>2574.7</ele></trkpt>
   <trkpt lat="46.266300" lon="11.834695"><ele>2574.4</ele></trkpt>
   <trkpt lat="46.266280" lon="11.834669"><ele>2574.1</ele></trkpt>
   <trkpt lat="46.266259" lon="11.834648"><ele>2573.8</ele></trkpt>
   <trkpt lat="46.266236" lon="11.834626"><ele>2573.5</ele></trkpt>
   <trkpt lat="46.266214" lon="11.834598"><ele>2573.2</ele></trkpt>
   <trkpt lat="46.266196" lon="11.834567"><ele>2572.9</ele></trkpt>
   <trkpt lat="46.266185" lon="11.834530"><ele>2572.6</ele></trkpt>
   <trkpt lat="46.266180" lon="11.834492"><ele>2572.3</ele></trkpt>
   <trkpt lat="46.266180" lon="11.834456"><ele>2572.0</ele></trkpt>
   <trkpt lat="46.266186" lon="11.834420"><ele>2571.6</ele></trkpt>
   <trkpt lat="46.266196" lon="11.834388"><ele>2571.2</ele></trkpt>
   <trkpt lat="46.266208" lon="11.834357"><ele>2570.8</ele></trkpt>
   <trkpt lat="46.266224" lon="11.834328"><ele>2570.4</ele></trkpt>
   <trkpt lat="46.266243" lon="11.834299"><ele>2570.0</ele></trkpt>
   <trkpt lat="46.266258" lon="11.834268"><ele>2569.6</ele></trkpt>
   <trkpt lat="46.266267" lon="11.834237"><ele>2569.2</ele></trkpt>
   <trkpt lat="46.266272" lon="11.834202"><ele>2568.8</ele></trkpt>
   <trkpt lat="46.266279" lon="11.834168"><ele>2568.4</ele></trkpt>
   <trkpt lat="46.266287" lon="11.834135"><ele>2568.0</ele></trkpt>
   <trkpt lat="46.266298" lon="11.834100"><ele>2567.7</ele></trkpt>
   <trkpt lat="46.266310" lon="11.834066"><ele>2567.4</ele></trkpt>
   <trkpt lat="46.266322" lon="11.834034"><ele>2567.1</ele></trkpt>
   <trkpt lat="46.266338" lon="11.834006"><ele>2566.8</ele></trkpt>
   <trkpt lat="46.266354" lon="11.833978"><ele>2566.5</ele></trkpt>
   <trkpt lat="46.266371" lon="11.833949"><ele>2566.2</ele></trkpt>
   <trkpt lat="46.266385" lon="11.833921"><ele>2565.9</ele></trkpt>
   <trkpt lat="46.266397" lon="11.833896"><ele>2565.6</ele></trkpt>
   <trkpt lat="46.266408" lon="11.833866"><ele>2565.3</ele></trkpt>
   <trkpt lat="46.266420" lon="11.833836"><ele>2565.0</ele></trkpt>
   <trkpt lat="46.266431" lon="11.833809"><ele>2564.8</ele></trkpt>
   <trkpt lat="46.266439" lon="11.833779"><ele>2564.6</ele></trkpt>
   <trkpt lat="46.266443" lon="11.833747"><ele>2564.4</ele></trkpt>
   <trkpt lat="46.266442" lon="11.833717"><ele>2564.2</ele></trkpt>
   <trkpt lat="46.266440" lon="11.833688"><ele>2564.0</ele></trkpt>
   <trkpt lat="46.266436" lon="11.833659"><ele>2563.8</ele></trkpt>
   <trkpt lat="46.266425" lon="11.833623"><ele>2563.6</ele></trkpt>
   <trkpt lat="46.266419" lon="11.833587"><ele>2563.4</ele></trkpt>
   <trkpt lat="46.266417" lon="11.833554"><ele>2563.2</ele></trkpt>
   <trkpt lat="46.266415" lon="11.833518"><ele>2563.0</ele></trkpt>
   <trkpt lat="46.266413" lon="11.833484"><ele>2562.7</ele></trkpt>
   <trkpt lat="46.266413" lon="11.833453"><ele>2562.4</ele></trkpt>
   <trkpt lat="46.266415" lon="11.833419"><ele>2562.1</ele></trkpt>
   <trkpt lat="46.266414" lon="11.833385"><ele>2561.8</ele></trkpt>
   <trkpt lat="46.266415" lon="11.833353"><ele>2561.5</ele></trkpt>
   <trkpt lat="46.266414" lon="11.833324"><ele>2561.2</ele></trkpt>
   <trkpt lat="46.266432" lon="11.833306"><ele>2560.6</ele></trkpt>
   <trkpt lat="46.266446" lon="11.833328"><ele>2560.3</ele></trkpt>
   <trkpt lat="46.266458" lon="11.833351"><ele>2560.0</ele></trkpt>
   <trkpt lat="46.266474" lon="11.833375"><ele>2559.6</ele></trkpt>
   <trkpt lat="46.266489" lon="11.833400"><ele>2559.2</ele></trkpt>
   <trkpt lat="46.266506" lon="11.833429"><ele>2558.8</ele></trkpt>
   <trkpt lat="46.266522" lon="11.833459"><ele>2558.4</ele></trkpt>
   <trkpt lat="46.266538" lon="11.833484"><ele>2558.0</ele></trkpt>
   <trkpt lat="46.266555" lon="11.833507"><ele>2557.6</ele></trkpt>
   <trkpt lat="46.266570" lon="11.833522"><ele>2557.2</ele></trkpt>
   <trkpt lat="46.266581" lon="11.833494"><ele>2556.4</ele></trkpt>
   <trkpt lat="46.266572" lon="11.833465"><ele>2556.0</ele></trkpt>
   <trkpt lat="46.266562" lon="11.833434"><ele>2555.7</ele></trkpt>
   <trkpt lat="46.266554" lon="11.833398"><ele>2555.4</ele></trkpt>
   <trkpt lat="46.266545" lon="11.833362"><ele>2555.1</ele></trkpt>
   <trkpt lat="46.266541" lon="11.833328"><ele>2554.8</ele></trkpt>
   <trkpt lat="46.266536" lon="11.833295"><ele>2554.5</ele></trkpt>
   <trkpt lat="46.266532" lon="11.833264"><ele>2554.2</ele></trkpt>
   <trkpt lat="46.266528" lon="11.833235"><ele>2553.9</ele></trkpt>
   <trkpt lat="46.266523" lon="11.833202"><ele>2553.6</ele></trkpt>
   <trkpt lat="46.266520" lon="11.833171"><ele>2553.3</ele></trkpt>
   <trkpt lat="46.266514" lon="11.833121"><ele>2552.6</ele></trkpt>
   <trkpt lat="46.266510" lon="11.833095"><ele>2552.2</ele></trkpt>
   <trkpt lat="46.266501" lon="11.833069"><ele>2551.8</ele></trkpt>
   <trkpt lat="46.266490" lon="11.833038"><ele>2551.4</ele></trkpt>
   <trkpt lat="46.266479" lon="11.833008"><ele>2551.0</ele></trkpt>
   <trkpt lat="46.266468" lon="11.832982"><ele>2550.7</ele></trkpt>
   <trkpt lat="46.266457" lon="11.832961"><ele>2550.3</ele></trkpt>
   <trkpt lat="46.266445" lon="11.832938"><ele>2549.9</ele></trkpt>
   <trkpt lat="46.266431" lon="11.832915"><ele>2549.5</ele></trkpt>
   <trkpt lat="46.266416" lon="11.832893"><ele>2549.1</ele></trkpt>
   <trkpt lat="46.266401" lon="11.832871"><ele>2548.8</ele></trkpt>
   <trkpt lat="46.266385" lon="11.832850"><ele>2548.6</ele></trkpt>
   <trkpt lat="46.266370" lon="11.832822"><ele>2548.4</ele></trkpt>
   <trkpt lat="46.266358" lon="11.832792"><ele>2548.2</ele></trkpt>
   <trkpt lat="46.266346" lon="11.832764"><ele>2548.0</ele></trkpt>
   <trkpt lat="46.266337" lon="11.832741"><ele>2547.8</ele></trkpt>
   <trkpt lat="46.266341" lon="11.832702"><ele>2547.4</ele></trkpt>
   <trkpt lat="46.266362" lon="11.832705"><ele>2547.2</ele></trkpt>
   <trkpt lat="46.266385" lon="11.832714"><ele>2547.0</ele></trkpt>
   <trkpt lat="46.266410" lon="11.832729"><ele>2546.6</ele></trkpt>
   <trkpt lat="46.266430" lon="11.832751"><ele>2546.2</ele></trkpt>
   <trkpt lat="46.266447" lon="11.832782"><ele>2545.8</ele></trkpt>
   <trkpt lat="46.266459" lon="11.832808"><ele>2545.4</ele></trkpt>
   <trkpt lat="46.266475" lon="11.832824"><ele>2545.0</ele></trkpt>
   <trkpt lat="46.266493" lon="11.832840"><ele>2544.6</ele></trkpt>
   <trkpt lat="46.266513" lon="11.832845"><ele>2543.8</ele></trkpt>
   <trkpt lat="46.266509" lon="11.832808"><ele>2543.1</ele></trkpt>
   <trkpt lat="46.266500" lon="11.832778"><ele>2542.7</ele></trkpt>
   <trkpt lat="46.266495" lon="11.832751"><ele>2542.3</ele></trkpt>
   <trkpt lat="46.266497" lon="11.832708"><ele>2541.4</ele></trkpt>
   <trkpt lat="46.266525" lon="11.832742"><ele>2540.6</ele></trkpt>
   <trkpt lat="46.266540" lon="11.832761"><ele>2539.8</ele></trkpt>
   <trkpt lat="46.266519" lon="11.832717"><ele>2539.0</ele></trkpt>
   <trkpt lat="46.266508" lon="11.832694"><ele>2538.7</ele></trkpt>
   <trkpt lat="46.266494" lon="11.832676"><ele>2538.4</ele></trkpt>
   <trkpt lat="46.266473" lon="11.832657"><ele>2538.1</ele></trkpt>
   <trkpt lat="46.266452" lon="11.832633"><ele>2537.8</ele></trkpt>
   <trkpt lat="46.266434" lon="11.832605"><ele>2537.5</ele></trkpt>
   <trkpt lat="46.266417" lon="11.832578"><ele>2537.2</ele></trkpt>
   <trkpt lat="46.266402" lon="11.832552"><ele>2536.9</ele></trkpt>
   <trkpt lat="46.266391" lon="11.832526"><ele>2536.6</ele></trkpt>
   <trkpt lat="46.266374" lon="11.832499"><ele>2536.3</ele></trkpt>
   <trkpt lat="46.266353" lon="11.832475"><ele>2536.0</ele></trkpt>
   <trkpt lat="46.266334" lon="11.832451"><ele>2535.6</ele></trkpt>
   <trkpt lat="46.266313" lon="11.832420"><ele>2535.2</ele></trkpt>
   <trkpt lat="46.266302" lon="11.832383"><ele>2534.8</ele></trkpt>
   <trkpt lat="46.266305" lon="11.832346"><ele>2534.4</ele></trkpt>
   <trkpt lat="46.266315" lon="11.832311"><ele>2534.0</ele></trkpt>
   <trkpt lat="46.266322" lon="11.832277"><ele>2533.6</ele></trkpt>
   <trkpt lat="46.266329" lon="11.832249"><ele>2533.2</ele></trkpt>
   <trkpt lat="46.266354" lon="11.832227"><ele>2532.4</ele></trkpt>
   <trkpt lat="46.266373" lon="11.832223"><ele>2532.0</ele></trkpt>
   <trkpt lat="46.266391" lon="11.832216"><ele>2531.4</ele></trkpt>
   <trkpt lat="46.266409" lon="11.832204"><ele>2530.8</ele></trkpt>
   <trkpt lat="46.266421" lon="11.832184"><ele>2530.2</ele></trkpt>
   <trkpt lat="46.266418" lon="11.832156"><ele>2529.6</ele></trkpt>
   <trkpt lat="46.266412" lon="11.832121"><ele>2529.0</ele></trkpt>
   <trkpt lat="46.266407" lon="11.832087"><ele>2528.4</ele></trkpt>
   <trkpt lat="46.266412" lon="11.832056"><ele>2527.8</ele></trkpt>
   <trkpt lat="46.266421" lon="11.832028"><ele>2527.2</ele></trkpt>
   <trkpt lat="46.266434" lon="11.832008"><ele>2526.6</ele></trkpt>
   <trkpt lat="46.266463" lon="11.831977"><ele>2525.5</ele></trkpt>
   <trkpt lat="46.266479" lon="11.831928"><ele>2524.5</ele></trkpt>
   <trkpt lat="46.266488" lon="11.831899"><ele>2524.0</ele></trkpt>
   <trkpt lat="46.266495" lon="11.831873"><ele>2523.5</ele></trkpt>
   <trkpt lat="46.266506" lon="11.831828"><ele>2522.5</ele></trkpt>
   <trkpt lat="46.266521" lon="11.831785"><ele>2521.5</ele></trkpt>
   <trkpt lat="46.266542" lon="11.831753"><ele>2520.5</ele></trkpt>
   <trkpt lat="46.266557" lon="11.831731"><ele>2520.0</ele></trkpt>
   <trkpt lat="46.266576" lon="11.831711"><ele>2519.5</ele></trkpt>
   <trkpt lat="46.266593" lon="11.831696"><ele>2519.0</ele></trkpt>
   <trkpt lat="46.266608" lon="11.831679"><ele>2518.5</ele></trkpt>
   <trkpt lat="46.266625" lon="11.831660"><ele>2518.0</ele></trkpt>
   <trkpt lat="46.266641" lon="11.831641"><ele>2517.5</ele></trkpt>
   <trkpt lat="46.266657" lon="11.831622"><ele>2517.0</ele></trkpt>
   <trkpt lat="46.266672" lon="11.831607"><ele>2516.5</ele></trkpt>
   <trkpt lat="46.266701" lon="11.831576"><ele>2515.4</ele></trkpt>
   <trkpt lat="46.266716" lon="11.831556"><ele>2514.8</ele></trkpt>
   <trkpt lat="46.266750" lon="11.831543"><ele>2513.6</ele></trkpt>
   <trkpt lat="46.266760" lon="11.831504"><ele>2512.4</ele></trkpt>
   <trkpt lat="46.266748" lon="11.831479"><ele>2511.8</ele></trkpt>
   <trkpt lat="46.266735" lon="11.831447"><ele>2511.2</ele></trkpt>
   <trkpt lat="46.266722" lon="11.831418"><ele>2510.6</ele></trkpt>
   <trkpt lat="46.266709" lon="11.831392"><ele>2510.0</ele></trkpt>
   <trkpt lat="46.266694" lon="11.831375"><ele>2509.5</ele></trkpt>
   <trkpt lat="46.266678" lon="11.831363"><ele>2509.0</ele></trkpt>
   <trkpt lat="46.266663" lon="11.831344"><ele>2508.5</ele></trkpt>
   <trkpt lat="46.266649" lon="11.831321"><ele>2508.0</ele></trkpt>
   <trkpt lat="46.266645" lon="11.831290"><ele>2507.5</ele></trkpt>
   <trkpt lat="46.266644" lon="11.831257"><ele>2507.0</ele></trkpt>
   <trkpt lat="46.266636" lon="11.831227"><ele>2506.5</ele></trkpt>
   <trkpt lat="46.266622" lon="11.831205"><ele>2506.0</ele></trkpt>
   <trkpt lat="46.266616" lon="11.831180"><ele>2505.5</ele></trkpt>
   <trkpt lat="46.266625" lon="11.831131"><ele>2504.4</ele></trkpt>
   <trkpt lat="46.266634" lon="11.831105"><ele>2503.8</ele></trkpt>
   <trkpt lat="46.266652" lon="11.831057"><ele>2502.6</ele></trkpt>
   <trkpt lat="46.266657" lon="11.831027"><ele>2502.0</ele></trkpt>
   <trkpt lat="46.266656" lon="11.830976"><ele>2500.8</ele></trkpt>
   <trkpt lat="46.266650" lon="11.830946"><ele>2500.2</ele></trkpt>
   <trkpt lat="46.266646" lon="11.830917"><ele>2499.6</ele></trkpt>
   <trkpt lat="46.266650" lon="11.830891"><ele>2499.0</ele></trkpt>
   <trkpt lat="46.266653" lon="11.830865"><ele>2498.4</ele></trkpt>
   <trkpt lat="46.266662" lon="11.830818"><ele>2497.2</ele></trkpt>
   <trkpt lat="46.266662" lon="11.830792"><ele>2496.6</ele></trkpt>
   <trkpt lat="46.266665" lon="11.830766"><ele>2496.0</ele></trkpt>
   <trkpt lat="46.266673" lon="11.830743"><ele>2495.4</ele></trkpt>
   <trkpt lat="46.266690" lon="11.830705"><ele>2494.2</ele></trkpt>
   <trkpt lat="46.266704" lon="11.830668"><ele>2493.0</ele></trkpt>
   <trkpt lat="46.266720" lon="11.830626"><ele>2492.2</ele></trkpt>
   <trkpt lat="46.266740" lon="11.830584"><ele>2491.4</ele></trkpt>
   <trkpt lat="46.266748" lon="11.830553"><ele>2491.0</ele></trkpt>
   <trkpt lat="46.266754" lon="11.830519"><ele>2490.6</ele></trkpt>
   <trkpt lat="46.266760" lon="11.830486"><ele>2490.2</ele></trkpt>
   <trkpt lat="46.266766" lon="11.830455"><ele>2489.8</ele></trkpt>
   <trkpt lat="46.266769" lon="11.830425"><ele>2489.4</ele></trkpt>
   <trkpt lat="46.266769" lon="11.830393"><ele>2489.0</ele></trkpt>
   <trkpt lat="46.266773" lon="11.830364"><ele>2488.1</ele></trkpt>
   <trkpt lat="46.266780" lon="11.830332"><ele>2487.2</ele></trkpt>
   <trkpt lat="46.266798" lon="11.830293"><ele>2485.4</ele></trkpt>
   <trkpt lat="46.266798" lon="11.830250"><ele>2483.6</ele></trkpt>
   <trkpt lat="46.266812" lon="11.830206"><ele>2481.8</ele></trkpt>
   <trkpt lat="46.266830" lon="11.830160"><ele>2480.0</ele></trkpt>
   <trkpt lat="46.266824" lon="11.830112"><ele>2478.0</ele></trkpt>
   <trkpt lat="46.266821" lon="11.830062"><ele>2476.0</ele></trkpt>
   <trkpt lat="46.266818" lon="11.830015"><ele>2474.0</ele></trkpt>
   <trkpt lat="46.266800" lon="11.829975"><ele>2472.0</ele></trkpt>
   <trkpt lat="46.266773" lon="11.829937"><ele>2470.0</ele></trkpt>
   <trkpt lat="46.266771" lon="11.829907"><ele>2469.2</ele></trkpt>
   <trkpt lat="46.266771" lon="11.829875"><ele>2468.4</ele></trkpt>
   <trkpt lat="46.266753" lon="11.829846"><ele>2466.8</ele></trkpt>
   <trkpt lat="46.266722" lon="11.829840"><ele>2465.2</ele></trkpt>
   <trkpt lat="46.266722" lon="11.829804"><ele>2463.6</ele></trkpt>
   <trkpt lat="46.266740" lon="11.829764"><ele>2462.0</ele></trkpt>
   <trkpt lat="46.266770" lon="11.829753"><ele>2461.2</ele></trkpt>
   <trkpt lat="46.266802" lon="11.829764"><ele>2460.4</ele></trkpt>
   <trkpt lat="46.266830" lon="11.829772"><ele>2459.6</ele></trkpt>
   <trkpt lat="46.266869" lon="11.829770"><ele>2458.8</ele></trkpt>
   <trkpt lat="46.266889" lon="11.829763"><ele>2458.0</ele></trkpt>
   <trkpt lat="46.266874" lon="11.829748"><ele>2457.5</ele></trkpt>
   <trkpt lat="46.266850" lon="11.829735"><ele>2457.0</ele></trkpt>
   <trkpt lat="46.266837" lon="11.829716"><ele>2456.5</ele></trkpt>
   <trkpt lat="46.266854" lon="11.829674"><ele>2455.5</ele></trkpt>
   <trkpt lat="46.266872" lon="11.829660"><ele>2455.0</ele></trkpt>
   <trkpt lat="46.266893" lon="11.829658"><ele>2454.5</ele></trkpt>
   <trkpt lat="46.266913" lon="11.829661"><ele>2454.0</ele></trkpt>
   <trkpt lat="46.266895" lon="11.829622"><ele>2452.4</ele></trkpt>
   <trkpt lat="46.266878" lon="11.829603"><ele>2451.8</ele></trkpt>
   <trkpt lat="46.266862" lon="11.829584"><ele>2451.2</ele></trkpt>
   <trkpt lat="46.266845" lon="11.829563"><ele>2450.7</ele></trkpt>
   <trkpt lat="46.266830" lon="11.829541"><ele>2450.1</ele></trkpt>
   <trkpt lat="46.266816" lon="11.829515"><ele>2449.5</ele></trkpt>
   <trkpt lat="46.266808" lon="11.829491"><ele>2448.9</ele></trkpt>
   <trkpt lat="46.266808" lon="11.829448"><ele>2447.7</ele></trkpt>
   <trkpt lat="46.266794" lon="11.829408"><ele>2446.6</ele></trkpt>
   <trkpt lat="46.266816" lon="11.829390"><ele>2445.6</ele></trkpt>
   <trkpt lat="46.266838" lon="11.829391"><ele>2445.1</ele></trkpt>
   <trkpt lat="46.266860" lon="11.829390"><ele>2444.6</ele></trkpt>
   <trkpt lat="46.266887" lon="11.829392"><ele>2444.0</ele></trkpt>
   <trkpt lat="46.266910" lon="11.829395"><ele>2443.5</ele></trkpt>
   <trkpt lat="46.266892" lon="11.829366"><ele>2442.0</ele></trkpt>
   <trkpt lat="46.266873" lon="11.829345"><ele>2441.5</ele></trkpt>
   <trkpt lat="46.266862" lon="11.829319"><ele>2441.0</ele></trkpt>
   <trkpt lat="46.266858" lon="11.829289"><ele>2440.5</ele></trkpt>
   <trkpt lat="46.266856" lon="11.829259"><ele>2440.0</ele></trkpt>
   <trkpt lat="46.266853" lon="11.829232"><ele>2439.5</ele></trkpt>
   <trkpt lat="46.266880" lon="11.829206"><ele>2438.6</ele></trkpt>
   <trkpt lat="46.266900" lon="11.829180"><ele>2437.6</ele></trkpt>
   <trkpt lat="46.266900" lon="11.829154"><ele>2437.1</ele></trkpt>
   <trkpt lat="46.266926" lon="11.829135"><ele>2436.1</ele></trkpt>
   <trkpt lat="46.266945" lon="11.829150"><ele>2435.6</ele></trkpt>
   <trkpt lat="46.266960" lon="11.829166"><ele>2435.0</ele></trkpt>
   <trkpt lat="46.266980" lon="11.829176"><ele>2434.5</ele></trkpt>
   <trkpt lat="46.267008" lon="11.829176"><ele>2433.5</ele></trkpt>
   <trkpt lat="46.266986" lon="11.829125"><ele>2432.0</ele></trkpt>
   <trkpt lat="46.266977" lon="11.829099"><ele>2431.6</ele></trkpt>
   <trkpt lat="46.266974" lon="11.829073"><ele>2431.2</ele></trkpt>
   <trkpt lat="46.266968" lon="11.829046"><ele>2430.8</ele></trkpt>
   <trkpt lat="46.266966" lon="11.829020"><ele>2430.4</ele></trkpt>
   <trkpt lat="46.266986" lon="11.829006"><ele>2429.6</ele></trkpt>
   <trkpt lat="46.267004" lon="11.829030"><ele>2429.2</ele></trkpt>
   <trkpt lat="46.267022" lon="11.829055"><ele>2428.8</ele></trkpt>
   <trkpt lat="46.267038" lon="11.829075"><ele>2428.4</ele></trkpt>
   <trkpt lat="46.267038" lon="11.829024"><ele>2426.8</ele></trkpt>
   <trkpt lat="46.267034" lon="11.828990"><ele>2426.4</ele></trkpt>
   <trkpt lat="46.267030" lon="11.828956"><ele>2426.0</ele></trkpt>
   <trkpt lat="46.267025" lon="11.828920"><ele>2425.6</ele></trkpt>
   <trkpt lat="46.267026" lon="11.828889"><ele>2425.2</ele></trkpt>
   <trkpt lat="46.267032" lon="11.828863"><ele>2424.8</ele></trkpt>
   <trkpt lat="46.267048" lon="11.828825"><ele>2424.0</ele></trkpt>
   <trkpt lat="46.267070" lon="11.828854"><ele>2423.2</ele></trkpt>
   <trkpt lat="46.267088" lon="11.828826"><ele>2422.0</ele></trkpt>
   <trkpt lat="46.267085" lon="11.828794"><ele>2421.6</ele></trkpt>
   <trkpt lat="46.267079" lon="11.828761"><ele>2421.2</ele></trkpt>
   <trkpt lat="46.267078" lon="11.828734"><ele>2420.8</ele></trkpt>
   <trkpt lat="46.267055" lon="11.828698"><ele>2420.0</ele></trkpt>
   <trkpt lat="46.267021" lon="11.828718"><ele>2419.2</ele></trkpt>
   <trkpt lat="46.267004" lon="11.828737"><ele>2418.8</ele></trkpt>
   <trkpt lat="46.266983" lon="11.828751"><ele>2418.4</ele></trkpt>
   <trkpt lat="46.266961" lon="11.828760"><ele>2418.0</ele></trkpt>
   <trkpt lat="46.266939" lon="11.828775"><ele>2417.6</ele></trkpt>
   <trkpt lat="46.266919" lon="11.828792"><ele>2417.2</ele></trkpt>
   <trkpt lat="46.266900" lon="11.828775"><ele>2416.4</ele></trkpt>
   <trkpt lat="46.266915" lon="11.828746"><ele>2416.0</ele></trkpt>
   <trkpt lat="46.266933" lon="11.828720"><ele>2415.5</ele></trkpt>
   <trkpt lat="46.266953" lon="11.828695"><ele>2415.0</ele></trkpt>
   <trkpt lat="46.266968" lon="11.828672"><ele>2414.5</ele></trkpt>
   <trkpt lat="46.266937" lon="11.828688"><ele>2413.0</ele></trkpt>
   <trkpt lat="46.266916" lon="11.828704"><ele>2412.5</ele></trkpt>
   <trkpt lat="46.266895" lon="11.828682"><ele>2411.5</ele></trkpt>
   <trkpt lat="46.266913" lon="11.828658"><ele>2411.0</ele></trkpt>
   <trkpt lat="46.266932" lon="11.828634"><ele>2410.5</ele></trkpt>
   <trkpt lat="46.266951" lon="11.828614"><ele>2410.0</ele></trkpt>
   <trkpt lat="46.266963" lon="11.828594"><ele>2409.6</ele></trkpt>
   <trkpt lat="46.266938" lon="11.828614"><ele>2408.1</ele></trkpt>
   <trkpt lat="46.266922" lon="11.828628"><ele>2407.6</ele></trkpt>
   <trkpt lat="46.266926" lon="11.828596"><ele>2406.6</ele></trkpt>
   <trkpt lat="46.266939" lon="11.828564"><ele>2406.1</ele></trkpt>
   <trkpt lat="46.266950" lon="11.828530"><ele>2405.7</ele></trkpt>
   <trkpt lat="46.266964" lon="11.828500"><ele>2405.3</ele></trkpt>
   <trkpt lat="46.266981" lon="11.828480"><ele>2404.9</ele></trkpt>
   <trkpt lat="46.266999" lon="11.828464"><ele>2404.5</ele></trkpt>
   <trkpt lat="46.267023" lon="11.828438"><ele>2403.6</ele></trkpt>
   <trkpt lat="46.267004" lon="11.828446"><ele>2402.8</ele></trkpt>
   <trkpt lat="46.266981" lon="11.828462"><ele>2402.4</ele></trkpt>
   <trkpt lat="46.266962" lon="11.828471"><ele>2402.0</ele></trkpt>
   <trkpt lat="46.266933" lon="11.828506"><ele>2401.0</ele></trkpt>
   <trkpt lat="46.266917" lon="11.828490"><ele>2400.0</ele></trkpt>
   <trkpt lat="46.266929" lon="11.828449"><ele>2399.0</ele></trkpt>
   <trkpt lat="46.266941" lon="11.828408"><ele>2398.0</ele></trkpt>
   <trkpt lat="46.266958" lon="11.828362"><ele>2397.0</ele></trkpt>
   <trkpt lat="46.266983" lon="11.828330"><ele>2395.8</ele></trkpt>
   <trkpt lat="46.267011" lon="11.828309"><ele>2394.6</ele></trkpt>
   <trkpt lat="46.267049" lon="11.828308"><ele>2393.4</ele></trkpt>
   <trkpt lat="46.267051" lon="11.828277"><ele>2391.6</ele></trkpt>
   <trkpt lat="46.267045" lon="11.828237"><ele>2390.4</ele></trkpt>
   <trkpt lat="46.267081" lon="11.828244"><ele>2389.2</ele></trkpt>
   <trkpt lat="46.267106" lon="11.828259"><ele>2388.6</ele></trkpt>
   <trkpt lat="46.267128" lon="11.828265"><ele>2388.0</ele></trkpt>
   <trkpt lat="46.267129" lon="11.828216"><ele>2386.2</ele></trkpt>
   <trkpt lat="46.267165" lon="11.828216"><ele>2385.0</ele></trkpt>
   <trkpt lat="46.267186" lon="11.828229"><ele>2384.6</ele></trkpt>
   <trkpt lat="46.267203" lon="11.828210"><ele>2383.8</ele></trkpt>
   <trkpt lat="46.267227" lon="11.828206"><ele>2383.0</ele></trkpt>
   <trkpt lat="46.267246" lon="11.828196"><ele>2382.2</ele></trkpt>
   <trkpt lat="46.267231" lon="11.828160"><ele>2381.4</ele></trkpt>
   <trkpt lat="46.267214" lon="11.828140"><ele>2381.0</ele></trkpt>
   <trkpt lat="46.267196" lon="11.828112"><ele>2380.4</ele></trkpt>
   <trkpt lat="46.267184" lon="11.828079"><ele>2379.8</ele></trkpt>
   <trkpt lat="46.267176" lon="11.828045"><ele>2379.2</ele></trkpt>
   <trkpt lat="46.267167" lon="11.828019"><ele>2378.6</ele></trkpt>
   <trkpt lat="46.267184" lon="11.827997"><ele>2376.8</ele></trkpt>
   <trkpt lat="46.267174" lon="11.827954"><ele>2375.6</ele></trkpt>
   <trkpt lat="46.267152" lon="11.827949"><ele>2375.0</ele></trkpt>
   <trkpt lat="46.267133" lon="11.827960"><ele>2374.4</ele></trkpt>
   <trkpt lat="46.267115" lon="11.827976"><ele>2373.8</ele></trkpt>
   <trkpt lat="46.267095" lon="11.827997"><ele>2373.2</ele></trkpt>
   <trkpt lat="46.267070" lon="11.828018"><ele>2372.6</ele></trkpt>
   <trkpt lat="46.267045" lon="11.828033"><ele>2372.0</ele></trkpt>
   <trkpt lat="46.267026" lon="11.828033"><ele>2371.4</ele></trkpt>
   <trkpt lat="46.267049" lon="11.827983"><ele>2370.2</ele></trkpt>
   <trkpt lat="46.267066" lon="11.827944"><ele>2369.6</ele></trkpt>
   <trkpt lat="46.267081" lon="11.827903"><ele>2369.0</ele></trkpt>
   <trkpt lat="46.267091" lon="11.827863"><ele>2368.6</ele></trkpt>
   <trkpt lat="46.267101" lon="11.827821"><ele>2368.2</ele></trkpt>
   <trkpt lat="46.267110" lon="11.827775"><ele>2367.8</ele></trkpt>
   <trkpt lat="46.267123" lon="11.827736"><ele>2367.4</ele></trkpt>
   <trkpt lat="46.267136" lon="11.827708"><ele>2367.0</ele></trkpt>
   <trkpt lat="46.267108" lon="11.827725"><ele>2365.8</ele></trkpt>
   <trkpt lat="46.267086" lon="11.827751"><ele>2365.4</ele></trkpt>
   <trkpt lat="46.267061" lon="11.827776"><ele>2365.0</ele></trkpt>
   <trkpt lat="46.267037" lon="11.827802"><ele>2364.5</ele></trkpt>
   <trkpt lat="46.267013" lon="11.827833"><ele>2364.0</ele></trkpt>
   <trkpt lat="46.266989" lon="11.827862"><ele>2363.5</ele></trkpt>
   <trkpt lat="46.266967" lon="11.827887"><ele>2363.0</ele></trkpt>
   <trkpt lat="46.266943" lon="11.827911"><ele>2362.5</ele></trkpt>
   <trkpt lat="46.266916" lon="11.827939"><ele>2362.0</ele></trkpt>
   <trkpt lat="46.266892" lon="11.827966"><ele>2361.5</ele></trkpt>
   <trkpt lat="46.266869" lon="11.827993"><ele>2361.0</ele></trkpt>
   <trkpt lat="46.266844" lon="11.828015"><ele>2360.5</ele></trkpt>
   <trkpt lat="46.266823" lon="11.828038"><ele>2360.0</ele></trkpt>
   <trkpt lat="46.266798" lon="11.828056"><ele>2359.7</ele></trkpt>
   <trkpt lat="46.266774" lon="11.828077"><ele>2359.4</ele></trkpt>
   <trkpt lat="46.266747" lon="11.828093"><ele>2359.1</ele></trkpt>
   <trkpt lat="46.266726" lon="11.828106"><ele>2358.9</ele></trkpt>
   <trkpt lat="46.266706" lon="11.828097"><ele>2358.6</ele></trkpt>
   <trkpt lat="46.266707" lon="11.828068"><ele>2358.3</ele></trkpt>
   <trkpt lat="46.266723" lon="11.828035"><ele>2358.0</ele></trkpt>
   <trkpt lat="46.266736" lon="11.828003"><ele>2357.7</ele></trkpt>
   <trkpt lat="46.266744" lon="11.827971"><ele>2357.4</ele></trkpt>
   <trkpt lat="46.266751" lon="11.827937"><ele>2357.2</ele></trkpt>
   <trkpt lat="46.266763" lon="11.827905"><ele>2356.8</ele></trkpt>
   <trkpt lat="46.266770" lon="11.827869"><ele>2356.4</ele></trkpt>
   <trkpt lat="46.266781" lon="11.827838"><ele>2356.0</ele></trkpt>
   <trkpt lat="46.266791" lon="11.827812"><ele>2355.5</ele></trkpt>
   <trkpt lat="46.266798" lon="11.827784"><ele>2355.1</ele></trkpt>
   <trkpt lat="46.266805" lon="11.827748"><ele>2354.7</ele></trkpt>
   <trkpt lat="46.266815" lon="11.827710"><ele>2354.3</ele></trkpt>
   <trkpt lat="46.266827" lon="11.827676"><ele>2353.8</ele></trkpt>
   <trkpt lat="46.266837" lon="11.827640"><ele>2353.4</ele></trkpt>
   <trkpt lat="46.266849" lon="11.827607"><ele>2353.0</ele></trkpt>
   <trkpt lat="46.266865" lon="11.827573"><ele>2352.7</ele></trkpt>
   <trkpt lat="46.266881" lon="11.827547"><ele>2352.4</ele></trkpt>
   <trkpt lat="46.266890" lon="11.827519"><ele>2352.1</ele></trkpt>
   <trkpt lat="46.266901" lon="11.827491"><ele>2351.9</ele></trkpt>
   <trkpt lat="46.266913" lon="11.827459"><ele>2351.6</ele></trkpt>
   <trkpt lat="46.266929" lon="11.827431"><ele>2351.3</ele></trkpt>
   <trkpt lat="46.266943" lon="11.827399"><ele>2351.0</ele></trkpt>
   <trkpt lat="46.266959" lon="11.827367"><ele>2350.7</ele></trkpt>
   <trkpt lat="46.266976" lon="11.827333"><ele>2350.4</ele></trkpt>
   <trkpt lat="46.266991" lon="11.827299"><ele>2350.1</ele></trkpt>
   <trkpt lat="46.266999" lon="11.827272"><ele>2349.4</ele></trkpt>
   <trkpt lat="46.266997" lon="11.827245"><ele>2348.4</ele></trkpt>
   <trkpt lat="46.266995" lon="11.827212"><ele>2347.4</ele></trkpt>
   <trkpt lat="46.267006" lon="11.827179"><ele>2346.3</ele></trkpt>
   <trkpt lat="46.267013" lon="11.827143"><ele>2345.3</ele></trkpt>
   <trkpt lat="46.267018" lon="11.827109"><ele>2344.2</ele></trkpt>
   <trkpt lat="46.267030" lon="11.827087"><ele>2343.2</ele></trkpt>
   <trkpt lat="46.267041" lon="11.827063"><ele>2342.1</ele></trkpt>
   <trkpt lat="46.267053" lon="11.827038"><ele>2341.1</ele></trkpt>
   <trkpt lat="46.267069" lon="11.827013"><ele>2340.0</ele></trkpt>
   <trkpt lat="46.267086" lon="11.826989"><ele>2339.3</ele></trkpt>
   <trkpt lat="46.267113" lon="11.826979"><ele>2338.6</ele></trkpt>
   <trkpt lat="46.267142" lon="11.826978"><ele>2338.0</ele></trkpt>
   <trkpt lat="46.267167" lon="11.826983"><ele>2337.3</ele></trkpt>
   <trkpt lat="46.267187" lon="11.826988"><ele>2336.6</ele></trkpt>
   <trkpt lat="46.267204" lon="11.827001"><ele>2335.9</ele></trkpt>
   <trkpt lat="46.267219" lon="11.827027"><ele>2335.2</ele></trkpt>
   <trkpt lat="46.267235" lon="11.827065"><ele>2334.6</ele></trkpt>
   <trkpt lat="46.267253" lon="11.827103"><ele>2333.9</ele></trkpt>
   <trkpt lat="46.267268" lon="11.827137"><ele>2333.2</ele></trkpt>
   <trkpt lat="46.267282" lon="11.827170"><ele>2332.7</ele></trkpt>
   <trkpt lat="46.267296" lon="11.827198"><ele>2332.3</ele></trkpt>
   <trkpt lat="46.267312" lon="11.827224"><ele>2331.9</ele></trkpt>
   <trkpt lat="46.267330" lon="11.827245"><ele>2331.5</ele></trkpt>
   <trkpt lat="46.267351" lon="11.827262"><ele>2331.1</ele></trkpt>
   <trkpt lat="46.267375" lon="11.827286"><ele>2330.6</ele></trkpt>
   <trkpt lat="46.267394" lon="11.827315"><ele>2330.2</ele></trkpt>
   <trkpt lat="46.267409" lon="11.827349"><ele>2329.8</ele></trkpt>
   <trkpt lat="46.267421" lon="11.827390"><ele>2329.4</ele></trkpt>
   <trkpt lat="46.267432" lon="11.827430"><ele>2329.0</ele></trkpt>
   <trkpt lat="46.267445" lon="11.827471"><ele>2328.6</ele></trkpt>
   <trkpt lat="46.267455" lon="11.827512"><ele>2328.2</ele></trkpt>
   <trkpt lat="46.267472" lon="11.827562"><ele>2327.8</ele></trkpt>
   <trkpt lat="46.267489" lon="11.827609"><ele>2327.4</ele></trkpt>
   <trkpt lat="46.267504" lon="11.827647"><ele>2327.0</ele></trkpt>
   <trkpt lat="46.267522" lon="11.827677"><ele>2326.6</ele></trkpt>
   <trkpt lat="46.267535" lon="11.827700"><ele>2326.2</ele></trkpt>
   <trkpt lat="46.267594" lon="11.827714"><ele>2321.6</ele></trkpt>
   <trkpt lat="46.267609" lon="11.827739"><ele>2321.2</ele></trkpt>
   <trkpt lat="46.267623" lon="11.827767"><ele>2320.8</ele></trkpt>
   <trkpt lat="46.267632" lon="11.827803"><ele>2320.4</ele></trkpt>
   <trkpt lat="46.267638" lon="11.827844"><ele>2320.0</ele></trkpt>
   <trkpt lat="46.267648" lon="11.827883"><ele>2319.6</ele></trkpt>
   <trkpt lat="46.267654" lon="11.827921"><ele>2319.2</ele></trkpt>
   <trkpt lat="46.267666" lon="11.827950"><ele>2318.8</ele></trkpt>
   <trkpt lat="46.267678" lon="11.827985"><ele>2318.4</ele></trkpt>
   <trkpt lat="46.267690" lon="11.828022"><ele>2318.0</ele></trkpt>
   <trkpt lat="46.267698" lon="11.828065"><ele>2317.5</ele></trkpt>
   <trkpt lat="46.267707" lon="11.828108"><ele>2317.0</ele></trkpt>
   <trkpt lat="46.267718" lon="11.828145"><ele>2316.5</ele></trkpt>
   <trkpt lat="46.267729" lon="11.828184"><ele>2316.0</ele></trkpt>
   <trkpt lat="46.267747" lon="11.828214"><ele>2315.5</ele></trkpt>
   <trkpt lat="46.267768" lon="11.828247"><ele>2315.0</ele></trkpt>
   <trkpt lat="46.267789" lon="11.828278"><ele>2314.5</ele></trkpt>
   <trkpt lat="46.267806" lon="11.828309"><ele>2314.0</ele></trkpt>
   <trkpt lat="46.267872" lon="11.828423"><ele>2312.2</ele></trkpt>
   <trkpt lat="46.267900" lon="11.828500"><ele>2311.4</ele></trkpt>
   <trkpt lat="46.267912" lon="11.828537"><ele>2311.0</ele></trkpt>
   <trkpt lat="46.267931" lon="11.828570"><ele>2310.6</ele></trkpt>
   <trkpt lat="46.267945" lon="11.828600"><ele>2310.2</ele></trkpt>
   <trkpt lat="46.267958" lon="11.828627"><ele>2309.8</ele></trkpt>
   <trkpt lat="46.267971" lon="11.828649"><ele>2309.4</ele></trkpt>
   <trkpt lat="46.267982" lon="11.828677"><ele>2309.0</ele></trkpt>
   <trkpt lat="46.267994" lon="11.828703"><ele>2308.6</ele></trkpt>
   <trkpt lat="46.268007" lon="11.828725"><ele>2308.2</ele></trkpt>
   <trkpt lat="46.268067" lon="11.828853"><ele>2306.2</ele></trkpt>
   <trkpt lat="46.268161" lon="11.828936"><ele>2304.2</ele></trkpt>
   <trkpt lat="46.268248" lon="11.829053"><ele>2302.6</ele></trkpt>
   <trkpt lat="46.268292" lon="11.829118"><ele>2301.4</ele></trkpt>
   <trkpt lat="46.268368" lon="11.829179"><ele>2300.1</ele></trkpt>
   <trkpt lat="46.268390" lon="11.829195"><ele>2299.8</ele></trkpt>
   <trkpt lat="46.268411" lon="11.829212"><ele>2299.5</ele></trkpt>
   <trkpt lat="46.268432" lon="11.829223"><ele>2299.2</ele></trkpt>
   <trkpt lat="46.268474" lon="11.829225"><ele>2298.7</ele></trkpt>
   <trkpt lat="46.268498" lon="11.829220"><ele>2298.4</ele></trkpt>
   <trkpt lat="46.268530" lon="11.829207"><ele>2298.1</ele></trkpt>
   <trkpt lat="46.268560" lon="11.829191"><ele>2297.9</ele></trkpt>
   <trkpt lat="46.268585" lon="11.829173"><ele>2297.6</ele></trkpt>
   <trkpt lat="46.268604" lon="11.829148"><ele>2297.4</ele></trkpt>
   <trkpt lat="46.268628" lon="11.829140"><ele>2297.2</ele></trkpt>
   <trkpt lat="46.268657" lon="11.829122"><ele>2297.0</ele></trkpt>
   <trkpt lat="46.268682" lon="11.829096"><ele>2296.8</ele></trkpt>
   <trkpt lat="46.268702" lon="11.829074"><ele>2296.6</ele></trkpt>
   <trkpt lat="46.268723" lon="11.829044"><ele>2296.4</ele></trkpt>
   <trkpt lat="46.268741" lon="11.829015"><ele>2296.2</ele></trkpt>
   <trkpt lat="46.268762" lon="11.828987"><ele>2296.0</ele></trkpt>
   <trkpt lat="46.268784" lon="11.828969"><ele>2295.6</ele></trkpt>
   <trkpt lat="46.268809" lon="11.828954"><ele>2295.2</ele></trkpt>
   <trkpt lat="46.268835" lon="11.828950"><ele>2294.8</ele></trkpt>
   <trkpt lat="46.268861" lon="11.828946"><ele>2294.4</ele></trkpt>
   <trkpt lat="46.268892" lon="11.828942"><ele>2294.0</ele></trkpt>
   <trkpt lat="46.268923" lon="11.828944"><ele>2293.6</ele></trkpt>
   <trkpt lat="46.268956" lon="11.828947"><ele>2293.2</ele></trkpt>
   <trkpt lat="46.268987" lon="11.828947"><ele>2292.8</ele></trkpt>
   <trkpt lat="46.269017" lon="11.828943"><ele>2292.4</ele></trkpt>
   <trkpt lat="46.269046" lon="11.828947"><ele>2292.0</ele></trkpt>
   <trkpt lat="46.269071" lon="11.828943"><ele>2291.6</ele></trkpt>
   <trkpt lat="46.269097" lon="11.828929"><ele>2291.2</ele></trkpt>
   <trkpt lat="46.269123" lon="11.828919"><ele>2290.8</ele></trkpt>
   <trkpt lat="46.269152" lon="11.828919"><ele>2290.4</ele></trkpt>
   <trkpt lat="46.269188" lon="11.828919"><ele>2290.0</ele></trkpt>
   <trkpt lat="46.269218" lon="11.828919"><ele>2289.6</ele></trkpt>
   <trkpt lat="46.269248" lon="11.828924"><ele>2289.2</ele></trkpt>
   <trkpt lat="46.269277" lon="11.828933"><ele>2288.8</ele></trkpt>
   <trkpt lat="46.269302" lon="11.828930"><ele>2288.4</ele></trkpt>
   <trkpt lat="46.269320" lon="11.828908"><ele>2288.0</ele></trkpt>
   <trkpt lat="46.269343" lon="11.828886"><ele>2287.6</ele></trkpt>
   <trkpt lat="46.269370" lon="11.828880"><ele>2287.2</ele></trkpt>
   <trkpt lat="46.269400" lon="11.828891"><ele>2286.8</ele></trkpt>
   <trkpt lat="46.269429" lon="11.828898"><ele>2286.4</ele></trkpt>
   <trkpt lat="46.269452" lon="11.828900"><ele>2286.0</ele></trkpt>
   <trkpt lat="46.269482" lon="11.828874"><ele>2285.2</ele></trkpt>
   <trkpt lat="46.269500" lon="11.828858"><ele>2284.8</ele></trkpt>
   <trkpt lat="46.269518" lon="11.828835"><ele>2284.4</ele></trkpt>
   <trkpt lat="46.269533" lon="11.828811"><ele>2284.0</ele></trkpt>
   <trkpt lat="46.269551" lon="11.828796"><ele>2283.6</ele></trkpt>
   <trkpt lat="46.269570" lon="11.828780"><ele>2283.2</ele></trkpt>
   <trkpt lat="46.269585" lon="11.828756"><ele>2282.8</ele></trkpt>
   <trkpt lat="46.269595" lon="11.828734"><ele>2282.4</ele></trkpt>
   <trkpt lat="46.269604" lon="11.828703"><ele>2282.0</ele></trkpt>
   <trkpt lat="46.269621" lon="11.828654"><ele>2281.2</ele></trkpt>
   <trkpt lat="46.269629" lon="11.828626"><ele>2280.8</ele></trkpt>
   <trkpt lat="46.269639" lon="11.828598"><ele>2280.4</ele></trkpt>
   <trkpt lat="46.269649" lon="11.828572"><ele>2280.0</ele></trkpt>
   <trkpt lat="46.269660" lon="11.828539"><ele>2279.7</ele></trkpt>
   <trkpt lat="46.269671" lon="11.828503"><ele>2279.4</ele></trkpt>
   <trkpt lat="46.269737" lon="11.828409"><ele>2278.0</ele></trkpt>
   <trkpt lat="46.269751" lon="11.828382"><ele>2277.7</ele></trkpt>
   <trkpt lat="46.269766" lon="11.828358"><ele>2277.4</ele></trkpt>
   <trkpt lat="46.269777" lon="11.828331"><ele>2277.1</ele></trkpt>
   <trkpt lat="46.269788" lon="11.828300"><ele>2276.8</ele></trkpt>
   <trkpt lat="46.269798" lon="11.828265"><ele>2276.5</ele></trkpt>
   <trkpt lat="46.269810" lon="11.828238"><ele>2276.2</ele></trkpt>
   <trkpt lat="46.269825" lon="11.828207"><ele>2275.9</ele></trkpt>
   <trkpt lat="46.269841" lon="11.828177"><ele>2275.6</ele></trkpt>
   <trkpt lat="46.269854" lon="11.828148"><ele>2275.2</ele></trkpt>
   <trkpt lat="46.269870" lon="11.828125"><ele>2274.9</ele></trkpt>
   <trkpt lat="46.269889" lon="11.828100"><ele>2274.6</ele></trkpt>
   <trkpt lat="46.269911" lon="11.828078"><ele>2274.3</ele></trkpt>
   <trkpt lat="46.269931" lon="11.828048"><ele>2274.0</ele></trkpt>
   <trkpt lat="46.269952" lon="11.828022"><ele>2273.3</ele></trkpt>
   <trkpt lat="46.269975" lon="11.828001"><ele>2272.6</ele></trkpt>
   <trkpt lat="46.270008" lon="11.827986"><ele>2271.9</ele></trkpt>
   <trkpt lat="46.270038" lon="11.827969"><ele>2271.2</ele></trkpt>
   <trkpt lat="46.270071" lon="11.827963"><ele>2270.6</ele></trkpt>
   <trkpt lat="46.270102" lon="11.827981"><ele>2269.9</ele></trkpt>
   <trkpt lat="46.270124" lon="11.827987"><ele>2269.2</ele></trkpt>
   <trkpt lat="46.270144" lon="11.828000"><ele>2268.5</ele></trkpt>
   <trkpt lat="46.270164" lon="11.828043"><ele>2267.8</ele></trkpt>
   <trkpt lat="46.270173" lon="11.828094"><ele>2267.1</ele></trkpt>
   <trkpt lat="46.270174" lon="11.828150"><ele>2266.4</ele></trkpt>
   <trkpt lat="46.270181" lon="11.828204"><ele>2265.7</ele></trkpt>
   <trkpt lat="46.270211" lon="11.828346"><ele>2262.8</ele></trkpt>
   <trkpt lat="46.270256" lon="11.828433"><ele>2260.7</ele></trkpt>
   <trkpt lat="46.270267" lon="11.828468"><ele>2260.0</ele></trkpt>
   <trkpt lat="46.270281" lon="11.828500"><ele>2259.5</ele></trkpt>
   <trkpt lat="46.270292" lon="11.828533"><ele>2259.0</ele></trkpt>
   <trkpt lat="46.270307" lon="11.828568"><ele>2258.5</ele></trkpt>
   <trkpt lat="46.270319" lon="11.828592"><ele>2258.0</ele></trkpt>
   <trkpt lat="46.270339" lon="11.828619"><ele>2257.5</ele></trkpt>
   <trkpt lat="46.270364" lon="11.828674"><ele>2256.0</ele></trkpt>
   <trkpt lat="46.270382" lon="11.828686"><ele>2254.5</ele></trkpt>
   <trkpt lat="46.270400" lon="11.828662"><ele>2253.5</ele></trkpt>
   <trkpt lat="46.270415" lon="11.828640"><ele>2253.0</ele></trkpt>
   <trkpt lat="46.270432" lon="11.828622"><ele>2252.5</ele></trkpt>
   <trkpt lat="46.270455" lon="11.828612"><ele>2252.0</ele></trkpt>
   <trkpt lat="46.270475" lon="11.828599"><ele>2251.5</ele></trkpt>
   <trkpt lat="46.270500" lon="11.828592"><ele>2251.0</ele></trkpt>
   <trkpt lat="46.270525" lon="11.828591"><ele>2250.5</ele></trkpt>
   <trkpt lat="46.270572" lon="11.828591"><ele>2249.6</ele></trkpt>
   <trkpt lat="46.270593" lon="11.828576"><ele>2249.4</ele></trkpt>
   <trkpt lat="46.270614" lon="11.828573"><ele>2249.2</ele></trkpt>
   <trkpt lat="46.270645" lon="11.828573"><ele>2248.8</ele></trkpt>
   <trkpt lat="46.270652" lon="11.828534"><ele>2248.4</ele></trkpt>
   <trkpt lat="46.270712" lon="11.828432"><ele>2246.8</ele></trkpt>
   <trkpt lat="46.270777" lon="11.828398"><ele>2246.1</ele></trkpt>
   <trkpt lat="46.270830" lon="11.828394"><ele>2245.6</ele></trkpt>
   <trkpt lat="46.270859" lon="11.828399"><ele>2245.4</ele></trkpt>
   <trkpt lat="46.270883" lon="11.828410"><ele>2245.2</ele></trkpt>
   <trkpt lat="46.270909" lon="11.828418"><ele>2245.0</ele></trkpt>
   <trkpt lat="46.270934" lon="11.828422"><ele>2244.8</ele></trkpt>
   <trkpt lat="46.270972" lon="11.828367"><ele>2244.4</ele></trkpt>
   <trkpt lat="46.270996" lon="11.828337"><ele>2244.2</ele></trkpt>
   <trkpt lat="46.271019" lon="11.828309"><ele>2244.0</ele></trkpt>
   <trkpt lat="46.271040" lon="11.828286"><ele>2243.9</ele></trkpt>
   <trkpt lat="46.271061" lon="11.828261"><ele>2243.8</ele></trkpt>
   <trkpt lat="46.271080" lon="11.828246"><ele>2243.7</ele></trkpt>
   <trkpt lat="46.271108" lon="11.828252"><ele>2243.4</ele></trkpt>
   <trkpt lat="46.271127" lon="11.828274"><ele>2243.2</ele></trkpt>
   <trkpt lat="46.271144" lon="11.828295"><ele>2242.9</ele></trkpt>
   <trkpt lat="46.271160" lon="11.828312"><ele>2242.6</ele></trkpt>
   <trkpt lat="46.271185" lon="11.828311"><ele>2242.3</ele></trkpt>
   <trkpt lat="46.271207" lon="11.828313"><ele>2242.0</ele></trkpt>
   <trkpt lat="46.271225" lon="11.828319"><ele>2242.3</ele></trkpt>
   <trkpt lat="46.271254" lon="11.828322"><ele>2242.6</ele></trkpt>
   <trkpt lat="46.271280" lon="11.828324"><ele>2242.9</ele></trkpt>
   <trkpt lat="46.271302" lon="11.828339"><ele>2243.2</ele></trkpt>
   <trkpt lat="46.271320" lon="11.828345"><ele>2243.5</ele></trkpt>
   <trkpt lat="46.271338" lon="11.828321"><ele>2243.8</ele></trkpt>
   <trkpt lat="46.271348" lon="11.828298"><ele>2243.9</ele></trkpt>
   <trkpt lat="46.271364" lon="11.828287"><ele>2244.0</ele></trkpt>
   <trkpt lat="46.271396" lon="11.828283"><ele>2243.8</ele></trkpt>
   <trkpt lat="46.271415" lon="11.828277"><ele>2243.6</ele></trkpt>
   <trkpt lat="46.271431" lon="11.828258"><ele>2243.4</ele></trkpt>
   <trkpt lat="46.271452" lon="11.828239"><ele>2243.2</ele></trkpt>
   <trkpt lat="46.271462" lon="11.828207"><ele>2243.0</ele></trkpt>
   <trkpt lat="46.271466" lon="11.828176"><ele>2242.7</ele></trkpt>
   <trkpt lat="46.271456" lon="11.828136"><ele>2242.5</ele></trkpt>
   <trkpt lat="46.271452" lon="11.828099"><ele>2242.3</ele></trkpt>
   <trkpt lat="46.271453" lon="11.828070"><ele>2242.2</ele></trkpt>
   <trkpt lat="46.271466" lon="11.828029"><ele>2242.0</ele></trkpt>
   <trkpt lat="46.271466" lon="11.827987"><ele>2241.4</ele></trkpt>
   <trkpt lat="46.271456" lon="11.827953"><ele>2240.8</ele></trkpt>
   <trkpt lat="46.271463" lon="11.827911"><ele>2240.2</ele></trkpt>
   <trkpt lat="46.271450" lon="11.827867"><ele>2239.6</ele></trkpt>
   <trkpt lat="46.271438" lon="11.827836"><ele>2239.3</ele></trkpt>
   <trkpt lat="46.271426" lon="11.827803"><ele>2239.0</ele></trkpt>
   <trkpt lat="46.271418" lon="11.827764"><ele>2238.6</ele></trkpt>
   <trkpt lat="46.271417" lon="11.827716"><ele>2238.2</ele></trkpt>
   <trkpt lat="46.271426" lon="11.827672"><ele>2237.8</ele></trkpt>
   <trkpt lat="46.271442" lon="11.827626"><ele>2237.4</ele></trkpt>
   <trkpt lat="46.271464" lon="11.827594"><ele>2237.0</ele></trkpt>
   <trkpt lat="46.271488" lon="11.827564"><ele>2236.6</ele></trkpt>
   <trkpt lat="46.271510" lon="11.827536"><ele>2236.2</ele></trkpt>
   <trkpt lat="46.271528" lon="11.827503"><ele>2235.8</ele></trkpt>
   <trkpt lat="46.271553" lon="11.827480"><ele>2235.4</ele></trkpt>
   <trkpt lat="46.271575" lon="11.827453"><ele>2235.0</ele></trkpt>
   <trkpt lat="46.271595" lon="11.827428"><ele>2234.6</ele></trkpt>
   <trkpt lat="46.271617" lon="11.827406"><ele>2234.2</ele></trkpt>
   <trkpt lat="46.271639" lon="11.827389"><ele>2233.8</ele></trkpt>
   <trkpt lat="46.271661" lon="11.827384"><ele>2233.4</ele></trkpt>
   <trkpt lat="46.271629" lon="11.827358"><ele>2232.2</ele></trkpt>
   <trkpt lat="46.271614" lon="11.827334"><ele>2231.4</ele></trkpt>
   <trkpt lat="46.271630" lon="11.827312"><ele>2231.0</ele></trkpt>
   <trkpt lat="46.271648" lon="11.827294"><ele>2230.7</ele></trkpt>
   <trkpt lat="46.271628" lon="11.827270"><ele>2229.8</ele></trkpt>
   <trkpt lat="46.271602" lon="11.827270"><ele>2229.5</ele></trkpt>
   <trkpt lat="46.271575" lon="11.827270"><ele>2229.2</ele></trkpt>
   <trkpt lat="46.271553" lon="11.827274"><ele>2228.9</ele></trkpt>
   <trkpt lat="46.271531" lon="11.827256"><ele>2228.3</ele></trkpt>
   <trkpt lat="46.271542" lon="11.827230"><ele>2228.0</ele></trkpt>
   <trkpt lat="46.271560" lon="11.827204"><ele>2227.6</ele></trkpt>
   <trkpt lat="46.271577" lon="11.827182"><ele>2227.3</ele></trkpt>
   <trkpt lat="46.271594" lon="11.827166"><ele>2226.9</ele></trkpt>
   <trkpt lat="46.271572" lon="11.827146"><ele>2226.1</ele></trkpt>
   <trkpt lat="46.271549" lon="11.827142"><ele>2225.7</ele></trkpt>
   <trkpt lat="46.271527" lon="11.827146"><ele>2225.4</ele></trkpt>
   <trkpt lat="46.271505" lon="11.827156"><ele>2225.0</ele></trkpt>
   <trkpt lat="46.271482" lon="11.827168"><ele>2224.6</ele></trkpt>
   <trkpt lat="46.271459" lon="11.827188"><ele>2224.2</ele></trkpt>
   <trkpt lat="46.271438" lon="11.827214"><ele>2223.8</ele></trkpt>
   <trkpt lat="46.271422" lon="11.827240"><ele>2223.4</ele></trkpt>
   <trkpt lat="46.271401" lon="11.827264"><ele>2223.0</ele></trkpt>
   <trkpt lat="46.271382" lon="11.827278"><ele>2222.5</ele></trkpt>
   <trkpt lat="46.271399" lon="11.827230"><ele>2221.3</ele></trkpt>
   <trkpt lat="46.271405" lon="11.827198"><ele>2220.8</ele></trkpt>
   <trkpt lat="46.271413" lon="11.827166"><ele>2220.4</ele></trkpt>
   <trkpt lat="46.271420" lon="11.827134"><ele>2220.0</ele></trkpt>
   <trkpt lat="46.271411" lon="11.827110"><ele>2219.6</ele></trkpt>
   <trkpt lat="46.271395" lon="11.827134"><ele>2219.4</ele></trkpt>
   <trkpt lat="46.271381" lon="11.827164"><ele>2219.2</ele></trkpt>
   <trkpt lat="46.271364" lon="11.827190"><ele>2219.0</ele></trkpt>
   <trkpt lat="46.271343" lon="11.827211"><ele>2218.8</ele></trkpt>
   <trkpt lat="46.271320" lon="11.827223"><ele>2218.6</ele></trkpt>
   <trkpt lat="46.271298" lon="11.827232"><ele>2218.4</ele></trkpt>
   <trkpt lat="46.271276" lon="11.827236"><ele>2218.3</ele></trkpt>
   <trkpt lat="46.271257" lon="11.827244"><ele>2218.1</ele></trkpt>
   <trkpt lat="46.271244" lon="11.827218"><ele>2217.1</ele></trkpt>
   <trkpt lat="46.271263" lon="11.827188"><ele>2216.6</ele></trkpt>
   <trkpt lat="46.271284" lon="11.827154"><ele>2216.1</ele></trkpt>
   <trkpt lat="46.271302" lon="11.827121"><ele>2215.6</ele></trkpt>
   <trkpt lat="46.271313" lon="11.827096"><ele>2215.1</ele></trkpt>
   <trkpt lat="46.271318" lon="11.827068"><ele>2214.6</ele></trkpt>
   <trkpt lat="46.271320" lon="11.827033"><ele>2214.0</ele></trkpt>
   <trkpt lat="46.271330" lon="11.827009"><ele>2213.5</ele></trkpt>
   <trkpt lat="46.271338" lon="11.826981"><ele>2213.0</ele></trkpt>
   <trkpt lat="46.271349" lon="11.826956"><ele>2212.5</ele></trkpt>
   <trkpt lat="46.271363" lon="11.826934"><ele>2212.0</ele></trkpt>
   <trkpt lat="46.271379" lon="11.826912"><ele>2211.5</ele></trkpt>
   <trkpt lat="46.271393" lon="11.826888"><ele>2211.0</ele></trkpt>
   <trkpt lat="46.271405" lon="11.826860"><ele>2210.5</ele></trkpt>
   <trkpt lat="46.271417" lon="11.826832"><ele>2210.0</ele></trkpt>
   <trkpt lat="46.271430" lon="11.826808"><ele>2209.5</ele></trkpt>
   <trkpt lat="46.271442" lon="11.826780"><ele>2209.0</ele></trkpt>
   <trkpt lat="46.271452" lon="11.826752"><ele>2208.5</ele></trkpt>
   <trkpt lat="46.271461" lon="11.826724"><ele>2208.0</ele></trkpt>
   <trkpt lat="46.271469" lon="11.826692"><ele>2207.6</ele></trkpt>
   <trkpt lat="46.271478" lon="11.826660"><ele>2207.2</ele></trkpt>
   <trkpt lat="46.271488" lon="11.826630"><ele>2206.8</ele></trkpt>
   <trkpt lat="46.271502" lon="11.826604"><ele>2206.4</ele></trkpt>
   <trkpt lat="46.271523" lon="11.826590"><ele>2206.0</ele></trkpt>
   <trkpt lat="46.271547" lon="11.826586"><ele>2205.6</ele></trkpt>
   <trkpt lat="46.271572" lon="11.826587"><ele>2205.2</ele></trkpt>
   <trkpt lat="46.271597" lon="11.826586"><ele>2204.8</ele></trkpt>
   <trkpt lat="46.271620" lon="11.826581"><ele>2204.4</ele></trkpt>
   <trkpt lat="46.271648" lon="11.826584"><ele>2204.0</ele></trkpt>
   <trkpt lat="46.271675" lon="11.826596"><ele>2203.4</ele></trkpt>
   <trkpt lat="46.271694" lon="11.826604"><ele>2202.8</ele></trkpt>
   <trkpt lat="46.271668" lon="11.826574"><ele>2201.0</ele></trkpt>
   <trkpt lat="46.271643" lon="11.826566"><ele>2200.4</ele></trkpt>
   <trkpt lat="46.271619" lon="11.826554"><ele>2199.8</ele></trkpt>
   <trkpt lat="46.271600" lon="11.826540"><ele>2199.2</ele></trkpt>
   <trkpt lat="46.271578" lon="11.826523"><ele>2198.6</ele></trkpt>
   <trkpt lat="46.271555" lon="11.826499"><ele>2198.0</ele></trkpt>
   <trkpt lat="46.271535" lon="11.826470"><ele>2197.6</ele></trkpt>
   <trkpt lat="46.271521" lon="11.826438"><ele>2197.2</ele></trkpt>
   <trkpt lat="46.271507" lon="11.826410"><ele>2196.8</ele></trkpt>
   <trkpt lat="46.271492" lon="11.826394"><ele>2196.4</ele></trkpt>
   <trkpt lat="46.271459" lon="11.826394"><ele>2195.7</ele></trkpt>
   <trkpt lat="46.271441" lon="11.826409"><ele>2195.3</ele></trkpt>
   <trkpt lat="46.271423" lon="11.826424"><ele>2194.9</ele></trkpt>
   <trkpt lat="46.271405" lon="11.826442"><ele>2194.5</ele></trkpt>
   <trkpt lat="46.271387" lon="11.826446"><ele>2194.1</ele></trkpt>
   <trkpt lat="46.271404" lon="11.826401"><ele>2192.9</ele></trkpt>
   <trkpt lat="46.271418" lon="11.826376"><ele>2192.3</ele></trkpt>
   <trkpt lat="46.271428" lon="11.826352"><ele>2191.7</ele></trkpt>
   <trkpt lat="46.271429" lon="11.826311"><ele>2190.5</ele></trkpt>
   <trkpt lat="46.271422" lon="11.826264"><ele>2189.2</ele></trkpt>
   <trkpt lat="46.271405" lon="11.826242"><ele>2188.0</ele></trkpt>
   <trkpt lat="46.271392" lon="11.826264"><ele>2187.7</ele></trkpt>
   <trkpt lat="46.271377" lon="11.826295"><ele>2187.4</ele></trkpt>
   <trkpt lat="46.271359" lon="11.826318"><ele>2187.1</ele></trkpt>
   <trkpt lat="46.271341" lon="11.826329"><ele>2186.8</ele></trkpt>
   <trkpt lat="46.271326" lon="11.826344"><ele>2186.5</ele></trkpt>
   <trkpt lat="46.271309" lon="11.826356"><ele>2186.2</ele></trkpt>
   <trkpt lat="46.271299" lon="11.826318"><ele>2185.6</ele></trkpt>
   <trkpt lat="46.271307" lon="11.826291"><ele>2185.3</ele></trkpt>
   <trkpt lat="46.271313" lon="11.826259"><ele>2185.0</ele></trkpt>
   <trkpt lat="46.271317" lon="11.826224"><ele>2184.6</ele></trkpt>
   <trkpt lat="46.271315" lon="11.826190"><ele>2184.2</ele></trkpt>
   <trkpt lat="46.271318" lon="11.826154"><ele>2183.8</ele></trkpt>
   <trkpt lat="46.271327" lon="11.826118"><ele>2183.4</ele></trkpt>
   <trkpt lat="46.271333" lon="11.826093"><ele>2183.0</ele></trkpt>
   <trkpt lat="46.271313" lon="11.826098"><ele>2182.2</ele></trkpt>
   <trkpt lat="46.271299" lon="11.826118"><ele>2181.8</ele></trkpt>
   <trkpt lat="46.271287" lon="11.826147"><ele>2181.4</ele></trkpt>
   <trkpt lat="46.271274" lon="11.826174"><ele>2181.0</ele></trkpt>
   <trkpt lat="46.271256" lon="11.826197"><ele>2180.6</ele></trkpt>
   <trkpt lat="46.271240" lon="11.826216"><ele>2180.2</ele></trkpt>
   <trkpt lat="46.271225" lon="11.826235"><ele>2179.8</ele></trkpt>
   <trkpt lat="46.271204" lon="11.826243"><ele>2179.0</ele></trkpt>
   <trkpt lat="46.271209" lon="11.826218"><ele>2178.6</ele></trkpt>
   <trkpt lat="46.271218" lon="11.826183"><ele>2178.2</ele></trkpt>
   <trkpt lat="46.271221" lon="11.826149"><ele>2177.8</ele></trkpt>
   <trkpt lat="46.271225" lon="11.826114"><ele>2177.4</ele></trkpt>
   <trkpt lat="46.271230" lon="11.826081"><ele>2177.0</ele></trkpt>
   <trkpt lat="46.271235" lon="11.826054"><ele>2176.6</ele></trkpt>
   <trkpt lat="46.271242" lon="11.826027"><ele>2176.2</ele></trkpt>
   <trkpt lat="46.271246" lon="11.825998"><ele>2175.4</ele></trkpt>
   <trkpt lat="46.271220" lon="11.826034"><ele>2174.6</ele></trkpt>
   <trkpt lat="46.271206" lon="11.826064"><ele>2174.2</ele></trkpt>
   <trkpt lat="46.271194" lon="11.826094"><ele>2173.8</ele></trkpt>
   <trkpt lat="46.271178" lon="11.826121"><ele>2173.4</ele></trkpt>
   <trkpt lat="46.271162" lon="11.826147"><ele>2173.0</ele></trkpt>
   <trkpt lat="46.271148" lon="11.826176"><ele>2172.7</ele></trkpt>
   <trkpt lat="46.271140" lon="11.826207"><ele>2172.4</ele></trkpt>
   <trkpt lat="46.271132" lon="11.826233"><ele>2172.1</ele></trkpt>
   <trkpt lat="46.271115" lon="11.826247"><ele>2171.5</ele></trkpt>
   <trkpt lat="46.271118" lon="11.826213"><ele>2171.2</ele></trkpt>
   <trkpt lat="46.271122" lon="11.826177"><ele>2170.9</ele></trkpt>
   <trkpt lat="46.271132" lon="11.826143"><ele>2170.6</ele></trkpt>
   <trkpt lat="46.271138" lon="11.826109"><ele>2170.3</ele></trkpt>
   <trkpt lat="46.271146" lon="11.826078"><ele>2170.0</ele></trkpt>
   <trkpt lat="46.271152" lon="11.826046"><ele>2169.7</ele></trkpt>
   <trkpt lat="46.271157" lon="11.826017"><ele>2169.4</ele></trkpt>
   <trkpt lat="46.271165" lon="11.825986"><ele>2169.1</ele></trkpt>
   <trkpt lat="46.271172" lon="11.825961"><ele>2168.8</ele></trkpt>
   <trkpt lat="46.271175" lon="11.825933"><ele>2168.5</ele></trkpt>
   <trkpt lat="46.271156" lon="11.825923"><ele>2167.9</ele></trkpt>
   <trkpt lat="46.271139" lon="11.825938"><ele>2167.6</ele></trkpt>
   <trkpt lat="46.271122" lon="11.825952"><ele>2167.3</ele></trkpt>
   <trkpt lat="46.271107" lon="11.825969"><ele>2167.0</ele></trkpt>
   <trkpt lat="46.271087" lon="11.825988"><ele>2166.5</ele></trkpt>
   <trkpt lat="46.271068" lon="11.825981"><ele>2166.0</ele></trkpt>
   <trkpt lat="46.271067" lon="11.825948"><ele>2165.5</ele></trkpt>
   <trkpt lat="46.271080" lon="11.825914"><ele>2165.0</ele></trkpt>
   <trkpt lat="46.271090" lon="11.825883"><ele>2164.5</ele></trkpt>
   <trkpt lat="46.271099" lon="11.825855"><ele>2164.0</ele></trkpt>
   <trkpt lat="46.271094" lon="11.825829"><ele>2163.0</ele></trkpt>
   <trkpt lat="46.271080" lon="11.825847"><ele>2162.5</ele></trkpt>
   <trkpt lat="46.271063" lon="11.825869"><ele>2162.0</ele></trkpt>
   <trkpt lat="46.271048" lon="11.825893"><ele>2161.7</ele></trkpt>
   <trkpt lat="46.271032" lon="11.825920"><ele>2161.4</ele></trkpt>
   <trkpt lat="46.271018" lon="11.825944"><ele>2161.1</ele></trkpt>
   <trkpt lat="46.271006" lon="11.825966"><ele>2160.8</ele></trkpt>
   <trkpt lat="46.270985" lon="11.825944"><ele>2160.2</ele></trkpt>
   <trkpt lat="46.270992" lon="11.825910"><ele>2159.9</ele></trkpt>
   <trkpt lat="46.270997" lon="11.825875"><ele>2159.6</ele></trkpt>
   <trkpt lat="46.270998" lon="11.825838"><ele>2159.3</ele></trkpt>
   <trkpt lat="46.271001" lon="11.825799"><ele>2159.0</ele></trkpt>
   <trkpt lat="46.271003" lon="11.825763"><ele>2158.7</ele></trkpt>
   <trkpt lat="46.271012" lon="11.825730"><ele>2158.4</ele></trkpt>
   <trkpt lat="46.271024" lon="11.825697"><ele>2158.1</ele></trkpt>
   <trkpt lat="46.271043" lon="11.825670"><ele>2157.8</ele></trkpt>
   <trkpt lat="46.271061" lon="11.825643"><ele>2157.5</ele></trkpt>
   <trkpt lat="46.271078" lon="11.825620"><ele>2157.2</ele></trkpt>
   <trkpt lat="46.271092" lon="11.825599"><ele>2156.9</ele></trkpt>
   <trkpt lat="46.271054" lon="11.825597"><ele>2156.0</ele></trkpt>
   <trkpt lat="46.271030" lon="11.825600"><ele>2155.5</ele></trkpt>
   <trkpt lat="46.271005" lon="11.825609"><ele>2155.0</ele></trkpt>
   <trkpt lat="46.270981" lon="11.825624"><ele>2154.5</ele></trkpt>
   <trkpt lat="46.270959" lon="11.825641"><ele>2154.0</ele></trkpt>
   <trkpt lat="46.270939" lon="11.825661"><ele>2153.5</ele></trkpt>
   <trkpt lat="46.270923" lon="11.825683"><ele>2153.0</ele></trkpt>
   <trkpt lat="46.270906" lon="11.825711"><ele>2152.5</ele></trkpt>
   <trkpt lat="46.270891" lon="11.825737"><ele>2152.0</ele></trkpt>
   <trkpt lat="46.270873" lon="11.825717"><ele>2151.0</ele></trkpt>
   <trkpt lat="46.270880" lon="11.825680"><ele>2150.2</ele></trkpt>
   <trkpt lat="46.270886" lon="11.825641"><ele>2149.4</ele></trkpt>
   <trkpt lat="46.270891" lon="11.825604"><ele>2148.7</ele></trkpt>
   <trkpt lat="46.270900" lon="11.825571"><ele>2147.9</ele></trkpt>
   <trkpt lat="46.270920" lon="11.825538"><ele>2147.1</ele></trkpt>
   <trkpt lat="46.270938" lon="11.825507"><ele>2146.4</ele></trkpt>
   <trkpt lat="46.270958" lon="11.825478"><ele>2145.6</ele></trkpt>
   <trkpt lat="46.270980" lon="11.825448"><ele>2144.8</ele></trkpt>
   <trkpt lat="46.271018" lon="11.825387"><ele>2143.3</ele></trkpt>
   <trkpt lat="46.271078" lon="11.825311"><ele>2141.1</ele></trkpt>
   <trkpt lat="46.271100" lon="11.825287"><ele>2140.4</ele></trkpt>
   <trkpt lat="46.271120" lon="11.825260"><ele>2139.6</ele></trkpt>
   <trkpt lat="46.271130" lon="11.825230"><ele>2138.9</ele></trkpt>
   <trkpt lat="46.271139" lon="11.825200"><ele>2138.2</ele></trkpt>
   <trkpt lat="46.271146" lon="11.825169"><ele>2137.4</ele></trkpt>
   <trkpt lat="46.271148" lon="11.825133"><ele>2136.7</ele></trkpt>
   <trkpt lat="46.271149" lon="11.825099"><ele>2136.0</ele></trkpt>
   <trkpt lat="46.271149" lon="11.825063"><ele>2135.0</ele></trkpt>
   <trkpt lat="46.271148" lon="11.825022"><ele>2134.0</ele></trkpt>
   <trkpt lat="46.271145" lon="11.824987"><ele>2133.0</ele></trkpt>
   <trkpt lat="46.271139" lon="11.824951"><ele>2132.1</ele></trkpt>
   <trkpt lat="46.271131" lon="11.824917"><ele>2131.1</ele></trkpt>
   <trkpt lat="46.271115" lon="11.824894"><ele>2130.1</ele></trkpt>
   <trkpt lat="46.271102" lon="11.824869"><ele>2129.1</ele></trkpt>
   <trkpt lat="46.271090" lon="11.824841"><ele>2128.1</ele></trkpt>
   <trkpt lat="46.271081" lon="11.824809"><ele>2127.1</ele></trkpt>
   <trkpt lat="46.271081" lon="11.824782"><ele>2126.2</ele></trkpt>
   <trkpt lat="46.271111" lon="11.824768"><ele>2125.1</ele></trkpt>
   <trkpt lat="46.271132" lon="11.824777"><ele>2124.6</ele></trkpt>
   <trkpt lat="46.271152" lon="11.824793"><ele>2124.1</ele></trkpt>
   <trkpt lat="46.271172" lon="11.824819"><ele>2123.6</ele></trkpt>
   <trkpt lat="46.271188" lon="11.824849"><ele>2123.1</ele></trkpt>
   <trkpt lat="46.271203" lon="11.824882"><ele>2122.5</ele></trkpt>
   <trkpt lat="46.271223" lon="11.824919"><ele>2122.0</ele></trkpt>
   <trkpt lat="46.271244" lon="11.824956"><ele>2121.5</ele></trkpt>
   <trkpt lat="46.271264" lon="11.824987"><ele>2121.0</ele></trkpt>
   <trkpt lat="46.271283" lon="11.825014"><ele>2120.5</ele></trkpt>
   <trkpt lat="46.271304" lon="11.825037"><ele>2119.9</ele></trkpt>
   <trkpt lat="46.271331" lon="11.825065"><ele>2119.3</ele></trkpt>
   <trkpt lat="46.271355" lon="11.825094"><ele>2118.7</ele></trkpt>
   <trkpt lat="46.271376" lon="11.825125"><ele>2118.1</ele></trkpt>
   <trkpt lat="46.271400" lon="11.825152"><ele>2117.5</ele></trkpt>
   <trkpt lat="46.271423" lon="11.825166"><ele>2116.9</ele></trkpt>
   <trkpt lat="46.271446" lon="11.825170"><ele>2116.3</ele></trkpt>
   <trkpt lat="46.271474" lon="11.825175"><ele>2115.8</ele></trkpt>
   <trkpt lat="46.271502" lon="11.825180"><ele>2115.2</ele></trkpt>
   <trkpt lat="46.271532" lon="11.825182"><ele>2114.6</ele></trkpt>
   <trkpt lat="46.271562" lon="11.825176"><ele>2114.1</ele></trkpt>
   <trkpt lat="46.271590" lon="11.825163"><ele>2113.6</ele></trkpt>
   <trkpt lat="46.271615" lon="11.825153"><ele>2113.1</ele></trkpt>
   <trkpt lat="46.271641" lon="11.825149"><ele>2112.6</ele></trkpt>
   <trkpt lat="46.271666" lon="11.825147"><ele>2112.1</ele></trkpt>
   <trkpt lat="46.271694" lon="11.825144"><ele>2111.6</ele></trkpt>
   <trkpt lat="46.271722" lon="11.825140"><ele>2111.1</ele></trkpt>
   <trkpt lat="46.271747" lon="11.825131"><ele>2110.6</ele></trkpt>
   <trkpt lat="46.271772" lon="11.825124"><ele>2110.1</ele></trkpt>
   <trkpt lat="46.271798" lon="11.825123"><ele>2109.6</ele></trkpt>
   <trkpt lat="46.271825" lon="11.825130"><ele>2109.2</ele></trkpt>
   <trkpt lat="46.271851" lon="11.825138"><ele>2108.8</ele></trkpt>
   <trkpt lat="46.271875" lon="11.825143"><ele>2108.4</ele></trkpt>
   <trkpt lat="46.271902" lon="11.825148"><ele>2108.0</ele></trkpt>
   <trkpt lat="46.271926" lon="11.825147"><ele>2107.6</ele></trkpt>
   <trkpt lat="46.271945" lon="11.825132"><ele>2107.2</ele></trkpt>
   <trkpt lat="46.271962" lon="11.825105"><ele>2106.8</ele></trkpt>
   <trkpt lat="46.271980" lon="11.825073"><ele>2106.4</ele></trkpt>
   <trkpt lat="46.272000" lon="11.825044"><ele>2106.0</ele></trkpt>
   <trkpt lat="46.272021" lon="11.825022"><ele>2105.5</ele></trkpt>
   <trkpt lat="46.272044" lon="11.825009"><ele>2105.0</ele></trkpt>
   <trkpt lat="46.272066" lon="11.824999"><ele>2104.5</ele></trkpt>
   <trkpt lat="46.272088" lon="11.824989"><ele>2104.0</ele></trkpt>
   <trkpt lat="46.272107" lon="11.824978"><ele>2103.5</ele></trkpt>
   <trkpt lat="46.272127" lon="11.824960"><ele>2103.0</ele></trkpt>
   <trkpt lat="46.272148" lon="11.824938"><ele>2102.5</ele></trkpt>
   <trkpt lat="46.272171" lon="11.824917"><ele>2102.0</ele></trkpt>
   <trkpt lat="46.272197" lon="11.824904"><ele>2101.5</ele></trkpt>
   <trkpt lat="46.272217" lon="11.824894"><ele>2101.0</ele></trkpt>
   <trkpt lat="46.272235" lon="11.824878"><ele>2100.4</ele></trkpt>
   <trkpt lat="46.272258" lon="11.824862"><ele>2099.8</ele></trkpt>
   <trkpt lat="46.272287" lon="11.824855"><ele>2099.2</ele></trkpt>
   <trkpt lat="46.272314" lon="11.824847"><ele>2098.6</ele></trkpt>
   <trkpt lat="46.272338" lon="11.824834"><ele>2098.0</ele></trkpt>
   <trkpt lat="46.272359" lon="11.824824"><ele>2097.4</ele></trkpt>
   <trkpt lat="46.272334" lon="11.824821"><ele>2095.6</ele></trkpt>
   <trkpt lat="46.272306" lon="11.824824"><ele>2095.0</ele></trkpt>
   <trkpt lat="46.272275" lon="11.824821"><ele>2094.5</ele></trkpt>
   <trkpt lat="46.272244" lon="11.824822"><ele>2094.0</ele></trkpt>
   <trkpt lat="46.272216" lon="11.824826"><ele>2093.5</ele></trkpt>
   <trkpt lat="46.272190" lon="11.824829"><ele>2093.0</ele></trkpt>
   <trkpt lat="46.272165" lon="11.824825"><ele>2092.5</ele></trkpt>
   <trkpt lat="46.272146" lon="11.824816"><ele>2092.0</ele></trkpt>
   <trkpt lat="46.272162" lon="11.824790"><ele>2091.0</ele></trkpt>
   <trkpt lat="46.272188" lon="11.824779"><ele>2090.5</ele></trkpt>
   <trkpt lat="46.272218" lon="11.824772"><ele>2090.0</ele></trkpt>
   <trkpt lat="46.272245" lon="11.824757"><ele>2089.4</ele></trkpt>
   <trkpt lat="46.272266" lon="11.824739"><ele>2088.8</ele></trkpt>
   <trkpt lat="46.272287" lon="11.824718"><ele>2088.2</ele></trkpt>
   <trkpt lat="46.272303" lon="11.824695"><ele>2087.6</ele></trkpt>
   <trkpt lat="46.272319" lon="11.824668"><ele>2087.0</ele></trkpt>
   <trkpt lat="46.272334" lon="11.824641"><ele>2086.4</ele></trkpt>
   <trkpt lat="46.272348" lon="11.824611"><ele>2085.8</ele></trkpt>
   <trkpt lat="46.272363" lon="11.824579"><ele>2085.2</ele></trkpt>
   <trkpt lat="46.272380" lon="11.824548"><ele>2084.6</ele></trkpt>
   <trkpt lat="46.272394" lon="11.824520"><ele>2084.0</ele></trkpt>
   <trkpt lat="46.272407" lon="11.824492"><ele>2083.6</ele></trkpt>
   <trkpt lat="46.272419" lon="11.824466"><ele>2083.2</ele></trkpt>
   <trkpt lat="46.272426" lon="11.824437"><ele>2082.8</ele></trkpt>
   <trkpt lat="46.272396" lon="11.824455"><ele>2081.6</ele></trkpt>
   <trkpt lat="46.272373" lon="11.824479"><ele>2081.2</ele></trkpt>
   <trkpt lat="46.272353" lon="11.824496"><ele>2080.8</ele></trkpt>
   <trkpt lat="46.272332" lon="11.824509"><ele>2080.4</ele></trkpt>
   <trkpt lat="46.272309" lon="11.824519"><ele>2080.0</ele></trkpt>
   <trkpt lat="46.272284" lon="11.824531"><ele>2079.7</ele></trkpt>
   <trkpt lat="46.272263" lon="11.824545"><ele>2079.4</ele></trkpt>
   <trkpt lat="46.272240" lon="11.824557"><ele>2079.1</ele></trkpt>
   <trkpt lat="46.272220" lon="11.824570"><ele>2078.8</ele></trkpt>
   <trkpt lat="46.272201" lon="11.824578"><ele>2078.5</ele></trkpt>
   <trkpt lat="46.272184" lon="11.824568"><ele>2078.2</ele></trkpt>
   <trkpt lat="46.272178" lon="11.824537"><ele>2077.9</ele></trkpt>
   <trkpt lat="46.272183" lon="11.824501"><ele>2077.6</ele></trkpt>
   <trkpt lat="46.272192" lon="11.824463"><ele>2077.3</ele></trkpt>
   <trkpt lat="46.272202" lon="11.824428"><ele>2077.0</ele></trkpt>
   <trkpt lat="46.272216" lon="11.824390"><ele>2076.7</ele></trkpt>
   <trkpt lat="46.272230" lon="11.824350"><ele>2076.4</ele></trkpt>
   <trkpt lat="46.272246" lon="11.824313"><ele>2076.1</ele></trkpt>
   <trkpt lat="46.272262" lon="11.824277"><ele>2075.8</ele></trkpt>
   <trkpt lat="46.272275" lon="11.824238"><ele>2075.5</ele></trkpt>
   <trkpt lat="46.272285" lon="11.824201"><ele>2075.2</ele></trkpt>
   <trkpt lat="46.272294" lon="11.824166"><ele>2074.9</ele></trkpt>
   <trkpt lat="46.272305" lon="11.824134"><ele>2074.6</ele></trkpt>
   <trkpt lat="46.272314" lon="11.824102"><ele>2074.3</ele></trkpt>
   <trkpt lat="46.272324" lon="11.824068"><ele>2074.0</ele></trkpt>
   <trkpt lat="46.272335" lon="11.824036"><ele>2073.2</ele></trkpt>
   <trkpt lat="46.272343" lon="11.824012"><ele>2072.4</ele></trkpt>
   <trkpt lat="46.272322" lon="11.823981"><ele>2070.8</ele></trkpt>
   <trkpt lat="46.272299" lon="11.823992"><ele>2070.0</ele></trkpt>
   <trkpt lat="46.272273" lon="11.824016"><ele>2069.2</ele></trkpt>
   <trkpt lat="46.272249" lon="11.824035"><ele>2068.4</ele></trkpt>
   <trkpt lat="46.272226" lon="11.824047"><ele>2067.6</ele></trkpt>
   <trkpt lat="46.272202" lon="11.824062"><ele>2066.8</ele></trkpt>
   <trkpt lat="46.272179" lon="11.824081"><ele>2066.0</ele></trkpt>
   <trkpt lat="46.272158" lon="11.824099"><ele>2065.6</ele></trkpt>
   <trkpt lat="46.272135" lon="11.824115"><ele>2065.2</ele></trkpt>
   <trkpt lat="46.272113" lon="11.824133"><ele>2064.8</ele></trkpt>
   <trkpt lat="46.272093" lon="11.824149"><ele>2064.4</ele></trkpt>
   <trkpt lat="46.272070" lon="11.824164"><ele>2064.0</ele></trkpt>
   <trkpt lat="46.272047" lon="11.824179"><ele>2063.6</ele></trkpt>
   <trkpt lat="46.272024" lon="11.824187"><ele>2063.2</ele></trkpt>
   <trkpt lat="46.272008" lon="11.824158"><ele>2062.4</ele></trkpt>
   <trkpt lat="46.272027" lon="11.824132"><ele>2062.0</ele></trkpt>
   <trkpt lat="46.272044" lon="11.824105"><ele>2061.5</ele></trkpt>
   <trkpt lat="46.272057" lon="11.824074"><ele>2061.0</ele></trkpt>
   <trkpt lat="46.272069" lon="11.824042"><ele>2060.5</ele></trkpt>
   <trkpt lat="46.272083" lon="11.824008"><ele>2060.0</ele></trkpt>
   <trkpt lat="46.272097" lon="11.823976"><ele>2059.5</ele></trkpt>
   <trkpt lat="46.272114" lon="11.823941"><ele>2059.0</ele></trkpt>
   <trkpt lat="46.272132" lon="11.823908"><ele>2058.5</ele></trkpt>
   <trkpt lat="46.272147" lon="11.823878"><ele>2058.0</ele></trkpt>
   <trkpt lat="46.272167" lon="11.823846"><ele>2057.5</ele></trkpt>
   <trkpt lat="46.272181" lon="11.823817"><ele>2057.0</ele></trkpt>
   <trkpt lat="46.272186" lon="11.823786"><ele>2056.2</ele></trkpt>
   <trkpt lat="46.272189" lon="11.823751"><ele>2055.4</ele></trkpt>
   <trkpt lat="46.272189" lon="11.823723"><ele>2054.6</ele></trkpt>
   <trkpt lat="46.272165" lon="11.823729"><ele>2052.3</ele></trkpt>
   <trkpt lat="46.272145" lon="11.823754"><ele>2051.5</ele></trkpt>
   <trkpt lat="46.272122" lon="11.823781"><ele>2050.7</ele></trkpt>
   <trkpt lat="46.272099" lon="11.823801"><ele>2049.9</ele></trkpt>
   <trkpt lat="46.272075" lon="11.823815"><ele>2049.1</ele></trkpt>
   <trkpt lat="46.272052" lon="11.823824"><ele>2048.7</ele></trkpt>
   <trkpt lat="46.272032" lon="11.823830"><ele>2048.2</ele></trkpt>
   <trkpt lat="46.272011" lon="11.823838"><ele>2047.8</ele></trkpt>
   <trkpt lat="46.271987" lon="11.823847"><ele>2047.4</ele></trkpt>
   <trkpt lat="46.271964" lon="11.823857"><ele>2047.0</ele></trkpt>
   <trkpt lat="46.271941" lon="11.823869"><ele>2046.6</ele></trkpt>
   <trkpt lat="46.271922" lon="11.823877"><ele>2046.2</ele></trkpt>
   <trkpt lat="46.271903" lon="11.823853"><ele>2045.4</ele></trkpt>
   <trkpt lat="46.271921" lon="11.823821"><ele>2045.0</ele></trkpt>
   <trkpt lat="46.271942" lon="11.823790"><ele>2044.4</ele></trkpt>
   <trkpt lat="46.271959" lon="11.823758"><ele>2043.8</ele></trkpt>
   <trkpt lat="46.271973" lon="11.823724"><ele>2043.2</ele></trkpt>
   <trkpt lat="46.271989" lon="11.823692"><ele>2042.7</ele></trkpt>
   <trkpt lat="46.272004" lon="11.823663"><ele>2042.1</ele></trkpt>
   <trkpt lat="46.272012" lon="11.823635"><ele>2041.5</ele></trkpt>
   <trkpt lat="46.272017" lon="11.823604"><ele>2040.9</ele></trkpt>
   <trkpt lat="46.272018" lon="11.823571"><ele>2040.3</ele></trkpt>
   <trkpt lat="46.272007" lon="11.823537"><ele>2039.2</ele></trkpt>
   <trkpt lat="46.271967" lon="11.823561"><ele>2038.1</ele></trkpt>
   <trkpt lat="46.271940" lon="11.823577"><ele>2037.6</ele></trkpt>
   <trkpt lat="46.271916" lon="11.823593"><ele>2037.1</ele></trkpt>
   <trkpt lat="46.271891" lon="11.823612"><ele>2036.6</ele></trkpt>
   <trkpt lat="46.271868" lon="11.823631"><ele>2036.1</ele></trkpt>
   <trkpt lat="46.271846" lon="11.823648"><ele>2035.6</ele></trkpt>
   <trkpt lat="46.271826" lon="11.823661"><ele>2035.1</ele></trkpt>
   <trkpt lat="46.271806" lon="11.823644"><ele>2034.0</ele></trkpt>
   <trkpt lat="46.271819" lon="11.823614"><ele>2033.4</ele></trkpt>
   <trkpt lat="46.271838" lon="11.823583"><ele>2032.8</ele></trkpt>
   <trkpt lat="46.271852" lon="11.823554"><ele>2032.2</ele></trkpt>
   <trkpt lat="46.271862" lon="11.823525"><ele>2031.6</ele></trkpt>
   <trkpt lat="46.271871" lon="11.823499"><ele>2031.0</ele></trkpt>
   <trkpt lat="46.271880" lon="11.823468"><ele>2030.4</ele></trkpt>
   <trkpt lat="46.271892" lon="11.823432"><ele>2029.8</ele></trkpt>
   <trkpt lat="46.271906" lon="11.823399"><ele>2029.2</ele></trkpt>
   <trkpt lat="46.271913" lon="11.823373"><ele>2028.6</ele></trkpt>
   <trkpt lat="46.271876" lon="11.823380"><ele>2027.0</ele></trkpt>
   <trkpt lat="46.271849" lon="11.823400"><ele>2026.5</ele></trkpt>
   <trkpt lat="46.271824" lon="11.823419"><ele>2026.0</ele></trkpt>
   <trkpt lat="46.271799" lon="11.823437"><ele>2025.5</ele></trkpt>
   <trkpt lat="46.271778" lon="11.823453"><ele>2025.0</ele></trkpt>
   <trkpt lat="46.271759" lon="11.823454"><ele>2024.5</ele></trkpt>
   <trkpt lat="46.271780" lon="11.823429"><ele>2023.5</ele></trkpt>
   <trkpt lat="46.271795" lon="11.823402"><ele>2023.0</ele></trkpt>
   <trkpt lat="46.271812" lon="11.823368"><ele>2022.6</ele></trkpt>
   <trkpt lat="46.271825" lon="11.823338"><ele>2022.2</ele></trkpt>
   <trkpt lat="46.271808" lon="11.823319"><ele>2021.4</ele></trkpt>
   <trkpt lat="46.271786" lon="11.823332"><ele>2021.0</ele></trkpt>
   <trkpt lat="46.271763" lon="11.823348"><ele>2020.7</ele></trkpt>
   <trkpt lat="46.271739" lon="11.823367"><ele>2020.3</ele></trkpt>
   <trkpt lat="46.271714" lon="11.823377"><ele>2019.9</ele></trkpt>
   <trkpt lat="46.271712" lon="11.823326"><ele>2019.1</ele></trkpt>
   <trkpt lat="46.271730" lon="11.823291"><ele>2018.7</ele></trkpt>
   <trkpt lat="46.271745" lon="11.823256"><ele>2018.3</ele></trkpt>
   <trkpt lat="46.271759" lon="11.823225"><ele>2017.9</ele></trkpt>
   <trkpt lat="46.271772" lon="11.823188"><ele>2017.5</ele></trkpt>
   <trkpt lat="46.271785" lon="11.823147"><ele>2017.0</ele></trkpt>
   <trkpt lat="46.271805" lon="11.823109"><ele>2016.6</ele></trkpt>
   <trkpt lat="46.271825" lon="11.823075"><ele>2016.2</ele></trkpt>
   <trkpt lat="46.271843" lon="11.823046"><ele>2015.8</ele></trkpt>
   <trkpt lat="46.271853" lon="11.823014"><ele>2015.4</ele></trkpt>
   <trkpt lat="46.271855" lon="11.822980"><ele>2015.0</ele></trkpt>
   <trkpt lat="46.271861" lon="11.822947"><ele>2014.6</ele></trkpt>
   <trkpt lat="46.271872" lon="11.822913"><ele>2014.2</ele></trkpt>
   <trkpt lat="46.271889" lon="11.822876"><ele>2013.8</ele></trkpt>
   <trkpt lat="46.271907" lon="11.822845"><ele>2013.4</ele></trkpt>
   <trkpt lat="46.271929" lon="11.822822"><ele>2013.0</ele></trkpt>
   <trkpt lat="46.271952" lon="11.822803"><ele>2012.6</ele></trkpt>
   <trkpt lat="46.271973" lon="11.822786"><ele>2012.2</ele></trkpt>
   <trkpt lat="46.271979" lon="11.822761"><ele>2011.8</ele></trkpt>
   <trkpt lat="46.271980" lon="11.822727"><ele>2011.4</ele></trkpt>
   <trkpt lat="46.271982" lon="11.822695"><ele>2011.0</ele></trkpt>
   <trkpt lat="46.271986" lon="11.822668"><ele>2010.5</ele></trkpt>
   <trkpt lat="46.271957" lon="11.822646"><ele>2009.5</ele></trkpt>
   <trkpt lat="46.271932" lon="11.822654"><ele>2009.0</ele></trkpt>
   <trkpt lat="46.271905" lon="11.822660"><ele>2008.5</ele></trkpt>
   <trkpt lat="46.271876" lon="11.822667"><ele>2008.0</ele></trkpt>
   <trkpt lat="46.271846" lon="11.822672"><ele>2007.5</ele></trkpt>
   <trkpt lat="46.271821" lon="11.822682"><ele>2007.0</ele></trkpt>
   <trkpt lat="46.271798" lon="11.822691"><ele>2006.5</ele></trkpt>
   <trkpt lat="46.271796" lon="11.822654"><ele>2005.6</ele></trkpt>
   <trkpt lat="46.271814" lon="11.822626"><ele>2005.2</ele></trkpt>
   <trkpt lat="46.271825" lon="11.822598"><ele>2004.8</ele></trkpt>
   <trkpt lat="46.271844" lon="11.822558"><ele>2004.0</ele></trkpt>
   <trkpt lat="46.271815" lon="11.822550"><ele>2002.4</ele></trkpt>
   <trkpt lat="46.271796" lon="11.822570"><ele>2002.0</ele></trkpt>
   <trkpt lat="46.271775" lon="11.822585"><ele>2001.5</ele></trkpt>
   <trkpt lat="46.271756" lon="11.822590"><ele>2001.0</ele></trkpt>
   <trkpt lat="46.271733" lon="11.822604"><ele>2000.5</ele></trkpt>
   <trkpt lat="46.271707" lon="11.822622"><ele>2000.0</ele></trkpt>
   <trkpt lat="46.271680" lon="11.822642"><ele>1999.5</ele></trkpt>
   <trkpt lat="46.271656" lon="11.822661"><ele>1999.0</ele></trkpt>
   <trkpt lat="46.271634" lon="11.822682"><ele>1998.5</ele></trkpt>
   <trkpt lat="46.271611" lon="11.822699"><ele>1998.0</ele></trkpt>
   <trkpt lat="46.271589" lon="11.822712"><ele>1997.5</ele></trkpt>
   <trkpt lat="46.271565" lon="11.822725"><ele>1997.0</ele></trkpt>
   <trkpt lat="46.271539" lon="11.822736"><ele>1996.5</ele></trkpt>
   <trkpt lat="46.271512" lon="11.822744"><ele>1996.0</ele></trkpt>
   <trkpt lat="46.271484" lon="11.822744"><ele>1995.5</ele></trkpt>
   <trkpt lat="46.271458" lon="11.822744"><ele>1995.0</ele></trkpt>
   <trkpt lat="46.271430" lon="11.822741"><ele>1994.5</ele></trkpt>
   <trkpt lat="46.271404" lon="11.822736"><ele>1994.0</ele></trkpt>
   <trkpt lat="46.271378" lon="11.822734"><ele>1993.5</ele></trkpt>
   <trkpt lat="46.271382" lon="11.822691"><ele>1992.5</ele></trkpt>
   <trkpt lat="46.271401" lon="11.822667"><ele>1992.0</ele></trkpt>
   <trkpt lat="46.271412" lon="11.822633"><ele>1991.5</ele></trkpt>
   <trkpt lat="46.271423" lon="11.822594"><ele>1991.0</ele></trkpt>
   <trkpt lat="46.271439" lon="11.822561"><ele>1990.5</ele></trkpt>
   <trkpt lat="46.271454" lon="11.822533"><ele>1990.0</ele></trkpt>
   <trkpt lat="46.271460" lon="11.822502"><ele>1989.5</ele></trkpt>
   <trkpt lat="46.271458" lon="11.822469"><ele>1989.0</ele></trkpt>
   <trkpt lat="46.271455" lon="11.822436"><ele>1988.5</ele></trkpt>
   <trkpt lat="46.271463" lon="11.822400"><ele>1988.0</ele></trkpt>
   <trkpt lat="46.271480" lon="11.822364"><ele>1987.5</ele></trkpt>
   <trkpt lat="46.271493" lon="11.822329"><ele>1987.0</ele></trkpt>
   <trkpt lat="46.271502" lon="11.822291"><ele>1986.6</ele></trkpt>
   <trkpt lat="46.271513" lon="11.822258"><ele>1986.2</ele></trkpt>
   <trkpt lat="46.271531" lon="11.822232"><ele>1985.8</ele></trkpt>
   <trkpt lat="46.271555" lon="11.822217"><ele>1985.4</ele></trkpt>
   <trkpt lat="46.271573" lon="11.822204"><ele>1985.0</ele></trkpt>
   <trkpt lat="46.271553" lon="11.822172"><ele>1983.8</ele></trkpt>
   <trkpt lat="46.271565" lon="11.822150"><ele>1983.4</ele></trkpt>
   <trkpt lat="46.271582" lon="11.822124"><ele>1983.0</ele></trkpt>
   <trkpt lat="46.271593" lon="11.822103"><ele>1982.4</ele></trkpt>
   <trkpt lat="46.271572" lon="11.822083"><ele>1981.2</ele></trkpt>
   <trkpt lat="46.271549" lon="11.822087"><ele>1980.7</ele></trkpt>
   <trkpt lat="46.271523" lon="11.822093"><ele>1980.1</ele></trkpt>
   <trkpt lat="46.271501" lon="11.822097"><ele>1979.5</ele></trkpt>
   <trkpt lat="46.271481" lon="11.822080"><ele>1978.9</ele></trkpt>
   <trkpt lat="46.271472" lon="11.822043"><ele>1978.3</ele></trkpt>
   <trkpt lat="46.271474" lon="11.822004"><ele>1977.7</ele></trkpt>
   <trkpt lat="46.271479" lon="11.821965"><ele>1977.2</ele></trkpt>
   <trkpt lat="46.271489" lon="11.821927"><ele>1976.7</ele></trkpt>
   <trkpt lat="46.271503" lon="11.821890"><ele>1976.3</ele></trkpt>
   <trkpt lat="46.271522" lon="11.821859"><ele>1975.9</ele></trkpt>
   <trkpt lat="46.271543" lon="11.821829"><ele>1975.5</ele></trkpt>
   <trkpt lat="46.271562" lon="11.821792"><ele>1975.1</ele></trkpt>
   <trkpt lat="46.271579" lon="11.821753"><ele>1974.7</ele></trkpt>
   <trkpt lat="46.271599" lon="11.821713"><ele>1974.2</ele></trkpt>
   <trkpt lat="46.271614" lon="11.821669"><ele>1973.8</ele></trkpt>
   <trkpt lat="46.271625" lon="11.821622"><ele>1973.4</ele></trkpt>
   <trkpt lat="46.271634" lon="11.821577"><ele>1973.0</ele></trkpt>
   <trkpt lat="46.271641" lon="11.821536"><ele>1972.5</ele></trkpt>
   <trkpt lat="46.271646" lon="11.821497"><ele>1972.0</ele></trkpt>
   <trkpt lat="46.271644" lon="11.821458"><ele>1971.5</ele></trkpt>
   <trkpt lat="46.271642" lon="11.821418"><ele>1971.0</ele></trkpt>
   <trkpt lat="46.271646" lon="11.821376"><ele>1970.5</ele></trkpt>
   <trkpt lat="46.271659" lon="11.821335"><ele>1970.0</ele></trkpt>
   <trkpt lat="46.271674" lon="11.821298"><ele>1969.5</ele></trkpt>
   <trkpt lat="46.271690" lon="11.821263"><ele>1969.0</ele></trkpt>
   <trkpt lat="46.271707" lon="11.821227"><ele>1968.5</ele></trkpt>
   <trkpt lat="46.271725" lon="11.821194"><ele>1968.0</ele></trkpt>
   <trkpt lat="46.271745" lon="11.821162"><ele>1967.6</ele></trkpt>
   <trkpt lat="46.271764" lon="11.821129"><ele>1967.2</ele></trkpt>
   <trkpt lat="46.271783" lon="11.821097"><ele>1966.8</ele></trkpt>
   <trkpt lat="46.271800" lon="11.821065"><ele>1966.4</ele></trkpt>
   <trkpt lat="46.271818" lon="11.821028"><ele>1966.0</ele></trkpt>
   <trkpt lat="46.271839" lon="11.820991"><ele>1965.6</ele></trkpt>
   <trkpt lat="46.271858" lon="11.820954"><ele>1965.2</ele></trkpt>
   <trkpt lat="46.271875" lon="11.820917"><ele>1964.8</ele></trkpt>
   <trkpt lat="46.271882" lon="11.820878"><ele>1964.4</ele></trkpt>
   <trkpt lat="46.271882" lon="11.820836"><ele>1964.0</ele></trkpt>
   <trkpt lat="46.271882" lon="11.820789"><ele>1963.4</ele></trkpt>
   <trkpt lat="46.271886" lon="11.820746"><ele>1962.8</ele></trkpt>
   <trkpt lat="46.271891" lon="11.820704"><ele>1962.2</ele></trkpt>
   <trkpt lat="46.271898" lon="11.820661"><ele>1961.6</ele></trkpt>
   <trkpt lat="46.271903" lon="11.820622"><ele>1961.0</ele></trkpt>
   <trkpt lat="46.271907" lon="11.820583"><ele>1960.4</ele></trkpt>
   <trkpt lat="46.271911" lon="11.820546"><ele>1959.8</ele></trkpt>
   <trkpt lat="46.271914" lon="11.820510"><ele>1959.2</ele></trkpt>
   <trkpt lat="46.271917" lon="11.820472"><ele>1958.6</ele></trkpt>
   <trkpt lat="46.271923" lon="11.820434"><ele>1958.0</ele></trkpt>
   <trkpt lat="46.271935" lon="11.820398"><ele>1957.6</ele></trkpt>
   <trkpt lat="46.271951" lon="11.820363"><ele>1957.2</ele></trkpt>
   <trkpt lat="46.271965" lon="11.820322"><ele>1956.8</ele></trkpt>
   <trkpt lat="46.271978" lon="11.820279"><ele>1956.4</ele></trkpt>
   <trkpt lat="46.271988" lon="11.820239"><ele>1956.0</ele></trkpt>
   <trkpt lat="46.271989" lon="11.820202"><ele>1955.6</ele></trkpt>
   <trkpt lat="46.271984" lon="11.820164"><ele>1955.2</ele></trkpt>
   <trkpt lat="46.271976" lon="11.820126"><ele>1954.8</ele></trkpt>
   <trkpt lat="46.271965" lon="11.820089"><ele>1954.4</ele></trkpt>
   <trkpt lat="46.271957" lon="11.820054"><ele>1954.0</ele></trkpt>
   <trkpt lat="46.271953" lon="11.820025"><ele>1953.7</ele></trkpt>
   <trkpt lat="46.271951" lon="11.819992"><ele>1953.4</ele></trkpt>
   <trkpt lat="46.271946" lon="11.819962"><ele>1953.1</ele></trkpt>
   <trkpt lat="46.271940" lon="11.819928"><ele>1952.8</ele></trkpt>
   <trkpt lat="46.271932" lon="11.819892"><ele>1952.5</ele></trkpt>
   <trkpt lat="46.271924" lon="11.819850"><ele>1952.2</ele></trkpt>
   <trkpt lat="46.271916" lon="11.819809"><ele>1952.0</ele></trkpt>
   <trkpt lat="46.271905" lon="11.819772"><ele>1951.7</ele></trkpt>
   <trkpt lat="46.271894" lon="11.819738"><ele>1951.4</ele></trkpt>
   <trkpt lat="46.271880" lon="11.819709"><ele>1951.1</ele></trkpt>
   <trkpt lat="46.271866" lon="11.819679"><ele>1950.6</ele></trkpt>
   <trkpt lat="46.271853" lon="11.819649"><ele>1950.1</ele></trkpt>
   <trkpt lat="46.271839" lon="11.819614"><ele>1949.6</ele></trkpt>
   <trkpt lat="46.271827" lon="11.819582"><ele>1949.1</ele></trkpt>
   <trkpt lat="46.271816" lon="11.819551"><ele>1948.6</ele></trkpt>
   <trkpt lat="46.271805" lon="11.819517"><ele>1948.1</ele></trkpt>
   <trkpt lat="46.271795" lon="11.819482"><ele>1947.6</ele></trkpt>
   <trkpt lat="46.271783" lon="11.819449"><ele>1947.1</ele></trkpt>
   <trkpt lat="46.271769" lon="11.819416"><ele>1946.6</ele></trkpt>
   <trkpt lat="46.271756" lon="11.819378"><ele>1946.1</ele></trkpt>
   <trkpt lat="46.271749" lon="11.819340"><ele>1945.7</ele></trkpt>
   <trkpt lat="46.271744" lon="11.819305"><ele>1945.3</ele></trkpt>
   <trkpt lat="46.271738" lon="11.819267"><ele>1944.9</ele></trkpt>
   <trkpt lat="46.271735" lon="11.819228"><ele>1944.5</ele></trkpt>
   <trkpt lat="46.271731" lon="11.819192"><ele>1944.1</ele></trkpt>
   <trkpt lat="46.271728" lon="11.819154"><ele>1943.7</ele></trkpt>
   <trkpt lat="46.271724" lon="11.819117"><ele>1943.3</ele></trkpt>
   <trkpt lat="46.271718" lon="11.819080"><ele>1942.9</ele></trkpt>
   <trkpt lat="46.271710" lon="11.819043"><ele>1942.5</ele></trkpt>
   <trkpt lat="46.271702" lon="11.819002"><ele>1942.1</ele></trkpt>
   <trkpt lat="46.271696" lon="11.818960"><ele>1941.6</ele></trkpt>
   <trkpt lat="46.271692" lon="11.818919"><ele>1941.0</ele></trkpt>
   <trkpt lat="46.271688" lon="11.818881"><ele>1940.4</ele></trkpt>
   <trkpt lat="46.271682" lon="11.818846"><ele>1939.8</ele></trkpt>
   <trkpt lat="46.271676" lon="11.818808"><ele>1939.2</ele></trkpt>
   <trkpt lat="46.271664" lon="11.818775"><ele>1938.6</ele></trkpt>
   <trkpt lat="46.271641" lon="11.818754"><ele>1938.0</ele></trkpt>
   <trkpt lat="46.271614" lon="11.818740"><ele>1937.4</ele></trkpt>
   <trkpt lat="46.271588" lon="11.818727"><ele>1936.8</ele></trkpt>
   <trkpt lat="46.271563" lon="11.818712"><ele>1936.2</ele></trkpt>
   <trkpt lat="46.271544" lon="11.818694"><ele>1935.6</ele></trkpt>
   <trkpt lat="46.271525" lon="11.818672"><ele>1935.0</ele></trkpt>
   <trkpt lat="46.271505" lon="11.818648"><ele>1934.3</ele></trkpt>
   <trkpt lat="46.271484" lon="11.818626"><ele>1933.7</ele></trkpt>
   <trkpt lat="46.271462" lon="11.818609"><ele>1933.1</ele></trkpt>
   <trkpt lat="46.271436" lon="11.818597"><ele>1932.5</ele></trkpt>
   <trkpt lat="46.271416" lon="11.818582"><ele>1931.8</ele></trkpt>
   <trkpt lat="46.271398" lon="11.818566"><ele>1931.2</ele></trkpt>
   <trkpt lat="46.271377" lon="11.818550"><ele>1930.6</ele></trkpt>
   <trkpt lat="46.271354" lon="11.818533"><ele>1930.0</ele></trkpt>
   <trkpt lat="46.271337" lon="11.818505"><ele>1929.1</ele></trkpt>
   <trkpt lat="46.271317" lon="11.818481"><ele>1928.2</ele></trkpt>
   <trkpt lat="46.271296" lon="11.818455"><ele>1927.3</ele></trkpt>
   <trkpt lat="46.271281" lon="11.818427"><ele>1926.4</ele></trkpt>
   <trkpt lat="46.271262" lon="11.818401"><ele>1925.5</ele></trkpt>
   <trkpt lat="46.271243" lon="11.818377"><ele>1924.6</ele></trkpt>
   <trkpt lat="46.271224" lon="11.818356"><ele>1923.7</ele></trkpt>
   <trkpt lat="46.271205" lon="11.818336"><ele>1922.8</ele></trkpt>
   <trkpt lat="46.271185" lon="11.818316"><ele>1921.9</ele></trkpt>
   <trkpt lat="46.271166" lon="11.818295"><ele>1921.0</ele></trkpt>
   <trkpt lat="46.271144" lon="11.818284"><ele>1920.4</ele></trkpt>
   <trkpt lat="46.271120" lon="11.818273"><ele>1919.8</ele></trkpt>
   <trkpt lat="46.271096" lon="11.818258"><ele>1919.2</ele></trkpt>
   <trkpt lat="46.271072" lon="11.818242"><ele>1918.6</ele></trkpt>
   <trkpt lat="46.271046" lon="11.818237"><ele>1918.0</ele></trkpt>
   <trkpt lat="46.271020" lon="11.818230"><ele>1917.4</ele></trkpt>
   <trkpt lat="46.270993" lon="11.818224"><ele>1916.8</ele></trkpt>
   <trkpt lat="46.270968" lon="11.818218"><ele>1916.2</ele></trkpt>
   <trkpt lat="46.270942" lon="11.818210"><ele>1915.6</ele></trkpt>
   <trkpt lat="46.270915" lon="11.818198"><ele>1915.0</ele></trkpt>
   <trkpt lat="46.270894" lon="11.818176"><ele>1914.4</ele></trkpt>
   <trkpt lat="46.270874" lon="11.818158"><ele>1913.8</ele></trkpt>
   <trkpt lat="46.270855" lon="11.818134"><ele>1913.2</ele></trkpt>
   <trkpt lat="46.270843" lon="11.818099"><ele>1912.6</ele></trkpt>
   <trkpt lat="46.270834" lon="11.818058"><ele>1912.0</ele></trkpt>
   <trkpt lat="46.270826" lon="11.818018"><ele>1911.4</ele></trkpt>
   <trkpt lat="46.270814" lon="11.817985"><ele>1910.8</ele></trkpt>
   <trkpt lat="46.270796" lon="11.817962"><ele>1910.2</ele></trkpt>
   <trkpt lat="46.270770" lon="11.817958"><ele>1909.6</ele></trkpt>
   <trkpt lat="46.270742" lon="11.817963"><ele>1909.1</ele></trkpt>
   <trkpt lat="46.270714" lon="11.817966"><ele>1908.5</ele></trkpt>
   <trkpt lat="46.270688" lon="11.817958"><ele>1907.8</ele></trkpt>
   <trkpt lat="46.270664" lon="11.817946"><ele>1907.2</ele></trkpt>
   <trkpt lat="46.270640" lon="11.817942"><ele>1906.6</ele></trkpt>
   <trkpt lat="46.270615" lon="11.817940"><ele>1906.0</ele></trkpt>
   <trkpt lat="46.270590" lon="11.817939"><ele>1905.4</ele></trkpt>
   <trkpt lat="46.270564" lon="11.817932"><ele>1904.8</ele></trkpt>
   <trkpt lat="46.270537" lon="11.817924"><ele>1904.2</ele></trkpt>
   <trkpt lat="46.270512" lon="11.817918"><ele>1903.6</ele></trkpt>
   <trkpt lat="46.270488" lon="11.817906"><ele>1903.0</ele></trkpt>
   <trkpt lat="46.270470" lon="11.817892"><ele>1902.6</ele></trkpt>
   <trkpt lat="46.270449" lon="11.817878"><ele>1902.2</ele></trkpt>
   <trkpt lat="46.270425" lon="11.817852"><ele>1901.8</ele></trkpt>
   <trkpt lat="46.270405" lon="11.817824"><ele>1901.4</ele></trkpt>
   <trkpt lat="46.270382" lon="11.817802"><ele>1901.0</ele></trkpt>
   <trkpt lat="46.270356" lon="11.817784"><ele>1900.6</ele></trkpt>
   <trkpt lat="46.270327" lon="11.817767"><ele>1900.2</ele></trkpt>
   <trkpt lat="46.270300" lon="11.817752"><ele>1899.8</ele></trkpt>
   <trkpt lat="46.270273" lon="11.817736"><ele>1899.4</ele></trkpt>
   <trkpt lat="46.270250" lon="11.817717"><ele>1899.0</ele></trkpt>
   <trkpt lat="46.270230" lon="11.817693"><ele>1898.4</ele></trkpt>
   <trkpt lat="46.270206" lon="11.817682"><ele>1897.8</ele></trkpt>
   <trkpt lat="46.270181" lon="11.817674"><ele>1897.2</ele></trkpt>
   <trkpt lat="46.270160" lon="11.817654"><ele>1896.6</ele></trkpt>
   <trkpt lat="46.270137" lon="11.817640"><ele>1896.0</ele></trkpt>
   <trkpt lat="46.270115" lon="11.817618"><ele>1895.4</ele></trkpt>
   <trkpt lat="46.270094" lon="11.817594"><ele>1894.8</ele></trkpt>
   <trkpt lat="46.270076" lon="11.817568"><ele>1894.2</ele></trkpt>
   <trkpt lat="46.270056" lon="11.817544"><ele>1893.6</ele></trkpt>
   <trkpt lat="46.270032" lon="11.817527"><ele>1893.0</ele></trkpt>
   <trkpt lat="46.270010" lon="11.817512"><ele>1892.3</ele></trkpt>
   <trkpt lat="46.269988" lon="11.817494"><ele>1891.6</ele></trkpt>
   <trkpt lat="46.269967" lon="11.817470"><ele>1890.9</ele></trkpt>
   <trkpt lat="46.269948" lon="11.817446"><ele>1890.2</ele></trkpt>
   <trkpt lat="46.269924" lon="11.817426"><ele>1889.5</ele></trkpt>
   <trkpt lat="46.269902" lon="11.817408"><ele>1888.8</ele></trkpt>
   <trkpt lat="46.269880" lon="11.817388"><ele>1888.1</ele></trkpt>
   <trkpt lat="46.269860" lon="11.817361"><ele>1887.4</ele></trkpt>
   <trkpt lat="46.269840" lon="11.817342"><ele>1886.7</ele></trkpt>
   <trkpt lat="46.269817" lon="11.817320"><ele>1886.0</ele></trkpt>
   <trkpt lat="46.269794" lon="11.817292"><ele>1885.5</ele></trkpt>
   <trkpt lat="46.269771" lon="11.817274"><ele>1885.0</ele></trkpt>
   <trkpt lat="46.269751" lon="11.817252"><ele>1884.5</ele></trkpt>
   <trkpt lat="46.269730" lon="11.817232"><ele>1884.0</ele></trkpt>
   <trkpt lat="46.269710" lon="11.817220"><ele>1883.5</ele></trkpt>
   <trkpt lat="46.269689" lon="11.817207"><ele>1883.0</ele></trkpt>
   <trkpt lat="46.269670" lon="11.817181"><ele>1882.5</ele></trkpt>
   <trkpt lat="46.269658" lon="11.817146"><ele>1882.0</ele></trkpt>
   <trkpt lat="46.269648" lon="11.817103"><ele>1881.5</ele></trkpt>
   <trkpt lat="46.269639" lon="11.817056"><ele>1881.0</ele></trkpt>
   <trkpt lat="46.269630" lon="11.817012"><ele>1880.3</ele></trkpt>
   <trkpt lat="46.269619" lon="11.816971"><ele>1879.6</ele></trkpt>
   <trkpt lat="46.269608" lon="11.816931"><ele>1878.9</ele></trkpt>
   <trkpt lat="46.269595" lon="11.816895"><ele>1878.2</ele></trkpt>
   <trkpt lat="46.269581" lon="11.816866"><ele>1877.5</ele></trkpt>
   <trkpt lat="46.269567" lon="11.816828"><ele>1876.8</ele></trkpt>
   <trkpt lat="46.269553" lon="11.816789"><ele>1876.1</ele></trkpt>
   <trkpt lat="46.269545" lon="11.816746"><ele>1875.4</ele></trkpt>
   <trkpt lat="46.269539" lon="11.816700"><ele>1874.7</ele></trkpt>
   <trkpt lat="46.269536" lon="11.816663"><ele>1874.0</ele></trkpt>
   <trkpt lat="46.269536" lon="11.816623"><ele>1873.3</ele></trkpt>
   <trkpt lat="46.269539" lon="11.816578"><ele>1872.6</ele></trkpt>
   <trkpt lat="46.269540" lon="11.816541"><ele>1871.9</ele></trkpt>
   <trkpt lat="46.269542" lon="11.816500"><ele>1871.2</ele></trkpt>
   <trkpt lat="46.269545" lon="11.816461"><ele>1870.5</ele></trkpt>
   <trkpt lat="46.269540" lon="11.816425"><ele>1869.8</ele></trkpt>
   <trkpt lat="46.269528" lon="11.816396"><ele>1869.1</ele></trkpt>
   <trkpt lat="46.269516" lon="11.816367"><ele>1868.4</ele></trkpt>
   <trkpt lat="46.269504" lon="11.816342"><ele>1867.7</ele></trkpt>
   <trkpt lat="46.269489" lon="11.816319"><ele>1867.0</ele></trkpt>
   <trkpt lat="46.269475" lon="11.816295"><ele>1866.6</ele></trkpt>
   <trkpt lat="46.269460" lon="11.816276"><ele>1866.2</ele></trkpt>
   <trkpt lat="46.269439" lon="11.816261"><ele>1865.8</ele></trkpt>
   <trkpt lat="46.269418" lon="11.816242"><ele>1865.4</ele></trkpt>
   <trkpt lat="46.269396" lon="11.816225"><ele>1865.0</ele></trkpt>
   <trkpt lat="46.269378" lon="11.816208"><ele>1864.6</ele></trkpt>
   <trkpt lat="46.269360" lon="11.816190"><ele>1864.2</ele></trkpt>
   <trkpt lat="46.269341" lon="11.816166"><ele>1863.8</ele></trkpt>
   <trkpt lat="46.269321" lon="11.816151"><ele>1863.4</ele></trkpt>
   <trkpt lat="46.269300" lon="11.816134"><ele>1863.0</ele></trkpt>
   <trkpt lat="46.269282" lon="11.816110"><ele>1862.3</ele></trkpt>
   <trkpt lat="46.269266" lon="11.816083"><ele>1861.6</ele></trkpt>
   <trkpt lat="46.269249" lon="11.816058"><ele>1860.9</ele></trkpt>
   <trkpt lat="46.269227" lon="11.816038"><ele>1860.2</ele></trkpt>
   <trkpt lat="46.269205" lon="11.816019"><ele>1859.5</ele></trkpt>
   <trkpt lat="46.269194" lon="11.815991"><ele>1858.8</ele></trkpt>
   <trkpt lat="46.269186" lon="11.815959"><ele>1858.1</ele></trkpt>
   <trkpt lat="46.269175" lon="11.815934"><ele>1857.4</ele></trkpt>
   <trkpt lat="46.269164" lon="11.815912"><ele>1856.7</ele></trkpt>
   <trkpt lat="46.269154" lon="11.815887"><ele>1856.0</ele></trkpt>
   <trkpt lat="46.269141" lon="11.815857"><ele>1855.4</ele></trkpt>
   <trkpt lat="46.269124" lon="11.815827"><ele>1854.8</ele></trkpt>
   <trkpt lat="46.269109" lon="11.815796"><ele>1854.2</ele></trkpt>
   <trkpt lat="46.269098" lon="11.815768"><ele>1853.6</ele></trkpt>
   <trkpt lat="46.269081" lon="11.815746"><ele>1853.0</ele></trkpt>
   <trkpt lat="46.269065" lon="11.815729"><ele>1852.4</ele></trkpt>
   <trkpt lat="46.269052" lon="11.815707"><ele>1851.8</ele></trkpt>
   <trkpt lat="46.269041" lon="11.815676"><ele>1851.2</ele></trkpt>
   <trkpt lat="46.269036" lon="11.815643"><ele>1850.6</ele></trkpt>
   <trkpt lat="46.269028" lon="11.815602"><ele>1850.0</ele></trkpt>
   <trkpt lat="46.269016" lon="11.815568"><ele>1849.3</ele></trkpt>
   <trkpt lat="46.269003" lon="11.815536"><ele>1848.6</ele></trkpt>
   <trkpt lat="46.268995" lon="11.815504"><ele>1847.9</ele></trkpt>
   <trkpt lat="46.268979" lon="11.815479"><ele>1847.2</ele></trkpt>
   <trkpt lat="46.268956" lon="11.815460"><ele>1846.5</ele></trkpt>
   <trkpt lat="46.268928" lon="11.815453"><ele>1845.8</ele></trkpt>
   <trkpt lat="46.268904" lon="11.815463"><ele>1845.1</ele></trkpt>
   <trkpt lat="46.268882" lon="11.815468"><ele>1844.4</ele></trkpt>
   <trkpt lat="46.268862" lon="11.815463"><ele>1843.7</ele></trkpt>
   <trkpt lat="46.268846" lon="11.815440"><ele>1843.0</ele></trkpt>
   <trkpt lat="46.268844" lon="11.815398"><ele>1842.5</ele></trkpt>
   <trkpt lat="46.268841" lon="11.815355"><ele>1842.0</ele></trkpt>
   <trkpt lat="46.268836" lon="11.815312"><ele>1841.6</ele></trkpt>
   <trkpt lat="46.268828" lon="11.815277"><ele>1841.1</ele></trkpt>
   <trkpt lat="46.268821" lon="11.815246"><ele>1840.6</ele></trkpt>
   <trkpt lat="46.268814" lon="11.815213"><ele>1840.1</ele></trkpt>
   <trkpt lat="46.268808" lon="11.815187"><ele>1839.6</ele></trkpt>
   <trkpt lat="46.268802" lon="11.815157"><ele>1839.1</ele></trkpt>
   <trkpt lat="46.268796" lon="11.815120"><ele>1838.7</ele></trkpt>
   <trkpt lat="46.268795" lon="11.815082"><ele>1838.2</ele></trkpt>
   <trkpt lat="46.268792" lon="11.815044"><ele>1837.5</ele></trkpt>
   <trkpt lat="46.268792" lon="11.814999"><ele>1836.8</ele></trkpt>
   <trkpt lat="46.268799" lon="11.814960"><ele>1836.1</ele></trkpt>
   <trkpt lat="46.268810" lon="11.814923"><ele>1835.3</ele></trkpt>
   <trkpt lat="46.268819" lon="11.814891"><ele>1834.6</ele></trkpt>
   <trkpt lat="46.268823" lon="11.814862"><ele>1833.9</ele></trkpt>
   <trkpt lat="46.268826" lon="11.814821"><ele>1832.4</ele></trkpt>
   <trkpt lat="46.268811" lon="11.814796"><ele>1831.0</ele></trkpt>
   <trkpt lat="46.268790" lon="11.814787"><ele>1829.3</ele></trkpt>
   <trkpt lat="46.268774" lon="11.814832"><ele>1828.1</ele></trkpt>
   <trkpt lat="46.268751" lon="11.814861"><ele>1827.0</ele></trkpt>
   <trkpt lat="46.268731" lon="11.814856"><ele>1825.8</ele></trkpt>
   <trkpt lat="46.268734" lon="11.814824"><ele>1825.3</ele></trkpt>
   <trkpt lat="46.268742" lon="11.814786"><ele>1824.6</ele></trkpt>
   <trkpt lat="46.268746" lon="11.814753"><ele>1823.9</ele></trkpt>
   <trkpt lat="46.268747" lon="11.814724"><ele>1823.1</ele></trkpt>
   <trkpt lat="46.268747" lon="11.814696"><ele>1822.4</ele></trkpt>
   <trkpt lat="46.268726" lon="11.814688"><ele>1819.5</ele></trkpt>
   <trkpt lat="46.268697" lon="11.814707"><ele>1818.0</ele></trkpt>
   <trkpt lat="46.268664" lon="11.814716"><ele>1817.0</ele></trkpt>
   <trkpt lat="46.268654" lon="11.814674"><ele>1816.0</ele></trkpt>
   <trkpt lat="46.268652" lon="11.814644"><ele>1815.5</ele></trkpt>
   <trkpt lat="46.268653" lon="11.814616"><ele>1815.0</ele></trkpt>
   <trkpt lat="46.268656" lon="11.814585"><ele>1814.5</ele></trkpt>
   <trkpt lat="46.268625" lon="11.814588"><ele>1812.4</ele></trkpt>
   <trkpt lat="46.268613" lon="11.814556"><ele>1811.2</ele></trkpt>
   <trkpt lat="46.268618" lon="11.814512"><ele>1810.0</ele></trkpt>
   <trkpt lat="46.268628" lon="11.814478"><ele>1808.8</ele></trkpt>
   <trkpt lat="46.268605" lon="11.814488"><ele>1807.0</ele></trkpt>
   <trkpt lat="46.268611" lon="11.814446"><ele>1804.3</ele></trkpt>
   <trkpt lat="46.268625" lon="11.814409"><ele>1802.9</ele></trkpt>
   <trkpt lat="46.268614" lon="11.814380"><ele>1800.2</ele></trkpt>
   <trkpt lat="46.268614" lon="11.814348"><ele>1799.1</ele></trkpt>
   <trkpt lat="46.268596" lon="11.814330"><ele>1797.6</ele></trkpt>
   <trkpt lat="46.268570" lon="11.814326"><ele>1796.6</ele></trkpt>
   <trkpt lat="46.268557" lon="11.814306"><ele>1796.1</ele></trkpt>
   <trkpt lat="46.268558" lon="11.814260"><ele>1795.0</ele></trkpt>
   <trkpt lat="46.268539" lon="11.814244"><ele>1793.8</ele></trkpt>
   <trkpt lat="46.268509" lon="11.814239"><ele>1793.0</ele></trkpt>
   <trkpt lat="46.268480" lon="11.814233"><ele>1792.2</ele></trkpt>
   <trkpt lat="46.268448" lon="11.814217"><ele>1791.4</ele></trkpt>
   <trkpt lat="46.268430" lon="11.814206"><ele>1790.7</ele></trkpt>
   <trkpt lat="46.268408" lon="11.814186"><ele>1790.1</ele></trkpt>
   <trkpt lat="46.268403" lon="11.814160"><ele>1789.8</ele></trkpt>
   <trkpt lat="46.268398" lon="11.814126"><ele>1789.2</ele></trkpt>
   <trkpt lat="46.268388" lon="11.814094"><ele>1788.6</ele></trkpt>
   <trkpt lat="46.268382" lon="11.814066"><ele>1788.0</ele></trkpt>
   <trkpt lat="46.268364" lon="11.814054"><ele>1787.2</ele></trkpt>
   <trkpt lat="46.268341" lon="11.814029"><ele>1786.4</ele></trkpt>
   <trkpt lat="46.268334" lon="11.813989"><ele>1785.6</ele></trkpt>
   <trkpt lat="46.268324" lon="11.813957"><ele>1784.8</ele></trkpt>
   <trkpt lat="46.268312" lon="11.813929"><ele>1784.0</ele></trkpt>
   <trkpt lat="46.268306" lon="11.813903"><ele>1782.5</ele></trkpt>
   <trkpt lat="46.268298" lon="11.813876"><ele>1780.8</ele></trkpt>
   <trkpt lat="46.268277" lon="11.813836"><ele>1779.2</ele></trkpt>
   <trkpt lat="46.268265" lon="11.813815"><ele>1778.4</ele></trkpt>
   <trkpt lat="46.268248" lon="11.813768"><ele>1776.8</ele></trkpt>
   <trkpt lat="46.268231" lon="11.813717"><ele>1775.4</ele></trkpt>
   <trkpt lat="46.268216" lon="11.813690"><ele>1774.8</ele></trkpt>
   <trkpt lat="46.268202" lon="11.813663"><ele>1774.2</ele></trkpt>
   <trkpt lat="46.268190" lon="11.813635"><ele>1773.6</ele></trkpt>
   <trkpt lat="46.268179" lon="11.813605"><ele>1773.0</ele></trkpt>
   <trkpt lat="46.268166" lon="11.813560"><ele>1771.8</ele></trkpt>
   <trkpt lat="46.268159" lon="11.813532"><ele>1771.2</ele></trkpt>
   <trkpt lat="46.268147" lon="11.813488"><ele>1770.0</ele></trkpt>
   <trkpt lat="46.268139" lon="11.813461"><ele>1769.3</ele></trkpt>
   <trkpt lat="46.268130" lon="11.813434"><ele>1768.6</ele></trkpt>
   <trkpt lat="46.268110" lon="11.813397"><ele>1767.2</ele></trkpt>
   <trkpt lat="46.268087" lon="11.813369"><ele>1765.8</ele></trkpt>
   <trkpt lat="46.268096" lon="11.813328"><ele>1764.4</ele></trkpt>
   <trkpt lat="46.268134" lon="11.813311"><ele>1763.0</ele></trkpt>
   <trkpt lat="46.268154" lon="11.813321"><ele>1762.4</ele></trkpt>
   <trkpt lat="46.268175" lon="11.813339"><ele>1761.8</ele></trkpt>
   <trkpt lat="46.268193" lon="11.813353"><ele>1761.2</ele></trkpt>
   <trkpt lat="46.268207" lon="11.813333"><ele>1760.0</ele></trkpt>
   <trkpt lat="46.268183" lon="11.813291"><ele>1758.8</ele></trkpt>
   <trkpt lat="46.268170" lon="11.813267"><ele>1758.2</ele></trkpt>
   <trkpt lat="46.268158" lon="11.813241"><ele>1757.6</ele></trkpt>
   <trkpt lat="46.268150" lon="11.813212"><ele>1757.0</ele></trkpt>
   <trkpt lat="46.268137" lon="11.813193"><ele>1756.2</ele></trkpt>
   <trkpt lat="46.268120" lon="11.813180"><ele>1755.4</ele></trkpt>
   <trkpt lat="46.268099" lon="11.813174"><ele>1754.6</ele></trkpt>
   <trkpt lat="46.268078" lon="11.813164"><ele>1753.8</ele></trkpt>
   <trkpt lat="46.268058" lon="11.813150"><ele>1753.0</ele></trkpt>
   <trkpt lat="46.268038" lon="11.813143"><ele>1752.3</ele></trkpt>
   <trkpt lat="46.268020" lon="11.813136"><ele>1751.5</ele></trkpt>
   <trkpt lat="46.267999" lon="11.813132"><ele>1750.7</ele></trkpt>
   <trkpt lat="46.267964" lon="11.813127"><ele>1749.1</ele></trkpt>
   <trkpt lat="46.267935" lon="11.813106"><ele>1747.7</ele></trkpt>
   <trkpt lat="46.267930" lon="11.813061"><ele>1746.3</ele></trkpt>
   <trkpt lat="46.267927" lon="11.813011"><ele>1744.9</ele></trkpt>
   <trkpt lat="46.267944" lon="11.812983"><ele>1744.2</ele></trkpt>
   <trkpt lat="46.267961" lon="11.812961"><ele>1743.5</ele></trkpt>
   <trkpt lat="46.267975" lon="11.812944"><ele>1742.8</ele></trkpt>
   <trkpt lat="46.267989" lon="11.812926"><ele>1742.1</ele></trkpt>
   <trkpt lat="46.268009" lon="11.812912"><ele>1741.6</ele></trkpt>
   <trkpt lat="46.268024" lon="11.812894"><ele>1741.2</ele></trkpt>
   <trkpt lat="46.268033" lon="11.812862"><ele>1740.4</ele></trkpt>
   <trkpt lat="46.268009" lon="11.812857"><ele>1740.0</ele></trkpt>
   <trkpt lat="46.267983" lon="11.812862"><ele>1739.6</ele></trkpt>
   <trkpt lat="46.267960" lon="11.812857"><ele>1739.2</ele></trkpt>
   <trkpt lat="46.267940" lon="11.812853"><ele>1738.8</ele></trkpt>
   <trkpt lat="46.267923" lon="11.812830"><ele>1738.0</ele></trkpt>
   <trkpt lat="46.267938" lon="11.812791"><ele>1737.8</ele></trkpt>
   <trkpt lat="46.267953" lon="11.812751"><ele>1737.6</ele></trkpt>
   <trkpt lat="46.267970" lon="11.812716"><ele>1737.4</ele></trkpt>
   <trkpt lat="46.267982" lon="11.812695"><ele>1737.2</ele></trkpt>
   <trkpt lat="46.267976" lon="11.812664"><ele>1736.8</ele></trkpt>
   <trkpt lat="46.267949" lon="11.812647"><ele>1736.4</ele></trkpt>
   <trkpt lat="46.267914" lon="11.812634"><ele>1736.0</ele></trkpt>
   <trkpt lat="46.267894" lon="11.812623"><ele>1735.4</ele></trkpt>
   <trkpt lat="46.267871" lon="11.812621"><ele>1734.8</ele></trkpt>
   <trkpt lat="46.267850" lon="11.812623"><ele>1734.3</ele></trkpt>
   <trkpt lat="46.267829" lon="11.812620"><ele>1733.7</ele></trkpt>
   <trkpt lat="46.267806" lon="11.812626"><ele>1733.1</ele></trkpt>
   <trkpt lat="46.267784" lon="11.812639"><ele>1732.5</ele></trkpt>
   <trkpt lat="46.267766" lon="11.812651"><ele>1731.9</ele></trkpt>
   <trkpt lat="46.267741" lon="11.812638"><ele>1730.7</ele></trkpt>
   <trkpt lat="46.267715" lon="11.812623"><ele>1729.5</ele></trkpt>
   <trkpt lat="46.267692" lon="11.812608"><ele>1728.1</ele></trkpt>
   <trkpt lat="46.267664" lon="11.812598"><ele>1726.6</ele></trkpt>
   <trkpt lat="46.267635" lon="11.812588"><ele>1725.2</ele></trkpt>
   <trkpt lat="46.267615" lon="11.812582"><ele>1724.5</ele></trkpt>
   <trkpt lat="46.267598" lon="11.812565"><ele>1723.8</ele></trkpt>
   <trkpt lat="46.267582" lon="11.812549"><ele>1723.1</ele></trkpt>
   <trkpt lat="46.267572" lon="11.812527"><ele>1722.3</ele></trkpt>
   <trkpt lat="46.267564" lon="11.812497"><ele>1721.6</ele></trkpt>
   <trkpt lat="46.267549" lon="11.812419"><ele>1720.2</ele></trkpt>
   <trkpt lat="46.267587" lon="11.812287"><ele>1718.1</ele></trkpt>
   <trkpt lat="46.267642" lon="11.812210"><ele>1715.5</ele></trkpt>
   <trkpt lat="46.267659" lon="11.812177"><ele>1714.5</ele></trkpt>
   <trkpt lat="46.267638" lon="11.812181"><ele>1713.5</ele></trkpt>
   <trkpt lat="46.267610" lon="11.812174"><ele>1712.5</ele></trkpt>
   <trkpt lat="46.267618" lon="11.812134"><ele>1711.5</ele></trkpt>
   <trkpt lat="46.267651" lon="11.812072"><ele>1710.4</ele></trkpt>
   <trkpt lat="46.267655" lon="11.812015"><ele>1709.8</ele></trkpt>
   <trkpt lat="46.267663" lon="11.811986"><ele>1709.5</ele></trkpt>
   <trkpt lat="46.267670" lon="11.811960"><ele>1709.2</ele></trkpt>
   <trkpt lat="46.267661" lon="11.811915"><ele>1708.7</ele></trkpt>
   <trkpt lat="46.267640" lon="11.811884"><ele>1708.1</ele></trkpt>
   <trkpt lat="46.267625" lon="11.811864"><ele>1707.4</ele></trkpt>
   <trkpt lat="46.267595" lon="11.811840"><ele>1705.7</ele></trkpt>
   <trkpt lat="46.267579" lon="11.811795"><ele>1704.1</ele></trkpt>
   <trkpt lat="46.267556" lon="11.811779"><ele>1702.5</ele></trkpt>
   <trkpt lat="46.267539" lon="11.811786"><ele>1701.6</ele></trkpt>
   <trkpt lat="46.267527" lon="11.811821"><ele>1700.8</ele></trkpt>
   <trkpt lat="46.267504" lon="11.811840"><ele>1700.0</ele></trkpt>
   <trkpt lat="46.267483" lon="11.811856"><ele>1699.4</ele></trkpt>
   <trkpt lat="46.267458" lon="11.811871"><ele>1698.8</ele></trkpt>
   <trkpt lat="46.267434" lon="11.811876"><ele>1698.2</ele></trkpt>
   <trkpt lat="46.267411" lon="11.811880"><ele>1697.6</ele></trkpt>
   <trkpt lat="46.267387" lon="11.811882"><ele>1697.0</ele></trkpt>
   <trkpt lat="46.267362" lon="11.811873"><ele>1696.4</ele></trkpt>
   <trkpt lat="46.267336" lon="11.811878"><ele>1695.8</ele></trkpt>
   <trkpt lat="46.267308" lon="11.811878"><ele>1695.2</ele></trkpt>
   <trkpt lat="46.267288" lon="11.811871"><ele>1694.6</ele></trkpt>
   <trkpt lat="46.267270" lon="11.811861"><ele>1694.0</ele></trkpt>
   <trkpt lat="46.267251" lon="11.811854"><ele>1693.3</ele></trkpt>
   <trkpt lat="46.267226" lon="11.811849"><ele>1692.6</ele></trkpt>
   <trkpt lat="46.267203" lon="11.811839"><ele>1692.0</ele></trkpt>
   <trkpt lat="46.267183" lon="11.811827"><ele>1691.3</ele></trkpt>
   <trkpt lat="46.267159" lon="11.811819"><ele>1690.6</ele></trkpt>
   <trkpt lat="46.267141" lon="11.811804"><ele>1689.9</ele></trkpt>
   <trkpt lat="46.267091" lon="11.811704"><ele>1687.2</ele></trkpt>
   <trkpt lat="46.267074" lon="11.811682"><ele>1686.7</ele></trkpt>
   <trkpt lat="46.267059" lon="11.811654"><ele>1686.3</ele></trkpt>
   <trkpt lat="46.267040" lon="11.811625"><ele>1685.9</ele></trkpt>
   <trkpt lat="46.267024" lon="11.811578"><ele>1685.5</ele></trkpt>
   <trkpt lat="46.267012" lon="11.811540"><ele>1685.1</ele></trkpt>
   <trkpt lat="46.267000" lon="11.811501"><ele>1684.6</ele></trkpt>
   <trkpt lat="46.266990" lon="11.811456"><ele>1684.2</ele></trkpt>
   <trkpt lat="46.266953" lon="11.811366"><ele>1683.4</ele></trkpt>
   <trkpt lat="46.266941" lon="11.811329"><ele>1683.0</ele></trkpt>
   <trkpt lat="46.266923" lon="11.811298"><ele>1682.5</ele></trkpt>
   <trkpt lat="46.266905" lon="11.811274"><ele>1682.0</ele></trkpt>
   <trkpt lat="46.266891" lon="11.811246"><ele>1681.5</ele></trkpt>
   <trkpt lat="46.266873" lon="11.811217"><ele>1681.0</ele></trkpt>
   <trkpt lat="46.266849" lon="11.811183"><ele>1680.5</ele></trkpt>
   <trkpt lat="46.266832" lon="11.811155"><ele>1680.0</ele></trkpt>
   <trkpt lat="46.266805" lon="11.811128"><ele>1679.5</ele></trkpt>
   <trkpt lat="46.266788" lon="11.811093"><ele>1679.0</ele></trkpt>
   <trkpt lat="46.266774" lon="11.811057"><ele>1678.5</ele></trkpt>
   <trkpt lat="46.266760" lon="11.811022"><ele>1678.0</ele></trkpt>
   <trkpt lat="46.266748" lon="11.810989"><ele>1677.3</ele></trkpt>
   <trkpt lat="46.266732" lon="11.810964"><ele>1676.5</ele></trkpt>
   <trkpt lat="46.266717" lon="11.810935"><ele>1675.7</ele></trkpt>
   <trkpt lat="46.266702" lon="11.810907"><ele>1674.8</ele></trkpt>
   <trkpt lat="46.266687" lon="11.810889"><ele>1674.0</ele></trkpt>
   <trkpt lat="46.266651" lon="11.810878"><ele>1672.4</ele></trkpt>
   <trkpt lat="46.266638" lon="11.810849"><ele>1671.6</ele></trkpt>
   <trkpt lat="46.266637" lon="11.810807"><ele>1670.8</ele></trkpt>
   <trkpt lat="46.266652" lon="11.810752"><ele>1670.0</ele></trkpt>
   <trkpt lat="46.266668" lon="11.810700"><ele>1669.2</ele></trkpt>
   <trkpt lat="46.266679" lon="11.810654"><ele>1668.4</ele></trkpt>
   <trkpt lat="46.266685" lon="11.810612"><ele>1667.6</ele></trkpt>
   <trkpt lat="46.266693" lon="11.810569"><ele>1666.8</ele></trkpt>
   <trkpt lat="46.266701" lon="11.810528"><ele>1666.0</ele></trkpt>
   <trkpt lat="46.266704" lon="11.810490"><ele>1665.2</ele></trkpt>
   <trkpt lat="46.266706" lon="11.810448"><ele>1664.4</ele></trkpt>
   <trkpt lat="46.266703" lon="11.810414"><ele>1663.6</ele></trkpt>
   <trkpt lat="46.266697" lon="11.810384"><ele>1662.8</ele></trkpt>
   <trkpt lat="46.266689" lon="11.810356"><ele>1662.1</ele></trkpt>
   <trkpt lat="46.266678" lon="11.810328"><ele>1661.1</ele></trkpt>
   <trkpt lat="46.266665" lon="11.810300"><ele>1660.1</ele></trkpt>
   <trkpt lat="46.266650" lon="11.810282"><ele>1659.0</ele></trkpt>
   <trkpt lat="46.266632" lon="11.810260"><ele>1658.0</ele></trkpt>
   <trkpt lat="46.266614" lon="11.810243"><ele>1657.0</ele></trkpt>
   <trkpt lat="46.266592" lon="11.810234"><ele>1656.0</ele></trkpt>
   <trkpt lat="46.266558" lon="11.810239"><ele>1654.0</ele></trkpt>
   <trkpt lat="46.266535" lon="11.810235"><ele>1653.0</ele></trkpt>
   <trkpt lat="46.266508" lon="11.810221"><ele>1652.0</ele></trkpt>
   <trkpt lat="46.266484" lon="11.810196"><ele>1651.2</ele></trkpt>
   <trkpt lat="46.266456" lon="11.810175"><ele>1650.4</ele></trkpt>
   <trkpt lat="46.266430" lon="11.810160"><ele>1649.6</ele></trkpt>
   <trkpt lat="46.266407" lon="11.810138"><ele>1648.8</ele></trkpt>
   <trkpt lat="46.266381" lon="11.810120"><ele>1648.0</ele></trkpt>
   <trkpt lat="46.266357" lon="11.810108"><ele>1647.2</ele></trkpt>
   <trkpt lat="46.266329" lon="11.810099"><ele>1646.4</ele></trkpt>
   <trkpt lat="46.266302" lon="11.810082"><ele>1645.6</ele></trkpt>
   <trkpt lat="46.266274" lon="11.810064"><ele>1644.8</ele></trkpt>
   <trkpt lat="46.266251" lon="11.810040"><ele>1644.0</ele></trkpt>
   <trkpt lat="46.266226" lon="11.810019"><ele>1643.3</ele></trkpt>
   <trkpt lat="46.266201" lon="11.810002"><ele>1642.6</ele></trkpt>
   <trkpt lat="46.266175" lon="11.809978"><ele>1641.9</ele></trkpt>
   <trkpt lat="46.266150" lon="11.809955"><ele>1641.2</ele></trkpt>
   <trkpt lat="46.266130" lon="11.809923"><ele>1640.5</ele></trkpt>
   <trkpt lat="46.266111" lon="11.809894"><ele>1639.8</ele></trkpt>
   <trkpt lat="46.266089" lon="11.809863"><ele>1639.1</ele></trkpt>
   <trkpt lat="46.266068" lon="11.809832"><ele>1638.4</ele></trkpt>
   <trkpt lat="46.266045" lon="11.809805"><ele>1637.7</ele></trkpt>
   <trkpt lat="46.266023" lon="11.809774"><ele>1637.0</ele></trkpt>
   <trkpt lat="46.265998" lon="11.809745"><ele>1636.3</ele></trkpt>
   <trkpt lat="46.265977" lon="11.809711"><ele>1635.6</ele></trkpt>
   <trkpt lat="46.265953" lon="11.809678"><ele>1634.9</ele></trkpt>
   <trkpt lat="46.265927" lon="11.809639"><ele>1634.2</ele></trkpt>
   <trkpt lat="46.265902" lon="11.809598"><ele>1633.5</ele></trkpt>
   <trkpt lat="46.265879" lon="11.809555"><ele>1632.8</ele></trkpt>
   <trkpt lat="46.265858" lon="11.809516"><ele>1632.1</ele></trkpt>
   <trkpt lat="46.265836" lon="11.809478"><ele>1631.4</ele></trkpt>
   <trkpt lat="46.265814" lon="11.809435"><ele>1630.7</ele></trkpt>
   <trkpt lat="46.265792" lon="11.809401"><ele>1630.0</ele></trkpt>
   <trkpt lat="46.265775" lon="11.809364"><ele>1629.3</ele></trkpt>
   <trkpt lat="46.265756" lon="11.809327"><ele>1628.6</ele></trkpt>
   <trkpt lat="46.265743" lon="11.809283"><ele>1627.9</ele></trkpt>
   <trkpt lat="46.265730" lon="11.809250"><ele>1627.2</ele></trkpt>
   <trkpt lat="46.265715" lon="11.809216"><ele>1626.5</ele></trkpt>
   <trkpt lat="46.265701" lon="11.809178"><ele>1625.8</ele></trkpt>
   <trkpt lat="46.265681" lon="11.809154"><ele>1625.2</ele></trkpt>
   <trkpt lat="46.265661" lon="11.809131"><ele>1624.5</ele></trkpt>
   <trkpt lat="46.265636" lon="11.809105"><ele>1623.8</ele></trkpt>
   <trkpt lat="46.265614" lon="11.809075"><ele>1623.1</ele></trkpt>
   <trkpt lat="46.265572" lon="11.809005"><ele>1621.7</ele></trkpt>
   <trkpt lat="46.265553" lon="11.808966"><ele>1621.0</ele></trkpt>
   <trkpt lat="46.265536" lon="11.808930"><ele>1620.2</ele></trkpt>
   <trkpt lat="46.265514" lon="11.808896"><ele>1619.5</ele></trkpt>
   <trkpt lat="46.265492" lon="11.808871"><ele>1618.8</ele></trkpt>
   <trkpt lat="46.265418" lon="11.808795"><ele>1616.7</ele></trkpt>
   <trkpt lat="46.265347" lon="11.808697"><ele>1614.2</ele></trkpt>
   <trkpt lat="46.265318" lon="11.808538"><ele>1611.5</ele></trkpt>
   <trkpt lat="46.265218" lon="11.808482"><ele>1608.0</ele></trkpt>
   <trkpt lat="46.265121" lon="11.808515"><ele>1606.4</ele></trkpt>
   <trkpt lat="46.265013" lon="11.808476"><ele>1603.6</ele></trkpt>
   <trkpt lat="46.264932" lon="11.808396"><ele>1600.9</ele></trkpt>
   <trkpt lat="46.264846" lon="11.808322"><ele>1598.4</ele></trkpt>
   <trkpt lat="46.264771" lon="11.808234"><ele>1595.7</ele></trkpt>
   <trkpt lat="46.264680" lon="11.808178"><ele>1592.9</ele></trkpt>
   <trkpt lat="46.264601" lon="11.808055"><ele>1590.3</ele></trkpt>
   <trkpt lat="46.264529" lon="11.807945"><ele>1587.9</ele></trkpt>
   <trkpt lat="46.264438" lon="11.807887"><ele>1584.8</ele></trkpt>
   <trkpt lat="46.264400" lon="11.807864"><ele>1583.2</ele></trkpt>
   <trkpt lat="46.264349" lon="11.807739"><ele>1579.6</ele></trkpt>
   <trkpt lat="46.264280" lon="11.807645"><ele>1576.8</ele></trkpt>
   <trkpt lat="46.264266" lon="11.807615"><ele>1575.8</ele></trkpt>
   <trkpt lat="46.264249" lon="11.807579"><ele>1574.9</ele></trkpt>
   <trkpt lat="46.264205" lon="11.807528"><ele>1573.1</ele></trkpt>
   <trkpt lat="46.264187" lon="11.807502"><ele>1572.2</ele></trkpt>
   <trkpt lat="46.264168" lon="11.807480"><ele>1571.3</ele></trkpt>
   <trkpt lat="46.264112" lon="11.807366"><ele>1568.6</ele></trkpt>
   <trkpt lat="46.264097" lon="11.807185"><ele>1565.9</ele></trkpt>
   <trkpt lat="46.264061" lon="11.807031"><ele>1562.7</ele></trkpt>
   <trkpt lat="46.264048" lon="11.807001"><ele>1561.9</ele></trkpt>
   <trkpt lat="46.264037" lon="11.806964"><ele>1561.1</ele></trkpt>
   <trkpt lat="46.264030" lon="11.806924"><ele>1560.3</ele></trkpt>
   <trkpt lat="46.264022" lon="11.806886"><ele>1559.6</ele></trkpt>
   <trkpt lat="46.264017" lon="11.806839"><ele>1558.8</ele></trkpt>
   <trkpt lat="46.264013" lon="11.806798"><ele>1558.0</ele></trkpt>
   <trkpt lat="46.264012" lon="11.806755"><ele>1557.2</ele></trkpt>
   <trkpt lat="46.264012" lon="11.806710"><ele>1556.5</ele></trkpt>
   <trkpt lat="46.264013" lon="11.806660"><ele>1555.9</ele></trkpt>
   <trkpt lat="46.264007" lon="11.806616"><ele>1555.3</ele></trkpt>
   <trkpt lat="46.263994" lon="11.806526"><ele>1554.1</ele></trkpt>
   <trkpt lat="46.263981" lon="11.806488"><ele>1553.5</ele></trkpt>
   <trkpt lat="46.263977" lon="11.806460"><ele>1552.8</ele></trkpt>
   <trkpt lat="46.263969" lon="11.806422"><ele>1552.2</ele></trkpt>
   <trkpt lat="46.263959" lon="11.806385"><ele>1551.6</ele></trkpt>
   <trkpt lat="46.263949" lon="11.806348"><ele>1551.0</ele></trkpt>
   <trkpt lat="46.263939" lon="11.806307"><ele>1550.3</ele></trkpt>
   <trkpt lat="46.263923" lon="11.806275"><ele>1549.6</ele></trkpt>
   <trkpt lat="46.263912" lon="11.806235"><ele>1548.9</ele></trkpt>
   <trkpt lat="46.263898" lon="11.806199"><ele>1548.2</ele></trkpt>
   <trkpt lat="46.263885" lon="11.806155"><ele>1547.5</ele></trkpt>
   <trkpt lat="46.263868" lon="11.806118"><ele>1546.8</ele></trkpt>
   <trkpt lat="46.263851" lon="11.806081"><ele>1546.1</ele></trkpt>
   <trkpt lat="46.263836" lon="11.806046"><ele>1545.4</ele></trkpt>
   <trkpt lat="46.263820" lon="11.806008"><ele>1544.7</ele></trkpt>
   <trkpt lat="46.263803" lon="11.805969"><ele>1544.0</ele></trkpt>
   <trkpt lat="46.263787" lon="11.805927"><ele>1543.4</ele></trkpt>
   <trkpt lat="46.263773" lon="11.805885"><ele>1542.8</ele></trkpt>
   <trkpt lat="46.263759" lon="11.805848"><ele>1542.1</ele></trkpt>
   <trkpt lat="46.263739" lon="11.805813"><ele>1541.5</ele></trkpt>
   <trkpt lat="46.263728" lon="11.805763"><ele>1540.9</ele></trkpt>
  </trkseg>
 </trk>
</gpx>
