<?xml version="1.0" encoding="UTF-8"?>
<gpx version="1.1" creator="Muflones Trail Running Club" xmlns="http://www.topografix.com/GPX/1/1">
 <metadata>
  <name>Roccapiana Skyrace</name>
  <link href="https://muflones.github.io"><text>Muflones Trail Running Club</text></link>
 </metadata>
 <trk><name>Roccapiana Skyrace</name>
  <trkseg>
   <trkpt lat="46.217415" lon="11.118365"><ele>234.6</ele></trkpt>
   <trkpt lat="46.217504" lon="11.118374"><ele>235.8</ele></trkpt>
   <trkpt lat="46.217608" lon="11.118396"><ele>237.0</ele></trkpt>
   <trkpt lat="46.217661" lon="11.118403"><ele>238.0</ele></trkpt>
   <trkpt lat="46.217725" lon="11.118401"><ele>239.2</ele></trkpt>
   <trkpt lat="46.217794" lon="11.118402"><ele>240.6</ele></trkpt>
   <trkpt lat="46.217868" lon="11.118391"><ele>242.0</ele></trkpt>
   <trkpt lat="46.217940" lon="11.118384"><ele>243.0</ele></trkpt>
   <trkpt lat="46.217991" lon="11.118385"><ele>244.4</ele></trkpt>
   <trkpt lat="46.218072" lon="11.118382"><ele>245.6</ele></trkpt>
   <trkpt lat="46.218172" lon="11.118389"><ele>246.8</ele></trkpt>
   <trkpt lat="46.218297" lon="11.118409"><ele>248.0</ele></trkpt>
   <trkpt lat="46.218365" lon="11.118428"><ele>249.2</ele></trkpt>
   <trkpt lat="46.218408" lon="11.118436"><ele>250.4</ele></trkpt>
   <trkpt lat="46.218504" lon="11.118508"><ele>251.4</ele></trkpt>
   <trkpt lat="46.218678" lon="11.118627"><ele>252.4</ele></trkpt>
   <trkpt lat="46.218699" lon="11.118641"><ele>252.4</ele></trkpt>
   <trkpt lat="46.218819" lon="11.118746"><ele>253.6</ele></trkpt>
   <trkpt lat="46.218865" lon="11.118817"><ele>254.8</ele></trkpt>
   <trkpt lat="46.218908" lon="11.118876"><ele>256.0</ele></trkpt>
   <trkpt lat="46.218973" lon="11.118964"><ele>257.0</ele></trkpt>
   <trkpt lat="46.218986" lon="11.118991"><ele>257.2</ele></trkpt>
   <trkpt lat="46.219012" lon="11.119063"><ele>258.6</ele></trkpt>
   <trkpt lat="46.219032" lon="11.119132"><ele>259.8</ele></trkpt>
   <trkpt lat="46.219052" lon="11.119206"><ele>260.8</ele></trkpt>
   <trkpt lat="46.219077" lon="11.119291"><ele>262.2</ele></trkpt>
   <trkpt lat="46.219109" lon="11.119343"><ele>263.4</ele></trkpt>
   <trkpt lat="46.219143" lon="11.119394"><ele>264.6</ele></trkpt>
   <trkpt lat="46.219163" lon="11.119413"><ele>264.8</ele></trkpt>
   <trkpt lat="46.219202" lon="11.119483"><ele>265.6</ele></trkpt>
   <trkpt lat="46.219212" lon="11.119512"><ele>266.0</ele></trkpt>
   <trkpt lat="46.219229" lon="11.119581"><ele>267.0</ele></trkpt>
   <trkpt lat="46.219230" lon="11.119610"><ele>267.4</ele></trkpt>
   <trkpt lat="46.219251" lon="11.119645"><ele>268.0</ele></trkpt>
   <trkpt lat="46.219275" lon="11.119708"><ele>269.0</ele></trkpt>
   <trkpt lat="46.219301" lon="11.119771"><ele>270.4</ele></trkpt>
   <trkpt lat="46.219330" lon="11.119831"><ele>271.4</ele></trkpt>
   <trkpt lat="46.219351" lon="11.119896"><ele>272.4</ele></trkpt>
   <trkpt lat="46.219373" lon="11.119962"><ele>273.6</ele></trkpt>
   <trkpt lat="46.219419" lon="11.120079"><ele>275.0</ele></trkpt>
   <trkpt lat="46.219442" lon="11.120168"><ele>276.0</ele></trkpt>
   <trkpt lat="46.219456" lon="11.120249"><ele>277.4</ele></trkpt>
   <trkpt lat="46.219465" lon="11.120299"><ele>278.4</ele></trkpt>
   <trkpt lat="46.219470" lon="11.120320"><ele>278.8</ele></trkpt>
   <trkpt lat="46.219497" lon="11.120396"><ele>279.8</ele></trkpt>
   <trkpt lat="46.219504" lon="11.120442"><ele>280.8</ele></trkpt>
   <trkpt lat="46.219510" lon="11.120466"><ele>281.4</ele></trkpt>
   <trkpt lat="46.219539" lon="11.120512"><ele>282.4</ele></trkpt>
   <trkpt lat="46.219541" lon="11.120535"><ele>282.8</ele></trkpt>
   <trkpt lat="46.219558" lon="11.120574"><ele>283.2</ele></trkpt>
   <trkpt lat="46.219560" lon="11.120626"><ele>283.6</ele></trkpt>
   <trkpt lat="46.219568" lon="11.120694"><ele>284.6</ele></trkpt>
   <trkpt lat="46.219569" lon="11.120712"><ele>285.0</ele></trkpt>
   <trkpt lat="46.219574" lon="11.120728"><ele>285.4</ele></trkpt>
   <trkpt lat="46.219582" lon="11.120762"><ele>286.4</ele></trkpt>
   <trkpt lat="46.219611" lon="11.120836"><ele>287.6</ele></trkpt>
   <trkpt lat="46.219638" lon="11.120946"><ele>288.8</ele></trkpt>
   <trkpt lat="46.219646" lon="11.120958"><ele>289.0</ele></trkpt>
   <trkpt lat="46.219648" lon="11.121001"><ele>289.8</ele></trkpt>
   <trkpt lat="46.219668" lon="11.121073"><ele>291.0</ele></trkpt>
   <trkpt lat="46.219677" lon="11.121115"><ele>291.8</ele></trkpt>
   <trkpt lat="46.219684" lon="11.121126"><ele>292.2</ele></trkpt>
   <trkpt lat="46.219715" lon="11.121176"><ele>293.8</ele></trkpt>
   <trkpt lat="46.219729" lon="11.121235"><ele>295.0</ele></trkpt>
   <trkpt lat="46.219741" lon="11.121293"><ele>296.0</ele></trkpt>
   <trkpt lat="46.219759" lon="11.121365"><ele>297.2</ele></trkpt>
   <trkpt lat="46.219756" lon="11.121424"><ele>298.4</ele></trkpt>
   <trkpt lat="46.219761" lon="11.121458"><ele>298.8</ele></trkpt>
   <trkpt lat="46.219770" lon="11.121482"><ele>299.4</ele></trkpt>
   <trkpt lat="46.219776" lon="11.121499"><ele>299.8</ele></trkpt>
   <trkpt lat="46.219793" lon="11.121532"><ele>300.4</ele></trkpt>
   <trkpt lat="46.219824" lon="11.121602"><ele>301.4</ele></trkpt>
   <trkpt lat="46.219844" lon="11.121675"><ele>302.8</ele></trkpt>
   <trkpt lat="46.219856" lon="11.121697"><ele>303.6</ele></trkpt>
   <trkpt lat="46.219856" lon="11.121719"><ele>304.0</ele></trkpt>
   <trkpt lat="46.219863" lon="11.121784"><ele>305.0</ele></trkpt>
   <trkpt lat="46.219867" lon="11.121802"><ele>305.2</ele></trkpt>
   <trkpt lat="46.219886" lon="11.121887"><ele>306.6</ele></trkpt>
   <trkpt lat="46.219896" lon="11.121936"><ele>307.8</ele></trkpt>
   <trkpt lat="46.219915" lon="11.121980"><ele>308.8</ele></trkpt>
   <trkpt lat="46.219933" lon="11.122022"><ele>309.8</ele></trkpt>
   <trkpt lat="46.219957" lon="11.122045"><ele>311.0</ele></trkpt>
   <trkpt lat="46.219983" lon="11.122023"><ele>312.0</ele></trkpt>
   <trkpt lat="46.220012" lon="11.121970"><ele>313.4</ele></trkpt>
   <trkpt lat="46.220038" lon="11.121893"><ele>314.4</ele></trkpt>
   <trkpt lat="46.220070" lon="11.121829"><ele>315.8</ele></trkpt>
   <trkpt lat="46.220103" lon="11.121752"><ele>317.0</ele></trkpt>
   <trkpt lat="46.220132" lon="11.121658"><ele>318.2</ele></trkpt>
   <trkpt lat="46.220134" lon="11.121580"><ele>319.6</ele></trkpt>
   <trkpt lat="46.220134" lon="11.121559"><ele>320.0</ele></trkpt>
   <trkpt lat="46.220134" lon="11.121524"><ele>320.6</ele></trkpt>
   <trkpt lat="46.220152" lon="11.121504"><ele>321.8</ele></trkpt>
   <trkpt lat="46.220163" lon="11.121542"><ele>322.8</ele></trkpt>
   <trkpt lat="46.220166" lon="11.121556"><ele>323.2</ele></trkpt>
   <trkpt lat="46.220166" lon="11.121587"><ele>324.4</ele></trkpt>
   <trkpt lat="46.220153" lon="11.121607"><ele>325.2</ele></trkpt>
   <trkpt lat="46.220155" lon="11.121618"><ele>325.4</ele></trkpt>
   <trkpt lat="46.220150" lon="11.121653"><ele>326.4</ele></trkpt>
   <trkpt lat="46.220147" lon="11.121669"><ele>326.6</ele></trkpt>
   <trkpt lat="46.220149" lon="11.121720"><ele>327.6</ele></trkpt>
   <trkpt lat="46.220159" lon="11.121729"><ele>328.0</ele></trkpt>
   <trkpt lat="46.220169" lon="11.121782"><ele>329.2</ele></trkpt>
   <trkpt lat="46.220165" lon="11.121799"><ele>329.6</ele></trkpt>
   <trkpt lat="46.220187" lon="11.121845"><ele>330.4</ele></trkpt>
   <trkpt lat="46.220181" lon="11.121859"><ele>330.6</ele></trkpt>
   <trkpt lat="46.220181" lon="11.121876"><ele>331.0</ele></trkpt>
   <trkpt lat="46.220183" lon="11.121883"><ele>331.4</ele></trkpt>
   <trkpt lat="46.220190" lon="11.121883"><ele>331.8</ele></trkpt>
   <trkpt lat="46.220213" lon="11.121860"><ele>332.8</ele></trkpt>
   <trkpt lat="46.220264" lon="11.121793"><ele>334.0</ele></trkpt>
   <trkpt lat="46.220268" lon="11.121785"><ele>334.2</ele></trkpt>
   <trkpt lat="46.220296" lon="11.121763"><ele>335.2</ele></trkpt>
   <trkpt lat="46.220324" lon="11.121751"><ele>336.4</ele></trkpt>
   <trkpt lat="46.220336" lon="11.121740"><ele>337.0</ele></trkpt>
   <trkpt lat="46.220338" lon="11.121731"><ele>337.4</ele></trkpt>
   <trkpt lat="46.220356" lon="11.121710"><ele>338.4</ele></trkpt>
   <trkpt lat="46.220364" lon="11.121707"><ele>338.8</ele></trkpt>
   <trkpt lat="46.220370" lon="11.121707"><ele>339.2</ele></trkpt>
   <trkpt lat="46.220387" lon="11.121687"><ele>340.0</ele></trkpt>
   <trkpt lat="46.220404" lon="11.121657"><ele>341.2</ele></trkpt>
   <trkpt lat="46.220407" lon="11.121650"><ele>341.4</ele></trkpt>
   <trkpt lat="46.220450" lon="11.121586"><ele>342.0</ele></trkpt>
   <trkpt lat="46.220463" lon="11.121566"><ele>342.2</ele></trkpt>
   <trkpt lat="46.220491" lon="11.121527"><ele>343.8</ele></trkpt>
   <trkpt lat="46.220502" lon="11.121510"><ele>344.4</ele></trkpt>
   <trkpt lat="46.220518" lon="11.121492"><ele>344.8</ele></trkpt>
   <trkpt lat="46.220553" lon="11.121458"><ele>346.2</ele></trkpt>
   <trkpt lat="46.220570" lon="11.121452"><ele>347.2</ele></trkpt>
   <trkpt lat="46.220574" lon="11.121454"><ele>347.6</ele></trkpt>
   <trkpt lat="46.220596" lon="11.121470"><ele>348.6</ele></trkpt>
   <trkpt lat="46.220589" lon="11.121504"><ele>349.8</ele></trkpt>
   <trkpt lat="46.220587" lon="11.121532"><ele>350.8</ele></trkpt>
   <trkpt lat="46.220585" lon="11.121552"><ele>352.0</ele></trkpt>
   <trkpt lat="46.220578" lon="11.121587"><ele>353.2</ele></trkpt>
   <trkpt lat="46.220585" lon="11.121600"><ele>353.4</ele></trkpt>
   <trkpt lat="46.220576" lon="11.121629"><ele>354.0</ele></trkpt>
   <trkpt lat="46.220571" lon="11.121659"><ele>354.2</ele></trkpt>
   <trkpt lat="46.220562" lon="11.121723"><ele>355.4</ele></trkpt>
   <trkpt lat="46.220560" lon="11.121753"><ele>356.4</ele></trkpt>
   <trkpt lat="46.220559" lon="11.121774"><ele>357.2</ele></trkpt>
   <trkpt lat="46.220561" lon="11.121796"><ele>357.6</ele></trkpt>
   <trkpt lat="46.220576" lon="11.121820"><ele>358.6</ele></trkpt>
   <trkpt lat="46.220580" lon="11.121812"><ele>359.0</ele></trkpt>
   <trkpt lat="46.220589" lon="11.121783"><ele>359.8</ele></trkpt>
   <trkpt lat="46.220600" lon="11.121767"><ele>360.2</ele></trkpt>
   <trkpt lat="46.220627" lon="11.121734"><ele>361.2</ele></trkpt>
   <trkpt lat="46.220648" lon="11.121699"><ele>362.4</ele></trkpt>
   <trkpt lat="46.220654" lon="11.121695"><ele>362.6</ele></trkpt>
   <trkpt lat="46.220703" lon="11.121647"><ele>363.4</ele></trkpt>
   <trkpt lat="46.220721" lon="11.121619"><ele>364.6</ele></trkpt>
   <trkpt lat="46.220738" lon="11.121611"><ele>365.8</ele></trkpt>
   <trkpt lat="46.220780" lon="11.121602"><ele>367.0</ele></trkpt>
   <trkpt lat="46.220816" lon="11.121607"><ele>368.0</ele></trkpt>
   <trkpt lat="46.220824" lon="11.121607"><ele>368.4</ele></trkpt>
   <trkpt lat="46.220843" lon="11.121602"><ele>369.0</ele></trkpt>
   <trkpt lat="46.220854" lon="11.121601"><ele>369.6</ele></trkpt>
   <trkpt lat="46.220856" lon="11.121594"><ele>369.8</ele></trkpt>
   <trkpt lat="46.220921" lon="11.121527"><ele>370.4</ele></trkpt>
   <trkpt lat="46.220927" lon="11.121509"><ele>370.6</ele></trkpt>
   <trkpt lat="46.220932" lon="11.121495"><ele>370.8</ele></trkpt>
   <trkpt lat="46.220942" lon="11.121474"><ele>371.6</ele></trkpt>
   <trkpt lat="46.220945" lon="11.121472"><ele>372.2</ele></trkpt>
   <trkpt lat="46.220954" lon="11.121498"><ele>372.8</ele></trkpt>
   <trkpt lat="46.220954" lon="11.121528"><ele>373.4</ele></trkpt>
   <trkpt lat="46.220969" lon="11.121553"><ele>373.8</ele></trkpt>
   <trkpt lat="46.220980" lon="11.121600"><ele>374.6</ele></trkpt>
   <trkpt lat="46.220982" lon="11.121611"><ele>375.0</ele></trkpt>
   <trkpt lat="46.221000" lon="11.121641"><ele>376.0</ele></trkpt>
   <trkpt lat="46.221009" lon="11.121647"><ele>376.2</ele></trkpt>
   <trkpt lat="46.221033" lon="11.121669"><ele>376.8</ele></trkpt>
   <trkpt lat="46.221052" lon="11.121692"><ele>377.4</ele></trkpt>
   <trkpt lat="46.221096" lon="11.121732"><ele>378.6</ele></trkpt>
   <trkpt lat="46.221113" lon="11.121745"><ele>379.0</ele></trkpt>
   <trkpt lat="46.221130" lon="11.121768"><ele>379.6</ele></trkpt>
   <trkpt lat="46.221135" lon="11.121773"><ele>379.8</ele></trkpt>
   <trkpt lat="46.221171" lon="11.121799"><ele>381.0</ele></trkpt>
   <trkpt lat="46.221195" lon="11.121819"><ele>381.6</ele></trkpt>
   <trkpt lat="46.221208" lon="11.121835"><ele>382.0</ele></trkpt>
   <trkpt lat="46.221224" lon="11.121859"><ele>382.8</ele></trkpt>
   <trkpt lat="46.221230" lon="11.121879"><ele>383.2</ele></trkpt>
   <trkpt lat="46.221248" lon="11.121924"><ele>384.4</ele></trkpt>
   <trkpt lat="46.221259" lon="11.121936"><ele>384.6</ele></trkpt>
   <trkpt lat="46.221272" lon="11.121958"><ele>385.6</ele></trkpt>
   <trkpt lat="46.221278" lon="11.121995"><ele>386.2</ele></trkpt>
   <trkpt lat="46.221279" lon="11.122033"><ele>386.8</ele></trkpt>
   <trkpt lat="46.221290" lon="11.122085"><ele>387.8</ele></trkpt>
   <trkpt lat="46.221300" lon="11.122099"><ele>388.0</ele></trkpt>
   <trkpt lat="46.221302" lon="11.122127"><ele>388.6</ele></trkpt>
   <trkpt lat="46.221299" lon="11.122138"><ele>389.2</ele></trkpt>
   <trkpt lat="46.221294" lon="11.122146"><ele>389.8</ele></trkpt>
   <trkpt lat="46.221295" lon="11.122161"><ele>390.2</ele></trkpt>
   <trkpt lat="46.221282" lon="11.122212"><ele>391.4</ele></trkpt>
   <trkpt lat="46.221262" lon="11.122254"><ele>392.0</ele></trkpt>
   <trkpt lat="46.221265" lon="11.122296"><ele>392.2</ele></trkpt>
   <trkpt lat="46.221272" lon="11.122306"><ele>392.6</ele></trkpt>
   <trkpt lat="46.221284" lon="11.122363"><ele>393.2</ele></trkpt>
   <trkpt lat="46.221290" lon="11.122380"><ele>393.6</ele></trkpt>
   <trkpt lat="46.221292" lon="11.122389"><ele>393.8</ele></trkpt>
   <trkpt lat="46.221296" lon="11.122393"><ele>394.2</ele></trkpt>
   <trkpt lat="46.221319" lon="11.122391"><ele>395.0</ele></trkpt>
   <trkpt lat="46.221329" lon="11.122392"><ele>395.6</ele></trkpt>
   <trkpt lat="46.221339" lon="11.122399"><ele>396.2</ele></trkpt>
   <trkpt lat="46.221343" lon="11.122402"><ele>396.6</ele></trkpt>
   <trkpt lat="46.221349" lon="11.122403"><ele>397.2</ele></trkpt>
   <trkpt lat="46.221369" lon="11.122442"><ele>398.6</ele></trkpt>
   <trkpt lat="46.221381" lon="11.122447"><ele>399.0</ele></trkpt>
   <trkpt lat="46.221393" lon="11.122456"><ele>399.4</ele></trkpt>
   <trkpt lat="46.221402" lon="11.122467"><ele>399.8</ele></trkpt>
   <trkpt lat="46.221416" lon="11.122515"><ele>401.2</ele></trkpt>
   <trkpt lat="46.221452" lon="11.122570"><ele>402.0</ele></trkpt>
   <trkpt lat="46.221457" lon="11.122593"><ele>402.4</ele></trkpt>
   <trkpt lat="46.221457" lon="11.122668"><ele>403.4</ele></trkpt>
   <trkpt lat="46.221450" lon="11.122701"><ele>403.8</ele></trkpt>
   <trkpt lat="46.221443" lon="11.122792"><ele>404.8</ele></trkpt>
   <trkpt lat="46.221444" lon="11.122813"><ele>405.2</ele></trkpt>
   <trkpt lat="46.221443" lon="11.122867"><ele>406.0</ele></trkpt>
   <trkpt lat="46.221442" lon="11.122879"><ele>406.4</ele></trkpt>
   <trkpt lat="46.221439" lon="11.122915"><ele>407.0</ele></trkpt>
   <trkpt lat="46.221442" lon="11.122927"><ele>407.2</ele></trkpt>
   <trkpt lat="46.221450" lon="11.122947"><ele>408.0</ele></trkpt>
   <trkpt lat="46.221445" lon="11.122988"><ele>409.2</ele></trkpt>
   <trkpt lat="46.221447" lon="11.123008"><ele>409.6</ele></trkpt>
   <trkpt lat="46.221441" lon="11.123021"><ele>410.0</ele></trkpt>
   <trkpt lat="46.221440" lon="11.123028"><ele>410.2</ele></trkpt>
   <trkpt lat="46.221436" lon="11.123041"><ele>411.0</ele></trkpt>
   <trkpt lat="46.221438" lon="11.123046"><ele>411.4</ele></trkpt>
   <trkpt lat="46.221442" lon="11.123055"><ele>412.0</ele></trkpt>
   <trkpt lat="46.221450" lon="11.123080"><ele>412.8</ele></trkpt>
   <trkpt lat="46.221438" lon="11.123093"><ele>413.6</ele></trkpt>
   <trkpt lat="46.221420" lon="11.123105"><ele>414.0</ele></trkpt>
   <trkpt lat="46.221396" lon="11.123117"><ele>414.6</ele></trkpt>
   <trkpt lat="46.221380" lon="11.123130"><ele>415.2</ele></trkpt>
   <trkpt lat="46.221368" lon="11.123146"><ele>415.6</ele></trkpt>
   <trkpt lat="46.221360" lon="11.123189"><ele>416.0</ele></trkpt>
   <trkpt lat="46.221363" lon="11.123210"><ele>416.2</ele></trkpt>
   <trkpt lat="46.221357" lon="11.123276"><ele>417.4</ele></trkpt>
   <trkpt lat="46.221352" lon="11.123308"><ele>418.0</ele></trkpt>
   <trkpt lat="46.221355" lon="11.123356"><ele>418.6</ele></trkpt>
   <trkpt lat="46.221392" lon="11.123353"><ele>419.8</ele></trkpt>
   <trkpt lat="46.221418" lon="11.123317"><ele>421.0</ele></trkpt>
   <trkpt lat="46.221430" lon="11.123292"><ele>421.8</ele></trkpt>
   <trkpt lat="46.221438" lon="11.123283"><ele>422.2</ele></trkpt>
   <trkpt lat="46.221467" lon="11.123254"><ele>423.2</ele></trkpt>
   <trkpt lat="46.221496" lon="11.123247"><ele>424.2</ele></trkpt>
   <trkpt lat="46.221502" lon="11.123246"><ele>424.4</ele></trkpt>
   <trkpt lat="46.221506" lon="11.123238"><ele>424.6</ele></trkpt>
   <trkpt lat="46.221529" lon="11.123230"><ele>425.4</ele></trkpt>
   <trkpt lat="46.221538" lon="11.123224"><ele>425.8</ele></trkpt>
   <trkpt lat="46.221574" lon="11.123221"><ele>426.6</ele></trkpt>
   <trkpt lat="46.221601" lon="11.123206"><ele>427.6</ele></trkpt>
   <trkpt lat="46.221626" lon="11.123209"><ele>428.8</ele></trkpt>
   <trkpt lat="46.221620" lon="11.123220"><ele>429.4</ele></trkpt>
   <trkpt lat="46.221622" lon="11.123236"><ele>430.0</ele></trkpt>
   <trkpt lat="46.221630" lon="11.123256"><ele>430.6</ele></trkpt>
   <trkpt lat="46.221614" lon="11.123292"><ele>431.2</ele></trkpt>
   <trkpt lat="46.221608" lon="11.123303"><ele>431.8</ele></trkpt>
   <trkpt lat="46.221600" lon="11.123322"><ele>432.2</ele></trkpt>
   <trkpt lat="46.221572" lon="11.123393"><ele>433.4</ele></trkpt>
   <trkpt lat="46.221550" lon="11.123473"><ele>434.4</ele></trkpt>
   <trkpt lat="46.221546" lon="11.123496"><ele>435.2</ele></trkpt>
   <trkpt lat="46.221538" lon="11.123512"><ele>435.4</ele></trkpt>
   <trkpt lat="46.221530" lon="11.123541"><ele>436.0</ele></trkpt>
   <trkpt lat="46.221517" lon="11.123569"><ele>436.6</ele></trkpt>
   <trkpt lat="46.221515" lon="11.123580"><ele>437.0</ele></trkpt>
   <trkpt lat="46.221513" lon="11.123600"><ele>437.6</ele></trkpt>
   <trkpt lat="46.221516" lon="11.123666"><ele>438.8</ele></trkpt>
   <trkpt lat="46.221527" lon="11.123730"><ele>439.4</ele></trkpt>
   <trkpt lat="46.221514" lon="11.123762"><ele>439.6</ele></trkpt>
   <trkpt lat="46.221511" lon="11.123792"><ele>439.8</ele></trkpt>
   <trkpt lat="46.221515" lon="11.123823"><ele>440.8</ele></trkpt>
   <trkpt lat="46.221514" lon="11.123835"><ele>441.0</ele></trkpt>
   <trkpt lat="46.221531" lon="11.123902"><ele>442.2</ele></trkpt>
   <trkpt lat="46.221522" lon="11.123961"><ele>443.4</ele></trkpt>
   <trkpt lat="46.221509" lon="11.124009"><ele>444.2</ele></trkpt>
   <trkpt lat="46.221504" lon="11.124029"><ele>444.4</ele></trkpt>
   <trkpt lat="46.221500" lon="11.124060"><ele>445.0</ele></trkpt>
   <trkpt lat="46.221481" lon="11.124108"><ele>445.6</ele></trkpt>
   <trkpt lat="46.221470" lon="11.124166"><ele>447.0</ele></trkpt>
   <trkpt lat="46.221457" lon="11.124197"><ele>447.6</ele></trkpt>
   <trkpt lat="46.221452" lon="11.124235"><ele>448.2</ele></trkpt>
   <trkpt lat="46.221451" lon="11.124245"><ele>448.4</ele></trkpt>
   <trkpt lat="46.221435" lon="11.124287"><ele>449.6</ele></trkpt>
   <trkpt lat="46.221445" lon="11.124319"><ele>450.0</ele></trkpt>
   <trkpt lat="46.221450" lon="11.124344"><ele>450.8</ele></trkpt>
   <trkpt lat="46.221443" lon="11.124402"><ele>452.0</ele></trkpt>
   <trkpt lat="46.221442" lon="11.124418"><ele>452.2</ele></trkpt>
   <trkpt lat="46.221440" lon="11.124451"><ele>453.0</ele></trkpt>
   <trkpt lat="46.221442" lon="11.124474"><ele>453.4</ele></trkpt>
   <trkpt lat="46.221437" lon="11.124507"><ele>454.2</ele></trkpt>
   <trkpt lat="46.221440" lon="11.124548"><ele>455.2</ele></trkpt>
   <trkpt lat="46.221441" lon="11.124577"><ele>455.6</ele></trkpt>
   <trkpt lat="46.221456" lon="11.124626"><ele>456.6</ele></trkpt>
   <trkpt lat="46.221464" lon="11.124659"><ele>458.0</ele></trkpt>
   <trkpt lat="46.221475" lon="11.124720"><ele>459.2</ele></trkpt>
   <trkpt lat="46.221473" lon="11.124771"><ele>460.4</ele></trkpt>
   <trkpt lat="46.221473" lon="11.124785"><ele>460.8</ele></trkpt>
   <trkpt lat="46.221473" lon="11.124815"><ele>461.6</ele></trkpt>
   <trkpt lat="46.221477" lon="11.124839"><ele>462.2</ele></trkpt>
   <trkpt lat="46.221480" lon="11.124868"><ele>462.8</ele></trkpt>
   <trkpt lat="46.221477" lon="11.124900"><ele>463.4</ele></trkpt>
   <trkpt lat="46.221475" lon="11.124931"><ele>464.2</ele></trkpt>
   <trkpt lat="46.221470" lon="11.124989"><ele>465.0</ele></trkpt>
   <trkpt lat="46.221462" lon="11.125004"><ele>465.4</ele></trkpt>
   <trkpt lat="46.221451" lon="11.125037"><ele>466.2</ele></trkpt>
   <trkpt lat="46.221463" lon="11.125072"><ele>466.4</ele></trkpt>
   <trkpt lat="46.221479" lon="11.125129"><ele>466.8</ele></trkpt>
   <trkpt lat="46.221454" lon="11.125232"><ele>467.4</ele></trkpt>
   <trkpt lat="46.221441" lon="11.125260"><ele>467.8</ele></trkpt>
   <trkpt lat="46.221437" lon="11.125310"><ele>469.2</ele></trkpt>
   <trkpt lat="46.221431" lon="11.125354"><ele>470.6</ele></trkpt>
   <trkpt lat="46.221405" lon="11.125417"><ele>471.6</ele></trkpt>
   <trkpt lat="46.221387" lon="11.125460"><ele>472.8</ele></trkpt>
   <trkpt lat="46.221362" lon="11.125475"><ele>473.2</ele></trkpt>
   <trkpt lat="46.221419" lon="11.125463"><ele>474.0</ele></trkpt>
   <trkpt lat="46.221439" lon="11.125431"><ele>474.6</ele></trkpt>
   <trkpt lat="46.221446" lon="11.125412"><ele>475.2</ele></trkpt>
   <trkpt lat="46.221458" lon="11.125375"><ele>476.4</ele></trkpt>
   <trkpt lat="46.221479" lon="11.125354"><ele>477.4</ele></trkpt>
   <trkpt lat="46.221513" lon="11.125329"><ele>479.0</ele></trkpt>
   <trkpt lat="46.221541" lon="11.125334"><ele>480.0</ele></trkpt>
   <trkpt lat="46.221563" lon="11.125333"><ele>480.4</ele></trkpt>
   <trkpt lat="46.221583" lon="11.125333"><ele>481.0</ele></trkpt>
   <trkpt lat="46.221592" lon="11.125324"><ele>481.2</ele></trkpt>
   <trkpt lat="46.221599" lon="11.125317"><ele>481.4</ele></trkpt>
   <trkpt lat="46.221615" lon="11.125315"><ele>482.0</ele></trkpt>
   <trkpt lat="46.221623" lon="11.125317"><ele>482.4</ele></trkpt>
   <trkpt lat="46.221645" lon="11.125301"><ele>483.4</ele></trkpt>
   <trkpt lat="46.221665" lon="11.125281"><ele>484.4</ele></trkpt>
   <trkpt lat="46.221674" lon="11.125271"><ele>485.0</ele></trkpt>
   <trkpt lat="46.221690" lon="11.125257"><ele>485.4</ele></trkpt>
   <trkpt lat="46.221695" lon="11.125258"><ele>485.6</ele></trkpt>
   <trkpt lat="46.221704" lon="11.125284"><ele>486.4</ele></trkpt>
   <trkpt lat="46.221703" lon="11.125283"><ele>486.8</ele></trkpt>
   <trkpt lat="46.221703" lon="11.125285"><ele>487.2</ele></trkpt>
   <trkpt lat="46.221723" lon="11.125299"><ele>488.0</ele></trkpt>
   <trkpt lat="46.221714" lon="11.125317"><ele>488.2</ele></trkpt>
   <trkpt lat="46.221687" lon="11.125388"><ele>489.2</ele></trkpt>
   <trkpt lat="46.221644" lon="11.125524"><ele>490.4</ele></trkpt>
   <trkpt lat="46.221633" lon="11.125609"><ele>491.6</ele></trkpt>
   <trkpt lat="46.221630" lon="11.125631"><ele>492.4</ele></trkpt>
   <trkpt lat="46.221632" lon="11.125641"><ele>492.8</ele></trkpt>
   <trkpt lat="46.221626" lon="11.125650"><ele>493.4</ele></trkpt>
   <trkpt lat="46.221623" lon="11.125663"><ele>494.0</ele></trkpt>
   <trkpt lat="46.221623" lon="11.125676"><ele>494.6</ele></trkpt>
   <trkpt lat="46.221621" lon="11.125689"><ele>495.0</ele></trkpt>
   <trkpt lat="46.221608" lon="11.125744"><ele>496.2</ele></trkpt>
   <trkpt lat="46.221597" lon="11.125773"><ele>496.8</ele></trkpt>
   <trkpt lat="46.221582" lon="11.125791"><ele>497.2</ele></trkpt>
   <trkpt lat="46.221581" lon="11.125799"><ele>497.6</ele></trkpt>
   <trkpt lat="46.221580" lon="11.125817"><ele>498.2</ele></trkpt>
   <trkpt lat="46.221595" lon="11.125812"><ele>498.6</ele></trkpt>
   <trkpt lat="46.221607" lon="11.125797"><ele>498.8</ele></trkpt>
   <trkpt lat="46.221636" lon="11.125745"><ele>499.8</ele></trkpt>
   <trkpt lat="46.221640" lon="11.125726"><ele>500.2</ele></trkpt>
   <trkpt lat="46.221651" lon="11.125704"><ele>500.8</ele></trkpt>
   <trkpt lat="46.221656" lon="11.125695"><ele>501.0</ele></trkpt>
   <trkpt lat="46.221665" lon="11.125679"><ele>501.6</ele></trkpt>
   <trkpt lat="46.221682" lon="11.125676"><ele>502.2</ele></trkpt>
   <trkpt lat="46.221684" lon="11.125684"><ele>502.8</ele></trkpt>
   <trkpt lat="46.221687" lon="11.125701"><ele>503.4</ele></trkpt>
   <trkpt lat="46.221694" lon="11.125763"><ele>504.8</ele></trkpt>
   <trkpt lat="46.221694" lon="11.125817"><ele>505.8</ele></trkpt>
   <trkpt lat="46.221714" lon="11.125894"><ele>506.8</ele></trkpt>
   <trkpt lat="46.221713" lon="11.125907"><ele>507.0</ele></trkpt>
   <trkpt lat="46.221712" lon="11.125985"><ele>508.0</ele></trkpt>
   <trkpt lat="46.221708" lon="11.125994"><ele>508.2</ele></trkpt>
   <trkpt lat="46.221715" lon="11.126060"><ele>509.2</ele></trkpt>
   <trkpt lat="46.221715" lon="11.126074"><ele>509.6</ele></trkpt>
   <trkpt lat="46.221702" lon="11.126128"><ele>510.4</ele></trkpt>
   <trkpt lat="46.221697" lon="11.126146"><ele>510.8</ele></trkpt>
   <trkpt lat="46.221667" lon="11.126187"><ele>511.6</ele></trkpt>
   <trkpt lat="46.221648" lon="11.126199"><ele>511.8</ele></trkpt>
   <trkpt lat="46.221604" lon="11.126229"><ele>512.8</ele></trkpt>
   <trkpt lat="46.221592" lon="11.126265"><ele>513.8</ele></trkpt>
   <trkpt lat="46.221589" lon="11.126292"><ele>514.6</ele></trkpt>
   <trkpt lat="46.221589" lon="11.126304"><ele>515.0</ele></trkpt>
   <trkpt lat="46.221590" lon="11.126339"><ele>516.0</ele></trkpt>
   <trkpt lat="46.221583" lon="11.126373"><ele>516.6</ele></trkpt>
   <trkpt lat="46.221585" lon="11.126391"><ele>517.0</ele></trkpt>
   <trkpt lat="46.221594" lon="11.126395"><ele>517.8</ele></trkpt>
   <trkpt lat="46.221593" lon="11.126398"><ele>518.0</ele></trkpt>
   <trkpt lat="46.221589" lon="11.126421"><ele>518.8</ele></trkpt>
   <trkpt lat="46.221603" lon="11.126431"><ele>519.2</ele></trkpt>
   <trkpt lat="46.221606" lon="11.126448"><ele>519.6</ele></trkpt>
   <trkpt lat="46.221602" lon="11.126472"><ele>520.4</ele></trkpt>
   <trkpt lat="46.221585" lon="11.126506"><ele>521.8</ele></trkpt>
   <trkpt lat="46.221582" lon="11.126522"><ele>522.2</ele></trkpt>
   <trkpt lat="46.221574" lon="11.126566"><ele>523.0</ele></trkpt>
   <trkpt lat="46.221574" lon="11.126578"><ele>523.2</ele></trkpt>
   <trkpt lat="46.221578" lon="11.126608"><ele>523.8</ele></trkpt>
   <trkpt lat="46.221586" lon="11.126618"><ele>524.0</ele></trkpt>
   <trkpt lat="46.221586" lon="11.126658"><ele>525.2</ele></trkpt>
   <trkpt lat="46.221581" lon="11.126675"><ele>525.4</ele></trkpt>
   <trkpt lat="46.221589" lon="11.126703"><ele>526.0</ele></trkpt>
   <trkpt lat="46.221595" lon="11.126717"><ele>526.2</ele></trkpt>
   <trkpt lat="46.221587" lon="11.126738"><ele>526.8</ele></trkpt>
   <trkpt lat="46.221593" lon="11.126761"><ele>527.4</ele></trkpt>
   <trkpt lat="46.221597" lon="11.126770"><ele>527.8</ele></trkpt>
   <trkpt lat="46.221611" lon="11.126797"><ele>528.6</ele></trkpt>
   <trkpt lat="46.221619" lon="11.126820"><ele>529.2</ele></trkpt>
   <trkpt lat="46.221620" lon="11.126849"><ele>529.8</ele></trkpt>
   <trkpt lat="46.221625" lon="11.126889"><ele>530.8</ele></trkpt>
   <trkpt lat="46.221643" lon="11.126944"><ele>532.0</ele></trkpt>
   <trkpt lat="46.221645" lon="11.126977"><ele>533.2</ele></trkpt>
   <trkpt lat="46.221654" lon="11.127022"><ele>534.0</ele></trkpt>
   <trkpt lat="46.221651" lon="11.127039"><ele>534.4</ele></trkpt>
   <trkpt lat="46.221636" lon="11.127086"><ele>535.6</ele></trkpt>
   <trkpt lat="46.221635" lon="11.127101"><ele>535.8</ele></trkpt>
   <trkpt lat="46.221649" lon="11.127141"><ele>536.6</ele></trkpt>
   <trkpt lat="46.221659" lon="11.127195"><ele>537.6</ele></trkpt>
   <trkpt lat="46.221671" lon="11.127228"><ele>538.2</ele></trkpt>
   <trkpt lat="46.221684" lon="11.127249"><ele>538.8</ele></trkpt>
   <trkpt lat="46.221708" lon="11.127267"><ele>539.8</ele></trkpt>
   <trkpt lat="46.221727" lon="11.127282"><ele>540.2</ele></trkpt>
   <trkpt lat="46.221745" lon="11.127305"><ele>541.0</ele></trkpt>
   <trkpt lat="46.221756" lon="11.127329"><ele>541.6</ele></trkpt>
   <trkpt lat="46.221761" lon="11.127359"><ele>542.0</ele></trkpt>
   <trkpt lat="46.221759" lon="11.127402"><ele>542.6</ele></trkpt>
   <trkpt lat="46.221739" lon="11.127510"><ele>543.8</ele></trkpt>
   <trkpt lat="46.221727" lon="11.127524"><ele>544.2</ele></trkpt>
   <trkpt lat="46.221729" lon="11.127551"><ele>544.8</ele></trkpt>
   <trkpt lat="46.221737" lon="11.127599"><ele>546.2</ele></trkpt>
   <trkpt lat="46.221732" lon="11.127612"><ele>546.8</ele></trkpt>
   <trkpt lat="46.221727" lon="11.127639"><ele>547.6</ele></trkpt>
   <trkpt lat="46.221719" lon="11.127656"><ele>548.2</ele></trkpt>
   <trkpt lat="46.221719" lon="11.127672"><ele>548.8</ele></trkpt>
   <trkpt lat="46.221722" lon="11.127676"><ele>549.2</ele></trkpt>
   <trkpt lat="46.221736" lon="11.127683"><ele>550.0</ele></trkpt>
   <trkpt lat="46.221745" lon="11.127710"><ele>551.2</ele></trkpt>
   <trkpt lat="46.221740" lon="11.127737"><ele>552.4</ele></trkpt>
   <trkpt lat="46.221769" lon="11.127755"><ele>553.4</ele></trkpt>
   <trkpt lat="46.221815" lon="11.127711"><ele>554.8</ele></trkpt>
   <trkpt lat="46.221845" lon="11.127690"><ele>555.6</ele></trkpt>
   <trkpt lat="46.221858" lon="11.127682"><ele>556.0</ele></trkpt>
   <trkpt lat="46.221876" lon="11.127657"><ele>557.0</ele></trkpt>
   <trkpt lat="46.221879" lon="11.127651"><ele>557.2</ele></trkpt>
   <trkpt lat="46.221881" lon="11.127638"><ele>557.6</ele></trkpt>
   <trkpt lat="46.221895" lon="11.127617"><ele>558.2</ele></trkpt>
   <trkpt lat="46.221902" lon="11.127604"><ele>558.4</ele></trkpt>
   <trkpt lat="46.221910" lon="11.127566"><ele>559.4</ele></trkpt>
   <trkpt lat="46.221915" lon="11.127549"><ele>559.8</ele></trkpt>
   <trkpt lat="46.221916" lon="11.127533"><ele>560.0</ele></trkpt>
   <trkpt lat="46.221927" lon="11.127499"><ele>561.0</ele></trkpt>
   <trkpt lat="46.221921" lon="11.127478"><ele>561.8</ele></trkpt>
   <trkpt lat="46.221922" lon="11.127458"><ele>562.2</ele></trkpt>
   <trkpt lat="46.221922" lon="11.127440"><ele>562.4</ele></trkpt>
   <trkpt lat="46.221924" lon="11.127401"><ele>563.2</ele></trkpt>
   <trkpt lat="46.221920" lon="11.127375"><ele>563.8</ele></trkpt>
   <trkpt lat="46.221916" lon="11.127347"><ele>564.2</ele></trkpt>
   <trkpt lat="46.221911" lon="11.127331"><ele>564.6</ele></trkpt>
   <trkpt lat="46.221905" lon="11.127304"><ele>565.2</ele></trkpt>
   <trkpt lat="46.221909" lon="11.127291"><ele>565.4</ele></trkpt>
   <trkpt lat="46.221914" lon="11.127266"><ele>566.4</ele></trkpt>
   <trkpt lat="46.221917" lon="11.127259"><ele>566.8</ele></trkpt>
   <trkpt lat="46.221921" lon="11.127247"><ele>567.8</ele></trkpt>
   <trkpt lat="46.221927" lon="11.127246"><ele>568.0</ele></trkpt>
   <trkpt lat="46.221952" lon="11.127245"><ele>569.4</ele></trkpt>
   <trkpt lat="46.221978" lon="11.127230"><ele>570.6</ele></trkpt>
   <trkpt lat="46.222007" lon="11.127194"><ele>572.0</ele></trkpt>
   <trkpt lat="46.222029" lon="11.127202"><ele>573.0</ele></trkpt>
   <trkpt lat="46.222048" lon="11.127236"><ele>573.6</ele></trkpt>
   <trkpt lat="46.222050" lon="11.127256"><ele>574.0</ele></trkpt>
   <trkpt lat="46.222050" lon="11.127271"><ele>574.4</ele></trkpt>
   <trkpt lat="46.222045" lon="11.127332"><ele>575.2</ele></trkpt>
   <trkpt lat="46.222049" lon="11.127409"><ele>576.6</ele></trkpt>
   <trkpt lat="46.222045" lon="11.127427"><ele>576.8</ele></trkpt>
   <trkpt lat="46.222043" lon="11.127464"><ele>577.6</ele></trkpt>
   <trkpt lat="46.222041" lon="11.127500"><ele>577.8</ele></trkpt>
   <trkpt lat="46.222049" lon="11.127557"><ele>578.6</ele></trkpt>
   <trkpt lat="46.222054" lon="11.127554"><ele>578.8</ele></trkpt>
   <trkpt lat="46.222084" lon="11.127524"><ele>579.8</ele></trkpt>
   <trkpt lat="46.222103" lon="11.127510"><ele>580.2</ele></trkpt>
   <trkpt lat="46.222110" lon="11.127480"><ele>581.0</ele></trkpt>
   <trkpt lat="46.222114" lon="11.127468"><ele>581.4</ele></trkpt>
   <trkpt lat="46.222124" lon="11.127449"><ele>582.0</ele></trkpt>
   <trkpt lat="46.222129" lon="11.127423"><ele>582.6</ele></trkpt>
   <trkpt lat="46.222142" lon="11.127392"><ele>583.2</ele></trkpt>
   <trkpt lat="46.222157" lon="11.127379"><ele>583.6</ele></trkpt>
   <trkpt lat="46.222216" lon="11.127324"><ele>584.4</ele></trkpt>
   <trkpt lat="46.222225" lon="11.127302"><ele>584.8</ele></trkpt>
   <trkpt lat="46.222236" lon="11.127292"><ele>585.6</ele></trkpt>
   <trkpt lat="46.222246" lon="11.127284"><ele>586.0</ele></trkpt>
   <trkpt lat="46.222254" lon="11.127269"><ele>586.6</ele></trkpt>
   <trkpt lat="46.222260" lon="11.127261"><ele>587.2</ele></trkpt>
   <trkpt lat="46.222284" lon="11.127242"><ele>588.0</ele></trkpt>
   <trkpt lat="46.222292" lon="11.127243"><ele>588.2</ele></trkpt>
   <trkpt lat="46.222297" lon="11.127250"><ele>588.6</ele></trkpt>
   <trkpt lat="46.222308" lon="11.127264"><ele>589.2</ele></trkpt>
   <trkpt lat="46.222309" lon="11.127273"><ele>589.6</ele></trkpt>
   <trkpt lat="46.222332" lon="11.127282"><ele>590.2</ele></trkpt>
   <trkpt lat="46.222352" lon="11.127290"><ele>590.6</ele></trkpt>
   <trkpt lat="46.222363" lon="11.127308"><ele>591.8</ele></trkpt>
   <trkpt lat="46.222367" lon="11.127342"><ele>592.8</ele></trkpt>
   <trkpt lat="46.222380" lon="11.127365"><ele>593.4</ele></trkpt>
   <trkpt lat="46.222380" lon="11.127390"><ele>594.0</ele></trkpt>
   <trkpt lat="46.222388" lon="11.127432"><ele>595.2</ele></trkpt>
   <trkpt lat="46.222424" lon="11.127404"><ele>596.4</ele></trkpt>
   <trkpt lat="46.222485" lon="11.127371"><ele>597.8</ele></trkpt>
   <trkpt lat="46.222506" lon="11.127365"><ele>598.2</ele></trkpt>
   <trkpt lat="46.222520" lon="11.127342"><ele>599.0</ele></trkpt>
   <trkpt lat="46.222533" lon="11.127358"><ele>600.0</ele></trkpt>
   <trkpt lat="46.222529" lon="11.127368"><ele>600.2</ele></trkpt>
   <trkpt lat="46.222520" lon="11.127379"><ele>601.2</ele></trkpt>
   <trkpt lat="46.222505" lon="11.127391"><ele>601.8</ele></trkpt>
   <trkpt lat="46.222508" lon="11.127410"><ele>602.4</ele></trkpt>
   <trkpt lat="46.222497" lon="11.127417"><ele>602.6</ele></trkpt>
   <trkpt lat="46.222480" lon="11.127446"><ele>603.4</ele></trkpt>
   <trkpt lat="46.222493" lon="11.127478"><ele>604.2</ele></trkpt>
   <trkpt lat="46.222505" lon="11.127488"><ele>604.6</ele></trkpt>
   <trkpt lat="46.222510" lon="11.127510"><ele>605.0</ele></trkpt>
   <trkpt lat="46.222525" lon="11.127563"><ele>605.8</ele></trkpt>
   <trkpt lat="46.222524" lon="11.127588"><ele>606.2</ele></trkpt>
   <trkpt lat="46.222534" lon="11.127627"><ele>607.0</ele></trkpt>
   <trkpt lat="46.222523" lon="11.127664"><ele>607.4</ele></trkpt>
   <trkpt lat="46.222510" lon="11.127694"><ele>608.0</ele></trkpt>
   <trkpt lat="46.222484" lon="11.127743"><ele>609.0</ele></trkpt>
   <trkpt lat="46.222479" lon="11.127758"><ele>609.4</ele></trkpt>
   <trkpt lat="46.222474" lon="11.127785"><ele>609.8</ele></trkpt>
   <trkpt lat="46.222467" lon="11.127800"><ele>610.2</ele></trkpt>
   <trkpt lat="46.222449" lon="11.127827"><ele>610.8</ele></trkpt>
   <trkpt lat="46.222443" lon="11.127857"><ele>611.4</ele></trkpt>
   <trkpt lat="46.222438" lon="11.127921"><ele>612.4</ele></trkpt>
   <trkpt lat="46.222450" lon="11.127935"><ele>612.8</ele></trkpt>
   <trkpt lat="46.222485" lon="11.127929"><ele>614.0</ele></trkpt>
   <trkpt lat="46.222494" lon="11.127933"><ele>614.4</ele></trkpt>
   <trkpt lat="46.222501" lon="11.127937"><ele>614.8</ele></trkpt>
   <trkpt lat="46.222502" lon="11.127951"><ele>615.2</ele></trkpt>
   <trkpt lat="46.222525" lon="11.127967"><ele>616.4</ele></trkpt>
   <trkpt lat="46.222529" lon="11.127992"><ele>617.2</ele></trkpt>
   <trkpt lat="46.222530" lon="11.127999"><ele>617.6</ele></trkpt>
   <trkpt lat="46.222527" lon="11.128015"><ele>618.2</ele></trkpt>
   <trkpt lat="46.222525" lon="11.128024"><ele>618.8</ele></trkpt>
   <trkpt lat="46.222523" lon="11.128052"><ele>620.0</ele></trkpt>
   <trkpt lat="46.222524" lon="11.128097"><ele>621.0</ele></trkpt>
   <trkpt lat="46.222510" lon="11.128134"><ele>622.4</ele></trkpt>
   <trkpt lat="46.222521" lon="11.128182"><ele>623.4</ele></trkpt>
   <trkpt lat="46.222537" lon="11.128241"><ele>624.6</ele></trkpt>
   <trkpt lat="46.222563" lon="11.128306"><ele>625.8</ele></trkpt>
   <trkpt lat="46.222580" lon="11.128333"><ele>626.2</ele></trkpt>
   <trkpt lat="46.222623" lon="11.128369"><ele>627.0</ele></trkpt>
   <trkpt lat="46.222623" lon="11.128386"><ele>627.4</ele></trkpt>
   <trkpt lat="46.222623" lon="11.128413"><ele>628.2</ele></trkpt>
   <trkpt lat="46.222610" lon="11.128472"><ele>629.4</ele></trkpt>
   <trkpt lat="46.222605" lon="11.128485"><ele>629.6</ele></trkpt>
   <trkpt lat="46.222540" lon="11.128555"><ele>630.4</ele></trkpt>
   <trkpt lat="46.222529" lon="11.128578"><ele>630.6</ele></trkpt>
   <trkpt lat="46.222500" lon="11.128608"><ele>631.2</ele></trkpt>
   <trkpt lat="46.222494" lon="11.128622"><ele>631.6</ele></trkpt>
   <trkpt lat="46.222492" lon="11.128640"><ele>632.4</ele></trkpt>
   <trkpt lat="46.222500" lon="11.128646"><ele>632.8</ele></trkpt>
   <trkpt lat="46.222508" lon="11.128636"><ele>633.0</ele></trkpt>
   <trkpt lat="46.222530" lon="11.128608"><ele>634.0</ele></trkpt>
   <trkpt lat="46.222545" lon="11.128603"><ele>634.8</ele></trkpt>
   <trkpt lat="46.222555" lon="11.128601"><ele>635.0</ele></trkpt>
   <trkpt lat="46.222575" lon="11.128588"><ele>636.2</ele></trkpt>
   <trkpt lat="46.222584" lon="11.128581"><ele>636.6</ele></trkpt>
   <trkpt lat="46.222590" lon="11.128576"><ele>637.0</ele></trkpt>
   <trkpt lat="46.222601" lon="11.128564"><ele>637.2</ele></trkpt>
   <trkpt lat="46.222626" lon="11.128556"><ele>637.8</ele></trkpt>
   <trkpt lat="46.222651" lon="11.128567"><ele>638.2</ele></trkpt>
   <trkpt lat="46.222645" lon="11.128586"><ele>638.4</ele></trkpt>
   <trkpt lat="46.222636" lon="11.128613"><ele>639.8</ele></trkpt>
   <trkpt lat="46.222639" lon="11.128626"><ele>640.4</ele></trkpt>
   <trkpt lat="46.222632" lon="11.128664"><ele>641.0</ele></trkpt>
   <trkpt lat="46.222628" lon="11.128688"><ele>641.2</ele></trkpt>
   <trkpt lat="46.222605" lon="11.128733"><ele>642.2</ele></trkpt>
   <trkpt lat="46.222606" lon="11.128747"><ele>642.4</ele></trkpt>
   <trkpt lat="46.222600" lon="11.128801"><ele>643.2</ele></trkpt>
   <trkpt lat="46.222580" lon="11.128834"><ele>644.0</ele></trkpt>
   <trkpt lat="46.222572" lon="11.128863"><ele>644.4</ele></trkpt>
   <trkpt lat="46.222583" lon="11.128920"><ele>645.4</ele></trkpt>
   <trkpt lat="46.222593" lon="11.128944"><ele>646.2</ele></trkpt>
   <trkpt lat="46.222599" lon="11.128951"><ele>646.6</ele></trkpt>
   <trkpt lat="46.222615" lon="11.128954"><ele>647.0</ele></trkpt>
   <trkpt lat="46.222635" lon="11.128964"><ele>647.6</ele></trkpt>
   <trkpt lat="46.222697" lon="11.128924"><ele>648.8</ele></trkpt>
   <trkpt lat="46.222739" lon="11.128866"><ele>650.0</ele></trkpt>
   <trkpt lat="46.222747" lon="11.128826"><ele>651.0</ele></trkpt>
   <trkpt lat="46.222749" lon="11.128793"><ele>652.0</ele></trkpt>
   <trkpt lat="46.222731" lon="11.128779"><ele>652.4</ele></trkpt>
   <trkpt lat="46.222725" lon="11.128738"><ele>653.8</ele></trkpt>
   <trkpt lat="46.222730" lon="11.128712"><ele>654.6</ele></trkpt>
   <trkpt lat="46.222731" lon="11.128699"><ele>654.8</ele></trkpt>
   <trkpt lat="46.222735" lon="11.128692"><ele>655.2</ele></trkpt>
   <trkpt lat="46.222754" lon="11.128686"><ele>656.0</ele></trkpt>
   <trkpt lat="46.222759" lon="11.128737"><ele>657.4</ele></trkpt>
   <trkpt lat="46.222756" lon="11.128774"><ele>657.8</ele></trkpt>
   <trkpt lat="46.222752" lon="11.128824"><ele>658.8</ele></trkpt>
   <trkpt lat="46.222752" lon="11.128844"><ele>659.2</ele></trkpt>
   <trkpt lat="46.222761" lon="11.128867"><ele>659.8</ele></trkpt>
   <trkpt lat="46.222791" lon="11.128899"><ele>661.0</ele></trkpt>
   <trkpt lat="46.222807" lon="11.128889"><ele>661.6</ele></trkpt>
   <trkpt lat="46.222817" lon="11.128861"><ele>662.2</ele></trkpt>
   <trkpt lat="46.222827" lon="11.128836"><ele>663.0</ele></trkpt>
   <trkpt lat="46.222827" lon="11.128823"><ele>663.4</ele></trkpt>
   <trkpt lat="46.222828" lon="11.128813"><ele>663.6</ele></trkpt>
   <trkpt lat="46.222833" lon="11.128782"><ele>664.2</ele></trkpt>
   <trkpt lat="46.222835" lon="11.128767"><ele>664.6</ele></trkpt>
   <trkpt lat="46.222842" lon="11.128760"><ele>664.8</ele></trkpt>
   <trkpt lat="46.222859" lon="11.128743"><ele>665.6</ele></trkpt>
   <trkpt lat="46.222858" lon="11.128730"><ele>666.0</ele></trkpt>
   <trkpt lat="46.222864" lon="11.128734"><ele>666.8</ele></trkpt>
   <trkpt lat="46.222881" lon="11.128730"><ele>668.0</ele></trkpt>
   <trkpt lat="46.222877" lon="11.128783"><ele>669.0</ele></trkpt>
   <trkpt lat="46.222876" lon="11.128820"><ele>670.4</ele></trkpt>
   <trkpt lat="46.222872" lon="11.128829"><ele>670.8</ele></trkpt>
   <trkpt lat="46.222877" lon="11.128843"><ele>671.4</ele></trkpt>
   <trkpt lat="46.222909" lon="11.128851"><ele>672.4</ele></trkpt>
   <trkpt lat="46.222930" lon="11.128862"><ele>673.6</ele></trkpt>
   <trkpt lat="46.222951" lon="11.128882"><ele>674.8</ele></trkpt>
   <trkpt lat="46.222984" lon="11.128906"><ele>676.0</ele></trkpt>
   <trkpt lat="46.223007" lon="11.128926"><ele>677.2</ele></trkpt>
   <trkpt lat="46.223050" lon="11.128930"><ele>678.2</ele></trkpt>
   <trkpt lat="46.223070" lon="11.128918"><ele>678.6</ele></trkpt>
   <trkpt lat="46.223089" lon="11.128902"><ele>679.0</ele></trkpt>
   <trkpt lat="46.223071" lon="11.128896"><ele>679.6</ele></trkpt>
   <trkpt lat="46.223067" lon="11.128868"><ele>680.2</ele></trkpt>
   <trkpt lat="46.223073" lon="11.128849"><ele>680.8</ele></trkpt>
   <trkpt lat="46.223098" lon="11.128852"><ele>681.8</ele></trkpt>
   <trkpt lat="46.223111" lon="11.128850"><ele>682.6</ele></trkpt>
   <trkpt lat="46.223121" lon="11.128836"><ele>683.2</ele></trkpt>
   <trkpt lat="46.223118" lon="11.128805"><ele>684.4</ele></trkpt>
   <trkpt lat="46.223096" lon="11.128791"><ele>685.4</ele></trkpt>
   <trkpt lat="46.223070" lon="11.128789"><ele>686.8</ele></trkpt>
   <trkpt lat="46.223053" lon="11.128755"><ele>688.0</ele></trkpt>
   <trkpt lat="46.223045" lon="11.128690"><ele>688.8</ele></trkpt>
   <trkpt lat="46.223039" lon="11.128680"><ele>689.0</ele></trkpt>
   <trkpt lat="46.223022" lon="11.128648"><ele>690.4</ele></trkpt>
   <trkpt lat="46.223027" lon="11.128600"><ele>691.2</ele></trkpt>
   <trkpt lat="46.223029" lon="11.128595"><ele>691.4</ele></trkpt>
   <trkpt lat="46.223025" lon="11.128570"><ele>691.8</ele></trkpt>
   <trkpt lat="46.223028" lon="11.128548"><ele>692.4</ele></trkpt>
   <trkpt lat="46.223025" lon="11.128542"><ele>692.8</ele></trkpt>
   <trkpt lat="46.223010" lon="11.128535"><ele>693.8</ele></trkpt>
   <trkpt lat="46.222953" lon="11.128536"><ele>695.0</ele></trkpt>
   <trkpt lat="46.222918" lon="11.128532"><ele>696.0</ele></trkpt>
   <trkpt lat="46.222905" lon="11.128531"><ele>696.2</ele></trkpt>
   <trkpt lat="46.222886" lon="11.128521"><ele>696.6</ele></trkpt>
   <trkpt lat="46.222861" lon="11.128508"><ele>697.0</ele></trkpt>
   <trkpt lat="46.222854" lon="11.128502"><ele>697.2</ele></trkpt>
   <trkpt lat="46.222831" lon="11.128508"><ele>698.4</ele></trkpt>
   <trkpt lat="46.222772" lon="11.128542"><ele>699.6</ele></trkpt>
   <trkpt lat="46.222745" lon="11.128505"><ele>700.8</ele></trkpt>
   <trkpt lat="46.222742" lon="11.128488"><ele>700.8</ele></trkpt>
   <trkpt lat="46.222738" lon="11.128474"><ele>701.4</ele></trkpt>
   <trkpt lat="46.222749" lon="11.128470"><ele>701.8</ele></trkpt>
   <trkpt lat="46.222762" lon="11.128468"><ele>702.4</ele></trkpt>
   <trkpt lat="46.222779" lon="11.128456"><ele>703.0</ele></trkpt>
   <trkpt lat="46.222818" lon="11.128412"><ele>704.2</ele></trkpt>
   <trkpt lat="46.222832" lon="11.128373"><ele>705.6</ele></trkpt>
   <trkpt lat="46.222855" lon="11.128365"><ele>707.0</ele></trkpt>
   <trkpt lat="46.222879" lon="11.128354"><ele>707.6</ele></trkpt>
   <trkpt lat="46.222888" lon="11.128352"><ele>708.0</ele></trkpt>
   <trkpt lat="46.222918" lon="11.128345"><ele>709.0</ele></trkpt>
   <trkpt lat="46.222923" lon="11.128347"><ele>709.0</ele></trkpt>
   <trkpt lat="46.222931" lon="11.128350"><ele>709.6</ele></trkpt>
   <trkpt lat="46.222947" lon="11.128360"><ele>710.4</ele></trkpt>
   <trkpt lat="46.222981" lon="11.128362"><ele>711.8</ele></trkpt>
   <trkpt lat="46.222999" lon="11.128366"><ele>712.6</ele></trkpt>
   <trkpt lat="46.223007" lon="11.128372"><ele>713.0</ele></trkpt>
   <trkpt lat="46.223012" lon="11.128374"><ele>713.2</ele></trkpt>
   <trkpt lat="46.223033" lon="11.128383"><ele>714.2</ele></trkpt>
   <trkpt lat="46.223059" lon="11.128407"><ele>715.2</ele></trkpt>
   <trkpt lat="46.223075" lon="11.128419"><ele>716.0</ele></trkpt>
   <trkpt lat="46.223085" lon="11.128422"><ele>716.2</ele></trkpt>
   <trkpt lat="46.223111" lon="11.128417"><ele>717.0</ele></trkpt>
   <trkpt lat="46.223122" lon="11.128414"><ele>717.4</ele></trkpt>
   <trkpt lat="46.223177" lon="11.128384"><ele>718.4</ele></trkpt>
   <trkpt lat="46.223202" lon="11.128347"><ele>719.0</ele></trkpt>
   <trkpt lat="46.223212" lon="11.128329"><ele>719.8</ele></trkpt>
   <trkpt lat="46.223220" lon="11.128321"><ele>720.2</ele></trkpt>
   <trkpt lat="46.223233" lon="11.128264"><ele>720.8</ele></trkpt>
   <trkpt lat="46.223245" lon="11.128226"><ele>721.2</ele></trkpt>
   <trkpt lat="46.223233" lon="11.128228"><ele>721.8</ele></trkpt>
   <trkpt lat="46.223229" lon="11.128234"><ele>722.2</ele></trkpt>
   <trkpt lat="46.223217" lon="11.128239"><ele>722.8</ele></trkpt>
   <trkpt lat="46.223211" lon="11.128237"><ele>723.2</ele></trkpt>
   <trkpt lat="46.223164" lon="11.128241"><ele>723.6</ele></trkpt>
   <trkpt lat="46.223130" lon="11.128223"><ele>724.0</ele></trkpt>
   <trkpt lat="46.223117" lon="11.128208"><ele>724.2</ele></trkpt>
   <trkpt lat="46.223100" lon="11.128168"><ele>725.0</ele></trkpt>
   <trkpt lat="46.223097" lon="11.128151"><ele>725.4</ele></trkpt>
   <trkpt lat="46.223095" lon="11.128108"><ele>726.2</ele></trkpt>
   <trkpt lat="46.223083" lon="11.128098"><ele>726.6</ele></trkpt>
   <trkpt lat="46.223053" lon="11.128070"><ele>727.6</ele></trkpt>
   <trkpt lat="46.223009" lon="11.128031"><ele>729.0</ele></trkpt>
   <trkpt lat="46.222968" lon="11.127988"><ele>729.8</ele></trkpt>
   <trkpt lat="46.222943" lon="11.127987"><ele>730.0</ele></trkpt>
   <trkpt lat="46.222928" lon="11.127994"><ele>730.0</ele></trkpt>
   <trkpt lat="46.222919" lon="11.127994"><ele>730.4</ele></trkpt>
   <trkpt lat="46.222901" lon="11.127986"><ele>731.2</ele></trkpt>
   <trkpt lat="46.222881" lon="11.127975"><ele>732.4</ele></trkpt>
   <trkpt lat="46.222859" lon="11.127936"><ele>733.6</ele></trkpt>
   <trkpt lat="46.222842" lon="11.127925"><ele>734.6</ele></trkpt>
   <trkpt lat="46.222837" lon="11.127914"><ele>735.0</ele></trkpt>
   <trkpt lat="46.222813" lon="11.127882"><ele>736.0</ele></trkpt>
   <trkpt lat="46.222802" lon="11.127850"><ele>736.8</ele></trkpt>
   <trkpt lat="46.222802" lon="11.127836"><ele>737.2</ele></trkpt>
   <trkpt lat="46.222801" lon="11.127816"><ele>737.4</ele></trkpt>
   <trkpt lat="46.222804" lon="11.127785"><ele>738.0</ele></trkpt>
   <trkpt lat="46.222803" lon="11.127769"><ele>738.4</ele></trkpt>
   <trkpt lat="46.222806" lon="11.127742"><ele>739.0</ele></trkpt>
   <trkpt lat="46.222809" lon="11.127720"><ele>739.6</ele></trkpt>
   <trkpt lat="46.222790" lon="11.127674"><ele>740.6</ele></trkpt>
   <trkpt lat="46.222784" lon="11.127643"><ele>741.6</ele></trkpt>
   <trkpt lat="46.222783" lon="11.127631"><ele>742.0</ele></trkpt>
   <trkpt lat="46.222765" lon="11.127597"><ele>743.2</ele></trkpt>
   <trkpt lat="46.222763" lon="11.127577"><ele>743.6</ele></trkpt>
   <trkpt lat="46.222756" lon="11.127546"><ele>744.0</ele></trkpt>
   <trkpt lat="46.222753" lon="11.127538"><ele>744.2</ele></trkpt>
   <trkpt lat="46.222761" lon="11.127493"><ele>745.2</ele></trkpt>
   <trkpt lat="46.222766" lon="11.127474"><ele>745.4</ele></trkpt>
   <trkpt lat="46.222777" lon="11.127394"><ele>746.6</ele></trkpt>
   <trkpt lat="46.222786" lon="11.127351"><ele>747.8</ele></trkpt>
   <trkpt lat="46.222785" lon="11.127346"><ele>748.6</ele></trkpt>
   <trkpt lat="46.222774" lon="11.127348"><ele>748.8</ele></trkpt>
   <trkpt lat="46.222770" lon="11.127362"><ele>749.2</ele></trkpt>
   <trkpt lat="46.222777" lon="11.127383"><ele>750.0</ele></trkpt>
   <trkpt lat="46.222782" lon="11.127426"><ele>751.2</ele></trkpt>
   <trkpt lat="46.222831" lon="11.127499"><ele>752.2</ele></trkpt>
   <trkpt lat="46.222847" lon="11.127527"><ele>752.6</ele></trkpt>
   <trkpt lat="46.222858" lon="11.127550"><ele>753.4</ele></trkpt>
   <trkpt lat="46.222860" lon="11.127558"><ele>753.8</ele></trkpt>
   <trkpt lat="46.222869" lon="11.127570"><ele>754.4</ele></trkpt>
   <trkpt lat="46.222914" lon="11.127531"><ele>756.0</ele></trkpt>
   <trkpt lat="46.222910" lon="11.127504"><ele>757.0</ele></trkpt>
   <trkpt lat="46.222910" lon="11.127488"><ele>758.2</ele></trkpt>
   <trkpt lat="46.222884" lon="11.127482"><ele>759.4</ele></trkpt>
   <trkpt lat="46.222872" lon="11.127464"><ele>760.6</ele></trkpt>
   <trkpt lat="46.222867" lon="11.127425"><ele>761.4</ele></trkpt>
   <trkpt lat="46.222869" lon="11.127430"><ele>761.6</ele></trkpt>
   <trkpt lat="46.222873" lon="11.127434"><ele>761.8</ele></trkpt>
   <trkpt lat="46.222889" lon="11.127456"><ele>762.8</ele></trkpt>
   <trkpt lat="46.222914" lon="11.127481"><ele>764.0</ele></trkpt>
   <trkpt lat="46.222956" lon="11.127527"><ele>765.2</ele></trkpt>
   <trkpt lat="46.222983" lon="11.127547"><ele>766.0</ele></trkpt>
   <trkpt lat="46.223001" lon="11.127565"><ele>766.4</ele></trkpt>
   <trkpt lat="46.223009" lon="11.127574"><ele>766.6</ele></trkpt>
   <trkpt lat="46.223057" lon="11.127565"><ele>767.2</ele></trkpt>
   <trkpt lat="46.223071" lon="11.127556"><ele>767.4</ele></trkpt>
   <trkpt lat="46.223096" lon="11.127530"><ele>768.0</ele></trkpt>
   <trkpt lat="46.223114" lon="11.127480"><ele>768.6</ele></trkpt>
   <trkpt lat="46.223137" lon="11.127410"><ele>770.0</ele></trkpt>
   <trkpt lat="46.223137" lon="11.127396"><ele>770.6</ele></trkpt>
   <trkpt lat="46.223137" lon="11.127387"><ele>771.0</ele></trkpt>
   <trkpt lat="46.223150" lon="11.127379"><ele>771.6</ele></trkpt>
   <trkpt lat="46.223166" lon="11.127356"><ele>772.2</ele></trkpt>
   <trkpt lat="46.223176" lon="11.127346"><ele>772.4</ele></trkpt>
   <trkpt lat="46.223180" lon="11.127312"><ele>773.6</ele></trkpt>
   <trkpt lat="46.223174" lon="11.127302"><ele>774.0</ele></trkpt>
   <trkpt lat="46.223128" lon="11.127301"><ele>774.8</ele></trkpt>
   <trkpt lat="46.223075" lon="11.127335"><ele>775.8</ele></trkpt>
   <trkpt lat="46.223064" lon="11.127341"><ele>776.2</ele></trkpt>
   <trkpt lat="46.223038" lon="11.127324"><ele>777.0</ele></trkpt>
   <trkpt lat="46.223036" lon="11.127309"><ele>777.4</ele></trkpt>
   <trkpt lat="46.223039" lon="11.127291"><ele>777.8</ele></trkpt>
   <trkpt lat="46.223052" lon="11.127249"><ele>778.8</ele></trkpt>
   <trkpt lat="46.223078" lon="11.127192"><ele>779.8</ele></trkpt>
   <trkpt lat="46.223097" lon="11.127145"><ele>780.4</ele></trkpt>
   <trkpt lat="46.223109" lon="11.127122"><ele>781.0</ele></trkpt>
   <trkpt lat="46.223125" lon="11.127099"><ele>781.2</ele></trkpt>
   <trkpt lat="46.223138" lon="11.127082"><ele>781.4</ele></trkpt>
   <trkpt lat="46.223150" lon="11.127053"><ele>782.0</ele></trkpt>
   <trkpt lat="46.223170" lon="11.127028"><ele>782.4</ele></trkpt>
   <trkpt lat="46.223158" lon="11.126972"><ele>783.2</ele></trkpt>
   <trkpt lat="46.223157" lon="11.126965"><ele>783.8</ele></trkpt>
   <trkpt lat="46.223169" lon="11.126984"><ele>784.6</ele></trkpt>
   <trkpt lat="46.223187" lon="11.127021"><ele>785.8</ele></trkpt>
   <trkpt lat="46.223211" lon="11.127043"><ele>786.6</ele></trkpt>
   <trkpt lat="46.223234" lon="11.127038"><ele>787.0</ele></trkpt>
   <trkpt lat="46.223247" lon="11.127041"><ele>787.4</ele></trkpt>
   <trkpt lat="46.223274" lon="11.127032"><ele>788.0</ele></trkpt>
   <trkpt lat="46.223285" lon="11.127022"><ele>788.0</ele></trkpt>
   <trkpt lat="46.223324" lon="11.127012"><ele>789.4</ele></trkpt>
   <trkpt lat="46.223339" lon="11.126997"><ele>789.8</ele></trkpt>
   <trkpt lat="46.223351" lon="11.127003"><ele>790.4</ele></trkpt>
   <trkpt lat="46.223386" lon="11.127011"><ele>791.6</ele></trkpt>
   <trkpt lat="46.223405" lon="11.127020"><ele>792.2</ele></trkpt>
   <trkpt lat="46.223419" lon="11.127019"><ele>792.6</ele></trkpt>
   <trkpt lat="46.223448" lon="11.127013"><ele>793.2</ele></trkpt>
   <trkpt lat="46.223462" lon="11.126997"><ele>793.6</ele></trkpt>
   <trkpt lat="46.223499" lon="11.126954"><ele>794.8</ele></trkpt>
   <trkpt lat="46.223557" lon="11.126802"><ele>796.0</ele></trkpt>
   <trkpt lat="46.223661" lon="11.126693"><ele>797.2</ele></trkpt>
   <trkpt lat="46.223797" lon="11.126566"><ele>798.6</ele></trkpt>
   <trkpt lat="46.223812" lon="11.126541"><ele>799.6</ele></trkpt>
   <trkpt lat="46.223834" lon="11.126514"><ele>800.4</ele></trkpt>
   <trkpt lat="46.223846" lon="11.126512"><ele>801.0</ele></trkpt>
   <trkpt lat="46.223868" lon="11.126484"><ele>802.0</ele></trkpt>
   <trkpt lat="46.223879" lon="11.126452"><ele>803.4</ele></trkpt>
   <trkpt lat="46.223894" lon="11.126420"><ele>804.4</ele></trkpt>
   <trkpt lat="46.223954" lon="11.126330"><ele>805.8</ele></trkpt>
   <trkpt lat="46.223980" lon="11.126293"><ele>807.4</ele></trkpt>
   <trkpt lat="46.224001" lon="11.126271"><ele>807.8</ele></trkpt>
   <trkpt lat="46.224023" lon="11.126239"><ele>808.4</ele></trkpt>
   <trkpt lat="46.224050" lon="11.126198"><ele>809.2</ele></trkpt>
   <trkpt lat="46.224065" lon="11.126179"><ele>809.4</ele></trkpt>
   <trkpt lat="46.224092" lon="11.126147"><ele>810.6</ele></trkpt>
   <trkpt lat="46.224123" lon="11.126073"><ele>811.8</ele></trkpt>
   <trkpt lat="46.224120" lon="11.126056"><ele>812.0</ele></trkpt>
   <trkpt lat="46.224126" lon="11.126015"><ele>813.0</ele></trkpt>
   <trkpt lat="46.224127" lon="11.126008"><ele>813.4</ele></trkpt>
   <trkpt lat="46.224137" lon="11.125998"><ele>814.0</ele></trkpt>
   <trkpt lat="46.224144" lon="11.125990"><ele>814.2</ele></trkpt>
   <trkpt lat="46.224161" lon="11.125969"><ele>815.0</ele></trkpt>
   <trkpt lat="46.224162" lon="11.125952"><ele>815.2</ele></trkpt>
   <trkpt lat="46.224168" lon="11.125931"><ele>816.0</ele></trkpt>
   <trkpt lat="46.224167" lon="11.125945"><ele>816.2</ele></trkpt>
   <trkpt lat="46.224171" lon="11.125959"><ele>816.6</ele></trkpt>
   <trkpt lat="46.224172" lon="11.125973"><ele>816.8</ele></trkpt>
   <trkpt lat="46.224163" lon="11.126011"><ele>817.6</ele></trkpt>
   <trkpt lat="46.224156" lon="11.126066"><ele>818.6</ele></trkpt>
   <trkpt lat="46.224160" lon="11.126135"><ele>819.8</ele></trkpt>
   <trkpt lat="46.224138" lon="11.126244"><ele>821.0</ele></trkpt>
   <trkpt lat="46.224156" lon="11.126328"><ele>822.0</ele></trkpt>
   <trkpt lat="46.224183" lon="11.126304"><ele>823.4</ele></trkpt>
   <trkpt lat="46.224215" lon="11.126267"><ele>824.4</ele></trkpt>
   <trkpt lat="46.224227" lon="11.126253"><ele>824.8</ele></trkpt>
   <trkpt lat="46.224261" lon="11.126213"><ele>825.8</ele></trkpt>
   <trkpt lat="46.224278" lon="11.126201"><ele>826.8</ele></trkpt>
   <trkpt lat="46.224273" lon="11.126211"><ele>827.2</ele></trkpt>
   <trkpt lat="46.224267" lon="11.126270"><ele>828.4</ele></trkpt>
   <trkpt lat="46.224276" lon="11.126308"><ele>829.4</ele></trkpt>
   <trkpt lat="46.224282" lon="11.126325"><ele>830.0</ele></trkpt>
   <trkpt lat="46.224294" lon="11.126348"><ele>830.6</ele></trkpt>
   <trkpt lat="46.224301" lon="11.126358"><ele>831.0</ele></trkpt>
   <trkpt lat="46.224316" lon="11.126360"><ele>831.8</ele></trkpt>
   <trkpt lat="46.224339" lon="11.126348"><ele>832.4</ele></trkpt>
   <trkpt lat="46.224370" lon="11.126328"><ele>833.2</ele></trkpt>
   <trkpt lat="46.224390" lon="11.126302"><ele>833.6</ele></trkpt>
   <trkpt lat="46.224405" lon="11.126256"><ele>834.2</ele></trkpt>
   <trkpt lat="46.224403" lon="11.126226"><ele>835.0</ele></trkpt>
   <trkpt lat="46.224403" lon="11.126215"><ele>835.2</ele></trkpt>
   <trkpt lat="46.224406" lon="11.126201"><ele>835.6</ele></trkpt>
   <trkpt lat="46.224417" lon="11.126155"><ele>836.0</ele></trkpt>
   <trkpt lat="46.224418" lon="11.126142"><ele>836.4</ele></trkpt>
   <trkpt lat="46.224425" lon="11.126123"><ele>837.2</ele></trkpt>
   <trkpt lat="46.224426" lon="11.126113"><ele>837.6</ele></trkpt>
   <trkpt lat="46.224429" lon="11.126107"><ele>838.8</ele></trkpt>
   <trkpt lat="46.224437" lon="11.126116"><ele>840.0</ele></trkpt>
   <trkpt lat="46.224453" lon="11.126127"><ele>841.2</ele></trkpt>
   <trkpt lat="46.224474" lon="11.126127"><ele>842.2</ele></trkpt>
   <trkpt lat="46.224462" lon="11.126112"><ele>843.4</ele></trkpt>
   <trkpt lat="46.224453" lon="11.126085"><ele>844.6</ele></trkpt>
   <trkpt lat="46.224436" lon="11.126069"><ele>845.6</ele></trkpt>
   <trkpt lat="46.224422" lon="11.126052"><ele>846.6</ele></trkpt>
   <trkpt lat="46.224407" lon="11.126039"><ele>847.8</ele></trkpt>
   <trkpt lat="46.224391" lon="11.126022"><ele>849.0</ele></trkpt>
   <trkpt lat="46.224407" lon="11.126018"><ele>850.2</ele></trkpt>
   <trkpt lat="46.224425" lon="11.126022"><ele>851.2</ele></trkpt>
   <trkpt lat="46.224466" lon="11.126044"><ele>852.2</ele></trkpt>
   <trkpt lat="46.224481" lon="11.126012"><ele>853.6</ele></trkpt>
   <trkpt lat="46.224481" lon="11.125970"><ele>854.6</ele></trkpt>
   <trkpt lat="46.224481" lon="11.125945"><ele>855.6</ele></trkpt>
   <trkpt lat="46.224473" lon="11.125909"><ele>856.8</ele></trkpt>
   <trkpt lat="46.224467" lon="11.125879"><ele>857.6</ele></trkpt>
   <trkpt lat="46.224464" lon="11.125865"><ele>857.8</ele></trkpt>
   <trkpt lat="46.224464" lon="11.125854"><ele>858.2</ele></trkpt>
   <trkpt lat="46.224476" lon="11.125808"><ele>859.2</ele></trkpt>
   <trkpt lat="46.224517" lon="11.125743"><ele>860.4</ele></trkpt>
   <trkpt lat="46.224546" lon="11.125680"><ele>861.6</ele></trkpt>
   <trkpt lat="46.224580" lon="11.125629"><ele>862.6</ele></trkpt>
   <trkpt lat="46.224593" lon="11.125600"><ele>862.8</ele></trkpt>
   <trkpt lat="46.224616" lon="11.125481"><ele>863.2</ele></trkpt>
   <trkpt lat="46.224597" lon="11.125358"><ele>863.2</ele></trkpt>
   <trkpt lat="46.224626" lon="11.125275"><ele>863.6</ele></trkpt>
   <trkpt lat="46.224596" lon="11.125145"><ele>865.0</ele></trkpt>
   <trkpt lat="46.224575" lon="11.125003"><ele>866.0</ele></trkpt>
   <trkpt lat="46.224559" lon="11.124764"><ele>867.0</ele></trkpt>
   <trkpt lat="46.224512" lon="11.124660"><ele>868.2</ele></trkpt>
   <trkpt lat="46.224510" lon="11.124635"><ele>868.6</ele></trkpt>
   <trkpt lat="46.224532" lon="11.124576"><ele>869.4</ele></trkpt>
   <trkpt lat="46.224625" lon="11.124299"><ele>868.2</ele></trkpt>
   <trkpt lat="46.224679" lon="11.124171"><ele>867.0</ele></trkpt>
   <trkpt lat="46.224677" lon="11.123903"><ele>866.2</ele></trkpt>
   <trkpt lat="46.224652" lon="11.123647"><ele>866.0</ele></trkpt>
   <trkpt lat="46.224648" lon="11.123605"><ele>866.0</ele></trkpt>
   <trkpt lat="46.224653" lon="11.123311"><ele>866.0</ele></trkpt>
   <trkpt lat="46.224742" lon="11.123108"><ele>867.4</ele></trkpt>
   <trkpt lat="46.224815" lon="11.123034"><ele>868.4</ele></trkpt>
   <trkpt lat="46.224921" lon="11.122928"><ele>869.6</ele></trkpt>
   <trkpt lat="46.225005" lon="11.122707"><ele>870.4</ele></trkpt>
   <trkpt lat="46.225009" lon="11.122598"><ele>870.6</ele></trkpt>
   <trkpt lat="46.225023" lon="11.122344"><ele>871.2</ele></trkpt>
   <trkpt lat="46.225024" lon="11.122195"><ele>871.8</ele></trkpt>
   <trkpt lat="46.225061" lon="11.121922"><ele>872.4</ele></trkpt>
   <trkpt lat="46.225089" lon="11.121805"><ele>873.0</ele></trkpt>
   <trkpt lat="46.225142" lon="11.121635"><ele>874.0</ele></trkpt>
   <trkpt lat="46.225210" lon="11.121349"><ele>874.8</ele></trkpt>
   <trkpt lat="46.225221" lon="11.121261"><ele>874.8</ele></trkpt>
   <trkpt lat="46.225264" lon="11.120980"><ele>874.4</ele></trkpt>
   <trkpt lat="46.225349" lon="11.120719"><ele>874.0</ele></trkpt>
   <trkpt lat="46.225320" lon="11.120439"><ele>873.8</ele></trkpt>
   <trkpt lat="46.225317" lon="11.120176"><ele>873.2</ele></trkpt>
   <trkpt lat="46.225318" lon="11.120087"><ele>873.0</ele></trkpt>
   <trkpt lat="46.225335" lon="11.119800"><ele>872.4</ele></trkpt>
   <trkpt lat="46.225336" lon="11.119768"><ele>872.2</ele></trkpt>
   <trkpt lat="46.225320" lon="11.119687"><ele>872.2</ele></trkpt>
   <trkpt lat="46.225338" lon="11.119635"><ele>872.0</ele></trkpt>
   <trkpt lat="46.225415" lon="11.119509"><ele>870.8</ele></trkpt>
   <trkpt lat="46.225475" lon="11.119443"><ele>870.0</ele></trkpt>
   <trkpt lat="46.225488" lon="11.119355"><ele>869.6</ele></trkpt>
   <trkpt lat="46.225462" lon="11.119064"><ele>868.8</ele></trkpt>
   <trkpt lat="46.225474" lon="11.118781"><ele>868.6</ele></trkpt>
   <trkpt lat="46.225475" lon="11.118733"><ele>868.6</ele></trkpt>
   <trkpt lat="46.225464" lon="11.118445"><ele>868.2</ele></trkpt>
   <trkpt lat="46.225432" lon="11.118157"><ele>868.6</ele></trkpt>
   <trkpt lat="46.225386" lon="11.117885"><ele>868.6</ele></trkpt>
   <trkpt lat="46.225358" lon="11.117586"><ele>869.0</ele></trkpt>
   <trkpt lat="46.225301" lon="11.117310"><ele>868.4</ele></trkpt>
   <trkpt lat="46.225241" lon="11.117074"><ele>867.6</ele></trkpt>
   <trkpt lat="46.225216" lon="11.116939"><ele>866.4</ele></trkpt>
   <trkpt lat="46.225158" lon="11.116683"><ele>865.4</ele></trkpt>
   <trkpt lat="46.225138" lon="11.116590"><ele>865.4</ele></trkpt>
   <trkpt lat="46.225204" lon="11.116326"><ele>864.8</ele></trkpt>
   <trkpt lat="46.225393" lon="11.116215"><ele>864.6</ele></trkpt>
   <trkpt lat="46.225583" lon="11.116125"><ele>864.6</ele></trkpt>
   <trkpt lat="46.225759" lon="11.115990"><ele>865.6</ele></trkpt>
   <trkpt lat="46.225926" lon="11.115852"><ele>866.2</ele></trkpt>
   <trkpt lat="46.226006" lon="11.115754"><ele>866.4</ele></trkpt>
   <trkpt lat="46.226163" lon="11.115640"><ele>866.0</ele></trkpt>
   <trkpt lat="46.226197" lon="11.115594"><ele>865.4</ele></trkpt>
   <trkpt lat="46.226212" lon="11.115552"><ele>865.2</ele></trkpt>
   <trkpt lat="46.226292" lon="11.115379"><ele>865.0</ele></trkpt>
   <trkpt lat="46.226443" lon="11.115208"><ele>865.6</ele></trkpt>
   <trkpt lat="46.226450" lon="11.115139"><ele>866.2</ele></trkpt>
   <trkpt lat="46.226573" lon="11.115150"><ele>867.0</ele></trkpt>
   <trkpt lat="46.226618" lon="11.115138"><ele>867.4</ele></trkpt>
   <trkpt lat="46.226753" lon="11.115113"><ele>868.0</ele></trkpt>
   <trkpt lat="46.226783" lon="11.115093"><ele>868.4</ele></trkpt>
   <trkpt lat="46.226837" lon="11.115091"><ele>868.8</ele></trkpt>
   <trkpt lat="46.226851" lon="11.114943"><ele>869.2</ele></trkpt>
   <trkpt lat="46.226758" lon="11.114864"><ele>869.4</ele></trkpt>
   <trkpt lat="46.226662" lon="11.114836"><ele>869.8</ele></trkpt>
   <trkpt lat="46.226569" lon="11.114839"><ele>870.6</ele></trkpt>
   <trkpt lat="46.226522" lon="11.114855"><ele>871.0</ele></trkpt>
   <trkpt lat="46.226338" lon="11.114863"><ele>871.6</ele></trkpt>
   <trkpt lat="46.226257" lon="11.114862"><ele>871.8</ele></trkpt>
   <trkpt lat="46.226220" lon="11.114787"><ele>873.0</ele></trkpt>
   <trkpt lat="46.226167" lon="11.114736"><ele>873.6</ele></trkpt>
   <trkpt lat="46.226121" lon="11.114702"><ele>874.4</ele></trkpt>
   <trkpt lat="46.226087" lon="11.114666"><ele>875.4</ele></trkpt>
   <trkpt lat="46.226095" lon="11.114588"><ele>876.6</ele></trkpt>
   <trkpt lat="46.226145" lon="11.114528"><ele>877.6</ele></trkpt>
   <trkpt lat="46.226181" lon="11.114524"><ele>878.2</ele></trkpt>
   <trkpt lat="46.226297" lon="11.114500"><ele>878.8</ele></trkpt>
   <trkpt lat="46.226361" lon="11.114487"><ele>879.8</ele></trkpt>
   <trkpt lat="46.226451" lon="11.114421"><ele>880.6</ele></trkpt>
   <trkpt lat="46.226574" lon="11.114374"><ele>881.0</ele></trkpt>
   <trkpt lat="46.226671" lon="11.114344"><ele>882.4</ele></trkpt>
   <trkpt lat="46.226700" lon="11.114318"><ele>883.6</ele></trkpt>
   <trkpt lat="46.226729" lon="11.114293"><ele>884.8</ele></trkpt>
   <trkpt lat="46.226757" lon="11.114268"><ele>885.8</ele></trkpt>
   <trkpt lat="46.226786" lon="11.114243"><ele>886.0</ele></trkpt>
   <trkpt lat="46.226815" lon="11.114217"><ele>886.8</ele></trkpt>
   <trkpt lat="46.226844" lon="11.114192"><ele>887.2</ele></trkpt>
   <trkpt lat="46.227102" lon="11.114258"><ele>888.2</ele></trkpt>
   <trkpt lat="46.227258" lon="11.114248"><ele>889.4</ele></trkpt>
   <trkpt lat="46.227378" lon="11.114189"><ele>890.6</ele></trkpt>
   <trkpt lat="46.227387" lon="11.114191"><ele>891.6</ele></trkpt>
   <trkpt lat="46.227433" lon="11.114157"><ele>892.8</ele></trkpt>
   <trkpt lat="46.227413" lon="11.114171"><ele>893.2</ele></trkpt>
   <trkpt lat="46.227313" lon="11.114192"><ele>893.8</ele></trkpt>
   <trkpt lat="46.227297" lon="11.114193"><ele>894.0</ele></trkpt>
   <trkpt lat="46.227256" lon="11.114138"><ele>894.4</ele></trkpt>
   <trkpt lat="46.227225" lon="11.114093"><ele>894.8</ele></trkpt>
   <trkpt lat="46.227060" lon="11.113979"><ele>895.8</ele></trkpt>
   <trkpt lat="46.227015" lon="11.113946"><ele>895.8</ele></trkpt>
   <trkpt lat="46.226813" lon="11.113899"><ele>896.0</ele></trkpt>
   <trkpt lat="46.226617" lon="11.113903"><ele>895.0</ele></trkpt>
   <trkpt lat="46.226556" lon="11.113909"><ele>894.8</ele></trkpt>
   <trkpt lat="46.226360" lon="11.113909"><ele>894.8</ele></trkpt>
   <trkpt lat="46.226161" lon="11.113953"><ele>895.0</ele></trkpt>
   <trkpt lat="46.225974" lon="11.113956"><ele>894.4</ele></trkpt>
   <trkpt lat="46.225827" lon="11.113942"><ele>893.8</ele></trkpt>
   <trkpt lat="46.225649" lon="11.113878"><ele>892.2</ele></trkpt>
   <trkpt lat="46.225579" lon="11.113845"><ele>891.2</ele></trkpt>
   <trkpt lat="46.225471" lon="11.113652"><ele>890.4</ele></trkpt>
   <trkpt lat="46.225431" lon="11.113501"><ele>890.0</ele></trkpt>
   <trkpt lat="46.225397" lon="11.113210"><ele>889.2</ele></trkpt>
   <trkpt lat="46.225396" lon="11.113132"><ele>889.0</ele></trkpt>
   <trkpt lat="46.225396" lon="11.112856"><ele>889.0</ele></trkpt>
   <trkpt lat="46.225423" lon="11.112571"><ele>889.8</ele></trkpt>
   <trkpt lat="46.225439" lon="11.112487"><ele>890.2</ele></trkpt>
   <trkpt lat="46.225468" lon="11.112194"><ele>890.2</ele></trkpt>
   <trkpt lat="46.225476" lon="11.111953"><ele>888.8</ele></trkpt>
   <trkpt lat="46.225499" lon="11.111825"><ele>887.6</ele></trkpt>
   <trkpt lat="46.225529" lon="11.111696"><ele>886.4</ele></trkpt>
   <trkpt lat="46.225568" lon="11.111566"><ele>885.2</ele></trkpt>
   <trkpt lat="46.225595" lon="11.111478"><ele>884.0</ele></trkpt>
   <trkpt lat="46.225631" lon="11.111291"><ele>882.8</ele></trkpt>
   <trkpt lat="46.225664" lon="11.111137"><ele>881.8</ele></trkpt>
   <trkpt lat="46.225688" lon="11.111043"><ele>880.4</ele></trkpt>
   <trkpt lat="46.225714" lon="11.110964"><ele>879.2</ele></trkpt>
   <trkpt lat="46.225791" lon="11.110776"><ele>878.2</ele></trkpt>
   <trkpt lat="46.225838" lon="11.110549"><ele>877.2</ele></trkpt>
   <trkpt lat="46.225860" lon="11.110364"><ele>876.0</ele></trkpt>
   <trkpt lat="46.225900" lon="11.110121"><ele>874.6</ele></trkpt>
   <trkpt lat="46.225920" lon="11.109964"><ele>873.6</ele></trkpt>
   <trkpt lat="46.225943" lon="11.109779"><ele>872.4</ele></trkpt>
   <trkpt lat="46.225980" lon="11.109658"><ele>871.0</ele></trkpt>
   <trkpt lat="46.226021" lon="11.109545"><ele>870.0</ele></trkpt>
   <trkpt lat="46.226114" lon="11.109298"><ele>869.2</ele></trkpt>
   <trkpt lat="46.226194" lon="11.109047"><ele>870.8</ele></trkpt>
   <trkpt lat="46.226264" lon="11.108771"><ele>869.8</ele></trkpt>
   <trkpt lat="46.226316" lon="11.108625"><ele>868.8</ele></trkpt>
   <trkpt lat="46.226406" lon="11.108477"><ele>867.6</ele></trkpt>
   <trkpt lat="46.226559" lon="11.108278"><ele>867.4</ele></trkpt>
   <trkpt lat="46.226681" lon="11.108063"><ele>866.6</ele></trkpt>
   <trkpt lat="46.226753" lon="11.107936"><ele>865.6</ele></trkpt>
   <trkpt lat="46.226817" lon="11.107816"><ele>864.4</ele></trkpt>
   <trkpt lat="46.226924" lon="11.107683"><ele>863.4</ele></trkpt>
   <trkpt lat="46.227058" lon="11.107525"><ele>862.4</ele></trkpt>
   <trkpt lat="46.227122" lon="11.107413"><ele>861.2</ele></trkpt>
   <trkpt lat="46.227174" lon="11.107207"><ele>860.2</ele></trkpt>
   <trkpt lat="46.227224" lon="11.107049"><ele>859.0</ele></trkpt>
   <trkpt lat="46.227266" lon="11.106949"><ele>857.8</ele></trkpt>
   <trkpt lat="46.227303" lon="11.106852"><ele>856.6</ele></trkpt>
   <trkpt lat="46.227332" lon="11.106674"><ele>855.6</ele></trkpt>
   <trkpt lat="46.227401" lon="11.106423"><ele>854.8</ele></trkpt>
   <trkpt lat="46.227441" lon="11.106329"><ele>854.4</ele></trkpt>
   <trkpt lat="46.227572" lon="11.106089"><ele>853.0</ele></trkpt>
   <trkpt lat="46.227719" lon="11.105896"><ele>852.4</ele></trkpt>
   <trkpt lat="46.227739" lon="11.105864"><ele>852.0</ele></trkpt>
   <trkpt lat="46.227867" lon="11.105674"><ele>851.4</ele></trkpt>
   <trkpt lat="46.227924" lon="11.105559"><ele>850.8</ele></trkpt>
   <trkpt lat="46.228010" lon="11.105438"><ele>849.6</ele></trkpt>
   <trkpt lat="46.228112" lon="11.105274"><ele>848.6</ele></trkpt>
   <trkpt lat="46.228154" lon="11.105143"><ele>847.4</ele></trkpt>
   <trkpt lat="46.228190" lon="11.105068"><ele>846.2</ele></trkpt>
   <trkpt lat="46.228253" lon="11.104953"><ele>844.8</ele></trkpt>
   <trkpt lat="46.228336" lon="11.104830"><ele>843.8</ele></trkpt>
   <trkpt lat="46.228388" lon="11.104656"><ele>842.6</ele></trkpt>
   <trkpt lat="46.228540" lon="11.104487"><ele>842.4</ele></trkpt>
   <trkpt lat="46.228688" lon="11.104320"><ele>842.2</ele></trkpt>
   <trkpt lat="46.228838" lon="11.104174"><ele>841.6</ele></trkpt>
   <trkpt lat="46.228988" lon="11.103993"><ele>841.4</ele></trkpt>
   <trkpt lat="46.229132" lon="11.103834"><ele>841.6</ele></trkpt>
   <trkpt lat="46.229264" lon="11.103642"><ele>841.8</ele></trkpt>
   <trkpt lat="46.229308" lon="11.103587"><ele>842.0</ele></trkpt>
   <trkpt lat="46.229430" lon="11.103342"><ele>842.0</ele></trkpt>
   <trkpt lat="46.229497" lon="11.103225"><ele>842.8</ele></trkpt>
   <trkpt lat="46.229533" lon="11.103193"><ele>843.2</ele></trkpt>
   <trkpt lat="46.229589" lon="11.103130"><ele>844.0</ele></trkpt>
   <trkpt lat="46.229574" lon="11.103092"><ele>845.4</ele></trkpt>
   <trkpt lat="46.229588" lon="11.103129"><ele>846.6</ele></trkpt>
   <trkpt lat="46.229596" lon="11.103142"><ele>846.8</ele></trkpt>
   <trkpt lat="46.229630" lon="11.103167"><ele>847.8</ele></trkpt>
   <trkpt lat="46.229636" lon="11.103185"><ele>848.2</ele></trkpt>
   <trkpt lat="46.229648" lon="11.103209"><ele>848.4</ele></trkpt>
   <trkpt lat="46.229649" lon="11.103250"><ele>848.8</ele></trkpt>
   <trkpt lat="46.229653" lon="11.103312"><ele>849.8</ele></trkpt>
   <trkpt lat="46.229646" lon="11.103387"><ele>851.0</ele></trkpt>
   <trkpt lat="46.229657" lon="11.103443"><ele>852.0</ele></trkpt>
   <trkpt lat="46.229644" lon="11.103511"><ele>853.2</ele></trkpt>
   <trkpt lat="46.229634" lon="11.103535"><ele>853.6</ele></trkpt>
   <trkpt lat="46.229638" lon="11.103556"><ele>854.2</ele></trkpt>
   <trkpt lat="46.229642" lon="11.103564"><ele>854.4</ele></trkpt>
   <trkpt lat="46.229640" lon="11.103617"><ele>855.4</ele></trkpt>
   <trkpt lat="46.229639" lon="11.103648"><ele>856.6</ele></trkpt>
   <trkpt lat="46.229621" lon="11.103723"><ele>857.2</ele></trkpt>
   <trkpt lat="46.229613" lon="11.103765"><ele>857.6</ele></trkpt>
   <trkpt lat="46.229600" lon="11.103834"><ele>858.8</ele></trkpt>
   <trkpt lat="46.229591" lon="11.103903"><ele>860.0</ele></trkpt>
   <trkpt lat="46.229612" lon="11.103967"><ele>861.2</ele></trkpt>
   <trkpt lat="46.229618" lon="11.103972"><ele>861.2</ele></trkpt>
   <trkpt lat="46.229644" lon="11.103994"><ele>861.8</ele></trkpt>
   <trkpt lat="46.229657" lon="11.104009"><ele>862.4</ele></trkpt>
   <trkpt lat="46.229686" lon="11.104028"><ele>863.8</ele></trkpt>
   <trkpt lat="46.229723" lon="11.104055"><ele>864.8</ele></trkpt>
   <trkpt lat="46.229799" lon="11.104078"><ele>865.8</ele></trkpt>
   <trkpt lat="46.229872" lon="11.104077"><ele>866.8</ele></trkpt>
   <trkpt lat="46.229889" lon="11.104079"><ele>867.0</ele></trkpt>
   <trkpt lat="46.229959" lon="11.104089"><ele>868.2</ele></trkpt>
   <trkpt lat="46.230067" lon="11.104136"><ele>869.2</ele></trkpt>
   <trkpt lat="46.230132" lon="11.104182"><ele>870.6</ele></trkpt>
   <trkpt lat="46.230289" lon="11.104316"><ele>871.6</ele></trkpt>
   <trkpt lat="46.230302" lon="11.104337"><ele>871.8</ele></trkpt>
   <trkpt lat="46.230385" lon="11.104543"><ele>872.8</ele></trkpt>
   <trkpt lat="46.230423" lon="11.104618"><ele>873.8</ele></trkpt>
   <trkpt lat="46.230429" lon="11.104647"><ele>874.4</ele></trkpt>
   <trkpt lat="46.230438" lon="11.104708"><ele>875.0</ele></trkpt>
   <trkpt lat="46.230558" lon="11.104889"><ele>876.0</ele></trkpt>
   <trkpt lat="46.230596" lon="11.105102"><ele>877.2</ele></trkpt>
   <trkpt lat="46.230625" lon="11.105181"><ele>878.6</ele></trkpt>
   <trkpt lat="46.230672" lon="11.105298"><ele>879.6</ele></trkpt>
   <trkpt lat="46.230699" lon="11.105333"><ele>880.0</ele></trkpt>
   <trkpt lat="46.230763" lon="11.105408"><ele>880.6</ele></trkpt>
   <trkpt lat="46.230844" lon="11.105584"><ele>881.8</ele></trkpt>
   <trkpt lat="46.230901" lon="11.105723"><ele>883.0</ele></trkpt>
   <trkpt lat="46.230902" lon="11.105759"><ele>883.8</ele></trkpt>
   <trkpt lat="46.230907" lon="11.105778"><ele>884.2</ele></trkpt>
   <trkpt lat="46.230919" lon="11.105798"><ele>884.6</ele></trkpt>
   <trkpt lat="46.230929" lon="11.105871"><ele>885.2</ele></trkpt>
   <trkpt lat="46.230938" lon="11.105970"><ele>886.4</ele></trkpt>
   <trkpt lat="46.230994" lon="11.106036"><ele>887.6</ele></trkpt>
   <trkpt lat="46.230998" lon="11.106062"><ele>888.2</ele></trkpt>
   <trkpt lat="46.231002" lon="11.106112"><ele>888.8</ele></trkpt>
   <trkpt lat="46.231032" lon="11.106149"><ele>889.4</ele></trkpt>
   <trkpt lat="46.231045" lon="11.106240"><ele>889.8</ele></trkpt>
   <trkpt lat="46.231062" lon="11.106286"><ele>890.2</ele></trkpt>
   <trkpt lat="46.231120" lon="11.106442"><ele>891.0</ele></trkpt>
   <trkpt lat="46.231141" lon="11.106690"><ele>892.0</ele></trkpt>
   <trkpt lat="46.231135" lon="11.106754"><ele>893.2</ele></trkpt>
   <trkpt lat="46.231142" lon="11.106844"><ele>894.2</ele></trkpt>
   <trkpt lat="46.231150" lon="11.106867"><ele>894.2</ele></trkpt>
   <trkpt lat="46.231183" lon="11.106940"><ele>895.6</ele></trkpt>
   <trkpt lat="46.231201" lon="11.106976"><ele>896.4</ele></trkpt>
   <trkpt lat="46.231220" lon="11.106987"><ele>896.8</ele></trkpt>
   <trkpt lat="46.231297" lon="11.107117"><ele>897.8</ele></trkpt>
   <trkpt lat="46.231311" lon="11.107163"><ele>898.6</ele></trkpt>
   <trkpt lat="46.231306" lon="11.107203"><ele>899.0</ele></trkpt>
   <trkpt lat="46.231353" lon="11.107282"><ele>900.2</ele></trkpt>
   <trkpt lat="46.231367" lon="11.107356"><ele>901.2</ele></trkpt>
   <trkpt lat="46.231403" lon="11.107447"><ele>902.4</ele></trkpt>
   <trkpt lat="46.231500" lon="11.107621"><ele>903.4</ele></trkpt>
   <trkpt lat="46.231510" lon="11.107631"><ele>903.6</ele></trkpt>
   <trkpt lat="46.231551" lon="11.107671"><ele>904.8</ele></trkpt>
   <trkpt lat="46.231643" lon="11.107759"><ele>906.0</ele></trkpt>
   <trkpt lat="46.231643" lon="11.107881"><ele>907.0</ele></trkpt>
   <trkpt lat="46.231637" lon="11.107970"><ele>908.2</ele></trkpt>
   <trkpt lat="46.231646" lon="11.108204"><ele>909.4</ele></trkpt>
   <trkpt lat="46.231668" lon="11.108263"><ele>911.0</ele></trkpt>
   <trkpt lat="46.231694" lon="11.108325"><ele>912.0</ele></trkpt>
   <trkpt lat="46.231739" lon="11.108434"><ele>913.4</ele></trkpt>
   <trkpt lat="46.231779" lon="11.108505"><ele>914.6</ele></trkpt>
   <trkpt lat="46.231915" lon="11.108690"><ele>915.4</ele></trkpt>
   <trkpt lat="46.232031" lon="11.108893"><ele>914.8</ele></trkpt>
   <trkpt lat="46.232113" lon="11.109109"><ele>914.6</ele></trkpt>
   <trkpt lat="46.232259" lon="11.109274"><ele>914.0</ele></trkpt>
   <trkpt lat="46.232318" lon="11.109331"><ele>913.6</ele></trkpt>
   <trkpt lat="46.232468" lon="11.109486"><ele>912.8</ele></trkpt>
   <trkpt lat="46.232515" lon="11.109510"><ele>912.4</ele></trkpt>
   <trkpt lat="46.232703" lon="11.109626"><ele>912.0</ele></trkpt>
   <trkpt lat="46.232890" lon="11.109685"><ele>912.4</ele></trkpt>
   <trkpt lat="46.233030" lon="11.109753"><ele>913.6</ele></trkpt>
   <trkpt lat="46.233085" lon="11.109817"><ele>914.8</ele></trkpt>
   <trkpt lat="46.233119" lon="11.109849"><ele>916.0</ele></trkpt>
   <trkpt lat="46.233166" lon="11.109891"><ele>917.2</ele></trkpt>
   <trkpt lat="46.233189" lon="11.109916"><ele>917.8</ele></trkpt>
   <trkpt lat="46.233199" lon="11.109936"><ele>918.4</ele></trkpt>
   <trkpt lat="46.233233" lon="11.109973"><ele>919.6</ele></trkpt>
   <trkpt lat="46.233297" lon="11.110009"><ele>920.8</ele></trkpt>
   <trkpt lat="46.233322" lon="11.110022"><ele>921.4</ele></trkpt>
   <trkpt lat="46.233333" lon="11.110027"><ele>921.8</ele></trkpt>
   <trkpt lat="46.233388" lon="11.110046"><ele>922.6</ele></trkpt>
   <trkpt lat="46.233399" lon="11.110054"><ele>922.8</ele></trkpt>
   <trkpt lat="46.233423" lon="11.110071"><ele>923.6</ele></trkpt>
   <trkpt lat="46.233433" lon="11.110077"><ele>924.0</ele></trkpt>
   <trkpt lat="46.233458" lon="11.110118"><ele>924.6</ele></trkpt>
   <trkpt lat="46.233493" lon="11.110157"><ele>925.2</ele></trkpt>
   <trkpt lat="46.233527" lon="11.110192"><ele>926.2</ele></trkpt>
   <trkpt lat="46.233546" lon="11.110236"><ele>927.2</ele></trkpt>
   <trkpt lat="46.233597" lon="11.110299"><ele>927.8</ele></trkpt>
   <trkpt lat="46.233623" lon="11.110310"><ele>928.4</ele></trkpt>
   <trkpt lat="46.233657" lon="11.110349"><ele>929.4</ele></trkpt>
   <trkpt lat="46.233683" lon="11.110386"><ele>930.4</ele></trkpt>
   <trkpt lat="46.233751" lon="11.110413"><ele>931.8</ele></trkpt>
   <trkpt lat="46.233776" lon="11.110423"><ele>932.8</ele></trkpt>
   <trkpt lat="46.233798" lon="11.110446"><ele>933.8</ele></trkpt>
   <trkpt lat="46.233802" lon="11.110448"><ele>934.2</ele></trkpt>
   <trkpt lat="46.233807" lon="11.110460"><ele>934.8</ele></trkpt>
   <trkpt lat="46.233823" lon="11.110473"><ele>935.8</ele></trkpt>
   <trkpt lat="46.233830" lon="11.110480"><ele>936.2</ele></trkpt>
   <trkpt lat="46.233880" lon="11.110496"><ele>937.2</ele></trkpt>
   <trkpt lat="46.233894" lon="11.110533"><ele>938.2</ele></trkpt>
   <trkpt lat="46.233900" lon="11.110540"><ele>938.8</ele></trkpt>
   <trkpt lat="46.233904" lon="11.110563"><ele>939.2</ele></trkpt>
   <trkpt lat="46.233916" lon="11.110599"><ele>940.2</ele></trkpt>
   <trkpt lat="46.233932" lon="11.110630"><ele>941.4</ele></trkpt>
   <trkpt lat="46.233943" lon="11.110652"><ele>941.6</ele></trkpt>
   <trkpt lat="46.233949" lon="11.110669"><ele>942.0</ele></trkpt>
   <trkpt lat="46.233969" lon="11.110691"><ele>942.6</ele></trkpt>
   <trkpt lat="46.233977" lon="11.110701"><ele>943.2</ele></trkpt>
   <trkpt lat="46.233961" lon="11.110757"><ele>943.8</ele></trkpt>
   <trkpt lat="46.233962" lon="11.110784"><ele>944.4</ele></trkpt>
   <trkpt lat="46.233955" lon="11.110798"><ele>944.8</ele></trkpt>
   <trkpt lat="46.233979" lon="11.110843"><ele>946.2</ele></trkpt>
   <trkpt lat="46.233985" lon="11.110851"><ele>946.8</ele></trkpt>
   <trkpt lat="46.233991" lon="11.110853"><ele>947.4</ele></trkpt>
   <trkpt lat="46.234003" lon="11.110866"><ele>947.8</ele></trkpt>
   <trkpt lat="46.234012" lon="11.110879"><ele>948.2</ele></trkpt>
   <trkpt lat="46.234017" lon="11.110891"><ele>948.4</ele></trkpt>
   <trkpt lat="46.234016" lon="11.110898"><ele>948.8</ele></trkpt>
   <trkpt lat="46.234032" lon="11.110914"><ele>949.4</ele></trkpt>
   <trkpt lat="46.234052" lon="11.110926"><ele>950.0</ele></trkpt>
   <trkpt lat="46.234060" lon="11.110943"><ele>950.6</ele></trkpt>
   <trkpt lat="46.234086" lon="11.110967"><ele>951.6</ele></trkpt>
   <trkpt lat="46.234114" lon="11.110989"><ele>952.8</ele></trkpt>
   <trkpt lat="46.234155" lon="11.110999"><ele>953.8</ele></trkpt>
   <trkpt lat="46.234166" lon="11.111019"><ele>954.0</ele></trkpt>
   <trkpt lat="46.234182" lon="11.111029"><ele>954.4</ele></trkpt>
   <trkpt lat="46.234187" lon="11.111033"><ele>955.0</ele></trkpt>
   <trkpt lat="46.234221" lon="11.111037"><ele>956.0</ele></trkpt>
   <trkpt lat="46.234275" lon="11.111078"><ele>957.2</ele></trkpt>
   <trkpt lat="46.234318" lon="11.111172"><ele>958.4</ele></trkpt>
   <trkpt lat="46.234330" lon="11.111218"><ele>959.6</ele></trkpt>
   <trkpt lat="46.234344" lon="11.111248"><ele>960.0</ele></trkpt>
   <trkpt lat="46.234365" lon="11.111297"><ele>960.8</ele></trkpt>
   <trkpt lat="46.234371" lon="11.111346"><ele>961.6</ele></trkpt>
   <trkpt lat="46.234379" lon="11.111356"><ele>962.0</ele></trkpt>
   <trkpt lat="46.234386" lon="11.111363"><ele>962.4</ele></trkpt>
   <trkpt lat="46.234417" lon="11.111379"><ele>963.2</ele></trkpt>
   <trkpt lat="46.234433" lon="11.111386"><ele>963.8</ele></trkpt>
   <trkpt lat="46.234460" lon="11.111393"><ele>964.6</ele></trkpt>
   <trkpt lat="46.234469" lon="11.111400"><ele>964.8</ele></trkpt>
   <trkpt lat="46.234496" lon="11.111426"><ele>965.8</ele></trkpt>
   <trkpt lat="46.234499" lon="11.111425"><ele>966.0</ele></trkpt>
   <trkpt lat="46.234498" lon="11.111433"><ele>966.4</ele></trkpt>
   <trkpt lat="46.234515" lon="11.111452"><ele>967.0</ele></trkpt>
   <trkpt lat="46.234516" lon="11.111456"><ele>967.4</ele></trkpt>
   <trkpt lat="46.234535" lon="11.111472"><ele>968.2</ele></trkpt>
   <trkpt lat="46.234580" lon="11.111497"><ele>969.4</ele></trkpt>
   <trkpt lat="46.234592" lon="11.111515"><ele>970.4</ele></trkpt>
   <trkpt lat="46.234609" lon="11.111521"><ele>971.4</ele></trkpt>
   <trkpt lat="46.234645" lon="11.111543"><ele>972.6</ele></trkpt>
   <trkpt lat="46.234716" lon="11.111565"><ele>973.8</ele></trkpt>
   <trkpt lat="46.234716" lon="11.111550"><ele>974.6</ele></trkpt>
   <trkpt lat="46.234719" lon="11.111550"><ele>974.8</ele></trkpt>
   <trkpt lat="46.234734" lon="11.111513"><ele>976.0</ele></trkpt>
   <trkpt lat="46.234756" lon="11.111487"><ele>977.0</ele></trkpt>
   <trkpt lat="46.234777" lon="11.111490"><ele>978.2</ele></trkpt>
   <trkpt lat="46.234801" lon="11.111506"><ele>979.4</ele></trkpt>
   <trkpt lat="46.234847" lon="11.111522"><ele>980.6</ele></trkpt>
   <trkpt lat="46.234889" lon="11.111555"><ele>981.6</ele></trkpt>
   <trkpt lat="46.234933" lon="11.111589"><ele>982.8</ele></trkpt>
   <trkpt lat="46.234963" lon="11.111605"><ele>983.8</ele></trkpt>
   <trkpt lat="46.234975" lon="11.111612"><ele>984.0</ele></trkpt>
   <trkpt lat="46.235005" lon="11.111644"><ele>984.6</ele></trkpt>
   <trkpt lat="46.235020" lon="11.111680"><ele>985.2</ele></trkpt>
   <trkpt lat="46.235043" lon="11.111726"><ele>986.0</ele></trkpt>
   <trkpt lat="46.235053" lon="11.111741"><ele>986.2</ele></trkpt>
   <trkpt lat="46.235069" lon="11.111772"><ele>987.2</ele></trkpt>
   <trkpt lat="46.235072" lon="11.111784"><ele>987.4</ele></trkpt>
   <trkpt lat="46.235077" lon="11.111843"><ele>988.6</ele></trkpt>
   <trkpt lat="46.235095" lon="11.111878"><ele>989.8</ele></trkpt>
   <trkpt lat="46.235115" lon="11.111889"><ele>990.8</ele></trkpt>
   <trkpt lat="46.235149" lon="11.111923"><ele>991.8</ele></trkpt>
   <trkpt lat="46.235171" lon="11.111939"><ele>992.2</ele></trkpt>
   <trkpt lat="46.235197" lon="11.111979"><ele>993.2</ele></trkpt>
   <trkpt lat="46.235219" lon="11.111999"><ele>994.4</ele></trkpt>
   <trkpt lat="46.235220" lon="11.112043"><ele>995.4</ele></trkpt>
   <trkpt lat="46.235220" lon="11.112055"><ele>995.6</ele></trkpt>
   <trkpt lat="46.235224" lon="11.112065"><ele>996.0</ele></trkpt>
   <trkpt lat="46.235246" lon="11.112098"><ele>996.8</ele></trkpt>
   <trkpt lat="46.235255" lon="11.112114"><ele>997.0</ele></trkpt>
   <trkpt lat="46.235269" lon="11.112135"><ele>997.4</ele></trkpt>
   <trkpt lat="46.235285" lon="11.112171"><ele>997.8</ele></trkpt>
   <trkpt lat="46.235315" lon="11.112180"><ele>998.2</ele></trkpt>
   <trkpt lat="46.235356" lon="11.112190"><ele>999.2</ele></trkpt>
   <trkpt lat="46.235405" lon="11.112214"><ele>1000.4</ele></trkpt>
   <trkpt lat="46.235432" lon="11.112234"><ele>1001.2</ele></trkpt>
   <trkpt lat="46.235442" lon="11.112250"><ele>1001.6</ele></trkpt>
   <trkpt lat="46.235472" lon="11.112274"><ele>1002.8</ele></trkpt>
   <trkpt lat="46.235488" lon="11.112303"><ele>1003.8</ele></trkpt>
   <trkpt lat="46.235514" lon="11.112351"><ele>1005.2</ele></trkpt>
   <trkpt lat="46.235521" lon="11.112360"><ele>1005.4</ele></trkpt>
   <trkpt lat="46.235535" lon="11.112384"><ele>1006.2</ele></trkpt>
   <trkpt lat="46.235539" lon="11.112394"><ele>1006.4</ele></trkpt>
   <trkpt lat="46.235541" lon="11.112411"><ele>1007.0</ele></trkpt>
   <trkpt lat="46.235542" lon="11.112417"><ele>1007.4</ele></trkpt>
   <trkpt lat="46.235542" lon="11.112424"><ele>1007.8</ele></trkpt>
   <trkpt lat="46.235546" lon="11.112460"><ele>1008.6</ele></trkpt>
   <trkpt lat="46.235547" lon="11.112504"><ele>1009.6</ele></trkpt>
   <trkpt lat="46.235536" lon="11.112521"><ele>1010.8</ele></trkpt>
   <trkpt lat="46.235532" lon="11.112579"><ele>1011.8</ele></trkpt>
   <trkpt lat="46.235546" lon="11.112638"><ele>1013.2</ele></trkpt>
   <trkpt lat="46.235553" lon="11.112666"><ele>1013.6</ele></trkpt>
   <trkpt lat="46.235563" lon="11.112708"><ele>1014.4</ele></trkpt>
   <trkpt lat="46.235582" lon="11.112741"><ele>1015.4</ele></trkpt>
   <trkpt lat="46.235619" lon="11.112749"><ele>1016.0</ele></trkpt>
   <trkpt lat="46.235651" lon="11.112755"><ele>1016.4</ele></trkpt>
   <trkpt lat="46.235657" lon="11.112760"><ele>1016.8</ele></trkpt>
   <trkpt lat="46.235669" lon="11.112778"><ele>1017.2</ele></trkpt>
   <trkpt lat="46.235679" lon="11.112801"><ele>1017.8</ele></trkpt>
   <trkpt lat="46.235679" lon="11.112812"><ele>1018.2</ele></trkpt>
   <trkpt lat="46.235684" lon="11.112846"><ele>1019.0</ele></trkpt>
   <trkpt lat="46.235681" lon="11.112874"><ele>1019.6</ele></trkpt>
   <trkpt lat="46.235723" lon="11.112912"><ele>1020.2</ele></trkpt>
   <trkpt lat="46.235745" lon="11.112939"><ele>1021.2</ele></trkpt>
   <trkpt lat="46.235752" lon="11.112954"><ele>1021.4</ele></trkpt>
   <trkpt lat="46.235756" lon="11.112999"><ele>1022.2</ele></trkpt>
   <trkpt lat="46.235742" lon="11.113017"><ele>1023.0</ele></trkpt>
   <trkpt lat="46.235741" lon="11.113038"><ele>1023.6</ele></trkpt>
   <trkpt lat="46.235726" lon="11.113087"><ele>1025.0</ele></trkpt>
   <trkpt lat="46.235714" lon="11.113105"><ele>1025.2</ele></trkpt>
   <trkpt lat="46.235698" lon="11.113130"><ele>1025.6</ele></trkpt>
   <trkpt lat="46.235684" lon="11.113160"><ele>1026.2</ele></trkpt>
   <trkpt lat="46.235681" lon="11.113204"><ele>1027.2</ele></trkpt>
   <trkpt lat="46.235694" lon="11.113215"><ele>1027.6</ele></trkpt>
   <trkpt lat="46.235710" lon="11.113249"><ele>1028.4</ele></trkpt>
   <trkpt lat="46.235713" lon="11.113306"><ele>1029.6</ele></trkpt>
   <trkpt lat="46.235715" lon="11.113339"><ele>1030.6</ele></trkpt>
   <trkpt lat="46.235713" lon="11.113391"><ele>1031.8</ele></trkpt>
   <trkpt lat="46.235689" lon="11.113438"><ele>1032.6</ele></trkpt>
   <trkpt lat="46.235669" lon="11.113459"><ele>1033.0</ele></trkpt>
   <trkpt lat="46.235649" lon="11.113496"><ele>1034.0</ele></trkpt>
   <trkpt lat="46.235613" lon="11.113557"><ele>1035.0</ele></trkpt>
   <trkpt lat="46.235605" lon="11.113558"><ele>1035.4</ele></trkpt>
   <trkpt lat="46.235583" lon="11.113570"><ele>1036.2</ele></trkpt>
   <trkpt lat="46.235570" lon="11.113582"><ele>1036.6</ele></trkpt>
   <trkpt lat="46.235550" lon="11.113599"><ele>1037.4</ele></trkpt>
   <trkpt lat="46.235542" lon="11.113632"><ele>1038.6</ele></trkpt>
   <trkpt lat="46.235543" lon="11.113639"><ele>1038.8</ele></trkpt>
   <trkpt lat="46.235548" lon="11.113650"><ele>1039.4</ele></trkpt>
   <trkpt lat="46.235549" lon="11.113656"><ele>1039.8</ele></trkpt>
   <trkpt lat="46.235551" lon="11.113667"><ele>1040.0</ele></trkpt>
   <trkpt lat="46.235558" lon="11.113696"><ele>1041.0</ele></trkpt>
   <trkpt lat="46.235579" lon="11.113699"><ele>1041.8</ele></trkpt>
   <trkpt lat="46.235589" lon="11.113690"><ele>1042.0</ele></trkpt>
   <trkpt lat="46.235587" lon="11.113703"><ele>1043.2</ele></trkpt>
   <trkpt lat="46.235573" lon="11.113724"><ele>1044.6</ele></trkpt>
   <trkpt lat="46.235570" lon="11.113758"><ele>1045.8</ele></trkpt>
   <trkpt lat="46.235535" lon="11.113820"><ele>1047.0</ele></trkpt>
   <trkpt lat="46.235567" lon="11.113882"><ele>1048.2</ele></trkpt>
   <trkpt lat="46.235573" lon="11.113892"><ele>1048.4</ele></trkpt>
   <trkpt lat="46.235607" lon="11.113929"><ele>1049.2</ele></trkpt>
   <trkpt lat="46.235626" lon="11.113943"><ele>1049.8</ele></trkpt>
   <trkpt lat="46.235648" lon="11.113944"><ele>1050.4</ele></trkpt>
   <trkpt lat="46.235651" lon="11.113947"><ele>1050.8</ele></trkpt>
   <trkpt lat="46.235633" lon="11.113973"><ele>1051.6</ele></trkpt>
   <trkpt lat="46.235598" lon="11.114000"><ele>1052.4</ele></trkpt>
   <trkpt lat="46.235587" lon="11.114016"><ele>1052.8</ele></trkpt>
   <trkpt lat="46.235585" lon="11.114027"><ele>1053.2</ele></trkpt>
   <trkpt lat="46.235568" lon="11.114049"><ele>1053.8</ele></trkpt>
   <trkpt lat="46.235557" lon="11.114057"><ele>1054.0</ele></trkpt>
   <trkpt lat="46.235546" lon="11.114059"><ele>1054.6</ele></trkpt>
   <trkpt lat="46.235540" lon="11.114083"><ele>1055.2</ele></trkpt>
   <trkpt lat="46.235539" lon="11.114127"><ele>1055.8</ele></trkpt>
   <trkpt lat="46.235542" lon="11.114149"><ele>1056.4</ele></trkpt>
   <trkpt lat="46.235536" lon="11.114175"><ele>1057.4</ele></trkpt>
   <trkpt lat="46.235541" lon="11.114213"><ele>1058.6</ele></trkpt>
   <trkpt lat="46.235545" lon="11.114224"><ele>1058.8</ele></trkpt>
   <trkpt lat="46.235539" lon="11.114263"><ele>1059.8</ele></trkpt>
   <trkpt lat="46.235548" lon="11.114291"><ele>1061.0</ele></trkpt>
   <trkpt lat="46.235567" lon="11.114319"><ele>1062.2</ele></trkpt>
   <trkpt lat="46.235578" lon="11.114360"><ele>1063.2</ele></trkpt>
   <trkpt lat="46.235561" lon="11.114386"><ele>1064.6</ele></trkpt>
   <trkpt lat="46.235536" lon="11.114402"><ele>1065.6</ele></trkpt>
   <trkpt lat="46.235535" lon="11.114415"><ele>1067.0</ele></trkpt>
   <trkpt lat="46.235563" lon="11.114431"><ele>1068.0</ele></trkpt>
   <trkpt lat="46.235584" lon="11.114456"><ele>1069.2</ele></trkpt>
   <trkpt lat="46.235617" lon="11.114461"><ele>1070.2</ele></trkpt>
   <trkpt lat="46.235632" lon="11.114501"><ele>1071.4</ele></trkpt>
   <trkpt lat="46.235658" lon="11.114528"><ele>1072.8</ele></trkpt>
   <trkpt lat="46.235680" lon="11.114549"><ele>1074.0</ele></trkpt>
   <trkpt lat="46.235711" lon="11.114574"><ele>1075.0</ele></trkpt>
   <trkpt lat="46.235743" lon="11.114582"><ele>1076.0</ele></trkpt>
   <trkpt lat="46.235769" lon="11.114590"><ele>1077.2</ele></trkpt>
   <trkpt lat="46.235796" lon="11.114609"><ele>1078.2</ele></trkpt>
   <trkpt lat="46.235809" lon="11.114611"><ele>1079.4</ele></trkpt>
   <trkpt lat="46.235818" lon="11.114610"><ele>1080.4</ele></trkpt>
   <trkpt lat="46.235825" lon="11.114604"><ele>1081.6</ele></trkpt>
   <trkpt lat="46.235822" lon="11.114610"><ele>1082.6</ele></trkpt>
   <trkpt lat="46.235845" lon="11.114576"><ele>1083.8</ele></trkpt>
   <trkpt lat="46.235880" lon="11.114568"><ele>1085.0</ele></trkpt>
   <trkpt lat="46.235900" lon="11.114560"><ele>1086.2</ele></trkpt>
   <trkpt lat="46.235903" lon="11.114546"><ele>1087.2</ele></trkpt>
   <trkpt lat="46.235897" lon="11.114547"><ele>1088.2</ele></trkpt>
   <trkpt lat="46.235879" lon="11.114498"><ele>1089.6</ele></trkpt>
   <trkpt lat="46.235890" lon="11.114471"><ele>1090.8</ele></trkpt>
   <trkpt lat="46.235908" lon="11.114451"><ele>1092.2</ele></trkpt>
   <trkpt lat="46.235973" lon="11.114472"><ele>1093.2</ele></trkpt>
   <trkpt lat="46.235997" lon="11.114475"><ele>1094.4</ele></trkpt>
   <trkpt lat="46.236018" lon="11.114462"><ele>1095.6</ele></trkpt>
   <trkpt lat="46.236032" lon="11.114457"><ele>1096.8</ele></trkpt>
   <trkpt lat="46.236037" lon="11.114471"><ele>1097.8</ele></trkpt>
   <trkpt lat="46.236055" lon="11.114492"><ele>1099.0</ele></trkpt>
   <trkpt lat="46.236075" lon="11.114494"><ele>1100.0</ele></trkpt>
   <trkpt lat="46.236112" lon="11.114507"><ele>1101.4</ele></trkpt>
   <trkpt lat="46.236117" lon="11.114513"><ele>1102.6</ele></trkpt>
   <trkpt lat="46.236097" lon="11.114545"><ele>1103.8</ele></trkpt>
   <trkpt lat="46.236072" lon="11.114574"><ele>1104.8</ele></trkpt>
   <trkpt lat="46.236053" lon="11.114653"><ele>1106.0</ele></trkpt>
   <trkpt lat="46.236076" lon="11.114700"><ele>1107.2</ele></trkpt>
   <trkpt lat="46.236099" lon="11.114730"><ele>1108.4</ele></trkpt>
   <trkpt lat="46.236106" lon="11.114748"><ele>1109.6</ele></trkpt>
   <trkpt lat="46.236112" lon="11.114761"><ele>1110.8</ele></trkpt>
   <trkpt lat="46.236121" lon="11.114787"><ele>1112.2</ele></trkpt>
   <trkpt lat="46.236101" lon="11.114808"><ele>1113.2</ele></trkpt>
   <trkpt lat="46.236099" lon="11.114844"><ele>1114.2</ele></trkpt>
   <trkpt lat="46.236096" lon="11.114901"><ele>1115.4</ele></trkpt>
   <trkpt lat="46.236100" lon="11.114942"><ele>1116.8</ele></trkpt>
   <trkpt lat="46.236106" lon="11.114981"><ele>1118.0</ele></trkpt>
   <trkpt lat="46.236084" lon="11.114969"><ele>1119.0</ele></trkpt>
   <trkpt lat="46.236090" lon="11.115011"><ele>1120.4</ele></trkpt>
   <trkpt lat="46.236113" lon="11.115044"><ele>1121.4</ele></trkpt>
   <trkpt lat="46.236138" lon="11.115059"><ele>1122.6</ele></trkpt>
   <trkpt lat="46.236149" lon="11.115063"><ele>1123.6</ele></trkpt>
   <trkpt lat="46.236161" lon="11.115077"><ele>1124.8</ele></trkpt>
   <trkpt lat="46.236155" lon="11.115108"><ele>1126.0</ele></trkpt>
   <trkpt lat="46.236161" lon="11.115127"><ele>1127.2</ele></trkpt>
   <trkpt lat="46.236174" lon="11.115161"><ele>1128.4</ele></trkpt>
   <trkpt lat="46.236190" lon="11.115171"><ele>1129.6</ele></trkpt>
   <trkpt lat="46.236213" lon="11.115165"><ele>1130.8</ele></trkpt>
   <trkpt lat="46.236237" lon="11.115153"><ele>1132.0</ele></trkpt>
   <trkpt lat="46.236282" lon="11.115127"><ele>1133.2</ele></trkpt>
   <trkpt lat="46.236321" lon="11.115152"><ele>1134.2</ele></trkpt>
   <trkpt lat="46.236348" lon="11.115146"><ele>1135.6</ele></trkpt>
   <trkpt lat="46.236384" lon="11.115136"><ele>1137.0</ele></trkpt>
   <trkpt lat="46.236446" lon="11.115126"><ele>1138.2</ele></trkpt>
   <trkpt lat="46.236457" lon="11.115138"><ele>1139.2</ele></trkpt>
   <trkpt lat="46.236470" lon="11.115134"><ele>1140.4</ele></trkpt>
   <trkpt lat="46.236493" lon="11.115153"><ele>1141.4</ele></trkpt>
   <trkpt lat="46.236515" lon="11.115194"><ele>1142.6</ele></trkpt>
   <trkpt lat="46.236463" lon="11.115252"><ele>1143.6</ele></trkpt>
   <trkpt lat="46.236438" lon="11.115309"><ele>1144.8</ele></trkpt>
   <trkpt lat="46.236444" lon="11.115337"><ele>1146.0</ele></trkpt>
   <trkpt lat="46.236449" lon="11.115373"><ele>1147.2</ele></trkpt>
   <trkpt lat="46.236442" lon="11.115407"><ele>1148.2</ele></trkpt>
   <trkpt lat="46.236471" lon="11.115388"><ele>1149.4</ele></trkpt>
   <trkpt lat="46.236503" lon="11.115380"><ele>1150.4</ele></trkpt>
   <trkpt lat="46.236528" lon="11.115372"><ele>1151.6</ele></trkpt>
   <trkpt lat="46.236555" lon="11.115340"><ele>1153.0</ele></trkpt>
   <trkpt lat="46.236583" lon="11.115360"><ele>1154.2</ele></trkpt>
   <trkpt lat="46.236585" lon="11.115431"><ele>1155.4</ele></trkpt>
   <trkpt lat="46.236582" lon="11.115467"><ele>1156.4</ele></trkpt>
   <trkpt lat="46.236598" lon="11.115523"><ele>1157.4</ele></trkpt>
   <trkpt lat="46.236593" lon="11.115548"><ele>1158.8</ele></trkpt>
   <trkpt lat="46.236618" lon="11.115569"><ele>1159.8</ele></trkpt>
   <trkpt lat="46.236655" lon="11.115571"><ele>1161.2</ele></trkpt>
   <trkpt lat="46.236675" lon="11.115561"><ele>1162.2</ele></trkpt>
   <trkpt lat="46.236676" lon="11.115579"><ele>1163.2</ele></trkpt>
   <trkpt lat="46.236678" lon="11.115596"><ele>1164.6</ele></trkpt>
   <trkpt lat="46.236694" lon="11.115617"><ele>1165.6</ele></trkpt>
   <trkpt lat="46.236706" lon="11.115643"><ele>1166.8</ele></trkpt>
   <trkpt lat="46.236749" lon="11.115743"><ele>1168.0</ele></trkpt>
   <trkpt lat="46.236741" lon="11.115748"><ele>1169.2</ele></trkpt>
   <trkpt lat="46.236734" lon="11.115772"><ele>1170.2</ele></trkpt>
   <trkpt lat="46.236748" lon="11.115797"><ele>1171.4</ele></trkpt>
   <trkpt lat="46.236766" lon="11.115797"><ele>1172.8</ele></trkpt>
   <trkpt lat="46.236774" lon="11.115790"><ele>1174.0</ele></trkpt>
   <trkpt lat="46.236791" lon="11.115772"><ele>1175.2</ele></trkpt>
   <trkpt lat="46.236845" lon="11.115752"><ele>1176.2</ele></trkpt>
   <trkpt lat="46.236871" lon="11.115731"><ele>1177.4</ele></trkpt>
   <trkpt lat="46.236885" lon="11.115749"><ele>1178.6</ele></trkpt>
   <trkpt lat="46.236882" lon="11.115782"><ele>1179.8</ele></trkpt>
   <trkpt lat="46.236903" lon="11.115797"><ele>1181.0</ele></trkpt>
   <trkpt lat="46.236924" lon="11.115808"><ele>1182.0</ele></trkpt>
   <trkpt lat="46.236946" lon="11.115793"><ele>1183.0</ele></trkpt>
   <trkpt lat="46.236982" lon="11.115799"><ele>1184.0</ele></trkpt>
   <trkpt lat="46.237002" lon="11.115818"><ele>1185.2</ele></trkpt>
   <trkpt lat="46.237012" lon="11.115830"><ele>1186.4</ele></trkpt>
   <trkpt lat="46.237009" lon="11.115878"><ele>1187.8</ele></trkpt>
   <trkpt lat="46.237010" lon="11.115909"><ele>1188.8</ele></trkpt>
   <trkpt lat="46.237016" lon="11.115967"><ele>1190.0</ele></trkpt>
   <trkpt lat="46.237033" lon="11.116010"><ele>1191.2</ele></trkpt>
   <trkpt lat="46.237054" lon="11.116041"><ele>1192.4</ele></trkpt>
   <trkpt lat="46.237073" lon="11.116076"><ele>1193.4</ele></trkpt>
   <trkpt lat="46.237095" lon="11.116079"><ele>1194.4</ele></trkpt>
   <trkpt lat="46.237081" lon="11.116114"><ele>1195.6</ele></trkpt>
   <trkpt lat="46.237096" lon="11.116142"><ele>1196.6</ele></trkpt>
   <trkpt lat="46.237117" lon="11.116178"><ele>1198.0</ele></trkpt>
   <trkpt lat="46.237170" lon="11.116233"><ele>1199.2</ele></trkpt>
   <trkpt lat="46.237184" lon="11.116275"><ele>1200.2</ele></trkpt>
   <trkpt lat="46.237205" lon="11.116360"><ele>1201.4</ele></trkpt>
   <trkpt lat="46.237202" lon="11.116380"><ele>1202.0</ele></trkpt>
   <trkpt lat="46.237206" lon="11.116408"><ele>1202.6</ele></trkpt>
   <trkpt lat="46.237209" lon="11.116420"><ele>1202.6</ele></trkpt>
   <trkpt lat="46.237211" lon="11.116483"><ele>1203.8</ele></trkpt>
   <trkpt lat="46.237222" lon="11.116515"><ele>1204.6</ele></trkpt>
   <trkpt lat="46.237224" lon="11.116529"><ele>1205.0</ele></trkpt>
   <trkpt lat="46.237231" lon="11.116556"><ele>1205.6</ele></trkpt>
   <trkpt lat="46.237245" lon="11.116605"><ele>1206.2</ele></trkpt>
   <trkpt lat="46.237257" lon="11.116630"><ele>1207.0</ele></trkpt>
   <trkpt lat="46.237261" lon="11.116639"><ele>1207.4</ele></trkpt>
   <trkpt lat="46.237264" lon="11.116651"><ele>1208.0</ele></trkpt>
   <trkpt lat="46.237273" lon="11.116670"><ele>1208.8</ele></trkpt>
   <trkpt lat="46.237284" lon="11.116698"><ele>1209.4</ele></trkpt>
   <trkpt lat="46.237288" lon="11.116709"><ele>1210.0</ele></trkpt>
   <trkpt lat="46.237280" lon="11.116747"><ele>1211.2</ele></trkpt>
   <trkpt lat="46.237281" lon="11.116791"><ele>1212.4</ele></trkpt>
   <trkpt lat="46.237294" lon="11.116829"><ele>1213.4</ele></trkpt>
   <trkpt lat="46.237283" lon="11.116868"><ele>1214.6</ele></trkpt>
   <trkpt lat="46.237274" lon="11.116898"><ele>1215.6</ele></trkpt>
   <trkpt lat="46.237284" lon="11.116931"><ele>1216.8</ele></trkpt>
   <trkpt lat="46.237293" lon="11.116954"><ele>1218.0</ele></trkpt>
   <trkpt lat="46.237310" lon="11.116989"><ele>1219.0</ele></trkpt>
   <trkpt lat="46.237334" lon="11.117029"><ele>1220.0</ele></trkpt>
   <trkpt lat="46.237344" lon="11.117073"><ele>1221.2</ele></trkpt>
   <trkpt lat="46.237355" lon="11.117086"><ele>1222.2</ele></trkpt>
   <trkpt lat="46.237371" lon="11.117093"><ele>1223.6</ele></trkpt>
   <trkpt lat="46.237373" lon="11.117080"><ele>1224.8</ele></trkpt>
   <trkpt lat="46.237384" lon="11.117092"><ele>1225.8</ele></trkpt>
   <trkpt lat="46.237393" lon="11.117150"><ele>1227.0</ele></trkpt>
   <trkpt lat="46.237432" lon="11.117178"><ele>1228.2</ele></trkpt>
   <trkpt lat="46.237448" lon="11.117160"><ele>1229.4</ele></trkpt>
   <trkpt lat="46.237446" lon="11.117150"><ele>1230.6</ele></trkpt>
   <trkpt lat="46.237465" lon="11.117161"><ele>1231.8</ele></trkpt>
   <trkpt lat="46.237493" lon="11.117162"><ele>1233.0</ele></trkpt>
   <trkpt lat="46.237511" lon="11.117186"><ele>1234.0</ele></trkpt>
   <trkpt lat="46.237484" lon="11.117228"><ele>1235.0</ele></trkpt>
   <trkpt lat="46.237454" lon="11.117273"><ele>1236.2</ele></trkpt>
   <trkpt lat="46.237445" lon="11.117299"><ele>1237.4</ele></trkpt>
   <trkpt lat="46.237442" lon="11.117297"><ele>1238.8</ele></trkpt>
   <trkpt lat="46.237449" lon="11.117321"><ele>1239.8</ele></trkpt>
   <trkpt lat="46.237442" lon="11.117355"><ele>1241.0</ele></trkpt>
   <trkpt lat="46.237414" lon="11.117356"><ele>1242.2</ele></trkpt>
   <trkpt lat="46.237356" lon="11.117380"><ele>1243.2</ele></trkpt>
   <trkpt lat="46.237336" lon="11.117416"><ele>1244.6</ele></trkpt>
   <trkpt lat="46.237330" lon="11.117422"><ele>1245.6</ele></trkpt>
   <trkpt lat="46.237349" lon="11.117429"><ele>1246.8</ele></trkpt>
   <trkpt lat="46.237373" lon="11.117483"><ele>1248.0</ele></trkpt>
   <trkpt lat="46.237390" lon="11.117536"><ele>1249.2</ele></trkpt>
   <trkpt lat="46.237398" lon="11.117534"><ele>1250.4</ele></trkpt>
   <trkpt lat="46.237404" lon="11.117538"><ele>1251.8</ele></trkpt>
   <trkpt lat="46.237415" lon="11.117559"><ele>1253.0</ele></trkpt>
   <trkpt lat="46.237428" lon="11.117595"><ele>1254.0</ele></trkpt>
   <trkpt lat="46.237463" lon="11.117635"><ele>1255.0</ele></trkpt>
   <trkpt lat="46.237475" lon="11.117646"><ele>1256.0</ele></trkpt>
   <trkpt lat="46.237490" lon="11.117641"><ele>1257.2</ele></trkpt>
   <trkpt lat="46.237496" lon="11.117672"><ele>1258.2</ele></trkpt>
   <trkpt lat="46.237508" lon="11.117706"><ele>1259.2</ele></trkpt>
   <trkpt lat="46.237533" lon="11.117733"><ele>1260.4</ele></trkpt>
   <trkpt lat="46.237506" lon="11.117763"><ele>1261.8</ele></trkpt>
   <trkpt lat="46.237504" lon="11.117792"><ele>1262.8</ele></trkpt>
   <trkpt lat="46.237503" lon="11.117843"><ele>1263.8</ele></trkpt>
   <trkpt lat="46.237495" lon="11.117885"><ele>1265.0</ele></trkpt>
   <trkpt lat="46.237496" lon="11.117912"><ele>1266.0</ele></trkpt>
   <trkpt lat="46.237513" lon="11.117933"><ele>1267.2</ele></trkpt>
   <trkpt lat="46.237535" lon="11.117935"><ele>1268.2</ele></trkpt>
   <trkpt lat="46.237562" lon="11.117972"><ele>1269.2</ele></trkpt>
   <trkpt lat="46.237542" lon="11.117987"><ele>1270.6</ele></trkpt>
   <trkpt lat="46.237520" lon="11.118018"><ele>1271.6</ele></trkpt>
   <trkpt lat="46.237537" lon="11.118075"><ele>1272.8</ele></trkpt>
   <trkpt lat="46.237554" lon="11.118092"><ele>1274.0</ele></trkpt>
   <trkpt lat="46.237545" lon="11.118085"><ele>1275.2</ele></trkpt>
   <trkpt lat="46.237547" lon="11.118104"><ele>1276.2</ele></trkpt>
   <trkpt lat="46.237566" lon="11.118112"><ele>1277.6</ele></trkpt>
   <trkpt lat="46.237567" lon="11.118151"><ele>1278.6</ele></trkpt>
   <trkpt lat="46.237534" lon="11.118184"><ele>1279.8</ele></trkpt>
   <trkpt lat="46.237524" lon="11.118225"><ele>1280.8</ele></trkpt>
   <trkpt lat="46.237523" lon="11.118289"><ele>1282.2</ele></trkpt>
   <trkpt lat="46.237519" lon="11.118322"><ele>1283.4</ele></trkpt>
   <trkpt lat="46.237523" lon="11.118352"><ele>1284.8</ele></trkpt>
   <trkpt lat="46.237530" lon="11.118351"><ele>1286.0</ele></trkpt>
   <trkpt lat="46.237505" lon="11.118393"><ele>1287.0</ele></trkpt>
   <trkpt lat="46.237494" lon="11.118387"><ele>1288.2</ele></trkpt>
   <trkpt lat="46.237487" lon="11.118400"><ele>1289.4</ele></trkpt>
   <trkpt lat="46.237458" lon="11.118413"><ele>1290.8</ele></trkpt>
   <trkpt lat="46.237462" lon="11.118437"><ele>1291.8</ele></trkpt>
   <trkpt lat="46.237490" lon="11.118483"><ele>1293.0</ele></trkpt>
   <trkpt lat="46.237506" lon="11.118534"><ele>1294.2</ele></trkpt>
   <trkpt lat="46.237533" lon="11.118558"><ele>1295.4</ele></trkpt>
   <trkpt lat="46.237546" lon="11.118592"><ele>1296.6</ele></trkpt>
   <trkpt lat="46.237581" lon="11.118609"><ele>1297.8</ele></trkpt>
   <trkpt lat="46.237622" lon="11.118664"><ele>1299.0</ele></trkpt>
   <trkpt lat="46.237640" lon="11.118690"><ele>1300.2</ele></trkpt>
   <trkpt lat="46.237666" lon="11.118712"><ele>1301.2</ele></trkpt>
   <trkpt lat="46.237667" lon="11.118736"><ele>1302.6</ele></trkpt>
   <trkpt lat="46.237655" lon="11.118808"><ele>1303.6</ele></trkpt>
   <trkpt lat="46.237650" lon="11.118841"><ele>1304.6</ele></trkpt>
   <trkpt lat="46.237640" lon="11.118878"><ele>1305.8</ele></trkpt>
   <trkpt lat="46.237645" lon="11.118908"><ele>1306.8</ele></trkpt>
   <trkpt lat="46.237649" lon="11.118963"><ele>1308.0</ele></trkpt>
   <trkpt lat="46.237675" lon="11.118993"><ele>1309.2</ele></trkpt>
   <trkpt lat="46.237707" lon="11.119015"><ele>1310.2</ele></trkpt>
   <trkpt lat="46.237722" lon="11.119029"><ele>1311.6</ele></trkpt>
   <trkpt lat="46.237703" lon="11.119061"><ele>1312.6</ele></trkpt>
   <trkpt lat="46.237693" lon="11.119091"><ele>1313.6</ele></trkpt>
   <trkpt lat="46.237691" lon="11.119128"><ele>1315.0</ele></trkpt>
   <trkpt lat="46.237672" lon="11.119177"><ele>1316.2</ele></trkpt>
   <trkpt lat="46.237703" lon="11.119212"><ele>1317.4</ele></trkpt>
   <trkpt lat="46.237761" lon="11.119258"><ele>1318.6</ele></trkpt>
   <trkpt lat="46.237771" lon="11.119265"><ele>1318.8</ele></trkpt>
   <trkpt lat="46.237779" lon="11.119269"><ele>1319.4</ele></trkpt>
   <trkpt lat="46.237782" lon="11.119263"><ele>1319.8</ele></trkpt>
   <trkpt lat="46.237779" lon="11.119280"><ele>1321.0</ele></trkpt>
   <trkpt lat="46.237807" lon="11.119302"><ele>1322.4</ele></trkpt>
   <trkpt lat="46.237839" lon="11.119301"><ele>1323.4</ele></trkpt>
   <trkpt lat="46.237869" lon="11.119324"><ele>1324.4</ele></trkpt>
   <trkpt lat="46.237894" lon="11.119329"><ele>1325.8</ele></trkpt>
   <trkpt lat="46.237919" lon="11.119323"><ele>1326.8</ele></trkpt>
   <trkpt lat="46.237954" lon="11.119334"><ele>1328.0</ele></trkpt>
   <trkpt lat="46.237970" lon="11.119368"><ele>1329.0</ele></trkpt>
   <trkpt lat="46.238013" lon="11.119413"><ele>1330.0</ele></trkpt>
   <trkpt lat="46.238059" lon="11.119510"><ele>1331.4</ele></trkpt>
   <trkpt lat="46.238063" lon="11.119531"><ele>1331.6</ele></trkpt>
   <trkpt lat="46.238067" lon="11.119572"><ele>1332.4</ele></trkpt>
   <trkpt lat="46.238067" lon="11.119629"><ele>1333.2</ele></trkpt>
   <trkpt lat="46.238058" lon="11.119649"><ele>1333.6</ele></trkpt>
   <trkpt lat="46.238054" lon="11.119660"><ele>1334.0</ele></trkpt>
   <trkpt lat="46.238025" lon="11.119656"><ele>1335.0</ele></trkpt>
   <trkpt lat="46.238018" lon="11.119655"><ele>1335.4</ele></trkpt>
   <trkpt lat="46.237988" lon="11.119656"><ele>1336.0</ele></trkpt>
   <trkpt lat="46.237969" lon="11.119717"><ele>1337.4</ele></trkpt>
   <trkpt lat="46.237961" lon="11.119741"><ele>1338.4</ele></trkpt>
   <trkpt lat="46.237958" lon="11.119777"><ele>1339.2</ele></trkpt>
   <trkpt lat="46.237954" lon="11.119780"><ele>1339.4</ele></trkpt>
   <trkpt lat="46.237933" lon="11.119812"><ele>1340.6</ele></trkpt>
   <trkpt lat="46.237951" lon="11.119838"><ele>1341.8</ele></trkpt>
   <trkpt lat="46.237987" lon="11.119900"><ele>1343.0</ele></trkpt>
   <trkpt lat="46.238006" lon="11.119964"><ele>1344.2</ele></trkpt>
   <trkpt lat="46.238026" lon="11.119980"><ele>1345.2</ele></trkpt>
   <trkpt lat="46.238029" lon="11.119961"><ele>1346.6</ele></trkpt>
   <trkpt lat="46.238067" lon="11.119980"><ele>1347.8</ele></trkpt>
   <trkpt lat="46.238099" lon="11.120012"><ele>1348.8</ele></trkpt>
   <trkpt lat="46.238127" lon="11.120028"><ele>1350.0</ele></trkpt>
   <trkpt lat="46.238136" lon="11.120028"><ele>1350.2</ele></trkpt>
   <trkpt lat="46.238126" lon="11.119989"><ele>1351.2</ele></trkpt>
   <trkpt lat="46.238138" lon="11.120003"><ele>1351.6</ele></trkpt>
   <trkpt lat="46.238147" lon="11.120018"><ele>1352.4</ele></trkpt>
   <trkpt lat="46.238153" lon="11.120067"><ele>1353.6</ele></trkpt>
   <trkpt lat="46.238148" lon="11.120103"><ele>1354.8</ele></trkpt>
   <trkpt lat="46.238155" lon="11.120170"><ele>1356.0</ele></trkpt>
   <trkpt lat="46.238157" lon="11.120210"><ele>1357.0</ele></trkpt>
   <trkpt lat="46.238166" lon="11.120274"><ele>1358.2</ele></trkpt>
   <trkpt lat="46.238176" lon="11.120301"><ele>1359.6</ele></trkpt>
   <trkpt lat="46.238169" lon="11.120303"><ele>1360.6</ele></trkpt>
   <trkpt lat="46.238156" lon="11.120348"><ele>1361.8</ele></trkpt>
   <trkpt lat="46.238133" lon="11.120373"><ele>1363.0</ele></trkpt>
   <trkpt lat="46.238079" lon="11.120380"><ele>1364.0</ele></trkpt>
   <trkpt lat="46.238061" lon="11.120404"><ele>1364.4</ele></trkpt>
   <trkpt lat="46.238038" lon="11.120454"><ele>1365.0</ele></trkpt>
   <trkpt lat="46.238044" lon="11.120553"><ele>1366.0</ele></trkpt>
   <trkpt lat="46.238051" lon="11.120565"><ele>1366.2</ele></trkpt>
   <trkpt lat="46.238060" lon="11.120575"><ele>1366.4</ele></trkpt>
   <trkpt lat="46.238030" lon="11.120578"><ele>1367.4</ele></trkpt>
   <trkpt lat="46.238026" lon="11.120607"><ele>1367.6</ele></trkpt>
   <trkpt lat="46.237996" lon="11.120678"><ele>1368.2</ele></trkpt>
   <trkpt lat="46.237966" lon="11.120695"><ele>1368.6</ele></trkpt>
   <trkpt lat="46.237948" lon="11.120709"><ele>1369.2</ele></trkpt>
   <trkpt lat="46.237956" lon="11.120739"><ele>1369.8</ele></trkpt>
   <trkpt lat="46.237956" lon="11.120754"><ele>1369.8</ele></trkpt>
   <trkpt lat="46.237955" lon="11.120780"><ele>1371.0</ele></trkpt>
   <trkpt lat="46.237932" lon="11.120797"><ele>1372.2</ele></trkpt>
   <trkpt lat="46.237908" lon="11.120822"><ele>1373.2</ele></trkpt>
   <trkpt lat="46.237877" lon="11.120880"><ele>1374.2</ele></trkpt>
   <trkpt lat="46.237858" lon="11.120874"><ele>1374.4</ele></trkpt>
   <trkpt lat="46.237823" lon="11.120896"><ele>1375.0</ele></trkpt>
   <trkpt lat="46.237812" lon="11.120909"><ele>1375.4</ele></trkpt>
   <trkpt lat="46.237804" lon="11.120920"><ele>1375.8</ele></trkpt>
   <trkpt lat="46.237756" lon="11.120897"><ele>1376.4</ele></trkpt>
   <trkpt lat="46.237710" lon="11.120920"><ele>1377.8</ele></trkpt>
   <trkpt lat="46.237692" lon="11.120941"><ele>1378.4</ele></trkpt>
   <trkpt lat="46.237671" lon="11.120940"><ele>1379.0</ele></trkpt>
   <trkpt lat="46.237649" lon="11.120944"><ele>1380.2</ele></trkpt>
   <trkpt lat="46.237636" lon="11.120945"><ele>1380.4</ele></trkpt>
   <trkpt lat="46.237624" lon="11.120963"><ele>1380.8</ele></trkpt>
   <trkpt lat="46.237626" lon="11.120985"><ele>1381.4</ele></trkpt>
   <trkpt lat="46.237630" lon="11.121010"><ele>1382.0</ele></trkpt>
   <trkpt lat="46.237653" lon="11.121045"><ele>1382.2</ele></trkpt>
   <trkpt lat="46.237675" lon="11.121109"><ele>1382.4</ele></trkpt>
   <trkpt lat="46.237706" lon="11.121205"><ele>1383.6</ele></trkpt>
   <trkpt lat="46.237776" lon="11.121331"><ele>1384.8</ele></trkpt>
   <trkpt lat="46.237796" lon="11.121399"><ele>1385.8</ele></trkpt>
   <trkpt lat="46.237817" lon="11.121463"><ele>1387.0</ele></trkpt>
   <trkpt lat="46.237830" lon="11.121543"><ele>1388.0</ele></trkpt>
   <trkpt lat="46.237875" lon="11.121680"><ele>1389.2</ele></trkpt>
   <trkpt lat="46.237983" lon="11.121828"><ele>1389.8</ele></trkpt>
   <trkpt lat="46.238016" lon="11.121811"><ele>1390.4</ele></trkpt>
   <trkpt lat="46.238043" lon="11.121774"><ele>1391.6</ele></trkpt>
   <trkpt lat="46.238040" lon="11.121699"><ele>1392.6</ele></trkpt>
   <trkpt lat="46.238030" lon="11.121674"><ele>1393.8</ele></trkpt>
   <trkpt lat="46.238027" lon="11.121672"><ele>1394.2</ele></trkpt>
   <trkpt lat="46.238048" lon="11.121663"><ele>1394.6</ele></trkpt>
   <trkpt lat="46.238068" lon="11.121654"><ele>1395.0</ele></trkpt>
   <trkpt lat="46.238118" lon="11.121614"><ele>1396.2</ele></trkpt>
   <trkpt lat="46.238165" lon="11.121593"><ele>1397.2</ele></trkpt>
   <trkpt lat="46.238179" lon="11.121581"><ele>1397.6</ele></trkpt>
   <trkpt lat="46.238207" lon="11.121554"><ele>1398.0</ele></trkpt>
   <trkpt lat="46.238219" lon="11.121539"><ele>1398.4</ele></trkpt>
   <trkpt lat="46.238271" lon="11.121490"><ele>1399.6</ele></trkpt>
   <trkpt lat="46.238407" lon="11.121392"><ele>1400.4</ele></trkpt>
   <trkpt lat="46.238411" lon="11.121388"><ele>1400.6</ele></trkpt>
   <trkpt lat="46.238434" lon="11.121369"><ele>1401.0</ele></trkpt>
   <trkpt lat="46.238456" lon="11.121347"><ele>1401.2</ele></trkpt>
   <trkpt lat="46.238473" lon="11.121336"><ele>1401.6</ele></trkpt>
   <trkpt lat="46.238513" lon="11.121325"><ele>1403.0</ele></trkpt>
   <trkpt lat="46.238569" lon="11.121309"><ele>1404.4</ele></trkpt>
   <trkpt lat="46.238577" lon="11.121305"><ele>1404.6</ele></trkpt>
   <trkpt lat="46.238659" lon="11.121305"><ele>1405.4</ele></trkpt>
   <trkpt lat="46.238705" lon="11.121313"><ele>1406.0</ele></trkpt>
   <trkpt lat="46.238738" lon="11.121325"><ele>1406.4</ele></trkpt>
   <trkpt lat="46.238746" lon="11.121325"><ele>1406.8</ele></trkpt>
   <trkpt lat="46.238792" lon="11.121325"><ele>1407.6</ele></trkpt>
   <trkpt lat="46.238842" lon="11.121313"><ele>1408.8</ele></trkpt>
   <trkpt lat="46.238904" lon="11.121299"><ele>1409.4</ele></trkpt>
   <trkpt lat="46.238975" lon="11.121312"><ele>1409.8</ele></trkpt>
   <trkpt lat="46.238980" lon="11.121305"><ele>1410.0</ele></trkpt>
   <trkpt lat="46.239007" lon="11.121311"><ele>1411.0</ele></trkpt>
   <trkpt lat="46.239011" lon="11.121310"><ele>1411.0</ele></trkpt>
   <trkpt lat="46.239034" lon="11.121234"><ele>1412.2</ele></trkpt>
   <trkpt lat="46.239070" lon="11.121203"><ele>1413.4</ele></trkpt>
   <trkpt lat="46.239069" lon="11.121111"><ele>1413.8</ele></trkpt>
   <trkpt lat="46.239068" lon="11.121102"><ele>1414.4</ele></trkpt>
   <trkpt lat="46.239077" lon="11.121077"><ele>1415.6</ele></trkpt>
   <trkpt lat="46.239086" lon="11.121064"><ele>1416.6</ele></trkpt>
   <trkpt lat="46.239109" lon="11.121042"><ele>1417.6</ele></trkpt>
   <trkpt lat="46.239114" lon="11.121034"><ele>1418.0</ele></trkpt>
   <trkpt lat="46.239120" lon="11.121018"><ele>1418.6</ele></trkpt>
   <trkpt lat="46.239125" lon="11.121011"><ele>1418.8</ele></trkpt>
   <trkpt lat="46.239148" lon="11.120990"><ele>1420.0</ele></trkpt>
   <trkpt lat="46.239164" lon="11.120998"><ele>1421.2</ele></trkpt>
   <trkpt lat="46.239183" lon="11.120985"><ele>1422.4</ele></trkpt>
   <trkpt lat="46.239193" lon="11.120959"><ele>1423.4</ele></trkpt>
   <trkpt lat="46.239226" lon="11.120974"><ele>1424.6</ele></trkpt>
   <trkpt lat="46.239238" lon="11.120968"><ele>1425.2</ele></trkpt>
   <trkpt lat="46.239247" lon="11.120959"><ele>1425.6</ele></trkpt>
   <trkpt lat="46.239282" lon="11.120976"><ele>1426.8</ele></trkpt>
   <trkpt lat="46.239343" lon="11.120965"><ele>1428.2</ele></trkpt>
   <trkpt lat="46.239349" lon="11.120939"><ele>1429.2</ele></trkpt>
   <trkpt lat="46.239355" lon="11.120877"><ele>1430.4</ele></trkpt>
   <trkpt lat="46.239357" lon="11.120828"><ele>1431.6</ele></trkpt>
   <trkpt lat="46.239366" lon="11.120781"><ele>1432.8</ele></trkpt>
   <trkpt lat="46.239365" lon="11.120723"><ele>1433.8</ele></trkpt>
   <trkpt lat="46.239365" lon="11.120698"><ele>1434.8</ele></trkpt>
   <trkpt lat="46.239338" lon="11.120647"><ele>1436.0</ele></trkpt>
   <trkpt lat="46.239342" lon="11.120593"><ele>1437.2</ele></trkpt>
   <trkpt lat="46.239359" lon="11.120549"><ele>1438.4</ele></trkpt>
   <trkpt lat="46.239364" lon="11.120509"><ele>1439.8</ele></trkpt>
   <trkpt lat="46.239375" lon="11.120472"><ele>1441.0</ele></trkpt>
   <trkpt lat="46.239397" lon="11.120441"><ele>1442.0</ele></trkpt>
   <trkpt lat="46.239425" lon="11.120457"><ele>1443.2</ele></trkpt>
   <trkpt lat="46.239451" lon="11.120466"><ele>1444.6</ele></trkpt>
   <trkpt lat="46.239512" lon="11.120470"><ele>1445.8</ele></trkpt>
   <trkpt lat="46.239524" lon="11.120470"><ele>1447.0</ele></trkpt>
   <trkpt lat="46.239545" lon="11.120465"><ele>1448.4</ele></trkpt>
   <trkpt lat="46.239581" lon="11.120475"><ele>1449.4</ele></trkpt>
   <trkpt lat="46.239588" lon="11.120452"><ele>1450.8</ele></trkpt>
   <trkpt lat="46.239601" lon="11.120435"><ele>1452.0</ele></trkpt>
   <trkpt lat="46.239595" lon="11.120411"><ele>1453.2</ele></trkpt>
   <trkpt lat="46.239591" lon="11.120372"><ele>1454.4</ele></trkpt>
   <trkpt lat="46.239586" lon="11.120316"><ele>1455.6</ele></trkpt>
   <trkpt lat="46.239590" lon="11.120249"><ele>1456.6</ele></trkpt>
   <trkpt lat="46.239611" lon="11.120179"><ele>1457.8</ele></trkpt>
   <trkpt lat="46.239620" lon="11.120100"><ele>1459.0</ele></trkpt>
   <trkpt lat="46.239622" lon="11.120055"><ele>1460.0</ele></trkpt>
   <trkpt lat="46.239627" lon="11.120024"><ele>1460.8</ele></trkpt>
   <trkpt lat="46.239630" lon="11.120017"><ele>1461.0</ele></trkpt>
   <trkpt lat="46.239634" lon="11.120017"><ele>1462.2</ele></trkpt>
   <trkpt lat="46.239634" lon="11.119982"><ele>1463.4</ele></trkpt>
   <trkpt lat="46.239663" lon="11.119999"><ele>1464.6</ele></trkpt>
   <trkpt lat="46.239675" lon="11.120024"><ele>1466.0</ele></trkpt>
   <trkpt lat="46.239734" lon="11.120011"><ele>1467.4</ele></trkpt>
   <trkpt lat="46.239767" lon="11.120015"><ele>1468.6</ele></trkpt>
   <trkpt lat="46.239779" lon="11.120026"><ele>1469.6</ele></trkpt>
   <trkpt lat="46.239799" lon="11.120042"><ele>1470.8</ele></trkpt>
   <trkpt lat="46.239843" lon="11.120068"><ele>1472.0</ele></trkpt>
   <trkpt lat="46.239884" lon="11.120098"><ele>1473.2</ele></trkpt>
   <trkpt lat="46.239923" lon="11.120133"><ele>1474.4</ele></trkpt>
   <trkpt lat="46.239925" lon="11.120143"><ele>1474.8</ele></trkpt>
   <trkpt lat="46.239926" lon="11.120155"><ele>1475.4</ele></trkpt>
   <trkpt lat="46.239959" lon="11.120187"><ele>1476.2</ele></trkpt>
   <trkpt lat="46.239962" lon="11.120199"><ele>1476.4</ele></trkpt>
   <trkpt lat="46.239970" lon="11.120230"><ele>1477.6</ele></trkpt>
   <trkpt lat="46.239971" lon="11.120235"><ele>1477.8</ele></trkpt>
   <trkpt lat="46.239979" lon="11.120283"><ele>1478.6</ele></trkpt>
   <trkpt lat="46.240006" lon="11.120316"><ele>1479.6</ele></trkpt>
   <trkpt lat="46.240014" lon="11.120320"><ele>1480.0</ele></trkpt>
   <trkpt lat="46.240025" lon="11.120345"><ele>1480.8</ele></trkpt>
   <trkpt lat="46.240058" lon="11.120392"><ele>1482.0</ele></trkpt>
   <trkpt lat="46.240075" lon="11.120430"><ele>1483.4</ele></trkpt>
   <trkpt lat="46.240091" lon="11.120479"><ele>1484.4</ele></trkpt>
   <trkpt lat="46.240131" lon="11.120515"><ele>1485.2</ele></trkpt>
   <trkpt lat="46.240150" lon="11.120542"><ele>1485.4</ele></trkpt>
   <trkpt lat="46.240164" lon="11.120559"><ele>1485.6</ele></trkpt>
   <trkpt lat="46.240205" lon="11.120613"><ele>1486.2</ele></trkpt>
   <trkpt lat="46.240220" lon="11.120635"><ele>1486.6</ele></trkpt>
   <trkpt lat="46.240232" lon="11.120634"><ele>1486.6</ele></trkpt>
   <trkpt lat="46.240251" lon="11.120641"><ele>1487.4</ele></trkpt>
   <trkpt lat="46.240249" lon="11.120650"><ele>1487.8</ele></trkpt>
   <trkpt lat="46.240271" lon="11.120689"><ele>1489.0</ele></trkpt>
   <trkpt lat="46.240280" lon="11.120717"><ele>1490.0</ele></trkpt>
   <trkpt lat="46.240283" lon="11.120726"><ele>1490.2</ele></trkpt>
   <trkpt lat="46.240277" lon="11.120748"><ele>1491.2</ele></trkpt>
   <trkpt lat="46.240282" lon="11.120784"><ele>1492.4</ele></trkpt>
   <trkpt lat="46.240314" lon="11.120830"><ele>1493.4</ele></trkpt>
   <trkpt lat="46.240319" lon="11.120829"><ele>1494.6</ele></trkpt>
   <trkpt lat="46.240338" lon="11.120854"><ele>1495.8</ele></trkpt>
   <trkpt lat="46.240371" lon="11.120867"><ele>1497.0</ele></trkpt>
   <trkpt lat="46.240388" lon="11.120879"><ele>1498.4</ele></trkpt>
   <trkpt lat="46.240411" lon="11.120847"><ele>1499.4</ele></trkpt>
   <trkpt lat="46.240446" lon="11.120854"><ele>1500.6</ele></trkpt>
   <trkpt lat="46.240458" lon="11.120874"><ele>1501.8</ele></trkpt>
   <trkpt lat="46.240480" lon="11.120877"><ele>1503.0</ele></trkpt>
   <trkpt lat="46.240486" lon="11.120903"><ele>1504.2</ele></trkpt>
   <trkpt lat="46.240513" lon="11.120903"><ele>1505.2</ele></trkpt>
   <trkpt lat="46.240528" lon="11.120922"><ele>1506.4</ele></trkpt>
   <trkpt lat="46.240558" lon="11.120927"><ele>1507.6</ele></trkpt>
   <trkpt lat="46.240592" lon="11.120947"><ele>1508.8</ele></trkpt>
   <trkpt lat="46.240612" lon="11.120959"><ele>1510.0</ele></trkpt>
   <trkpt lat="46.240635" lon="11.120974"><ele>1511.0</ele></trkpt>
   <trkpt lat="46.240678" lon="11.121009"><ele>1512.0</ele></trkpt>
   <trkpt lat="46.240719" lon="11.121043"><ele>1513.2</ele></trkpt>
   <trkpt lat="46.240733" lon="11.121057"><ele>1514.4</ele></trkpt>
   <trkpt lat="46.240744" lon="11.121065"><ele>1515.4</ele></trkpt>
   <trkpt lat="46.240754" lon="11.121050"><ele>1516.6</ele></trkpt>
   <trkpt lat="46.240770" lon="11.121039"><ele>1517.8</ele></trkpt>
   <trkpt lat="46.240783" lon="11.121040"><ele>1518.8</ele></trkpt>
   <trkpt lat="46.240799" lon="11.121052"><ele>1520.2</ele></trkpt>
   <trkpt lat="46.240806" lon="11.121041"><ele>1521.2</ele></trkpt>
   <trkpt lat="46.240826" lon="11.121008"><ele>1522.2</ele></trkpt>
   <trkpt lat="46.240861" lon="11.121013"><ele>1523.4</ele></trkpt>
   <trkpt lat="46.240895" lon="11.121006"><ele>1524.4</ele></trkpt>
   <trkpt lat="46.240936" lon="11.121020"><ele>1525.6</ele></trkpt>
   <trkpt lat="46.241006" lon="11.121010"><ele>1526.6</ele></trkpt>
   <trkpt lat="46.241012" lon="11.121000"><ele>1528.2</ele></trkpt>
   <trkpt lat="46.241017" lon="11.120995"><ele>1529.2</ele></trkpt>
   <trkpt lat="46.241029" lon="11.120991"><ele>1530.8</ele></trkpt>
   <trkpt lat="46.241048" lon="11.120994"><ele>1532.0</ele></trkpt>
   <trkpt lat="46.241116" lon="11.120973"><ele>1533.0</ele></trkpt>
   <trkpt lat="46.241140" lon="11.120972"><ele>1534.2</ele></trkpt>
   <trkpt lat="46.241190" lon="11.120915"><ele>1535.2</ele></trkpt>
   <trkpt lat="46.241200" lon="11.120905"><ele>1536.6</ele></trkpt>
   <trkpt lat="46.241206" lon="11.120896"><ele>1539.6</ele></trkpt>
   <trkpt lat="46.241210" lon="11.120891"><ele>1541.6</ele></trkpt>
   <trkpt lat="46.241214" lon="11.120887"><ele>1543.0</ele></trkpt>
   <trkpt lat="46.241218" lon="11.120888"><ele>1544.0</ele></trkpt>
   <trkpt lat="46.241226" lon="11.120888"><ele>1545.4</ele></trkpt>
   <trkpt lat="46.241257" lon="11.120882"><ele>1543.8</ele></trkpt>
   <trkpt lat="46.241260" lon="11.120879"><ele>1542.2</ele></trkpt>
   <trkpt lat="46.241325" lon="11.120882"><ele>1543.2</ele></trkpt>
   <trkpt lat="46.241346" lon="11.120875"><ele>1544.2</ele></trkpt>
   <trkpt lat="46.241303" lon="11.120883"><ele>1541.4</ele></trkpt>
   <trkpt lat="46.241300" lon="11.120880"><ele>1539.4</ele></trkpt>
   <trkpt lat="46.241301" lon="11.120876"><ele>1538.4</ele></trkpt>
   <trkpt lat="46.241301" lon="11.120877"><ele>1536.4</ele></trkpt>
   <trkpt lat="46.241302" lon="11.120878"><ele>1538.0</ele></trkpt>
   <trkpt lat="46.241287" lon="11.120882"><ele>1539.2</ele></trkpt>
   <trkpt lat="46.241280" lon="11.120886"><ele>1542.2</ele></trkpt>
   <trkpt lat="46.241279" lon="11.120885"><ele>1544.4</ele></trkpt>
   <trkpt lat="46.241277" lon="11.120880"><ele>1545.8</ele></trkpt>
   <trkpt lat="46.241284" lon="11.120878"><ele>1547.0</ele></trkpt>
   <trkpt lat="46.241297" lon="11.120871"><ele>1548.0</ele></trkpt>
   <trkpt lat="46.241293" lon="11.120708"><ele>1549.0</ele></trkpt>
   <trkpt lat="46.241286" lon="11.120702"><ele>1550.4</ele></trkpt>
   <trkpt lat="46.241278" lon="11.120691"><ele>1551.6</ele></trkpt>
   <trkpt lat="46.241264" lon="11.120643"><ele>1553.0</ele></trkpt>
   <trkpt lat="46.241258" lon="11.120641"><ele>1554.4</ele></trkpt>
   <trkpt lat="46.241251" lon="11.120639"><ele>1556.0</ele></trkpt>
   <trkpt lat="46.241243" lon="11.120636"><ele>1557.2</ele></trkpt>
   <trkpt lat="46.241227" lon="11.120635"><ele>1558.6</ele></trkpt>
   <trkpt lat="46.241213" lon="11.120629"><ele>1559.8</ele></trkpt>
   <trkpt lat="46.241172" lon="11.120608"><ele>1560.8</ele></trkpt>
   <trkpt lat="46.241138" lon="11.120576"><ele>1562.2</ele></trkpt>
   <trkpt lat="46.241112" lon="11.120568"><ele>1563.2</ele></trkpt>
   <trkpt lat="46.241087" lon="11.120549"><ele>1564.4</ele></trkpt>
   <trkpt lat="46.241070" lon="11.120499"><ele>1565.4</ele></trkpt>
   <trkpt lat="46.241059" lon="11.120473"><ele>1566.6</ele></trkpt>
   <trkpt lat="46.241043" lon="11.120443"><ele>1567.6</ele></trkpt>
   <trkpt lat="46.241081" lon="11.120425"><ele>1569.0</ele></trkpt>
   <trkpt lat="46.241115" lon="11.120402"><ele>1567.8</ele></trkpt>
   <trkpt lat="46.241116" lon="11.120396"><ele>1565.4</ele></trkpt>
   <trkpt lat="46.241110" lon="11.120394"><ele>1562.4</ele></trkpt>
   <trkpt lat="46.241105" lon="11.120391"><ele>1561.0</ele></trkpt>
   <trkpt lat="46.241101" lon="11.120371"><ele>1560.0</ele></trkpt>
   <trkpt lat="46.241075" lon="11.120334"><ele>1561.0</ele></trkpt>
   <trkpt lat="46.241071" lon="11.120306"><ele>1562.2</ele></trkpt>
   <trkpt lat="46.241078" lon="11.120294"><ele>1563.4</ele></trkpt>
   <trkpt lat="46.241077" lon="11.120291"><ele>1564.6</ele></trkpt>
   <trkpt lat="46.241076" lon="11.120287"><ele>1566.4</ele></trkpt>
   <trkpt lat="46.241077" lon="11.120276"><ele>1568.0</ele></trkpt>
   <trkpt lat="46.241084" lon="11.120258"><ele>1569.2</ele></trkpt>
   <trkpt lat="46.241105" lon="11.120227"><ele>1570.4</ele></trkpt>
   <trkpt lat="46.241129" lon="11.120217"><ele>1571.8</ele></trkpt>
   <trkpt lat="46.241162" lon="11.120210"><ele>1573.2</ele></trkpt>
   <trkpt lat="46.241182" lon="11.120207"><ele>1574.4</ele></trkpt>
   <trkpt lat="46.241212" lon="11.120198"><ele>1575.6</ele></trkpt>
   <trkpt lat="46.241257" lon="11.120160"><ele>1576.8</ele></trkpt>
   <trkpt lat="46.241313" lon="11.120144"><ele>1577.2</ele></trkpt>
   <trkpt lat="46.241342" lon="11.120043"><ele>1578.8</ele></trkpt>
   <trkpt lat="46.241359" lon="11.119993"><ele>1580.0</ele></trkpt>
   <trkpt lat="46.241354" lon="11.119970"><ele>1580.4</ele></trkpt>
   <trkpt lat="46.241348" lon="11.119913"><ele>1580.4</ele></trkpt>
   <trkpt lat="46.241369" lon="11.119875"><ele>1581.0</ele></trkpt>
   <trkpt lat="46.241423" lon="11.119687"><ele>1579.6</ele></trkpt>
   <trkpt lat="46.241447" lon="11.119646"><ele>1581.4</ele></trkpt>
   <trkpt lat="46.241461" lon="11.119628"><ele>1582.6</ele></trkpt>
   <trkpt lat="46.241516" lon="11.119550"><ele>1582.8</ele></trkpt>
   <trkpt lat="46.241538" lon="11.119402"><ele>1581.4</ele></trkpt>
   <trkpt lat="46.241517" lon="11.119248"><ele>1579.6</ele></trkpt>
   <trkpt lat="46.241459" lon="11.118978"><ele>1579.2</ele></trkpt>
   <trkpt lat="46.241381" lon="11.118730"><ele>1580.0</ele></trkpt>
   <trkpt lat="46.241309" lon="11.118643"><ele>1580.8</ele></trkpt>
   <trkpt lat="46.241248" lon="11.118613"><ele>1582.2</ele></trkpt>
   <trkpt lat="46.241208" lon="11.118553"><ele>1583.2</ele></trkpt>
   <trkpt lat="46.241164" lon="11.118456"><ele>1584.4</ele></trkpt>
   <trkpt lat="46.241234" lon="11.118206"><ele>1584.2</ele></trkpt>
   <trkpt lat="46.241264" lon="11.118164"><ele>1584.0</ele></trkpt>
   <trkpt lat="46.241296" lon="11.118146"><ele>1583.2</ele></trkpt>
   <trkpt lat="46.241326" lon="11.118086"><ele>1582.0</ele></trkpt>
   <trkpt lat="46.241338" lon="11.118006"><ele>1580.8</ele></trkpt>
   <trkpt lat="46.241337" lon="11.117884"><ele>1579.2</ele></trkpt>
   <trkpt lat="46.241341" lon="11.117758"><ele>1578.0</ele></trkpt>
   <trkpt lat="46.241367" lon="11.117493"><ele>1578.4</ele></trkpt>
   <trkpt lat="46.241432" lon="11.117261"><ele>1579.0</ele></trkpt>
   <trkpt lat="46.241442" lon="11.117198"><ele>1579.0</ele></trkpt>
   <trkpt lat="46.241603" lon="11.117026"><ele>1578.4</ele></trkpt>
   <trkpt lat="46.241642" lon="11.116958"><ele>1578.0</ele></trkpt>
   <trkpt lat="46.241744" lon="11.116811"><ele>1576.8</ele></trkpt>
   <trkpt lat="46.241851" lon="11.116740"><ele>1578.2</ele></trkpt>
   <trkpt lat="46.241942" lon="11.116642"><ele>1579.2</ele></trkpt>
   <trkpt lat="46.241980" lon="11.116603"><ele>1580.6</ele></trkpt>
   <trkpt lat="46.242010" lon="11.116562"><ele>1582.0</ele></trkpt>
   <trkpt lat="46.242044" lon="11.116502"><ele>1583.2</ele></trkpt>
   <trkpt lat="46.242074" lon="11.116458"><ele>1584.4</ele></trkpt>
   <trkpt lat="46.242080" lon="11.116446"><ele>1584.6</ele></trkpt>
   <trkpt lat="46.242099" lon="11.116418"><ele>1585.6</ele></trkpt>
   <trkpt lat="46.242111" lon="11.116401"><ele>1586.0</ele></trkpt>
   <trkpt lat="46.242120" lon="11.116382"><ele>1586.6</ele></trkpt>
   <trkpt lat="46.242132" lon="11.116331"><ele>1587.8</ele></trkpt>
   <trkpt lat="46.242155" lon="11.116268"><ele>1589.0</ele></trkpt>
   <trkpt lat="46.242187" lon="11.116195"><ele>1590.0</ele></trkpt>
   <trkpt lat="46.242194" lon="11.116188"><ele>1590.2</ele></trkpt>
   <trkpt lat="46.242199" lon="11.116132"><ele>1591.0</ele></trkpt>
   <trkpt lat="46.242193" lon="11.116083"><ele>1592.0</ele></trkpt>
   <trkpt lat="46.242201" lon="11.116073"><ele>1592.2</ele></trkpt>
   <trkpt lat="46.242244" lon="11.116072"><ele>1593.4</ele></trkpt>
   <trkpt lat="46.242269" lon="11.116074"><ele>1593.8</ele></trkpt>
   <trkpt lat="46.242311" lon="11.116075"><ele>1594.4</ele></trkpt>
   <trkpt lat="46.242427" lon="11.116111"><ele>1593.2</ele></trkpt>
   <trkpt lat="46.242457" lon="11.116123"><ele>1593.0</ele></trkpt>
   <trkpt lat="46.242483" lon="11.116120"><ele>1593.6</ele></trkpt>
   <trkpt lat="46.242517" lon="11.116124"><ele>1594.2</ele></trkpt>
   <trkpt lat="46.242674" lon="11.116098"><ele>1594.0</ele></trkpt>
   <trkpt lat="46.242773" lon="11.115977"><ele>1593.2</ele></trkpt>
   <trkpt lat="46.242859" lon="11.115965"><ele>1592.2</ele></trkpt>
   <trkpt lat="46.242910" lon="11.115986"><ele>1591.8</ele></trkpt>
   <trkpt lat="46.242936" lon="11.116011"><ele>1592.4</ele></trkpt>
   <trkpt lat="46.242965" lon="11.116017"><ele>1593.4</ele></trkpt>
   <trkpt lat="46.242980" lon="11.115973"><ele>1594.4</ele></trkpt>
   <trkpt lat="46.242983" lon="11.115965"><ele>1594.8</ele></trkpt>
   <trkpt lat="46.242980" lon="11.115891"><ele>1595.8</ele></trkpt>
   <trkpt lat="46.242943" lon="11.115859"><ele>1597.2</ele></trkpt>
   <trkpt lat="46.242934" lon="11.115859"><ele>1598.4</ele></trkpt>
   <trkpt lat="46.242909" lon="11.115870"><ele>1599.6</ele></trkpt>
   <trkpt lat="46.242794" lon="11.115879"><ele>1600.2</ele></trkpt>
   <trkpt lat="46.242696" lon="11.115842"><ele>1599.4</ele></trkpt>
   <trkpt lat="46.242782" lon="11.115793"><ele>1598.6</ele></trkpt>
   <trkpt lat="46.242801" lon="11.115777"><ele>1598.6</ele></trkpt>
   <trkpt lat="46.242828" lon="11.115743"><ele>1598.6</ele></trkpt>
   <trkpt lat="46.242837" lon="11.115709"><ele>1599.6</ele></trkpt>
   <trkpt lat="46.242874" lon="11.115703"><ele>1600.6</ele></trkpt>
   <trkpt lat="46.242879" lon="11.115698"><ele>1600.8</ele></trkpt>
   <trkpt lat="46.242864" lon="11.115668"><ele>1602.2</ele></trkpt>
   <trkpt lat="46.242862" lon="11.115618"><ele>1603.4</ele></trkpt>
   <trkpt lat="46.242883" lon="11.115560"><ele>1603.8</ele></trkpt>
   <trkpt lat="46.242895" lon="11.115468"><ele>1602.4</ele></trkpt>
   <trkpt lat="46.242900" lon="11.115441"><ele>1602.2</ele></trkpt>
   <trkpt lat="46.242894" lon="11.115386"><ele>1600.8</ele></trkpt>
   <trkpt lat="46.242873" lon="11.115322"><ele>1599.0</ele></trkpt>
   <trkpt lat="46.242849" lon="11.115259"><ele>1597.6</ele></trkpt>
   <trkpt lat="46.242806" lon="11.115182"><ele>1596.4</ele></trkpt>
   <trkpt lat="46.242776" lon="11.115124"><ele>1595.4</ele></trkpt>
   <trkpt lat="46.242768" lon="11.115113"><ele>1595.2</ele></trkpt>
   <trkpt lat="46.242764" lon="11.115094"><ele>1595.0</ele></trkpt>
   <trkpt lat="46.242744" lon="11.115004"><ele>1595.4</ele></trkpt>
   <trkpt lat="46.242736" lon="11.115005"><ele>1596.2</ele></trkpt>
   <trkpt lat="46.242723" lon="11.115003"><ele>1596.6</ele></trkpt>
   <trkpt lat="46.242707" lon="11.114973"><ele>1597.2</ele></trkpt>
   <trkpt lat="46.242690" lon="11.114949"><ele>1597.8</ele></trkpt>
   <trkpt lat="46.242690" lon="11.114940"><ele>1598.2</ele></trkpt>
   <trkpt lat="46.242689" lon="11.114929"><ele>1598.6</ele></trkpt>
   <trkpt lat="46.242695" lon="11.114919"><ele>1599.0</ele></trkpt>
   <trkpt lat="46.242701" lon="11.114900"><ele>1599.8</ele></trkpt>
   <trkpt lat="46.242711" lon="11.114888"><ele>1600.4</ele></trkpt>
   <trkpt lat="46.242720" lon="11.114879"><ele>1600.8</ele></trkpt>
   <trkpt lat="46.242743" lon="11.114864"><ele>1601.4</ele></trkpt>
   <trkpt lat="46.242764" lon="11.114846"><ele>1602.0</ele></trkpt>
   <trkpt lat="46.242766" lon="11.114787"><ele>1602.8</ele></trkpt>
   <trkpt lat="46.242776" lon="11.114775"><ele>1603.2</ele></trkpt>
   <trkpt lat="46.242799" lon="11.114755"><ele>1603.4</ele></trkpt>
   <trkpt lat="46.242927" lon="11.114713"><ele>1602.0</ele></trkpt>
   <trkpt lat="46.242969" lon="11.114697"><ele>1600.2</ele></trkpt>
   <trkpt lat="46.243012" lon="11.114689"><ele>1598.6</ele></trkpt>
   <trkpt lat="46.243117" lon="11.114675"><ele>1597.4</ele></trkpt>
   <trkpt lat="46.243215" lon="11.114582"><ele>1596.2</ele></trkpt>
   <trkpt lat="46.243385" lon="11.114435"><ele>1597.2</ele></trkpt>
   <trkpt lat="46.243500" lon="11.114387"><ele>1596.0</ele></trkpt>
   <trkpt lat="46.243523" lon="11.114367"><ele>1594.8</ele></trkpt>
   <trkpt lat="46.243540" lon="11.114279"><ele>1593.2</ele></trkpt>
   <trkpt lat="46.243551" lon="11.114254"><ele>1592.4</ele></trkpt>
   <trkpt lat="46.243564" lon="11.114252"><ele>1591.4</ele></trkpt>
   <trkpt lat="46.243580" lon="11.114249"><ele>1590.0</ele></trkpt>
   <trkpt lat="46.243592" lon="11.114245"><ele>1589.0</ele></trkpt>
   <trkpt lat="46.243601" lon="11.114244"><ele>1588.0</ele></trkpt>
   <trkpt lat="46.243605" lon="11.114243"><ele>1587.6</ele></trkpt>
   <trkpt lat="46.243610" lon="11.114198"><ele>1586.0</ele></trkpt>
   <trkpt lat="46.243642" lon="11.114185"><ele>1584.8</ele></trkpt>
   <trkpt lat="46.243697" lon="11.114158"><ele>1583.8</ele></trkpt>
   <trkpt lat="46.243744" lon="11.114105"><ele>1582.0</ele></trkpt>
   <trkpt lat="46.243798" lon="11.114016"><ele>1580.2</ele></trkpt>
   <trkpt lat="46.243942" lon="11.113939"><ele>1580.4</ele></trkpt>
   <trkpt lat="46.244131" lon="11.113869"><ele>1579.0</ele></trkpt>
   <trkpt lat="46.244189" lon="11.113848"><ele>1578.0</ele></trkpt>
   <trkpt lat="46.244259" lon="11.113832"><ele>1576.8</ele></trkpt>
   <trkpt lat="46.244329" lon="11.113714"><ele>1576.2</ele></trkpt>
   <trkpt lat="46.244311" lon="11.113629"><ele>1575.8</ele></trkpt>
   <trkpt lat="46.244337" lon="11.113525"><ele>1575.2</ele></trkpt>
   <trkpt lat="46.244376" lon="11.113479"><ele>1574.8</ele></trkpt>
   <trkpt lat="46.244448" lon="11.113394"><ele>1573.6</ele></trkpt>
   <trkpt lat="46.244522" lon="11.113319"><ele>1572.4</ele></trkpt>
   <trkpt lat="46.244663" lon="11.113132"><ele>1573.2</ele></trkpt>
   <trkpt lat="46.244746" lon="11.112988"><ele>1572.8</ele></trkpt>
   <trkpt lat="46.244779" lon="11.112894"><ele>1572.4</ele></trkpt>
   <trkpt lat="46.244826" lon="11.112822"><ele>1571.8</ele></trkpt>
   <trkpt lat="46.244876" lon="11.112799"><ele>1572.0</ele></trkpt>
   <trkpt lat="46.244917" lon="11.112743"><ele>1573.0</ele></trkpt>
   <trkpt lat="46.244943" lon="11.112737"><ele>1573.6</ele></trkpt>
   <trkpt lat="46.244953" lon="11.112618"><ele>1574.8</ele></trkpt>
   <trkpt lat="46.245115" lon="11.112429"><ele>1575.2</ele></trkpt>
   <trkpt lat="46.245210" lon="11.112311"><ele>1573.8</ele></trkpt>
   <trkpt lat="46.245271" lon="11.112234"><ele>1572.4</ele></trkpt>
   <trkpt lat="46.245310" lon="11.112165"><ele>1571.0</ele></trkpt>
   <trkpt lat="46.245351" lon="11.112107"><ele>1569.4</ele></trkpt>
   <trkpt lat="46.245393" lon="11.112034"><ele>1567.4</ele></trkpt>
   <trkpt lat="46.245447" lon="11.111992"><ele>1565.6</ele></trkpt>
   <trkpt lat="46.245519" lon="11.111958"><ele>1563.8</ele></trkpt>
   <trkpt lat="46.245585" lon="11.111932"><ele>1562.2</ele></trkpt>
   <trkpt lat="46.245671" lon="11.111903"><ele>1560.8</ele></trkpt>
   <trkpt lat="46.245827" lon="11.111798"><ele>1559.8</ele></trkpt>
   <trkpt lat="46.245883" lon="11.111781"><ele>1558.6</ele></trkpt>
   <trkpt lat="46.245959" lon="11.111784"><ele>1557.2</ele></trkpt>
   <trkpt lat="46.246020" lon="11.111774"><ele>1556.2</ele></trkpt>
   <trkpt lat="46.246072" lon="11.111787"><ele>1555.0</ele></trkpt>
   <trkpt lat="46.246138" lon="11.111818"><ele>1553.8</ele></trkpt>
   <trkpt lat="46.246272" lon="11.111852"><ele>1552.6</ele></trkpt>
   <trkpt lat="46.246404" lon="11.111883"><ele>1551.6</ele></trkpt>
   <trkpt lat="46.246600" lon="11.111888"><ele>1550.8</ele></trkpt>
   <trkpt lat="46.246659" lon="11.111864"><ele>1550.6</ele></trkpt>
   <trkpt lat="46.246796" lon="11.111725"><ele>1549.4</ele></trkpt>
   <trkpt lat="46.246800" lon="11.111729"><ele>1549.0</ele></trkpt>
   <trkpt lat="46.246844" lon="11.111795"><ele>1548.8</ele></trkpt>
   <trkpt lat="46.246888" lon="11.111901"><ele>1550.4</ele></trkpt>
   <trkpt lat="46.246923" lon="11.111945"><ele>1551.4</ele></trkpt>
   <trkpt lat="46.247005" lon="11.111989"><ele>1552.6</ele></trkpt>
   <trkpt lat="46.247092" lon="11.112022"><ele>1553.8</ele></trkpt>
   <trkpt lat="46.247205" lon="11.112069"><ele>1555.0</ele></trkpt>
   <trkpt lat="46.247264" lon="11.112084"><ele>1556.2</ele></trkpt>
   <trkpt lat="46.247358" lon="11.112077"><ele>1557.4</ele></trkpt>
   <trkpt lat="46.247409" lon="11.112055"><ele>1558.8</ele></trkpt>
   <trkpt lat="46.247496" lon="11.112074"><ele>1559.8</ele></trkpt>
   <trkpt lat="46.247553" lon="11.112090"><ele>1560.8</ele></trkpt>
   <trkpt lat="46.247564" lon="11.112089"><ele>1561.0</ele></trkpt>
   <trkpt lat="46.247625" lon="11.112121"><ele>1561.6</ele></trkpt>
   <trkpt lat="46.247658" lon="11.112127"><ele>1562.0</ele></trkpt>
   <trkpt lat="46.247700" lon="11.112136"><ele>1563.0</ele></trkpt>
   <trkpt lat="46.247755" lon="11.112132"><ele>1564.2</ele></trkpt>
   <trkpt lat="46.247779" lon="11.112145"><ele>1564.6</ele></trkpt>
   <trkpt lat="46.247803" lon="11.112153"><ele>1564.8</ele></trkpt>
   <trkpt lat="46.247842" lon="11.112153"><ele>1565.4</ele></trkpt>
   <trkpt lat="46.247875" lon="11.112150"><ele>1566.0</ele></trkpt>
   <trkpt lat="46.247931" lon="11.112157"><ele>1566.6</ele></trkpt>
   <trkpt lat="46.248013" lon="11.112159"><ele>1567.8</ele></trkpt>
   <trkpt lat="46.248040" lon="11.112171"><ele>1568.0</ele></trkpt>
   <trkpt lat="46.248059" lon="11.112175"><ele>1568.6</ele></trkpt>
   <trkpt lat="46.248074" lon="11.112178"><ele>1568.8</ele></trkpt>
   <trkpt lat="46.248087" lon="11.112180"><ele>1569.2</ele></trkpt>
   <trkpt lat="46.248145" lon="11.112205"><ele>1569.8</ele></trkpt>
   <trkpt lat="46.248198" lon="11.112232"><ele>1570.4</ele></trkpt>
   <trkpt lat="46.248227" lon="11.112229"><ele>1571.2</ele></trkpt>
   <trkpt lat="46.248320" lon="11.112258"><ele>1572.4</ele></trkpt>
   <trkpt lat="46.248358" lon="11.112266"><ele>1573.6</ele></trkpt>
   <trkpt lat="46.248433" lon="11.112286"><ele>1574.6</ele></trkpt>
   <trkpt lat="46.248528" lon="11.112331"><ele>1576.0</ele></trkpt>
   <trkpt lat="46.248577" lon="11.112360"><ele>1577.2</ele></trkpt>
   <trkpt lat="46.248659" lon="11.112436"><ele>1578.4</ele></trkpt>
   <trkpt lat="46.248724" lon="11.112469"><ele>1579.4</ele></trkpt>
   <trkpt lat="46.248797" lon="11.112571"><ele>1580.8</ele></trkpt>
   <trkpt lat="46.248903" lon="11.112692"><ele>1581.8</ele></trkpt>
   <trkpt lat="46.248946" lon="11.112761"><ele>1583.0</ele></trkpt>
   <trkpt lat="46.248979" lon="11.112835"><ele>1584.2</ele></trkpt>
   <trkpt lat="46.249008" lon="11.112917"><ele>1585.2</ele></trkpt>
   <trkpt lat="46.249087" lon="11.113017"><ele>1586.4</ele></trkpt>
   <trkpt lat="46.249122" lon="11.113068"><ele>1587.4</ele></trkpt>
   <trkpt lat="46.249198" lon="11.113189"><ele>1588.4</ele></trkpt>
   <trkpt lat="46.249257" lon="11.113279"><ele>1589.8</ele></trkpt>
   <trkpt lat="46.249295" lon="11.113340"><ele>1590.8</ele></trkpt>
   <trkpt lat="46.249342" lon="11.113425"><ele>1592.0</ele></trkpt>
   <trkpt lat="46.249368" lon="11.113489"><ele>1593.2</ele></trkpt>
   <trkpt lat="46.249385" lon="11.113540"><ele>1594.2</ele></trkpt>
   <trkpt lat="46.249392" lon="11.113561"><ele>1594.6</ele></trkpt>
   <trkpt lat="46.249405" lon="11.113589"><ele>1595.4</ele></trkpt>
   <trkpt lat="46.249421" lon="11.113638"><ele>1596.0</ele></trkpt>
   <trkpt lat="46.249439" lon="11.113677"><ele>1596.6</ele></trkpt>
   <trkpt lat="46.249498" lon="11.113809"><ele>1597.6</ele></trkpt>
   <trkpt lat="46.249557" lon="11.113946"><ele>1598.8</ele></trkpt>
   <trkpt lat="46.249667" lon="11.114076"><ele>1600.0</ele></trkpt>
   <trkpt lat="46.249678" lon="11.114109"><ele>1601.2</ele></trkpt>
   <trkpt lat="46.249701" lon="11.114149"><ele>1602.2</ele></trkpt>
   <trkpt lat="46.249758" lon="11.114211"><ele>1603.4</ele></trkpt>
   <trkpt lat="46.249771" lon="11.114219"><ele>1603.6</ele></trkpt>
   <trkpt lat="46.249795" lon="11.114263"><ele>1604.4</ele></trkpt>
   <trkpt lat="46.249809" lon="11.114279"><ele>1604.6</ele></trkpt>
   <trkpt lat="46.249819" lon="11.114329"><ele>1605.0</ele></trkpt>
   <trkpt lat="46.249842" lon="11.114382"><ele>1605.6</ele></trkpt>
   <trkpt lat="46.249864" lon="11.114420"><ele>1606.0</ele></trkpt>
   <trkpt lat="46.249890" lon="11.114444"><ele>1606.6</ele></trkpt>
   <trkpt lat="46.249915" lon="11.114508"><ele>1607.6</ele></trkpt>
   <trkpt lat="46.249963" lon="11.114593"><ele>1608.8</ele></trkpt>
   <trkpt lat="46.249989" lon="11.114676"><ele>1610.0</ele></trkpt>
   <trkpt lat="46.249990" lon="11.114691"><ele>1610.2</ele></trkpt>
   <trkpt lat="46.249995" lon="11.114754"><ele>1611.0</ele></trkpt>
   <trkpt lat="46.250006" lon="11.114773"><ele>1611.4</ele></trkpt>
   <trkpt lat="46.250021" lon="11.114816"><ele>1612.2</ele></trkpt>
   <trkpt lat="46.250040" lon="11.114919"><ele>1613.2</ele></trkpt>
   <trkpt lat="46.250047" lon="11.114950"><ele>1613.4</ele></trkpt>
   <trkpt lat="46.250057" lon="11.115050"><ele>1614.4</ele></trkpt>
   <trkpt lat="46.250062" lon="11.115074"><ele>1614.8</ele></trkpt>
   <trkpt lat="46.250062" lon="11.115109"><ele>1615.4</ele></trkpt>
   <trkpt lat="46.250062" lon="11.115150"><ele>1615.8</ele></trkpt>
   <trkpt lat="46.250062" lon="11.115192"><ele>1616.0</ele></trkpt>
   <trkpt lat="46.250086" lon="11.115290"><ele>1616.8</ele></trkpt>
   <trkpt lat="46.250107" lon="11.115359"><ele>1617.2</ele></trkpt>
   <trkpt lat="46.250119" lon="11.115407"><ele>1617.8</ele></trkpt>
   <trkpt lat="46.250134" lon="11.115462"><ele>1618.8</ele></trkpt>
   <trkpt lat="46.250140" lon="11.115487"><ele>1619.4</ele></trkpt>
   <trkpt lat="46.250148" lon="11.115527"><ele>1620.0</ele></trkpt>
   <trkpt lat="46.250155" lon="11.115552"><ele>1620.4</ele></trkpt>
   <trkpt lat="46.250197" lon="11.115688"><ele>1621.4</ele></trkpt>
   <trkpt lat="46.250219" lon="11.115773"><ele>1622.4</ele></trkpt>
   <trkpt lat="46.250225" lon="11.115798"><ele>1622.4</ele></trkpt>
   <trkpt lat="46.250300" lon="11.115928"><ele>1623.6</ele></trkpt>
   <trkpt lat="46.250312" lon="11.115961"><ele>1624.0</ele></trkpt>
   <trkpt lat="46.250326" lon="11.115993"><ele>1624.6</ele></trkpt>
   <trkpt lat="46.250340" lon="11.116076"><ele>1625.2</ele></trkpt>
   <trkpt lat="46.250355" lon="11.116105"><ele>1625.8</ele></trkpt>
   <trkpt lat="46.250366" lon="11.116123"><ele>1626.2</ele></trkpt>
   <trkpt lat="46.250375" lon="11.116148"><ele>1626.8</ele></trkpt>
   <trkpt lat="46.250377" lon="11.116158"><ele>1627.0</ele></trkpt>
   <trkpt lat="46.250387" lon="11.116188"><ele>1628.0</ele></trkpt>
   <trkpt lat="46.250383" lon="11.116195"><ele>1628.2</ele></trkpt>
   <trkpt lat="46.250380" lon="11.116221"><ele>1629.0</ele></trkpt>
   <trkpt lat="46.250387" lon="11.116260"><ele>1630.2</ele></trkpt>
   <trkpt lat="46.250406" lon="11.116303"><ele>1631.2</ele></trkpt>
   <trkpt lat="46.250407" lon="11.116321"><ele>1631.4</ele></trkpt>
   <trkpt lat="46.250415" lon="11.116358"><ele>1631.8</ele></trkpt>
   <trkpt lat="46.250444" lon="11.116410"><ele>1632.6</ele></trkpt>
   <trkpt lat="46.250507" lon="11.116513"><ele>1633.6</ele></trkpt>
   <trkpt lat="46.250566" lon="11.116619"><ele>1633.6</ele></trkpt>
   <trkpt lat="46.250602" lon="11.116687"><ele>1634.2</ele></trkpt>
   <trkpt lat="46.250605" lon="11.116712"><ele>1634.8</ele></trkpt>
   <trkpt lat="46.250608" lon="11.116725"><ele>1635.0</ele></trkpt>
   <trkpt lat="46.250611" lon="11.116781"><ele>1636.0</ele></trkpt>
   <trkpt lat="46.250608" lon="11.116818"><ele>1636.4</ele></trkpt>
   <trkpt lat="46.250584" lon="11.116900"><ele>1637.0</ele></trkpt>
   <trkpt lat="46.250584" lon="11.116952"><ele>1637.8</ele></trkpt>
   <trkpt lat="46.250582" lon="11.116968"><ele>1638.4</ele></trkpt>
   <trkpt lat="46.250580" lon="11.117019"><ele>1639.6</ele></trkpt>
   <trkpt lat="46.250566" lon="11.117094"><ele>1640.4</ele></trkpt>
   <trkpt lat="46.250548" lon="11.117188"><ele>1640.6</ele></trkpt>
   <trkpt lat="46.250498" lon="11.117273"><ele>1641.0</ele></trkpt>
   <trkpt lat="46.250464" lon="11.117339"><ele>1641.8</ele></trkpt>
   <trkpt lat="46.250448" lon="11.117350"><ele>1642.6</ele></trkpt>
   <trkpt lat="46.250441" lon="11.117352"><ele>1643.0</ele></trkpt>
   <trkpt lat="46.250429" lon="11.117361"><ele>1643.4</ele></trkpt>
   <trkpt lat="46.250417" lon="11.117374"><ele>1644.2</ele></trkpt>
   <trkpt lat="46.250410" lon="11.117397"><ele>1645.2</ele></trkpt>
   <trkpt lat="46.250429" lon="11.117432"><ele>1645.8</ele></trkpt>
   <trkpt lat="46.250482" lon="11.117467"><ele>1646.0</ele></trkpt>
   <trkpt lat="46.250556" lon="11.117466"><ele>1646.0</ele></trkpt>
   <trkpt lat="46.250588" lon="11.117512"><ele>1646.4</ele></trkpt>
   <trkpt lat="46.250707" lon="11.117739"><ele>1646.8</ele></trkpt>
   <trkpt lat="46.250735" lon="11.117812"><ele>1647.0</ele></trkpt>
   <trkpt lat="46.250831" lon="11.118032"><ele>1647.4</ele></trkpt>
   <trkpt lat="46.250873" lon="11.118124"><ele>1647.6</ele></trkpt>
   <trkpt lat="46.250920" lon="11.118213"><ele>1648.2</ele></trkpt>
   <trkpt lat="46.250933" lon="11.118228"><ele>1648.6</ele></trkpt>
   <trkpt lat="46.250940" lon="11.118244"><ele>1648.6</ele></trkpt>
   <trkpt lat="46.251000" lon="11.118406"><ele>1649.8</ele></trkpt>
   <trkpt lat="46.251010" lon="11.118442"><ele>1650.0</ele></trkpt>
   <trkpt lat="46.251022" lon="11.118502"><ele>1650.4</ele></trkpt>
   <trkpt lat="46.251056" lon="11.118557"><ele>1650.8</ele></trkpt>
   <trkpt lat="46.251056" lon="11.118576"><ele>1651.0</ele></trkpt>
   <trkpt lat="46.251075" lon="11.118721"><ele>1652.0</ele></trkpt>
   <trkpt lat="46.251122" lon="11.118811"><ele>1653.0</ele></trkpt>
   <trkpt lat="46.251155" lon="11.119032"><ele>1654.0</ele></trkpt>
   <trkpt lat="46.251185" lon="11.119152"><ele>1655.0</ele></trkpt>
   <trkpt lat="46.251211" lon="11.119224"><ele>1655.8</ele></trkpt>
   <trkpt lat="46.251213" lon="11.119275"><ele>1656.0</ele></trkpt>
   <trkpt lat="46.251225" lon="11.119320"><ele>1656.4</ele></trkpt>
   <trkpt lat="46.251245" lon="11.119379"><ele>1657.0</ele></trkpt>
   <trkpt lat="46.251246" lon="11.119392"><ele>1657.2</ele></trkpt>
   <trkpt lat="46.251243" lon="11.119400"><ele>1657.4</ele></trkpt>
   <trkpt lat="46.251238" lon="11.119420"><ele>1657.8</ele></trkpt>
   <trkpt lat="46.251249" lon="11.119451"><ele>1658.4</ele></trkpt>
   <trkpt lat="46.251295" lon="11.119499"><ele>1659.4</ele></trkpt>
   <trkpt lat="46.251320" lon="11.119529"><ele>1659.8</ele></trkpt>
   <trkpt lat="46.251340" lon="11.119552"><ele>1660.2</ele></trkpt>
   <trkpt lat="46.251351" lon="11.119559"><ele>1660.6</ele></trkpt>
   <trkpt lat="46.251367" lon="11.119566"><ele>1661.2</ele></trkpt>
   <trkpt lat="46.251376" lon="11.119579"><ele>1661.8</ele></trkpt>
   <trkpt lat="46.251432" lon="11.119601"><ele>1662.4</ele></trkpt>
   <trkpt lat="46.251449" lon="11.119604"><ele>1663.0</ele></trkpt>
   <trkpt lat="46.251495" lon="11.119623"><ele>1664.2</ele></trkpt>
   <trkpt lat="46.251568" lon="11.119618"><ele>1665.2</ele></trkpt>
   <trkpt lat="46.251638" lon="11.119637"><ele>1666.2</ele></trkpt>
   <trkpt lat="46.251672" lon="11.119656"><ele>1666.6</ele></trkpt>
   <trkpt lat="46.251691" lon="11.119674"><ele>1667.2</ele></trkpt>
   <trkpt lat="46.251701" lon="11.119680"><ele>1667.6</ele></trkpt>
   <trkpt lat="46.251721" lon="11.119683"><ele>1668.2</ele></trkpt>
   <trkpt lat="46.251752" lon="11.119703"><ele>1669.0</ele></trkpt>
   <trkpt lat="46.251770" lon="11.119703"><ele>1669.4</ele></trkpt>
   <trkpt lat="46.251797" lon="11.119717"><ele>1670.2</ele></trkpt>
   <trkpt lat="46.251816" lon="11.119729"><ele>1670.6</ele></trkpt>
   <trkpt lat="46.251822" lon="11.119733"><ele>1670.8</ele></trkpt>
   <trkpt lat="46.251834" lon="11.119751"><ele>1671.4</ele></trkpt>
   <trkpt lat="46.251841" lon="11.119759"><ele>1671.8</ele></trkpt>
   <trkpt lat="46.251883" lon="11.119823"><ele>1673.0</ele></trkpt>
   <trkpt lat="46.251900" lon="11.119841"><ele>1673.8</ele></trkpt>
   <trkpt lat="46.251901" lon="11.119862"><ele>1674.0</ele></trkpt>
   <trkpt lat="46.251903" lon="11.119869"><ele>1674.2</ele></trkpt>
   <trkpt lat="46.251911" lon="11.119876"><ele>1674.4</ele></trkpt>
   <trkpt lat="46.251924" lon="11.119906"><ele>1675.4</ele></trkpt>
   <trkpt lat="46.251925" lon="11.119915"><ele>1675.6</ele></trkpt>
   <trkpt lat="46.251947" lon="11.119947"><ele>1676.6</ele></trkpt>
   <trkpt lat="46.251954" lon="11.119974"><ele>1677.2</ele></trkpt>
   <trkpt lat="46.251962" lon="11.119992"><ele>1677.8</ele></trkpt>
   <trkpt lat="46.251980" lon="11.120042"><ele>1679.0</ele></trkpt>
   <trkpt lat="46.251990" lon="11.120100"><ele>1680.0</ele></trkpt>
   <trkpt lat="46.252023" lon="11.120162"><ele>1681.4</ele></trkpt>
   <trkpt lat="46.252028" lon="11.120191"><ele>1681.8</ele></trkpt>
   <trkpt lat="46.252027" lon="11.120211"><ele>1682.4</ele></trkpt>
   <trkpt lat="46.252031" lon="11.120232"><ele>1683.0</ele></trkpt>
   <trkpt lat="46.252039" lon="11.120246"><ele>1683.4</ele></trkpt>
   <trkpt lat="46.252044" lon="11.120250"><ele>1683.8</ele></trkpt>
   <trkpt lat="46.252056" lon="11.120267"><ele>1684.8</ele></trkpt>
   <trkpt lat="46.252073" lon="11.120305"><ele>1686.0</ele></trkpt>
   <trkpt lat="46.252094" lon="11.120347"><ele>1686.8</ele></trkpt>
   <trkpt lat="46.252101" lon="11.120368"><ele>1687.2</ele></trkpt>
   <trkpt lat="46.252105" lon="11.120403"><ele>1687.8</ele></trkpt>
   <trkpt lat="46.252107" lon="11.120414"><ele>1688.2</ele></trkpt>
   <trkpt lat="46.252106" lon="11.120428"><ele>1688.8</ele></trkpt>
   <trkpt lat="46.252109" lon="11.120445"><ele>1689.4</ele></trkpt>
   <trkpt lat="46.252106" lon="11.120508"><ele>1690.6</ele></trkpt>
   <trkpt lat="46.252107" lon="11.120520"><ele>1691.0</ele></trkpt>
   <trkpt lat="46.252103" lon="11.120539"><ele>1691.8</ele></trkpt>
   <trkpt lat="46.252115" lon="11.120569"><ele>1692.2</ele></trkpt>
   <trkpt lat="46.252125" lon="11.120608"><ele>1693.0</ele></trkpt>
   <trkpt lat="46.252142" lon="11.120669"><ele>1694.0</ele></trkpt>
   <trkpt lat="46.252149" lon="11.120686"><ele>1694.6</ele></trkpt>
   <trkpt lat="46.252149" lon="11.120711"><ele>1695.2</ele></trkpt>
   <trkpt lat="46.252154" lon="11.120762"><ele>1696.4</ele></trkpt>
   <trkpt lat="46.252137" lon="11.120819"><ele>1697.6</ele></trkpt>
   <trkpt lat="46.252136" lon="11.120844"><ele>1698.2</ele></trkpt>
   <trkpt lat="46.252134" lon="11.120868"><ele>1698.8</ele></trkpt>
   <trkpt lat="46.252147" lon="11.120917"><ele>1699.0</ele></trkpt>
   <trkpt lat="46.252153" lon="11.120956"><ele>1699.4</ele></trkpt>
   <trkpt lat="46.252162" lon="11.120988"><ele>1699.8</ele></trkpt>
   <trkpt lat="46.252174" lon="11.121037"><ele>1700.4</ele></trkpt>
   <trkpt lat="46.252185" lon="11.121066"><ele>1701.0</ele></trkpt>
   <trkpt lat="46.252211" lon="11.121112"><ele>1701.8</ele></trkpt>
   <trkpt lat="46.252212" lon="11.121128"><ele>1702.0</ele></trkpt>
   <trkpt lat="46.252220" lon="11.121164"><ele>1702.2</ele></trkpt>
   <trkpt lat="46.252235" lon="11.121220"><ele>1702.6</ele></trkpt>
   <trkpt lat="46.252251" lon="11.121253"><ele>1703.2</ele></trkpt>
   <trkpt lat="46.252273" lon="11.121305"><ele>1704.0</ele></trkpt>
   <trkpt lat="46.252289" lon="11.121333"><ele>1704.4</ele></trkpt>
   <trkpt lat="46.252317" lon="11.121362"><ele>1704.8</ele></trkpt>
   <trkpt lat="46.252327" lon="11.121396"><ele>1705.4</ele></trkpt>
   <trkpt lat="46.252329" lon="11.121405"><ele>1705.6</ele></trkpt>
   <trkpt lat="46.252363" lon="11.121475"><ele>1706.6</ele></trkpt>
   <trkpt lat="46.252391" lon="11.121509"><ele>1707.8</ele></trkpt>
   <trkpt lat="46.252422" lon="11.121551"><ele>1708.6</ele></trkpt>
   <trkpt lat="46.252439" lon="11.121557"><ele>1709.0</ele></trkpt>
   <trkpt lat="46.252504" lon="11.121612"><ele>1710.2</ele></trkpt>
   <trkpt lat="46.252561" lon="11.121675"><ele>1711.2</ele></trkpt>
   <trkpt lat="46.252719" lon="11.121815"><ele>1710.4</ele></trkpt>
   <trkpt lat="46.252743" lon="11.121821"><ele>1710.2</ele></trkpt>
   <trkpt lat="46.252888" lon="11.121828"><ele>1710.4</ele></trkpt>
   <trkpt lat="46.252933" lon="11.121835"><ele>1710.4</ele></trkpt>
   <trkpt lat="46.252999" lon="11.121858"><ele>1710.8</ele></trkpt>
   <trkpt lat="46.253038" lon="11.121855"><ele>1711.2</ele></trkpt>
   <trkpt lat="46.253061" lon="11.121890"><ele>1712.2</ele></trkpt>
   <trkpt lat="46.253071" lon="11.121899"><ele>1712.6</ele></trkpt>
   <trkpt lat="46.253115" lon="11.121920"><ele>1713.8</ele></trkpt>
   <trkpt lat="46.253129" lon="11.121932"><ele>1714.2</ele></trkpt>
   <trkpt lat="46.253164" lon="11.121944"><ele>1715.0</ele></trkpt>
   <trkpt lat="46.253172" lon="11.121947"><ele>1715.4</ele></trkpt>
   <trkpt lat="46.253185" lon="11.121965"><ele>1716.0</ele></trkpt>
   <trkpt lat="46.253194" lon="11.121982"><ele>1716.6</ele></trkpt>
   <trkpt lat="46.253223" lon="11.122006"><ele>1717.2</ele></trkpt>
   <trkpt lat="46.253240" lon="11.122035"><ele>1717.8</ele></trkpt>
   <trkpt lat="46.253251" lon="11.122060"><ele>1718.4</ele></trkpt>
   <trkpt lat="46.253264" lon="11.122073"><ele>1718.6</ele></trkpt>
   <trkpt lat="46.253280" lon="11.122093"><ele>1719.2</ele></trkpt>
   <trkpt lat="46.253287" lon="11.122097"><ele>1719.4</ele></trkpt>
   <trkpt lat="46.253305" lon="11.122111"><ele>1719.8</ele></trkpt>
   <trkpt lat="46.253313" lon="11.122127"><ele>1720.4</ele></trkpt>
   <trkpt lat="46.253319" lon="11.122134"><ele>1720.6</ele></trkpt>
   <trkpt lat="46.253345" lon="11.122176"><ele>1721.6</ele></trkpt>
   <trkpt lat="46.253346" lon="11.122188"><ele>1722.0</ele></trkpt>
   <trkpt lat="46.253366" lon="11.122245"><ele>1723.0</ele></trkpt>
   <trkpt lat="46.253387" lon="11.122281"><ele>1724.0</ele></trkpt>
   <trkpt lat="46.253394" lon="11.122291"><ele>1724.4</ele></trkpt>
   <trkpt lat="46.253401" lon="11.122334"><ele>1725.2</ele></trkpt>
   <trkpt lat="46.253408" lon="11.122359"><ele>1725.6</ele></trkpt>
   <trkpt lat="46.253432" lon="11.122404"><ele>1726.4</ele></trkpt>
   <trkpt lat="46.253438" lon="11.122413"><ele>1726.8</ele></trkpt>
   <trkpt lat="46.253451" lon="11.122448"><ele>1727.6</ele></trkpt>
   <trkpt lat="46.253454" lon="11.122453"><ele>1728.0</ele></trkpt>
   <trkpt lat="46.253464" lon="11.122480"><ele>1728.6</ele></trkpt>
   <trkpt lat="46.253475" lon="11.122506"><ele>1729.0</ele></trkpt>
   <trkpt lat="46.253492" lon="11.122518"><ele>1729.2</ele></trkpt>
   <trkpt lat="46.253504" lon="11.122543"><ele>1729.6</ele></trkpt>
   <trkpt lat="46.253516" lon="11.122551"><ele>1729.8</ele></trkpt>
   <trkpt lat="46.253519" lon="11.122564"><ele>1730.4</ele></trkpt>
   <trkpt lat="46.253531" lon="11.122607"><ele>1731.2</ele></trkpt>
   <trkpt lat="46.253547" lon="11.122638"><ele>1732.0</ele></trkpt>
   <trkpt lat="46.253556" lon="11.122658"><ele>1732.2</ele></trkpt>
   <trkpt lat="46.253566" lon="11.122699"><ele>1732.4</ele></trkpt>
   <trkpt lat="46.253569" lon="11.122776"><ele>1733.2</ele></trkpt>
   <trkpt lat="46.253576" lon="11.122796"><ele>1733.6</ele></trkpt>
   <trkpt lat="46.253592" lon="11.122824"><ele>1734.0</ele></trkpt>
   <trkpt lat="46.253598" lon="11.122831"><ele>1734.2</ele></trkpt>
   <trkpt lat="46.253640" lon="11.122865"><ele>1735.4</ele></trkpt>
   <trkpt lat="46.253652" lon="11.122878"><ele>1735.6</ele></trkpt>
   <trkpt lat="46.253694" lon="11.122928"><ele>1736.6</ele></trkpt>
   <trkpt lat="46.253730" lon="11.122970"><ele>1737.6</ele></trkpt>
   <trkpt lat="46.253737" lon="11.122981"><ele>1737.8</ele></trkpt>
   <trkpt lat="46.253757" lon="11.123003"><ele>1738.4</ele></trkpt>
   <trkpt lat="46.253763" lon="11.123021"><ele>1738.8</ele></trkpt>
   <trkpt lat="46.253768" lon="11.123023"><ele>1739.0</ele></trkpt>
   <trkpt lat="46.253776" lon="11.123043"><ele>1740.0</ele></trkpt>
   <trkpt lat="46.253795" lon="11.123073"><ele>1741.0</ele></trkpt>
   <trkpt lat="46.253802" lon="11.123089"><ele>1742.2</ele></trkpt>
   <trkpt lat="46.253807" lon="11.123094"><ele>1744.6</ele></trkpt>
   <trkpt lat="46.253815" lon="11.123098"><ele>1747.0</ele></trkpt>
   <trkpt lat="46.253822" lon="11.123102"><ele>1750.4</ele></trkpt>
   <trkpt lat="46.253824" lon="11.123108"><ele>1755.4</ele></trkpt>
   <trkpt lat="46.253829" lon="11.123117"><ele>1761.0</ele></trkpt>
   <trkpt lat="46.253833" lon="11.123126"><ele>1766.0</ele></trkpt>
   <trkpt lat="46.253837" lon="11.123133"><ele>1773.0</ele></trkpt>
   <trkpt lat="46.253840" lon="11.123136"><ele>1778.4</ele></trkpt>
   <trkpt lat="46.253843" lon="11.123147"><ele>1782.0</ele></trkpt>
   <trkpt lat="46.253842" lon="11.123160"><ele>1784.6</ele></trkpt>
   <trkpt lat="46.253844" lon="11.123169"><ele>1786.8</ele></trkpt>
   <trkpt lat="46.253846" lon="11.123176"><ele>1788.4</ele></trkpt>
   <trkpt lat="46.253851" lon="11.123195"><ele>1789.8</ele></trkpt>
   <trkpt lat="46.253864" lon="11.123217"><ele>1791.2</ele></trkpt>
   <trkpt lat="46.253915" lon="11.123275"><ele>1782.6</ele></trkpt>
   <trkpt lat="46.253923" lon="11.123288"><ele>1771.8</ele></trkpt>
   <trkpt lat="46.253925" lon="11.123302"><ele>1759.6</ele></trkpt>
   <trkpt lat="46.253928" lon="11.123310"><ele>1753.6</ele></trkpt>
   <trkpt lat="46.253930" lon="11.123322"><ele>1750.6</ele></trkpt>
   <trkpt lat="46.253932" lon="11.123338"><ele>1749.2</ele></trkpt>
   <trkpt lat="46.253936" lon="11.123351"><ele>1748.6</ele></trkpt>
   <trkpt lat="46.253947" lon="11.123365"><ele>1748.4</ele></trkpt>
   <trkpt lat="46.253979" lon="11.123408"><ele>1748.4</ele></trkpt>
   <trkpt lat="46.253984" lon="11.123474"><ele>1749.2</ele></trkpt>
   <trkpt lat="46.253989" lon="11.123498"><ele>1749.8</ele></trkpt>
   <trkpt lat="46.253998" lon="11.123544"><ele>1750.2</ele></trkpt>
   <trkpt lat="46.253999" lon="11.123560"><ele>1750.2</ele></trkpt>
   <trkpt lat="46.254016" lon="11.123606"><ele>1751.4</ele></trkpt>
   <trkpt lat="46.254055" lon="11.123626"><ele>1752.0</ele></trkpt>
   <trkpt lat="46.254095" lon="11.123697"><ele>1752.0</ele></trkpt>
   <trkpt lat="46.254131" lon="11.123710"><ele>1752.6</ele></trkpt>
   <trkpt lat="46.254156" lon="11.123731"><ele>1753.0</ele></trkpt>
   <trkpt lat="46.254190" lon="11.123775"><ele>1753.8</ele></trkpt>
   <trkpt lat="46.254195" lon="11.123786"><ele>1754.2</ele></trkpt>
   <trkpt lat="46.254230" lon="11.123822"><ele>1754.6</ele></trkpt>
   <trkpt lat="46.254245" lon="11.123851"><ele>1755.0</ele></trkpt>
   <trkpt lat="46.254265" lon="11.123896"><ele>1755.4</ele></trkpt>
   <trkpt lat="46.254286" lon="11.123938"><ele>1756.0</ele></trkpt>
   <trkpt lat="46.254393" lon="11.124154"><ele>1755.2</ele></trkpt>
   <trkpt lat="46.254399" lon="11.124177"><ele>1755.0</ele></trkpt>
   <trkpt lat="46.254439" lon="11.124274"><ele>1753.6</ele></trkpt>
   <trkpt lat="46.254486" lon="11.124362"><ele>1752.4</ele></trkpt>
   <trkpt lat="46.254486" lon="11.124379"><ele>1752.4</ele></trkpt>
   <trkpt lat="46.254479" lon="11.124416"><ele>1752.6</ele></trkpt>
   <trkpt lat="46.254495" lon="11.124463"><ele>1753.8</ele></trkpt>
   <trkpt lat="46.254496" lon="11.124479"><ele>1754.2</ele></trkpt>
   <trkpt lat="46.254503" lon="11.124504"><ele>1754.8</ele></trkpt>
   <trkpt lat="46.254515" lon="11.124515"><ele>1755.0</ele></trkpt>
   <trkpt lat="46.254556" lon="11.124579"><ele>1756.2</ele></trkpt>
   <trkpt lat="46.254686" lon="11.124770"><ele>1757.0</ele></trkpt>
   <trkpt lat="46.254708" lon="11.124813"><ele>1757.4</ele></trkpt>
   <trkpt lat="46.254735" lon="11.124845"><ele>1758.6</ele></trkpt>
   <trkpt lat="46.254742" lon="11.124858"><ele>1759.0</ele></trkpt>
   <trkpt lat="46.254761" lon="11.124895"><ele>1759.2</ele></trkpt>
   <trkpt lat="46.254776" lon="11.124925"><ele>1759.8</ele></trkpt>
   <trkpt lat="46.254783" lon="11.124972"><ele>1761.0</ele></trkpt>
   <trkpt lat="46.254796" lon="11.125027"><ele>1761.8</ele></trkpt>
   <trkpt lat="46.254821" lon="11.125062"><ele>1761.8</ele></trkpt>
   <trkpt lat="46.254969" lon="11.125202"><ele>1761.8</ele></trkpt>
   <trkpt lat="46.254983" lon="11.125217"><ele>1761.8</ele></trkpt>
   <trkpt lat="46.254996" lon="11.125238"><ele>1762.0</ele></trkpt>
   <trkpt lat="46.255048" lon="11.125359"><ele>1763.2</ele></trkpt>
   <trkpt lat="46.255078" lon="11.125438"><ele>1764.4</ele></trkpt>
   <trkpt lat="46.255081" lon="11.125454"><ele>1764.6</ele></trkpt>
   <trkpt lat="46.255097" lon="11.125505"><ele>1765.4</ele></trkpt>
   <trkpt lat="46.255106" lon="11.125536"><ele>1765.8</ele></trkpt>
   <trkpt lat="46.255158" lon="11.125638"><ele>1766.4</ele></trkpt>
   <trkpt lat="46.255172" lon="11.125715"><ele>1767.6</ele></trkpt>
   <trkpt lat="46.255270" lon="11.125939"><ele>1767.0</ele></trkpt>
   <trkpt lat="46.255341" lon="11.126093"><ele>1766.6</ele></trkpt>
   <trkpt lat="46.255367" lon="11.126128"><ele>1766.2</ele></trkpt>
   <trkpt lat="46.255486" lon="11.126196"><ele>1765.4</ele></trkpt>
   <trkpt lat="46.255522" lon="11.126212"><ele>1765.0</ele></trkpt>
   <trkpt lat="46.255563" lon="11.126214"><ele>1763.8</ele></trkpt>
   <trkpt lat="46.255602" lon="11.126213"><ele>1762.4</ele></trkpt>
   <trkpt lat="46.255677" lon="11.126218"><ele>1760.8</ele></trkpt>
   <trkpt lat="46.255701" lon="11.126230"><ele>1760.2</ele></trkpt>
   <trkpt lat="46.255724" lon="11.126248"><ele>1759.4</ele></trkpt>
   <trkpt lat="46.255801" lon="11.126309"><ele>1758.2</ele></trkpt>
   <trkpt lat="46.255845" lon="11.126329"><ele>1757.2</ele></trkpt>
   <trkpt lat="46.255884" lon="11.126359"><ele>1755.8</ele></trkpt>
   <trkpt lat="46.255925" lon="11.126396"><ele>1754.6</ele></trkpt>
   <trkpt lat="46.255965" lon="11.126434"><ele>1753.6</ele></trkpt>
   <trkpt lat="46.255991" lon="11.126439"><ele>1752.8</ele></trkpt>
   <trkpt lat="46.256019" lon="11.126442"><ele>1752.2</ele></trkpt>
   <trkpt lat="46.256098" lon="11.126512"><ele>1751.0</ele></trkpt>
   <trkpt lat="46.256133" lon="11.126565"><ele>1751.0</ele></trkpt>
   <trkpt lat="46.256240" lon="11.126681"><ele>1749.6</ele></trkpt>
   <trkpt lat="46.256269" lon="11.126747"><ele>1749.2</ele></trkpt>
   <trkpt lat="46.256315" lon="11.126815"><ele>1748.6</ele></trkpt>
   <trkpt lat="46.256430" lon="11.126970"><ele>1748.8</ele></trkpt>
   <trkpt lat="46.256548" lon="11.127064"><ele>1747.8</ele></trkpt>
   <trkpt lat="46.256562" lon="11.127073"><ele>1747.4</ele></trkpt>
   <trkpt lat="46.256627" lon="11.127158"><ele>1746.2</ele></trkpt>
   <trkpt lat="46.256720" lon="11.127286"><ele>1745.2</ele></trkpt>
   <trkpt lat="46.256758" lon="11.127358"><ele>1744.4</ele></trkpt>
   <trkpt lat="46.256770" lon="11.127373"><ele>1744.2</ele></trkpt>
   <trkpt lat="46.256844" lon="11.127421"><ele>1743.2</ele></trkpt>
   <trkpt lat="46.256863" lon="11.127439"><ele>1743.0</ele></trkpt>
   <trkpt lat="46.256871" lon="11.127493"><ele>1742.8</ele></trkpt>
   <trkpt lat="46.256888" lon="11.127660"><ele>1744.2</ele></trkpt>
   <trkpt lat="46.256904" lon="11.127707"><ele>1745.6</ele></trkpt>
   <trkpt lat="46.256911" lon="11.127754"><ele>1746.6</ele></trkpt>
   <trkpt lat="46.256912" lon="11.127869"><ele>1747.6</ele></trkpt>
   <trkpt lat="46.256893" lon="11.127936"><ele>1748.2</ele></trkpt>
   <trkpt lat="46.256888" lon="11.127951"><ele>1748.6</ele></trkpt>
   <trkpt lat="46.256879" lon="11.127955"><ele>1748.8</ele></trkpt>
   <trkpt lat="46.256871" lon="11.127964"><ele>1749.0</ele></trkpt>
   <trkpt lat="46.256858" lon="11.127979"><ele>1749.4</ele></trkpt>
   <trkpt lat="46.256844" lon="11.127996"><ele>1750.0</ele></trkpt>
   <trkpt lat="46.256839" lon="11.128031"><ele>1750.8</ele></trkpt>
   <trkpt lat="46.256838" lon="11.128046"><ele>1751.0</ele></trkpt>
   <trkpt lat="46.256826" lon="11.128076"><ele>1751.6</ele></trkpt>
   <trkpt lat="46.256819" lon="11.128090"><ele>1752.0</ele></trkpt>
   <trkpt lat="46.256816" lon="11.128114"><ele>1753.2</ele></trkpt>
   <trkpt lat="46.256832" lon="11.128140"><ele>1754.4</ele></trkpt>
   <trkpt lat="46.256831" lon="11.128189"><ele>1755.4</ele></trkpt>
   <trkpt lat="46.256828" lon="11.128228"><ele>1756.6</ele></trkpt>
   <trkpt lat="46.256821" lon="11.128263"><ele>1757.6</ele></trkpt>
   <trkpt lat="46.256804" lon="11.128305"><ele>1758.6</ele></trkpt>
   <trkpt lat="46.256790" lon="11.128324"><ele>1759.6</ele></trkpt>
   <trkpt lat="46.256794" lon="11.128362"><ele>1760.8</ele></trkpt>
   <trkpt lat="46.256778" lon="11.128391"><ele>1762.0</ele></trkpt>
   <trkpt lat="46.256775" lon="11.128437"><ele>1763.2</ele></trkpt>
   <trkpt lat="46.256803" lon="11.128483"><ele>1764.4</ele></trkpt>
   <trkpt lat="46.256810" lon="11.128507"><ele>1765.6</ele></trkpt>
   <trkpt lat="46.256807" lon="11.128564"><ele>1766.6</ele></trkpt>
   <trkpt lat="46.256814" lon="11.128601"><ele>1768.0</ele></trkpt>
   <trkpt lat="46.256816" lon="11.128657"><ele>1769.0</ele></trkpt>
   <trkpt lat="46.256807" lon="11.128693"><ele>1770.2</ele></trkpt>
   <trkpt lat="46.256801" lon="11.128721"><ele>1771.4</ele></trkpt>
   <trkpt lat="46.256791" lon="11.128766"><ele>1772.4</ele></trkpt>
   <trkpt lat="46.256779" lon="11.128814"><ele>1773.6</ele></trkpt>
   <trkpt lat="46.256759" lon="11.128867"><ele>1774.8</ele></trkpt>
   <trkpt lat="46.256752" lon="11.128898"><ele>1775.8</ele></trkpt>
   <trkpt lat="46.256749" lon="11.128980"><ele>1777.0</ele></trkpt>
   <trkpt lat="46.256777" lon="11.129127"><ele>1777.8</ele></trkpt>
   <trkpt lat="46.256794" lon="11.129279"><ele>1777.6</ele></trkpt>
   <trkpt lat="46.256793" lon="11.129347"><ele>1778.0</ele></trkpt>
   <trkpt lat="46.256810" lon="11.129439"><ele>1779.0</ele></trkpt>
   <trkpt lat="46.256814" lon="11.129464"><ele>1779.2</ele></trkpt>
   <trkpt lat="46.256823" lon="11.129521"><ele>1779.4</ele></trkpt>
   <trkpt lat="46.256850" lon="11.129687"><ele>1780.4</ele></trkpt>
   <trkpt lat="46.256933" lon="11.129911"><ele>1781.4</ele></trkpt>
   <trkpt lat="46.256985" lon="11.130125"><ele>1782.4</ele></trkpt>
   <trkpt lat="46.256999" lon="11.130195"><ele>1783.0</ele></trkpt>
   <trkpt lat="46.257019" lon="11.130264"><ele>1783.6</ele></trkpt>
   <trkpt lat="46.257044" lon="11.130304"><ele>1784.2</ele></trkpt>
   <trkpt lat="46.257053" lon="11.130312"><ele>1784.6</ele></trkpt>
   <trkpt lat="46.257063" lon="11.130322"><ele>1785.0</ele></trkpt>
   <trkpt lat="46.257081" lon="11.130342"><ele>1785.6</ele></trkpt>
   <trkpt lat="46.257104" lon="11.130364"><ele>1786.2</ele></trkpt>
   <trkpt lat="46.257123" lon="11.130383"><ele>1786.8</ele></trkpt>
   <trkpt lat="46.257144" lon="11.130411"><ele>1787.0</ele></trkpt>
   <trkpt lat="46.257261" lon="11.130603"><ele>1787.6</ele></trkpt>
   <trkpt lat="46.257278" lon="11.130645"><ele>1787.6</ele></trkpt>
   <trkpt lat="46.257295" lon="11.130658"><ele>1787.8</ele></trkpt>
   <trkpt lat="46.257462" lon="11.130792"><ele>1787.6</ele></trkpt>
   <trkpt lat="46.257591" lon="11.130934"><ele>1786.8</ele></trkpt>
   <trkpt lat="46.257662" lon="11.130982"><ele>1787.8</ele></trkpt>
   <trkpt lat="46.257694" lon="11.131039"><ele>1789.0</ele></trkpt>
   <trkpt lat="46.257702" lon="11.131049"><ele>1789.2</ele></trkpt>
   <trkpt lat="46.257722" lon="11.131065"><ele>1789.8</ele></trkpt>
   <trkpt lat="46.257736" lon="11.131071"><ele>1790.2</ele></trkpt>
   <trkpt lat="46.257749" lon="11.131078"><ele>1790.2</ele></trkpt>
   <trkpt lat="46.257778" lon="11.131090"><ele>1790.6</ele></trkpt>
   <trkpt lat="46.257808" lon="11.131084"><ele>1790.8</ele></trkpt>
   <trkpt lat="46.257852" lon="11.131052"><ele>1791.2</ele></trkpt>
   <trkpt lat="46.257940" lon="11.131055"><ele>1792.6</ele></trkpt>
   <trkpt lat="46.258033" lon="11.131044"><ele>1793.2</ele></trkpt>
   <trkpt lat="46.258078" lon="11.131074"><ele>1793.2</ele></trkpt>
   <trkpt lat="46.258097" lon="11.131073"><ele>1793.4</ele></trkpt>
   <trkpt lat="46.258113" lon="11.131067"><ele>1793.6</ele></trkpt>
   <trkpt lat="46.258125" lon="11.131059"><ele>1794.0</ele></trkpt>
   <trkpt lat="46.258141" lon="11.131049"><ele>1794.4</ele></trkpt>
   <trkpt lat="46.258150" lon="11.131045"><ele>1794.8</ele></trkpt>
   <trkpt lat="46.258173" lon="11.131049"><ele>1795.8</ele></trkpt>
   <trkpt lat="46.258190" lon="11.131073"><ele>1796.8</ele></trkpt>
   <trkpt lat="46.258194" lon="11.131090"><ele>1797.2</ele></trkpt>
   <trkpt lat="46.258198" lon="11.131109"><ele>1797.4</ele></trkpt>
   <trkpt lat="46.258218" lon="11.131147"><ele>1798.0</ele></trkpt>
   <trkpt lat="46.258242" lon="11.131176"><ele>1799.4</ele></trkpt>
   <trkpt lat="46.258250" lon="11.131201"><ele>1800.0</ele></trkpt>
   <trkpt lat="46.258251" lon="11.131217"><ele>1800.4</ele></trkpt>
   <trkpt lat="46.258264" lon="11.131230"><ele>1801.0</ele></trkpt>
   <trkpt lat="46.258281" lon="11.131246"><ele>1801.4</ele></trkpt>
   <trkpt lat="46.258288" lon="11.131254"><ele>1801.6</ele></trkpt>
   <trkpt lat="46.258308" lon="11.131286"><ele>1802.8</ele></trkpt>
   <trkpt lat="46.258333" lon="11.131338"><ele>1803.4</ele></trkpt>
   <trkpt lat="46.258342" lon="11.131367"><ele>1803.8</ele></trkpt>
   <trkpt lat="46.258349" lon="11.131370"><ele>1804.0</ele></trkpt>
   <trkpt lat="46.258376" lon="11.131391"><ele>1804.4</ele></trkpt>
   <trkpt lat="46.258399" lon="11.131424"><ele>1804.4</ele></trkpt>
   <trkpt lat="46.258472" lon="11.131417"><ele>1802.8</ele></trkpt>
   <trkpt lat="46.258648" lon="11.131476"><ele>1803.0</ele></trkpt>
   <trkpt lat="46.258685" lon="11.131476"><ele>1803.2</ele></trkpt>
   <trkpt lat="46.258732" lon="11.131478"><ele>1803.8</ele></trkpt>
   <trkpt lat="46.258797" lon="11.131511"><ele>1804.8</ele></trkpt>
   <trkpt lat="46.258806" lon="11.131523"><ele>1805.0</ele></trkpt>
   <trkpt lat="46.258833" lon="11.131591"><ele>1806.4</ele></trkpt>
   <trkpt lat="46.258840" lon="11.131600"><ele>1806.6</ele></trkpt>
   <trkpt lat="46.258864" lon="11.131624"><ele>1807.4</ele></trkpt>
   <trkpt lat="46.258869" lon="11.131633"><ele>1807.8</ele></trkpt>
   <trkpt lat="46.258898" lon="11.131652"><ele>1808.8</ele></trkpt>
   <trkpt lat="46.258919" lon="11.131676"><ele>1810.0</ele></trkpt>
   <trkpt lat="46.258926" lon="11.131685"><ele>1810.2</ele></trkpt>
   <trkpt lat="46.258943" lon="11.131695"><ele>1810.6</ele></trkpt>
   <trkpt lat="46.258948" lon="11.131702"><ele>1811.0</ele></trkpt>
   <trkpt lat="46.258953" lon="11.131708"><ele>1811.2</ele></trkpt>
   <trkpt lat="46.258978" lon="11.131729"><ele>1812.0</ele></trkpt>
   <trkpt lat="46.258987" lon="11.131735"><ele>1812.4</ele></trkpt>
   <trkpt lat="46.259020" lon="11.131760"><ele>1813.2</ele></trkpt>
   <trkpt lat="46.259055" lon="11.131786"><ele>1814.2</ele></trkpt>
   <trkpt lat="46.259079" lon="11.131809"><ele>1814.8</ele></trkpt>
   <trkpt lat="46.259093" lon="11.131825"><ele>1815.4</ele></trkpt>
   <trkpt lat="46.259114" lon="11.131872"><ele>1816.0</ele></trkpt>
   <trkpt lat="46.259127" lon="11.131900"><ele>1816.6</ele></trkpt>
   <trkpt lat="46.259144" lon="11.131931"><ele>1817.0</ele></trkpt>
   <trkpt lat="46.259186" lon="11.131993"><ele>1817.6</ele></trkpt>
   <trkpt lat="46.259192" lon="11.132030"><ele>1818.2</ele></trkpt>
   <trkpt lat="46.259193" lon="11.132056"><ele>1818.8</ele></trkpt>
   <trkpt lat="46.259203" lon="11.132095"><ele>1819.6</ele></trkpt>
   <trkpt lat="46.259205" lon="11.132105"><ele>1819.8</ele></trkpt>
   <trkpt lat="46.259205" lon="11.132151"><ele>1820.8</ele></trkpt>
   <trkpt lat="46.259212" lon="11.132165"><ele>1821.0</ele></trkpt>
   <trkpt lat="46.259216" lon="11.132176"><ele>1821.2</ele></trkpt>
   <trkpt lat="46.259207" lon="11.132225"><ele>1822.0</ele></trkpt>
   <trkpt lat="46.259208" lon="11.132253"><ele>1822.2</ele></trkpt>
   <trkpt lat="46.259217" lon="11.132298"><ele>1822.6</ele></trkpt>
   <trkpt lat="46.259210" lon="11.132332"><ele>1823.0</ele></trkpt>
   <trkpt lat="46.259203" lon="11.132350"><ele>1823.2</ele></trkpt>
   <trkpt lat="46.259195" lon="11.132375"><ele>1823.6</ele></trkpt>
   <trkpt lat="46.259196" lon="11.132395"><ele>1823.8</ele></trkpt>
   <trkpt lat="46.259197" lon="11.132435"><ele>1824.6</ele></trkpt>
   <trkpt lat="46.259195" lon="11.132446"><ele>1825.0</ele></trkpt>
   <trkpt lat="46.259195" lon="11.132480"><ele>1825.6</ele></trkpt>
   <trkpt lat="46.259193" lon="11.132514"><ele>1826.0</ele></trkpt>
   <trkpt lat="46.259195" lon="11.132547"><ele>1827.0</ele></trkpt>
   <trkpt lat="46.259204" lon="11.132603"><ele>1828.2</ele></trkpt>
   <trkpt lat="46.259237" lon="11.132752"><ele>1828.2</ele></trkpt>
   <trkpt lat="46.259257" lon="11.132831"><ele>1828.2</ele></trkpt>
   <trkpt lat="46.259308" lon="11.133014"><ele>1827.0</ele></trkpt>
   <trkpt lat="46.259365" lon="11.133178"><ele>1827.0</ele></trkpt>
   <trkpt lat="46.259418" lon="11.133285"><ele>1827.0</ele></trkpt>
   <trkpt lat="46.259480" lon="11.133295"><ele>1826.8</ele></trkpt>
   <trkpt lat="46.259535" lon="11.133414"><ele>1828.0</ele></trkpt>
   <trkpt lat="46.259536" lon="11.133421"><ele>1828.0</ele></trkpt>
   <trkpt lat="46.259535" lon="11.133449"><ele>1829.0</ele></trkpt>
   <trkpt lat="46.259539" lon="11.133459"><ele>1829.2</ele></trkpt>
   <trkpt lat="46.259560" lon="11.133515"><ele>1830.6</ele></trkpt>
   <trkpt lat="46.259576" lon="11.133541"><ele>1831.8</ele></trkpt>
   <trkpt lat="46.259611" lon="11.133533"><ele>1833.0</ele></trkpt>
   <trkpt lat="46.259618" lon="11.133528"><ele>1833.4</ele></trkpt>
   <trkpt lat="46.259624" lon="11.133524"><ele>1833.6</ele></trkpt>
   <trkpt lat="46.259634" lon="11.133526"><ele>1834.0</ele></trkpt>
   <trkpt lat="46.259640" lon="11.133529"><ele>1834.4</ele></trkpt>
   <trkpt lat="46.259661" lon="11.133588"><ele>1835.2</ele></trkpt>
   <trkpt lat="46.259697" lon="11.133643"><ele>1835.4</ele></trkpt>
   <trkpt lat="46.259724" lon="11.133699"><ele>1836.6</ele></trkpt>
   <trkpt lat="46.259736" lon="11.133711"><ele>1836.8</ele></trkpt>
   <trkpt lat="46.259779" lon="11.133719"><ele>1837.6</ele></trkpt>
   <trkpt lat="46.259801" lon="11.133731"><ele>1838.8</ele></trkpt>
   <trkpt lat="46.259817" lon="11.133771"><ele>1839.8</ele></trkpt>
   <trkpt lat="46.259818" lon="11.133789"><ele>1840.2</ele></trkpt>
   <trkpt lat="46.259863" lon="11.133956"><ele>1841.2</ele></trkpt>
   <trkpt lat="46.259885" lon="11.134029"><ele>1841.8</ele></trkpt>
   <trkpt lat="46.259907" lon="11.134110"><ele>1842.2</ele></trkpt>
   <trkpt lat="46.259900" lon="11.134172"><ele>1842.0</ele></trkpt>
   <trkpt lat="46.259869" lon="11.134153"><ele>1841.2</ele></trkpt>
   <trkpt lat="46.259833" lon="11.134123"><ele>1840.2</ele></trkpt>
   <trkpt lat="46.259796" lon="11.134081"><ele>1838.6</ele></trkpt>
   <trkpt lat="46.259768" lon="11.134044"><ele>1837.2</ele></trkpt>
   <trkpt lat="46.259739" lon="11.134025"><ele>1835.6</ele></trkpt>
   <trkpt lat="46.259708" lon="11.134009"><ele>1834.0</ele></trkpt>
   <trkpt lat="46.259670" lon="11.133993"><ele>1832.8</ele></trkpt>
   <trkpt lat="46.259631" lon="11.133980"><ele>1831.4</ele></trkpt>
   <trkpt lat="46.259588" lon="11.133959"><ele>1829.6</ele></trkpt>
   <trkpt lat="46.259572" lon="11.133959"><ele>1828.8</ele></trkpt>
   <trkpt lat="46.259555" lon="11.133964"><ele>1828.2</ele></trkpt>
   <trkpt lat="46.259519" lon="11.133972"><ele>1826.8</ele></trkpt>
   <trkpt lat="46.259485" lon="11.133981"><ele>1825.0</ele></trkpt>
   <trkpt lat="46.259476" lon="11.133994"><ele>1824.2</ele></trkpt>
   <trkpt lat="46.259472" lon="11.134014"><ele>1823.4</ele></trkpt>
   <trkpt lat="46.259476" lon="11.134064"><ele>1821.6</ele></trkpt>
   <trkpt lat="46.259493" lon="11.134107"><ele>1819.8</ele></trkpt>
   <trkpt lat="46.259512" lon="11.134157"><ele>1818.2</ele></trkpt>
   <trkpt lat="46.259528" lon="11.134203"><ele>1817.0</ele></trkpt>
   <trkpt lat="46.259535" lon="11.134249"><ele>1815.6</ele></trkpt>
   <trkpt lat="46.259545" lon="11.134295"><ele>1813.6</ele></trkpt>
   <trkpt lat="46.259561" lon="11.134319"><ele>1811.8</ele></trkpt>
   <trkpt lat="46.259561" lon="11.134326"><ele>1811.2</ele></trkpt>
   <trkpt lat="46.259557" lon="11.134330"><ele>1810.6</ele></trkpt>
   <trkpt lat="46.259558" lon="11.134356"><ele>1809.2</ele></trkpt>
   <trkpt lat="46.259558" lon="11.134381"><ele>1807.8</ele></trkpt>
   <trkpt lat="46.259545" lon="11.134408"><ele>1806.8</ele></trkpt>
   <trkpt lat="46.259538" lon="11.134422"><ele>1806.0</ele></trkpt>
   <trkpt lat="46.259538" lon="11.134439"><ele>1805.0</ele></trkpt>
   <trkpt lat="46.259530" lon="11.134475"><ele>1803.2</ele></trkpt>
   <trkpt lat="46.259503" lon="11.134457"><ele>1801.4</ele></trkpt>
   <trkpt lat="46.259474" lon="11.134444"><ele>1800.2</ele></trkpt>
   <trkpt lat="46.259454" lon="11.134443"><ele>1799.6</ele></trkpt>
   <trkpt lat="46.259431" lon="11.134446"><ele>1799.0</ele></trkpt>
   <trkpt lat="46.259379" lon="11.134443"><ele>1797.0</ele></trkpt>
   <trkpt lat="46.259330" lon="11.134427"><ele>1795.2</ele></trkpt>
   <trkpt lat="46.259279" lon="11.134428"><ele>1793.6</ele></trkpt>
   <trkpt lat="46.259228" lon="11.134426"><ele>1791.8</ele></trkpt>
   <trkpt lat="46.259211" lon="11.134430"><ele>1790.8</ele></trkpt>
   <trkpt lat="46.259210" lon="11.134441"><ele>1789.8</ele></trkpt>
   <trkpt lat="46.259235" lon="11.134505"><ele>1788.6</ele></trkpt>
   <trkpt lat="46.259275" lon="11.134566"><ele>1787.0</ele></trkpt>
   <trkpt lat="46.259298" lon="11.134595"><ele>1786.2</ele></trkpt>
   <trkpt lat="46.259319" lon="11.134629"><ele>1785.6</ele></trkpt>
   <trkpt lat="46.259347" lon="11.134677"><ele>1784.6</ele></trkpt>
   <trkpt lat="46.259369" lon="11.134729"><ele>1783.4</ele></trkpt>
   <trkpt lat="46.259399" lon="11.134789"><ele>1782.4</ele></trkpt>
   <trkpt lat="46.259421" lon="11.134863"><ele>1781.2</ele></trkpt>
   <trkpt lat="46.259417" lon="11.134954"><ele>1779.8</ele></trkpt>
   <trkpt lat="46.259415" lon="11.135002"><ele>1778.8</ele></trkpt>
   <trkpt lat="46.259409" lon="11.135049"><ele>1777.4</ele></trkpt>
   <trkpt lat="46.259378" lon="11.135027"><ele>1775.8</ele></trkpt>
   <trkpt lat="46.259354" lon="11.134975"><ele>1774.4</ele></trkpt>
   <trkpt lat="46.259325" lon="11.134935"><ele>1773.4</ele></trkpt>
   <trkpt lat="46.259292" lon="11.134896"><ele>1771.6</ele></trkpt>
   <trkpt lat="46.259268" lon="11.134891"><ele>1770.6</ele></trkpt>
   <trkpt lat="46.259244" lon="11.134889"><ele>1769.8</ele></trkpt>
   <trkpt lat="46.259199" lon="11.134880"><ele>1768.4</ele></trkpt>
   <trkpt lat="46.259162" lon="11.134889"><ele>1766.6</ele></trkpt>
   <trkpt lat="46.259124" lon="11.134889"><ele>1765.2</ele></trkpt>
   <trkpt lat="46.259078" lon="11.134886"><ele>1763.8</ele></trkpt>
   <trkpt lat="46.259029" lon="11.134877"><ele>1762.0</ele></trkpt>
   <trkpt lat="46.258983" lon="11.134878"><ele>1760.2</ele></trkpt>
   <trkpt lat="46.258939" lon="11.134893"><ele>1759.0</ele></trkpt>
   <trkpt lat="46.258905" lon="11.134911"><ele>1757.8</ele></trkpt>
   <trkpt lat="46.258886" lon="11.134927"><ele>1756.4</ele></trkpt>
   <trkpt lat="46.258880" lon="11.134973"><ele>1755.0</ele></trkpt>
   <trkpt lat="46.258896" lon="11.135011"><ele>1753.8</ele></trkpt>
   <trkpt lat="46.258934" lon="11.135040"><ele>1752.6</ele></trkpt>
   <trkpt lat="46.258964" lon="11.135056"><ele>1751.0</ele></trkpt>
   <trkpt lat="46.258977" lon="11.135060"><ele>1750.4</ele></trkpt>
   <trkpt lat="46.258995" lon="11.135053"><ele>1750.0</ele></trkpt>
   <trkpt lat="46.259006" lon="11.135063"><ele>1749.6</ele></trkpt>
   <trkpt lat="46.259018" lon="11.135076"><ele>1748.8</ele></trkpt>
   <trkpt lat="46.259023" lon="11.135116"><ele>1747.0</ele></trkpt>
   <trkpt lat="46.259000" lon="11.135139"><ele>1745.4</ele></trkpt>
   <trkpt lat="46.258987" lon="11.135149"><ele>1744.4</ele></trkpt>
   <trkpt lat="46.258967" lon="11.135158"><ele>1743.4</ele></trkpt>
   <trkpt lat="46.258940" lon="11.135171"><ele>1742.0</ele></trkpt>
   <trkpt lat="46.258940" lon="11.135203"><ele>1741.0</ele></trkpt>
   <trkpt lat="46.258954" lon="11.135247"><ele>1739.6</ele></trkpt>
   <trkpt lat="46.258957" lon="11.135270"><ele>1738.8</ele></trkpt>
   <trkpt lat="46.258948" lon="11.135284"><ele>1737.8</ele></trkpt>
   <trkpt lat="46.258911" lon="11.135279"><ele>1735.8</ele></trkpt>
   <trkpt lat="46.258891" lon="11.135300"><ele>1734.0</ele></trkpt>
   <trkpt lat="46.258890" lon="11.135334"><ele>1733.0</ele></trkpt>
   <trkpt lat="46.258894" lon="11.135356"><ele>1732.8</ele></trkpt>
   <trkpt lat="46.258898" lon="11.135405"><ele>1731.4</ele></trkpt>
   <trkpt lat="46.258884" lon="11.135456"><ele>1729.6</ele></trkpt>
   <trkpt lat="46.258867" lon="11.135499"><ele>1727.8</ele></trkpt>
   <trkpt lat="46.258857" lon="11.135532"><ele>1726.0</ele></trkpt>
   <trkpt lat="46.258841" lon="11.135558"><ele>1724.8</ele></trkpt>
   <trkpt lat="46.258815" lon="11.135539"><ele>1723.6</ele></trkpt>
   <trkpt lat="46.258783" lon="11.135498"><ele>1722.6</ele></trkpt>
   <trkpt lat="46.258750" lon="11.135454"><ele>1721.2</ele></trkpt>
   <trkpt lat="46.258720" lon="11.135421"><ele>1720.4</ele></trkpt>
   <trkpt lat="46.258708" lon="11.135429"><ele>1719.8</ele></trkpt>
   <trkpt lat="46.258700" lon="11.135471"><ele>1718.2</ele></trkpt>
   <trkpt lat="46.258694" lon="11.135523"><ele>1716.6</ele></trkpt>
   <trkpt lat="46.258686" lon="11.135576"><ele>1715.0</ele></trkpt>
   <trkpt lat="46.258660" lon="11.135618"><ele>1713.8</ele></trkpt>
   <trkpt lat="46.258637" lon="11.135625"><ele>1712.8</ele></trkpt>
   <trkpt lat="46.258634" lon="11.135624"><ele>1712.4</ele></trkpt>
   <trkpt lat="46.258615" lon="11.135638"><ele>1711.2</ele></trkpt>
   <trkpt lat="46.258589" lon="11.135643"><ele>1710.2</ele></trkpt>
   <trkpt lat="46.258557" lon="11.135597"><ele>1708.6</ele></trkpt>
   <trkpt lat="46.258550" lon="11.135581"><ele>1707.4</ele></trkpt>
   <trkpt lat="46.258542" lon="11.135565"><ele>1706.2</ele></trkpt>
   <trkpt lat="46.258521" lon="11.135530"><ele>1704.4</ele></trkpt>
   <trkpt lat="46.258507" lon="11.135502"><ele>1703.0</ele></trkpt>
   <trkpt lat="46.258482" lon="11.135485"><ele>1702.0</ele></trkpt>
   <trkpt lat="46.258454" lon="11.135497"><ele>1700.0</ele></trkpt>
   <trkpt lat="46.258440" lon="11.135487"><ele>1699.0</ele></trkpt>
   <trkpt lat="46.258426" lon="11.135488"><ele>1698.4</ele></trkpt>
   <trkpt lat="46.258410" lon="11.135501"><ele>1697.8</ele></trkpt>
   <trkpt lat="46.258394" lon="11.135503"><ele>1697.4</ele></trkpt>
   <trkpt lat="46.258377" lon="11.135504"><ele>1696.6</ele></trkpt>
   <trkpt lat="46.258346" lon="11.135514"><ele>1694.8</ele></trkpt>
   <trkpt lat="46.258332" lon="11.135519"><ele>1694.2</ele></trkpt>
   <trkpt lat="46.258314" lon="11.135516"><ele>1693.6</ele></trkpt>
   <trkpt lat="46.258275" lon="11.135504"><ele>1692.4</ele></trkpt>
   <trkpt lat="46.258240" lon="11.135466"><ele>1690.6</ele></trkpt>
   <trkpt lat="46.258224" lon="11.135409"><ele>1689.0</ele></trkpt>
   <trkpt lat="46.258207" lon="11.135364"><ele>1687.6</ele></trkpt>
   <trkpt lat="46.258183" lon="11.135328"><ele>1686.0</ele></trkpt>
   <trkpt lat="46.258164" lon="11.135316"><ele>1684.4</ele></trkpt>
   <trkpt lat="46.258145" lon="11.135341"><ele>1683.2</ele></trkpt>
   <trkpt lat="46.258124" lon="11.135383"><ele>1681.6</ele></trkpt>
   <trkpt lat="46.258117" lon="11.135410"><ele>1680.6</ele></trkpt>
   <trkpt lat="46.258104" lon="11.135462"><ele>1679.4</ele></trkpt>
   <trkpt lat="46.258096" lon="11.135486"><ele>1678.8</ele></trkpt>
   <trkpt lat="46.258076" lon="11.135528"><ele>1678.2</ele></trkpt>
   <trkpt lat="46.258046" lon="11.135584"><ele>1677.2</ele></trkpt>
   <trkpt lat="46.258022" lon="11.135629"><ele>1675.6</ele></trkpt>
   <trkpt lat="46.258016" lon="11.135646"><ele>1674.8</ele></trkpt>
   <trkpt lat="46.258010" lon="11.135667"><ele>1674.2</ele></trkpt>
   <trkpt lat="46.257988" lon="11.135705"><ele>1672.4</ele></trkpt>
   <trkpt lat="46.257959" lon="11.135740"><ele>1670.6</ele></trkpt>
   <trkpt lat="46.257927" lon="11.135731"><ele>1669.2</ele></trkpt>
   <trkpt lat="46.257892" lon="11.135711"><ele>1667.8</ele></trkpt>
   <trkpt lat="46.257868" lon="11.135703"><ele>1666.4</ele></trkpt>
   <trkpt lat="46.257845" lon="11.135732"><ele>1664.6</ele></trkpt>
   <trkpt lat="46.257814" lon="11.135765"><ele>1662.8</ele></trkpt>
   <trkpt lat="46.257792" lon="11.135775"><ele>1662.0</ele></trkpt>
   <trkpt lat="46.257772" lon="11.135771"><ele>1661.0</ele></trkpt>
   <trkpt lat="46.257755" lon="11.135761"><ele>1660.4</ele></trkpt>
   <trkpt lat="46.257742" lon="11.135745"><ele>1659.6</ele></trkpt>
   <trkpt lat="46.257722" lon="11.135712"><ele>1658.4</ele></trkpt>
   <trkpt lat="46.257710" lon="11.135710"><ele>1657.6</ele></trkpt>
   <trkpt lat="46.257696" lon="11.135718"><ele>1656.8</ele></trkpt>
   <trkpt lat="46.257665" lon="11.135753"><ele>1654.6</ele></trkpt>
   <trkpt lat="46.257647" lon="11.135796"><ele>1653.0</ele></trkpt>
   <trkpt lat="46.257631" lon="11.135824"><ele>1651.8</ele></trkpt>
   <trkpt lat="46.257614" lon="11.135868"><ele>1650.4</ele></trkpt>
   <trkpt lat="46.257595" lon="11.135930"><ele>1649.2</ele></trkpt>
   <trkpt lat="46.257578" lon="11.135979"><ele>1648.0</ele></trkpt>
   <trkpt lat="46.257571" lon="11.136023"><ele>1646.6</ele></trkpt>
   <trkpt lat="46.257572" lon="11.136109"><ele>1645.4</ele></trkpt>
   <trkpt lat="46.257579" lon="11.136159"><ele>1644.4</ele></trkpt>
   <trkpt lat="46.257583" lon="11.136182"><ele>1643.4</ele></trkpt>
   <trkpt lat="46.257586" lon="11.136212"><ele>1642.2</ele></trkpt>
   <trkpt lat="46.257586" lon="11.136264"><ele>1640.6</ele></trkpt>
   <trkpt lat="46.257592" lon="11.136324"><ele>1639.0</ele></trkpt>
   <trkpt lat="46.257593" lon="11.136347"><ele>1637.8</ele></trkpt>
   <trkpt lat="46.257594" lon="11.136394"><ele>1636.4</ele></trkpt>
   <trkpt lat="46.257593" lon="11.136427"><ele>1635.2</ele></trkpt>
   <trkpt lat="46.257588" lon="11.136439"><ele>1634.2</ele></trkpt>
   <trkpt lat="46.257576" lon="11.136443"><ele>1633.4</ele></trkpt>
   <trkpt lat="46.257545" lon="11.136430"><ele>1631.6</ele></trkpt>
   <trkpt lat="46.257506" lon="11.136403"><ele>1629.8</ele></trkpt>
   <trkpt lat="46.257464" lon="11.136383"><ele>1628.2</ele></trkpt>
   <trkpt lat="46.257421" lon="11.136358"><ele>1626.4</ele></trkpt>
   <trkpt lat="46.257399" lon="11.136347"><ele>1625.4</ele></trkpt>
   <trkpt lat="46.257375" lon="11.136329"><ele>1624.2</ele></trkpt>
   <trkpt lat="46.257352" lon="11.136309"><ele>1623.2</ele></trkpt>
   <trkpt lat="46.257330" lon="11.136287"><ele>1622.0</ele></trkpt>
   <trkpt lat="46.257301" lon="11.136261"><ele>1620.6</ele></trkpt>
   <trkpt lat="46.257302" lon="11.136263"><ele>1620.2</ele></trkpt>
   <trkpt lat="46.257307" lon="11.136318"><ele>1619.0</ele></trkpt>
   <trkpt lat="46.257311" lon="11.136375"><ele>1617.6</ele></trkpt>
   <trkpt lat="46.257293" lon="11.136385"><ele>1616.4</ele></trkpt>
   <trkpt lat="46.257265" lon="11.136362"><ele>1614.8</ele></trkpt>
   <trkpt lat="46.257232" lon="11.136332"><ele>1613.2</ele></trkpt>
   <trkpt lat="46.257198" lon="11.136288"><ele>1611.4</ele></trkpt>
   <trkpt lat="46.257171" lon="11.136274"><ele>1609.6</ele></trkpt>
   <trkpt lat="46.257160" lon="11.136297"><ele>1608.6</ele></trkpt>
   <trkpt lat="46.257152" lon="11.136351"><ele>1607.4</ele></trkpt>
   <trkpt lat="46.257155" lon="11.136404"><ele>1606.2</ele></trkpt>
   <trkpt lat="46.257149" lon="11.136439"><ele>1605.2</ele></trkpt>
   <trkpt lat="46.257141" lon="11.136446"><ele>1604.8</ele></trkpt>
   <trkpt lat="46.257124" lon="11.136439"><ele>1603.8</ele></trkpt>
   <trkpt lat="46.257122" lon="11.136435"><ele>1603.0</ele></trkpt>
   <trkpt lat="46.257114" lon="11.136445"><ele>1602.2</ele></trkpt>
   <trkpt lat="46.257088" lon="11.136420"><ele>1601.2</ele></trkpt>
   <trkpt lat="46.257067" lon="11.136395"><ele>1599.8</ele></trkpt>
   <trkpt lat="46.257063" lon="11.136395"><ele>1599.0</ele></trkpt>
   <trkpt lat="46.257062" lon="11.136420"><ele>1598.0</ele></trkpt>
   <trkpt lat="46.257066" lon="11.136450"><ele>1597.2</ele></trkpt>
   <trkpt lat="46.257072" lon="11.136486"><ele>1596.6</ele></trkpt>
   <trkpt lat="46.257081" lon="11.136520"><ele>1595.8</ele></trkpt>
   <trkpt lat="46.257092" lon="11.136549"><ele>1595.4</ele></trkpt>
   <trkpt lat="46.257095" lon="11.136591"><ele>1594.2</ele></trkpt>
   <trkpt lat="46.257061" lon="11.136580"><ele>1593.2</ele></trkpt>
   <trkpt lat="46.257018" lon="11.136545"><ele>1592.0</ele></trkpt>
   <trkpt lat="46.256977" lon="11.136529"><ele>1590.6</ele></trkpt>
   <trkpt lat="46.256951" lon="11.136529"><ele>1589.0</ele></trkpt>
   <trkpt lat="46.256936" lon="11.136526"><ele>1588.0</ele></trkpt>
   <trkpt lat="46.256906" lon="11.136506"><ele>1586.2</ele></trkpt>
   <trkpt lat="46.256893" lon="11.136510"><ele>1585.4</ele></trkpt>
   <trkpt lat="46.256878" lon="11.136525"><ele>1584.8</ele></trkpt>
   <trkpt lat="46.256855" lon="11.136517"><ele>1583.6</ele></trkpt>
   <trkpt lat="46.256835" lon="11.136519"><ele>1582.2</ele></trkpt>
   <trkpt lat="46.256806" lon="11.136506"><ele>1580.4</ele></trkpt>
   <trkpt lat="46.256798" lon="11.136485"><ele>1579.8</ele></trkpt>
   <trkpt lat="46.256791" lon="11.136456"><ele>1579.0</ele></trkpt>
   <trkpt lat="46.256792" lon="11.136396"><ele>1577.6</ele></trkpt>
   <trkpt lat="46.256801" lon="11.136336"><ele>1576.2</ele></trkpt>
   <trkpt lat="46.256826" lon="11.136270"><ele>1575.2</ele></trkpt>
   <trkpt lat="46.256834" lon="11.136228"><ele>1574.6</ele></trkpt>
   <trkpt lat="46.256833" lon="11.136182"><ele>1574.0</ele></trkpt>
   <trkpt lat="46.256817" lon="11.136115"><ele>1572.8</ele></trkpt>
   <trkpt lat="46.256767" lon="11.136067"><ele>1571.8</ele></trkpt>
   <trkpt lat="46.256701" lon="11.136040"><ele>1570.6</ele></trkpt>
   <trkpt lat="46.256660" lon="11.136032"><ele>1569.6</ele></trkpt>
   <trkpt lat="46.256633" lon="11.136056"><ele>1568.6</ele></trkpt>
   <trkpt lat="46.256634" lon="11.136074"><ele>1568.2</ele></trkpt>
   <trkpt lat="46.256644" lon="11.136095"><ele>1567.2</ele></trkpt>
   <trkpt lat="46.256646" lon="11.136120"><ele>1566.4</ele></trkpt>
   <trkpt lat="46.256644" lon="11.136124"><ele>1565.6</ele></trkpt>
   <trkpt lat="46.256639" lon="11.136137"><ele>1565.0</ele></trkpt>
   <trkpt lat="46.256623" lon="11.136155"><ele>1563.2</ele></trkpt>
   <trkpt lat="46.256603" lon="11.136174"><ele>1561.6</ele></trkpt>
   <trkpt lat="46.256563" lon="11.136212"><ele>1560.4</ele></trkpt>
   <trkpt lat="46.256476" lon="11.136328"><ele>1559.2</ele></trkpt>
   <trkpt lat="46.256456" lon="11.136337"><ele>1559.2</ele></trkpt>
   <trkpt lat="46.256418" lon="11.136314"><ele>1559.2</ele></trkpt>
   <trkpt lat="46.256272" lon="11.136318"><ele>1558.8</ele></trkpt>
   <trkpt lat="46.256256" lon="11.136324"><ele>1559.4</ele></trkpt>
   <trkpt lat="46.256233" lon="11.136363"><ele>1560.2</ele></trkpt>
   <trkpt lat="46.256218" lon="11.136368"><ele>1560.6</ele></trkpt>
   <trkpt lat="46.256055" lon="11.136319"><ele>1561.6</ele></trkpt>
   <trkpt lat="46.256041" lon="11.136305"><ele>1561.8</ele></trkpt>
   <trkpt lat="46.255909" lon="11.136199"><ele>1560.6</ele></trkpt>
   <trkpt lat="46.255793" lon="11.136142"><ele>1559.4</ele></trkpt>
   <trkpt lat="46.255695" lon="11.136057"><ele>1558.2</ele></trkpt>
   <trkpt lat="46.255624" lon="11.136002"><ele>1557.4</ele></trkpt>
   <trkpt lat="46.255607" lon="11.135972"><ele>1557.0</ele></trkpt>
   <trkpt lat="46.255580" lon="11.135856"><ele>1555.8</ele></trkpt>
   <trkpt lat="46.255578" lon="11.135791"><ele>1554.4</ele></trkpt>
   <trkpt lat="46.255573" lon="11.135758"><ele>1553.2</ele></trkpt>
   <trkpt lat="46.255561" lon="11.135726"><ele>1552.0</ele></trkpt>
   <trkpt lat="46.255551" lon="11.135688"><ele>1550.2</ele></trkpt>
   <trkpt lat="46.255545" lon="11.135672"><ele>1549.0</ele></trkpt>
   <trkpt lat="46.255537" lon="11.135636"><ele>1547.8</ele></trkpt>
   <trkpt lat="46.255534" lon="11.135595"><ele>1545.8</ele></trkpt>
   <trkpt lat="46.255534" lon="11.135581"><ele>1544.8</ele></trkpt>
   <trkpt lat="46.255533" lon="11.135571"><ele>1544.2</ele></trkpt>
   <trkpt lat="46.255528" lon="11.135561"><ele>1543.8</ele></trkpt>
   <trkpt lat="46.255494" lon="11.135545"><ele>1542.6</ele></trkpt>
   <trkpt lat="46.255447" lon="11.135516"><ele>1541.0</ele></trkpt>
   <trkpt lat="46.255438" lon="11.135504"><ele>1540.0</ele></trkpt>
   <trkpt lat="46.255427" lon="11.135499"><ele>1538.6</ele></trkpt>
   <trkpt lat="46.255411" lon="11.135499"><ele>1537.6</ele></trkpt>
   <trkpt lat="46.255402" lon="11.135506"><ele>1536.8</ele></trkpt>
   <trkpt lat="46.255395" lon="11.135514"><ele>1536.2</ele></trkpt>
   <trkpt lat="46.255379" lon="11.135539"><ele>1534.6</ele></trkpt>
   <trkpt lat="46.255365" lon="11.135572"><ele>1533.4</ele></trkpt>
   <trkpt lat="46.255349" lon="11.135596"><ele>1532.2</ele></trkpt>
   <trkpt lat="46.255345" lon="11.135637"><ele>1530.4</ele></trkpt>
   <trkpt lat="46.255328" lon="11.135668"><ele>1528.4</ele></trkpt>
   <trkpt lat="46.255316" lon="11.135713"><ele>1527.0</ele></trkpt>
   <trkpt lat="46.255301" lon="11.135765"><ele>1525.4</ele></trkpt>
   <trkpt lat="46.255291" lon="11.135825"><ele>1523.8</ele></trkpt>
   <trkpt lat="46.255274" lon="11.135887"><ele>1521.8</ele></trkpt>
   <trkpt lat="46.255259" lon="11.135931"><ele>1520.2</ele></trkpt>
   <trkpt lat="46.255244" lon="11.135951"><ele>1519.4</ele></trkpt>
   <trkpt lat="46.255236" lon="11.135937"><ele>1517.8</ele></trkpt>
   <trkpt lat="46.255216" lon="11.135908"><ele>1516.0</ele></trkpt>
   <trkpt lat="46.255196" lon="11.135878"><ele>1514.4</ele></trkpt>
   <trkpt lat="46.255188" lon="11.135878"><ele>1513.8</ele></trkpt>
   <trkpt lat="46.255178" lon="11.135886"><ele>1513.0</ele></trkpt>
   <trkpt lat="46.255169" lon="11.135883"><ele>1512.4</ele></trkpt>
   <trkpt lat="46.255167" lon="11.135867"><ele>1511.8</ele></trkpt>
   <trkpt lat="46.255148" lon="11.135857"><ele>1510.8</ele></trkpt>
   <trkpt lat="46.255137" lon="11.135865"><ele>1510.4</ele></trkpt>
   <trkpt lat="46.255123" lon="11.135877"><ele>1509.8</ele></trkpt>
   <trkpt lat="46.255098" lon="11.135901"><ele>1508.2</ele></trkpt>
   <trkpt lat="46.255085" lon="11.135918"><ele>1507.2</ele></trkpt>
   <trkpt lat="46.255072" lon="11.135918"><ele>1506.2</ele></trkpt>
   <trkpt lat="46.255057" lon="11.135888"><ele>1504.2</ele></trkpt>
   <trkpt lat="46.255048" lon="11.135879"><ele>1503.4</ele></trkpt>
   <trkpt lat="46.255038" lon="11.135881"><ele>1502.6</ele></trkpt>
   <trkpt lat="46.255012" lon="11.135896"><ele>1501.2</ele></trkpt>
   <trkpt lat="46.254992" lon="11.135904"><ele>1499.8</ele></trkpt>
   <trkpt lat="46.254980" lon="11.135915"><ele>1498.8</ele></trkpt>
   <trkpt lat="46.254965" lon="11.135930"><ele>1497.6</ele></trkpt>
   <trkpt lat="46.254953" lon="11.135926"><ele>1496.6</ele></trkpt>
   <trkpt lat="46.254945" lon="11.135918"><ele>1496.0</ele></trkpt>
   <trkpt lat="46.254938" lon="11.135916"><ele>1495.2</ele></trkpt>
   <trkpt lat="46.254920" lon="11.135942"><ele>1493.6</ele></trkpt>
   <trkpt lat="46.254897" lon="11.135993"><ele>1492.0</ele></trkpt>
   <trkpt lat="46.254884" lon="11.136054"><ele>1490.2</ele></trkpt>
   <trkpt lat="46.254867" lon="11.136110"><ele>1489.2</ele></trkpt>
   <trkpt lat="46.254856" lon="11.136160"><ele>1487.8</ele></trkpt>
   <trkpt lat="46.254846" lon="11.136178"><ele>1487.0</ele></trkpt>
   <trkpt lat="46.254840" lon="11.136190"><ele>1486.0</ele></trkpt>
   <trkpt lat="46.254840" lon="11.136219"><ele>1484.4</ele></trkpt>
   <trkpt lat="46.254833" lon="11.136264"><ele>1483.0</ele></trkpt>
   <trkpt lat="46.254827" lon="11.136295"><ele>1482.2</ele></trkpt>
   <trkpt lat="46.254820" lon="11.136315"><ele>1481.6</ele></trkpt>
   <trkpt lat="46.254819" lon="11.136330"><ele>1481.0</ele></trkpt>
   <trkpt lat="46.254823" lon="11.136347"><ele>1480.4</ele></trkpt>
   <trkpt lat="46.254824" lon="11.136392"><ele>1479.4</ele></trkpt>
   <trkpt lat="46.254819" lon="11.136444"><ele>1478.0</ele></trkpt>
   <trkpt lat="46.254813" lon="11.136490"><ele>1476.8</ele></trkpt>
   <trkpt lat="46.254783" lon="11.136551"><ele>1475.4</ele></trkpt>
   <trkpt lat="46.254752" lon="11.136554"><ele>1473.8</ele></trkpt>
   <trkpt lat="46.254740" lon="11.136541"><ele>1472.4</ele></trkpt>
   <trkpt lat="46.254726" lon="11.136532"><ele>1471.2</ele></trkpt>
   <trkpt lat="46.254710" lon="11.136520"><ele>1470.2</ele></trkpt>
   <trkpt lat="46.254683" lon="11.136480"><ele>1468.4</ele></trkpt>
   <trkpt lat="46.254654" lon="11.136448"><ele>1467.0</ele></trkpt>
   <trkpt lat="46.254621" lon="11.136424"><ele>1465.4</ele></trkpt>
   <trkpt lat="46.254609" lon="11.136424"><ele>1464.6</ele></trkpt>
   <trkpt lat="46.254602" lon="11.136437"><ele>1464.0</ele></trkpt>
   <trkpt lat="46.254586" lon="11.136471"><ele>1462.0</ele></trkpt>
   <trkpt lat="46.254560" lon="11.136465"><ele>1460.8</ele></trkpt>
   <trkpt lat="46.254546" lon="11.136465"><ele>1460.0</ele></trkpt>
   <trkpt lat="46.254530" lon="11.136468"><ele>1459.2</ele></trkpt>
   <trkpt lat="46.254494" lon="11.136474"><ele>1457.6</ele></trkpt>
   <trkpt lat="46.254457" lon="11.136458"><ele>1456.0</ele></trkpt>
   <trkpt lat="46.254417" lon="11.136444"><ele>1454.0</ele></trkpt>
   <trkpt lat="46.254399" lon="11.136430"><ele>1452.8</ele></trkpt>
   <trkpt lat="46.254381" lon="11.136415"><ele>1451.6</ele></trkpt>
   <trkpt lat="46.254364" lon="11.136400"><ele>1450.6</ele></trkpt>
   <trkpt lat="46.254330" lon="11.136368"><ele>1449.0</ele></trkpt>
   <trkpt lat="46.254304" lon="11.136344"><ele>1447.8</ele></trkpt>
   <trkpt lat="46.254266" lon="11.136309"><ele>1446.6</ele></trkpt>
   <trkpt lat="46.254252" lon="11.136267"><ele>1445.0</ele></trkpt>
   <trkpt lat="46.254246" lon="11.136243"><ele>1443.8</ele></trkpt>
   <trkpt lat="46.254240" lon="11.136212"><ele>1442.4</ele></trkpt>
   <trkpt lat="46.254228" lon="11.136183"><ele>1441.2</ele></trkpt>
   <trkpt lat="46.254214" lon="11.136159"><ele>1440.2</ele></trkpt>
   <trkpt lat="46.254185" lon="11.136117"><ele>1438.6</ele></trkpt>
   <trkpt lat="46.254165" lon="11.136103"><ele>1438.0</ele></trkpt>
   <trkpt lat="46.254151" lon="11.136090"><ele>1437.6</ele></trkpt>
   <trkpt lat="46.254124" lon="11.136074"><ele>1436.4</ele></trkpt>
   <trkpt lat="46.254091" lon="11.136057"><ele>1434.6</ele></trkpt>
   <trkpt lat="46.254080" lon="11.136044"><ele>1433.6</ele></trkpt>
   <trkpt lat="46.254062" lon="11.136022"><ele>1432.2</ele></trkpt>
   <trkpt lat="46.254044" lon="11.136013"><ele>1431.8</ele></trkpt>
   <trkpt lat="46.254030" lon="11.136037"><ele>1430.8</ele></trkpt>
   <trkpt lat="46.254020" lon="11.136047"><ele>1430.0</ele></trkpt>
   <trkpt lat="46.254007" lon="11.136059"><ele>1429.0</ele></trkpt>
   <trkpt lat="46.253984" lon="11.136088"><ele>1427.2</ele></trkpt>
   <trkpt lat="46.253976" lon="11.136121"><ele>1425.8</ele></trkpt>
   <trkpt lat="46.253979" lon="11.136135"><ele>1424.8</ele></trkpt>
   <trkpt lat="46.253950" lon="11.136161"><ele>1423.6</ele></trkpt>
   <trkpt lat="46.253922" lon="11.136186"><ele>1422.2</ele></trkpt>
   <trkpt lat="46.253910" lon="11.136192"><ele>1421.4</ele></trkpt>
   <trkpt lat="46.253895" lon="11.136195"><ele>1420.8</ele></trkpt>
   <trkpt lat="46.253861" lon="11.136203"><ele>1419.4</ele></trkpt>
   <trkpt lat="46.253819" lon="11.136224"><ele>1418.2</ele></trkpt>
   <trkpt lat="46.253802" lon="11.136226"><ele>1417.2</ele></trkpt>
   <trkpt lat="46.253787" lon="11.136220"><ele>1416.2</ele></trkpt>
   <trkpt lat="46.253769" lon="11.136220"><ele>1415.2</ele></trkpt>
   <trkpt lat="46.253735" lon="11.136238"><ele>1413.6</ele></trkpt>
   <trkpt lat="46.253716" lon="11.136255"><ele>1412.6</ele></trkpt>
   <trkpt lat="46.253698" lon="11.136276"><ele>1411.8</ele></trkpt>
   <trkpt lat="46.253670" lon="11.136329"><ele>1410.6</ele></trkpt>
   <trkpt lat="46.253654" lon="11.136393"><ele>1409.4</ele></trkpt>
   <trkpt lat="46.253645" lon="11.136460"><ele>1408.4</ele></trkpt>
   <trkpt lat="46.253642" lon="11.136477"><ele>1407.8</ele></trkpt>
   <trkpt lat="46.253643" lon="11.136499"><ele>1407.4</ele></trkpt>
   <trkpt lat="46.253644" lon="11.136530"><ele>1406.6</ele></trkpt>
   <trkpt lat="46.253622" lon="11.136575"><ele>1405.2</ele></trkpt>
   <trkpt lat="46.253598" lon="11.136627"><ele>1403.6</ele></trkpt>
   <trkpt lat="46.253576" lon="11.136668"><ele>1402.4</ele></trkpt>
   <trkpt lat="46.253570" lon="11.136659"><ele>1401.8</ele></trkpt>
   <trkpt lat="46.253559" lon="11.136648"><ele>1401.0</ele></trkpt>
   <trkpt lat="46.253532" lon="11.136640"><ele>1399.4</ele></trkpt>
   <trkpt lat="46.253509" lon="11.136602"><ele>1397.4</ele></trkpt>
   <trkpt lat="46.253489" lon="11.136562"><ele>1395.6</ele></trkpt>
   <trkpt lat="46.253477" lon="11.136507"><ele>1394.0</ele></trkpt>
   <trkpt lat="46.253471" lon="11.136454"><ele>1392.2</ele></trkpt>
   <trkpt lat="46.253459" lon="11.136406"><ele>1391.0</ele></trkpt>
   <trkpt lat="46.253416" lon="11.136380"><ele>1389.4</ele></trkpt>
   <trkpt lat="46.253399" lon="11.136382"><ele>1388.8</ele></trkpt>
   <trkpt lat="46.253387" lon="11.136385"><ele>1388.4</ele></trkpt>
   <trkpt lat="46.253369" lon="11.136421"><ele>1386.6</ele></trkpt>
   <trkpt lat="46.253367" lon="11.136440"><ele>1385.6</ele></trkpt>
   <trkpt lat="46.253367" lon="11.136461"><ele>1384.4</ele></trkpt>
   <trkpt lat="46.253364" lon="11.136486"><ele>1383.2</ele></trkpt>
   <trkpt lat="46.253360" lon="11.136506"><ele>1382.0</ele></trkpt>
   <trkpt lat="46.253345" lon="11.136550"><ele>1380.6</ele></trkpt>
   <trkpt lat="46.253337" lon="11.136603"><ele>1379.6</ele></trkpt>
   <trkpt lat="46.253339" lon="11.136651"><ele>1377.8</ele></trkpt>
   <trkpt lat="46.253342" lon="11.136674"><ele>1376.6</ele></trkpt>
   <trkpt lat="46.253344" lon="11.136704"><ele>1375.4</ele></trkpt>
   <trkpt lat="46.253341" lon="11.136752"><ele>1373.6</ele></trkpt>
   <trkpt lat="46.253332" lon="11.136799"><ele>1372.4</ele></trkpt>
   <trkpt lat="46.253328" lon="11.136865"><ele>1371.2</ele></trkpt>
   <trkpt lat="46.253323" lon="11.136895"><ele>1370.6</ele></trkpt>
   <trkpt lat="46.253306" lon="11.136929"><ele>1369.8</ele></trkpt>
   <trkpt lat="46.253289" lon="11.136940"><ele>1367.8</ele></trkpt>
   <trkpt lat="46.253273" lon="11.136943"><ele>1366.6</ele></trkpt>
   <trkpt lat="46.253234" lon="11.136936"><ele>1364.6</ele></trkpt>
   <trkpt lat="46.253194" lon="11.136929"><ele>1363.0</ele></trkpt>
   <trkpt lat="46.253141" lon="11.136931"><ele>1361.6</ele></trkpt>
   <trkpt lat="46.253085" lon="11.136940"><ele>1359.8</ele></trkpt>
   <trkpt lat="46.253056" lon="11.136949"><ele>1358.6</ele></trkpt>
   <trkpt lat="46.252996" lon="11.136974"><ele>1356.8</ele></trkpt>
   <trkpt lat="46.252936" lon="11.137010"><ele>1355.4</ele></trkpt>
   <trkpt lat="46.252879" lon="11.137047"><ele>1353.8</ele></trkpt>
   <trkpt lat="46.252827" lon="11.137103"><ele>1351.8</ele></trkpt>
   <trkpt lat="46.252769" lon="11.137157"><ele>1350.4</ele></trkpt>
   <trkpt lat="46.252717" lon="11.137198"><ele>1349.4</ele></trkpt>
   <trkpt lat="46.252673" lon="11.137219"><ele>1348.2</ele></trkpt>
   <trkpt lat="46.252626" lon="11.137249"><ele>1346.8</ele></trkpt>
   <trkpt lat="46.252566" lon="11.137267"><ele>1345.6</ele></trkpt>
   <trkpt lat="46.252507" lon="11.137284"><ele>1344.4</ele></trkpt>
   <trkpt lat="46.252443" lon="11.137281"><ele>1342.4</ele></trkpt>
   <trkpt lat="46.252413" lon="11.137288"><ele>1341.4</ele></trkpt>
   <trkpt lat="46.252364" lon="11.137296"><ele>1340.0</ele></trkpt>
   <trkpt lat="46.252308" lon="11.137310"><ele>1339.2</ele></trkpt>
   <trkpt lat="46.252288" lon="11.137318"><ele>1339.0</ele></trkpt>
   <trkpt lat="46.252275" lon="11.137326"><ele>1338.6</ele></trkpt>
   <trkpt lat="46.252243" lon="11.137330"><ele>1337.6</ele></trkpt>
   <trkpt lat="46.252234" lon="11.137345"><ele>1337.0</ele></trkpt>
   <trkpt lat="46.252226" lon="11.137363"><ele>1336.4</ele></trkpt>
   <trkpt lat="46.252207" lon="11.137396"><ele>1335.0</ele></trkpt>
   <trkpt lat="46.252190" lon="11.137411"><ele>1334.0</ele></trkpt>
   <trkpt lat="46.252170" lon="11.137413"><ele>1333.2</ele></trkpt>
   <trkpt lat="46.252153" lon="11.137399"><ele>1332.4</ele></trkpt>
   <trkpt lat="46.252133" lon="11.137389"><ele>1331.8</ele></trkpt>
   <trkpt lat="46.252069" lon="11.137409"><ele>1330.4</ele></trkpt>
   <trkpt lat="46.252008" lon="11.137441"><ele>1329.2</ele></trkpt>
   <trkpt lat="46.251959" lon="11.137468"><ele>1327.4</ele></trkpt>
   <trkpt lat="46.251934" lon="11.137496"><ele>1326.4</ele></trkpt>
   <trkpt lat="46.251893" lon="11.137536"><ele>1324.6</ele></trkpt>
   <trkpt lat="46.251845" lon="11.137566"><ele>1323.2</ele></trkpt>
   <trkpt lat="46.251767" lon="11.137603"><ele>1322.2</ele></trkpt>
   <trkpt lat="46.251716" lon="11.137660"><ele>1322.2</ele></trkpt>
   <trkpt lat="46.251568" lon="11.137792"><ele>1322.2</ele></trkpt>
   <trkpt lat="46.251580" lon="11.137856"><ele>1320.6</ele></trkpt>
   <trkpt lat="46.251601" lon="11.137897"><ele>1319.4</ele></trkpt>
   <trkpt lat="46.251617" lon="11.137926"><ele>1318.0</ele></trkpt>
   <trkpt lat="46.251598" lon="11.137959"><ele>1316.6</ele></trkpt>
   <trkpt lat="46.251564" lon="11.137996"><ele>1315.4</ele></trkpt>
   <trkpt lat="46.251519" lon="11.138021"><ele>1314.0</ele></trkpt>
   <trkpt lat="46.251495" lon="11.138024"><ele>1313.0</ele></trkpt>
   <trkpt lat="46.251468" lon="11.138020"><ele>1312.2</ele></trkpt>
   <trkpt lat="46.251411" lon="11.138008"><ele>1310.8</ele></trkpt>
   <trkpt lat="46.251368" lon="11.137990"><ele>1309.6</ele></trkpt>
   <trkpt lat="46.251325" lon="11.137967"><ele>1308.6</ele></trkpt>
   <trkpt lat="46.251282" lon="11.137950"><ele>1307.6</ele></trkpt>
   <trkpt lat="46.251208" lon="11.137899"><ele>1306.4</ele></trkpt>
   <trkpt lat="46.251135" lon="11.137887"><ele>1305.4</ele></trkpt>
   <trkpt lat="46.251119" lon="11.137865"><ele>1303.8</ele></trkpt>
   <trkpt lat="46.251086" lon="11.137830"><ele>1302.2</ele></trkpt>
   <trkpt lat="46.251051" lon="11.137803"><ele>1300.8</ele></trkpt>
   <trkpt lat="46.251028" lon="11.137794"><ele>1300.2</ele></trkpt>
   <trkpt lat="46.251003" lon="11.137788"><ele>1299.6</ele></trkpt>
   <trkpt lat="46.250917" lon="11.137759"><ele>1298.6</ele></trkpt>
   <trkpt lat="46.250840" lon="11.137732"><ele>1297.4</ele></trkpt>
   <trkpt lat="46.250802" lon="11.137715"><ele>1297.0</ele></trkpt>
   <trkpt lat="46.250759" lon="11.137707"><ele>1296.0</ele></trkpt>
   <trkpt lat="46.250687" lon="11.137715"><ele>1294.8</ele></trkpt>
   <trkpt lat="46.250648" lon="11.137711"><ele>1293.4</ele></trkpt>
   <trkpt lat="46.250606" lon="11.137706"><ele>1292.2</ele></trkpt>
   <trkpt lat="46.250569" lon="11.137690"><ele>1291.0</ele></trkpt>
   <trkpt lat="46.250518" lon="11.137669"><ele>1289.4</ele></trkpt>
   <trkpt lat="46.250453" lon="11.137647"><ele>1288.0</ele></trkpt>
   <trkpt lat="46.250349" lon="11.137617"><ele>1287.0</ele></trkpt>
   <trkpt lat="46.250302" lon="11.137607"><ele>1286.2</ele></trkpt>
   <trkpt lat="46.250292" lon="11.137617"><ele>1285.6</ele></trkpt>
   <trkpt lat="46.250286" lon="11.137655"><ele>1284.4</ele></trkpt>
   <trkpt lat="46.250287" lon="11.137694"><ele>1283.4</ele></trkpt>
   <trkpt lat="46.250290" lon="11.137742"><ele>1281.6</ele></trkpt>
   <trkpt lat="46.250291" lon="11.137763"><ele>1280.6</ele></trkpt>
   <trkpt lat="46.250278" lon="11.137772"><ele>1279.4</ele></trkpt>
   <trkpt lat="46.250255" lon="11.137763"><ele>1278.2</ele></trkpt>
   <trkpt lat="46.250201" lon="11.137718"><ele>1276.6</ele></trkpt>
   <trkpt lat="46.250158" lon="11.137702"><ele>1275.6</ele></trkpt>
   <trkpt lat="46.250152" lon="11.137718"><ele>1275.2</ele></trkpt>
   <trkpt lat="46.250159" lon="11.137760"><ele>1274.2</ele></trkpt>
   <trkpt lat="46.250175" lon="11.137869"><ele>1273.0</ele></trkpt>
   <trkpt lat="46.250213" lon="11.138002"><ele>1271.4</ele></trkpt>
   <trkpt lat="46.250241" lon="11.138076"><ele>1270.4</ele></trkpt>
   <trkpt lat="46.250259" lon="11.138111"><ele>1269.8</ele></trkpt>
   <trkpt lat="46.250282" lon="11.138150"><ele>1269.2</ele></trkpt>
   <trkpt lat="46.250333" lon="11.138238"><ele>1268.0</ele></trkpt>
   <trkpt lat="46.250387" lon="11.138300"><ele>1267.0</ele></trkpt>
   <trkpt lat="46.250472" lon="11.138379"><ele>1265.4</ele></trkpt>
   <trkpt lat="46.250542" lon="11.138485"><ele>1264.4</ele></trkpt>
   <trkpt lat="46.250607" lon="11.138599"><ele>1262.8</ele></trkpt>
   <trkpt lat="46.250658" lon="11.138649"><ele>1261.8</ele></trkpt>
   <trkpt lat="46.250712" lon="11.138704"><ele>1260.6</ele></trkpt>
   <trkpt lat="46.250759" lon="11.138763"><ele>1259.0</ele></trkpt>
   <trkpt lat="46.250812" lon="11.138821"><ele>1257.4</ele></trkpt>
   <trkpt lat="46.250844" lon="11.138851"><ele>1256.2</ele></trkpt>
   <trkpt lat="46.250873" lon="11.138884"><ele>1255.2</ele></trkpt>
   <trkpt lat="46.250899" lon="11.138917"><ele>1254.0</ele></trkpt>
   <trkpt lat="46.250921" lon="11.138945"><ele>1253.0</ele></trkpt>
   <trkpt lat="46.250945" lon="11.138978"><ele>1252.0</ele></trkpt>
   <trkpt lat="46.251007" lon="11.139024"><ele>1250.2</ele></trkpt>
   <trkpt lat="46.251062" lon="11.139061"><ele>1248.8</ele></trkpt>
   <trkpt lat="46.251084" lon="11.139092"><ele>1247.6</ele></trkpt>
   <trkpt lat="46.251106" lon="11.139117"><ele>1246.2</ele></trkpt>
   <trkpt lat="46.251134" lon="11.139136"><ele>1244.8</ele></trkpt>
   <trkpt lat="46.251154" lon="11.139166"><ele>1243.4</ele></trkpt>
   <trkpt lat="46.251180" lon="11.139198"><ele>1242.4</ele></trkpt>
   <trkpt lat="46.251222" lon="11.139263"><ele>1241.0</ele></trkpt>
   <trkpt lat="46.251270" lon="11.139335"><ele>1239.2</ele></trkpt>
   <trkpt lat="46.251317" lon="11.139394"><ele>1237.4</ele></trkpt>
   <trkpt lat="46.251352" lon="11.139469"><ele>1235.8</ele></trkpt>
   <trkpt lat="46.251389" lon="11.139537"><ele>1234.6</ele></trkpt>
   <trkpt lat="46.251450" lon="11.139613"><ele>1233.4</ele></trkpt>
   <trkpt lat="46.251515" lon="11.139707"><ele>1232.4</ele></trkpt>
   <trkpt lat="46.251567" lon="11.139758"><ele>1231.4</ele></trkpt>
   <trkpt lat="46.251608" lon="11.139860"><ele>1230.4</ele></trkpt>
   <trkpt lat="46.251655" lon="11.139953"><ele>1229.2</ele></trkpt>
   <trkpt lat="46.251694" lon="11.140044"><ele>1228.0</ele></trkpt>
   <trkpt lat="46.251739" lon="11.140120"><ele>1226.8</ele></trkpt>
   <trkpt lat="46.251796" lon="11.140184"><ele>1225.4</ele></trkpt>
   <trkpt lat="46.251826" lon="11.140213"><ele>1224.4</ele></trkpt>
   <trkpt lat="46.251877" lon="11.140285"><ele>1222.6</ele></trkpt>
   <trkpt lat="46.251919" lon="11.140364"><ele>1221.4</ele></trkpt>
   <trkpt lat="46.252005" lon="11.140472"><ele>1219.6</ele></trkpt>
   <trkpt lat="46.252031" lon="11.140507"><ele>1218.6</ele></trkpt>
   <trkpt lat="46.252079" lon="11.140586"><ele>1217.0</ele></trkpt>
   <trkpt lat="46.252133" lon="11.140685"><ele>1215.8</ele></trkpt>
   <trkpt lat="46.252211" lon="11.140829"><ele>1215.8</ele></trkpt>
   <trkpt lat="46.252331" lon="11.140916"><ele>1215.8</ele></trkpt>
   <trkpt lat="46.252321" lon="11.140962"><ele>1215.4</ele></trkpt>
   <trkpt lat="46.252263" lon="11.141006"><ele>1214.6</ele></trkpt>
   <trkpt lat="46.252197" lon="11.141008"><ele>1213.2</ele></trkpt>
   <trkpt lat="46.252135" lon="11.141006"><ele>1211.8</ele></trkpt>
   <trkpt lat="46.252073" lon="11.140994"><ele>1210.4</ele></trkpt>
   <trkpt lat="46.252011" lon="11.140984"><ele>1209.0</ele></trkpt>
   <trkpt lat="46.251954" lon="11.140976"><ele>1207.8</ele></trkpt>
   <trkpt lat="46.251892" lon="11.141005"><ele>1206.2</ele></trkpt>
   <trkpt lat="46.251827" lon="11.141043"><ele>1205.0</ele></trkpt>
   <trkpt lat="46.251724" lon="11.141144"><ele>1203.6</ele></trkpt>
   <trkpt lat="46.251631" lon="11.141274"><ele>1202.2</ele></trkpt>
   <trkpt lat="46.251538" lon="11.141393"><ele>1201.4</ele></trkpt>
   <trkpt lat="46.251521" lon="11.141444"><ele>1201.2</ele></trkpt>
   <trkpt lat="46.251500" lon="11.141473"><ele>1201.2</ele></trkpt>
   <trkpt lat="46.251395" lon="11.141623"><ele>1199.8</ele></trkpt>
   <trkpt lat="46.251325" lon="11.141669"><ele>1198.6</ele></trkpt>
   <trkpt lat="46.251267" lon="11.141660"><ele>1197.6</ele></trkpt>
   <trkpt lat="46.251205" lon="11.141655"><ele>1196.2</ele></trkpt>
   <trkpt lat="46.251148" lon="11.141653"><ele>1194.8</ele></trkpt>
   <trkpt lat="46.251102" lon="11.141641"><ele>1193.0</ele></trkpt>
   <trkpt lat="46.251058" lon="11.141622"><ele>1191.8</ele></trkpt>
   <trkpt lat="46.251005" lon="11.141577"><ele>1190.8</ele></trkpt>
   <trkpt lat="46.250950" lon="11.141524"><ele>1189.0</ele></trkpt>
   <trkpt lat="46.250866" lon="11.141451"><ele>1187.8</ele></trkpt>
   <trkpt lat="46.250816" lon="11.141422"><ele>1186.8</ele></trkpt>
   <trkpt lat="46.250763" lon="11.141407"><ele>1185.4</ele></trkpt>
   <trkpt lat="46.250705" lon="11.141391"><ele>1184.0</ele></trkpt>
   <trkpt lat="46.250646" lon="11.141370"><ele>1182.8</ele></trkpt>
   <trkpt lat="46.250597" lon="11.141356"><ele>1181.2</ele></trkpt>
   <trkpt lat="46.250538" lon="11.141359"><ele>1179.6</ele></trkpt>
   <trkpt lat="46.250474" lon="11.141370"><ele>1178.2</ele></trkpt>
   <trkpt lat="46.250398" lon="11.141366"><ele>1176.8</ele></trkpt>
   <trkpt lat="46.250318" lon="11.141374"><ele>1175.4</ele></trkpt>
   <trkpt lat="46.250227" lon="11.141370"><ele>1174.2</ele></trkpt>
   <trkpt lat="46.250138" lon="11.141371"><ele>1173.0</ele></trkpt>
   <trkpt lat="46.250057" lon="11.141370"><ele>1171.6</ele></trkpt>
   <trkpt lat="46.249962" lon="11.141365"><ele>1170.0</ele></trkpt>
   <trkpt lat="46.249870" lon="11.141362"><ele>1168.6</ele></trkpt>
   <trkpt lat="46.249779" lon="11.141375"><ele>1167.2</ele></trkpt>
   <trkpt lat="46.249692" lon="11.141396"><ele>1165.8</ele></trkpt>
   <trkpt lat="46.249571" lon="11.141414"><ele>1164.0</ele></trkpt>
   <trkpt lat="46.249534" lon="11.141421"><ele>1163.0</ele></trkpt>
   <trkpt lat="46.249464" lon="11.141425"><ele>1161.6</ele></trkpt>
   <trkpt lat="46.249316" lon="11.141431"><ele>1160.4</ele></trkpt>
   <trkpt lat="46.249198" lon="11.141430"><ele>1159.0</ele></trkpt>
   <trkpt lat="46.249132" lon="11.141424"><ele>1157.8</ele></trkpt>
   <trkpt lat="46.249071" lon="11.141422"><ele>1156.6</ele></trkpt>
   <trkpt lat="46.249002" lon="11.141421"><ele>1155.2</ele></trkpt>
   <trkpt lat="46.248953" lon="11.141417"><ele>1153.6</ele></trkpt>
   <trkpt lat="46.248903" lon="11.141399"><ele>1152.4</ele></trkpt>
   <trkpt lat="46.248852" lon="11.141387"><ele>1151.4</ele></trkpt>
   <trkpt lat="46.248796" lon="11.141363"><ele>1150.0</ele></trkpt>
   <trkpt lat="46.248742" lon="11.141326"><ele>1149.0</ele></trkpt>
   <trkpt lat="46.248663" lon="11.141276"><ele>1147.6</ele></trkpt>
   <trkpt lat="46.248557" lon="11.141211"><ele>1146.4</ele></trkpt>
   <trkpt lat="46.248499" lon="11.141184"><ele>1145.4</ele></trkpt>
   <trkpt lat="46.248447" lon="11.141148"><ele>1144.4</ele></trkpt>
   <trkpt lat="46.248383" lon="11.141108"><ele>1143.0</ele></trkpt>
   <trkpt lat="46.248317" lon="11.141095"><ele>1142.0</ele></trkpt>
   <trkpt lat="46.248209" lon="11.141048"><ele>1140.8</ele></trkpt>
   <trkpt lat="46.248107" lon="11.141005"><ele>1139.6</ele></trkpt>
   <trkpt lat="46.248018" lon="11.140978"><ele>1138.6</ele></trkpt>
   <trkpt lat="46.247892" lon="11.140930"><ele>1137.4</ele></trkpt>
   <trkpt lat="46.247792" lon="11.140883"><ele>1136.2</ele></trkpt>
   <trkpt lat="46.247702" lon="11.140851"><ele>1135.2</ele></trkpt>
   <trkpt lat="46.247564" lon="11.140799"><ele>1134.0</ele></trkpt>
   <trkpt lat="46.247447" lon="11.140731"><ele>1132.8</ele></trkpt>
   <trkpt lat="46.247366" lon="11.140631"><ele>1131.6</ele></trkpt>
   <trkpt lat="46.247278" lon="11.140515"><ele>1130.2</ele></trkpt>
   <trkpt lat="46.247175" lon="11.140414"><ele>1128.8</ele></trkpt>
   <trkpt lat="46.247084" lon="11.140312"><ele>1127.2</ele></trkpt>
   <trkpt lat="46.246990" lon="11.140193"><ele>1125.8</ele></trkpt>
   <trkpt lat="46.246903" lon="11.140090"><ele>1124.6</ele></trkpt>
   <trkpt lat="46.246850" lon="11.140050"><ele>1123.6</ele></trkpt>
   <trkpt lat="46.246776" lon="11.140040"><ele>1122.4</ele></trkpt>
   <trkpt lat="46.246688" lon="11.140087"><ele>1121.4</ele></trkpt>
   <trkpt lat="46.246627" lon="11.140131"><ele>1120.4</ele></trkpt>
   <trkpt lat="46.246576" lon="11.140187"><ele>1118.8</ele></trkpt>
   <trkpt lat="46.246534" lon="11.140241"><ele>1117.8</ele></trkpt>
   <trkpt lat="46.246440" lon="11.140341"><ele>1116.8</ele></trkpt>
   <trkpt lat="46.246408" lon="11.140357"><ele>1116.2</ele></trkpt>
   <trkpt lat="46.246378" lon="11.140360"><ele>1115.4</ele></trkpt>
   <trkpt lat="46.246304" lon="11.140310"><ele>1114.2</ele></trkpt>
   <trkpt lat="46.246259" lon="11.140196"><ele>1112.6</ele></trkpt>
   <trkpt lat="46.246235" lon="11.140114"><ele>1111.0</ele></trkpt>
   <trkpt lat="46.246169" lon="11.139997"><ele>1109.8</ele></trkpt>
   <trkpt lat="46.246086" lon="11.139893"><ele>1108.4</ele></trkpt>
   <trkpt lat="46.246052" lon="11.139754"><ele>1107.0</ele></trkpt>
   <trkpt lat="46.246069" lon="11.139644"><ele>1106.0</ele></trkpt>
   <trkpt lat="46.246098" lon="11.139539"><ele>1104.6</ele></trkpt>
   <trkpt lat="46.246124" lon="11.139438"><ele>1103.2</ele></trkpt>
   <trkpt lat="46.246142" lon="11.139284"><ele>1102.0</ele></trkpt>
   <trkpt lat="46.246101" lon="11.139136"><ele>1100.6</ele></trkpt>
   <trkpt lat="46.245987" lon="11.139039"><ele>1099.2</ele></trkpt>
   <trkpt lat="46.245877" lon="11.138954"><ele>1098.2</ele></trkpt>
   <trkpt lat="46.245769" lon="11.138886"><ele>1096.8</ele></trkpt>
   <trkpt lat="46.245704" lon="11.138835"><ele>1095.6</ele></trkpt>
   <trkpt lat="46.245606" lon="11.138752"><ele>1094.2</ele></trkpt>
   <trkpt lat="46.245550" lon="11.138692"><ele>1093.2</ele></trkpt>
   <trkpt lat="46.245474" lon="11.138590"><ele>1092.0</ele></trkpt>
   <trkpt lat="46.245409" lon="11.138481"><ele>1090.6</ele></trkpt>
   <trkpt lat="46.245345" lon="11.138362"><ele>1089.4</ele></trkpt>
   <trkpt lat="46.245316" lon="11.138264"><ele>1088.2</ele></trkpt>
   <trkpt lat="46.245265" lon="11.137975"><ele>1087.8</ele></trkpt>
   <trkpt lat="46.245249" lon="11.137789"><ele>1087.2</ele></trkpt>
   <trkpt lat="46.245213" lon="11.137622"><ele>1086.2</ele></trkpt>
   <trkpt lat="46.245197" lon="11.137333"><ele>1085.2</ele></trkpt>
   <trkpt lat="46.245198" lon="11.137283"><ele>1085.0</ele></trkpt>
   <trkpt lat="46.245209" lon="11.137128"><ele>1083.6</ele></trkpt>
   <trkpt lat="46.245151" lon="11.136872"><ele>1083.2</ele></trkpt>
   <trkpt lat="46.245138" lon="11.136842"><ele>1083.2</ele></trkpt>
   <trkpt lat="46.245087" lon="11.136690"><ele>1082.8</ele></trkpt>
   <trkpt lat="46.244968" lon="11.136588"><ele>1082.6</ele></trkpt>
   <trkpt lat="46.244932" lon="11.136570"><ele>1082.2</ele></trkpt>
   <trkpt lat="46.244716" lon="11.136578"><ele>1081.6</ele></trkpt>
   <trkpt lat="46.244649" lon="11.136639"><ele>1081.4</ele></trkpt>
   <trkpt lat="46.244514" lon="11.136742"><ele>1080.0</ele></trkpt>
   <trkpt lat="46.244409" lon="11.136733"><ele>1079.0</ele></trkpt>
   <trkpt lat="46.244306" lon="11.136702"><ele>1077.8</ele></trkpt>
   <trkpt lat="46.244198" lon="11.136685"><ele>1076.2</ele></trkpt>
   <trkpt lat="46.244093" lon="11.136686"><ele>1075.2</ele></trkpt>
   <trkpt lat="46.244000" lon="11.136687"><ele>1073.6</ele></trkpt>
   <trkpt lat="46.243897" lon="11.136646"><ele>1072.4</ele></trkpt>
   <trkpt lat="46.243829" lon="11.136647"><ele>1071.4</ele></trkpt>
   <trkpt lat="46.243756" lon="11.136667"><ele>1070.4</ele></trkpt>
   <trkpt lat="46.243685" lon="11.136653"><ele>1069.0</ele></trkpt>
   <trkpt lat="46.243576" lon="11.136648"><ele>1067.4</ele></trkpt>
   <trkpt lat="46.243506" lon="11.136652"><ele>1066.0</ele></trkpt>
   <trkpt lat="46.243450" lon="11.136643"><ele>1064.4</ele></trkpt>
   <trkpt lat="46.243396" lon="11.136634"><ele>1062.8</ele></trkpt>
   <trkpt lat="46.243334" lon="11.136609"><ele>1061.8</ele></trkpt>
   <trkpt lat="46.243235" lon="11.136569"><ele>1060.2</ele></trkpt>
   <trkpt lat="46.243170" lon="11.136534"><ele>1058.6</ele></trkpt>
   <trkpt lat="46.243107" lon="11.136503"><ele>1057.0</ele></trkpt>
   <trkpt lat="46.243049" lon="11.136470"><ele>1055.4</ele></trkpt>
   <trkpt lat="46.242983" lon="11.136454"><ele>1053.8</ele></trkpt>
   <trkpt lat="46.242922" lon="11.136438"><ele>1052.4</ele></trkpt>
   <trkpt lat="46.242866" lon="11.136413"><ele>1051.2</ele></trkpt>
   <trkpt lat="46.242787" lon="11.136349"><ele>1050.2</ele></trkpt>
   <trkpt lat="46.242709" lon="11.136270"><ele>1048.4</ele></trkpt>
   <trkpt lat="46.242653" lon="11.136206"><ele>1046.4</ele></trkpt>
   <trkpt lat="46.242608" lon="11.136145"><ele>1045.0</ele></trkpt>
   <trkpt lat="46.242558" lon="11.135923"><ele>1043.8</ele></trkpt>
   <trkpt lat="46.242550" lon="11.135780"><ele>1042.4</ele></trkpt>
   <trkpt lat="46.242515" lon="11.135595"><ele>1041.2</ele></trkpt>
   <trkpt lat="46.242456" lon="11.135339"><ele>1040.0</ele></trkpt>
   <trkpt lat="46.242430" lon="11.135187"><ele>1038.6</ele></trkpt>
   <trkpt lat="46.242434" lon="11.135071"><ele>1037.4</ele></trkpt>
   <trkpt lat="46.242441" lon="11.134977"><ele>1036.4</ele></trkpt>
   <trkpt lat="46.242461" lon="11.134898"><ele>1034.8</ele></trkpt>
   <trkpt lat="46.242501" lon="11.134822"><ele>1033.4</ele></trkpt>
   <trkpt lat="46.242542" lon="11.134709"><ele>1032.4</ele></trkpt>
   <trkpt lat="46.242555" lon="11.134615"><ele>1031.2</ele></trkpt>
   <trkpt lat="46.242567" lon="11.134513"><ele>1029.8</ele></trkpt>
   <trkpt lat="46.242560" lon="11.134402"><ele>1028.8</ele></trkpt>
   <trkpt lat="46.242579" lon="11.134258"><ele>1027.4</ele></trkpt>
   <trkpt lat="46.242607" lon="11.134177"><ele>1026.4</ele></trkpt>
   <trkpt lat="46.242655" lon="11.134133"><ele>1025.0</ele></trkpt>
   <trkpt lat="46.242734" lon="11.134108"><ele>1023.8</ele></trkpt>
   <trkpt lat="46.242809" lon="11.134064"><ele>1022.2</ele></trkpt>
   <trkpt lat="46.242851" lon="11.134020"><ele>1021.2</ele></trkpt>
   <trkpt lat="46.242894" lon="11.133971"><ele>1020.2</ele></trkpt>
   <trkpt lat="46.242963" lon="11.133852"><ele>1018.6</ele></trkpt>
   <trkpt lat="46.243024" lon="11.133693"><ele>1017.2</ele></trkpt>
   <trkpt lat="46.243080" lon="11.133603"><ele>1016.2</ele></trkpt>
   <trkpt lat="46.243143" lon="11.133563"><ele>1015.0</ele></trkpt>
   <trkpt lat="46.243205" lon="11.133542"><ele>1013.4</ele></trkpt>
   <trkpt lat="46.243263" lon="11.133509"><ele>1012.0</ele></trkpt>
   <trkpt lat="46.243368" lon="11.133466"><ele>1010.8</ele></trkpt>
   <trkpt lat="46.243450" lon="11.133429"><ele>1009.8</ele></trkpt>
   <trkpt lat="46.243558" lon="11.133351"><ele>1008.4</ele></trkpt>
   <trkpt lat="46.243617" lon="11.133226"><ele>1007.2</ele></trkpt>
   <trkpt lat="46.243770" lon="11.133035"><ele>1006.2</ele></trkpt>
   <trkpt lat="46.243783" lon="11.133059"><ele>1006.0</ele></trkpt>
   <trkpt lat="46.243843" lon="11.133011"><ele>1005.0</ele></trkpt>
   <trkpt lat="46.243899" lon="11.132932"><ele>1003.6</ele></trkpt>
   <trkpt lat="46.243944" lon="11.132846"><ele>1002.4</ele></trkpt>
   <trkpt lat="46.243984" lon="11.132751"><ele>1001.0</ele></trkpt>
   <trkpt lat="46.244025" lon="11.132651"><ele>999.6</ele></trkpt>
   <trkpt lat="46.244098" lon="11.132485"><ele>998.4</ele></trkpt>
   <trkpt lat="46.244143" lon="11.132388"><ele>997.4</ele></trkpt>
   <trkpt lat="46.244189" lon="11.132301"><ele>996.2</ele></trkpt>
   <trkpt lat="46.244225" lon="11.132239"><ele>994.8</ele></trkpt>
   <trkpt lat="46.244280" lon="11.132176"><ele>993.8</ele></trkpt>
   <trkpt lat="46.244337" lon="11.132114"><ele>992.4</ele></trkpt>
   <trkpt lat="46.244427" lon="11.132028"><ele>991.2</ele></trkpt>
   <trkpt lat="46.244500" lon="11.131947"><ele>989.8</ele></trkpt>
   <trkpt lat="46.244514" lon="11.131910"><ele>989.2</ele></trkpt>
   <trkpt lat="46.244512" lon="11.131880"><ele>988.6</ele></trkpt>
   <trkpt lat="46.244486" lon="11.131857"><ele>988.2</ele></trkpt>
   <trkpt lat="46.244454" lon="11.131850"><ele>987.6</ele></trkpt>
   <trkpt lat="46.244423" lon="11.131852"><ele>987.2</ele></trkpt>
   <trkpt lat="46.244369" lon="11.131896"><ele>986.4</ele></trkpt>
   <trkpt lat="46.244308" lon="11.131946"><ele>985.4</ele></trkpt>
   <trkpt lat="46.244212" lon="11.131994"><ele>984.2</ele></trkpt>
   <trkpt lat="46.244151" lon="11.132013"><ele>983.2</ele></trkpt>
   <trkpt lat="46.244052" lon="11.132042"><ele>981.6</ele></trkpt>
   <trkpt lat="46.243998" lon="11.132076"><ele>980.4</ele></trkpt>
   <trkpt lat="46.243932" lon="11.132163"><ele>979.2</ele></trkpt>
   <trkpt lat="46.243861" lon="11.132255"><ele>978.2</ele></trkpt>
   <trkpt lat="46.243797" lon="11.132307"><ele>977.0</ele></trkpt>
   <trkpt lat="46.243733" lon="11.132356"><ele>975.8</ele></trkpt>
   <trkpt lat="46.243644" lon="11.132410"><ele>974.8</ele></trkpt>
   <trkpt lat="46.243552" lon="11.132447"><ele>973.4</ele></trkpt>
   <trkpt lat="46.243447" lon="11.132475"><ele>972.2</ele></trkpt>
   <trkpt lat="46.243334" lon="11.132486"><ele>971.0</ele></trkpt>
   <trkpt lat="46.243274" lon="11.132493"><ele>970.2</ele></trkpt>
   <trkpt lat="46.243273" lon="11.132469"><ele>970.0</ele></trkpt>
   <trkpt lat="46.243332" lon="11.132429"><ele>968.4</ele></trkpt>
   <trkpt lat="46.243353" lon="11.132431"><ele>968.0</ele></trkpt>
   <trkpt lat="46.243408" lon="11.132450"><ele>967.2</ele></trkpt>
   <trkpt lat="46.243514" lon="11.132398"><ele>966.0</ele></trkpt>
   <trkpt lat="46.243566" lon="11.132338"><ele>964.8</ele></trkpt>
   <trkpt lat="46.243610" lon="11.132259"><ele>963.8</ele></trkpt>
   <trkpt lat="46.243648" lon="11.132170"><ele>962.6</ele></trkpt>
   <trkpt lat="46.243673" lon="11.132102"><ele>961.6</ele></trkpt>
   <trkpt lat="46.243692" lon="11.132065"><ele>961.0</ele></trkpt>
   <trkpt lat="46.243713" lon="11.132021"><ele>960.8</ele></trkpt>
   <trkpt lat="46.243704" lon="11.131948"><ele>960.2</ele></trkpt>
   <trkpt lat="46.243528" lon="11.131877"><ele>959.2</ele></trkpt>
   <trkpt lat="46.243346" lon="11.131940"><ele>960.2</ele></trkpt>
   <trkpt lat="46.243207" lon="11.132017"><ele>961.4</ele></trkpt>
   <trkpt lat="46.243172" lon="11.132028"><ele>962.6</ele></trkpt>
   <trkpt lat="46.243149" lon="11.132017"><ele>963.4</ele></trkpt>
   <trkpt lat="46.243120" lon="11.131958"><ele>963.6</ele></trkpt>
   <trkpt lat="46.242989" lon="11.131748"><ele>965.0</ele></trkpt>
   <trkpt lat="46.242939" lon="11.131666"><ele>965.8</ele></trkpt>
   <trkpt lat="46.242906" lon="11.131634"><ele>966.2</ele></trkpt>
   <trkpt lat="46.242854" lon="11.131568"><ele>967.4</ele></trkpt>
   <trkpt lat="46.242817" lon="11.131429"><ele>968.6</ele></trkpt>
   <trkpt lat="46.242801" lon="11.131342"><ele>969.4</ele></trkpt>
   <trkpt lat="46.242772" lon="11.131324"><ele>969.6</ele></trkpt>
   <trkpt lat="46.242757" lon="11.131322"><ele>969.6</ele></trkpt>
   <trkpt lat="46.242736" lon="11.131322"><ele>969.8</ele></trkpt>
   <trkpt lat="46.242724" lon="11.131348"><ele>970.6</ele></trkpt>
   <trkpt lat="46.242718" lon="11.131360"><ele>970.8</ele></trkpt>
   <trkpt lat="46.242707" lon="11.131371"><ele>971.6</ele></trkpt>
   <trkpt lat="46.242692" lon="11.131400"><ele>972.8</ele></trkpt>
   <trkpt lat="46.242688" lon="11.131415"><ele>973.2</ele></trkpt>
   <trkpt lat="46.242673" lon="11.131450"><ele>973.6</ele></trkpt>
   <trkpt lat="46.242670" lon="11.131478"><ele>974.0</ele></trkpt>
   <trkpt lat="46.242663" lon="11.131499"><ele>974.6</ele></trkpt>
   <trkpt lat="46.242654" lon="11.131541"><ele>975.2</ele></trkpt>
   <trkpt lat="46.242662" lon="11.131610"><ele>976.4</ele></trkpt>
   <trkpt lat="46.242654" lon="11.131621"><ele>976.8</ele></trkpt>
   <trkpt lat="46.242658" lon="11.131685"><ele>977.2</ele></trkpt>
   <trkpt lat="46.242676" lon="11.131681"><ele>977.2</ele></trkpt>
   <trkpt lat="46.242681" lon="11.131690"><ele>977.4</ele></trkpt>
   <trkpt lat="46.242674" lon="11.131702"><ele>977.6</ele></trkpt>
   <trkpt lat="46.242656" lon="11.131733"><ele>978.2</ele></trkpt>
   <trkpt lat="46.242656" lon="11.131741"><ele>978.4</ele></trkpt>
   <trkpt lat="46.242653" lon="11.131779"><ele>979.0</ele></trkpt>
   <trkpt lat="46.242655" lon="11.131796"><ele>979.6</ele></trkpt>
   <trkpt lat="46.242613" lon="11.131814"><ele>980.6</ele></trkpt>
   <trkpt lat="46.242608" lon="11.131819"><ele>980.8</ele></trkpt>
   <trkpt lat="46.242575" lon="11.131821"><ele>981.4</ele></trkpt>
   <trkpt lat="46.242547" lon="11.131806"><ele>982.0</ele></trkpt>
   <trkpt lat="46.242504" lon="11.131787"><ele>983.2</ele></trkpt>
   <trkpt lat="46.242487" lon="11.131792"><ele>983.6</ele></trkpt>
   <trkpt lat="46.242456" lon="11.131771"><ele>983.8</ele></trkpt>
   <trkpt lat="46.242441" lon="11.131765"><ele>984.2</ele></trkpt>
   <trkpt lat="46.242431" lon="11.131776"><ele>984.4</ele></trkpt>
   <trkpt lat="46.242426" lon="11.131826"><ele>985.4</ele></trkpt>
   <trkpt lat="46.242421" lon="11.131860"><ele>985.6</ele></trkpt>
   <trkpt lat="46.242417" lon="11.131882"><ele>985.8</ele></trkpt>
   <trkpt lat="46.242406" lon="11.131915"><ele>986.4</ele></trkpt>
   <trkpt lat="46.242390" lon="11.131935"><ele>986.6</ele></trkpt>
   <trkpt lat="46.242353" lon="11.131975"><ele>987.2</ele></trkpt>
   <trkpt lat="46.242325" lon="11.131987"><ele>987.8</ele></trkpt>
   <trkpt lat="46.242237" lon="11.131956"><ele>988.6</ele></trkpt>
   <trkpt lat="46.242190" lon="11.131956"><ele>989.0</ele></trkpt>
   <trkpt lat="46.242097" lon="11.131901"><ele>990.2</ele></trkpt>
   <trkpt lat="46.242045" lon="11.131845"><ele>990.8</ele></trkpt>
   <trkpt lat="46.242012" lon="11.131813"><ele>991.2</ele></trkpt>
   <trkpt lat="46.241953" lon="11.131815"><ele>991.6</ele></trkpt>
   <trkpt lat="46.241905" lon="11.131796"><ele>992.2</ele></trkpt>
   <trkpt lat="46.241893" lon="11.131775"><ele>992.8</ele></trkpt>
   <trkpt lat="46.241878" lon="11.131783"><ele>993.4</ele></trkpt>
   <trkpt lat="46.241849" lon="11.131770"><ele>993.8</ele></trkpt>
   <trkpt lat="46.241809" lon="11.131748"><ele>994.2</ele></trkpt>
   <trkpt lat="46.241791" lon="11.131721"><ele>994.6</ele></trkpt>
   <trkpt lat="46.241734" lon="11.131611"><ele>995.6</ele></trkpt>
   <trkpt lat="46.241557" lon="11.131466"><ele>996.2</ele></trkpt>
   <trkpt lat="46.241448" lon="11.131395"><ele>996.4</ele></trkpt>
   <trkpt lat="46.241403" lon="11.131415"><ele>996.2</ele></trkpt>
   <trkpt lat="46.241315" lon="11.131706"><ele>995.4</ele></trkpt>
   <trkpt lat="46.241275" lon="11.131986"><ele>994.8</ele></trkpt>
   <trkpt lat="46.241112" lon="11.132086"><ele>995.2</ele></trkpt>
   <trkpt lat="46.240919" lon="11.132012"><ele>996.6</ele></trkpt>
   <trkpt lat="46.240769" lon="11.132072"><ele>996.6</ele></trkpt>
   <trkpt lat="46.240617" lon="11.132228"><ele>996.0</ele></trkpt>
   <trkpt lat="46.240431" lon="11.132358"><ele>996.2</ele></trkpt>
   <trkpt lat="46.240296" lon="11.132540"><ele>996.8</ele></trkpt>
   <trkpt lat="46.240156" lon="11.132819"><ele>996.4</ele></trkpt>
   <trkpt lat="46.240081" lon="11.133060"><ele>995.8</ele></trkpt>
   <trkpt lat="46.240016" lon="11.133227"><ele>995.2</ele></trkpt>
   <trkpt lat="46.239943" lon="11.133353"><ele>994.0</ele></trkpt>
   <trkpt lat="46.239808" lon="11.133504"><ele>992.8</ele></trkpt>
   <trkpt lat="46.239620" lon="11.133610"><ele>992.6</ele></trkpt>
   <trkpt lat="46.239436" lon="11.133695"><ele>992.4</ele></trkpt>
   <trkpt lat="46.239271" lon="11.133887"><ele>992.0</ele></trkpt>
   <trkpt lat="46.239197" lon="11.134041"><ele>992.2</ele></trkpt>
   <trkpt lat="46.239100" lon="11.134104"><ele>991.8</ele></trkpt>
   <trkpt lat="46.238934" lon="11.134246"><ele>990.8</ele></trkpt>
   <trkpt lat="46.238776" lon="11.134392"><ele>991.8</ele></trkpt>
   <trkpt lat="46.238579" lon="11.134432"><ele>991.8</ele></trkpt>
   <trkpt lat="46.238412" lon="11.134563"><ele>991.6</ele></trkpt>
   <trkpt lat="46.238250" lon="11.134709"><ele>992.4</ele></trkpt>
   <trkpt lat="46.238088" lon="11.134832"><ele>993.0</ele></trkpt>
   <trkpt lat="46.237909" lon="11.134989"><ele>993.6</ele></trkpt>
   <trkpt lat="46.237731" lon="11.135039"><ele>993.8</ele></trkpt>
   <trkpt lat="46.237711" lon="11.135039"><ele>994.0</ele></trkpt>
   <trkpt lat="46.237639" lon="11.135005"><ele>995.0</ele></trkpt>
   <trkpt lat="46.237629" lon="11.135003"><ele>995.6</ele></trkpt>
   <trkpt lat="46.237611" lon="11.135003"><ele>996.4</ele></trkpt>
   <trkpt lat="46.237594" lon="11.134992"><ele>996.8</ele></trkpt>
   <trkpt lat="46.237517" lon="11.134985"><ele>997.4</ele></trkpt>
   <trkpt lat="46.237471" lon="11.134992"><ele>997.4</ele></trkpt>
   <trkpt lat="46.237420" lon="11.134978"><ele>997.8</ele></trkpt>
   <trkpt lat="46.237371" lon="11.134982"><ele>998.4</ele></trkpt>
   <trkpt lat="46.237355" lon="11.134980"><ele>998.6</ele></trkpt>
   <trkpt lat="46.237303" lon="11.135004"><ele>999.0</ele></trkpt>
   <trkpt lat="46.237231" lon="11.135021"><ele>999.6</ele></trkpt>
   <trkpt lat="46.237029" lon="11.135010"><ele>999.6</ele></trkpt>
   <trkpt lat="46.236837" lon="11.134986"><ele>1000.0</ele></trkpt>
   <trkpt lat="46.236661" lon="11.134919"><ele>998.4</ele></trkpt>
   <trkpt lat="46.236525" lon="11.134827"><ele>998.4</ele></trkpt>
   <trkpt lat="46.236387" lon="11.134644"><ele>999.6</ele></trkpt>
   <trkpt lat="46.236243" lon="11.134456"><ele>999.8</ele></trkpt>
   <trkpt lat="46.236088" lon="11.134316"><ele>1000.2</ele></trkpt>
   <trkpt lat="46.235924" lon="11.134155"><ele>999.6</ele></trkpt>
   <trkpt lat="46.235779" lon="11.134029"><ele>998.6</ele></trkpt>
   <trkpt lat="46.235694" lon="11.133919"><ele>998.2</ele></trkpt>
   <trkpt lat="46.235613" lon="11.133838"><ele>999.8</ele></trkpt>
   <trkpt lat="46.235536" lon="11.133746"><ele>1001.0</ele></trkpt>
   <trkpt lat="46.235378" lon="11.133566"><ele>1001.2</ele></trkpt>
   <trkpt lat="46.235200" lon="11.133426"><ele>1000.4</ele></trkpt>
   <trkpt lat="46.235043" lon="11.133271"><ele>1001.0</ele></trkpt>
   <trkpt lat="46.234892" lon="11.133085"><ele>1001.6</ele></trkpt>
   <trkpt lat="46.234838" lon="11.132837"><ele>1002.0</ele></trkpt>
   <trkpt lat="46.234836" lon="11.132804"><ele>1002.0</ele></trkpt>
   <trkpt lat="46.234792" lon="11.132623"><ele>1003.2</ele></trkpt>
   <trkpt lat="46.234680" lon="11.132396"><ele>1003.0</ele></trkpt>
   <trkpt lat="46.234672" lon="11.132370"><ele>1003.0</ele></trkpt>
   <trkpt lat="46.234520" lon="11.132223"><ele>1003.2</ele></trkpt>
   <trkpt lat="46.234430" lon="11.132139"><ele>1002.0</ele></trkpt>
   <trkpt lat="46.234309" lon="11.132044"><ele>1000.8</ele></trkpt>
   <trkpt lat="46.234231" lon="11.131955"><ele>999.8</ele></trkpt>
   <trkpt lat="46.234168" lon="11.131919"><ele>998.8</ele></trkpt>
   <trkpt lat="46.234077" lon="11.131863"><ele>997.6</ele></trkpt>
   <trkpt lat="46.233991" lon="11.131797"><ele>996.6</ele></trkpt>
   <trkpt lat="46.233899" lon="11.131712"><ele>996.0</ele></trkpt>
   <trkpt lat="46.233834" lon="11.131680"><ele>995.6</ele></trkpt>
   <trkpt lat="46.233668" lon="11.131549"><ele>995.0</ele></trkpt>
   <trkpt lat="46.233538" lon="11.131451"><ele>994.6</ele></trkpt>
   <trkpt lat="46.233375" lon="11.131351"><ele>993.4</ele></trkpt>
   <trkpt lat="46.233289" lon="11.131200"><ele>992.4</ele></trkpt>
   <trkpt lat="46.233233" lon="11.131110"><ele>992.0</ele></trkpt>
   <trkpt lat="46.233113" lon="11.131036"><ele>991.2</ele></trkpt>
   <trkpt lat="46.232981" lon="11.131021"><ele>990.2</ele></trkpt>
   <trkpt lat="46.232913" lon="11.131029"><ele>989.2</ele></trkpt>
   <trkpt lat="46.232726" lon="11.130985"><ele>988.8</ele></trkpt>
   <trkpt lat="46.232659" lon="11.130919"><ele>988.8</ele></trkpt>
   <trkpt lat="46.232632" lon="11.130680"><ele>988.4</ele></trkpt>
   <trkpt lat="46.232457" lon="11.130494"><ele>988.2</ele></trkpt>
   <trkpt lat="46.232414" lon="11.130457"><ele>988.0</ele></trkpt>
   <trkpt lat="46.232214" lon="11.130319"><ele>987.2</ele></trkpt>
   <trkpt lat="46.232172" lon="11.130280"><ele>986.8</ele></trkpt>
   <trkpt lat="46.232065" lon="11.130203"><ele>985.8</ele></trkpt>
   <trkpt lat="46.231908" lon="11.130059"><ele>985.2</ele></trkpt>
   <trkpt lat="46.231861" lon="11.130015"><ele>984.8</ele></trkpt>
   <trkpt lat="46.231834" lon="11.129982"><ele>984.4</ele></trkpt>
   <trkpt lat="46.231723" lon="11.129742"><ele>985.0</ele></trkpt>
   <trkpt lat="46.231651" lon="11.129628"><ele>985.8</ele></trkpt>
   <trkpt lat="46.231534" lon="11.129444"><ele>986.6</ele></trkpt>
   <trkpt lat="46.231505" lon="11.129373"><ele>986.8</ele></trkpt>
   <trkpt lat="46.231391" lon="11.129166"><ele>986.4</ele></trkpt>
   <trkpt lat="46.231287" lon="11.128945"><ele>985.6</ele></trkpt>
   <trkpt lat="46.231141" lon="11.128751"><ele>984.8</ele></trkpt>
   <trkpt lat="46.231121" lon="11.128725"><ele>984.6</ele></trkpt>
   <trkpt lat="46.230939" lon="11.128557"><ele>983.6</ele></trkpt>
   <trkpt lat="46.230901" lon="11.128533"><ele>983.2</ele></trkpt>
   <trkpt lat="46.230804" lon="11.128463"><ele>982.2</ele></trkpt>
   <trkpt lat="46.230650" lon="11.128370"><ele>980.8</ele></trkpt>
   <trkpt lat="46.230530" lon="11.128275"><ele>979.4</ele></trkpt>
   <trkpt lat="46.230477" lon="11.128176"><ele>978.0</ele></trkpt>
   <trkpt lat="46.230481" lon="11.128050"><ele>976.6</ele></trkpt>
   <trkpt lat="46.230547" lon="11.127882"><ele>975.6</ele></trkpt>
   <trkpt lat="46.230700" lon="11.127726"><ele>975.2</ele></trkpt>
   <trkpt lat="46.230740" lon="11.127593"><ele>974.4</ele></trkpt>
   <trkpt lat="46.230719" lon="11.127332"><ele>973.8</ele></trkpt>
   <trkpt lat="46.230719" lon="11.127030"><ele>973.8</ele></trkpt>
   <trkpt lat="46.230830" lon="11.126811"><ele>974.2</ele></trkpt>
   <trkpt lat="46.230920" lon="11.126589"><ele>973.4</ele></trkpt>
   <trkpt lat="46.231012" lon="11.126400"><ele>972.6</ele></trkpt>
   <trkpt lat="46.231053" lon="11.126325"><ele>972.0</ele></trkpt>
   <trkpt lat="46.231088" lon="11.126239"><ele>970.8</ele></trkpt>
   <trkpt lat="46.231092" lon="11.126148"><ele>969.8</ele></trkpt>
   <trkpt lat="46.231068" lon="11.126064"><ele>968.2</ele></trkpt>
   <trkpt lat="46.231036" lon="11.125989"><ele>966.2</ele></trkpt>
   <trkpt lat="46.231010" lon="11.125895"><ele>964.6</ele></trkpt>
   <trkpt lat="46.230954" lon="11.125778"><ele>962.6</ele></trkpt>
   <trkpt lat="46.230925" lon="11.125685"><ele>960.8</ele></trkpt>
   <trkpt lat="46.230927" lon="11.125531"><ele>959.6</ele></trkpt>
   <trkpt lat="46.230979" lon="11.125407"><ele>958.0</ele></trkpt>
   <trkpt lat="46.231005" lon="11.125329"><ele>956.4</ele></trkpt>
   <trkpt lat="46.231019" lon="11.125227"><ele>954.8</ele></trkpt>
   <trkpt lat="46.231030" lon="11.125154"><ele>953.4</ele></trkpt>
   <trkpt lat="46.231053" lon="11.125066"><ele>952.0</ele></trkpt>
   <trkpt lat="46.231083" lon="11.124973"><ele>950.8</ele></trkpt>
   <trkpt lat="46.231105" lon="11.124881"><ele>949.8</ele></trkpt>
   <trkpt lat="46.231106" lon="11.124716"><ele>948.6</ele></trkpt>
   <trkpt lat="46.231100" lon="11.124605"><ele>947.6</ele></trkpt>
   <trkpt lat="46.231092" lon="11.124507"><ele>946.2</ele></trkpt>
   <trkpt lat="46.231079" lon="11.124417"><ele>945.2</ele></trkpt>
   <trkpt lat="46.231046" lon="11.124261"><ele>944.0</ele></trkpt>
   <trkpt lat="46.231050" lon="11.124124"><ele>942.8</ele></trkpt>
   <trkpt lat="46.231057" lon="11.124052"><ele>941.4</ele></trkpt>
   <trkpt lat="46.231098" lon="11.123974"><ele>940.0</ele></trkpt>
   <trkpt lat="46.231132" lon="11.123899"><ele>938.8</ele></trkpt>
   <trkpt lat="46.231167" lon="11.123812"><ele>937.6</ele></trkpt>
   <trkpt lat="46.231239" lon="11.123671"><ele>936.6</ele></trkpt>
   <trkpt lat="46.231347" lon="11.123544"><ele>935.6</ele></trkpt>
   <trkpt lat="46.231354" lon="11.123513"><ele>935.4</ele></trkpt>
   <trkpt lat="46.231229" lon="11.123350"><ele>935.0</ele></trkpt>
   <trkpt lat="46.231100" lon="11.123148"><ele>934.8</ele></trkpt>
   <trkpt lat="46.230921" lon="11.123005"><ele>934.6</ele></trkpt>
   <trkpt lat="46.230884" lon="11.122983"><ele>934.4</ele></trkpt>
   <trkpt lat="46.230822" lon="11.122992"><ele>933.8</ele></trkpt>
   <trkpt lat="46.230734" lon="11.123061"><ele>933.2</ele></trkpt>
   <trkpt lat="46.230582" lon="11.123295"><ele>933.2</ele></trkpt>
   <trkpt lat="46.230441" lon="11.123475"><ele>933.2</ele></trkpt>
   <trkpt lat="46.230236" lon="11.123606"><ele>932.4</ele></trkpt>
   <trkpt lat="46.230197" lon="11.123597"><ele>932.0</ele></trkpt>
   <trkpt lat="46.230141" lon="11.123572"><ele>930.6</ele></trkpt>
   <trkpt lat="46.230015" lon="11.123578"><ele>929.2</ele></trkpt>
   <trkpt lat="46.229939" lon="11.123568"><ele>927.8</ele></trkpt>
   <trkpt lat="46.229869" lon="11.123545"><ele>926.4</ele></trkpt>
   <trkpt lat="46.229796" lon="11.123534"><ele>925.0</ele></trkpt>
   <trkpt lat="46.229725" lon="11.123541"><ele>923.8</ele></trkpt>
   <trkpt lat="46.229667" lon="11.123525"><ele>922.4</ele></trkpt>
   <trkpt lat="46.229570" lon="11.123517"><ele>921.0</ele></trkpt>
   <trkpt lat="46.229429" lon="11.123521"><ele>919.6</ele></trkpt>
   <trkpt lat="46.229365" lon="11.123517"><ele>918.2</ele></trkpt>
   <trkpt lat="46.229271" lon="11.123498"><ele>917.2</ele></trkpt>
   <trkpt lat="46.229212" lon="11.123490"><ele>916.2</ele></trkpt>
   <trkpt lat="46.229095" lon="11.123459"><ele>915.0</ele></trkpt>
   <trkpt lat="46.228959" lon="11.123479"><ele>913.8</ele></trkpt>
   <trkpt lat="46.228780" lon="11.123532"><ele>912.6</ele></trkpt>
   <trkpt lat="46.228684" lon="11.123598"><ele>911.6</ele></trkpt>
   <trkpt lat="46.228525" lon="11.123565"><ele>910.2</ele></trkpt>
   <trkpt lat="46.228364" lon="11.123501"><ele>909.2</ele></trkpt>
   <trkpt lat="46.228263" lon="11.123448"><ele>907.6</ele></trkpt>
   <trkpt lat="46.228186" lon="11.123432"><ele>906.4</ele></trkpt>
   <trkpt lat="46.228077" lon="11.123391"><ele>905.0</ele></trkpt>
   <trkpt lat="46.228006" lon="11.123375"><ele>904.0</ele></trkpt>
   <trkpt lat="46.227899" lon="11.123410"><ele>902.8</ele></trkpt>
   <trkpt lat="46.227842" lon="11.123443"><ele>901.8</ele></trkpt>
   <trkpt lat="46.227745" lon="11.123486"><ele>900.2</ele></trkpt>
   <trkpt lat="46.227657" lon="11.123487"><ele>899.0</ele></trkpt>
   <trkpt lat="46.227598" lon="11.123494"><ele>898.0</ele></trkpt>
   <trkpt lat="46.227499" lon="11.123499"><ele>896.8</ele></trkpt>
   <trkpt lat="46.227355" lon="11.123456"><ele>895.6</ele></trkpt>
   <trkpt lat="46.227259" lon="11.123380"><ele>894.6</ele></trkpt>
   <trkpt lat="46.227170" lon="11.123298"><ele>893.6</ele></trkpt>
   <trkpt lat="46.227105" lon="11.123247"><ele>892.4</ele></trkpt>
   <trkpt lat="46.227042" lon="11.123188"><ele>890.8</ele></trkpt>
   <trkpt lat="46.226980" lon="11.123123"><ele>889.4</ele></trkpt>
   <trkpt lat="46.226915" lon="11.123074"><ele>888.0</ele></trkpt>
   <trkpt lat="46.226850" lon="11.123023"><ele>886.4</ele></trkpt>
   <trkpt lat="46.226792" lon="11.122977"><ele>885.4</ele></trkpt>
   <trkpt lat="46.226722" lon="11.122934"><ele>884.2</ele></trkpt>
   <trkpt lat="46.226616" lon="11.122860"><ele>883.0</ele></trkpt>
   <trkpt lat="46.226522" lon="11.122766"><ele>882.0</ele></trkpt>
   <trkpt lat="46.226416" lon="11.122642"><ele>880.8</ele></trkpt>
   <trkpt lat="46.226325" lon="11.122537"><ele>879.4</ele></trkpt>
   <trkpt lat="46.226234" lon="11.122414"><ele>878.2</ele></trkpt>
   <trkpt lat="46.226143" lon="11.122302"><ele>877.0</ele></trkpt>
   <trkpt lat="46.226026" lon="11.122163"><ele>875.6</ele></trkpt>
   <trkpt lat="46.225930" lon="11.122059"><ele>874.6</ele></trkpt>
   <trkpt lat="46.225829" lon="11.121951"><ele>873.6</ele></trkpt>
   <trkpt lat="46.225670" lon="11.121778"><ele>873.0</ele></trkpt>
   <trkpt lat="46.225605" lon="11.121653"><ele>872.6</ele></trkpt>
   <trkpt lat="46.225529" lon="11.121374"><ele>872.0</ele></trkpt>
   <trkpt lat="46.225470" lon="11.121121"><ele>872.2</ele></trkpt>
   <trkpt lat="46.225412" lon="11.120888"><ele>871.8</ele></trkpt>
   <trkpt lat="46.225286" lon="11.121003"><ele>871.6</ele></trkpt>
   <trkpt lat="46.225262" lon="11.121146"><ele>871.8</ele></trkpt>
   <trkpt lat="46.225263" lon="11.121178"><ele>872.0</ele></trkpt>
   <trkpt lat="46.225259" lon="11.121204"><ele>872.0</ele></trkpt>
   <trkpt lat="46.225227" lon="11.121462"><ele>871.8</ele></trkpt>
   <trkpt lat="46.225147" lon="11.121726"><ele>871.6</ele></trkpt>
   <trkpt lat="46.225131" lon="11.121793"><ele>871.4</ele></trkpt>
   <trkpt lat="46.225110" lon="11.122054"><ele>870.4</ele></trkpt>
   <trkpt lat="46.225083" lon="11.122340"><ele>869.4</ele></trkpt>
   <trkpt lat="46.225078" lon="11.122387"><ele>869.4</ele></trkpt>
   <trkpt lat="46.225031" lon="11.122670"><ele>868.8</ele></trkpt>
   <trkpt lat="46.225007" lon="11.122802"><ele>868.2</ele></trkpt>
   <trkpt lat="46.224851" lon="11.122946"><ele>867.8</ele></trkpt>
   <trkpt lat="46.224785" lon="11.123011"><ele>867.0</ele></trkpt>
   <trkpt lat="46.224726" lon="11.123096"><ele>865.6</ele></trkpt>
   <trkpt lat="46.224684" lon="11.123232"><ele>864.4</ele></trkpt>
   <trkpt lat="46.224691" lon="11.123503"><ele>863.6</ele></trkpt>
   <trkpt lat="46.224683" lon="11.123713"><ele>864.0</ele></trkpt>
   <trkpt lat="46.224684" lon="11.123765"><ele>864.0</ele></trkpt>
   <trkpt lat="46.224598" lon="11.124010"><ele>865.6</ele></trkpt>
   <trkpt lat="46.224588" lon="11.124090"><ele>866.8</ele></trkpt>
   <trkpt lat="46.224557" lon="11.124177"><ele>867.4</ele></trkpt>
   <trkpt lat="46.224520" lon="11.124331"><ele>867.6</ele></trkpt>
   <trkpt lat="46.224499" lon="11.124397"><ele>867.8</ele></trkpt>
   <trkpt lat="46.224502" lon="11.124442"><ele>867.8</ele></trkpt>
   <trkpt lat="46.224504" lon="11.124504"><ele>867.8</ele></trkpt>
   <trkpt lat="46.224528" lon="11.124567"><ele>867.0</ele></trkpt>
   <trkpt lat="46.224540" lon="11.124593"><ele>866.4</ele></trkpt>
   <trkpt lat="46.224545" lon="11.124620"><ele>866.0</ele></trkpt>
   <trkpt lat="46.224551" lon="11.124672"><ele>865.4</ele></trkpt>
   <trkpt lat="46.224556" lon="11.124795"><ele>864.4</ele></trkpt>
   <trkpt lat="46.224592" lon="11.124951"><ele>863.2</ele></trkpt>
   <trkpt lat="46.224596" lon="11.125051"><ele>862.6</ele></trkpt>
   <trkpt lat="46.224597" lon="11.125097"><ele>862.2</ele></trkpt>
   <trkpt lat="46.224583" lon="11.125248"><ele>861.2</ele></trkpt>
   <trkpt lat="46.224567" lon="11.125290"><ele>861.0</ele></trkpt>
   <trkpt lat="46.224451" lon="11.125535"><ele>860.2</ele></trkpt>
   <trkpt lat="46.224471" lon="11.125561"><ele>859.8</ele></trkpt>
   <trkpt lat="46.224487" lon="11.125665"><ele>858.6</ele></trkpt>
   <trkpt lat="46.224514" lon="11.125751"><ele>857.4</ele></trkpt>
   <trkpt lat="46.224523" lon="11.125778"><ele>856.8</ele></trkpt>
   <trkpt lat="46.224541" lon="11.125826"><ele>855.8</ele></trkpt>
   <trkpt lat="46.224545" lon="11.125859"><ele>855.2</ele></trkpt>
   <trkpt lat="46.224541" lon="11.125888"><ele>854.6</ele></trkpt>
   <trkpt lat="46.224529" lon="11.125906"><ele>853.8</ele></trkpt>
   <trkpt lat="46.224513" lon="11.125902"><ele>853.0</ele></trkpt>
   <trkpt lat="46.224466" lon="11.125880"><ele>851.6</ele></trkpt>
   <trkpt lat="46.224435" lon="11.125857"><ele>850.6</ele></trkpt>
   <trkpt lat="46.224433" lon="11.125871"><ele>850.0</ele></trkpt>
   <trkpt lat="46.224449" lon="11.125898"><ele>849.2</ele></trkpt>
   <trkpt lat="46.224478" lon="11.125937"><ele>848.2</ele></trkpt>
   <trkpt lat="46.224498" lon="11.125965"><ele>846.4</ele></trkpt>
   <trkpt lat="46.224503" lon="11.125986"><ele>845.0</ele></trkpt>
   <trkpt lat="46.224508" lon="11.126012"><ele>844.0</ele></trkpt>
   <trkpt lat="46.224504" lon="11.126051"><ele>843.2</ele></trkpt>
   <trkpt lat="46.224492" lon="11.126064"><ele>842.6</ele></trkpt>
   <trkpt lat="46.224459" lon="11.126064"><ele>841.4</ele></trkpt>
   <trkpt lat="46.224415" lon="11.126078"><ele>840.0</ele></trkpt>
   <trkpt lat="46.224417" lon="11.126100"><ele>837.8</ele></trkpt>
   <trkpt lat="46.224440" lon="11.126145"><ele>836.2</ele></trkpt>
   <trkpt lat="46.224447" lon="11.126204"><ele>835.0</ele></trkpt>
   <trkpt lat="46.224431" lon="11.126252"><ele>833.8</ele></trkpt>
   <trkpt lat="46.224401" lon="11.126272"><ele>832.8</ele></trkpt>
   <trkpt lat="46.224364" lon="11.126287"><ele>831.6</ele></trkpt>
   <trkpt lat="46.224352" lon="11.126285"><ele>831.4</ele></trkpt>
   <trkpt lat="46.224340" lon="11.126259"><ele>830.6</ele></trkpt>
   <trkpt lat="46.224334" lon="11.126214"><ele>829.4</ele></trkpt>
   <trkpt lat="46.224329" lon="11.126168"><ele>828.2</ele></trkpt>
   <trkpt lat="46.224319" lon="11.126160"><ele>827.2</ele></trkpt>
   <trkpt lat="46.224312" lon="11.126182"><ele>827.0</ele></trkpt>
   <trkpt lat="46.224283" lon="11.126236"><ele>826.0</ele></trkpt>
   <trkpt lat="46.224278" lon="11.126264"><ele>825.6</ele></trkpt>
   <trkpt lat="46.224269" lon="11.126286"><ele>824.8</ele></trkpt>
   <trkpt lat="46.224259" lon="11.126287"><ele>824.0</ele></trkpt>
   <trkpt lat="46.224251" lon="11.126244"><ele>822.8</ele></trkpt>
   <trkpt lat="46.224233" lon="11.126174"><ele>821.2</ele></trkpt>
   <trkpt lat="46.224230" lon="11.126088"><ele>819.6</ele></trkpt>
   <trkpt lat="46.224236" lon="11.126011"><ele>818.4</ele></trkpt>
   <trkpt lat="46.224227" lon="11.125915"><ele>817.2</ele></trkpt>
   <trkpt lat="46.224219" lon="11.125885"><ele>816.2</ele></trkpt>
   <trkpt lat="46.224203" lon="11.125919"><ele>815.0</ele></trkpt>
   <trkpt lat="46.224194" lon="11.125938"><ele>814.6</ele></trkpt>
   <trkpt lat="46.224178" lon="11.125978"><ele>813.6</ele></trkpt>
   <trkpt lat="46.224162" lon="11.126034"><ele>812.4</ele></trkpt>
   <trkpt lat="46.224140" lon="11.126083"><ele>811.2</ele></trkpt>
   <trkpt lat="46.224124" lon="11.126155"><ele>810.0</ele></trkpt>
   <trkpt lat="46.224108" lon="11.126186"><ele>808.2</ele></trkpt>
   <trkpt lat="46.224091" lon="11.126225"><ele>806.8</ele></trkpt>
   <trkpt lat="46.224071" lon="11.126264"><ele>805.4</ele></trkpt>
   <trkpt lat="46.224047" lon="11.126301"><ele>803.8</ele></trkpt>
   <trkpt lat="46.224017" lon="11.126342"><ele>802.4</ele></trkpt>
   <trkpt lat="46.223947" lon="11.126426"><ele>800.8</ele></trkpt>
   <trkpt lat="46.223894" lon="11.126484"><ele>798.8</ele></trkpt>
   <trkpt lat="46.223830" lon="11.126516"><ele>797.2</ele></trkpt>
   <trkpt lat="46.223737" lon="11.126566"><ele>796.2</ele></trkpt>
   <trkpt lat="46.223663" lon="11.126635"><ele>794.8</ele></trkpt>
   <trkpt lat="46.223624" lon="11.126740"><ele>793.6</ele></trkpt>
   <trkpt lat="46.223611" lon="11.126836"><ele>793.0</ele></trkpt>
   <trkpt lat="46.223548" lon="11.126861"><ele>792.4</ele></trkpt>
   <trkpt lat="46.223477" lon="11.126856"><ele>791.2</ele></trkpt>
   <trkpt lat="46.223425" lon="11.126882"><ele>790.4</ele></trkpt>
   <trkpt lat="46.223400" lon="11.126911"><ele>789.8</ele></trkpt>
   <trkpt lat="46.223356" lon="11.126937"><ele>788.2</ele></trkpt>
   <trkpt lat="46.223319" lon="11.126967"><ele>787.0</ele></trkpt>
   <trkpt lat="46.223295" lon="11.126975"><ele>786.6</ele></trkpt>
   <trkpt lat="46.223276" lon="11.126966"><ele>786.0</ele></trkpt>
   <trkpt lat="46.223221" lon="11.126905"><ele>784.6</ele></trkpt>
   <trkpt lat="46.223209" lon="11.126905"><ele>784.0</ele></trkpt>
   <trkpt lat="46.223201" lon="11.126930"><ele>783.2</ele></trkpt>
   <trkpt lat="46.223179" lon="11.126976"><ele>781.8</ele></trkpt>
   <trkpt lat="46.223132" lon="11.127024"><ele>780.8</ele></trkpt>
   <trkpt lat="46.223105" lon="11.127066"><ele>779.8</ele></trkpt>
   <trkpt lat="46.223090" lon="11.127153"><ele>778.4</ele></trkpt>
   <trkpt lat="46.223094" lon="11.127203"><ele>777.6</ele></trkpt>
   <trkpt lat="46.223109" lon="11.127211"><ele>777.0</ele></trkpt>
   <trkpt lat="46.223127" lon="11.127209"><ele>776.4</ele></trkpt>
   <trkpt lat="46.223140" lon="11.127204"><ele>775.8</ele></trkpt>
   <trkpt lat="46.223202" lon="11.127196"><ele>774.4</ele></trkpt>
   <trkpt lat="46.223204" lon="11.127207"><ele>774.0</ele></trkpt>
   <trkpt lat="46.223201" lon="11.127225"><ele>773.4</ele></trkpt>
   <trkpt lat="46.223187" lon="11.127271"><ele>772.0</ele></trkpt>
   <trkpt lat="46.223172" lon="11.127316"><ele>770.4</ele></trkpt>
   <trkpt lat="46.223115" lon="11.127497"><ele>769.4</ele></trkpt>
   <trkpt lat="46.223075" lon="11.127522"><ele>769.4</ele></trkpt>
   <trkpt lat="46.222960" lon="11.127442"><ele>767.8</ele></trkpt>
   <trkpt lat="46.222922" lon="11.127416"><ele>766.8</ele></trkpt>
   <trkpt lat="46.222893" lon="11.127413"><ele>765.6</ele></trkpt>
   <trkpt lat="46.222888" lon="11.127430"><ele>765.0</ele></trkpt>
   <trkpt lat="46.222886" lon="11.127459"><ele>764.4</ele></trkpt>
   <trkpt lat="46.222912" lon="11.127517"><ele>763.4</ele></trkpt>
   <trkpt lat="46.222929" lon="11.127544"><ele>762.0</ele></trkpt>
   <trkpt lat="46.222939" lon="11.127572"><ele>760.8</ele></trkpt>
   <trkpt lat="46.222925" lon="11.127573"><ele>759.2</ele></trkpt>
   <trkpt lat="46.222914" lon="11.127564"><ele>758.6</ele></trkpt>
   <trkpt lat="46.222904" lon="11.127547"><ele>757.8</ele></trkpt>
   <trkpt lat="46.222878" lon="11.127504"><ele>756.4</ele></trkpt>
   <trkpt lat="46.222844" lon="11.127453"><ele>755.0</ele></trkpt>
   <trkpt lat="46.222773" lon="11.127384"><ele>754.0</ele></trkpt>
   <trkpt lat="46.222759" lon="11.127376"><ele>753.8</ele></trkpt>
   <trkpt lat="46.222739" lon="11.127395"><ele>752.2</ele></trkpt>
   <trkpt lat="46.222743" lon="11.127410"><ele>751.2</ele></trkpt>
   <trkpt lat="46.222753" lon="11.127449"><ele>749.8</ele></trkpt>
   <trkpt lat="46.222758" lon="11.127535"><ele>748.4</ele></trkpt>
   <trkpt lat="46.222763" lon="11.127560"><ele>747.8</ele></trkpt>
   <trkpt lat="46.222770" lon="11.127588"><ele>747.4</ele></trkpt>
   <trkpt lat="46.222773" lon="11.127633"><ele>746.4</ele></trkpt>
   <trkpt lat="46.222776" lon="11.127651"><ele>746.0</ele></trkpt>
   <trkpt lat="46.222783" lon="11.127690"><ele>745.0</ele></trkpt>
   <trkpt lat="46.222786" lon="11.127711"><ele>744.2</ele></trkpt>
   <trkpt lat="46.222790" lon="11.127733"><ele>743.2</ele></trkpt>
   <trkpt lat="46.222805" lon="11.127773"><ele>741.6</ele></trkpt>
   <trkpt lat="46.222829" lon="11.127826"><ele>740.4</ele></trkpt>
   <trkpt lat="46.222866" lon="11.127884"><ele>739.0</ele></trkpt>
   <trkpt lat="46.222888" lon="11.127918"><ele>737.6</ele></trkpt>
   <trkpt lat="46.222930" lon="11.127966"><ele>736.2</ele></trkpt>
   <trkpt lat="46.222972" lon="11.128006"><ele>734.6</ele></trkpt>
   <trkpt lat="46.223025" lon="11.128045"><ele>733.2</ele></trkpt>
   <trkpt lat="46.223077" lon="11.128077"><ele>731.8</ele></trkpt>
   <trkpt lat="46.223097" lon="11.128097"><ele>730.8</ele></trkpt>
   <trkpt lat="46.223110" lon="11.128123"><ele>730.4</ele></trkpt>
   <trkpt lat="46.223135" lon="11.128180"><ele>729.2</ele></trkpt>
   <trkpt lat="46.223175" lon="11.128228"><ele>728.0</ele></trkpt>
   <trkpt lat="46.223211" lon="11.128286"><ele>726.8</ele></trkpt>
   <trkpt lat="46.223221" lon="11.128288"><ele>726.4</ele></trkpt>
   <trkpt lat="46.223250" lon="11.128283"><ele>725.6</ele></trkpt>
   <trkpt lat="46.223284" lon="11.128303"><ele>724.6</ele></trkpt>
   <trkpt lat="46.223267" lon="11.128342"><ele>723.4</ele></trkpt>
   <trkpt lat="46.223241" lon="11.128376"><ele>722.2</ele></trkpt>
   <trkpt lat="46.223181" lon="11.128408"><ele>721.0</ele></trkpt>
   <trkpt lat="46.223125" lon="11.128409"><ele>719.4</ele></trkpt>
   <trkpt lat="46.223098" lon="11.128378"><ele>718.4</ele></trkpt>
   <trkpt lat="46.223067" lon="11.128346"><ele>717.2</ele></trkpt>
   <trkpt lat="46.223021" lon="11.128315"><ele>715.6</ele></trkpt>
   <trkpt lat="46.222995" lon="11.128306"><ele>714.2</ele></trkpt>
   <trkpt lat="46.222961" lon="11.128311"><ele>713.0</ele></trkpt>
   <trkpt lat="46.222941" lon="11.128308"><ele>712.2</ele></trkpt>
   <trkpt lat="46.222920" lon="11.128308"><ele>711.4</ele></trkpt>
   <trkpt lat="46.222883" lon="11.128320"><ele>710.4</ele></trkpt>
   <trkpt lat="46.222865" lon="11.128341"><ele>710.2</ele></trkpt>
   <trkpt lat="46.222825" lon="11.128375"><ele>709.2</ele></trkpt>
   <trkpt lat="46.222787" lon="11.128395"><ele>707.6</ele></trkpt>
   <trkpt lat="46.222761" lon="11.128423"><ele>706.4</ele></trkpt>
   <trkpt lat="46.222791" lon="11.128438"><ele>705.0</ele></trkpt>
   <trkpt lat="46.222811" lon="11.128452"><ele>703.6</ele></trkpt>
   <trkpt lat="46.222839" lon="11.128464"><ele>702.6</ele></trkpt>
   <trkpt lat="46.222879" lon="11.128468"><ele>701.4</ele></trkpt>
   <trkpt lat="46.222922" lon="11.128465"><ele>700.0</ele></trkpt>
   <trkpt lat="46.222939" lon="11.128473"><ele>699.2</ele></trkpt>
   <trkpt lat="46.222954" lon="11.128483"><ele>698.8</ele></trkpt>
   <trkpt lat="46.222988" lon="11.128504"><ele>697.6</ele></trkpt>
   <trkpt lat="46.223012" lon="11.128523"><ele>696.6</ele></trkpt>
   <trkpt lat="46.223026" lon="11.128543"><ele>695.4</ele></trkpt>
   <trkpt lat="46.223049" lon="11.128578"><ele>694.2</ele></trkpt>
   <trkpt lat="46.223064" lon="11.128605"><ele>693.6</ele></trkpt>
   <trkpt lat="46.223082" lon="11.128632"><ele>693.2</ele></trkpt>
   <trkpt lat="46.223109" lon="11.128691"><ele>691.8</ele></trkpt>
   <trkpt lat="46.223128" lon="11.128716"><ele>690.0</ele></trkpt>
   <trkpt lat="46.223150" lon="11.128728"><ele>688.8</ele></trkpt>
   <trkpt lat="46.223159" lon="11.128742"><ele>688.2</ele></trkpt>
   <trkpt lat="46.223165" lon="11.128780"><ele>687.8</ele></trkpt>
   <trkpt lat="46.223159" lon="11.128802"><ele>687.2</ele></trkpt>
   <trkpt lat="46.223148" lon="11.128808"><ele>686.6</ele></trkpt>
   <trkpt lat="46.223122" lon="11.128835"><ele>685.2</ele></trkpt>
   <trkpt lat="46.223127" lon="11.128853"><ele>684.4</ele></trkpt>
   <trkpt lat="46.223137" lon="11.128859"><ele>683.6</ele></trkpt>
   <trkpt lat="46.223131" lon="11.128887"><ele>682.0</ele></trkpt>
   <trkpt lat="46.223113" lon="11.128893"><ele>681.6</ele></trkpt>
   <trkpt lat="46.223095" lon="11.128890"><ele>681.0</ele></trkpt>
   <trkpt lat="46.223078" lon="11.128881"><ele>680.6</ele></trkpt>
   <trkpt lat="46.223028" lon="11.128852"><ele>679.4</ele></trkpt>
   <trkpt lat="46.223000" lon="11.128822"><ele>678.2</ele></trkpt>
   <trkpt lat="46.222989" lon="11.128820"><ele>677.6</ele></trkpt>
   <trkpt lat="46.222982" lon="11.128819"><ele>677.0</ele></trkpt>
   <trkpt lat="46.222954" lon="11.128811"><ele>675.8</ele></trkpt>
   <trkpt lat="46.222923" lon="11.128778"><ele>674.0</ele></trkpt>
   <trkpt lat="46.222900" lon="11.128710"><ele>673.0</ele></trkpt>
   <trkpt lat="46.222900" lon="11.128672"><ele>672.2</ele></trkpt>
   <trkpt lat="46.222896" lon="11.128654"><ele>671.6</ele></trkpt>
   <trkpt lat="46.222889" lon="11.128642"><ele>670.8</ele></trkpt>
   <trkpt lat="46.222883" lon="11.128640"><ele>670.0</ele></trkpt>
   <trkpt lat="46.222881" lon="11.128694"><ele>668.8</ele></trkpt>
   <trkpt lat="46.222880" lon="11.128772"><ele>667.8</ele></trkpt>
   <trkpt lat="46.222888" lon="11.128784"><ele>667.4</ele></trkpt>
   <trkpt lat="46.222884" lon="11.128833"><ele>666.6</ele></trkpt>
   <trkpt lat="46.222850" lon="11.128821"><ele>664.8</ele></trkpt>
   <trkpt lat="46.222827" lon="11.128786"><ele>663.0</ele></trkpt>
   <trkpt lat="46.222816" lon="11.128739"><ele>661.6</ele></trkpt>
   <trkpt lat="46.222802" lon="11.128673"><ele>660.4</ele></trkpt>
   <trkpt lat="46.222792" lon="11.128662"><ele>660.0</ele></trkpt>
   <trkpt lat="46.222758" lon="11.128676"><ele>658.8</ele></trkpt>
   <trkpt lat="46.222748" lon="11.128687"><ele>658.2</ele></trkpt>
   <trkpt lat="46.222740" lon="11.128701"><ele>657.8</ele></trkpt>
   <trkpt lat="46.222734" lon="11.128724"><ele>657.2</ele></trkpt>
   <trkpt lat="46.222737" lon="11.128744"><ele>656.6</ele></trkpt>
   <trkpt lat="46.222735" lon="11.128785"><ele>655.4</ele></trkpt>
   <trkpt lat="46.222741" lon="11.128808"><ele>654.8</ele></trkpt>
   <trkpt lat="46.222750" lon="11.128829"><ele>654.2</ele></trkpt>
   <trkpt lat="46.222760" lon="11.128867"><ele>652.8</ele></trkpt>
   <trkpt lat="46.222731" lon="11.128896"><ele>651.4</ele></trkpt>
   <trkpt lat="46.222666" lon="11.128907"><ele>650.2</ele></trkpt>
   <trkpt lat="46.222624" lon="11.128848"><ele>648.6</ele></trkpt>
   <trkpt lat="46.222608" lon="11.128778"><ele>647.6</ele></trkpt>
   <trkpt lat="46.222582" lon="11.128687"><ele>646.2</ele></trkpt>
   <trkpt lat="46.222580" lon="11.128665"><ele>645.8</ele></trkpt>
   <trkpt lat="46.222601" lon="11.128638"><ele>644.6</ele></trkpt>
   <trkpt lat="46.222622" lon="11.128606"><ele>643.4</ele></trkpt>
   <trkpt lat="46.222641" lon="11.128552"><ele>642.4</ele></trkpt>
   <trkpt lat="46.222634" lon="11.128542"><ele>642.0</ele></trkpt>
   <trkpt lat="46.222601" lon="11.128553"><ele>640.8</ele></trkpt>
   <trkpt lat="46.222563" lon="11.128562"><ele>639.6</ele></trkpt>
   <trkpt lat="46.222532" lon="11.128576"><ele>638.4</ele></trkpt>
   <trkpt lat="46.222505" lon="11.128599"><ele>637.2</ele></trkpt>
   <trkpt lat="46.222490" lon="11.128605"><ele>636.8</ele></trkpt>
   <trkpt lat="46.222461" lon="11.128604"><ele>635.8</ele></trkpt>
   <trkpt lat="46.222455" lon="11.128565"><ele>634.8</ele></trkpt>
   <trkpt lat="46.222461" lon="11.128538"><ele>634.2</ele></trkpt>
   <trkpt lat="46.222468" lon="11.128513"><ele>633.6</ele></trkpt>
   <trkpt lat="46.222492" lon="11.128466"><ele>632.4</ele></trkpt>
   <trkpt lat="46.222526" lon="11.128395"><ele>631.4</ele></trkpt>
   <trkpt lat="46.222530" lon="11.128374"><ele>630.8</ele></trkpt>
   <trkpt lat="46.222526" lon="11.128353"><ele>630.4</ele></trkpt>
   <trkpt lat="46.222518" lon="11.128270"><ele>629.0</ele></trkpt>
   <trkpt lat="46.222531" lon="11.128218"><ele>627.8</ele></trkpt>
   <trkpt lat="46.222533" lon="11.128179"><ele>626.8</ele></trkpt>
   <trkpt lat="46.222521" lon="11.128166"><ele>626.4</ele></trkpt>
   <trkpt lat="46.222478" lon="11.128152"><ele>625.6</ele></trkpt>
   <trkpt lat="46.222470" lon="11.128118"><ele>624.4</ele></trkpt>
   <trkpt lat="46.222464" lon="11.128081"><ele>623.4</ele></trkpt>
   <trkpt lat="46.222457" lon="11.128058"><ele>622.8</ele></trkpt>
   <trkpt lat="46.222458" lon="11.128016"><ele>621.4</ele></trkpt>
   <trkpt lat="46.222473" lon="11.127975"><ele>620.4</ele></trkpt>
   <trkpt lat="46.222485" lon="11.127935"><ele>618.8</ele></trkpt>
   <trkpt lat="46.222477" lon="11.127920"><ele>618.0</ele></trkpt>
   <trkpt lat="46.222456" lon="11.127916"><ele>617.6</ele></trkpt>
   <trkpt lat="46.222429" lon="11.127908"><ele>616.4</ele></trkpt>
   <trkpt lat="46.222414" lon="11.127892"><ele>615.4</ele></trkpt>
   <trkpt lat="46.222420" lon="11.127827"><ele>614.2</ele></trkpt>
   <trkpt lat="46.222410" lon="11.127773"><ele>613.2</ele></trkpt>
   <trkpt lat="46.222411" lon="11.127746"><ele>612.6</ele></trkpt>
   <trkpt lat="46.222415" lon="11.127722"><ele>612.0</ele></trkpt>
   <trkpt lat="46.222430" lon="11.127669"><ele>610.8</ele></trkpt>
   <trkpt lat="46.222447" lon="11.127611"><ele>609.8</ele></trkpt>
   <trkpt lat="46.222455" lon="11.127532"><ele>608.4</ele></trkpt>
   <trkpt lat="46.222462" lon="11.127476"><ele>607.0</ele></trkpt>
   <trkpt lat="46.222482" lon="11.127440"><ele>605.6</ele></trkpt>
   <trkpt lat="46.222488" lon="11.127417"><ele>605.0</ele></trkpt>
   <trkpt lat="46.222491" lon="11.127370"><ele>604.0</ele></trkpt>
   <trkpt lat="46.222499" lon="11.127316"><ele>602.6</ele></trkpt>
   <trkpt lat="46.222472" lon="11.127353"><ele>601.4</ele></trkpt>
   <trkpt lat="46.222449" lon="11.127393"><ele>600.2</ele></trkpt>
   <trkpt lat="46.222410" lon="11.127423"><ele>599.0</ele></trkpt>
   <trkpt lat="46.222337" lon="11.127432"><ele>597.8</ele></trkpt>
   <trkpt lat="46.222318" lon="11.127404"><ele>596.4</ele></trkpt>
   <trkpt lat="46.222315" lon="11.127379"><ele>595.8</ele></trkpt>
   <trkpt lat="46.222314" lon="11.127329"><ele>595.0</ele></trkpt>
   <trkpt lat="46.222329" lon="11.127262"><ele>593.6</ele></trkpt>
   <trkpt lat="46.222315" lon="11.127228"><ele>592.0</ele></trkpt>
   <trkpt lat="46.222277" lon="11.127228"><ele>590.6</ele></trkpt>
   <trkpt lat="46.222263" lon="11.127240"><ele>590.2</ele></trkpt>
   <trkpt lat="46.222240" lon="11.127272"><ele>589.2</ele></trkpt>
   <trkpt lat="46.222231" lon="11.127291"><ele>588.6</ele></trkpt>
   <trkpt lat="46.222226" lon="11.127305"><ele>588.2</ele></trkpt>
   <trkpt lat="46.222192" lon="11.127353"><ele>586.8</ele></trkpt>
   <trkpt lat="46.222170" lon="11.127384"><ele>586.0</ele></trkpt>
   <trkpt lat="46.222156" lon="11.127410"><ele>585.6</ele></trkpt>
   <trkpt lat="46.222119" lon="11.127476"><ele>584.0</ele></trkpt>
   <trkpt lat="46.222099" lon="11.127504"><ele>583.0</ele></trkpt>
   <trkpt lat="46.222069" lon="11.127510"><ele>581.6</ele></trkpt>
   <trkpt lat="46.222068" lon="11.127478"><ele>580.4</ele></trkpt>
   <trkpt lat="46.222066" lon="11.127412"><ele>579.0</ele></trkpt>
   <trkpt lat="46.222085" lon="11.127337"><ele>577.8</ele></trkpt>
   <trkpt lat="46.222111" lon="11.127234"><ele>576.6</ele></trkpt>
   <trkpt lat="46.222110" lon="11.127222"><ele>576.0</ele></trkpt>
   <trkpt lat="46.222099" lon="11.127220"><ele>575.4</ele></trkpt>
   <trkpt lat="46.222074" lon="11.127230"><ele>574.6</ele></trkpt>
   <trkpt lat="46.222067" lon="11.127242"><ele>574.2</ele></trkpt>
   <trkpt lat="46.222054" lon="11.127252"><ele>573.6</ele></trkpt>
   <trkpt lat="46.222037" lon="11.127253"><ele>573.0</ele></trkpt>
   <trkpt lat="46.222021" lon="11.127256"><ele>572.4</ele></trkpt>
   <trkpt lat="46.222010" lon="11.127263"><ele>571.8</ele></trkpt>
   <trkpt lat="46.222008" lon="11.127268"><ele>571.4</ele></trkpt>
   <trkpt lat="46.221999" lon="11.127282"><ele>570.6</ele></trkpt>
   <trkpt lat="46.221989" lon="11.127317"><ele>569.4</ele></trkpt>
   <trkpt lat="46.221980" lon="11.127380"><ele>568.0</ele></trkpt>
   <trkpt lat="46.221977" lon="11.127425"><ele>566.8</ele></trkpt>
   <trkpt lat="46.221970" lon="11.127445"><ele>566.2</ele></trkpt>
   <trkpt lat="46.221961" lon="11.127464"><ele>565.6</ele></trkpt>
   <trkpt lat="46.221953" lon="11.127497"><ele>564.0</ele></trkpt>
   <trkpt lat="46.221948" lon="11.127538"><ele>563.0</ele></trkpt>
   <trkpt lat="46.221941" lon="11.127557"><ele>562.4</ele></trkpt>
   <trkpt lat="46.221936" lon="11.127573"><ele>561.8</ele></trkpt>
   <trkpt lat="46.221921" lon="11.127608"><ele>560.8</ele></trkpt>
   <trkpt lat="46.221914" lon="11.127645"><ele>559.6</ele></trkpt>
   <trkpt lat="46.221900" lon="11.127675"><ele>558.0</ele></trkpt>
   <trkpt lat="46.221878" lon="11.127710"><ele>556.8</ele></trkpt>
   <trkpt lat="46.221849" lon="11.127701"><ele>555.2</ele></trkpt>
   <trkpt lat="46.221837" lon="11.127672"><ele>553.6</ele></trkpt>
   <trkpt lat="46.221827" lon="11.127639"><ele>552.4</ele></trkpt>
   <trkpt lat="46.221816" lon="11.127629"><ele>551.8</ele></trkpt>
   <trkpt lat="46.221795" lon="11.127606"><ele>551.0</ele></trkpt>
   <trkpt lat="46.221786" lon="11.127572"><ele>549.6</ele></trkpt>
   <trkpt lat="46.221774" lon="11.127536"><ele>548.2</ele></trkpt>
   <trkpt lat="46.221761" lon="11.127489"><ele>547.2</ele></trkpt>
   <trkpt lat="46.221762" lon="11.127432"><ele>545.6</ele></trkpt>
   <trkpt lat="46.221757" lon="11.127377"><ele>544.4</ele></trkpt>
   <trkpt lat="46.221756" lon="11.127291"><ele>542.8</ele></trkpt>
   <trkpt lat="46.221764" lon="11.127234"><ele>541.2</ele></trkpt>
   <trkpt lat="46.221757" lon="11.127134"><ele>539.8</ele></trkpt>
   <trkpt lat="46.221750" lon="11.127070"><ele>538.4</ele></trkpt>
   <trkpt lat="46.221737" lon="11.127018"><ele>537.2</ele></trkpt>
   <trkpt lat="46.221719" lon="11.126967"><ele>536.0</ele></trkpt>
   <trkpt lat="46.221699" lon="11.126911"><ele>534.4</ele></trkpt>
   <trkpt lat="46.221692" lon="11.126870"><ele>533.2</ele></trkpt>
   <trkpt lat="46.221682" lon="11.126828"><ele>532.2</ele></trkpt>
   <trkpt lat="46.221654" lon="11.126791"><ele>530.6</ele></trkpt>
   <trkpt lat="46.221643" lon="11.126774"><ele>529.8</ele></trkpt>
   <trkpt lat="46.221639" lon="11.126748"><ele>529.4</ele></trkpt>
   <trkpt lat="46.221623" lon="11.126698"><ele>528.2</ele></trkpt>
   <trkpt lat="46.221623" lon="11.126643"><ele>527.0</ele></trkpt>
   <trkpt lat="46.221632" lon="11.126599"><ele>525.0</ele></trkpt>
   <trkpt lat="46.221636" lon="11.126553"><ele>523.8</ele></trkpt>
   <trkpt lat="46.221651" lon="11.126517"><ele>522.8</ele></trkpt>
   <trkpt lat="46.221646" lon="11.126472"><ele>522.0</ele></trkpt>
   <trkpt lat="46.221630" lon="11.126453"><ele>521.4</ele></trkpt>
   <trkpt lat="46.221593" lon="11.126422"><ele>520.2</ele></trkpt>
   <trkpt lat="46.221590" lon="11.126388"><ele>518.8</ele></trkpt>
   <trkpt lat="46.221612" lon="11.126360"><ele>517.6</ele></trkpt>
   <trkpt lat="46.221635" lon="11.126307"><ele>516.6</ele></trkpt>
   <trkpt lat="46.221663" lon="11.126263"><ele>515.6</ele></trkpt>
   <trkpt lat="46.221674" lon="11.126233"><ele>515.0</ele></trkpt>
   <trkpt lat="46.221690" lon="11.126163"><ele>513.4</ele></trkpt>
   <trkpt lat="46.221703" lon="11.126089"><ele>512.2</ele></trkpt>
   <trkpt lat="46.221732" lon="11.125996"><ele>511.0</ele></trkpt>
   <trkpt lat="46.221767" lon="11.125898"><ele>509.6</ele></trkpt>
   <trkpt lat="46.221766" lon="11.125828"><ele>508.4</ele></trkpt>
   <trkpt lat="46.221764" lon="11.125724"><ele>507.0</ele></trkpt>
   <trkpt lat="46.221752" lon="11.125682"><ele>506.0</ele></trkpt>
   <trkpt lat="46.221744" lon="11.125680"><ele>505.4</ele></trkpt>
   <trkpt lat="46.221727" lon="11.125712"><ele>504.2</ele></trkpt>
   <trkpt lat="46.221725" lon="11.125726"><ele>503.6</ele></trkpt>
   <trkpt lat="46.221720" lon="11.125754"><ele>502.6</ele></trkpt>
   <trkpt lat="46.221699" lon="11.125784"><ele>501.4</ele></trkpt>
   <trkpt lat="46.221668" lon="11.125739"><ele>500.2</ele></trkpt>
   <trkpt lat="46.221658" lon="11.125695"><ele>499.0</ele></trkpt>
   <trkpt lat="46.221648" lon="11.125649"><ele>497.6</ele></trkpt>
   <trkpt lat="46.221633" lon="11.125606"><ele>496.6</ele></trkpt>
   <trkpt lat="46.221632" lon="11.125562"><ele>495.4</ele></trkpt>
   <trkpt lat="46.221645" lon="11.125514"><ele>494.0</ele></trkpt>
   <trkpt lat="46.221662" lon="11.125460"><ele>492.8</ele></trkpt>
   <trkpt lat="46.221711" lon="11.125382"><ele>491.8</ele></trkpt>
   <trkpt lat="46.221755" lon="11.125323"><ele>490.6</ele></trkpt>
   <trkpt lat="46.221765" lon="11.125306"><ele>490.2</ele></trkpt>
   <trkpt lat="46.221758" lon="11.125248"><ele>489.2</ele></trkpt>
   <trkpt lat="46.221750" lon="11.125237"><ele>488.6</ele></trkpt>
   <trkpt lat="46.221737" lon="11.125238"><ele>488.0</ele></trkpt>
   <trkpt lat="46.221721" lon="11.125244"><ele>487.4</ele></trkpt>
   <trkpt lat="46.221704" lon="11.125254"><ele>486.8</ele></trkpt>
   <trkpt lat="46.221644" lon="11.125275"><ele>485.4</ele></trkpt>
   <trkpt lat="46.221601" lon="11.125291"><ele>484.4</ele></trkpt>
   <trkpt lat="46.221552" lon="11.125298"><ele>483.0</ele></trkpt>
   <trkpt lat="46.221480" lon="11.125307"><ele>481.8</ele></trkpt>
   <trkpt lat="46.221462" lon="11.125320"><ele>481.4</ele></trkpt>
   <trkpt lat="46.221445" lon="11.125334"><ele>480.8</ele></trkpt>
   <trkpt lat="46.221411" lon="11.125366"><ele>479.2</ele></trkpt>
   <trkpt lat="46.221385" lon="11.125411"><ele>478.0</ele></trkpt>
   <trkpt lat="46.221344" lon="11.125443"><ele>476.6</ele></trkpt>
   <trkpt lat="46.221350" lon="11.125380"><ele>475.0</ele></trkpt>
   <trkpt lat="46.221376" lon="11.125302"><ele>473.4</ele></trkpt>
   <trkpt lat="46.221380" lon="11.125250"><ele>472.0</ele></trkpt>
   <trkpt lat="46.221386" lon="11.125224"><ele>471.4</ele></trkpt>
   <trkpt lat="46.221401" lon="11.125197"><ele>470.6</ele></trkpt>
   <trkpt lat="46.221433" lon="11.125153"><ele>469.6</ele></trkpt>
   <trkpt lat="46.221466" lon="11.125072"><ele>468.2</ele></trkpt>
   <trkpt lat="46.221505" lon="11.124996"><ele>466.8</ele></trkpt>
   <trkpt lat="46.221506" lon="11.124911"><ele>465.6</ele></trkpt>
   <trkpt lat="46.221518" lon="11.124822"><ele>464.2</ele></trkpt>
   <trkpt lat="46.221517" lon="11.124760"><ele>463.0</ele></trkpt>
   <trkpt lat="46.221514" lon="11.124733"><ele>462.6</ele></trkpt>
   <trkpt lat="46.221498" lon="11.124696"><ele>461.8</ele></trkpt>
   <trkpt lat="46.221459" lon="11.124639"><ele>460.4</ele></trkpt>
   <trkpt lat="46.221418" lon="11.124549"><ele>459.0</ele></trkpt>
   <trkpt lat="46.221424" lon="11.124491"><ele>458.0</ele></trkpt>
   <trkpt lat="46.221441" lon="11.124467"><ele>457.4</ele></trkpt>
   <trkpt lat="46.221474" lon="11.124426"><ele>456.2</ele></trkpt>
   <trkpt lat="46.221503" lon="11.124350"><ele>454.8</ele></trkpt>
   <trkpt lat="46.221516" lon="11.124332"><ele>454.0</ele></trkpt>
   <trkpt lat="46.221528" lon="11.124313"><ele>453.6</ele></trkpt>
   <trkpt lat="46.221549" lon="11.124243"><ele>452.2</ele></trkpt>
   <trkpt lat="46.221544" lon="11.124194"><ele>451.0</ele></trkpt>
   <trkpt lat="46.221563" lon="11.124131"><ele>449.8</ele></trkpt>
   <trkpt lat="46.221564" lon="11.124074"><ele>448.8</ele></trkpt>
   <trkpt lat="46.221564" lon="11.124024"><ele>447.6</ele></trkpt>
   <trkpt lat="46.221588" lon="11.123948"><ele>446.4</ele></trkpt>
   <trkpt lat="46.221616" lon="11.123891"><ele>445.2</ele></trkpt>
   <trkpt lat="46.221617" lon="11.123845"><ele>443.8</ele></trkpt>
   <trkpt lat="46.221592" lon="11.123797"><ele>442.6</ele></trkpt>
   <trkpt lat="46.221577" lon="11.123774"><ele>442.2</ele></trkpt>
   <trkpt lat="46.221579" lon="11.123741"><ele>441.6</ele></trkpt>
   <trkpt lat="46.221595" lon="11.123633"><ele>440.2</ele></trkpt>
   <trkpt lat="46.221598" lon="11.123606"><ele>439.8</ele></trkpt>
   <trkpt lat="46.221619" lon="11.123519"><ele>438.8</ele></trkpt>
   <trkpt lat="46.221604" lon="11.123437"><ele>437.4</ele></trkpt>
   <trkpt lat="46.221632" lon="11.123341"><ele>436.0</ele></trkpt>
   <trkpt lat="46.221682" lon="11.123278"><ele>434.8</ele></trkpt>
   <trkpt lat="46.221709" lon="11.123239"><ele>433.8</ele></trkpt>
   <trkpt lat="46.221719" lon="11.123197"><ele>432.2</ele></trkpt>
   <trkpt lat="46.221705" lon="11.123172"><ele>431.0</ele></trkpt>
   <trkpt lat="46.221652" lon="11.123180"><ele>430.0</ele></trkpt>
   <trkpt lat="46.221611" lon="11.123182"><ele>428.8</ele></trkpt>
   <trkpt lat="46.221549" lon="11.123182"><ele>427.6</ele></trkpt>
   <trkpt lat="46.221499" lon="11.123202"><ele>426.4</ele></trkpt>
   <trkpt lat="46.221456" lon="11.123219"><ele>425.0</ele></trkpt>
   <trkpt lat="46.221430" lon="11.123251"><ele>423.8</ele></trkpt>
   <trkpt lat="46.221381" lon="11.123274"><ele>422.6</ele></trkpt>
   <trkpt lat="46.221348" lon="11.123247"><ele>421.2</ele></trkpt>
   <trkpt lat="46.221342" lon="11.123227"><ele>420.6</ele></trkpt>
   <trkpt lat="46.221344" lon="11.123212"><ele>420.0</ele></trkpt>
   <trkpt lat="46.221366" lon="11.123150"><ele>418.8</ele></trkpt>
   <trkpt lat="46.221407" lon="11.123095"><ele>417.6</ele></trkpt>
   <trkpt lat="46.221418" lon="11.123087"><ele>417.0</ele></trkpt>
   <trkpt lat="46.221425" lon="11.123073"><ele>416.4</ele></trkpt>
   <trkpt lat="46.221429" lon="11.123056"><ele>416.0</ele></trkpt>
   <trkpt lat="46.221431" lon="11.123035"><ele>415.4</ele></trkpt>
   <trkpt lat="46.221438" lon="11.122999"><ele>413.8</ele></trkpt>
   <trkpt lat="46.221448" lon="11.122988"><ele>413.0</ele></trkpt>
   <trkpt lat="46.221455" lon="11.122976"><ele>412.4</ele></trkpt>
   <trkpt lat="46.221460" lon="11.122910"><ele>411.4</ele></trkpt>
   <trkpt lat="46.221460" lon="11.122857"><ele>410.0</ele></trkpt>
   <trkpt lat="46.221464" lon="11.122804"><ele>409.0</ele></trkpt>
   <trkpt lat="46.221486" lon="11.122724"><ele>407.2</ele></trkpt>
   <trkpt lat="46.221488" lon="11.122699"><ele>406.6</ele></trkpt>
   <trkpt lat="46.221484" lon="11.122674"><ele>405.8</ele></trkpt>
   <trkpt lat="46.221474" lon="11.122647"><ele>405.2</ele></trkpt>
   <trkpt lat="46.221459" lon="11.122624"><ele>404.8</ele></trkpt>
   <trkpt lat="46.221429" lon="11.122572"><ele>403.6</ele></trkpt>
   <trkpt lat="46.221416" lon="11.122516"><ele>402.0</ele></trkpt>
   <trkpt lat="46.221408" lon="11.122465"><ele>401.0</ele></trkpt>
   <trkpt lat="46.221395" lon="11.122401"><ele>399.6</ele></trkpt>
   <trkpt lat="46.221380" lon="11.122383"><ele>399.0</ele></trkpt>
   <trkpt lat="46.221359" lon="11.122367"><ele>398.4</ele></trkpt>
   <trkpt lat="46.221335" lon="11.122330"><ele>397.2</ele></trkpt>
   <trkpt lat="46.221326" lon="11.122285"><ele>396.2</ele></trkpt>
   <trkpt lat="46.221315" lon="11.122240"><ele>395.2</ele></trkpt>
   <trkpt lat="46.221319" lon="11.122216"><ele>394.8</ele></trkpt>
   <trkpt lat="46.221330" lon="11.122201"><ele>394.6</ele></trkpt>
   <trkpt lat="46.221361" lon="11.122183"><ele>393.6</ele></trkpt>
   <trkpt lat="46.221377" lon="11.122170"><ele>393.0</ele></trkpt>
   <trkpt lat="46.221388" lon="11.122147"><ele>392.4</ele></trkpt>
   <trkpt lat="46.221391" lon="11.122097"><ele>391.0</ele></trkpt>
   <trkpt lat="46.221382" lon="11.122072"><ele>390.4</ele></trkpt>
   <trkpt lat="46.221376" lon="11.122046"><ele>389.8</ele></trkpt>
   <trkpt lat="46.221366" lon="11.121973"><ele>388.2</ele></trkpt>
   <trkpt lat="46.221357" lon="11.121925"><ele>387.0</ele></trkpt>
   <trkpt lat="46.221317" lon="11.121865"><ele>385.8</ele></trkpt>
   <trkpt lat="46.221287" lon="11.121825"><ele>384.6</ele></trkpt>
   <trkpt lat="46.221250" lon="11.121764"><ele>383.2</ele></trkpt>
   <trkpt lat="46.221213" lon="11.121722"><ele>381.6</ele></trkpt>
   <trkpt lat="46.221200" lon="11.121700"><ele>381.0</ele></trkpt>
   <trkpt lat="46.221186" lon="11.121679"><ele>380.4</ele></trkpt>
   <trkpt lat="46.221162" lon="11.121635"><ele>379.4</ele></trkpt>
   <trkpt lat="46.221127" lon="11.121582"><ele>378.0</ele></trkpt>
   <trkpt lat="46.221107" lon="11.121527"><ele>376.6</ele></trkpt>
   <trkpt lat="46.221093" lon="11.121473"><ele>375.4</ele></trkpt>
   <trkpt lat="46.221087" lon="11.121457"><ele>375.0</ele></trkpt>
   <trkpt lat="46.221062" lon="11.121463"><ele>374.2</ele></trkpt>
   <trkpt lat="46.221033" lon="11.121494"><ele>373.2</ele></trkpt>
   <trkpt lat="46.221021" lon="11.121510"><ele>372.8</ele></trkpt>
   <trkpt lat="46.220979" lon="11.121526"><ele>372.0</ele></trkpt>
   <trkpt lat="46.220918" lon="11.121542"><ele>371.0</ele></trkpt>
   <trkpt lat="46.220861" lon="11.121572"><ele>369.6</ele></trkpt>
   <trkpt lat="46.220826" lon="11.121587"><ele>368.4</ele></trkpt>
   <trkpt lat="46.220805" lon="11.121616"><ele>367.2</ele></trkpt>
   <trkpt lat="46.220771" lon="11.121650"><ele>366.2</ele></trkpt>
   <trkpt lat="46.220722" lon="11.121695"><ele>364.8</ele></trkpt>
   <trkpt lat="46.220679" lon="11.121760"><ele>363.4</ele></trkpt>
   <trkpt lat="46.220650" lon="11.121802"><ele>362.2</ele></trkpt>
   <trkpt lat="46.220625" lon="11.121795"><ele>361.2</ele></trkpt>
   <trkpt lat="46.220609" lon="11.121758"><ele>360.2</ele></trkpt>
   <trkpt lat="46.220624" lon="11.121727"><ele>359.0</ele></trkpt>
   <trkpt lat="46.220651" lon="11.121652"><ele>357.8</ele></trkpt>
   <trkpt lat="46.220665" lon="11.121619"><ele>356.6</ele></trkpt>
   <trkpt lat="46.220675" lon="11.121581"><ele>355.6</ele></trkpt>
   <trkpt lat="46.220679" lon="11.121523"><ele>354.8</ele></trkpt>
   <trkpt lat="46.220683" lon="11.121496"><ele>354.6</ele></trkpt>
   <trkpt lat="46.220680" lon="11.121445"><ele>353.4</ele></trkpt>
   <trkpt lat="46.220644" lon="11.121411"><ele>352.0</ele></trkpt>
   <trkpt lat="46.220629" lon="11.121400"><ele>351.4</ele></trkpt>
   <trkpt lat="46.220613" lon="11.121400"><ele>351.0</ele></trkpt>
   <trkpt lat="46.220607" lon="11.121409"><ele>350.6</ele></trkpt>
   <trkpt lat="46.220573" lon="11.121424"><ele>349.8</ele></trkpt>
   <trkpt lat="46.220539" lon="11.121437"><ele>348.4</ele></trkpt>
   <trkpt lat="46.220507" lon="11.121464"><ele>346.8</ele></trkpt>
   <trkpt lat="46.220473" lon="11.121506"><ele>345.2</ele></trkpt>
   <trkpt lat="46.220450" lon="11.121538"><ele>344.2</ele></trkpt>
   <trkpt lat="46.220448" lon="11.121557"><ele>343.6</ele></trkpt>
   <trkpt lat="46.220446" lon="11.121576"><ele>343.0</ele></trkpt>
   <trkpt lat="46.220444" lon="11.121595"><ele>342.6</ele></trkpt>
   <trkpt lat="46.220425" lon="11.121616"><ele>342.0</ele></trkpt>
   <trkpt lat="46.220420" lon="11.121628"><ele>341.8</ele></trkpt>
   <trkpt lat="46.220409" lon="11.121646"><ele>341.4</ele></trkpt>
   <trkpt lat="46.220372" lon="11.121687"><ele>340.2</ele></trkpt>
   <trkpt lat="46.220348" lon="11.121724"><ele>338.6</ele></trkpt>
   <trkpt lat="46.220339" lon="11.121743"><ele>338.0</ele></trkpt>
   <trkpt lat="46.220338" lon="11.121762"><ele>337.4</ele></trkpt>
   <trkpt lat="46.220338" lon="11.121798"><ele>336.8</ele></trkpt>
   <trkpt lat="46.220311" lon="11.121829"><ele>336.6</ele></trkpt>
   <trkpt lat="46.220281" lon="11.121825"><ele>336.4</ele></trkpt>
   <trkpt lat="46.220279" lon="11.121812"><ele>336.2</ele></trkpt>
   <trkpt lat="46.220286" lon="11.121798"><ele>335.8</ele></trkpt>
   <trkpt lat="46.220304" lon="11.121775"><ele>334.8</ele></trkpt>
   <trkpt lat="46.220303" lon="11.121760"><ele>334.4</ele></trkpt>
   <trkpt lat="46.220289" lon="11.121718"><ele>333.2</ele></trkpt>
   <trkpt lat="46.220271" lon="11.121658"><ele>332.2</ele></trkpt>
   <trkpt lat="46.220255" lon="11.121591"><ele>330.8</ele></trkpt>
   <trkpt lat="46.220255" lon="11.121575"><ele>330.4</ele></trkpt>
   <trkpt lat="46.220253" lon="11.121548"><ele>329.4</ele></trkpt>
   <trkpt lat="46.220247" lon="11.121535"><ele>328.8</ele></trkpt>
   <trkpt lat="46.220235" lon="11.121520"><ele>328.2</ele></trkpt>
   <trkpt lat="46.220221" lon="11.121506"><ele>327.8</ele></trkpt>
   <trkpt lat="46.220195" lon="11.121500"><ele>327.0</ele></trkpt>
   <trkpt lat="46.220180" lon="11.121521"><ele>326.0</ele></trkpt>
   <trkpt lat="46.220165" lon="11.121560"><ele>324.6</ele></trkpt>
   <trkpt lat="46.220149" lon="11.121603"><ele>323.4</ele></trkpt>
   <trkpt lat="46.220133" lon="11.121645"><ele>322.4</ele></trkpt>
   <trkpt lat="46.220127" lon="11.121729"><ele>321.2</ele></trkpt>
   <trkpt lat="46.220117" lon="11.121754"><ele>321.0</ele></trkpt>
   <trkpt lat="46.220090" lon="11.121807"><ele>319.8</ele></trkpt>
   <trkpt lat="46.220082" lon="11.121855"><ele>318.6</ele></trkpt>
   <trkpt lat="46.220078" lon="11.121885"><ele>318.2</ele></trkpt>
   <trkpt lat="46.220069" lon="11.121935"><ele>317.6</ele></trkpt>
   <trkpt lat="46.220046" lon="11.121973"><ele>316.8</ele></trkpt>
   <trkpt lat="46.220032" lon="11.121970"><ele>316.4</ele></trkpt>
   <trkpt lat="46.220006" lon="11.121952"><ele>315.2</ele></trkpt>
   <trkpt lat="46.219997" lon="11.121914"><ele>314.2</ele></trkpt>
   <trkpt lat="46.219976" lon="11.121872"><ele>313.2</ele></trkpt>
   <trkpt lat="46.219963" lon="11.121825"><ele>311.8</ele></trkpt>
   <trkpt lat="46.219950" lon="11.121776"><ele>310.6</ele></trkpt>
   <trkpt lat="46.219952" lon="11.121705"><ele>309.2</ele></trkpt>
   <trkpt lat="46.219933" lon="11.121645"><ele>308.2</ele></trkpt>
   <trkpt lat="46.219910" lon="11.121587"><ele>307.0</ele></trkpt>
   <trkpt lat="46.219886" lon="11.121530"><ele>305.8</ele></trkpt>
   <trkpt lat="46.219868" lon="11.121467"><ele>304.6</ele></trkpt>
   <trkpt lat="46.219835" lon="11.121393"><ele>303.6</ele></trkpt>
   <trkpt lat="46.219820" lon="11.121341"><ele>302.2</ele></trkpt>
   <trkpt lat="46.219822" lon="11.121311"><ele>301.6</ele></trkpt>
   <trkpt lat="46.219820" lon="11.121280"><ele>301.0</ele></trkpt>
   <trkpt lat="46.219785" lon="11.121197"><ele>299.6</ele></trkpt>
   <trkpt lat="46.219739" lon="11.121142"><ele>298.4</ele></trkpt>
   <trkpt lat="46.219696" lon="11.121080"><ele>297.0</ele></trkpt>
   <trkpt lat="46.219668" lon="11.121006"><ele>295.6</ele></trkpt>
   <trkpt lat="46.219655" lon="11.120936"><ele>294.6</ele></trkpt>
   <trkpt lat="46.219649" lon="11.120857"><ele>293.4</ele></trkpt>
   <trkpt lat="46.219639" lon="11.120780"><ele>292.0</ele></trkpt>
   <trkpt lat="46.219620" lon="11.120700"><ele>290.6</ele></trkpt>
   <trkpt lat="46.219601" lon="11.120616"><ele>289.6</ele></trkpt>
   <trkpt lat="46.219576" lon="11.120534"><ele>288.2</ele></trkpt>
   <trkpt lat="46.219555" lon="11.120451"><ele>287.0</ele></trkpt>
   <trkpt lat="46.219530" lon="11.120371"><ele>285.8</ele></trkpt>
   <trkpt lat="46.219511" lon="11.120288"><ele>284.4</ele></trkpt>
   <trkpt lat="46.219489" lon="11.120212"><ele>283.2</ele></trkpt>
   <trkpt lat="46.219462" lon="11.120143"><ele>281.8</ele></trkpt>
   <trkpt lat="46.219432" lon="11.120074"><ele>280.6</ele></trkpt>
   <trkpt lat="46.219399" lon="11.119998"><ele>279.2</ele></trkpt>
   <trkpt lat="46.219370" lon="11.119925"><ele>278.2</ele></trkpt>
   <trkpt lat="46.219334" lon="11.119828"><ele>276.8</ele></trkpt>
   <trkpt lat="46.219306" lon="11.119759"><ele>275.4</ele></trkpt>
   <trkpt lat="46.219277" lon="11.119685"><ele>274.0</ele></trkpt>
   <trkpt lat="46.219259" lon="11.119608"><ele>272.6</ele></trkpt>
   <trkpt lat="46.219219" lon="11.119496"><ele>271.2</ele></trkpt>
   <trkpt lat="46.219191" lon="11.119425"><ele>270.2</ele></trkpt>
   <trkpt lat="46.219130" lon="11.119326"><ele>268.6</ele></trkpt>
   <trkpt lat="46.219103" lon="11.119251"><ele>267.6</ele></trkpt>
   <trkpt lat="46.219076" lon="11.119161"><ele>266.2</ele></trkpt>
   <trkpt lat="46.219048" lon="11.119083"><ele>265.0</ele></trkpt>
   <trkpt lat="46.219022" lon="11.119023"><ele>263.6</ele></trkpt>
   <trkpt lat="46.219008" lon="11.118962"><ele>262.2</ele></trkpt>
   <trkpt lat="46.218991" lon="11.118929"><ele>261.2</ele></trkpt>
   <trkpt lat="46.218916" lon="11.118841"><ele>259.8</ele></trkpt>
   <trkpt lat="46.218808" lon="11.118777"><ele>258.4</ele></trkpt>
   <trkpt lat="46.218697" lon="11.118737"><ele>257.2</ele></trkpt>
   <trkpt lat="46.218566" lon="11.118675"><ele>256.2</ele></trkpt>
   <trkpt lat="46.218384" lon="11.118602"><ele>255.0</ele></trkpt>
   <trkpt lat="46.218251" lon="11.118565"><ele>253.6</ele></trkpt>
   <trkpt lat="46.218160" lon="11.118555"><ele>252.4</ele></trkpt>
   <trkpt lat="46.218102" lon="11.118543"><ele>251.4</ele></trkpt>
   <trkpt lat="46.218015" lon="11.118527"><ele>250.2</ele></trkpt>
   <trkpt lat="46.217893" lon="11.118517"><ele>248.8</ele></trkpt>
   <trkpt lat="46.217832" lon="11.118513"><ele>247.8</ele></trkpt>
   <trkpt lat="46.217779" lon="11.118505"><ele>246.4</ele></trkpt>
   <trkpt lat="46.217664" lon="11.118490"><ele>245.0</ele></trkpt>
   <trkpt lat="46.217600" lon="11.118481"><ele>243.8</ele></trkpt>
   <trkpt lat="46.217549" lon="11.118478"><ele>242.8</ele></trkpt>
   <trkpt lat="46.217463" lon="11.118465"><ele>241.6</ele></trkpt>
   <trkpt lat="46.217412" lon="11.118449"><ele>240.4</ele></trkpt>
  </trkseg>
 </trk>
</gpx>
